{"level":"info","message":"Starting token cleanup job","service":"preplyte-api","timestamp":"2026-02-20 15:04:35"}
{"count":0,"level":"info","message":"Cleaned up expired tokens","service":"preplyte-api","timestamp":"2026-02-20 15:04:36"}
{"level":"info","message":"Token cleanup completed","service":"preplyte-api","timestamp":"2026-02-20 15:04:36","tokensRemoved":0}
{"baseURL":"https://judge0-ce.p.rapidapi.com","level":"info","message":"Judge0 client initialized","service":"preplyte-api","timestamp":"2026-02-20 15:26:42","useRapidAPI":true}
{"level":"info","message":"[TTS] Using Deepgram for text-to-speech","service":"preplyte-api","timestamp":"2026-02-20 15:26:42"}
{"keyLength":39,"keyPrefix":"AIzaSyC7yj...","level":"info","message":"Gemini API Key loaded:","service":"preplyte-api","timestamp":"2026-02-20 15:26:43"}
{"environment":"development","host":"0.0.0.0","level":"info","message":"Starting server...","port":4000,"service":"preplyte-api","timestamp":"2026-02-20 15:26:43"}
{"level":"info","message":"Checking database connection...","service":"preplyte-api","timestamp":"2026-02-20 15:26:43"}
{"level":"info","message":"✅ Database connected successfully","service":"preplyte-api","timestamp":"2026-02-20 15:26:43"}
{"level":"info","message":"[WS Gateway] WebSocket server initialized","path":"/ws/interview/:sessionId","service":"preplyte-api","timestamp":"2026-02-20 15:26:43"}
{"address":"0.0.0.0","code":"EADDRINUSE","errno":-4091,"level":"error","message":"Uncaught Exception listen EADDRINUSE: address already in use 0.0.0.0:4000","port":4000,"service":"preplyte-api","stack":"Error: listen EADDRINUSE: address already in use 0.0.0.0:4000\n    at Server.setupListenHandle [as _listen2] (node:net:1908:16)\n    at listenInCluster (node:net:1965:12)\n    at doListen (node:net:2139:7)\n    at process.processTicksAndRejections (node:internal/process/task_queues:83:21)","syscall":"listen","timestamp":"2026-02-20 15:26:43"}
{"baseURL":"https://judge0-ce.p.rapidapi.com","level":"info","message":"Judge0 client initialized","service":"preplyte-api","timestamp":"2026-02-20 15:28:57","useRapidAPI":true}
{"level":"info","message":"[TTS] Using Deepgram for text-to-speech","service":"preplyte-api","timestamp":"2026-02-20 15:28:57"}
{"keyLength":39,"keyPrefix":"AIzaSyC7yj...","level":"info","message":"Gemini API Key loaded:","service":"preplyte-api","timestamp":"2026-02-20 15:28:57"}
{"environment":"development","host":"0.0.0.0","level":"info","message":"Starting server...","port":4000,"service":"preplyte-api","timestamp":"2026-02-20 15:28:57"}
{"level":"info","message":"Checking database connection...","service":"preplyte-api","timestamp":"2026-02-20 15:28:57"}
{"level":"info","message":"✅ Database connected successfully","service":"preplyte-api","timestamp":"2026-02-20 15:28:58"}
{"level":"info","message":"[WS Gateway] WebSocket server initialized","path":"/ws/interview/:sessionId","service":"preplyte-api","timestamp":"2026-02-20 15:28:58"}
{"api":"http://localhost:4000/api","environment":"development","health":"http://localhost:4000/health","host":"0.0.0.0","level":"info","message":"🚀 Server running","port":4000,"service":"preplyte-api","timestamp":"2026-02-20 15:28:58","websocket":"ws://localhost:4000/ws/interview/:sessionId"}
{"intervalHours":24,"level":"info","message":"Starting token cleanup scheduler","service":"preplyte-api","timestamp":"2026-02-20 15:28:58"}
{"level":"info","message":"Starting token cleanup job","service":"preplyte-api","timestamp":"2026-02-20 15:28:58"}
{"count":0,"level":"info","message":"Cleaned up expired tokens","service":"preplyte-api","timestamp":"2026-02-20 15:28:58"}
{"level":"info","message":"Token cleanup completed","service":"preplyte-api","timestamp":"2026-02-20 15:28:58","tokensRemoved":0}
{"level":"info","message":"\u001b[0mGET /api/admin/institutes?limit=100 \u001b[33m401\u001b[0m 12.690 ms - 108\u001b[0m","service":"preplyte-api","timestamp":"2026-02-20 15:30:13"}
{"level":"info","message":"\u001b[0mGET /api/admin/users?page=1&limit=10&sortBy=createdAt&sortOrder=desc \u001b[33m401\u001b[0m 1.754 ms - 108\u001b[0m","service":"preplyte-api","timestamp":"2026-02-20 15:30:13"}
{"level":"info","message":"\u001b[0mGET /api/admin/institutes?limit=100 \u001b[33m401\u001b[0m 1.042 ms - 108\u001b[0m","service":"preplyte-api","timestamp":"2026-02-20 15:30:13"}
{"level":"info","message":"\u001b[0mGET /api/admin/users?page=1&limit=10&sortBy=createdAt&sortOrder=desc \u001b[33m401\u001b[0m 1.657 ms - 108\u001b[0m","service":"preplyte-api","timestamp":"2026-02-20 15:30:13"}
{"level":"warn","message":"Refresh token not found in database","service":"preplyte-api","timestamp":"2026-02-20 15:30:13","userId":"cmk871jpu00012cs2nda1qjcd"}
{"code":"UNAUTHORIZED","ip":"127.0.0.1","level":"warn","message":"Operational error Invalid refresh token","method":"POST","path":"/api/auth/refresh","requestId":"mlupy9i2-bbaf48d1540c3381","service":"preplyte-api","timestamp":"2026-02-20 15:30:13","userAgent":"Mozilla/5.0 (Windows NT 10.0; Win64; x64) AppleWebKit/537.36 (KHTML, like Gecko) Chrome/144.0.0.0 Safari/537.36 Edg/144.0.0.0"}
{"level":"info","message":"\u001b[0mPOST /api/auth/refresh \u001b[33m401\u001b[0m 114.054 ms - 123\u001b[0m","service":"preplyte-api","timestamp":"2026-02-20 15:30:13"}
{"code":"UNAUTHORIZED","ip":"127.0.0.1","level":"warn","message":"Operational error Invalid email or password","method":"POST","path":"/api/auth/login","requestId":"c4e95319-37bc-449a-a5d2-00ee9b9c5cad","service":"preplyte-api","timestamp":"2026-02-20 15:32:50","userAgent":"Mozilla/5.0 (Windows NT 10.0; Win64; x64) AppleWebKit/537.36 (KHTML, like Gecko) Chrome/144.0.0.0 Safari/537.36 Edg/144.0.0.0"}
{"level":"info","message":"\u001b[0mPOST /api/auth/login \u001b[33m401\u001b[0m 40.533 ms - 138\u001b[0m","service":"preplyte-api","timestamp":"2026-02-20 15:32:50"}
{"baseURL":"https://judge0-ce.p.rapidapi.com","level":"info","message":"Judge0 client initialized","service":"preplyte-api","timestamp":"2026-02-20 15:33:34","useRapidAPI":true}
{"level":"info","message":"[TTS] Using Deepgram for text-to-speech","service":"preplyte-api","timestamp":"2026-02-20 15:33:34"}
{"keyLength":39,"keyPrefix":"AIzaSyC7yj...","level":"info","message":"Gemini API Key loaded:","service":"preplyte-api","timestamp":"2026-02-20 15:33:34"}
{"environment":"development","host":"0.0.0.0","level":"info","message":"Starting server...","port":4000,"service":"preplyte-api","timestamp":"2026-02-20 15:33:34"}
{"level":"info","message":"Checking database connection...","service":"preplyte-api","timestamp":"2026-02-20 15:33:34"}
{"level":"info","message":"✅ Database connected successfully","service":"preplyte-api","timestamp":"2026-02-20 15:33:34"}
{"level":"info","message":"[WS Gateway] WebSocket server initialized","path":"/ws/interview/:sessionId","service":"preplyte-api","timestamp":"2026-02-20 15:33:34"}
{"api":"http://localhost:4000/api","environment":"development","health":"http://localhost:4000/health","host":"0.0.0.0","level":"info","message":"🚀 Server running","port":4000,"service":"preplyte-api","timestamp":"2026-02-20 15:33:34","websocket":"ws://localhost:4000/ws/interview/:sessionId"}
{"intervalHours":24,"level":"info","message":"Starting token cleanup scheduler","service":"preplyte-api","timestamp":"2026-02-20 15:33:34"}
{"level":"info","message":"Starting token cleanup job","service":"preplyte-api","timestamp":"2026-02-20 15:33:34"}
{"count":0,"level":"info","message":"Cleaned up expired tokens","service":"preplyte-api","timestamp":"2026-02-20 15:33:34"}
{"level":"info","message":"Token cleanup completed","service":"preplyte-api","timestamp":"2026-02-20 15:33:34","tokensRemoved":0}
{"baseURL":"https://judge0-ce.p.rapidapi.com","level":"info","message":"Judge0 client initialized","service":"preplyte-api","timestamp":"2026-02-20 15:38:06","useRapidAPI":true}
{"level":"info","message":"[TTS] Using Deepgram for text-to-speech","service":"preplyte-api","timestamp":"2026-02-20 15:38:06"}
{"keyLength":39,"keyPrefix":"AIzaSyC7yj...","level":"info","message":"Gemini API Key loaded:","service":"preplyte-api","timestamp":"2026-02-20 15:38:06"}
{"environment":"development","host":"0.0.0.0","level":"info","message":"Starting server...","port":4000,"service":"preplyte-api","timestamp":"2026-02-20 15:38:06"}
{"level":"info","message":"Checking database connection...","service":"preplyte-api","timestamp":"2026-02-20 15:38:06"}
{"level":"info","message":"✅ Database connected successfully","service":"preplyte-api","timestamp":"2026-02-20 15:38:06"}
{"level":"info","message":"[WS Gateway] WebSocket server initialized","path":"/ws/interview/:sessionId","service":"preplyte-api","timestamp":"2026-02-20 15:38:06"}
{"api":"http://localhost:4000/api","environment":"development","health":"http://localhost:4000/health","host":"0.0.0.0","level":"info","message":"🚀 Server running","port":4000,"service":"preplyte-api","timestamp":"2026-02-20 15:38:06","websocket":"ws://localhost:4000/ws/interview/:sessionId"}
{"intervalHours":24,"level":"info","message":"Starting token cleanup scheduler","service":"preplyte-api","timestamp":"2026-02-20 15:38:06"}
{"level":"info","message":"Starting token cleanup job","service":"preplyte-api","timestamp":"2026-02-20 15:38:06"}
{"count":0,"level":"info","message":"Cleaned up expired tokens","service":"preplyte-api","timestamp":"2026-02-20 15:38:06"}
{"level":"info","message":"Token cleanup completed","service":"preplyte-api","timestamp":"2026-02-20 15:38:06","tokensRemoved":0}
{"baseURL":"https://judge0-ce.p.rapidapi.com","level":"info","message":"Judge0 client initialized","service":"preplyte-api","timestamp":"2026-02-20 15:39:27","useRapidAPI":true}
{"level":"info","message":"[TTS] Using Deepgram for text-to-speech","service":"preplyte-api","timestamp":"2026-02-20 15:39:27"}
{"keyLength":39,"keyPrefix":"AIzaSyC7yj...","level":"info","message":"Gemini API Key loaded:","service":"preplyte-api","timestamp":"2026-02-20 15:39:27"}
{"environment":"development","host":"0.0.0.0","level":"info","message":"Starting server...","port":4000,"service":"preplyte-api","timestamp":"2026-02-20 15:39:27"}
{"level":"info","message":"Checking database connection...","service":"preplyte-api","timestamp":"2026-02-20 15:39:27"}
{"level":"info","message":"✅ Database connected successfully","service":"preplyte-api","timestamp":"2026-02-20 15:39:27"}
{"level":"info","message":"[WS Gateway] WebSocket server initialized","path":"/ws/interview/:sessionId","service":"preplyte-api","timestamp":"2026-02-20 15:39:27"}
{"api":"http://localhost:4000/api","environment":"development","health":"http://localhost:4000/health","host":"0.0.0.0","level":"info","message":"🚀 Server running","port":4000,"service":"preplyte-api","timestamp":"2026-02-20 15:39:27","websocket":"ws://localhost:4000/ws/interview/:sessionId"}
{"intervalHours":24,"level":"info","message":"Starting token cleanup scheduler","service":"preplyte-api","timestamp":"2026-02-20 15:39:27"}
{"level":"info","message":"Starting token cleanup job","service":"preplyte-api","timestamp":"2026-02-20 15:39:27"}
{"count":0,"level":"info","message":"Cleaned up expired tokens","service":"preplyte-api","timestamp":"2026-02-20 15:39:27"}
{"level":"info","message":"Token cleanup completed","service":"preplyte-api","timestamp":"2026-02-20 15:39:27","tokensRemoved":0}
{"level":"info","message":"User logged in","service":"preplyte-api","timestamp":"2026-02-20 15:40:33","userId":"cmluqaidk0003zwnltac2vpan"}
{"level":"info","message":"\u001b[0mPOST /api/auth/login \u001b[32m200\u001b[0m 303.038 ms - -\u001b[0m","service":"preplyte-api","timestamp":"2026-02-20 15:40:33"}
{"level":"info","message":"\u001b[0mGET /api/dashboard/institute-admin \u001b[32m200\u001b[0m 91.985 ms - 223\u001b[0m","service":"preplyte-api","timestamp":"2026-02-20 15:40:50"}
{"level":"info","message":"\u001b[0mGET /api/institute/mock-drive?page=1&limit=10&sortBy=createdAt&sortOrder=desc \u001b[32m200\u001b[0m 91.975 ms - 178\u001b[0m","service":"preplyte-api","timestamp":"2026-02-20 15:40:56"}
{"level":"info","message":"\u001b[0mGET /api/institute/mock-drive/students?page=1&limit=10&sortOrder=desc \u001b[32m200\u001b[0m 63.068 ms - -\u001b[0m","service":"preplyte-api","timestamp":"2026-02-20 15:41:01"}
{"level":"info","message":"\u001b[0mGET /api/institute/departments/stats \u001b[32m200\u001b[0m 80.568 ms - 138\u001b[0m","service":"preplyte-api","timestamp":"2026-02-20 15:41:08"}
{"level":"info","message":"\u001b[0mGET /api/institute/departments?page=1&limit=10&sortBy=name&sortOrder=asc&search= \u001b[32m200\u001b[0m 111.046 ms - 118\u001b[0m","service":"preplyte-api","timestamp":"2026-02-20 15:41:08"}
{"level":"info","message":"\u001b[0mGET /api/institute/departments?page=1&limit=10&sortBy=name&sortOrder=asc \u001b[32m200\u001b[0m 113.927 ms - 118\u001b[0m","service":"preplyte-api","timestamp":"2026-02-20 15:41:08"}
{"instituteId":"c1d2e3f4g5h6i7j8k9l0","level":"info","message":"[DepartmentService] Creating department","name":"Information Technology","service":"preplyte-api","timestamp":"2026-02-20 15:41:40"}
{"departmentId":"cmluqd00f0003p3qcf6a0wh7j","instituteId":"c1d2e3f4g5h6i7j8k9l0","level":"info","message":"[DepartmentService] Department created","service":"preplyte-api","timestamp":"2026-02-20 15:41:41"}
{"level":"info","message":"\u001b[0mPOST /api/institute/departments \u001b[32m201\u001b[0m 60.358 ms - 276\u001b[0m","service":"preplyte-api","timestamp":"2026-02-20 15:41:41"}
{"level":"info","message":"\u001b[0mGET /api/institute/departments?page=1&limit=10&sortBy=name&sortOrder=asc&search= \u001b[32m200\u001b[0m 18.959 ms - 326\u001b[0m","service":"preplyte-api","timestamp":"2026-02-20 15:41:41"}
{"level":"info","message":"\u001b[0mGET /api/institute/departments/stats \u001b[32m200\u001b[0m 15.988 ms - 263\u001b[0m","service":"preplyte-api","timestamp":"2026-02-20 15:41:41"}
{"instituteId":"c1d2e3f4g5h6i7j8k9l0","level":"info","message":"[DepartmentService] Creating department","name":"Computer Science","service":"preplyte-api","timestamp":"2026-02-20 15:42:00"}
{"departmentId":"cmluqdfdz0005p3qcaw1sfb6y","instituteId":"c1d2e3f4g5h6i7j8k9l0","level":"info","message":"[DepartmentService] Department created","service":"preplyte-api","timestamp":"2026-02-20 15:42:00"}
{"level":"info","message":"\u001b[0mPOST /api/institute/departments \u001b[32m201\u001b[0m 64.281 ms - 270\u001b[0m","service":"preplyte-api","timestamp":"2026-02-20 15:42:00"}
{"level":"info","message":"\u001b[0mGET /api/institute/departments?page=1&limit=10&sortBy=name&sortOrder=asc&search= \u001b[32m200\u001b[0m 23.444 ms - 529\u001b[0m","service":"preplyte-api","timestamp":"2026-02-20 15:42:00"}
{"level":"info","message":"\u001b[0mGET /api/institute/departments/stats \u001b[32m200\u001b[0m 21.162 ms - 383\u001b[0m","service":"preplyte-api","timestamp":"2026-02-20 15:42:01"}
{"email":"vu4f2223067@pvppcoe.ac.in","level":"info","message":"User registered","service":"preplyte-api","timestamp":"2026-02-20 15:43:51","userId":"cmluqfswb0007p3qckrd6vla6"}
{"level":"info","message":"\u001b[0mPOST /api/auth/register \u001b[32m201\u001b[0m 424.626 ms - 368\u001b[0m","service":"preplyte-api","timestamp":"2026-02-20 15:43:51"}
{"level":"info","message":"User logged in","service":"preplyte-api","timestamp":"2026-02-20 15:44:04","userId":"cmluqfswb0007p3qckrd6vla6"}
{"level":"info","message":"\u001b[0mPOST /api/auth/login \u001b[32m200\u001b[0m 376.839 ms - -\u001b[0m","service":"preplyte-api","timestamp":"2026-02-20 15:44:04"}
{"level":"info","message":"\u001b[0mGET /api/dashboard/student \u001b[32m200\u001b[0m 223.637 ms - 878\u001b[0m","service":"preplyte-api","timestamp":"2026-02-20 15:44:07"}
{"level":"info","message":"\u001b[0mGET /api/profile \u001b[32m200\u001b[0m 74.805 ms - 735\u001b[0m","service":"preplyte-api","timestamp":"2026-02-20 15:44:23"}
{"level":"info","message":"[ProfileService] Creating student profile","service":"preplyte-api","timestamp":"2026-02-20 15:45:06","userId":"cmluqfswb0007p3qckrd6vla6"}
{"level":"info","message":"[ProfileService] Student profile created","profileId":"cmluqhe91000bp3qcl7mcfpfz","service":"preplyte-api","timestamp":"2026-02-20 15:45:06","userId":"cmluqfswb0007p3qckrd6vla6"}
{"level":"info","message":"\u001b[0mPOST /api/profile/student \u001b[32m201\u001b[0m 64.438 ms - 562\u001b[0m","service":"preplyte-api","timestamp":"2026-02-20 15:45:06"}
{"fileName":"Sarvesh_Bhoite_9136870930.pdf (1).pdf","level":"info","message":"[ProfileService] Uploading resume","service":"preplyte-api","timestamp":"2026-02-20 15:45:21","userId":"cmluqfswb0007p3qckrd6vla6"}
{"level":"info","message":"[ProfileService] Resume uploaded","resumeId":"cmluqhsl0000ep3qc13cnb0jt","service":"preplyte-api","timestamp":"2026-02-20 15:45:24","userId":"cmluqfswb0007p3qckrd6vla6"}
{"level":"info","message":"\u001b[0mPOST /api/profile/resumes \u001b[32m201\u001b[0m 3598.948 ms - 473\u001b[0m","service":"preplyte-api","timestamp":"2026-02-20 15:45:24"}
{"level":"info","message":"\u001b[0mGET /api/mock-drives?page=1&limit=10&status=PUBLISHED%2CREGISTRATION_OPEN%2CREGISTRATION_CLOSED%2CIN_PROGRESS \u001b[36m304\u001b[0m 73.436 ms - -\u001b[0m","service":"preplyte-api","timestamp":"2026-02-20 15:45:32"}
{"level":"info","message":"\u001b[0mGET /api/leaderboard/config \u001b[32m200\u001b[0m 12.795 ms - 1011\u001b[0m","service":"preplyte-api","timestamp":"2026-02-20 15:45:38"}
{"category":"overall","level":"info","limit":20,"message":"[LeaderboardService] Fetching leaderboard","page":1,"scope":"global","service":"preplyte-api","timestamp":"2026-02-20 15:45:38","userId":"cmluqfswb0007p3qckrd6vla6"}
{"level":"info","message":"\u001b[0mGET /api/leaderboard?scope=global&category=overall&page=1&limit=20 \u001b[32m200\u001b[0m 95.233 ms - 503\u001b[0m","service":"preplyte-api","timestamp":"2026-02-20 15:45:38"}
{"level":"info","message":"\u001b[0mGET /api/leaderboard/my-scores \u001b[32m200\u001b[0m 61.752 ms - 144\u001b[0m","service":"preplyte-api","timestamp":"2026-02-20 15:45:38"}
{"category":"overall","level":"info","limit":20,"message":"[LeaderboardService] Fetching leaderboard","page":1,"scope":"institute","service":"preplyte-api","timestamp":"2026-02-20 15:45:44","userId":"cmluqfswb0007p3qckrd6vla6"}
{"level":"info","message":"\u001b[0mGET /api/leaderboard?scope=institute&category=overall&page=1&limit=20 \u001b[32m200\u001b[0m 51.768 ms - 506\u001b[0m","service":"preplyte-api","timestamp":"2026-02-20 15:45:44"}
{"level":"info","message":"\u001b[0mGET /api/dashboard/student \u001b[33m401\u001b[0m 1.103 ms - 108\u001b[0m","service":"preplyte-api","timestamp":"2026-02-20 15:46:22"}
{"level":"warn","message":"Refresh token not found in database","service":"preplyte-api","timestamp":"2026-02-20 15:46:23","userId":"cmkb4yuhx0005osc8cs2zmup7"}
{"code":"UNAUTHORIZED","ip":"127.0.0.1","level":"warn","message":"Operational error Invalid refresh token","method":"POST","path":"/api/auth/refresh","requestId":"mluqj1li-3092b2c2c14d53be","service":"preplyte-api","timestamp":"2026-02-20 15:46:23","userAgent":"Mozilla/5.0 (Windows NT 10.0; Win64; x64) AppleWebKit/537.36 (KHTML, like Gecko) Chrome/144.0.0.0 Safari/537.36 Edg/144.0.0.0"}
{"level":"info","message":"\u001b[0mPOST /api/auth/refresh \u001b[33m401\u001b[0m 22.021 ms - 123\u001b[0m","service":"preplyte-api","timestamp":"2026-02-20 15:46:23"}
{"email":"vu4f2223062@pvppcoe.ac.in","level":"info","message":"User registered","service":"preplyte-api","timestamp":"2026-02-20 15:48:25","userId":"cmluqlns4000gp3qc2r9ju34o"}
{"level":"info","message":"\u001b[0mPOST /api/auth/register \u001b[32m201\u001b[0m 347.745 ms - 368\u001b[0m","service":"preplyte-api","timestamp":"2026-02-20 15:48:25"}
{"level":"info","message":"User logged in","service":"preplyte-api","timestamp":"2026-02-20 15:48:49","userId":"cmluqlns4000gp3qc2r9ju34o"}
{"level":"info","message":"\u001b[0mPOST /api/auth/login \u001b[32m200\u001b[0m 341.800 ms - -\u001b[0m","service":"preplyte-api","timestamp":"2026-02-20 15:48:49"}
{"level":"info","message":"\u001b[0mGET /api/dashboard/student \u001b[32m200\u001b[0m 146.795 ms - 878\u001b[0m","service":"preplyte-api","timestamp":"2026-02-20 15:48:50"}
{"level":"info","message":"\u001b[0mGET /api/institute/departments/stats \u001b[32m200\u001b[0m 38.298 ms - 383\u001b[0m","service":"preplyte-api","timestamp":"2026-02-20 15:49:03"}
{"level":"info","message":"\u001b[0mGET /api/institute/departments?page=1&limit=10&sortBy=name&sortOrder=asc&search= \u001b[32m200\u001b[0m 39.627 ms - 529\u001b[0m","service":"preplyte-api","timestamp":"2026-02-20 15:49:03"}
{"level":"info","message":"\u001b[0mGET /api/institute/departments?page=1&limit=10&sortBy=name&sortOrder=asc \u001b[32m200\u001b[0m 42.664 ms - 529\u001b[0m","service":"preplyte-api","timestamp":"2026-02-20 15:49:03"}
{"level":"info","message":"\u001b[0mGET /api/profile \u001b[32m200\u001b[0m 31.539 ms - 735\u001b[0m","service":"preplyte-api","timestamp":"2026-02-20 15:49:26"}
{"level":"info","message":"[ProfileService] Creating student profile","service":"preplyte-api","timestamp":"2026-02-20 15:52:14","userId":"cmluqlns4000gp3qc2r9ju34o"}
{"level":"info","message":"[ProfileService] Student profile created","profileId":"cmluqql7d000kp3qcgrfiza5c","service":"preplyte-api","timestamp":"2026-02-20 15:52:15","userId":"cmluqlns4000gp3qc2r9ju34o"}
{"level":"info","message":"\u001b[0mPOST /api/profile/student \u001b[32m201\u001b[0m 45.759 ms - 562\u001b[0m","service":"preplyte-api","timestamp":"2026-02-20 15:52:15"}
{"level":"info","message":"\u001b[0mGET /api/institute/mock-drive/students?page=1&limit=10&sortOrder=desc \u001b[32m200\u001b[0m 33.223 ms - -\u001b[0m","service":"preplyte-api","timestamp":"2026-02-20 15:52:26"}
{"level":"info","message":"\u001b[0mGET /api/dashboard/student/cmluqfswb0007p3qckrd6vla6 \u001b[32m200\u001b[0m 221.413 ms - -\u001b[0m","service":"preplyte-api","timestamp":"2026-02-20 15:52:37"}
{"level":"info","message":"User logged in","service":"preplyte-api","timestamp":"2026-02-20 15:54:08","userId":"cmluqaibn0001zwnllj3mgc36"}
{"level":"info","message":"\u001b[0mPOST /api/auth/login \u001b[32m200\u001b[0m 127.461 ms - 986\u001b[0m","service":"preplyte-api","timestamp":"2026-02-20 15:54:08"}
{"level":"info","message":"\u001b[0mGET /api/admin/institutes?page=1&limit=10&sortBy=createdAt&sortOrder=desc \u001b[32m200\u001b[0m 116.482 ms - 366\u001b[0m","service":"preplyte-api","timestamp":"2026-02-20 15:55:04"}
{"level":"info","message":"\u001b[0mGET /api/admin/analytics \u001b[32m200\u001b[0m 194.509 ms - -\u001b[0m","service":"preplyte-api","timestamp":"2026-02-20 15:55:04"}
{"level":"info","message":"\u001b[0mGET /api/admin/institutes?page=1&limit=10&sortBy=createdAt&sortOrder=desc \u001b[36m304\u001b[0m 27.830 ms - -\u001b[0m","service":"preplyte-api","timestamp":"2026-02-20 15:55:05"}
{"level":"info","message":"\u001b[0mGET /api/admin/institutes?page=1&limit=5&sortBy=createdAt&sortOrder=desc \u001b[32m200\u001b[0m 72.151 ms - 365\u001b[0m","service":"preplyte-api","timestamp":"2026-02-20 15:55:05"}
{"level":"info","message":"\u001b[0mGET /api/admin/analytics \u001b[36m304\u001b[0m 77.337 ms - -\u001b[0m","service":"preplyte-api","timestamp":"2026-02-20 15:55:05"}
{"level":"info","message":"\u001b[0mGET /api/admin/institutes?page=1&limit=5&sortBy=createdAt&sortOrder=desc \u001b[36m304\u001b[0m 18.356 ms - -\u001b[0m","service":"preplyte-api","timestamp":"2026-02-20 15:55:05"}
{"level":"info","message":"\u001b[0mGET /api/admin/institutes?page=1&limit=10&sortBy=createdAt&sortOrder=desc \u001b[36m304\u001b[0m 18.162 ms - -\u001b[0m","service":"preplyte-api","timestamp":"2026-02-20 15:55:24"}
{"level":"info","message":"\u001b[0mGET /api/admin/institutes?page=1&limit=10&sortBy=createdAt&sortOrder=desc \u001b[36m304\u001b[0m 34.727 ms - -\u001b[0m","service":"preplyte-api","timestamp":"2026-02-20 15:55:24"}
{"level":"info","message":"\u001b[0mGET /api/admin/lms/analytics/overview \u001b[32m200\u001b[0m 116.430 ms - 769\u001b[0m","service":"preplyte-api","timestamp":"2026-02-20 15:55:39"}
{"level":"info","message":"\u001b[0mGET /api/admin/lms/courses?page=1&limit=10&search= \u001b[32m200\u001b[0m 25.832 ms - -\u001b[0m","service":"preplyte-api","timestamp":"2026-02-20 15:55:58"}
{"level":"info","message":"\u001b[0mDELETE /api/admin/lms/courses/cmluqamzj00x4zwnlk67qjbml \u001b[32m204\u001b[0m 80.587 ms - -\u001b[0m","service":"preplyte-api","timestamp":"2026-02-20 15:56:01"}
{"level":"info","message":"\u001b[0mGET /api/admin/lms/courses?page=1&limit=10&search= \u001b[32m200\u001b[0m 8.873 ms - 26\u001b[0m","service":"preplyte-api","timestamp":"2026-02-20 15:56:01"}
{"level":"info","message":"\u001b[0mGET /api/admin/lms/courses?page=1&limit=10&search= \u001b[36m304\u001b[0m 57.555 ms - -\u001b[0m","service":"preplyte-api","timestamp":"2026-02-20 15:57:59"}
{"level":"info","message":"\u001b[0mGET /api/institute/mock-drive?page=1&limit=10&sortBy=createdAt&sortOrder=desc \u001b[33m401\u001b[0m 0.790 ms - 108\u001b[0m","service":"preplyte-api","timestamp":"2026-02-20 16:04:39"}
{"level":"info","message":"Token refreshed successfully","service":"preplyte-api","timestamp":"2026-02-20 16:04:39","userId":"cmluqaidk0003zwnltac2vpan"}
{"level":"info","message":"\u001b[0mPOST /api/auth/refresh \u001b[32m200\u001b[0m 74.531 ms - -\u001b[0m","service":"preplyte-api","timestamp":"2026-02-20 16:04:39"}
{"level":"info","message":"\u001b[0mGET /api/institute/mock-drive?page=1&limit=10&sortBy=createdAt&sortOrder=desc \u001b[36m304\u001b[0m 99.701 ms - -\u001b[0m","service":"preplyte-api","timestamp":"2026-02-20 16:04:39"}
{"level":"info","message":"\u001b[0mGET /api/profile/student \u001b[33m401\u001b[0m 2.179 ms - 108\u001b[0m","service":"preplyte-api","timestamp":"2026-02-20 16:12:56"}
{"level":"info","message":"\u001b[0mGET /api/profile/student \u001b[33m401\u001b[0m 0.606 ms - 108\u001b[0m","service":"preplyte-api","timestamp":"2026-02-20 16:12:56"}
{"level":"info","message":"Token refreshed successfully","service":"preplyte-api","timestamp":"2026-02-20 16:12:56","userId":"cmluqlns4000gp3qc2r9ju34o"}
{"level":"info","message":"\u001b[0mPOST /api/auth/refresh \u001b[32m200\u001b[0m 58.526 ms - -\u001b[0m","service":"preplyte-api","timestamp":"2026-02-20 16:12:56"}
{"level":"info","message":"\u001b[0mGET /api/profile/student \u001b[32m200\u001b[0m 15.212 ms - 513\u001b[0m","service":"preplyte-api","timestamp":"2026-02-20 16:12:56"}
{"level":"info","message":"\u001b[0mGET /api/profile/student \u001b[36m304\u001b[0m 10.255 ms - -\u001b[0m","service":"preplyte-api","timestamp":"2026-02-20 16:12:56"}
{"level":"info","message":"[ProfileService] Updating student profile","service":"preplyte-api","timestamp":"2026-02-20 16:13:06","userId":"cmluqlns4000gp3qc2r9ju34o"}
{"level":"info","message":"[ProfileService] Student profile updated","service":"preplyte-api","timestamp":"2026-02-20 16:13:06","userId":"cmluqlns4000gp3qc2r9ju34o"}
{"level":"info","message":"\u001b[0mPATCH /api/profile/student \u001b[32m200\u001b[0m 58.393 ms - 558\u001b[0m","service":"preplyte-api","timestamp":"2026-02-20 16:13:06"}
{"level":"info","message":"\u001b[0mGET /api/profile/student \u001b[32m200\u001b[0m 12.047 ms - 509\u001b[0m","service":"preplyte-api","timestamp":"2026-02-20 16:13:06"}
{"level":"info","message":"[ProfileService] Updating student profile","service":"preplyte-api","timestamp":"2026-02-20 16:13:13","userId":"cmluqlns4000gp3qc2r9ju34o"}
{"level":"info","message":"[ProfileService] Student profile updated","service":"preplyte-api","timestamp":"2026-02-20 16:13:13","userId":"cmluqlns4000gp3qc2r9ju34o"}
{"level":"info","message":"\u001b[0mPATCH /api/profile/student \u001b[32m200\u001b[0m 39.697 ms - 558\u001b[0m","service":"preplyte-api","timestamp":"2026-02-20 16:13:13"}
{"level":"info","message":"\u001b[0mGET /api/profile/student \u001b[32m200\u001b[0m 7.919 ms - 509\u001b[0m","service":"preplyte-api","timestamp":"2026-02-20 16:13:13"}
{"level":"info","message":"\u001b[0mGET /api/profile/student \u001b[36m304\u001b[0m 14.905 ms - -\u001b[0m","service":"preplyte-api","timestamp":"2026-02-20 16:13:24"}
{"level":"info","message":"\u001b[0mGET /api/profile/student \u001b[36m304\u001b[0m 15.017 ms - -\u001b[0m","service":"preplyte-api","timestamp":"2026-02-20 16:13:24"}
{"level":"info","message":"[ProfileService] Updating academic marks","service":"preplyte-api","timestamp":"2026-02-20 16:13:30","userId":"cmluqlns4000gp3qc2r9ju34o"}
{"level":"info","message":"\u001b[0mPATCH /api/profile/student/academics \u001b[32m200\u001b[0m 27.715 ms - 555\u001b[0m","service":"preplyte-api","timestamp":"2026-02-20 16:13:30"}
{"level":"info","message":"\u001b[0mGET /api/profile/student \u001b[33m401\u001b[0m 0.906 ms - 108\u001b[0m","service":"preplyte-api","timestamp":"2026-02-20 16:13:44"}
{"level":"info","message":"\u001b[0mGET /api/profile/student \u001b[33m401\u001b[0m 0.563 ms - 108\u001b[0m","service":"preplyte-api","timestamp":"2026-02-20 16:13:44"}
{"level":"info","message":"Token refreshed successfully","service":"preplyte-api","timestamp":"2026-02-20 16:13:44","userId":"cmluqfswb0007p3qckrd6vla6"}
{"level":"info","message":"\u001b[0mPOST /api/auth/refresh \u001b[32m200\u001b[0m 31.522 ms - -\u001b[0m","service":"preplyte-api","timestamp":"2026-02-20 16:13:44"}
{"level":"info","message":"\u001b[0mGET /api/profile/student \u001b[32m200\u001b[0m 18.894 ms - 513\u001b[0m","service":"preplyte-api","timestamp":"2026-02-20 16:13:44"}
{"level":"info","message":"\u001b[0mGET /api/profile/student \u001b[36m304\u001b[0m 12.624 ms - -\u001b[0m","service":"preplyte-api","timestamp":"2026-02-20 16:13:44"}
{"level":"info","message":"[ProfileService] Updating student profile","service":"preplyte-api","timestamp":"2026-02-20 16:13:52","userId":"cmluqfswb0007p3qckrd6vla6"}
{"level":"info","message":"[ProfileService] Student profile updated","service":"preplyte-api","timestamp":"2026-02-20 16:13:52","userId":"cmluqfswb0007p3qckrd6vla6"}
{"level":"info","message":"\u001b[0mPATCH /api/profile/student \u001b[32m200\u001b[0m 64.166 ms - 558\u001b[0m","service":"preplyte-api","timestamp":"2026-02-20 16:13:52"}
{"level":"info","message":"\u001b[0mGET /api/profile/student \u001b[32m200\u001b[0m 32.432 ms - 509\u001b[0m","service":"preplyte-api","timestamp":"2026-02-20 16:13:52"}
{"level":"info","message":"[ProfileService] Updating academic marks","service":"preplyte-api","timestamp":"2026-02-20 16:14:07","userId":"cmluqfswb0007p3qckrd6vla6"}
{"level":"info","message":"\u001b[0mPATCH /api/profile/student/academics \u001b[32m200\u001b[0m 28.592 ms - 555\u001b[0m","service":"preplyte-api","timestamp":"2026-02-20 16:14:07"}
{"instituteId":"c1d2e3f4g5h6i7j8k9l0","level":"info","message":"Creating mock drive","service":"preplyte-api","timestamp":"2026-02-20 16:14:21","title":"test 1"}
{"durationMs":61,"instituteId":"c1d2e3f4g5h6i7j8k9l0","instituteName":"PVPPCOE","level":"info","message":"Mock drive created successfully","mockDriveId":"cmlurj0uo000up3qc75i2h3lo","service":"preplyte-api","timestamp":"2026-02-20 16:14:21"}
{"level":"info","message":"\u001b[0mPOST /api/institute/mock-drive \u001b[32m201\u001b[0m 69.142 ms - -\u001b[0m","service":"preplyte-api","timestamp":"2026-02-20 16:14:21"}
{"level":"info","message":"Module added","mockDriveId":"cmlurj0uo000up3qc75i2h3lo","moduleId":"cmlurj0x4000wp3qcvakeo5iw","service":"preplyte-api","timestamp":"2026-02-20 16:14:21"}
{"level":"info","message":"\u001b[0mPOST /api/institute/mock-drive/cmlurj0uo000up3qc75i2h3lo/modules \u001b[32m201\u001b[0m 42.062 ms - 515\u001b[0m","service":"preplyte-api","timestamp":"2026-02-20 16:14:21"}
{"level":"info","message":"Module added","mockDriveId":"cmlurj0uo000up3qc75i2h3lo","moduleId":"cmlurj0y3000yp3qcr85id0hr","service":"preplyte-api","timestamp":"2026-02-20 16:14:21"}
{"level":"info","message":"\u001b[0mPOST /api/institute/mock-drive/cmlurj0uo000up3qc75i2h3lo/modules \u001b[32m201\u001b[0m 27.035 ms - 554\u001b[0m","service":"preplyte-api","timestamp":"2026-02-20 16:14:21"}
{"level":"info","message":"Module added","mockDriveId":"cmlurj0uo000up3qc75i2h3lo","moduleId":"cmlurj0yw0010p3qcg22q0y5i","service":"preplyte-api","timestamp":"2026-02-20 16:14:21"}
{"level":"info","message":"\u001b[0mPOST /api/institute/mock-drive/cmlurj0uo000up3qc75i2h3lo/modules \u001b[32m201\u001b[0m 29.222 ms - 556\u001b[0m","service":"preplyte-api","timestamp":"2026-02-20 16:14:21"}
{"level":"info","message":"\u001b[0mGET /api/institute/mock-drive/cmlurj0uo000up3qc75i2h3lo \u001b[32m200\u001b[0m 47.152 ms - -\u001b[0m","service":"preplyte-api","timestamp":"2026-02-20 16:14:21"}
{"level":"info","message":"\u001b[0mGET /api/institute/mock-drive?page=1&limit=10&sortBy=createdAt&sortOrder=desc \u001b[33m401\u001b[0m 0.717 ms - 108\u001b[0m","service":"preplyte-api","timestamp":"2026-02-20 16:14:53"}
{"level":"warn","message":"Refresh token reuse detected","revokedAt":"2026-02-20T10:34:39.754Z","service":"preplyte-api","timestamp":"2026-02-20 16:14:53","tokenId":"cmluqbjj10001p3qcq2he28f0","userId":"cmluqaidk0003zwnltac2vpan"}
{"level":"info","message":"User logged out from all devices","service":"preplyte-api","timestamp":"2026-02-20 16:14:53","userId":"cmluqaidk0003zwnltac2vpan"}
{"code":"UNAUTHORIZED","ip":"127.0.0.1","level":"warn","message":"Operational error Token reuse detected. All sessions have been revoked for security.","method":"POST","path":"/api/auth/refresh","requestId":"mlurjpmq-9b0012d97bcd3679","service":"preplyte-api","timestamp":"2026-02-20 16:14:53","userAgent":"Mozilla/5.0 (Windows NT 10.0; Win64; x64) AppleWebKit/537.36 (KHTML, like Gecko) Chrome/144.0.0.0 Safari/537.36 Edg/144.0.0.0"}
{"level":"info","message":"\u001b[0mPOST /api/auth/refresh \u001b[33m401\u001b[0m 73.182 ms - 168\u001b[0m","service":"preplyte-api","timestamp":"2026-02-20 16:14:53"}
{"level":"info","message":"\u001b[0mGET /api/institute/mock-drive?page=1&limit=10&sortBy=createdAt&sortOrder=desc \u001b[33m401\u001b[0m 0.621 ms - 85\u001b[0m","service":"preplyte-api","timestamp":"2026-02-20 16:14:54"}
{"level":"info","message":"User logged in","service":"preplyte-api","timestamp":"2026-02-20 16:15:10","userId":"cmluqaidk0003zwnltac2vpan"}
{"level":"info","message":"\u001b[0mPOST /api/auth/login \u001b[32m200\u001b[0m 165.831 ms - -\u001b[0m","service":"preplyte-api","timestamp":"2026-02-20 16:15:10"}
{"level":"info","message":"\u001b[0mGET /api/dashboard/institute-admin \u001b[32m200\u001b[0m 87.114 ms - 369\u001b[0m","service":"preplyte-api","timestamp":"2026-02-20 16:15:14"}
{"level":"info","message":"\u001b[0mGET /api/institute/mock-drive?page=1&limit=10&sortBy=createdAt&sortOrder=desc \u001b[32m200\u001b[0m 61.690 ms - 528\u001b[0m","service":"preplyte-api","timestamp":"2026-02-20 16:15:16"}
{"level":"info","message":"\u001b[0mGET /api/institute/mock-drive/cmlurj0uo000up3qc75i2h3lo \u001b[36m304\u001b[0m 60.329 ms - -\u001b[0m","service":"preplyte-api","timestamp":"2026-02-20 16:15:20"}
{"level":"info","message":"\u001b[0mGET /api/institute/mock-drive/cmlurj0uo000up3qc75i2h3lo/stats \u001b[32m200\u001b[0m 169.165 ms - 259\u001b[0m","service":"preplyte-api","timestamp":"2026-02-20 16:15:20"}
{"instituteId":"c1d2e3f4g5h6i7j8k9l0","level":"info","message":"Publishing mock drive","mockDriveId":"cmlurj0uo000up3qc75i2h3lo","service":"preplyte-api","timestamp":"2026-02-20 16:15:22"}
{"instituteId":"c1d2e3f4g5h6i7j8k9l0","level":"info","message":"Validating mock drive for publish","mockDriveId":"cmlurj0uo000up3qc75i2h3lo","service":"preplyte-api","timestamp":"2026-02-20 16:15:22"}
{"durationMs":37,"errorCount":0,"isValid":true,"level":"info","message":"Mock drive validation completed","mockDriveId":"cmlurj0uo000up3qc75i2h3lo","service":"preplyte-api","timestamp":"2026-02-20 16:15:22","warningCount":3}
{"level":"info","message":"Generating module questions","mockDriveId":"cmlurj0uo000up3qc75i2h3lo","service":"preplyte-api","timestamp":"2026-02-20 16:15:22"}
{"durationMs":42,"level":"info","message":"All module questions generated","mockDriveId":"cmlurj0uo000up3qc75i2h3lo","moduleCount":3,"service":"preplyte-api","timestamp":"2026-02-20 16:15:22"}
{"durationMs":122,"level":"info","message":"Mock drive published successfully","mockDriveId":"cmlurj0uo000up3qc75i2h3lo","service":"preplyte-api","timestamp":"2026-02-20 16:15:22"}
{"level":"info","message":"\u001b[0mPOST /api/institute/mock-drive/cmlurj0uo000up3qc75i2h3lo/publish \u001b[32m200\u001b[0m 130.829 ms - -\u001b[0m","service":"preplyte-api","timestamp":"2026-02-20 16:15:22"}
{"level":"info","message":"Auto-updated 1 drives to REGISTRATION_OPEN","service":"preplyte-api","timestamp":"2026-02-20 16:15:22"}
{"level":"info","message":"\u001b[0mGET /api/institute/mock-drive/cmlurj0uo000up3qc75i2h3lo \u001b[32m200\u001b[0m 38.994 ms - -\u001b[0m","service":"preplyte-api","timestamp":"2026-02-20 16:15:22"}
{"level":"info","message":"\u001b[0mGET /api/institute/mock-drive?page=1&limit=10&sortBy=createdAt&sortOrder=desc \u001b[32m200\u001b[0m 52.005 ms - 540\u001b[0m","service":"preplyte-api","timestamp":"2026-02-20 16:15:24"}
{"level":"info","message":"\u001b[0mGET /api/mock-drives?page=1&limit=10&status=PUBLISHED%2CREGISTRATION_OPEN%2CREGISTRATION_CLOSED%2CIN_PROGRESS \u001b[32m200\u001b[0m 84.588 ms - 684\u001b[0m","service":"preplyte-api","timestamp":"2026-02-20 16:15:36"}
{"level":"info","message":"\u001b[0mGET /api/mock-drives/cmlurj0uo000up3qc75i2h3lo \u001b[32m200\u001b[0m 83.962 ms - -\u001b[0m","service":"preplyte-api","timestamp":"2026-02-20 16:15:46"}
{"level":"info","message":"\u001b[0mGET /api/mock-drives/cmlurj0uo000up3qc75i2h3lo/eligibility \u001b[32m200\u001b[0m 80.694 ms - 299\u001b[0m","service":"preplyte-api","timestamp":"2026-02-20 16:15:46"}
{"driveId":"cmlurj0uo000up3qc75i2h3lo","level":"info","message":"User registered for mock drive","registrationId":"cmlurkw3v001cp3qcimuj6mij","service":"preplyte-api","timestamp":"2026-02-20 16:15:48","userId":"cmluqfswb0007p3qckrd6vla6"}
{"level":"info","message":"\u001b[0mPOST /api/mock-drives/cmlurj0uo000up3qc75i2h3lo/register \u001b[32m201\u001b[0m 85.207 ms - 367\u001b[0m","service":"preplyte-api","timestamp":"2026-02-20 16:15:48"}
{"level":"info","message":"\u001b[0mGET /api/mock-drives/cmlurj0uo000up3qc75i2h3lo \u001b[32m200\u001b[0m 104.344 ms - -\u001b[0m","service":"preplyte-api","timestamp":"2026-02-20 16:15:48"}
{"level":"info","message":"\u001b[0mGET /api/mock-drives/cmlurj0uo000up3qc75i2h3lo/eligibility \u001b[32m200\u001b[0m 111.548 ms - 356\u001b[0m","service":"preplyte-api","timestamp":"2026-02-20 16:15:48"}
{"level":"info","message":"\u001b[0mGET /api/mock-drives?page=1&limit=10&status=PUBLISHED%2CREGISTRATION_OPEN%2CREGISTRATION_CLOSED%2CIN_PROGRESS \u001b[32m200\u001b[0m 58.864 ms - 684\u001b[0m","service":"preplyte-api","timestamp":"2026-02-20 16:15:55"}
{"level":"info","message":"\u001b[0mGET /api/mock-drives/cmlurj0uo000up3qc75i2h3lo \u001b[32m200\u001b[0m 109.237 ms - -\u001b[0m","service":"preplyte-api","timestamp":"2026-02-20 16:15:57"}
{"level":"info","message":"\u001b[0mGET /api/mock-drives/cmlurj0uo000up3qc75i2h3lo/eligibility \u001b[32m200\u001b[0m 102.941 ms - 299\u001b[0m","service":"preplyte-api","timestamp":"2026-02-20 16:15:57"}
{"driveId":"cmlurj0uo000up3qc75i2h3lo","level":"info","message":"User registered for mock drive","registrationId":"cmlurl48u001ep3qc2srf1ryn","service":"preplyte-api","timestamp":"2026-02-20 16:15:59","userId":"cmluqlns4000gp3qc2r9ju34o"}
{"level":"info","message":"\u001b[0mPOST /api/mock-drives/cmlurj0uo000up3qc75i2h3lo/register \u001b[32m201\u001b[0m 76.915 ms - 367\u001b[0m","service":"preplyte-api","timestamp":"2026-02-20 16:15:59"}
{"level":"info","message":"\u001b[0mGET /api/mock-drives/cmlurj0uo000up3qc75i2h3lo/eligibility \u001b[32m200\u001b[0m 89.848 ms - 356\u001b[0m","service":"preplyte-api","timestamp":"2026-02-20 16:15:59"}
{"level":"info","message":"\u001b[0mGET /api/mock-drives/cmlurj0uo000up3qc75i2h3lo \u001b[32m200\u001b[0m 88.964 ms - -\u001b[0m","service":"preplyte-api","timestamp":"2026-02-20 16:15:59"}
{"level":"info","message":"\u001b[0mGET /api/institute/mock-drive?page=1&limit=10&sortBy=createdAt&sortOrder=desc \u001b[32m200\u001b[0m 118.649 ms - 540\u001b[0m","service":"preplyte-api","timestamp":"2026-02-20 16:16:02"}
{"level":"info","message":"\u001b[0mGET /api/institute/mock-drive/cmlurj0uo000up3qc75i2h3lo/stats \u001b[32m200\u001b[0m 29.952 ms - 259\u001b[0m","service":"preplyte-api","timestamp":"2026-02-20 16:16:04"}
{"level":"info","message":"\u001b[0mGET /api/institute/mock-drive/cmlurj0uo000up3qc75i2h3lo/registrations?page=1&limit=20&sortBy=registeredAt&sortOrder=desc \u001b[32m200\u001b[0m 52.348 ms - 1014\u001b[0m","service":"preplyte-api","timestamp":"2026-02-20 16:16:21"}
{"approved":2,"level":"info","message":"Approved pending registrations","mockDriveId":"cmlurj0uo000up3qc75i2h3lo","service":"preplyte-api","skipped":0,"timestamp":"2026-02-20 16:16:50"}
{"level":"info","message":"\u001b[0mPOST /api/institute/mock-drive/cmlurj0uo000up3qc75i2h3lo/registrations/approve-all \u001b[32m200\u001b[0m 25.596 ms - 100\u001b[0m","service":"preplyte-api","timestamp":"2026-02-20 16:16:50"}
{"level":"info","message":"\u001b[0mGET /api/institute/mock-drive/cmlurj0uo000up3qc75i2h3lo/registrations?page=1&limit=20&sortBy=registeredAt&sortOrder=desc \u001b[32m200\u001b[0m 22.986 ms - 1016\u001b[0m","service":"preplyte-api","timestamp":"2026-02-20 16:16:50"}
{"level":"info","message":"\u001b[0mGET /api/institute/mock-drive/cmlurj0uo000up3qc75i2h3lo \u001b[32m200\u001b[0m 55.963 ms - -\u001b[0m","service":"preplyte-api","timestamp":"2026-02-20 16:16:54"}
{"level":"info","message":"\u001b[0mGET /api/institute/mock-drive/cmlurj0uo000up3qc75i2h3lo/stats \u001b[32m200\u001b[0m 24.145 ms - 259\u001b[0m","service":"preplyte-api","timestamp":"2026-02-20 16:16:54"}
{"level":"info","message":"\u001b[0mGET /api/institute/mock-drive/cmlurj0uo000up3qc75i2h3lo/batches?page=1&limit=20&sortBy=scheduledStartTime&sortOrder=asc \u001b[32m200\u001b[0m 21.467 ms - 174\u001b[0m","service":"preplyte-api","timestamp":"2026-02-20 16:17:06"}
{"batchId":"cmlurof8k001gp3qc4pgywytv","batchNumber":1,"level":"info","message":"Batch created","mockDriveId":"cmlurj0uo000up3qc75i2h3lo","service":"preplyte-api","timestamp":"2026-02-20 16:18:33"}
{"level":"info","message":"\u001b[0mPOST /api/institute/mock-drive/cmlurj0uo000up3qc75i2h3lo/batches \u001b[32m201\u001b[0m 61.549 ms - 567\u001b[0m","service":"preplyte-api","timestamp":"2026-02-20 16:18:33"}
{"level":"info","message":"\u001b[0mGET /api/institute/mock-drive/cmlurj0uo000up3qc75i2h3lo/batches?page=1&limit=20&sortBy=scheduledStartTime&sortOrder=asc \u001b[32m200\u001b[0m 22.416 ms - 430\u001b[0m","service":"preplyte-api","timestamp":"2026-02-20 16:18:33"}
{"level":"info","message":"\u001b[0mGET /api/institute/mock-drive/cmlurj0uo000up3qc75i2h3lo \u001b[32m200\u001b[0m 51.619 ms - -\u001b[0m","service":"preplyte-api","timestamp":"2026-02-20 16:18:41"}
{"level":"info","message":"\u001b[0mGET /api/institute/mock-drive/cmlurj0uo000up3qc75i2h3lo/batches/cmlurof8k001gp3qc4pgywytv \u001b[32m200\u001b[0m 29.294 ms - 569\u001b[0m","service":"preplyte-api","timestamp":"2026-02-20 16:18:41"}
{"level":"info","message":"\u001b[0mGET /api/institute/mock-drive/cmlurj0uo000up3qc75i2h3lo/batches/cmlurof8k001gp3qc4pgywytv/students \u001b[32m200\u001b[0m 30.271 ms - 70\u001b[0m","service":"preplyte-api","timestamp":"2026-02-20 16:18:41"}
{"level":"info","message":"\u001b[0mGET /api/institute/mock-drive/cmlurj0uo000up3qc75i2h3lo/registrations?hasBatch=false&status=APPROVED&limit=100 \u001b[32m200\u001b[0m 67.117 ms - 1017\u001b[0m","service":"preplyte-api","timestamp":"2026-02-20 16:18:41"}
{"assigned":2,"batchId":"cmlurof8k001gp3qc4pgywytv","failed":0,"level":"info","message":"Students assigned","service":"preplyte-api","timestamp":"2026-02-20 16:18:58"}
{"level":"info","message":"\u001b[0mPOST /api/institute/mock-drive/cmlurj0uo000up3qc75i2h3lo/batches/cmlurof8k001gp3qc4pgywytv/assign \u001b[32m200\u001b[0m 43.432 ms - 82\u001b[0m","service":"preplyte-api","timestamp":"2026-02-20 16:18:58"}
{"level":"info","message":"\u001b[0mGET /api/institute/mock-drive/cmlurj0uo000up3qc75i2h3lo/registrations?hasBatch=false&status=APPROVED&limit=100 \u001b[32m200\u001b[0m 34.936 ms - 286\u001b[0m","service":"preplyte-api","timestamp":"2026-02-20 16:18:58"}
{"level":"info","message":"\u001b[0mGET /api/institute/mock-drive/cmlurj0uo000up3qc75i2h3lo/batches/cmlurof8k001gp3qc4pgywytv/students \u001b[32m200\u001b[0m 63.995 ms - 715\u001b[0m","service":"preplyte-api","timestamp":"2026-02-20 16:18:58"}
{"level":"info","message":"\u001b[0mGET /api/institute/mock-drive/cmlurj0uo000up3qc75i2h3lo/batches/cmlurof8k001gp3qc4pgywytv \u001b[32m200\u001b[0m 67.774 ms - 569\u001b[0m","service":"preplyte-api","timestamp":"2026-02-20 16:18:58"}
{"level":"info","message":"\u001b[0mGET /api/institute/mock-drive/cmlurj0uo000up3qc75i2h3lo/batches/cmlurof8k001gp3qc4pgywytv/students \u001b[36m304\u001b[0m 30.521 ms - -\u001b[0m","service":"preplyte-api","timestamp":"2026-02-20 16:18:58"}
{"level":"info","message":"\u001b[0mGET /api/mock-drives/cmlurj0uo000up3qc75i2h3lo \u001b[33m401\u001b[0m 0.847 ms - 108\u001b[0m","service":"preplyte-api","timestamp":"2026-02-20 16:19:14"}
{"level":"info","message":"\u001b[0mGET /api/mock-drives/cmlurj0uo000up3qc75i2h3lo/eligibility \u001b[33m401\u001b[0m 0.689 ms - 108\u001b[0m","service":"preplyte-api","timestamp":"2026-02-20 16:19:14"}
{"level":"warn","message":"Refresh token reuse detected","revokedAt":"2026-02-20T10:43:44.811Z","service":"preplyte-api","timestamp":"2026-02-20 16:19:14","tokenId":"cmluqg2ip0009p3qchptxykvg","userId":"cmluqfswb0007p3qckrd6vla6"}
{"level":"info","message":"User logged out from all devices","service":"preplyte-api","timestamp":"2026-02-20 16:19:14","userId":"cmluqfswb0007p3qckrd6vla6"}
{"code":"UNAUTHORIZED","ip":"127.0.0.1","level":"warn","message":"Operational error Token reuse detected. All sessions have been revoked for security.","method":"POST","path":"/api/auth/refresh","requestId":"mlurpasz-b963771b77d54fc5","service":"preplyte-api","timestamp":"2026-02-20 16:19:14","userAgent":"Mozilla/5.0 (Windows NT 10.0; Win64; x64) AppleWebKit/537.36 (KHTML, like Gecko) Chrome/144.0.0.0 Safari/537.36"}
{"level":"info","message":"\u001b[0mPOST /api/auth/refresh \u001b[33m401\u001b[0m 45.622 ms - 168\u001b[0m","service":"preplyte-api","timestamp":"2026-02-20 16:19:14"}
{"level":"info","message":"\u001b[0mGET /api/mock-drives/cmlurj0uo000up3qc75i2h3lo/eligibility \u001b[33m401\u001b[0m 0.504 ms - 85\u001b[0m","service":"preplyte-api","timestamp":"2026-02-20 16:19:15"}
{"level":"info","message":"\u001b[0mGET /api/mock-drives/cmlurj0uo000up3qc75i2h3lo \u001b[33m401\u001b[0m 0.468 ms - 85\u001b[0m","service":"preplyte-api","timestamp":"2026-02-20 16:19:15"}
{"level":"info","message":"User logged in","service":"preplyte-api","timestamp":"2026-02-20 16:19:31","userId":"cmluqfswb0007p3qckrd6vla6"}
{"level":"info","message":"\u001b[0mPOST /api/auth/login \u001b[32m200\u001b[0m 332.342 ms - -\u001b[0m","service":"preplyte-api","timestamp":"2026-02-20 16:19:31"}
{"level":"info","message":"\u001b[0mGET /api/mock-drives?page=1&limit=10&status=PUBLISHED%2CREGISTRATION_OPEN%2CREGISTRATION_CLOSED%2CIN_PROGRESS \u001b[32m200\u001b[0m 48.135 ms - 830\u001b[0m","service":"preplyte-api","timestamp":"2026-02-20 16:19:48"}
{"level":"info","message":"\u001b[0mGET /api/mock-drives/cmlurj0uo000up3qc75i2h3lo \u001b[33m401\u001b[0m 0.875 ms - 108\u001b[0m","service":"preplyte-api","timestamp":"2026-02-20 16:19:50"}
{"level":"info","message":"\u001b[0mGET /api/mock-drives/cmlurj0uo000up3qc75i2h3lo/eligibility \u001b[33m401\u001b[0m 0.772 ms - 108\u001b[0m","service":"preplyte-api","timestamp":"2026-02-20 16:19:50"}
{"level":"warn","message":"Refresh token reuse detected","revokedAt":"2026-02-20T10:42:56.809Z","service":"preplyte-api","timestamp":"2026-02-20 16:19:50","tokenId":"cmluqm6zz000ip3qcgp87ebkc","userId":"cmluqlns4000gp3qc2r9ju34o"}
{"level":"info","message":"User logged out from all devices","service":"preplyte-api","timestamp":"2026-02-20 16:19:50","userId":"cmluqlns4000gp3qc2r9ju34o"}
{"code":"UNAUTHORIZED","ip":"127.0.0.1","level":"warn","message":"Operational error Token reuse detected. All sessions have been revoked for security.","method":"POST","path":"/api/auth/refresh","requestId":"mlurq2vc-ce07320dea29ef69","service":"preplyte-api","timestamp":"2026-02-20 16:19:50","userAgent":"Mozilla/5.0 (Windows NT 10.0; Win64; x64) AppleWebKit/537.36 (KHTML, like Gecko) Chrome/144.0.0.0 Safari/537.36 Edg/144.0.0.0"}
{"level":"info","message":"\u001b[0mPOST /api/auth/refresh \u001b[33m401\u001b[0m 13.554 ms - 168\u001b[0m","service":"preplyte-api","timestamp":"2026-02-20 16:19:50"}
{"level":"info","message":"User logged in","service":"preplyte-api","timestamp":"2026-02-20 16:20:03","userId":"cmluqlns4000gp3qc2r9ju34o"}
{"level":"info","message":"\u001b[0mPOST /api/auth/login \u001b[32m200\u001b[0m 332.197 ms - -\u001b[0m","service":"preplyte-api","timestamp":"2026-02-20 16:20:03"}
{"level":"info","message":"\u001b[0mGET /api/dashboard/student \u001b[32m200\u001b[0m 169.027 ms - 691\u001b[0m","service":"preplyte-api","timestamp":"2026-02-20 16:20:04"}
{"level":"info","message":"\u001b[0mGET /api/mock-drives?page=1&limit=10&status=PUBLISHED%2CREGISTRATION_OPEN%2CREGISTRATION_CLOSED%2CIN_PROGRESS \u001b[32m200\u001b[0m 77.645 ms - 830\u001b[0m","service":"preplyte-api","timestamp":"2026-02-20 16:20:07"}
{"level":"info","message":"\u001b[0mGET /api/mock-drives/cmlurj0uo000up3qc75i2h3lo \u001b[32m200\u001b[0m 68.873 ms - -\u001b[0m","service":"preplyte-api","timestamp":"2026-02-20 16:20:10"}
{"level":"info","message":"\u001b[0mGET /api/mock-drives/cmlurj0uo000up3qc75i2h3lo/eligibility \u001b[32m200\u001b[0m 57.977 ms - 358\u001b[0m","service":"preplyte-api","timestamp":"2026-02-20 16:20:10"}
{"level":"info","message":"\u001b[0mGET /api/mock-drives?page=1&limit=10&status=PUBLISHED%2CREGISTRATION_OPEN%2CREGISTRATION_CLOSED%2CIN_PROGRESS \u001b[36m304\u001b[0m 63.714 ms - -\u001b[0m","service":"preplyte-api","timestamp":"2026-02-20 16:22:22"}
{"level":"info","message":"\u001b[0mGET /api/mock-drives?page=1&limit=10&status=PUBLISHED%2CREGISTRATION_OPEN%2CREGISTRATION_CLOSED%2CIN_PROGRESS&registrationOpen=true \u001b[32m200\u001b[0m 68.110 ms - 830\u001b[0m","service":"preplyte-api","timestamp":"2026-02-20 16:22:25"}
{"level":"info","message":"\u001b[0mGET /api/mock-drives/my-registrations \u001b[32m200\u001b[0m 50.238 ms - -\u001b[0m","service":"preplyte-api","timestamp":"2026-02-20 16:22:37"}
{"level":"info","message":"\u001b[0mGET /api/mock-drives/cmlurj0uo000up3qc75i2h3lo \u001b[32m200\u001b[0m 69.862 ms - -\u001b[0m","service":"preplyte-api","timestamp":"2026-02-20 16:24:53"}
{"level":"info","message":"\u001b[0mGET /api/mock-drives/cmlurj0uo000up3qc75i2h3lo/eligibility \u001b[32m200\u001b[0m 78.923 ms - 358\u001b[0m","service":"preplyte-api","timestamp":"2026-02-20 16:24:53"}
{"level":"info","message":"Auto-updated 1 drives to REGISTRATION_CLOSED","service":"preplyte-api","timestamp":"2026-02-20 16:25:20"}
{"level":"info","message":"\u001b[0mGET /api/mock-drives/cmlurj0uo000up3qc75i2h3lo \u001b[32m200\u001b[0m 104.897 ms - -\u001b[0m","service":"preplyte-api","timestamp":"2026-02-20 16:25:20"}
{"level":"info","message":"\u001b[0mGET /api/mock-drives/cmlurj0uo000up3qc75i2h3lo/eligibility \u001b[36m304\u001b[0m 54.757 ms - -\u001b[0m","service":"preplyte-api","timestamp":"2026-02-20 16:25:20"}
{"level":"info","message":"\u001b[0mGET /api/mock-drives?page=1&limit=10&status=PUBLISHED%2CREGISTRATION_OPEN%2CREGISTRATION_CLOSED%2CIN_PROGRESS \u001b[32m200\u001b[0m 107.442 ms - 832\u001b[0m","service":"preplyte-api","timestamp":"2026-02-20 16:25:27"}
{"level":"info","message":"\u001b[0mGET /api/mock-drives/cmlurj0uo000up3qc75i2h3lo \u001b[32m200\u001b[0m 117.283 ms - -\u001b[0m","service":"preplyte-api","timestamp":"2026-02-20 16:26:44"}
{"level":"info","message":"\u001b[0mGET /api/mock-drives/cmlurj0uo000up3qc75i2h3lo/eligibility \u001b[36m304\u001b[0m 144.942 ms - -\u001b[0m","service":"preplyte-api","timestamp":"2026-02-20 16:26:44"}
{"level":"info","message":"\u001b[0mGET /api/mock-drives/cmlurj0uo000up3qc75i2h3lo \u001b[33m401\u001b[0m 0.851 ms - 108\u001b[0m","service":"preplyte-api","timestamp":"2026-02-20 16:35:05"}
{"level":"info","message":"\u001b[0mGET /api/mock-drives/cmlurj0uo000up3qc75i2h3lo/eligibility \u001b[33m401\u001b[0m 0.805 ms - 108\u001b[0m","service":"preplyte-api","timestamp":"2026-02-20 16:35:05"}
{"level":"info","message":"Token refreshed successfully","service":"preplyte-api","timestamp":"2026-02-20 16:35:05","userId":"cmluqlns4000gp3qc2r9ju34o"}
{"level":"info","message":"\u001b[0mPOST /api/auth/refresh \u001b[32m200\u001b[0m 56.656 ms - -\u001b[0m","service":"preplyte-api","timestamp":"2026-02-20 16:35:05"}
{"level":"info","message":"Auto-updated 1 drives to IN_PROGRESS","service":"preplyte-api","timestamp":"2026-02-20 16:35:05"}
{"level":"info","message":"\u001b[0mGET /api/mock-drives/cmlurj0uo000up3qc75i2h3lo/eligibility \u001b[36m304\u001b[0m 69.717 ms - -\u001b[0m","service":"preplyte-api","timestamp":"2026-02-20 16:35:05"}
{"level":"info","message":"\u001b[0mGET /api/mock-drives/cmlurj0uo000up3qc75i2h3lo \u001b[32m200\u001b[0m 91.620 ms - -\u001b[0m","service":"preplyte-api","timestamp":"2026-02-20 16:35:05"}
{"level":"info","message":"\u001b[0mGET /api/mock-drives/cmlurj0uo000up3qc75i2h3lo/attempt \u001b[32m200\u001b[0m 33.449 ms - 77\u001b[0m","service":"preplyte-api","timestamp":"2026-02-20 16:35:33"}
{"level":"info","message":"\u001b[0mGET /api/mock-drives/cmlurj0uo000up3qc75i2h3lo/attempt \u001b[36m304\u001b[0m 32.877 ms - -\u001b[0m","service":"preplyte-api","timestamp":"2026-02-20 16:36:03"}
{"level":"info","message":"\u001b[0mGET /api/mock-drives/cmlurj0uo000up3qc75i2h3lo/attempt \u001b[36m304\u001b[0m 41.386 ms - -\u001b[0m","service":"preplyte-api","timestamp":"2026-02-20 16:36:33"}
{"level":"info","message":"\u001b[0mPOST /api/mock-drives/cmlurj0uo000up3qc75i2h3lo/start \u001b[32m201\u001b[0m 79.257 ms - -\u001b[0m","service":"preplyte-api","timestamp":"2026-02-20 16:36:40"}
{"level":"info","message":"\u001b[0mGET /api/mock-drives/cmlurj0uo000up3qc75i2h3lo/attempt \u001b[32m200\u001b[0m 14.613 ms - -\u001b[0m","service":"preplyte-api","timestamp":"2026-02-20 16:36:40"}
{"level":"info","message":"\u001b[0mPOST /api/mock-drives/cmlurj0uo000up3qc75i2h3lo/modules/cmlurj0x4000wp3qcvakeo5iw/start \u001b[32m200\u001b[0m 53.095 ms - -\u001b[0m","service":"preplyte-api","timestamp":"2026-02-20 16:36:44"}
{"level":"info","message":"\u001b[0mGET /api/mock-drives/cmlurj0uo000up3qc75i2h3lo/attempt \u001b[32m200\u001b[0m 15.680 ms - -\u001b[0m","service":"preplyte-api","timestamp":"2026-02-20 16:36:44"}
{"code":"INTERNAL_ERROR","ip":"127.0.0.1","level":"error","message":"Non-operational error Question has no correct answer configured","method":"POST","path":"/api/mock-drives/cmlurj0uo000up3qc75i2h3lo/modules/cmlurj0x4000wp3qcvakeo5iw/aptitude/answer","requestId":"e6e53321-07ca-4e60-9958-a9e5312e22dc","service":"preplyte-api","stack":"InternalError: Question has no correct answer configured\n    at AptitudeModuleExecutor.handleAnswer (C:\\Users\\Raj Bhoite\\Desktop\\WD\\preplytef\\backend\\src\\module\\mock-drive\\attempt\\executors\\aptitude.executor.ts:257:13)\n    at async AttemptService.handleModuleAction (C:\\Users\\Raj Bhoite\\Desktop\\WD\\preplytef\\backend\\src\\module\\mock-drive\\attempt\\attempt.service.ts:248:25)\n    at async submitAptitudeAnswer (C:\\Users\\Raj Bhoite\\Desktop\\WD\\preplytef\\backend\\src\\module\\mock-drive\\attempt\\attempt.controller.ts:166:22)","timestamp":"2026-02-20 16:36:52","userAgent":"Mozilla/5.0 (Windows NT 10.0; Win64; x64) AppleWebKit/537.36 (KHTML, like Gecko) Chrome/144.0.0.0 Safari/537.36 Edg/144.0.0.0","userId":"cmluqlns4000gp3qc2r9ju34o"}
{"level":"info","message":"\u001b[0mPOST /api/mock-drives/cmlurj0uo000up3qc75i2h3lo/modules/cmlurj0x4000wp3qcvakeo5iw/aptitude/answer \u001b[31m500\u001b[0m 36.968 ms - 156\u001b[0m","service":"preplyte-api","timestamp":"2026-02-20 16:36:52"}
{"code":"INTERNAL_ERROR","ip":"127.0.0.1","level":"error","message":"Non-operational error Question has no correct answer configured","method":"POST","path":"/api/mock-drives/cmlurj0uo000up3qc75i2h3lo/modules/cmlurj0x4000wp3qcvakeo5iw/aptitude/answer","requestId":"51092aa8-ff8a-4dcd-b0d2-3880b5ef1e17","service":"preplyte-api","stack":"InternalError: Question has no correct answer configured\n    at AptitudeModuleExecutor.handleAnswer (C:\\Users\\Raj Bhoite\\Desktop\\WD\\preplytef\\backend\\src\\module\\mock-drive\\attempt\\executors\\aptitude.executor.ts:257:13)\n    at async AttemptService.handleModuleAction (C:\\Users\\Raj Bhoite\\Desktop\\WD\\preplytef\\backend\\src\\module\\mock-drive\\attempt\\attempt.service.ts:248:25)\n    at async submitAptitudeAnswer (C:\\Users\\Raj Bhoite\\Desktop\\WD\\preplytef\\backend\\src\\module\\mock-drive\\attempt\\attempt.controller.ts:166:22)","timestamp":"2026-02-20 16:36:53","userAgent":"Mozilla/5.0 (Windows NT 10.0; Win64; x64) AppleWebKit/537.36 (KHTML, like Gecko) Chrome/144.0.0.0 Safari/537.36 Edg/144.0.0.0","userId":"cmluqlns4000gp3qc2r9ju34o"}
{"level":"info","message":"\u001b[0mPOST /api/mock-drives/cmlurj0uo000up3qc75i2h3lo/modules/cmlurj0x4000wp3qcvakeo5iw/aptitude/answer \u001b[31m500\u001b[0m 22.099 ms - 156\u001b[0m","service":"preplyte-api","timestamp":"2026-02-20 16:36:53"}
{"code":"INTERNAL_ERROR","ip":"127.0.0.1","level":"error","message":"Non-operational error Question has no correct answer configured","method":"POST","path":"/api/mock-drives/cmlurj0uo000up3qc75i2h3lo/modules/cmlurj0x4000wp3qcvakeo5iw/aptitude/answer","requestId":"8df74c8c-2818-4bea-863d-6adaf5e59b71","service":"preplyte-api","stack":"InternalError: Question has no correct answer configured\n    at AptitudeModuleExecutor.handleAnswer (C:\\Users\\Raj Bhoite\\Desktop\\WD\\preplytef\\backend\\src\\module\\mock-drive\\attempt\\executors\\aptitude.executor.ts:257:13)\n    at async AttemptService.handleModuleAction (C:\\Users\\Raj Bhoite\\Desktop\\WD\\preplytef\\backend\\src\\module\\mock-drive\\attempt\\attempt.service.ts:248:25)\n    at async submitAptitudeAnswer (C:\\Users\\Raj Bhoite\\Desktop\\WD\\preplytef\\backend\\src\\module\\mock-drive\\attempt\\attempt.controller.ts:166:22)","timestamp":"2026-02-20 16:36:53","userAgent":"Mozilla/5.0 (Windows NT 10.0; Win64; x64) AppleWebKit/537.36 (KHTML, like Gecko) Chrome/144.0.0.0 Safari/537.36 Edg/144.0.0.0","userId":"cmluqlns4000gp3qc2r9ju34o"}
{"level":"info","message":"\u001b[0mPOST /api/mock-drives/cmlurj0uo000up3qc75i2h3lo/modules/cmlurj0x4000wp3qcvakeo5iw/aptitude/answer \u001b[31m500\u001b[0m 21.794 ms - 156\u001b[0m","service":"preplyte-api","timestamp":"2026-02-20 16:36:53"}
{"code":"INTERNAL_ERROR","ip":"127.0.0.1","level":"error","message":"Non-operational error Question has no correct answer configured","method":"POST","path":"/api/mock-drives/cmlurj0uo000up3qc75i2h3lo/modules/cmlurj0x4000wp3qcvakeo5iw/aptitude/answer","requestId":"18f27394-aa74-4ec1-9006-e86e5da528e2","service":"preplyte-api","stack":"InternalError: Question has no correct answer configured\n    at AptitudeModuleExecutor.handleAnswer (C:\\Users\\Raj Bhoite\\Desktop\\WD\\preplytef\\backend\\src\\module\\mock-drive\\attempt\\executors\\aptitude.executor.ts:257:13)\n    at async AttemptService.handleModuleAction (C:\\Users\\Raj Bhoite\\Desktop\\WD\\preplytef\\backend\\src\\module\\mock-drive\\attempt\\attempt.service.ts:248:25)\n    at async submitAptitudeAnswer (C:\\Users\\Raj Bhoite\\Desktop\\WD\\preplytef\\backend\\src\\module\\mock-drive\\attempt\\attempt.controller.ts:166:22)","timestamp":"2026-02-20 16:36:53","userAgent":"Mozilla/5.0 (Windows NT 10.0; Win64; x64) AppleWebKit/537.36 (KHTML, like Gecko) Chrome/144.0.0.0 Safari/537.36 Edg/144.0.0.0","userId":"cmluqlns4000gp3qc2r9ju34o"}
{"level":"info","message":"\u001b[0mPOST /api/mock-drives/cmlurj0uo000up3qc75i2h3lo/modules/cmlurj0x4000wp3qcvakeo5iw/aptitude/answer \u001b[31m500\u001b[0m 23.078 ms - 156\u001b[0m","service":"preplyte-api","timestamp":"2026-02-20 16:36:53"}
{"code":"INTERNAL_ERROR","ip":"127.0.0.1","level":"error","message":"Non-operational error Question has no correct answer configured","method":"POST","path":"/api/mock-drives/cmlurj0uo000up3qc75i2h3lo/modules/cmlurj0x4000wp3qcvakeo5iw/aptitude/answer","requestId":"882abd31-7519-45a2-9b73-4d3005c84716","service":"preplyte-api","stack":"InternalError: Question has no correct answer configured\n    at AptitudeModuleExecutor.handleAnswer (C:\\Users\\Raj Bhoite\\Desktop\\WD\\preplytef\\backend\\src\\module\\mock-drive\\attempt\\executors\\aptitude.executor.ts:257:13)\n    at async AttemptService.handleModuleAction (C:\\Users\\Raj Bhoite\\Desktop\\WD\\preplytef\\backend\\src\\module\\mock-drive\\attempt\\attempt.service.ts:248:25)\n    at async submitAptitudeAnswer (C:\\Users\\Raj Bhoite\\Desktop\\WD\\preplytef\\backend\\src\\module\\mock-drive\\attempt\\attempt.controller.ts:166:22)","timestamp":"2026-02-20 16:36:53","userAgent":"Mozilla/5.0 (Windows NT 10.0; Win64; x64) AppleWebKit/537.36 (KHTML, like Gecko) Chrome/144.0.0.0 Safari/537.36 Edg/144.0.0.0","userId":"cmluqlns4000gp3qc2r9ju34o"}
{"level":"info","message":"\u001b[0mPOST /api/mock-drives/cmlurj0uo000up3qc75i2h3lo/modules/cmlurj0x4000wp3qcvakeo5iw/aptitude/answer \u001b[31m500\u001b[0m 18.912 ms - 156\u001b[0m","service":"preplyte-api","timestamp":"2026-02-20 16:36:53"}
{"code":"INTERNAL_ERROR","ip":"127.0.0.1","level":"error","message":"Non-operational error Question has no correct answer configured","method":"POST","path":"/api/mock-drives/cmlurj0uo000up3qc75i2h3lo/modules/cmlurj0x4000wp3qcvakeo5iw/aptitude/answer","requestId":"7fa37529-ff1f-4fde-a0f7-6285667138b2","service":"preplyte-api","stack":"InternalError: Question has no correct answer configured\n    at AptitudeModuleExecutor.handleAnswer (C:\\Users\\Raj Bhoite\\Desktop\\WD\\preplytef\\backend\\src\\module\\mock-drive\\attempt\\executors\\aptitude.executor.ts:257:13)\n    at async AttemptService.handleModuleAction (C:\\Users\\Raj Bhoite\\Desktop\\WD\\preplytef\\backend\\src\\module\\mock-drive\\attempt\\attempt.service.ts:248:25)\n    at async submitAptitudeAnswer (C:\\Users\\Raj Bhoite\\Desktop\\WD\\preplytef\\backend\\src\\module\\mock-drive\\attempt\\attempt.controller.ts:166:22)","timestamp":"2026-02-20 16:36:54","userAgent":"Mozilla/5.0 (Windows NT 10.0; Win64; x64) AppleWebKit/537.36 (KHTML, like Gecko) Chrome/144.0.0.0 Safari/537.36 Edg/144.0.0.0","userId":"cmluqlns4000gp3qc2r9ju34o"}
{"level":"info","message":"\u001b[0mPOST /api/mock-drives/cmlurj0uo000up3qc75i2h3lo/modules/cmlurj0x4000wp3qcvakeo5iw/aptitude/answer \u001b[31m500\u001b[0m 44.477 ms - 156\u001b[0m","service":"preplyte-api","timestamp":"2026-02-20 16:36:54"}
{"code":"INTERNAL_ERROR","ip":"127.0.0.1","level":"error","message":"Non-operational error Question has no correct answer configured","method":"POST","path":"/api/mock-drives/cmlurj0uo000up3qc75i2h3lo/modules/cmlurj0x4000wp3qcvakeo5iw/aptitude/answer","requestId":"4d41ad38-f0b9-4ccd-bfe5-13b00ffdcd1a","service":"preplyte-api","stack":"InternalError: Question has no correct answer configured\n    at AptitudeModuleExecutor.handleAnswer (C:\\Users\\Raj Bhoite\\Desktop\\WD\\preplytef\\backend\\src\\module\\mock-drive\\attempt\\executors\\aptitude.executor.ts:257:13)\n    at async AttemptService.handleModuleAction (C:\\Users\\Raj Bhoite\\Desktop\\WD\\preplytef\\backend\\src\\module\\mock-drive\\attempt\\attempt.service.ts:248:25)\n    at async submitAptitudeAnswer (C:\\Users\\Raj Bhoite\\Desktop\\WD\\preplytef\\backend\\src\\module\\mock-drive\\attempt\\attempt.controller.ts:166:22)","timestamp":"2026-02-20 16:36:54","userAgent":"Mozilla/5.0 (Windows NT 10.0; Win64; x64) AppleWebKit/537.36 (KHTML, like Gecko) Chrome/144.0.0.0 Safari/537.36 Edg/144.0.0.0","userId":"cmluqlns4000gp3qc2r9ju34o"}
{"level":"info","message":"\u001b[0mPOST /api/mock-drives/cmlurj0uo000up3qc75i2h3lo/modules/cmlurj0x4000wp3qcvakeo5iw/aptitude/answer \u001b[31m500\u001b[0m 63.873 ms - 156\u001b[0m","service":"preplyte-api","timestamp":"2026-02-20 16:36:54"}
{"code":"INTERNAL_ERROR","ip":"127.0.0.1","level":"error","message":"Non-operational error Question has no correct answer configured","method":"POST","path":"/api/mock-drives/cmlurj0uo000up3qc75i2h3lo/modules/cmlurj0x4000wp3qcvakeo5iw/aptitude/answer","requestId":"3699ae87-7bc6-4c72-a90f-794f74ca50ef","service":"preplyte-api","stack":"InternalError: Question has no correct answer configured\n    at AptitudeModuleExecutor.handleAnswer (C:\\Users\\Raj Bhoite\\Desktop\\WD\\preplytef\\backend\\src\\module\\mock-drive\\attempt\\executors\\aptitude.executor.ts:257:13)\n    at async AttemptService.handleModuleAction (C:\\Users\\Raj Bhoite\\Desktop\\WD\\preplytef\\backend\\src\\module\\mock-drive\\attempt\\attempt.service.ts:248:25)\n    at async submitAptitudeAnswer (C:\\Users\\Raj Bhoite\\Desktop\\WD\\preplytef\\backend\\src\\module\\mock-drive\\attempt\\attempt.controller.ts:166:22)","timestamp":"2026-02-20 16:36:54","userAgent":"Mozilla/5.0 (Windows NT 10.0; Win64; x64) AppleWebKit/537.36 (KHTML, like Gecko) Chrome/144.0.0.0 Safari/537.36 Edg/144.0.0.0","userId":"cmluqlns4000gp3qc2r9ju34o"}
{"level":"info","message":"\u001b[0mPOST /api/mock-drives/cmlurj0uo000up3qc75i2h3lo/modules/cmlurj0x4000wp3qcvakeo5iw/aptitude/answer \u001b[31m500\u001b[0m 55.947 ms - 156\u001b[0m","service":"preplyte-api","timestamp":"2026-02-20 16:36:54"}
{"code":"INTERNAL_ERROR","ip":"127.0.0.1","level":"error","message":"Non-operational error Question has no correct answer configured","method":"POST","path":"/api/mock-drives/cmlurj0uo000up3qc75i2h3lo/modules/cmlurj0x4000wp3qcvakeo5iw/aptitude/answer","requestId":"96c85d67-5d19-4e0d-a933-8225db557c1b","service":"preplyte-api","stack":"InternalError: Question has no correct answer configured\n    at AptitudeModuleExecutor.handleAnswer (C:\\Users\\Raj Bhoite\\Desktop\\WD\\preplytef\\backend\\src\\module\\mock-drive\\attempt\\executors\\aptitude.executor.ts:257:13)\n    at async AttemptService.handleModuleAction (C:\\Users\\Raj Bhoite\\Desktop\\WD\\preplytef\\backend\\src\\module\\mock-drive\\attempt\\attempt.service.ts:248:25)\n    at async submitAptitudeAnswer (C:\\Users\\Raj Bhoite\\Desktop\\WD\\preplytef\\backend\\src\\module\\mock-drive\\attempt\\attempt.controller.ts:166:22)","timestamp":"2026-02-20 16:36:54","userAgent":"Mozilla/5.0 (Windows NT 10.0; Win64; x64) AppleWebKit/537.36 (KHTML, like Gecko) Chrome/144.0.0.0 Safari/537.36 Edg/144.0.0.0","userId":"cmluqlns4000gp3qc2r9ju34o"}
{"level":"info","message":"\u001b[0mPOST /api/mock-drives/cmlurj0uo000up3qc75i2h3lo/modules/cmlurj0x4000wp3qcvakeo5iw/aptitude/answer \u001b[31m500\u001b[0m 34.348 ms - 156\u001b[0m","service":"preplyte-api","timestamp":"2026-02-20 16:36:54"}
{"code":"INTERNAL_ERROR","ip":"127.0.0.1","level":"error","message":"Non-operational error Question has no correct answer configured","method":"POST","path":"/api/mock-drives/cmlurj0uo000up3qc75i2h3lo/modules/cmlurj0x4000wp3qcvakeo5iw/aptitude/answer","requestId":"b6c2c003-b59f-47c6-a987-c04ab047eba9","service":"preplyte-api","stack":"InternalError: Question has no correct answer configured\n    at AptitudeModuleExecutor.handleAnswer (C:\\Users\\Raj Bhoite\\Desktop\\WD\\preplytef\\backend\\src\\module\\mock-drive\\attempt\\executors\\aptitude.executor.ts:257:13)\n    at async AttemptService.handleModuleAction (C:\\Users\\Raj Bhoite\\Desktop\\WD\\preplytef\\backend\\src\\module\\mock-drive\\attempt\\attempt.service.ts:248:25)\n    at async submitAptitudeAnswer (C:\\Users\\Raj Bhoite\\Desktop\\WD\\preplytef\\backend\\src\\module\\mock-drive\\attempt\\attempt.controller.ts:166:22)","timestamp":"2026-02-20 16:36:55","userAgent":"Mozilla/5.0 (Windows NT 10.0; Win64; x64) AppleWebKit/537.36 (KHTML, like Gecko) Chrome/144.0.0.0 Safari/537.36 Edg/144.0.0.0","userId":"cmluqlns4000gp3qc2r9ju34o"}
{"level":"info","message":"\u001b[0mPOST /api/mock-drives/cmlurj0uo000up3qc75i2h3lo/modules/cmlurj0x4000wp3qcvakeo5iw/aptitude/answer \u001b[31m500\u001b[0m 14.432 ms - 156\u001b[0m","service":"preplyte-api","timestamp":"2026-02-20 16:36:55"}
{"code":"INTERNAL_ERROR","ip":"127.0.0.1","level":"error","message":"Non-operational error Question has no correct answer configured","method":"POST","path":"/api/mock-drives/cmlurj0uo000up3qc75i2h3lo/modules/cmlurj0x4000wp3qcvakeo5iw/aptitude/answer","requestId":"824e32bc-6ed5-415f-8e66-e956c376632e","service":"preplyte-api","stack":"InternalError: Question has no correct answer configured\n    at AptitudeModuleExecutor.handleAnswer (C:\\Users\\Raj Bhoite\\Desktop\\WD\\preplytef\\backend\\src\\module\\mock-drive\\attempt\\executors\\aptitude.executor.ts:257:13)\n    at async AttemptService.handleModuleAction (C:\\Users\\Raj Bhoite\\Desktop\\WD\\preplytef\\backend\\src\\module\\mock-drive\\attempt\\attempt.service.ts:248:25)\n    at async submitAptitudeAnswer (C:\\Users\\Raj Bhoite\\Desktop\\WD\\preplytef\\backend\\src\\module\\mock-drive\\attempt\\attempt.controller.ts:166:22)","timestamp":"2026-02-20 16:36:55","userAgent":"Mozilla/5.0 (Windows NT 10.0; Win64; x64) AppleWebKit/537.36 (KHTML, like Gecko) Chrome/144.0.0.0 Safari/537.36 Edg/144.0.0.0","userId":"cmluqlns4000gp3qc2r9ju34o"}
{"level":"info","message":"\u001b[0mPOST /api/mock-drives/cmlurj0uo000up3qc75i2h3lo/modules/cmlurj0x4000wp3qcvakeo5iw/aptitude/answer \u001b[31m500\u001b[0m 29.568 ms - 156\u001b[0m","service":"preplyte-api","timestamp":"2026-02-20 16:36:55"}
{"code":"INTERNAL_ERROR","ip":"127.0.0.1","level":"error","message":"Non-operational error Question has no correct answer configured","method":"POST","path":"/api/mock-drives/cmlurj0uo000up3qc75i2h3lo/modules/cmlurj0x4000wp3qcvakeo5iw/aptitude/answer","requestId":"c0d10acd-a535-4f96-a208-49e621116f69","service":"preplyte-api","stack":"InternalError: Question has no correct answer configured\n    at AptitudeModuleExecutor.handleAnswer (C:\\Users\\Raj Bhoite\\Desktop\\WD\\preplytef\\backend\\src\\module\\mock-drive\\attempt\\executors\\aptitude.executor.ts:257:13)\n    at async AttemptService.handleModuleAction (C:\\Users\\Raj Bhoite\\Desktop\\WD\\preplytef\\backend\\src\\module\\mock-drive\\attempt\\attempt.service.ts:248:25)\n    at async submitAptitudeAnswer (C:\\Users\\Raj Bhoite\\Desktop\\WD\\preplytef\\backend\\src\\module\\mock-drive\\attempt\\attempt.controller.ts:166:22)","timestamp":"2026-02-20 16:36:55","userAgent":"Mozilla/5.0 (Windows NT 10.0; Win64; x64) AppleWebKit/537.36 (KHTML, like Gecko) Chrome/144.0.0.0 Safari/537.36 Edg/144.0.0.0","userId":"cmluqlns4000gp3qc2r9ju34o"}
{"level":"info","message":"\u001b[0mPOST /api/mock-drives/cmlurj0uo000up3qc75i2h3lo/modules/cmlurj0x4000wp3qcvakeo5iw/aptitude/answer \u001b[31m500\u001b[0m 33.800 ms - 156\u001b[0m","service":"preplyte-api","timestamp":"2026-02-20 16:36:55"}
{"code":"INTERNAL_ERROR","ip":"127.0.0.1","level":"error","message":"Non-operational error Question has no correct answer configured","method":"POST","path":"/api/mock-drives/cmlurj0uo000up3qc75i2h3lo/modules/cmlurj0x4000wp3qcvakeo5iw/aptitude/answer","requestId":"392d0b4d-464b-4d4c-9e81-28a3e1f74e93","service":"preplyte-api","stack":"InternalError: Question has no correct answer configured\n    at AptitudeModuleExecutor.handleAnswer (C:\\Users\\Raj Bhoite\\Desktop\\WD\\preplytef\\backend\\src\\module\\mock-drive\\attempt\\executors\\aptitude.executor.ts:257:13)\n    at async AttemptService.handleModuleAction (C:\\Users\\Raj Bhoite\\Desktop\\WD\\preplytef\\backend\\src\\module\\mock-drive\\attempt\\attempt.service.ts:248:25)\n    at async submitAptitudeAnswer (C:\\Users\\Raj Bhoite\\Desktop\\WD\\preplytef\\backend\\src\\module\\mock-drive\\attempt\\attempt.controller.ts:166:22)","timestamp":"2026-02-20 16:36:55","userAgent":"Mozilla/5.0 (Windows NT 10.0; Win64; x64) AppleWebKit/537.36 (KHTML, like Gecko) Chrome/144.0.0.0 Safari/537.36 Edg/144.0.0.0","userId":"cmluqlns4000gp3qc2r9ju34o"}
{"level":"info","message":"\u001b[0mPOST /api/mock-drives/cmlurj0uo000up3qc75i2h3lo/modules/cmlurj0x4000wp3qcvakeo5iw/aptitude/answer \u001b[31m500\u001b[0m 36.695 ms - 156\u001b[0m","service":"preplyte-api","timestamp":"2026-02-20 16:36:55"}
{"code":"INTERNAL_ERROR","ip":"127.0.0.1","level":"error","message":"Non-operational error Question has no correct answer configured","method":"POST","path":"/api/mock-drives/cmlurj0uo000up3qc75i2h3lo/modules/cmlurj0x4000wp3qcvakeo5iw/aptitude/answer","requestId":"a22db33d-a1d6-4636-934b-b2ef0bc52e42","service":"preplyte-api","stack":"InternalError: Question has no correct answer configured\n    at AptitudeModuleExecutor.handleAnswer (C:\\Users\\Raj Bhoite\\Desktop\\WD\\preplytef\\backend\\src\\module\\mock-drive\\attempt\\executors\\aptitude.executor.ts:257:13)\n    at async AttemptService.handleModuleAction (C:\\Users\\Raj Bhoite\\Desktop\\WD\\preplytef\\backend\\src\\module\\mock-drive\\attempt\\attempt.service.ts:248:25)\n    at async submitAptitudeAnswer (C:\\Users\\Raj Bhoite\\Desktop\\WD\\preplytef\\backend\\src\\module\\mock-drive\\attempt\\attempt.controller.ts:166:22)","timestamp":"2026-02-20 16:36:56","userAgent":"Mozilla/5.0 (Windows NT 10.0; Win64; x64) AppleWebKit/537.36 (KHTML, like Gecko) Chrome/144.0.0.0 Safari/537.36 Edg/144.0.0.0","userId":"cmluqlns4000gp3qc2r9ju34o"}
{"level":"info","message":"\u001b[0mPOST /api/mock-drives/cmlurj0uo000up3qc75i2h3lo/modules/cmlurj0x4000wp3qcvakeo5iw/aptitude/answer \u001b[31m500\u001b[0m 27.410 ms - 156\u001b[0m","service":"preplyte-api","timestamp":"2026-02-20 16:36:56"}
{"code":"INTERNAL_ERROR","ip":"127.0.0.1","level":"error","message":"Non-operational error Question has no correct answer configured","method":"POST","path":"/api/mock-drives/cmlurj0uo000up3qc75i2h3lo/modules/cmlurj0x4000wp3qcvakeo5iw/aptitude/answer","requestId":"a931ef6f-3a25-4cf2-8034-c6bc9066f79f","service":"preplyte-api","stack":"InternalError: Question has no correct answer configured\n    at AptitudeModuleExecutor.handleAnswer (C:\\Users\\Raj Bhoite\\Desktop\\WD\\preplytef\\backend\\src\\module\\mock-drive\\attempt\\executors\\aptitude.executor.ts:257:13)\n    at async AttemptService.handleModuleAction (C:\\Users\\Raj Bhoite\\Desktop\\WD\\preplytef\\backend\\src\\module\\mock-drive\\attempt\\attempt.service.ts:248:25)\n    at async submitAptitudeAnswer (C:\\Users\\Raj Bhoite\\Desktop\\WD\\preplytef\\backend\\src\\module\\mock-drive\\attempt\\attempt.controller.ts:166:22)","timestamp":"2026-02-20 16:36:56","userAgent":"Mozilla/5.0 (Windows NT 10.0; Win64; x64) AppleWebKit/537.36 (KHTML, like Gecko) Chrome/144.0.0.0 Safari/537.36 Edg/144.0.0.0","userId":"cmluqlns4000gp3qc2r9ju34o"}
{"level":"info","message":"\u001b[0mPOST /api/mock-drives/cmlurj0uo000up3qc75i2h3lo/modules/cmlurj0x4000wp3qcvakeo5iw/aptitude/answer \u001b[31m500\u001b[0m 44.179 ms - 156\u001b[0m","service":"preplyte-api","timestamp":"2026-02-20 16:36:56"}
{"code":"INTERNAL_ERROR","ip":"127.0.0.1","level":"error","message":"Non-operational error Question has no correct answer configured","method":"POST","path":"/api/mock-drives/cmlurj0uo000up3qc75i2h3lo/modules/cmlurj0x4000wp3qcvakeo5iw/aptitude/answer","requestId":"87cbea92-83c7-40c2-ba23-53c7f252f831","service":"preplyte-api","stack":"InternalError: Question has no correct answer configured\n    at AptitudeModuleExecutor.handleAnswer (C:\\Users\\Raj Bhoite\\Desktop\\WD\\preplytef\\backend\\src\\module\\mock-drive\\attempt\\executors\\aptitude.executor.ts:257:13)\n    at async AttemptService.handleModuleAction (C:\\Users\\Raj Bhoite\\Desktop\\WD\\preplytef\\backend\\src\\module\\mock-drive\\attempt\\attempt.service.ts:248:25)\n    at async submitAptitudeAnswer (C:\\Users\\Raj Bhoite\\Desktop\\WD\\preplytef\\backend\\src\\module\\mock-drive\\attempt\\attempt.controller.ts:166:22)","timestamp":"2026-02-20 16:36:56","userAgent":"Mozilla/5.0 (Windows NT 10.0; Win64; x64) AppleWebKit/537.36 (KHTML, like Gecko) Chrome/144.0.0.0 Safari/537.36 Edg/144.0.0.0","userId":"cmluqlns4000gp3qc2r9ju34o"}
{"level":"info","message":"\u001b[0mPOST /api/mock-drives/cmlurj0uo000up3qc75i2h3lo/modules/cmlurj0x4000wp3qcvakeo5iw/aptitude/answer \u001b[31m500\u001b[0m 34.449 ms - 156\u001b[0m","service":"preplyte-api","timestamp":"2026-02-20 16:36:56"}
{"code":"INTERNAL_ERROR","ip":"127.0.0.1","level":"error","message":"Non-operational error Question has no correct answer configured","method":"POST","path":"/api/mock-drives/cmlurj0uo000up3qc75i2h3lo/modules/cmlurj0x4000wp3qcvakeo5iw/aptitude/answer","requestId":"bfb428b9-77b9-4cb3-b6e4-0f12e1ea25cf","service":"preplyte-api","stack":"InternalError: Question has no correct answer configured\n    at AptitudeModuleExecutor.handleAnswer (C:\\Users\\Raj Bhoite\\Desktop\\WD\\preplytef\\backend\\src\\module\\mock-drive\\attempt\\executors\\aptitude.executor.ts:257:13)\n    at async AttemptService.handleModuleAction (C:\\Users\\Raj Bhoite\\Desktop\\WD\\preplytef\\backend\\src\\module\\mock-drive\\attempt\\attempt.service.ts:248:25)\n    at async submitAptitudeAnswer (C:\\Users\\Raj Bhoite\\Desktop\\WD\\preplytef\\backend\\src\\module\\mock-drive\\attempt\\attempt.controller.ts:166:22)","timestamp":"2026-02-20 16:36:56","userAgent":"Mozilla/5.0 (Windows NT 10.0; Win64; x64) AppleWebKit/537.36 (KHTML, like Gecko) Chrome/144.0.0.0 Safari/537.36 Edg/144.0.0.0","userId":"cmluqlns4000gp3qc2r9ju34o"}
{"level":"info","message":"\u001b[0mPOST /api/mock-drives/cmlurj0uo000up3qc75i2h3lo/modules/cmlurj0x4000wp3qcvakeo5iw/aptitude/answer \u001b[31m500\u001b[0m 65.831 ms - 156\u001b[0m","service":"preplyte-api","timestamp":"2026-02-20 16:36:57"}
{"code":"INTERNAL_ERROR","ip":"127.0.0.1","level":"error","message":"Non-operational error Question has no correct answer configured","method":"POST","path":"/api/mock-drives/cmlurj0uo000up3qc75i2h3lo/modules/cmlurj0x4000wp3qcvakeo5iw/aptitude/answer","requestId":"05652e5c-32ae-48b3-8cbe-eb5bf06738ab","service":"preplyte-api","stack":"InternalError: Question has no correct answer configured\n    at AptitudeModuleExecutor.handleAnswer (C:\\Users\\Raj Bhoite\\Desktop\\WD\\preplytef\\backend\\src\\module\\mock-drive\\attempt\\executors\\aptitude.executor.ts:257:13)\n    at async AttemptService.handleModuleAction (C:\\Users\\Raj Bhoite\\Desktop\\WD\\preplytef\\backend\\src\\module\\mock-drive\\attempt\\attempt.service.ts:248:25)\n    at async submitAptitudeAnswer (C:\\Users\\Raj Bhoite\\Desktop\\WD\\preplytef\\backend\\src\\module\\mock-drive\\attempt\\attempt.controller.ts:166:22)","timestamp":"2026-02-20 16:36:57","userAgent":"Mozilla/5.0 (Windows NT 10.0; Win64; x64) AppleWebKit/537.36 (KHTML, like Gecko) Chrome/144.0.0.0 Safari/537.36 Edg/144.0.0.0","userId":"cmluqlns4000gp3qc2r9ju34o"}
{"level":"info","message":"\u001b[0mPOST /api/mock-drives/cmlurj0uo000up3qc75i2h3lo/modules/cmlurj0x4000wp3qcvakeo5iw/aptitude/answer \u001b[31m500\u001b[0m 67.353 ms - 156\u001b[0m","service":"preplyte-api","timestamp":"2026-02-20 16:36:57"}
{"code":"INTERNAL_ERROR","ip":"127.0.0.1","level":"error","message":"Non-operational error Question has no correct answer configured","method":"POST","path":"/api/mock-drives/cmlurj0uo000up3qc75i2h3lo/modules/cmlurj0x4000wp3qcvakeo5iw/aptitude/answer","requestId":"4171e435-5bed-494b-9af3-5072a0b39081","service":"preplyte-api","stack":"InternalError: Question has no correct answer configured\n    at AptitudeModuleExecutor.handleAnswer (C:\\Users\\Raj Bhoite\\Desktop\\WD\\preplytef\\backend\\src\\module\\mock-drive\\attempt\\executors\\aptitude.executor.ts:257:13)\n    at async AttemptService.handleModuleAction (C:\\Users\\Raj Bhoite\\Desktop\\WD\\preplytef\\backend\\src\\module\\mock-drive\\attempt\\attempt.service.ts:248:25)\n    at async submitAptitudeAnswer (C:\\Users\\Raj Bhoite\\Desktop\\WD\\preplytef\\backend\\src\\module\\mock-drive\\attempt\\attempt.controller.ts:166:22)","timestamp":"2026-02-20 16:36:57","userAgent":"Mozilla/5.0 (Windows NT 10.0; Win64; x64) AppleWebKit/537.36 (KHTML, like Gecko) Chrome/144.0.0.0 Safari/537.36 Edg/144.0.0.0","userId":"cmluqlns4000gp3qc2r9ju34o"}
{"level":"info","message":"\u001b[0mPOST /api/mock-drives/cmlurj0uo000up3qc75i2h3lo/modules/cmlurj0x4000wp3qcvakeo5iw/aptitude/answer \u001b[31m500\u001b[0m 31.365 ms - 156\u001b[0m","service":"preplyte-api","timestamp":"2026-02-20 16:36:57"}
{"code":"INTERNAL_ERROR","ip":"127.0.0.1","level":"error","message":"Non-operational error Question has no correct answer configured","method":"POST","path":"/api/mock-drives/cmlurj0uo000up3qc75i2h3lo/modules/cmlurj0x4000wp3qcvakeo5iw/aptitude/answer","requestId":"72c03130-8367-478e-bf48-513d00d57e6e","service":"preplyte-api","stack":"InternalError: Question has no correct answer configured\n    at AptitudeModuleExecutor.handleAnswer (C:\\Users\\Raj Bhoite\\Desktop\\WD\\preplytef\\backend\\src\\module\\mock-drive\\attempt\\executors\\aptitude.executor.ts:257:13)\n    at async AttemptService.handleModuleAction (C:\\Users\\Raj Bhoite\\Desktop\\WD\\preplytef\\backend\\src\\module\\mock-drive\\attempt\\attempt.service.ts:248:25)\n    at async submitAptitudeAnswer (C:\\Users\\Raj Bhoite\\Desktop\\WD\\preplytef\\backend\\src\\module\\mock-drive\\attempt\\attempt.controller.ts:166:22)","timestamp":"2026-02-20 16:36:57","userAgent":"Mozilla/5.0 (Windows NT 10.0; Win64; x64) AppleWebKit/537.36 (KHTML, like Gecko) Chrome/144.0.0.0 Safari/537.36 Edg/144.0.0.0","userId":"cmluqlns4000gp3qc2r9ju34o"}
{"level":"info","message":"\u001b[0mPOST /api/mock-drives/cmlurj0uo000up3qc75i2h3lo/modules/cmlurj0x4000wp3qcvakeo5iw/aptitude/answer \u001b[31m500\u001b[0m 31.390 ms - 156\u001b[0m","service":"preplyte-api","timestamp":"2026-02-20 16:36:57"}
{"code":"INTERNAL_ERROR","ip":"127.0.0.1","level":"error","message":"Non-operational error Question has no correct answer configured","method":"POST","path":"/api/mock-drives/cmlurj0uo000up3qc75i2h3lo/modules/cmlurj0x4000wp3qcvakeo5iw/aptitude/answer","requestId":"ea3fe97a-0d1a-458f-ac36-6d06cd1ab8b0","service":"preplyte-api","stack":"InternalError: Question has no correct answer configured\n    at AptitudeModuleExecutor.handleAnswer (C:\\Users\\Raj Bhoite\\Desktop\\WD\\preplytef\\backend\\src\\module\\mock-drive\\attempt\\executors\\aptitude.executor.ts:257:13)\n    at async AttemptService.handleModuleAction (C:\\Users\\Raj Bhoite\\Desktop\\WD\\preplytef\\backend\\src\\module\\mock-drive\\attempt\\attempt.service.ts:248:25)\n    at async submitAptitudeAnswer (C:\\Users\\Raj Bhoite\\Desktop\\WD\\preplytef\\backend\\src\\module\\mock-drive\\attempt\\attempt.controller.ts:166:22)","timestamp":"2026-02-20 16:36:57","userAgent":"Mozilla/5.0 (Windows NT 10.0; Win64; x64) AppleWebKit/537.36 (KHTML, like Gecko) Chrome/144.0.0.0 Safari/537.36 Edg/144.0.0.0","userId":"cmluqlns4000gp3qc2r9ju34o"}
{"level":"info","message":"\u001b[0mPOST /api/mock-drives/cmlurj0uo000up3qc75i2h3lo/modules/cmlurj0x4000wp3qcvakeo5iw/aptitude/answer \u001b[31m500\u001b[0m 30.607 ms - 156\u001b[0m","service":"preplyte-api","timestamp":"2026-02-20 16:36:57"}
{"code":"INTERNAL_ERROR","ip":"127.0.0.1","level":"error","message":"Non-operational error Question has no correct answer configured","method":"POST","path":"/api/mock-drives/cmlurj0uo000up3qc75i2h3lo/modules/cmlurj0x4000wp3qcvakeo5iw/aptitude/answer","requestId":"2c362927-6c9b-40c2-93e2-568d2aacdf64","service":"preplyte-api","stack":"InternalError: Question has no correct answer configured\n    at AptitudeModuleExecutor.handleAnswer (C:\\Users\\Raj Bhoite\\Desktop\\WD\\preplytef\\backend\\src\\module\\mock-drive\\attempt\\executors\\aptitude.executor.ts:257:13)\n    at async AttemptService.handleModuleAction (C:\\Users\\Raj Bhoite\\Desktop\\WD\\preplytef\\backend\\src\\module\\mock-drive\\attempt\\attempt.service.ts:248:25)\n    at async submitAptitudeAnswer (C:\\Users\\Raj Bhoite\\Desktop\\WD\\preplytef\\backend\\src\\module\\mock-drive\\attempt\\attempt.controller.ts:166:22)","timestamp":"2026-02-20 16:36:58","userAgent":"Mozilla/5.0 (Windows NT 10.0; Win64; x64) AppleWebKit/537.36 (KHTML, like Gecko) Chrome/144.0.0.0 Safari/537.36 Edg/144.0.0.0","userId":"cmluqlns4000gp3qc2r9ju34o"}
{"level":"info","message":"\u001b[0mPOST /api/mock-drives/cmlurj0uo000up3qc75i2h3lo/modules/cmlurj0x4000wp3qcvakeo5iw/aptitude/answer \u001b[31m500\u001b[0m 115.088 ms - 156\u001b[0m","service":"preplyte-api","timestamp":"2026-02-20 16:36:58"}
{"code":"INTERNAL_ERROR","ip":"127.0.0.1","level":"error","message":"Non-operational error Question has no correct answer configured","method":"POST","path":"/api/mock-drives/cmlurj0uo000up3qc75i2h3lo/modules/cmlurj0x4000wp3qcvakeo5iw/aptitude/answer","requestId":"f71185ca-9b80-493c-ae5a-6ffa981e9c2c","service":"preplyte-api","stack":"InternalError: Question has no correct answer configured\n    at AptitudeModuleExecutor.handleAnswer (C:\\Users\\Raj Bhoite\\Desktop\\WD\\preplytef\\backend\\src\\module\\mock-drive\\attempt\\executors\\aptitude.executor.ts:257:13)\n    at async AttemptService.handleModuleAction (C:\\Users\\Raj Bhoite\\Desktop\\WD\\preplytef\\backend\\src\\module\\mock-drive\\attempt\\attempt.service.ts:248:25)\n    at async submitAptitudeAnswer (C:\\Users\\Raj Bhoite\\Desktop\\WD\\preplytef\\backend\\src\\module\\mock-drive\\attempt\\attempt.controller.ts:166:22)","timestamp":"2026-02-20 16:36:58","userAgent":"Mozilla/5.0 (Windows NT 10.0; Win64; x64) AppleWebKit/537.36 (KHTML, like Gecko) Chrome/144.0.0.0 Safari/537.36 Edg/144.0.0.0","userId":"cmluqlns4000gp3qc2r9ju34o"}
{"level":"info","message":"\u001b[0mPOST /api/mock-drives/cmlurj0uo000up3qc75i2h3lo/modules/cmlurj0x4000wp3qcvakeo5iw/aptitude/answer \u001b[31m500\u001b[0m 120.214 ms - 156\u001b[0m","service":"preplyte-api","timestamp":"2026-02-20 16:36:58"}
{"code":"INTERNAL_ERROR","ip":"127.0.0.1","level":"error","message":"Non-operational error Question has no correct answer configured","method":"POST","path":"/api/mock-drives/cmlurj0uo000up3qc75i2h3lo/modules/cmlurj0x4000wp3qcvakeo5iw/aptitude/answer","requestId":"89806f61-adf3-4d2f-9d3f-623de1c77f73","service":"preplyte-api","stack":"InternalError: Question has no correct answer configured\n    at AptitudeModuleExecutor.handleAnswer (C:\\Users\\Raj Bhoite\\Desktop\\WD\\preplytef\\backend\\src\\module\\mock-drive\\attempt\\executors\\aptitude.executor.ts:257:13)\n    at async AttemptService.handleModuleAction (C:\\Users\\Raj Bhoite\\Desktop\\WD\\preplytef\\backend\\src\\module\\mock-drive\\attempt\\attempt.service.ts:248:25)\n    at async submitAptitudeAnswer (C:\\Users\\Raj Bhoite\\Desktop\\WD\\preplytef\\backend\\src\\module\\mock-drive\\attempt\\attempt.controller.ts:166:22)","timestamp":"2026-02-20 16:36:58","userAgent":"Mozilla/5.0 (Windows NT 10.0; Win64; x64) AppleWebKit/537.36 (KHTML, like Gecko) Chrome/144.0.0.0 Safari/537.36 Edg/144.0.0.0","userId":"cmluqlns4000gp3qc2r9ju34o"}
{"level":"info","message":"\u001b[0mPOST /api/mock-drives/cmlurj0uo000up3qc75i2h3lo/modules/cmlurj0x4000wp3qcvakeo5iw/aptitude/answer \u001b[31m500\u001b[0m 45.052 ms - 156\u001b[0m","service":"preplyte-api","timestamp":"2026-02-20 16:36:58"}
{"code":"INTERNAL_ERROR","ip":"127.0.0.1","level":"error","message":"Non-operational error Question has no correct answer configured","method":"POST","path":"/api/mock-drives/cmlurj0uo000up3qc75i2h3lo/modules/cmlurj0x4000wp3qcvakeo5iw/aptitude/answer","requestId":"ddd48413-abaa-4b96-8a31-ee5c6ef39291","service":"preplyte-api","stack":"InternalError: Question has no correct answer configured\n    at AptitudeModuleExecutor.handleAnswer (C:\\Users\\Raj Bhoite\\Desktop\\WD\\preplytef\\backend\\src\\module\\mock-drive\\attempt\\executors\\aptitude.executor.ts:257:13)\n    at async AttemptService.handleModuleAction (C:\\Users\\Raj Bhoite\\Desktop\\WD\\preplytef\\backend\\src\\module\\mock-drive\\attempt\\attempt.service.ts:248:25)\n    at async submitAptitudeAnswer (C:\\Users\\Raj Bhoite\\Desktop\\WD\\preplytef\\backend\\src\\module\\mock-drive\\attempt\\attempt.controller.ts:166:22)","timestamp":"2026-02-20 16:36:58","userAgent":"Mozilla/5.0 (Windows NT 10.0; Win64; x64) AppleWebKit/537.36 (KHTML, like Gecko) Chrome/144.0.0.0 Safari/537.36 Edg/144.0.0.0","userId":"cmluqlns4000gp3qc2r9ju34o"}
{"level":"info","message":"\u001b[0mPOST /api/mock-drives/cmlurj0uo000up3qc75i2h3lo/modules/cmlurj0x4000wp3qcvakeo5iw/aptitude/answer \u001b[31m500\u001b[0m 49.934 ms - 156\u001b[0m","service":"preplyte-api","timestamp":"2026-02-20 16:36:58"}
{"code":"INTERNAL_ERROR","ip":"127.0.0.1","level":"error","message":"Non-operational error Question has no correct answer configured","method":"POST","path":"/api/mock-drives/cmlurj0uo000up3qc75i2h3lo/modules/cmlurj0x4000wp3qcvakeo5iw/aptitude/answer","requestId":"f8b763ed-454e-47ce-bc7c-5224397ee2fa","service":"preplyte-api","stack":"InternalError: Question has no correct answer configured\n    at AptitudeModuleExecutor.handleAnswer (C:\\Users\\Raj Bhoite\\Desktop\\WD\\preplytef\\backend\\src\\module\\mock-drive\\attempt\\executors\\aptitude.executor.ts:257:13)\n    at async AttemptService.handleModuleAction (C:\\Users\\Raj Bhoite\\Desktop\\WD\\preplytef\\backend\\src\\module\\mock-drive\\attempt\\attempt.service.ts:248:25)\n    at async submitAptitudeAnswer (C:\\Users\\Raj Bhoite\\Desktop\\WD\\preplytef\\backend\\src\\module\\mock-drive\\attempt\\attempt.controller.ts:166:22)","timestamp":"2026-02-20 16:36:58","userAgent":"Mozilla/5.0 (Windows NT 10.0; Win64; x64) AppleWebKit/537.36 (KHTML, like Gecko) Chrome/144.0.0.0 Safari/537.36 Edg/144.0.0.0","userId":"cmluqlns4000gp3qc2r9ju34o"}
{"level":"info","message":"\u001b[0mPOST /api/mock-drives/cmlurj0uo000up3qc75i2h3lo/modules/cmlurj0x4000wp3qcvakeo5iw/aptitude/answer \u001b[31m500\u001b[0m 70.590 ms - 156\u001b[0m","service":"preplyte-api","timestamp":"2026-02-20 16:36:58"}
{"code":"INTERNAL_ERROR","ip":"127.0.0.1","level":"error","message":"Non-operational error Question has no correct answer configured","method":"POST","path":"/api/mock-drives/cmlurj0uo000up3qc75i2h3lo/modules/cmlurj0x4000wp3qcvakeo5iw/aptitude/answer","requestId":"36aec862-3b05-4f9e-86f0-606cca6bad69","service":"preplyte-api","stack":"InternalError: Question has no correct answer configured\n    at AptitudeModuleExecutor.handleAnswer (C:\\Users\\Raj Bhoite\\Desktop\\WD\\preplytef\\backend\\src\\module\\mock-drive\\attempt\\executors\\aptitude.executor.ts:257:13)\n    at async AttemptService.handleModuleAction (C:\\Users\\Raj Bhoite\\Desktop\\WD\\preplytef\\backend\\src\\module\\mock-drive\\attempt\\attempt.service.ts:248:25)\n    at async submitAptitudeAnswer (C:\\Users\\Raj Bhoite\\Desktop\\WD\\preplytef\\backend\\src\\module\\mock-drive\\attempt\\attempt.controller.ts:166:22)","timestamp":"2026-02-20 16:36:59","userAgent":"Mozilla/5.0 (Windows NT 10.0; Win64; x64) AppleWebKit/537.36 (KHTML, like Gecko) Chrome/144.0.0.0 Safari/537.36 Edg/144.0.0.0","userId":"cmluqlns4000gp3qc2r9ju34o"}
{"level":"info","message":"\u001b[0mPOST /api/mock-drives/cmlurj0uo000up3qc75i2h3lo/modules/cmlurj0x4000wp3qcvakeo5iw/aptitude/answer \u001b[31m500\u001b[0m 26.695 ms - 156\u001b[0m","service":"preplyte-api","timestamp":"2026-02-20 16:36:59"}
{"code":"INTERNAL_ERROR","ip":"127.0.0.1","level":"error","message":"Non-operational error Question has no correct answer configured","method":"POST","path":"/api/mock-drives/cmlurj0uo000up3qc75i2h3lo/modules/cmlurj0x4000wp3qcvakeo5iw/aptitude/answer","requestId":"ce950f2e-8a83-4f76-a6fb-47a836fe8f55","service":"preplyte-api","stack":"InternalError: Question has no correct answer configured\n    at AptitudeModuleExecutor.handleAnswer (C:\\Users\\Raj Bhoite\\Desktop\\WD\\preplytef\\backend\\src\\module\\mock-drive\\attempt\\executors\\aptitude.executor.ts:257:13)\n    at async AttemptService.handleModuleAction (C:\\Users\\Raj Bhoite\\Desktop\\WD\\preplytef\\backend\\src\\module\\mock-drive\\attempt\\attempt.service.ts:248:25)\n    at async submitAptitudeAnswer (C:\\Users\\Raj Bhoite\\Desktop\\WD\\preplytef\\backend\\src\\module\\mock-drive\\attempt\\attempt.controller.ts:166:22)","timestamp":"2026-02-20 16:36:59","userAgent":"Mozilla/5.0 (Windows NT 10.0; Win64; x64) AppleWebKit/537.36 (KHTML, like Gecko) Chrome/144.0.0.0 Safari/537.36 Edg/144.0.0.0","userId":"cmluqlns4000gp3qc2r9ju34o"}
{"level":"info","message":"\u001b[0mPOST /api/mock-drives/cmlurj0uo000up3qc75i2h3lo/modules/cmlurj0x4000wp3qcvakeo5iw/aptitude/answer \u001b[31m500\u001b[0m 36.456 ms - 156\u001b[0m","service":"preplyte-api","timestamp":"2026-02-20 16:36:59"}
{"code":"INTERNAL_ERROR","ip":"127.0.0.1","level":"error","message":"Non-operational error Question has no correct answer configured","method":"POST","path":"/api/mock-drives/cmlurj0uo000up3qc75i2h3lo/modules/cmlurj0x4000wp3qcvakeo5iw/aptitude/answer","requestId":"58db0251-2a2e-4d89-9259-6b7708e18c8f","service":"preplyte-api","stack":"InternalError: Question has no correct answer configured\n    at AptitudeModuleExecutor.handleAnswer (C:\\Users\\Raj Bhoite\\Desktop\\WD\\preplytef\\backend\\src\\module\\mock-drive\\attempt\\executors\\aptitude.executor.ts:257:13)\n    at async AttemptService.handleModuleAction (C:\\Users\\Raj Bhoite\\Desktop\\WD\\preplytef\\backend\\src\\module\\mock-drive\\attempt\\attempt.service.ts:248:25)\n    at async submitAptitudeAnswer (C:\\Users\\Raj Bhoite\\Desktop\\WD\\preplytef\\backend\\src\\module\\mock-drive\\attempt\\attempt.controller.ts:166:22)","timestamp":"2026-02-20 16:36:59","userAgent":"Mozilla/5.0 (Windows NT 10.0; Win64; x64) AppleWebKit/537.36 (KHTML, like Gecko) Chrome/144.0.0.0 Safari/537.36 Edg/144.0.0.0","userId":"cmluqlns4000gp3qc2r9ju34o"}
{"level":"info","message":"\u001b[0mPOST /api/mock-drives/cmlurj0uo000up3qc75i2h3lo/modules/cmlurj0x4000wp3qcvakeo5iw/aptitude/answer \u001b[31m500\u001b[0m 38.085 ms - 156\u001b[0m","service":"preplyte-api","timestamp":"2026-02-20 16:36:59"}
{"code":"INTERNAL_ERROR","ip":"127.0.0.1","level":"error","message":"Non-operational error Question has no correct answer configured","method":"POST","path":"/api/mock-drives/cmlurj0uo000up3qc75i2h3lo/modules/cmlurj0x4000wp3qcvakeo5iw/aptitude/answer","requestId":"30cf403f-eba1-475d-a40e-f797e12c7140","service":"preplyte-api","stack":"InternalError: Question has no correct answer configured\n    at AptitudeModuleExecutor.handleAnswer (C:\\Users\\Raj Bhoite\\Desktop\\WD\\preplytef\\backend\\src\\module\\mock-drive\\attempt\\executors\\aptitude.executor.ts:257:13)\n    at async AttemptService.handleModuleAction (C:\\Users\\Raj Bhoite\\Desktop\\WD\\preplytef\\backend\\src\\module\\mock-drive\\attempt\\attempt.service.ts:248:25)\n    at async submitAptitudeAnswer (C:\\Users\\Raj Bhoite\\Desktop\\WD\\preplytef\\backend\\src\\module\\mock-drive\\attempt\\attempt.controller.ts:166:22)","timestamp":"2026-02-20 16:36:59","userAgent":"Mozilla/5.0 (Windows NT 10.0; Win64; x64) AppleWebKit/537.36 (KHTML, like Gecko) Chrome/144.0.0.0 Safari/537.36 Edg/144.0.0.0","userId":"cmluqlns4000gp3qc2r9ju34o"}
{"level":"info","message":"\u001b[0mPOST /api/mock-drives/cmlurj0uo000up3qc75i2h3lo/modules/cmlurj0x4000wp3qcvakeo5iw/aptitude/answer \u001b[31m500\u001b[0m 61.997 ms - 156\u001b[0m","service":"preplyte-api","timestamp":"2026-02-20 16:36:59"}
{"code":"INTERNAL_ERROR","ip":"127.0.0.1","level":"error","message":"Non-operational error Question has no correct answer configured","method":"POST","path":"/api/mock-drives/cmlurj0uo000up3qc75i2h3lo/modules/cmlurj0x4000wp3qcvakeo5iw/aptitude/answer","requestId":"e90246e2-148a-4d94-aa33-3689f0b42a4f","service":"preplyte-api","stack":"InternalError: Question has no correct answer configured\n    at AptitudeModuleExecutor.handleAnswer (C:\\Users\\Raj Bhoite\\Desktop\\WD\\preplytef\\backend\\src\\module\\mock-drive\\attempt\\executors\\aptitude.executor.ts:257:13)\n    at async AttemptService.handleModuleAction (C:\\Users\\Raj Bhoite\\Desktop\\WD\\preplytef\\backend\\src\\module\\mock-drive\\attempt\\attempt.service.ts:248:25)\n    at async submitAptitudeAnswer (C:\\Users\\Raj Bhoite\\Desktop\\WD\\preplytef\\backend\\src\\module\\mock-drive\\attempt\\attempt.controller.ts:166:22)","timestamp":"2026-02-20 16:36:59","userAgent":"Mozilla/5.0 (Windows NT 10.0; Win64; x64) AppleWebKit/537.36 (KHTML, like Gecko) Chrome/144.0.0.0 Safari/537.36 Edg/144.0.0.0","userId":"cmluqlns4000gp3qc2r9ju34o"}
{"level":"info","message":"\u001b[0mPOST /api/mock-drives/cmlurj0uo000up3qc75i2h3lo/modules/cmlurj0x4000wp3qcvakeo5iw/aptitude/answer \u001b[31m500\u001b[0m 85.802 ms - 156\u001b[0m","service":"preplyte-api","timestamp":"2026-02-20 16:36:59"}
{"code":"INTERNAL_ERROR","ip":"127.0.0.1","level":"error","message":"Non-operational error Question has no correct answer configured","method":"POST","path":"/api/mock-drives/cmlurj0uo000up3qc75i2h3lo/modules/cmlurj0x4000wp3qcvakeo5iw/aptitude/answer","requestId":"eb80ba10-5787-48f3-a294-10880e58abe0","service":"preplyte-api","stack":"InternalError: Question has no correct answer configured\n    at AptitudeModuleExecutor.handleAnswer (C:\\Users\\Raj Bhoite\\Desktop\\WD\\preplytef\\backend\\src\\module\\mock-drive\\attempt\\executors\\aptitude.executor.ts:257:13)\n    at async AttemptService.handleModuleAction (C:\\Users\\Raj Bhoite\\Desktop\\WD\\preplytef\\backend\\src\\module\\mock-drive\\attempt\\attempt.service.ts:248:25)\n    at async submitAptitudeAnswer (C:\\Users\\Raj Bhoite\\Desktop\\WD\\preplytef\\backend\\src\\module\\mock-drive\\attempt\\attempt.controller.ts:166:22)","timestamp":"2026-02-20 16:36:59","userAgent":"Mozilla/5.0 (Windows NT 10.0; Win64; x64) AppleWebKit/537.36 (KHTML, like Gecko) Chrome/144.0.0.0 Safari/537.36 Edg/144.0.0.0","userId":"cmluqlns4000gp3qc2r9ju34o"}
{"level":"info","message":"\u001b[0mPOST /api/mock-drives/cmlurj0uo000up3qc75i2h3lo/modules/cmlurj0x4000wp3qcvakeo5iw/aptitude/answer \u001b[31m500\u001b[0m 67.662 ms - 156\u001b[0m","service":"preplyte-api","timestamp":"2026-02-20 16:36:59"}
{"code":"INTERNAL_ERROR","ip":"127.0.0.1","level":"error","message":"Non-operational error Question has no correct answer configured","method":"POST","path":"/api/mock-drives/cmlurj0uo000up3qc75i2h3lo/modules/cmlurj0x4000wp3qcvakeo5iw/aptitude/answer","requestId":"0a962cfc-f8b1-43d8-983a-791901588dd8","service":"preplyte-api","stack":"InternalError: Question has no correct answer configured\n    at AptitudeModuleExecutor.handleAnswer (C:\\Users\\Raj Bhoite\\Desktop\\WD\\preplytef\\backend\\src\\module\\mock-drive\\attempt\\executors\\aptitude.executor.ts:257:13)\n    at async AttemptService.handleModuleAction (C:\\Users\\Raj Bhoite\\Desktop\\WD\\preplytef\\backend\\src\\module\\mock-drive\\attempt\\attempt.service.ts:248:25)\n    at async submitAptitudeAnswer (C:\\Users\\Raj Bhoite\\Desktop\\WD\\preplytef\\backend\\src\\module\\mock-drive\\attempt\\attempt.controller.ts:166:22)","timestamp":"2026-02-20 16:37:00","userAgent":"Mozilla/5.0 (Windows NT 10.0; Win64; x64) AppleWebKit/537.36 (KHTML, like Gecko) Chrome/144.0.0.0 Safari/537.36 Edg/144.0.0.0","userId":"cmluqlns4000gp3qc2r9ju34o"}
{"level":"info","message":"\u001b[0mPOST /api/mock-drives/cmlurj0uo000up3qc75i2h3lo/modules/cmlurj0x4000wp3qcvakeo5iw/aptitude/answer \u001b[31m500\u001b[0m 112.147 ms - 156\u001b[0m","service":"preplyte-api","timestamp":"2026-02-20 16:37:00"}
{"code":"INTERNAL_ERROR","ip":"127.0.0.1","level":"error","message":"Non-operational error Question has no correct answer configured","method":"POST","path":"/api/mock-drives/cmlurj0uo000up3qc75i2h3lo/modules/cmlurj0x4000wp3qcvakeo5iw/aptitude/answer","requestId":"8645e64a-24de-44f9-94cb-90ec7cc48fa6","service":"preplyte-api","stack":"InternalError: Question has no correct answer configured\n    at AptitudeModuleExecutor.handleAnswer (C:\\Users\\Raj Bhoite\\Desktop\\WD\\preplytef\\backend\\src\\module\\mock-drive\\attempt\\executors\\aptitude.executor.ts:257:13)\n    at async AttemptService.handleModuleAction (C:\\Users\\Raj Bhoite\\Desktop\\WD\\preplytef\\backend\\src\\module\\mock-drive\\attempt\\attempt.service.ts:248:25)\n    at async submitAptitudeAnswer (C:\\Users\\Raj Bhoite\\Desktop\\WD\\preplytef\\backend\\src\\module\\mock-drive\\attempt\\attempt.controller.ts:166:22)","timestamp":"2026-02-20 16:37:00","userAgent":"Mozilla/5.0 (Windows NT 10.0; Win64; x64) AppleWebKit/537.36 (KHTML, like Gecko) Chrome/144.0.0.0 Safari/537.36 Edg/144.0.0.0","userId":"cmluqlns4000gp3qc2r9ju34o"}
{"level":"info","message":"\u001b[0mPOST /api/mock-drives/cmlurj0uo000up3qc75i2h3lo/modules/cmlurj0x4000wp3qcvakeo5iw/aptitude/answer \u001b[31m500\u001b[0m 142.001 ms - 156\u001b[0m","service":"preplyte-api","timestamp":"2026-02-20 16:37:00"}
{"code":"INTERNAL_ERROR","ip":"127.0.0.1","level":"error","message":"Non-operational error Question has no correct answer configured","method":"POST","path":"/api/mock-drives/cmlurj0uo000up3qc75i2h3lo/modules/cmlurj0x4000wp3qcvakeo5iw/aptitude/answer","requestId":"4c894d3e-56f7-42d9-b36e-b5593dcbb1bb","service":"preplyte-api","stack":"InternalError: Question has no correct answer configured\n    at AptitudeModuleExecutor.handleAnswer (C:\\Users\\Raj Bhoite\\Desktop\\WD\\preplytef\\backend\\src\\module\\mock-drive\\attempt\\executors\\aptitude.executor.ts:257:13)\n    at async AttemptService.handleModuleAction (C:\\Users\\Raj Bhoite\\Desktop\\WD\\preplytef\\backend\\src\\module\\mock-drive\\attempt\\attempt.service.ts:248:25)\n    at async submitAptitudeAnswer (C:\\Users\\Raj Bhoite\\Desktop\\WD\\preplytef\\backend\\src\\module\\mock-drive\\attempt\\attempt.controller.ts:166:22)","timestamp":"2026-02-20 16:37:00","userAgent":"Mozilla/5.0 (Windows NT 10.0; Win64; x64) AppleWebKit/537.36 (KHTML, like Gecko) Chrome/144.0.0.0 Safari/537.36 Edg/144.0.0.0","userId":"cmluqlns4000gp3qc2r9ju34o"}
{"level":"info","message":"\u001b[0mPOST /api/mock-drives/cmlurj0uo000up3qc75i2h3lo/modules/cmlurj0x4000wp3qcvakeo5iw/aptitude/answer \u001b[31m500\u001b[0m 22.612 ms - 156\u001b[0m","service":"preplyte-api","timestamp":"2026-02-20 16:37:00"}
{"code":"INTERNAL_ERROR","ip":"127.0.0.1","level":"error","message":"Non-operational error Question has no correct answer configured","method":"POST","path":"/api/mock-drives/cmlurj0uo000up3qc75i2h3lo/modules/cmlurj0x4000wp3qcvakeo5iw/aptitude/answer","requestId":"c7ad9dc1-f06f-40aa-b929-bd90722d1a8e","service":"preplyte-api","stack":"InternalError: Question has no correct answer configured\n    at AptitudeModuleExecutor.handleAnswer (C:\\Users\\Raj Bhoite\\Desktop\\WD\\preplytef\\backend\\src\\module\\mock-drive\\attempt\\executors\\aptitude.executor.ts:257:13)\n    at async AttemptService.handleModuleAction (C:\\Users\\Raj Bhoite\\Desktop\\WD\\preplytef\\backend\\src\\module\\mock-drive\\attempt\\attempt.service.ts:248:25)\n    at async submitAptitudeAnswer (C:\\Users\\Raj Bhoite\\Desktop\\WD\\preplytef\\backend\\src\\module\\mock-drive\\attempt\\attempt.controller.ts:166:22)","timestamp":"2026-02-20 16:37:00","userAgent":"Mozilla/5.0 (Windows NT 10.0; Win64; x64) AppleWebKit/537.36 (KHTML, like Gecko) Chrome/144.0.0.0 Safari/537.36 Edg/144.0.0.0","userId":"cmluqlns4000gp3qc2r9ju34o"}
{"level":"info","message":"\u001b[0mPOST /api/mock-drives/cmlurj0uo000up3qc75i2h3lo/modules/cmlurj0x4000wp3qcvakeo5iw/aptitude/answer \u001b[31m500\u001b[0m 23.393 ms - 156\u001b[0m","service":"preplyte-api","timestamp":"2026-02-20 16:37:00"}
{"code":"INTERNAL_ERROR","ip":"127.0.0.1","level":"error","message":"Non-operational error Question has no correct answer configured","method":"POST","path":"/api/mock-drives/cmlurj0uo000up3qc75i2h3lo/modules/cmlurj0x4000wp3qcvakeo5iw/aptitude/answer","requestId":"c0a50414-1fd8-4fa9-84fd-2c7a35aac52d","service":"preplyte-api","stack":"InternalError: Question has no correct answer configured\n    at AptitudeModuleExecutor.handleAnswer (C:\\Users\\Raj Bhoite\\Desktop\\WD\\preplytef\\backend\\src\\module\\mock-drive\\attempt\\executors\\aptitude.executor.ts:257:13)\n    at async AttemptService.handleModuleAction (C:\\Users\\Raj Bhoite\\Desktop\\WD\\preplytef\\backend\\src\\module\\mock-drive\\attempt\\attempt.service.ts:248:25)\n    at async submitAptitudeAnswer (C:\\Users\\Raj Bhoite\\Desktop\\WD\\preplytef\\backend\\src\\module\\mock-drive\\attempt\\attempt.controller.ts:166:22)","timestamp":"2026-02-20 16:37:00","userAgent":"Mozilla/5.0 (Windows NT 10.0; Win64; x64) AppleWebKit/537.36 (KHTML, like Gecko) Chrome/144.0.0.0 Safari/537.36 Edg/144.0.0.0","userId":"cmluqlns4000gp3qc2r9ju34o"}
{"level":"info","message":"\u001b[0mPOST /api/mock-drives/cmlurj0uo000up3qc75i2h3lo/modules/cmlurj0x4000wp3qcvakeo5iw/aptitude/answer \u001b[31m500\u001b[0m 33.379 ms - 156\u001b[0m","service":"preplyte-api","timestamp":"2026-02-20 16:37:00"}
{"code":"INTERNAL_ERROR","ip":"127.0.0.1","level":"error","message":"Non-operational error Question has no correct answer configured","method":"POST","path":"/api/mock-drives/cmlurj0uo000up3qc75i2h3lo/modules/cmlurj0x4000wp3qcvakeo5iw/aptitude/answer","requestId":"14cbf3a5-7f20-4a0f-b3d2-e747017ca2a5","service":"preplyte-api","stack":"InternalError: Question has no correct answer configured\n    at AptitudeModuleExecutor.handleAnswer (C:\\Users\\Raj Bhoite\\Desktop\\WD\\preplytef\\backend\\src\\module\\mock-drive\\attempt\\executors\\aptitude.executor.ts:257:13)\n    at async AttemptService.handleModuleAction (C:\\Users\\Raj Bhoite\\Desktop\\WD\\preplytef\\backend\\src\\module\\mock-drive\\attempt\\attempt.service.ts:248:25)\n    at async submitAptitudeAnswer (C:\\Users\\Raj Bhoite\\Desktop\\WD\\preplytef\\backend\\src\\module\\mock-drive\\attempt\\attempt.controller.ts:166:22)","timestamp":"2026-02-20 16:37:00","userAgent":"Mozilla/5.0 (Windows NT 10.0; Win64; x64) AppleWebKit/537.36 (KHTML, like Gecko) Chrome/144.0.0.0 Safari/537.36 Edg/144.0.0.0","userId":"cmluqlns4000gp3qc2r9ju34o"}
{"level":"info","message":"\u001b[0mPOST /api/mock-drives/cmlurj0uo000up3qc75i2h3lo/modules/cmlurj0x4000wp3qcvakeo5iw/aptitude/answer \u001b[31m500\u001b[0m 41.652 ms - 156\u001b[0m","service":"preplyte-api","timestamp":"2026-02-20 16:37:00"}
{"code":"INTERNAL_ERROR","ip":"127.0.0.1","level":"error","message":"Non-operational error Question has no correct answer configured","method":"POST","path":"/api/mock-drives/cmlurj0uo000up3qc75i2h3lo/modules/cmlurj0x4000wp3qcvakeo5iw/aptitude/answer","requestId":"3c0bf2f0-67bc-430d-a9b0-1d593170f5a2","service":"preplyte-api","stack":"InternalError: Question has no correct answer configured\n    at AptitudeModuleExecutor.handleAnswer (C:\\Users\\Raj Bhoite\\Desktop\\WD\\preplytef\\backend\\src\\module\\mock-drive\\attempt\\executors\\aptitude.executor.ts:257:13)\n    at async AttemptService.handleModuleAction (C:\\Users\\Raj Bhoite\\Desktop\\WD\\preplytef\\backend\\src\\module\\mock-drive\\attempt\\attempt.service.ts:248:25)\n    at async submitAptitudeAnswer (C:\\Users\\Raj Bhoite\\Desktop\\WD\\preplytef\\backend\\src\\module\\mock-drive\\attempt\\attempt.controller.ts:166:22)","timestamp":"2026-02-20 16:37:00","userAgent":"Mozilla/5.0 (Windows NT 10.0; Win64; x64) AppleWebKit/537.36 (KHTML, like Gecko) Chrome/144.0.0.0 Safari/537.36 Edg/144.0.0.0","userId":"cmluqlns4000gp3qc2r9ju34o"}
{"level":"info","message":"\u001b[0mPOST /api/mock-drives/cmlurj0uo000up3qc75i2h3lo/modules/cmlurj0x4000wp3qcvakeo5iw/aptitude/answer \u001b[31m500\u001b[0m 50.573 ms - 156\u001b[0m","service":"preplyte-api","timestamp":"2026-02-20 16:37:00"}
{"code":"INTERNAL_ERROR","ip":"127.0.0.1","level":"error","message":"Non-operational error Question has no correct answer configured","method":"POST","path":"/api/mock-drives/cmlurj0uo000up3qc75i2h3lo/modules/cmlurj0x4000wp3qcvakeo5iw/aptitude/answer","requestId":"90396f17-1c21-4c52-b3fb-c97954a78886","service":"preplyte-api","stack":"InternalError: Question has no correct answer configured\n    at AptitudeModuleExecutor.handleAnswer (C:\\Users\\Raj Bhoite\\Desktop\\WD\\preplytef\\backend\\src\\module\\mock-drive\\attempt\\executors\\aptitude.executor.ts:257:13)\n    at async AttemptService.handleModuleAction (C:\\Users\\Raj Bhoite\\Desktop\\WD\\preplytef\\backend\\src\\module\\mock-drive\\attempt\\attempt.service.ts:248:25)\n    at async submitAptitudeAnswer (C:\\Users\\Raj Bhoite\\Desktop\\WD\\preplytef\\backend\\src\\module\\mock-drive\\attempt\\attempt.controller.ts:166:22)","timestamp":"2026-02-20 16:37:00","userAgent":"Mozilla/5.0 (Windows NT 10.0; Win64; x64) AppleWebKit/537.36 (KHTML, like Gecko) Chrome/144.0.0.0 Safari/537.36 Edg/144.0.0.0","userId":"cmluqlns4000gp3qc2r9ju34o"}
{"level":"info","message":"\u001b[0mPOST /api/mock-drives/cmlurj0uo000up3qc75i2h3lo/modules/cmlurj0x4000wp3qcvakeo5iw/aptitude/answer \u001b[31m500\u001b[0m 57.386 ms - 156\u001b[0m","service":"preplyte-api","timestamp":"2026-02-20 16:37:00"}
{"code":"INTERNAL_ERROR","ip":"127.0.0.1","level":"error","message":"Non-operational error Question has no correct answer configured","method":"POST","path":"/api/mock-drives/cmlurj0uo000up3qc75i2h3lo/modules/cmlurj0x4000wp3qcvakeo5iw/aptitude/answer","requestId":"6f43141c-f2ac-4591-b1ba-05452b816a48","service":"preplyte-api","stack":"InternalError: Question has no correct answer configured\n    at AptitudeModuleExecutor.handleAnswer (C:\\Users\\Raj Bhoite\\Desktop\\WD\\preplytef\\backend\\src\\module\\mock-drive\\attempt\\executors\\aptitude.executor.ts:257:13)\n    at async AttemptService.handleModuleAction (C:\\Users\\Raj Bhoite\\Desktop\\WD\\preplytef\\backend\\src\\module\\mock-drive\\attempt\\attempt.service.ts:248:25)\n    at async submitAptitudeAnswer (C:\\Users\\Raj Bhoite\\Desktop\\WD\\preplytef\\backend\\src\\module\\mock-drive\\attempt\\attempt.controller.ts:166:22)","timestamp":"2026-02-20 16:37:01","userAgent":"Mozilla/5.0 (Windows NT 10.0; Win64; x64) AppleWebKit/537.36 (KHTML, like Gecko) Chrome/144.0.0.0 Safari/537.36 Edg/144.0.0.0","userId":"cmluqlns4000gp3qc2r9ju34o"}
{"level":"info","message":"\u001b[0mPOST /api/mock-drives/cmlurj0uo000up3qc75i2h3lo/modules/cmlurj0x4000wp3qcvakeo5iw/aptitude/answer \u001b[31m500\u001b[0m 31.872 ms - 156\u001b[0m","service":"preplyte-api","timestamp":"2026-02-20 16:37:01"}
{"code":"INTERNAL_ERROR","ip":"127.0.0.1","level":"error","message":"Non-operational error Question has no correct answer configured","method":"POST","path":"/api/mock-drives/cmlurj0uo000up3qc75i2h3lo/modules/cmlurj0x4000wp3qcvakeo5iw/aptitude/answer","requestId":"d7e83a2e-497d-43f0-8abe-d05025113172","service":"preplyte-api","stack":"InternalError: Question has no correct answer configured\n    at AptitudeModuleExecutor.handleAnswer (C:\\Users\\Raj Bhoite\\Desktop\\WD\\preplytef\\backend\\src\\module\\mock-drive\\attempt\\executors\\aptitude.executor.ts:257:13)\n    at async AttemptService.handleModuleAction (C:\\Users\\Raj Bhoite\\Desktop\\WD\\preplytef\\backend\\src\\module\\mock-drive\\attempt\\attempt.service.ts:248:25)\n    at async submitAptitudeAnswer (C:\\Users\\Raj Bhoite\\Desktop\\WD\\preplytef\\backend\\src\\module\\mock-drive\\attempt\\attempt.controller.ts:166:22)","timestamp":"2026-02-20 16:37:01","userAgent":"Mozilla/5.0 (Windows NT 10.0; Win64; x64) AppleWebKit/537.36 (KHTML, like Gecko) Chrome/144.0.0.0 Safari/537.36 Edg/144.0.0.0","userId":"cmluqlns4000gp3qc2r9ju34o"}
{"level":"info","message":"\u001b[0mPOST /api/mock-drives/cmlurj0uo000up3qc75i2h3lo/modules/cmlurj0x4000wp3qcvakeo5iw/aptitude/answer \u001b[31m500\u001b[0m 15.160 ms - 156\u001b[0m","service":"preplyte-api","timestamp":"2026-02-20 16:37:01"}
{"code":"INTERNAL_ERROR","ip":"127.0.0.1","level":"error","message":"Non-operational error Question has no correct answer configured","method":"POST","path":"/api/mock-drives/cmlurj0uo000up3qc75i2h3lo/modules/cmlurj0x4000wp3qcvakeo5iw/aptitude/answer","requestId":"2de11b5a-d810-40c5-939b-fca6b9f98dc9","service":"preplyte-api","stack":"InternalError: Question has no correct answer configured\n    at AptitudeModuleExecutor.handleAnswer (C:\\Users\\Raj Bhoite\\Desktop\\WD\\preplytef\\backend\\src\\module\\mock-drive\\attempt\\executors\\aptitude.executor.ts:257:13)\n    at async AttemptService.handleModuleAction (C:\\Users\\Raj Bhoite\\Desktop\\WD\\preplytef\\backend\\src\\module\\mock-drive\\attempt\\attempt.service.ts:248:25)\n    at async submitAptitudeAnswer (C:\\Users\\Raj Bhoite\\Desktop\\WD\\preplytef\\backend\\src\\module\\mock-drive\\attempt\\attempt.controller.ts:166:22)","timestamp":"2026-02-20 16:37:01","userAgent":"Mozilla/5.0 (Windows NT 10.0; Win64; x64) AppleWebKit/537.36 (KHTML, like Gecko) Chrome/144.0.0.0 Safari/537.36 Edg/144.0.0.0","userId":"cmluqlns4000gp3qc2r9ju34o"}
{"level":"info","message":"\u001b[0mPOST /api/mock-drives/cmlurj0uo000up3qc75i2h3lo/modules/cmlurj0x4000wp3qcvakeo5iw/aptitude/answer \u001b[31m500\u001b[0m 48.298 ms - 156\u001b[0m","service":"preplyte-api","timestamp":"2026-02-20 16:37:01"}
{"code":"INTERNAL_ERROR","ip":"127.0.0.1","level":"error","message":"Non-operational error Question has no correct answer configured","method":"POST","path":"/api/mock-drives/cmlurj0uo000up3qc75i2h3lo/modules/cmlurj0x4000wp3qcvakeo5iw/aptitude/answer","requestId":"e5270ae6-8298-4094-a820-f62e4913450d","service":"preplyte-api","stack":"InternalError: Question has no correct answer configured\n    at AptitudeModuleExecutor.handleAnswer (C:\\Users\\Raj Bhoite\\Desktop\\WD\\preplytef\\backend\\src\\module\\mock-drive\\attempt\\executors\\aptitude.executor.ts:257:13)\n    at async AttemptService.handleModuleAction (C:\\Users\\Raj Bhoite\\Desktop\\WD\\preplytef\\backend\\src\\module\\mock-drive\\attempt\\attempt.service.ts:248:25)\n    at async submitAptitudeAnswer (C:\\Users\\Raj Bhoite\\Desktop\\WD\\preplytef\\backend\\src\\module\\mock-drive\\attempt\\attempt.controller.ts:166:22)","timestamp":"2026-02-20 16:37:01","userAgent":"Mozilla/5.0 (Windows NT 10.0; Win64; x64) AppleWebKit/537.36 (KHTML, like Gecko) Chrome/144.0.0.0 Safari/537.36 Edg/144.0.0.0","userId":"cmluqlns4000gp3qc2r9ju34o"}
{"level":"info","message":"\u001b[0mPOST /api/mock-drives/cmlurj0uo000up3qc75i2h3lo/modules/cmlurj0x4000wp3qcvakeo5iw/aptitude/answer \u001b[31m500\u001b[0m 48.323 ms - 156\u001b[0m","service":"preplyte-api","timestamp":"2026-02-20 16:37:01"}
{"code":"INTERNAL_ERROR","ip":"127.0.0.1","level":"error","message":"Non-operational error Question has no correct answer configured","method":"POST","path":"/api/mock-drives/cmlurj0uo000up3qc75i2h3lo/modules/cmlurj0x4000wp3qcvakeo5iw/aptitude/answer","requestId":"742595b6-97a9-43d9-9a65-363d66f5ac04","service":"preplyte-api","stack":"InternalError: Question has no correct answer configured\n    at AptitudeModuleExecutor.handleAnswer (C:\\Users\\Raj Bhoite\\Desktop\\WD\\preplytef\\backend\\src\\module\\mock-drive\\attempt\\executors\\aptitude.executor.ts:257:13)\n    at async AttemptService.handleModuleAction (C:\\Users\\Raj Bhoite\\Desktop\\WD\\preplytef\\backend\\src\\module\\mock-drive\\attempt\\attempt.service.ts:248:25)\n    at async submitAptitudeAnswer (C:\\Users\\Raj Bhoite\\Desktop\\WD\\preplytef\\backend\\src\\module\\mock-drive\\attempt\\attempt.controller.ts:166:22)","timestamp":"2026-02-20 16:37:01","userAgent":"Mozilla/5.0 (Windows NT 10.0; Win64; x64) AppleWebKit/537.36 (KHTML, like Gecko) Chrome/144.0.0.0 Safari/537.36 Edg/144.0.0.0","userId":"cmluqlns4000gp3qc2r9ju34o"}
{"level":"info","message":"\u001b[0mPOST /api/mock-drives/cmlurj0uo000up3qc75i2h3lo/modules/cmlurj0x4000wp3qcvakeo5iw/aptitude/answer \u001b[31m500\u001b[0m 52.139 ms - 156\u001b[0m","service":"preplyte-api","timestamp":"2026-02-20 16:37:01"}
{"code":"INTERNAL_ERROR","ip":"127.0.0.1","level":"error","message":"Non-operational error Question has no correct answer configured","method":"POST","path":"/api/mock-drives/cmlurj0uo000up3qc75i2h3lo/modules/cmlurj0x4000wp3qcvakeo5iw/aptitude/answer","requestId":"9af147b6-b7c4-4c18-8ffa-f2beb5eb27ab","service":"preplyte-api","stack":"InternalError: Question has no correct answer configured\n    at AptitudeModuleExecutor.handleAnswer (C:\\Users\\Raj Bhoite\\Desktop\\WD\\preplytef\\backend\\src\\module\\mock-drive\\attempt\\executors\\aptitude.executor.ts:257:13)\n    at async AttemptService.handleModuleAction (C:\\Users\\Raj Bhoite\\Desktop\\WD\\preplytef\\backend\\src\\module\\mock-drive\\attempt\\attempt.service.ts:248:25)\n    at async submitAptitudeAnswer (C:\\Users\\Raj Bhoite\\Desktop\\WD\\preplytef\\backend\\src\\module\\mock-drive\\attempt\\attempt.controller.ts:166:22)","timestamp":"2026-02-20 16:37:01","userAgent":"Mozilla/5.0 (Windows NT 10.0; Win64; x64) AppleWebKit/537.36 (KHTML, like Gecko) Chrome/144.0.0.0 Safari/537.36 Edg/144.0.0.0","userId":"cmluqlns4000gp3qc2r9ju34o"}
{"level":"info","message":"\u001b[0mPOST /api/mock-drives/cmlurj0uo000up3qc75i2h3lo/modules/cmlurj0x4000wp3qcvakeo5iw/aptitude/answer \u001b[31m500\u001b[0m 36.996 ms - 156\u001b[0m","service":"preplyte-api","timestamp":"2026-02-20 16:37:01"}
{"code":"INTERNAL_ERROR","ip":"127.0.0.1","level":"error","message":"Non-operational error Question has no correct answer configured","method":"POST","path":"/api/mock-drives/cmlurj0uo000up3qc75i2h3lo/modules/cmlurj0x4000wp3qcvakeo5iw/aptitude/answer","requestId":"90cd5d33-8638-4ae9-b630-e7c6eefc4232","service":"preplyte-api","stack":"InternalError: Question has no correct answer configured\n    at AptitudeModuleExecutor.handleAnswer (C:\\Users\\Raj Bhoite\\Desktop\\WD\\preplytef\\backend\\src\\module\\mock-drive\\attempt\\executors\\aptitude.executor.ts:257:13)\n    at async AttemptService.handleModuleAction (C:\\Users\\Raj Bhoite\\Desktop\\WD\\preplytef\\backend\\src\\module\\mock-drive\\attempt\\attempt.service.ts:248:25)\n    at async submitAptitudeAnswer (C:\\Users\\Raj Bhoite\\Desktop\\WD\\preplytef\\backend\\src\\module\\mock-drive\\attempt\\attempt.controller.ts:166:22)","timestamp":"2026-02-20 16:37:01","userAgent":"Mozilla/5.0 (Windows NT 10.0; Win64; x64) AppleWebKit/537.36 (KHTML, like Gecko) Chrome/144.0.0.0 Safari/537.36 Edg/144.0.0.0","userId":"cmluqlns4000gp3qc2r9ju34o"}
{"level":"info","message":"\u001b[0mPOST /api/mock-drives/cmlurj0uo000up3qc75i2h3lo/modules/cmlurj0x4000wp3qcvakeo5iw/aptitude/answer \u001b[31m500\u001b[0m 39.593 ms - 156\u001b[0m","service":"preplyte-api","timestamp":"2026-02-20 16:37:01"}
{"code":"INTERNAL_ERROR","ip":"127.0.0.1","level":"error","message":"Non-operational error Question has no correct answer configured","method":"POST","path":"/api/mock-drives/cmlurj0uo000up3qc75i2h3lo/modules/cmlurj0x4000wp3qcvakeo5iw/aptitude/answer","requestId":"2b3dd39b-7118-4cf3-aba1-fbb505c8da54","service":"preplyte-api","stack":"InternalError: Question has no correct answer configured\n    at AptitudeModuleExecutor.handleAnswer (C:\\Users\\Raj Bhoite\\Desktop\\WD\\preplytef\\backend\\src\\module\\mock-drive\\attempt\\executors\\aptitude.executor.ts:257:13)\n    at async AttemptService.handleModuleAction (C:\\Users\\Raj Bhoite\\Desktop\\WD\\preplytef\\backend\\src\\module\\mock-drive\\attempt\\attempt.service.ts:248:25)\n    at async submitAptitudeAnswer (C:\\Users\\Raj Bhoite\\Desktop\\WD\\preplytef\\backend\\src\\module\\mock-drive\\attempt\\attempt.controller.ts:166:22)","timestamp":"2026-02-20 16:37:02","userAgent":"Mozilla/5.0 (Windows NT 10.0; Win64; x64) AppleWebKit/537.36 (KHTML, like Gecko) Chrome/144.0.0.0 Safari/537.36 Edg/144.0.0.0","userId":"cmluqlns4000gp3qc2r9ju34o"}
{"level":"info","message":"\u001b[0mPOST /api/mock-drives/cmlurj0uo000up3qc75i2h3lo/modules/cmlurj0x4000wp3qcvakeo5iw/aptitude/answer \u001b[31m500\u001b[0m 47.252 ms - 156\u001b[0m","service":"preplyte-api","timestamp":"2026-02-20 16:37:02"}
{"code":"INTERNAL_ERROR","ip":"127.0.0.1","level":"error","message":"Non-operational error Question has no correct answer configured","method":"POST","path":"/api/mock-drives/cmlurj0uo000up3qc75i2h3lo/modules/cmlurj0x4000wp3qcvakeo5iw/aptitude/answer","requestId":"eae54938-4275-4053-98e1-64c69201ea10","service":"preplyte-api","stack":"InternalError: Question has no correct answer configured\n    at AptitudeModuleExecutor.handleAnswer (C:\\Users\\Raj Bhoite\\Desktop\\WD\\preplytef\\backend\\src\\module\\mock-drive\\attempt\\executors\\aptitude.executor.ts:257:13)\n    at async AttemptService.handleModuleAction (C:\\Users\\Raj Bhoite\\Desktop\\WD\\preplytef\\backend\\src\\module\\mock-drive\\attempt\\attempt.service.ts:248:25)\n    at async submitAptitudeAnswer (C:\\Users\\Raj Bhoite\\Desktop\\WD\\preplytef\\backend\\src\\module\\mock-drive\\attempt\\attempt.controller.ts:166:22)","timestamp":"2026-02-20 16:37:02","userAgent":"Mozilla/5.0 (Windows NT 10.0; Win64; x64) AppleWebKit/537.36 (KHTML, like Gecko) Chrome/144.0.0.0 Safari/537.36 Edg/144.0.0.0","userId":"cmluqlns4000gp3qc2r9ju34o"}
{"level":"info","message":"\u001b[0mPOST /api/mock-drives/cmlurj0uo000up3qc75i2h3lo/modules/cmlurj0x4000wp3qcvakeo5iw/aptitude/answer \u001b[31m500\u001b[0m 48.486 ms - 156\u001b[0m","service":"preplyte-api","timestamp":"2026-02-20 16:37:02"}
{"code":"INTERNAL_ERROR","ip":"127.0.0.1","level":"error","message":"Non-operational error Question has no correct answer configured","method":"POST","path":"/api/mock-drives/cmlurj0uo000up3qc75i2h3lo/modules/cmlurj0x4000wp3qcvakeo5iw/aptitude/answer","requestId":"3a8f5499-618a-4bc1-8c50-05224e1b4b26","service":"preplyte-api","stack":"InternalError: Question has no correct answer configured\n    at AptitudeModuleExecutor.handleAnswer (C:\\Users\\Raj Bhoite\\Desktop\\WD\\preplytef\\backend\\src\\module\\mock-drive\\attempt\\executors\\aptitude.executor.ts:257:13)\n    at async AttemptService.handleModuleAction (C:\\Users\\Raj Bhoite\\Desktop\\WD\\preplytef\\backend\\src\\module\\mock-drive\\attempt\\attempt.service.ts:248:25)\n    at async submitAptitudeAnswer (C:\\Users\\Raj Bhoite\\Desktop\\WD\\preplytef\\backend\\src\\module\\mock-drive\\attempt\\attempt.controller.ts:166:22)","timestamp":"2026-02-20 16:37:02","userAgent":"Mozilla/5.0 (Windows NT 10.0; Win64; x64) AppleWebKit/537.36 (KHTML, like Gecko) Chrome/144.0.0.0 Safari/537.36 Edg/144.0.0.0","userId":"cmluqlns4000gp3qc2r9ju34o"}
{"level":"info","message":"\u001b[0mPOST /api/mock-drives/cmlurj0uo000up3qc75i2h3lo/modules/cmlurj0x4000wp3qcvakeo5iw/aptitude/answer \u001b[31m500\u001b[0m 55.957 ms - 156\u001b[0m","service":"preplyte-api","timestamp":"2026-02-20 16:37:02"}
{"code":"INTERNAL_ERROR","ip":"127.0.0.1","level":"error","message":"Non-operational error Question has no correct answer configured","method":"POST","path":"/api/mock-drives/cmlurj0uo000up3qc75i2h3lo/modules/cmlurj0x4000wp3qcvakeo5iw/aptitude/answer","requestId":"ef8355a0-01e1-46ef-a0e3-2413aa831a9c","service":"preplyte-api","stack":"InternalError: Question has no correct answer configured\n    at AptitudeModuleExecutor.handleAnswer (C:\\Users\\Raj Bhoite\\Desktop\\WD\\preplytef\\backend\\src\\module\\mock-drive\\attempt\\executors\\aptitude.executor.ts:257:13)\n    at async AttemptService.handleModuleAction (C:\\Users\\Raj Bhoite\\Desktop\\WD\\preplytef\\backend\\src\\module\\mock-drive\\attempt\\attempt.service.ts:248:25)\n    at async submitAptitudeAnswer (C:\\Users\\Raj Bhoite\\Desktop\\WD\\preplytef\\backend\\src\\module\\mock-drive\\attempt\\attempt.controller.ts:166:22)","timestamp":"2026-02-20 16:37:03","userAgent":"Mozilla/5.0 (Windows NT 10.0; Win64; x64) AppleWebKit/537.36 (KHTML, like Gecko) Chrome/144.0.0.0 Safari/537.36 Edg/144.0.0.0","userId":"cmluqlns4000gp3qc2r9ju34o"}
{"level":"info","message":"\u001b[0mPOST /api/mock-drives/cmlurj0uo000up3qc75i2h3lo/modules/cmlurj0x4000wp3qcvakeo5iw/aptitude/answer \u001b[31m500\u001b[0m 36.755 ms - 156\u001b[0m","service":"preplyte-api","timestamp":"2026-02-20 16:37:03"}
{"code":"INTERNAL_ERROR","ip":"127.0.0.1","level":"error","message":"Non-operational error Question has no correct answer configured","method":"POST","path":"/api/mock-drives/cmlurj0uo000up3qc75i2h3lo/modules/cmlurj0x4000wp3qcvakeo5iw/aptitude/answer","requestId":"2e552c81-2891-4f46-8695-1cd108856604","service":"preplyte-api","stack":"InternalError: Question has no correct answer configured\n    at AptitudeModuleExecutor.handleAnswer (C:\\Users\\Raj Bhoite\\Desktop\\WD\\preplytef\\backend\\src\\module\\mock-drive\\attempt\\executors\\aptitude.executor.ts:257:13)\n    at async AttemptService.handleModuleAction (C:\\Users\\Raj Bhoite\\Desktop\\WD\\preplytef\\backend\\src\\module\\mock-drive\\attempt\\attempt.service.ts:248:25)\n    at async submitAptitudeAnswer (C:\\Users\\Raj Bhoite\\Desktop\\WD\\preplytef\\backend\\src\\module\\mock-drive\\attempt\\attempt.controller.ts:166:22)","timestamp":"2026-02-20 16:37:03","userAgent":"Mozilla/5.0 (Windows NT 10.0; Win64; x64) AppleWebKit/537.36 (KHTML, like Gecko) Chrome/144.0.0.0 Safari/537.36 Edg/144.0.0.0","userId":"cmluqlns4000gp3qc2r9ju34o"}
{"level":"info","message":"\u001b[0mPOST /api/mock-drives/cmlurj0uo000up3qc75i2h3lo/modules/cmlurj0x4000wp3qcvakeo5iw/aptitude/answer \u001b[31m500\u001b[0m 40.216 ms - 156\u001b[0m","service":"preplyte-api","timestamp":"2026-02-20 16:37:03"}
{"code":"INTERNAL_ERROR","ip":"127.0.0.1","level":"error","message":"Non-operational error Question has no correct answer configured","method":"POST","path":"/api/mock-drives/cmlurj0uo000up3qc75i2h3lo/modules/cmlurj0x4000wp3qcvakeo5iw/aptitude/answer","requestId":"aa595231-bf0e-4e86-8bf0-358a93f7fa12","service":"preplyte-api","stack":"InternalError: Question has no correct answer configured\n    at AptitudeModuleExecutor.handleAnswer (C:\\Users\\Raj Bhoite\\Desktop\\WD\\preplytef\\backend\\src\\module\\mock-drive\\attempt\\executors\\aptitude.executor.ts:257:13)\n    at async AttemptService.handleModuleAction (C:\\Users\\Raj Bhoite\\Desktop\\WD\\preplytef\\backend\\src\\module\\mock-drive\\attempt\\attempt.service.ts:248:25)\n    at async submitAptitudeAnswer (C:\\Users\\Raj Bhoite\\Desktop\\WD\\preplytef\\backend\\src\\module\\mock-drive\\attempt\\attempt.controller.ts:166:22)","timestamp":"2026-02-20 16:37:03","userAgent":"Mozilla/5.0 (Windows NT 10.0; Win64; x64) AppleWebKit/537.36 (KHTML, like Gecko) Chrome/144.0.0.0 Safari/537.36 Edg/144.0.0.0","userId":"cmluqlns4000gp3qc2r9ju34o"}
{"level":"info","message":"\u001b[0mPOST /api/mock-drives/cmlurj0uo000up3qc75i2h3lo/modules/cmlurj0x4000wp3qcvakeo5iw/aptitude/answer \u001b[31m500\u001b[0m 48.133 ms - 156\u001b[0m","service":"preplyte-api","timestamp":"2026-02-20 16:37:03"}
{"code":"INTERNAL_ERROR","ip":"127.0.0.1","level":"error","message":"Non-operational error Question has no correct answer configured","method":"POST","path":"/api/mock-drives/cmlurj0uo000up3qc75i2h3lo/modules/cmlurj0x4000wp3qcvakeo5iw/aptitude/answer","requestId":"0169a067-5424-4e31-90e4-da646dfeaa9b","service":"preplyte-api","stack":"InternalError: Question has no correct answer configured\n    at AptitudeModuleExecutor.handleAnswer (C:\\Users\\Raj Bhoite\\Desktop\\WD\\preplytef\\backend\\src\\module\\mock-drive\\attempt\\executors\\aptitude.executor.ts:257:13)\n    at async AttemptService.handleModuleAction (C:\\Users\\Raj Bhoite\\Desktop\\WD\\preplytef\\backend\\src\\module\\mock-drive\\attempt\\attempt.service.ts:248:25)\n    at async submitAptitudeAnswer (C:\\Users\\Raj Bhoite\\Desktop\\WD\\preplytef\\backend\\src\\module\\mock-drive\\attempt\\attempt.controller.ts:166:22)","timestamp":"2026-02-20 16:37:03","userAgent":"Mozilla/5.0 (Windows NT 10.0; Win64; x64) AppleWebKit/537.36 (KHTML, like Gecko) Chrome/144.0.0.0 Safari/537.36 Edg/144.0.0.0","userId":"cmluqlns4000gp3qc2r9ju34o"}
{"level":"info","message":"\u001b[0mPOST /api/mock-drives/cmlurj0uo000up3qc75i2h3lo/modules/cmlurj0x4000wp3qcvakeo5iw/aptitude/answer \u001b[31m500\u001b[0m 54.853 ms - 156\u001b[0m","service":"preplyte-api","timestamp":"2026-02-20 16:37:03"}
{"code":"INTERNAL_ERROR","ip":"127.0.0.1","level":"error","message":"Non-operational error Question has no correct answer configured","method":"POST","path":"/api/mock-drives/cmlurj0uo000up3qc75i2h3lo/modules/cmlurj0x4000wp3qcvakeo5iw/aptitude/answer","requestId":"7fc27e7c-1119-4998-9052-f627a219a9f3","service":"preplyte-api","stack":"InternalError: Question has no correct answer configured\n    at AptitudeModuleExecutor.handleAnswer (C:\\Users\\Raj Bhoite\\Desktop\\WD\\preplytef\\backend\\src\\module\\mock-drive\\attempt\\executors\\aptitude.executor.ts:257:13)\n    at async AttemptService.handleModuleAction (C:\\Users\\Raj Bhoite\\Desktop\\WD\\preplytef\\backend\\src\\module\\mock-drive\\attempt\\attempt.service.ts:248:25)\n    at async submitAptitudeAnswer (C:\\Users\\Raj Bhoite\\Desktop\\WD\\preplytef\\backend\\src\\module\\mock-drive\\attempt\\attempt.controller.ts:166:22)","timestamp":"2026-02-20 16:37:03","userAgent":"Mozilla/5.0 (Windows NT 10.0; Win64; x64) AppleWebKit/537.36 (KHTML, like Gecko) Chrome/144.0.0.0 Safari/537.36 Edg/144.0.0.0","userId":"cmluqlns4000gp3qc2r9ju34o"}
{"level":"info","message":"\u001b[0mPOST /api/mock-drives/cmlurj0uo000up3qc75i2h3lo/modules/cmlurj0x4000wp3qcvakeo5iw/aptitude/answer \u001b[31m500\u001b[0m 54.645 ms - 156\u001b[0m","service":"preplyte-api","timestamp":"2026-02-20 16:37:03"}
{"code":"INTERNAL_ERROR","ip":"127.0.0.1","level":"error","message":"Non-operational error Question has no correct answer configured","method":"POST","path":"/api/mock-drives/cmlurj0uo000up3qc75i2h3lo/modules/cmlurj0x4000wp3qcvakeo5iw/aptitude/answer","requestId":"9b9126fa-a16c-47bc-9001-7a576f42283e","service":"preplyte-api","stack":"InternalError: Question has no correct answer configured\n    at AptitudeModuleExecutor.handleAnswer (C:\\Users\\Raj Bhoite\\Desktop\\WD\\preplytef\\backend\\src\\module\\mock-drive\\attempt\\executors\\aptitude.executor.ts:257:13)\n    at async AttemptService.handleModuleAction (C:\\Users\\Raj Bhoite\\Desktop\\WD\\preplytef\\backend\\src\\module\\mock-drive\\attempt\\attempt.service.ts:248:25)\n    at async submitAptitudeAnswer (C:\\Users\\Raj Bhoite\\Desktop\\WD\\preplytef\\backend\\src\\module\\mock-drive\\attempt\\attempt.controller.ts:166:22)","timestamp":"2026-02-20 16:37:03","userAgent":"Mozilla/5.0 (Windows NT 10.0; Win64; x64) AppleWebKit/537.36 (KHTML, like Gecko) Chrome/144.0.0.0 Safari/537.36 Edg/144.0.0.0","userId":"cmluqlns4000gp3qc2r9ju34o"}
{"level":"info","message":"\u001b[0mPOST /api/mock-drives/cmlurj0uo000up3qc75i2h3lo/modules/cmlurj0x4000wp3qcvakeo5iw/aptitude/answer \u001b[31m500\u001b[0m 46.718 ms - 156\u001b[0m","service":"preplyte-api","timestamp":"2026-02-20 16:37:03"}
{"code":"INTERNAL_ERROR","ip":"127.0.0.1","level":"error","message":"Non-operational error Question has no correct answer configured","method":"POST","path":"/api/mock-drives/cmlurj0uo000up3qc75i2h3lo/modules/cmlurj0x4000wp3qcvakeo5iw/aptitude/answer","requestId":"70868c8c-3fc9-4e75-86db-0bc90f59d4f0","service":"preplyte-api","stack":"InternalError: Question has no correct answer configured\n    at AptitudeModuleExecutor.handleAnswer (C:\\Users\\Raj Bhoite\\Desktop\\WD\\preplytef\\backend\\src\\module\\mock-drive\\attempt\\executors\\aptitude.executor.ts:257:13)\n    at async AttemptService.handleModuleAction (C:\\Users\\Raj Bhoite\\Desktop\\WD\\preplytef\\backend\\src\\module\\mock-drive\\attempt\\attempt.service.ts:248:25)\n    at async submitAptitudeAnswer (C:\\Users\\Raj Bhoite\\Desktop\\WD\\preplytef\\backend\\src\\module\\mock-drive\\attempt\\attempt.controller.ts:166:22)","timestamp":"2026-02-20 16:37:03","userAgent":"Mozilla/5.0 (Windows NT 10.0; Win64; x64) AppleWebKit/537.36 (KHTML, like Gecko) Chrome/144.0.0.0 Safari/537.36 Edg/144.0.0.0","userId":"cmluqlns4000gp3qc2r9ju34o"}
{"level":"info","message":"\u001b[0mPOST /api/mock-drives/cmlurj0uo000up3qc75i2h3lo/modules/cmlurj0x4000wp3qcvakeo5iw/aptitude/answer \u001b[31m500\u001b[0m 19.151 ms - 156\u001b[0m","service":"preplyte-api","timestamp":"2026-02-20 16:37:03"}
{"code":"INTERNAL_ERROR","ip":"127.0.0.1","level":"error","message":"Non-operational error Question has no correct answer configured","method":"POST","path":"/api/mock-drives/cmlurj0uo000up3qc75i2h3lo/modules/cmlurj0x4000wp3qcvakeo5iw/aptitude/answer","requestId":"96d2f479-82e3-410f-98b7-4e14ad97defc","service":"preplyte-api","stack":"InternalError: Question has no correct answer configured\n    at AptitudeModuleExecutor.handleAnswer (C:\\Users\\Raj Bhoite\\Desktop\\WD\\preplytef\\backend\\src\\module\\mock-drive\\attempt\\executors\\aptitude.executor.ts:257:13)\n    at async AttemptService.handleModuleAction (C:\\Users\\Raj Bhoite\\Desktop\\WD\\preplytef\\backend\\src\\module\\mock-drive\\attempt\\attempt.service.ts:248:25)\n    at async submitAptitudeAnswer (C:\\Users\\Raj Bhoite\\Desktop\\WD\\preplytef\\backend\\src\\module\\mock-drive\\attempt\\attempt.controller.ts:166:22)","timestamp":"2026-02-20 16:37:03","userAgent":"Mozilla/5.0 (Windows NT 10.0; Win64; x64) AppleWebKit/537.36 (KHTML, like Gecko) Chrome/144.0.0.0 Safari/537.36 Edg/144.0.0.0","userId":"cmluqlns4000gp3qc2r9ju34o"}
{"level":"info","message":"\u001b[0mPOST /api/mock-drives/cmlurj0uo000up3qc75i2h3lo/modules/cmlurj0x4000wp3qcvakeo5iw/aptitude/answer \u001b[31m500\u001b[0m 37.606 ms - 156\u001b[0m","service":"preplyte-api","timestamp":"2026-02-20 16:37:03"}
{"code":"INTERNAL_ERROR","ip":"127.0.0.1","level":"error","message":"Non-operational error Question has no correct answer configured","method":"POST","path":"/api/mock-drives/cmlurj0uo000up3qc75i2h3lo/modules/cmlurj0x4000wp3qcvakeo5iw/aptitude/answer","requestId":"fce6ec15-2ece-4d6b-97bf-de35e5edf9c5","service":"preplyte-api","stack":"InternalError: Question has no correct answer configured\n    at AptitudeModuleExecutor.handleAnswer (C:\\Users\\Raj Bhoite\\Desktop\\WD\\preplytef\\backend\\src\\module\\mock-drive\\attempt\\executors\\aptitude.executor.ts:257:13)\n    at async AttemptService.handleModuleAction (C:\\Users\\Raj Bhoite\\Desktop\\WD\\preplytef\\backend\\src\\module\\mock-drive\\attempt\\attempt.service.ts:248:25)\n    at async submitAptitudeAnswer (C:\\Users\\Raj Bhoite\\Desktop\\WD\\preplytef\\backend\\src\\module\\mock-drive\\attempt\\attempt.controller.ts:166:22)","timestamp":"2026-02-20 16:37:03","userAgent":"Mozilla/5.0 (Windows NT 10.0; Win64; x64) AppleWebKit/537.36 (KHTML, like Gecko) Chrome/144.0.0.0 Safari/537.36 Edg/144.0.0.0","userId":"cmluqlns4000gp3qc2r9ju34o"}
{"level":"info","message":"\u001b[0mPOST /api/mock-drives/cmlurj0uo000up3qc75i2h3lo/modules/cmlurj0x4000wp3qcvakeo5iw/aptitude/answer \u001b[31m500\u001b[0m 92.002 ms - 156\u001b[0m","service":"preplyte-api","timestamp":"2026-02-20 16:37:03"}
{"code":"INTERNAL_ERROR","ip":"127.0.0.1","level":"error","message":"Non-operational error Question has no correct answer configured","method":"POST","path":"/api/mock-drives/cmlurj0uo000up3qc75i2h3lo/modules/cmlurj0x4000wp3qcvakeo5iw/aptitude/answer","requestId":"fd07fa34-3024-42a6-b3b3-4d83c47cc95b","service":"preplyte-api","stack":"InternalError: Question has no correct answer configured\n    at AptitudeModuleExecutor.handleAnswer (C:\\Users\\Raj Bhoite\\Desktop\\WD\\preplytef\\backend\\src\\module\\mock-drive\\attempt\\executors\\aptitude.executor.ts:257:13)\n    at async AttemptService.handleModuleAction (C:\\Users\\Raj Bhoite\\Desktop\\WD\\preplytef\\backend\\src\\module\\mock-drive\\attempt\\attempt.service.ts:248:25)\n    at async submitAptitudeAnswer (C:\\Users\\Raj Bhoite\\Desktop\\WD\\preplytef\\backend\\src\\module\\mock-drive\\attempt\\attempt.controller.ts:166:22)","timestamp":"2026-02-20 16:37:04","userAgent":"Mozilla/5.0 (Windows NT 10.0; Win64; x64) AppleWebKit/537.36 (KHTML, like Gecko) Chrome/144.0.0.0 Safari/537.36 Edg/144.0.0.0","userId":"cmluqlns4000gp3qc2r9ju34o"}
{"level":"info","message":"\u001b[0mPOST /api/mock-drives/cmlurj0uo000up3qc75i2h3lo/modules/cmlurj0x4000wp3qcvakeo5iw/aptitude/answer \u001b[31m500\u001b[0m 14.101 ms - 156\u001b[0m","service":"preplyte-api","timestamp":"2026-02-20 16:37:04"}
{"code":"INTERNAL_ERROR","ip":"127.0.0.1","level":"error","message":"Non-operational error Question has no correct answer configured","method":"POST","path":"/api/mock-drives/cmlurj0uo000up3qc75i2h3lo/modules/cmlurj0x4000wp3qcvakeo5iw/aptitude/answer","requestId":"f201e96b-26db-457f-8c20-361d3686d766","service":"preplyte-api","stack":"InternalError: Question has no correct answer configured\n    at AptitudeModuleExecutor.handleAnswer (C:\\Users\\Raj Bhoite\\Desktop\\WD\\preplytef\\backend\\src\\module\\mock-drive\\attempt\\executors\\aptitude.executor.ts:257:13)\n    at async AttemptService.handleModuleAction (C:\\Users\\Raj Bhoite\\Desktop\\WD\\preplytef\\backend\\src\\module\\mock-drive\\attempt\\attempt.service.ts:248:25)\n    at async submitAptitudeAnswer (C:\\Users\\Raj Bhoite\\Desktop\\WD\\preplytef\\backend\\src\\module\\mock-drive\\attempt\\attempt.controller.ts:166:22)","timestamp":"2026-02-20 16:37:04","userAgent":"Mozilla/5.0 (Windows NT 10.0; Win64; x64) AppleWebKit/537.36 (KHTML, like Gecko) Chrome/144.0.0.0 Safari/537.36 Edg/144.0.0.0","userId":"cmluqlns4000gp3qc2r9ju34o"}
{"level":"info","message":"\u001b[0mPOST /api/mock-drives/cmlurj0uo000up3qc75i2h3lo/modules/cmlurj0x4000wp3qcvakeo5iw/aptitude/answer \u001b[31m500\u001b[0m 39.773 ms - 156\u001b[0m","service":"preplyte-api","timestamp":"2026-02-20 16:37:04"}
{"code":"INTERNAL_ERROR","ip":"127.0.0.1","level":"error","message":"Non-operational error Question has no correct answer configured","method":"POST","path":"/api/mock-drives/cmlurj0uo000up3qc75i2h3lo/modules/cmlurj0x4000wp3qcvakeo5iw/aptitude/answer","requestId":"201dbd73-8827-4e9b-92a8-db53ea00e425","service":"preplyte-api","stack":"InternalError: Question has no correct answer configured\n    at AptitudeModuleExecutor.handleAnswer (C:\\Users\\Raj Bhoite\\Desktop\\WD\\preplytef\\backend\\src\\module\\mock-drive\\attempt\\executors\\aptitude.executor.ts:257:13)\n    at async AttemptService.handleModuleAction (C:\\Users\\Raj Bhoite\\Desktop\\WD\\preplytef\\backend\\src\\module\\mock-drive\\attempt\\attempt.service.ts:248:25)\n    at async submitAptitudeAnswer (C:\\Users\\Raj Bhoite\\Desktop\\WD\\preplytef\\backend\\src\\module\\mock-drive\\attempt\\attempt.controller.ts:166:22)","timestamp":"2026-02-20 16:37:04","userAgent":"Mozilla/5.0 (Windows NT 10.0; Win64; x64) AppleWebKit/537.36 (KHTML, like Gecko) Chrome/144.0.0.0 Safari/537.36 Edg/144.0.0.0","userId":"cmluqlns4000gp3qc2r9ju34o"}
{"level":"info","message":"\u001b[0mPOST /api/mock-drives/cmlurj0uo000up3qc75i2h3lo/modules/cmlurj0x4000wp3qcvakeo5iw/aptitude/answer \u001b[31m500\u001b[0m 24.233 ms - 156\u001b[0m","service":"preplyte-api","timestamp":"2026-02-20 16:37:04"}
{"code":"INTERNAL_ERROR","ip":"127.0.0.1","level":"error","message":"Non-operational error Question has no correct answer configured","method":"POST","path":"/api/mock-drives/cmlurj0uo000up3qc75i2h3lo/modules/cmlurj0x4000wp3qcvakeo5iw/aptitude/answer","requestId":"a3bde0c1-a8ea-4581-a883-8203e571df1f","service":"preplyte-api","stack":"InternalError: Question has no correct answer configured\n    at AptitudeModuleExecutor.handleAnswer (C:\\Users\\Raj Bhoite\\Desktop\\WD\\preplytef\\backend\\src\\module\\mock-drive\\attempt\\executors\\aptitude.executor.ts:257:13)\n    at async AttemptService.handleModuleAction (C:\\Users\\Raj Bhoite\\Desktop\\WD\\preplytef\\backend\\src\\module\\mock-drive\\attempt\\attempt.service.ts:248:25)\n    at async submitAptitudeAnswer (C:\\Users\\Raj Bhoite\\Desktop\\WD\\preplytef\\backend\\src\\module\\mock-drive\\attempt\\attempt.controller.ts:166:22)","timestamp":"2026-02-20 16:37:05","userAgent":"Mozilla/5.0 (Windows NT 10.0; Win64; x64) AppleWebKit/537.36 (KHTML, like Gecko) Chrome/144.0.0.0 Safari/537.36 Edg/144.0.0.0","userId":"cmluqlns4000gp3qc2r9ju34o"}
{"level":"info","message":"\u001b[0mPOST /api/mock-drives/cmlurj0uo000up3qc75i2h3lo/modules/cmlurj0x4000wp3qcvakeo5iw/aptitude/answer \u001b[31m500\u001b[0m 44.173 ms - 156\u001b[0m","service":"preplyte-api","timestamp":"2026-02-20 16:37:05"}
{"code":"INTERNAL_ERROR","ip":"127.0.0.1","level":"error","message":"Non-operational error Question has no correct answer configured","method":"POST","path":"/api/mock-drives/cmlurj0uo000up3qc75i2h3lo/modules/cmlurj0x4000wp3qcvakeo5iw/aptitude/answer","requestId":"3b5cfa80-f54f-43e5-8795-d7ce1da1d287","service":"preplyte-api","stack":"InternalError: Question has no correct answer configured\n    at AptitudeModuleExecutor.handleAnswer (C:\\Users\\Raj Bhoite\\Desktop\\WD\\preplytef\\backend\\src\\module\\mock-drive\\attempt\\executors\\aptitude.executor.ts:257:13)\n    at async AttemptService.handleModuleAction (C:\\Users\\Raj Bhoite\\Desktop\\WD\\preplytef\\backend\\src\\module\\mock-drive\\attempt\\attempt.service.ts:248:25)\n    at async submitAptitudeAnswer (C:\\Users\\Raj Bhoite\\Desktop\\WD\\preplytef\\backend\\src\\module\\mock-drive\\attempt\\attempt.controller.ts:166:22)","timestamp":"2026-02-20 16:37:05","userAgent":"Mozilla/5.0 (Windows NT 10.0; Win64; x64) AppleWebKit/537.36 (KHTML, like Gecko) Chrome/144.0.0.0 Safari/537.36 Edg/144.0.0.0","userId":"cmluqlns4000gp3qc2r9ju34o"}
{"level":"info","message":"\u001b[0mPOST /api/mock-drives/cmlurj0uo000up3qc75i2h3lo/modules/cmlurj0x4000wp3qcvakeo5iw/aptitude/answer \u001b[31m500\u001b[0m 53.263 ms - 156\u001b[0m","service":"preplyte-api","timestamp":"2026-02-20 16:37:05"}
{"code":"INTERNAL_ERROR","ip":"127.0.0.1","level":"error","message":"Non-operational error Question has no correct answer configured","method":"POST","path":"/api/mock-drives/cmlurj0uo000up3qc75i2h3lo/modules/cmlurj0x4000wp3qcvakeo5iw/aptitude/answer","requestId":"2048057c-e057-453b-8f7c-81fa61d18ffc","service":"preplyte-api","stack":"InternalError: Question has no correct answer configured\n    at AptitudeModuleExecutor.handleAnswer (C:\\Users\\Raj Bhoite\\Desktop\\WD\\preplytef\\backend\\src\\module\\mock-drive\\attempt\\executors\\aptitude.executor.ts:257:13)\n    at async AttemptService.handleModuleAction (C:\\Users\\Raj Bhoite\\Desktop\\WD\\preplytef\\backend\\src\\module\\mock-drive\\attempt\\attempt.service.ts:248:25)\n    at async submitAptitudeAnswer (C:\\Users\\Raj Bhoite\\Desktop\\WD\\preplytef\\backend\\src\\module\\mock-drive\\attempt\\attempt.controller.ts:166:22)","timestamp":"2026-02-20 16:37:05","userAgent":"Mozilla/5.0 (Windows NT 10.0; Win64; x64) AppleWebKit/537.36 (KHTML, like Gecko) Chrome/144.0.0.0 Safari/537.36 Edg/144.0.0.0","userId":"cmluqlns4000gp3qc2r9ju34o"}
{"level":"info","message":"\u001b[0mPOST /api/mock-drives/cmlurj0uo000up3qc75i2h3lo/modules/cmlurj0x4000wp3qcvakeo5iw/aptitude/answer \u001b[31m500\u001b[0m 52.422 ms - 156\u001b[0m","service":"preplyte-api","timestamp":"2026-02-20 16:37:05"}
{"code":"INTERNAL_ERROR","ip":"127.0.0.1","level":"error","message":"Non-operational error Question has no correct answer configured","method":"POST","path":"/api/mock-drives/cmlurj0uo000up3qc75i2h3lo/modules/cmlurj0x4000wp3qcvakeo5iw/aptitude/answer","requestId":"fc2b68c2-6fdf-48d1-877e-2132b15b8df2","service":"preplyte-api","stack":"InternalError: Question has no correct answer configured\n    at AptitudeModuleExecutor.handleAnswer (C:\\Users\\Raj Bhoite\\Desktop\\WD\\preplytef\\backend\\src\\module\\mock-drive\\attempt\\executors\\aptitude.executor.ts:257:13)\n    at async AttemptService.handleModuleAction (C:\\Users\\Raj Bhoite\\Desktop\\WD\\preplytef\\backend\\src\\module\\mock-drive\\attempt\\attempt.service.ts:248:25)\n    at async submitAptitudeAnswer (C:\\Users\\Raj Bhoite\\Desktop\\WD\\preplytef\\backend\\src\\module\\mock-drive\\attempt\\attempt.controller.ts:166:22)","timestamp":"2026-02-20 16:37:05","userAgent":"Mozilla/5.0 (Windows NT 10.0; Win64; x64) AppleWebKit/537.36 (KHTML, like Gecko) Chrome/144.0.0.0 Safari/537.36 Edg/144.0.0.0","userId":"cmluqlns4000gp3qc2r9ju34o"}
{"level":"info","message":"\u001b[0mPOST /api/mock-drives/cmlurj0uo000up3qc75i2h3lo/modules/cmlurj0x4000wp3qcvakeo5iw/aptitude/answer \u001b[31m500\u001b[0m 43.647 ms - 156\u001b[0m","service":"preplyte-api","timestamp":"2026-02-20 16:37:05"}
{"code":"INTERNAL_ERROR","ip":"127.0.0.1","level":"error","message":"Non-operational error Question has no correct answer configured","method":"POST","path":"/api/mock-drives/cmlurj0uo000up3qc75i2h3lo/modules/cmlurj0x4000wp3qcvakeo5iw/aptitude/answer","requestId":"81d1895e-d176-43c3-809d-b1a11b61f8df","service":"preplyte-api","stack":"InternalError: Question has no correct answer configured\n    at AptitudeModuleExecutor.handleAnswer (C:\\Users\\Raj Bhoite\\Desktop\\WD\\preplytef\\backend\\src\\module\\mock-drive\\attempt\\executors\\aptitude.executor.ts:257:13)\n    at async AttemptService.handleModuleAction (C:\\Users\\Raj Bhoite\\Desktop\\WD\\preplytef\\backend\\src\\module\\mock-drive\\attempt\\attempt.service.ts:248:25)\n    at async submitAptitudeAnswer (C:\\Users\\Raj Bhoite\\Desktop\\WD\\preplytef\\backend\\src\\module\\mock-drive\\attempt\\attempt.controller.ts:166:22)","timestamp":"2026-02-20 16:37:05","userAgent":"Mozilla/5.0 (Windows NT 10.0; Win64; x64) AppleWebKit/537.36 (KHTML, like Gecko) Chrome/144.0.0.0 Safari/537.36 Edg/144.0.0.0","userId":"cmluqlns4000gp3qc2r9ju34o"}
{"level":"info","message":"\u001b[0mPOST /api/mock-drives/cmlurj0uo000up3qc75i2h3lo/modules/cmlurj0x4000wp3qcvakeo5iw/aptitude/answer \u001b[31m500\u001b[0m 35.671 ms - 156\u001b[0m","service":"preplyte-api","timestamp":"2026-02-20 16:37:05"}
{"code":"INTERNAL_ERROR","ip":"127.0.0.1","level":"error","message":"Non-operational error Question has no correct answer configured","method":"POST","path":"/api/mock-drives/cmlurj0uo000up3qc75i2h3lo/modules/cmlurj0x4000wp3qcvakeo5iw/aptitude/answer","requestId":"6dbd9ce9-80ff-462b-a655-34debc359a3f","service":"preplyte-api","stack":"InternalError: Question has no correct answer configured\n    at AptitudeModuleExecutor.handleAnswer (C:\\Users\\Raj Bhoite\\Desktop\\WD\\preplytef\\backend\\src\\module\\mock-drive\\attempt\\executors\\aptitude.executor.ts:257:13)\n    at async AttemptService.handleModuleAction (C:\\Users\\Raj Bhoite\\Desktop\\WD\\preplytef\\backend\\src\\module\\mock-drive\\attempt\\attempt.service.ts:248:25)\n    at async submitAptitudeAnswer (C:\\Users\\Raj Bhoite\\Desktop\\WD\\preplytef\\backend\\src\\module\\mock-drive\\attempt\\attempt.controller.ts:166:22)","timestamp":"2026-02-20 16:37:05","userAgent":"Mozilla/5.0 (Windows NT 10.0; Win64; x64) AppleWebKit/537.36 (KHTML, like Gecko) Chrome/144.0.0.0 Safari/537.36 Edg/144.0.0.0","userId":"cmluqlns4000gp3qc2r9ju34o"}
{"level":"info","message":"\u001b[0mPOST /api/mock-drives/cmlurj0uo000up3qc75i2h3lo/modules/cmlurj0x4000wp3qcvakeo5iw/aptitude/answer \u001b[31m500\u001b[0m 41.602 ms - 156\u001b[0m","service":"preplyte-api","timestamp":"2026-02-20 16:37:05"}
{"code":"INTERNAL_ERROR","ip":"127.0.0.1","level":"error","message":"Non-operational error Question has no correct answer configured","method":"POST","path":"/api/mock-drives/cmlurj0uo000up3qc75i2h3lo/modules/cmlurj0x4000wp3qcvakeo5iw/aptitude/answer","requestId":"3a8156f9-dfa8-4ba2-8021-28a9c25b312f","service":"preplyte-api","stack":"InternalError: Question has no correct answer configured\n    at AptitudeModuleExecutor.handleAnswer (C:\\Users\\Raj Bhoite\\Desktop\\WD\\preplytef\\backend\\src\\module\\mock-drive\\attempt\\executors\\aptitude.executor.ts:257:13)\n    at async AttemptService.handleModuleAction (C:\\Users\\Raj Bhoite\\Desktop\\WD\\preplytef\\backend\\src\\module\\mock-drive\\attempt\\attempt.service.ts:248:25)\n    at async submitAptitudeAnswer (C:\\Users\\Raj Bhoite\\Desktop\\WD\\preplytef\\backend\\src\\module\\mock-drive\\attempt\\attempt.controller.ts:166:22)","timestamp":"2026-02-20 16:37:05","userAgent":"Mozilla/5.0 (Windows NT 10.0; Win64; x64) AppleWebKit/537.36 (KHTML, like Gecko) Chrome/144.0.0.0 Safari/537.36 Edg/144.0.0.0","userId":"cmluqlns4000gp3qc2r9ju34o"}
{"level":"info","message":"\u001b[0mPOST /api/mock-drives/cmlurj0uo000up3qc75i2h3lo/modules/cmlurj0x4000wp3qcvakeo5iw/aptitude/answer \u001b[31m500\u001b[0m 39.452 ms - 156\u001b[0m","service":"preplyte-api","timestamp":"2026-02-20 16:37:05"}
{"code":"INTERNAL_ERROR","ip":"127.0.0.1","level":"error","message":"Non-operational error Question has no correct answer configured","method":"POST","path":"/api/mock-drives/cmlurj0uo000up3qc75i2h3lo/modules/cmlurj0x4000wp3qcvakeo5iw/aptitude/answer","requestId":"05d34fc2-7154-4a97-827e-8c8fb65721bc","service":"preplyte-api","stack":"InternalError: Question has no correct answer configured\n    at AptitudeModuleExecutor.handleAnswer (C:\\Users\\Raj Bhoite\\Desktop\\WD\\preplytef\\backend\\src\\module\\mock-drive\\attempt\\executors\\aptitude.executor.ts:257:13)\n    at async AttemptService.handleModuleAction (C:\\Users\\Raj Bhoite\\Desktop\\WD\\preplytef\\backend\\src\\module\\mock-drive\\attempt\\attempt.service.ts:248:25)\n    at async submitAptitudeAnswer (C:\\Users\\Raj Bhoite\\Desktop\\WD\\preplytef\\backend\\src\\module\\mock-drive\\attempt\\attempt.controller.ts:166:22)","timestamp":"2026-02-20 16:37:06","userAgent":"Mozilla/5.0 (Windows NT 10.0; Win64; x64) AppleWebKit/537.36 (KHTML, like Gecko) Chrome/144.0.0.0 Safari/537.36 Edg/144.0.0.0","userId":"cmluqlns4000gp3qc2r9ju34o"}
{"level":"info","message":"\u001b[0mPOST /api/mock-drives/cmlurj0uo000up3qc75i2h3lo/modules/cmlurj0x4000wp3qcvakeo5iw/aptitude/answer \u001b[31m500\u001b[0m 53.290 ms - 156\u001b[0m","service":"preplyte-api","timestamp":"2026-02-20 16:37:06"}
{"code":"INTERNAL_ERROR","ip":"127.0.0.1","level":"error","message":"Non-operational error Question has no correct answer configured","method":"POST","path":"/api/mock-drives/cmlurj0uo000up3qc75i2h3lo/modules/cmlurj0x4000wp3qcvakeo5iw/aptitude/answer","requestId":"912e1355-2685-4a1e-a85d-c0a77df260a7","service":"preplyte-api","stack":"InternalError: Question has no correct answer configured\n    at AptitudeModuleExecutor.handleAnswer (C:\\Users\\Raj Bhoite\\Desktop\\WD\\preplytef\\backend\\src\\module\\mock-drive\\attempt\\executors\\aptitude.executor.ts:257:13)\n    at async AttemptService.handleModuleAction (C:\\Users\\Raj Bhoite\\Desktop\\WD\\preplytef\\backend\\src\\module\\mock-drive\\attempt\\attempt.service.ts:248:25)\n    at async submitAptitudeAnswer (C:\\Users\\Raj Bhoite\\Desktop\\WD\\preplytef\\backend\\src\\module\\mock-drive\\attempt\\attempt.controller.ts:166:22)","timestamp":"2026-02-20 16:37:06","userAgent":"Mozilla/5.0 (Windows NT 10.0; Win64; x64) AppleWebKit/537.36 (KHTML, like Gecko) Chrome/144.0.0.0 Safari/537.36 Edg/144.0.0.0","userId":"cmluqlns4000gp3qc2r9ju34o"}
{"level":"info","message":"\u001b[0mPOST /api/mock-drives/cmlurj0uo000up3qc75i2h3lo/modules/cmlurj0x4000wp3qcvakeo5iw/aptitude/answer \u001b[31m500\u001b[0m 20.269 ms - 156\u001b[0m","service":"preplyte-api","timestamp":"2026-02-20 16:37:06"}
{"code":"INTERNAL_ERROR","ip":"127.0.0.1","level":"error","message":"Non-operational error Question has no correct answer configured","method":"POST","path":"/api/mock-drives/cmlurj0uo000up3qc75i2h3lo/modules/cmlurj0x4000wp3qcvakeo5iw/aptitude/answer","requestId":"1b50dbc8-1263-4ec8-8118-47bef02d5bf5","service":"preplyte-api","stack":"InternalError: Question has no correct answer configured\n    at AptitudeModuleExecutor.handleAnswer (C:\\Users\\Raj Bhoite\\Desktop\\WD\\preplytef\\backend\\src\\module\\mock-drive\\attempt\\executors\\aptitude.executor.ts:257:13)\n    at async AttemptService.handleModuleAction (C:\\Users\\Raj Bhoite\\Desktop\\WD\\preplytef\\backend\\src\\module\\mock-drive\\attempt\\attempt.service.ts:248:25)\n    at async submitAptitudeAnswer (C:\\Users\\Raj Bhoite\\Desktop\\WD\\preplytef\\backend\\src\\module\\mock-drive\\attempt\\attempt.controller.ts:166:22)","timestamp":"2026-02-20 16:37:06","userAgent":"Mozilla/5.0 (Windows NT 10.0; Win64; x64) AppleWebKit/537.36 (KHTML, like Gecko) Chrome/144.0.0.0 Safari/537.36 Edg/144.0.0.0","userId":"cmluqlns4000gp3qc2r9ju34o"}
{"level":"info","message":"\u001b[0mPOST /api/mock-drives/cmlurj0uo000up3qc75i2h3lo/modules/cmlurj0x4000wp3qcvakeo5iw/aptitude/answer \u001b[31m500\u001b[0m 25.474 ms - 156\u001b[0m","service":"preplyte-api","timestamp":"2026-02-20 16:37:06"}
{"code":"INTERNAL_ERROR","ip":"127.0.0.1","level":"error","message":"Non-operational error Question has no correct answer configured","method":"POST","path":"/api/mock-drives/cmlurj0uo000up3qc75i2h3lo/modules/cmlurj0x4000wp3qcvakeo5iw/aptitude/answer","requestId":"34e59655-c8f7-4ce2-82ed-3d940d549ff4","service":"preplyte-api","stack":"InternalError: Question has no correct answer configured\n    at AptitudeModuleExecutor.handleAnswer (C:\\Users\\Raj Bhoite\\Desktop\\WD\\preplytef\\backend\\src\\module\\mock-drive\\attempt\\executors\\aptitude.executor.ts:257:13)\n    at async AttemptService.handleModuleAction (C:\\Users\\Raj Bhoite\\Desktop\\WD\\preplytef\\backend\\src\\module\\mock-drive\\attempt\\attempt.service.ts:248:25)\n    at async submitAptitudeAnswer (C:\\Users\\Raj Bhoite\\Desktop\\WD\\preplytef\\backend\\src\\module\\mock-drive\\attempt\\attempt.controller.ts:166:22)","timestamp":"2026-02-20 16:37:07","userAgent":"Mozilla/5.0 (Windows NT 10.0; Win64; x64) AppleWebKit/537.36 (KHTML, like Gecko) Chrome/144.0.0.0 Safari/537.36 Edg/144.0.0.0","userId":"cmluqlns4000gp3qc2r9ju34o"}
{"level":"info","message":"\u001b[0mPOST /api/mock-drives/cmlurj0uo000up3qc75i2h3lo/modules/cmlurj0x4000wp3qcvakeo5iw/aptitude/answer \u001b[31m500\u001b[0m 15.582 ms - 156\u001b[0m","service":"preplyte-api","timestamp":"2026-02-20 16:37:07"}
{"code":"INTERNAL_ERROR","ip":"127.0.0.1","level":"error","message":"Non-operational error Question has no correct answer configured","method":"POST","path":"/api/mock-drives/cmlurj0uo000up3qc75i2h3lo/modules/cmlurj0x4000wp3qcvakeo5iw/aptitude/answer","requestId":"7c208173-29d7-4beb-b4ec-dd3de6b590de","service":"preplyte-api","stack":"InternalError: Question has no correct answer configured\n    at AptitudeModuleExecutor.handleAnswer (C:\\Users\\Raj Bhoite\\Desktop\\WD\\preplytef\\backend\\src\\module\\mock-drive\\attempt\\executors\\aptitude.executor.ts:257:13)\n    at async AttemptService.handleModuleAction (C:\\Users\\Raj Bhoite\\Desktop\\WD\\preplytef\\backend\\src\\module\\mock-drive\\attempt\\attempt.service.ts:248:25)\n    at async submitAptitudeAnswer (C:\\Users\\Raj Bhoite\\Desktop\\WD\\preplytef\\backend\\src\\module\\mock-drive\\attempt\\attempt.controller.ts:166:22)","timestamp":"2026-02-20 16:37:07","userAgent":"Mozilla/5.0 (Windows NT 10.0; Win64; x64) AppleWebKit/537.36 (KHTML, like Gecko) Chrome/144.0.0.0 Safari/537.36 Edg/144.0.0.0","userId":"cmluqlns4000gp3qc2r9ju34o"}
{"level":"info","message":"\u001b[0mPOST /api/mock-drives/cmlurj0uo000up3qc75i2h3lo/modules/cmlurj0x4000wp3qcvakeo5iw/aptitude/answer \u001b[31m500\u001b[0m 23.168 ms - 156\u001b[0m","service":"preplyte-api","timestamp":"2026-02-20 16:37:07"}
{"code":"INTERNAL_ERROR","ip":"127.0.0.1","level":"error","message":"Non-operational error Question has no correct answer configured","method":"POST","path":"/api/mock-drives/cmlurj0uo000up3qc75i2h3lo/modules/cmlurj0x4000wp3qcvakeo5iw/aptitude/answer","requestId":"6e5ea151-ca7d-4182-bc40-1ff2df09812b","service":"preplyte-api","stack":"InternalError: Question has no correct answer configured\n    at AptitudeModuleExecutor.handleAnswer (C:\\Users\\Raj Bhoite\\Desktop\\WD\\preplytef\\backend\\src\\module\\mock-drive\\attempt\\executors\\aptitude.executor.ts:257:13)\n    at async AttemptService.handleModuleAction (C:\\Users\\Raj Bhoite\\Desktop\\WD\\preplytef\\backend\\src\\module\\mock-drive\\attempt\\attempt.service.ts:248:25)\n    at async submitAptitudeAnswer (C:\\Users\\Raj Bhoite\\Desktop\\WD\\preplytef\\backend\\src\\module\\mock-drive\\attempt\\attempt.controller.ts:166:22)","timestamp":"2026-02-20 16:37:07","userAgent":"Mozilla/5.0 (Windows NT 10.0; Win64; x64) AppleWebKit/537.36 (KHTML, like Gecko) Chrome/144.0.0.0 Safari/537.36 Edg/144.0.0.0","userId":"cmluqlns4000gp3qc2r9ju34o"}
{"level":"info","message":"\u001b[0mPOST /api/mock-drives/cmlurj0uo000up3qc75i2h3lo/modules/cmlurj0x4000wp3qcvakeo5iw/aptitude/answer \u001b[31m500\u001b[0m 13.969 ms - 156\u001b[0m","service":"preplyte-api","timestamp":"2026-02-20 16:37:07"}
{"code":"INTERNAL_ERROR","ip":"127.0.0.1","level":"error","message":"Non-operational error Question has no correct answer configured","method":"POST","path":"/api/mock-drives/cmlurj0uo000up3qc75i2h3lo/modules/cmlurj0x4000wp3qcvakeo5iw/aptitude/answer","requestId":"7418d977-c2a3-4e32-9aca-9b6aba14c423","service":"preplyte-api","stack":"InternalError: Question has no correct answer configured\n    at AptitudeModuleExecutor.handleAnswer (C:\\Users\\Raj Bhoite\\Desktop\\WD\\preplytef\\backend\\src\\module\\mock-drive\\attempt\\executors\\aptitude.executor.ts:257:13)\n    at async AttemptService.handleModuleAction (C:\\Users\\Raj Bhoite\\Desktop\\WD\\preplytef\\backend\\src\\module\\mock-drive\\attempt\\attempt.service.ts:248:25)\n    at async submitAptitudeAnswer (C:\\Users\\Raj Bhoite\\Desktop\\WD\\preplytef\\backend\\src\\module\\mock-drive\\attempt\\attempt.controller.ts:166:22)","timestamp":"2026-02-20 16:37:08","userAgent":"Mozilla/5.0 (Windows NT 10.0; Win64; x64) AppleWebKit/537.36 (KHTML, like Gecko) Chrome/144.0.0.0 Safari/537.36 Edg/144.0.0.0","userId":"cmluqlns4000gp3qc2r9ju34o"}
{"level":"info","message":"\u001b[0mPOST /api/mock-drives/cmlurj0uo000up3qc75i2h3lo/modules/cmlurj0x4000wp3qcvakeo5iw/aptitude/answer \u001b[31m500\u001b[0m 20.690 ms - 156\u001b[0m","service":"preplyte-api","timestamp":"2026-02-20 16:37:08"}
{"level":"info","message":"\u001b[0mGET /api/mock-drives/cmlurj0uo000up3qc75i2h3lo \u001b[33m401\u001b[0m 0.863 ms - 108\u001b[0m","service":"preplyte-api","timestamp":"2026-02-20 16:37:08"}
{"level":"info","message":"\u001b[0mGET /api/mock-drives/cmlurj0uo000up3qc75i2h3lo/attempt \u001b[33m401\u001b[0m 0.723 ms - 108\u001b[0m","service":"preplyte-api","timestamp":"2026-02-20 16:37:08"}
{"level":"warn","message":"Refresh token reuse detected","revokedAt":"2026-02-20T11:05:05.889Z","service":"preplyte-api","timestamp":"2026-02-20 16:37:08","tokenId":"cmlurqcno001kp3qcx4tsth86","userId":"cmluqlns4000gp3qc2r9ju34o"}
{"level":"info","message":"User logged out from all devices","service":"preplyte-api","timestamp":"2026-02-20 16:37:08","userId":"cmluqlns4000gp3qc2r9ju34o"}
{"code":"UNAUTHORIZED","ip":"127.0.0.1","level":"warn","message":"Operational error Token reuse detected. All sessions have been revoked for security.","method":"POST","path":"/api/auth/refresh","requestId":"mluscbv9-8b76f1dddfd4e4ac","service":"preplyte-api","timestamp":"2026-02-20 16:37:08","userAgent":"Mozilla/5.0 (Windows NT 10.0; Win64; x64) AppleWebKit/537.36 (KHTML, like Gecko) Chrome/144.0.0.0 Safari/537.36 Edg/144.0.0.0"}
{"level":"info","message":"\u001b[0mPOST /api/auth/refresh \u001b[33m401\u001b[0m 42.197 ms - 168\u001b[0m","service":"preplyte-api","timestamp":"2026-02-20 16:37:08"}
{"level":"info","message":"\u001b[0mGET /api/mock-drives/cmlurj0uo000up3qc75i2h3lo/attempt \u001b[33m401\u001b[0m 1.103 ms - 85\u001b[0m","service":"preplyte-api","timestamp":"2026-02-20 16:37:10"}
{"level":"info","message":"\u001b[0mGET /api/mock-drives/cmlurj0uo000up3qc75i2h3lo \u001b[33m401\u001b[0m 0.655 ms - 85\u001b[0m","service":"preplyte-api","timestamp":"2026-02-20 16:37:10"}
{"level":"info","message":"User logged in","service":"preplyte-api","timestamp":"2026-02-20 16:37:24","userId":"cmluqlns4000gp3qc2r9ju34o"}
{"level":"info","message":"\u001b[0mPOST /api/auth/login \u001b[32m200\u001b[0m 352.071 ms - -\u001b[0m","service":"preplyte-api","timestamp":"2026-02-20 16:37:24"}
{"level":"info","message":"\u001b[0mGET /api/mock-drives?page=1&limit=10&status=PUBLISHED%2CREGISTRATION_OPEN%2CREGISTRATION_CLOSED%2CIN_PROGRESS \u001b[32m200\u001b[0m 63.161 ms - 824\u001b[0m","service":"preplyte-api","timestamp":"2026-02-20 16:37:34"}
{"level":"info","message":"\u001b[0mGET /api/mock-drives/cmlurj0uo000up3qc75i2h3lo \u001b[36m304\u001b[0m 108.005 ms - -\u001b[0m","service":"preplyte-api","timestamp":"2026-02-20 16:37:38"}
{"level":"info","message":"\u001b[0mGET /api/mock-drives/cmlurj0uo000up3qc75i2h3lo/eligibility \u001b[36m304\u001b[0m 111.360 ms - -\u001b[0m","service":"preplyte-api","timestamp":"2026-02-20 16:37:38"}
{"level":"info","message":"\u001b[0mGET /api/mock-drives/cmlurj0uo000up3qc75i2h3lo/attempt \u001b[32m200\u001b[0m 16.271 ms - -\u001b[0m","service":"preplyte-api","timestamp":"2026-02-20 16:37:51"}
{"code":"INTERNAL_ERROR","ip":"127.0.0.1","level":"error","message":"Non-operational error Question has no correct answer configured","method":"POST","path":"/api/mock-drives/cmlurj0uo000up3qc75i2h3lo/modules/cmlurj0x4000wp3qcvakeo5iw/aptitude/answer","requestId":"d324bce8-f7f8-43b8-a552-ca18c2b28352","service":"preplyte-api","stack":"InternalError: Question has no correct answer configured\n    at AptitudeModuleExecutor.handleAnswer (C:\\Users\\Raj Bhoite\\Desktop\\WD\\preplytef\\backend\\src\\module\\mock-drive\\attempt\\executors\\aptitude.executor.ts:257:13)\n    at async AttemptService.handleModuleAction (C:\\Users\\Raj Bhoite\\Desktop\\WD\\preplytef\\backend\\src\\module\\mock-drive\\attempt\\attempt.service.ts:248:25)\n    at async submitAptitudeAnswer (C:\\Users\\Raj Bhoite\\Desktop\\WD\\preplytef\\backend\\src\\module\\mock-drive\\attempt\\attempt.controller.ts:166:22)","timestamp":"2026-02-20 16:37:53","userAgent":"Mozilla/5.0 (Windows NT 10.0; Win64; x64) AppleWebKit/537.36 (KHTML, like Gecko) Chrome/144.0.0.0 Safari/537.36 Edg/144.0.0.0","userId":"cmluqlns4000gp3qc2r9ju34o"}
{"level":"info","message":"\u001b[0mPOST /api/mock-drives/cmlurj0uo000up3qc75i2h3lo/modules/cmlurj0x4000wp3qcvakeo5iw/aptitude/answer \u001b[31m500\u001b[0m 33.266 ms - 156\u001b[0m","service":"preplyte-api","timestamp":"2026-02-20 16:37:53"}
{"code":"INTERNAL_ERROR","ip":"127.0.0.1","level":"error","message":"Non-operational error Question has no correct answer configured","method":"POST","path":"/api/mock-drives/cmlurj0uo000up3qc75i2h3lo/modules/cmlurj0x4000wp3qcvakeo5iw/aptitude/answer","requestId":"a908ad1c-b667-4853-a538-1809b865811c","service":"preplyte-api","stack":"InternalError: Question has no correct answer configured\n    at AptitudeModuleExecutor.handleAnswer (C:\\Users\\Raj Bhoite\\Desktop\\WD\\preplytef\\backend\\src\\module\\mock-drive\\attempt\\executors\\aptitude.executor.ts:257:13)\n    at async AttemptService.handleModuleAction (C:\\Users\\Raj Bhoite\\Desktop\\WD\\preplytef\\backend\\src\\module\\mock-drive\\attempt\\attempt.service.ts:248:25)\n    at async submitAptitudeAnswer (C:\\Users\\Raj Bhoite\\Desktop\\WD\\preplytef\\backend\\src\\module\\mock-drive\\attempt\\attempt.controller.ts:166:22)","timestamp":"2026-02-20 16:37:54","userAgent":"Mozilla/5.0 (Windows NT 10.0; Win64; x64) AppleWebKit/537.36 (KHTML, like Gecko) Chrome/144.0.0.0 Safari/537.36 Edg/144.0.0.0","userId":"cmluqlns4000gp3qc2r9ju34o"}
{"level":"info","message":"\u001b[0mPOST /api/mock-drives/cmlurj0uo000up3qc75i2h3lo/modules/cmlurj0x4000wp3qcvakeo5iw/aptitude/answer \u001b[31m500\u001b[0m 37.512 ms - 156\u001b[0m","service":"preplyte-api","timestamp":"2026-02-20 16:37:54"}
{"ip":"127.0.0.1","level":"warn","message":"Rate limit exceeded","method":"POST","path":"/mock-drives/cmlurj0uo000up3qc75i2h3lo/modules/cmlurj0x4000wp3qcvakeo5iw/aptitude/answer","service":"preplyte-api","timestamp":"2026-02-20 16:37:54"}
{"level":"info","message":"\u001b[0mPOST /api/mock-drives/cmlurj0uo000up3qc75i2h3lo/modules/cmlurj0x4000wp3qcvakeo5iw/aptitude/answer \u001b[33m429\u001b[0m 1.685 ms - 117\u001b[0m","service":"preplyte-api","timestamp":"2026-02-20 16:37:54"}
{"ip":"127.0.0.1","level":"warn","message":"Rate limit exceeded","method":"POST","path":"/mock-drives/cmlurj0uo000up3qc75i2h3lo/modules/cmlurj0x4000wp3qcvakeo5iw/aptitude/answer","service":"preplyte-api","timestamp":"2026-02-20 16:37:55"}
{"level":"info","message":"\u001b[0mPOST /api/mock-drives/cmlurj0uo000up3qc75i2h3lo/modules/cmlurj0x4000wp3qcvakeo5iw/aptitude/answer \u001b[33m429\u001b[0m 0.976 ms - 117\u001b[0m","service":"preplyte-api","timestamp":"2026-02-20 16:37:55"}
{"ip":"127.0.0.1","level":"warn","message":"Rate limit exceeded","method":"POST","path":"/mock-drives/cmlurj0uo000up3qc75i2h3lo/modules/cmlurj0x4000wp3qcvakeo5iw/aptitude/answer","service":"preplyte-api","timestamp":"2026-02-20 16:37:56"}
{"level":"info","message":"\u001b[0mPOST /api/mock-drives/cmlurj0uo000up3qc75i2h3lo/modules/cmlurj0x4000wp3qcvakeo5iw/aptitude/answer \u001b[33m429\u001b[0m 1.132 ms - 117\u001b[0m","service":"preplyte-api","timestamp":"2026-02-20 16:37:56"}
{"ip":"127.0.0.1","level":"warn","message":"Rate limit exceeded","method":"POST","path":"/mock-drives/cmlurj0uo000up3qc75i2h3lo/modules/cmlurj0x4000wp3qcvakeo5iw/aptitude/answer","service":"preplyte-api","timestamp":"2026-02-20 16:37:56"}
{"level":"info","message":"\u001b[0mPOST /api/mock-drives/cmlurj0uo000up3qc75i2h3lo/modules/cmlurj0x4000wp3qcvakeo5iw/aptitude/answer \u001b[33m429\u001b[0m 2.658 ms - 117\u001b[0m","service":"preplyte-api","timestamp":"2026-02-20 16:37:56"}
{"ip":"127.0.0.1","level":"warn","message":"Rate limit exceeded","method":"POST","path":"/mock-drives/cmlurj0uo000up3qc75i2h3lo/modules/cmlurj0x4000wp3qcvakeo5iw/aptitude/answer","service":"preplyte-api","timestamp":"2026-02-20 16:37:59"}
{"level":"info","message":"\u001b[0mPOST /api/mock-drives/cmlurj0uo000up3qc75i2h3lo/modules/cmlurj0x4000wp3qcvakeo5iw/aptitude/answer \u001b[33m429\u001b[0m 2.648 ms - 117\u001b[0m","service":"preplyte-api","timestamp":"2026-02-20 16:37:59"}
{"ip":"127.0.0.1","level":"warn","message":"Rate limit exceeded","method":"POST","path":"/mock-drives/cmlurj0uo000up3qc75i2h3lo/modules/cmlurj0x4000wp3qcvakeo5iw/aptitude/answer","service":"preplyte-api","timestamp":"2026-02-20 16:37:59"}
{"level":"info","message":"\u001b[0mPOST /api/mock-drives/cmlurj0uo000up3qc75i2h3lo/modules/cmlurj0x4000wp3qcvakeo5iw/aptitude/answer \u001b[33m429\u001b[0m 5.541 ms - 117\u001b[0m","service":"preplyte-api","timestamp":"2026-02-20 16:37:59"}
{"ip":"127.0.0.1","level":"warn","message":"Rate limit exceeded","method":"POST","path":"/mock-drives/cmlurj0uo000up3qc75i2h3lo/modules/cmlurj0x4000wp3qcvakeo5iw/aptitude/answer","service":"preplyte-api","timestamp":"2026-02-20 16:37:59"}
{"level":"info","message":"\u001b[0mPOST /api/mock-drives/cmlurj0uo000up3qc75i2h3lo/modules/cmlurj0x4000wp3qcvakeo5iw/aptitude/answer \u001b[33m429\u001b[0m 2.475 ms - 117\u001b[0m","service":"preplyte-api","timestamp":"2026-02-20 16:37:59"}
{"ip":"127.0.0.1","level":"warn","message":"Rate limit exceeded","method":"POST","path":"/mock-drives/cmlurj0uo000up3qc75i2h3lo/modules/cmlurj0x4000wp3qcvakeo5iw/aptitude/answer","service":"preplyte-api","timestamp":"2026-02-20 16:38:00"}
{"level":"info","message":"\u001b[0mPOST /api/mock-drives/cmlurj0uo000up3qc75i2h3lo/modules/cmlurj0x4000wp3qcvakeo5iw/aptitude/answer \u001b[33m429\u001b[0m 1.130 ms - 117\u001b[0m","service":"preplyte-api","timestamp":"2026-02-20 16:38:00"}
{"ip":"127.0.0.1","level":"warn","message":"Rate limit exceeded","method":"POST","path":"/mock-drives/cmlurj0uo000up3qc75i2h3lo/modules/cmlurj0x4000wp3qcvakeo5iw/aptitude/answer","service":"preplyte-api","timestamp":"2026-02-20 16:38:00"}
{"level":"info","message":"\u001b[0mPOST /api/mock-drives/cmlurj0uo000up3qc75i2h3lo/modules/cmlurj0x4000wp3qcvakeo5iw/aptitude/answer \u001b[33m429\u001b[0m 2.478 ms - 117\u001b[0m","service":"preplyte-api","timestamp":"2026-02-20 16:38:00"}
{"ip":"127.0.0.1","level":"warn","message":"Rate limit exceeded","method":"POST","path":"/mock-drives/cmlurj0uo000up3qc75i2h3lo/modules/cmlurj0x4000wp3qcvakeo5iw/aptitude/answer","service":"preplyte-api","timestamp":"2026-02-20 16:38:01"}
{"level":"info","message":"\u001b[0mPOST /api/mock-drives/cmlurj0uo000up3qc75i2h3lo/modules/cmlurj0x4000wp3qcvakeo5iw/aptitude/answer \u001b[33m429\u001b[0m 2.019 ms - 117\u001b[0m","service":"preplyte-api","timestamp":"2026-02-20 16:38:01"}
{"ip":"127.0.0.1","level":"warn","message":"Rate limit exceeded","method":"POST","path":"/mock-drives/cmlurj0uo000up3qc75i2h3lo/modules/cmlurj0x4000wp3qcvakeo5iw/aptitude/answer","service":"preplyte-api","timestamp":"2026-02-20 16:38:01"}
{"level":"info","message":"\u001b[0mPOST /api/mock-drives/cmlurj0uo000up3qc75i2h3lo/modules/cmlurj0x4000wp3qcvakeo5iw/aptitude/answer \u001b[33m429\u001b[0m 1.134 ms - 117\u001b[0m","service":"preplyte-api","timestamp":"2026-02-20 16:38:01"}
{"ip":"127.0.0.1","level":"warn","message":"Rate limit exceeded","method":"POST","path":"/mock-drives/cmlurj0uo000up3qc75i2h3lo/modules/cmlurj0x4000wp3qcvakeo5iw/aptitude/answer","service":"preplyte-api","timestamp":"2026-02-20 16:38:02"}
{"level":"info","message":"\u001b[0mPOST /api/mock-drives/cmlurj0uo000up3qc75i2h3lo/modules/cmlurj0x4000wp3qcvakeo5iw/aptitude/answer \u001b[33m429\u001b[0m 1.880 ms - 117\u001b[0m","service":"preplyte-api","timestamp":"2026-02-20 16:38:02"}
{"ip":"127.0.0.1","level":"warn","message":"Rate limit exceeded","method":"POST","path":"/mock-drives/cmlurj0uo000up3qc75i2h3lo/modules/cmlurj0x4000wp3qcvakeo5iw/aptitude/answer","service":"preplyte-api","timestamp":"2026-02-20 16:38:02"}
{"level":"info","message":"\u001b[0mPOST /api/mock-drives/cmlurj0uo000up3qc75i2h3lo/modules/cmlurj0x4000wp3qcvakeo5iw/aptitude/answer \u001b[33m429\u001b[0m 1.804 ms - 117\u001b[0m","service":"preplyte-api","timestamp":"2026-02-20 16:38:02"}
{"ip":"127.0.0.1","level":"warn","message":"Rate limit exceeded","method":"POST","path":"/mock-drives/cmlurj0uo000up3qc75i2h3lo/modules/cmlurj0x4000wp3qcvakeo5iw/aptitude/answer","service":"preplyte-api","timestamp":"2026-02-20 16:38:02"}
{"level":"info","message":"\u001b[0mPOST /api/mock-drives/cmlurj0uo000up3qc75i2h3lo/modules/cmlurj0x4000wp3qcvakeo5iw/aptitude/answer \u001b[33m429\u001b[0m 2.269 ms - 117\u001b[0m","service":"preplyte-api","timestamp":"2026-02-20 16:38:02"}
{"ip":"127.0.0.1","level":"warn","message":"Rate limit exceeded","method":"POST","path":"/mock-drives/cmlurj0uo000up3qc75i2h3lo/modules/cmlurj0x4000wp3qcvakeo5iw/aptitude/answer","service":"preplyte-api","timestamp":"2026-02-20 16:38:02"}
{"level":"info","message":"\u001b[0mPOST /api/mock-drives/cmlurj0uo000up3qc75i2h3lo/modules/cmlurj0x4000wp3qcvakeo5iw/aptitude/answer \u001b[33m429\u001b[0m 1.628 ms - 117\u001b[0m","service":"preplyte-api","timestamp":"2026-02-20 16:38:02"}
{"ip":"127.0.0.1","level":"warn","message":"Rate limit exceeded","method":"POST","path":"/mock-drives/cmlurj0uo000up3qc75i2h3lo/modules/cmlurj0x4000wp3qcvakeo5iw/aptitude/answer","service":"preplyte-api","timestamp":"2026-02-20 16:38:02"}
{"level":"info","message":"\u001b[0mPOST /api/mock-drives/cmlurj0uo000up3qc75i2h3lo/modules/cmlurj0x4000wp3qcvakeo5iw/aptitude/answer \u001b[33m429\u001b[0m 1.165 ms - 117\u001b[0m","service":"preplyte-api","timestamp":"2026-02-20 16:38:02"}
{"ip":"127.0.0.1","level":"warn","message":"Rate limit exceeded","method":"POST","path":"/mock-drives/cmlurj0uo000up3qc75i2h3lo/modules/cmlurj0x4000wp3qcvakeo5iw/aptitude/answer","service":"preplyte-api","timestamp":"2026-02-20 16:38:02"}
{"level":"info","message":"\u001b[0mPOST /api/mock-drives/cmlurj0uo000up3qc75i2h3lo/modules/cmlurj0x4000wp3qcvakeo5iw/aptitude/answer \u001b[33m429\u001b[0m 3.831 ms - 117\u001b[0m","service":"preplyte-api","timestamp":"2026-02-20 16:38:02"}
{"ip":"127.0.0.1","level":"warn","message":"Rate limit exceeded","method":"GET","path":"/mock-drives/cmlurj0uo000up3qc75i2h3lo/attempt","service":"preplyte-api","timestamp":"2026-02-20 16:44:15"}
{"level":"info","message":"\u001b[0mGET /api/mock-drives/cmlurj0uo000up3qc75i2h3lo/attempt \u001b[33m429\u001b[0m 4.081 ms - 117\u001b[0m","service":"preplyte-api","timestamp":"2026-02-20 16:44:15"}
{"ip":"127.0.0.1","level":"warn","message":"Rate limit exceeded","method":"POST","path":"/mock-drives/cmlurj0uo000up3qc75i2h3lo/modules/cmlurj0x4000wp3qcvakeo5iw/aptitude/answer","service":"preplyte-api","timestamp":"2026-02-20 16:44:16"}
{"level":"info","message":"\u001b[0mPOST /api/mock-drives/cmlurj0uo000up3qc75i2h3lo/modules/cmlurj0x4000wp3qcvakeo5iw/aptitude/answer \u001b[33m429\u001b[0m 2.191 ms - 117\u001b[0m","service":"preplyte-api","timestamp":"2026-02-20 16:44:16"}
{"ip":"127.0.0.1","level":"warn","message":"Rate limit exceeded","method":"POST","path":"/mock-drives/cmlurj0uo000up3qc75i2h3lo/modules/cmlurj0x4000wp3qcvakeo5iw/aptitude/answer","service":"preplyte-api","timestamp":"2026-02-20 16:44:16"}
{"level":"info","message":"\u001b[0mPOST /api/mock-drives/cmlurj0uo000up3qc75i2h3lo/modules/cmlurj0x4000wp3qcvakeo5iw/aptitude/answer \u001b[33m429\u001b[0m 1.384 ms - 117\u001b[0m","service":"preplyte-api","timestamp":"2026-02-20 16:44:16"}
{"ip":"127.0.0.1","level":"warn","message":"Rate limit exceeded","method":"POST","path":"/mock-drives/cmlurj0uo000up3qc75i2h3lo/modules/cmlurj0x4000wp3qcvakeo5iw/aptitude/answer","service":"preplyte-api","timestamp":"2026-02-20 16:44:16"}
{"level":"info","message":"\u001b[0mPOST /api/mock-drives/cmlurj0uo000up3qc75i2h3lo/modules/cmlurj0x4000wp3qcvakeo5iw/aptitude/answer \u001b[33m429\u001b[0m 1.778 ms - 117\u001b[0m","service":"preplyte-api","timestamp":"2026-02-20 16:44:16"}
{"ip":"127.0.0.1","level":"warn","message":"Rate limit exceeded","method":"GET","path":"/mock-drives/cmlurj0uo000up3qc75i2h3lo/attempt","service":"preplyte-api","timestamp":"2026-02-20 16:44:16"}
{"level":"info","message":"\u001b[0mGET /api/mock-drives/cmlurj0uo000up3qc75i2h3lo/attempt \u001b[33m429\u001b[0m 6.321 ms - 117\u001b[0m","service":"preplyte-api","timestamp":"2026-02-20 16:44:16"}
{"ip":"127.0.0.1","level":"warn","message":"Rate limit exceeded","method":"POST","path":"/mock-drives/cmlurj0uo000up3qc75i2h3lo/modules/cmlurj0x4000wp3qcvakeo5iw/aptitude/answer","service":"preplyte-api","timestamp":"2026-02-20 16:44:18"}
{"level":"info","message":"\u001b[0mPOST /api/mock-drives/cmlurj0uo000up3qc75i2h3lo/modules/cmlurj0x4000wp3qcvakeo5iw/aptitude/answer \u001b[33m429\u001b[0m 1.703 ms - 117\u001b[0m","service":"preplyte-api","timestamp":"2026-02-20 16:44:18"}
{"ip":"127.0.0.1","level":"warn","message":"Rate limit exceeded","method":"POST","path":"/mock-drives/cmlurj0uo000up3qc75i2h3lo/modules/cmlurj0x4000wp3qcvakeo5iw/aptitude/answer","service":"preplyte-api","timestamp":"2026-02-20 16:46:50"}
{"level":"info","message":"\u001b[0mPOST /api/mock-drives/cmlurj0uo000up3qc75i2h3lo/modules/cmlurj0x4000wp3qcvakeo5iw/aptitude/answer \u001b[33m429\u001b[0m 2.117 ms - 117\u001b[0m","service":"preplyte-api","timestamp":"2026-02-20 16:46:50"}
{"ip":"127.0.0.1","level":"warn","message":"Rate limit exceeded","method":"POST","path":"/mock-drives/cmlurj0uo000up3qc75i2h3lo/modules/cmlurj0x4000wp3qcvakeo5iw/aptitude/answer","service":"preplyte-api","timestamp":"2026-02-20 16:46:51"}
{"level":"info","message":"\u001b[0mPOST /api/mock-drives/cmlurj0uo000up3qc75i2h3lo/modules/cmlurj0x4000wp3qcvakeo5iw/aptitude/answer \u001b[33m429\u001b[0m 2.322 ms - 117\u001b[0m","service":"preplyte-api","timestamp":"2026-02-20 16:46:51"}
{"ip":"127.0.0.1","level":"warn","message":"Rate limit exceeded","method":"POST","path":"/mock-drives/cmlurj0uo000up3qc75i2h3lo/modules/cmlurj0x4000wp3qcvakeo5iw/aptitude/answer","service":"preplyte-api","timestamp":"2026-02-20 16:46:52"}
{"level":"info","message":"\u001b[0mPOST /api/mock-drives/cmlurj0uo000up3qc75i2h3lo/modules/cmlurj0x4000wp3qcvakeo5iw/aptitude/answer \u001b[33m429\u001b[0m 1.008 ms - 117\u001b[0m","service":"preplyte-api","timestamp":"2026-02-20 16:46:52"}
{"ip":"127.0.0.1","level":"warn","message":"Rate limit exceeded","method":"POST","path":"/mock-drives/cmlurj0uo000up3qc75i2h3lo/modules/cmlurj0x4000wp3qcvakeo5iw/aptitude/answer","service":"preplyte-api","timestamp":"2026-02-20 16:46:52"}
{"level":"info","message":"\u001b[0mPOST /api/mock-drives/cmlurj0uo000up3qc75i2h3lo/modules/cmlurj0x4000wp3qcvakeo5iw/aptitude/answer \u001b[33m429\u001b[0m 1.619 ms - 117\u001b[0m","service":"preplyte-api","timestamp":"2026-02-20 16:46:52"}
{"ip":"127.0.0.1","level":"warn","message":"Rate limit exceeded","method":"POST","path":"/mock-drives/cmlurj0uo000up3qc75i2h3lo/modules/cmlurj0x4000wp3qcvakeo5iw/aptitude/answer","service":"preplyte-api","timestamp":"2026-02-20 16:46:52"}
{"level":"info","message":"\u001b[0mPOST /api/mock-drives/cmlurj0uo000up3qc75i2h3lo/modules/cmlurj0x4000wp3qcvakeo5iw/aptitude/answer \u001b[33m429\u001b[0m 5.572 ms - 117\u001b[0m","service":"preplyte-api","timestamp":"2026-02-20 16:46:52"}
{"ip":"127.0.0.1","level":"warn","message":"Rate limit exceeded","method":"POST","path":"/mock-drives/cmlurj0uo000up3qc75i2h3lo/modules/cmlurj0x4000wp3qcvakeo5iw/aptitude/answer","service":"preplyte-api","timestamp":"2026-02-20 16:46:53"}
{"level":"info","message":"\u001b[0mPOST /api/mock-drives/cmlurj0uo000up3qc75i2h3lo/modules/cmlurj0x4000wp3qcvakeo5iw/aptitude/answer \u001b[33m429\u001b[0m 4.744 ms - 117\u001b[0m","service":"preplyte-api","timestamp":"2026-02-20 16:46:53"}
{"ip":"127.0.0.1","level":"warn","message":"Rate limit exceeded","method":"POST","path":"/mock-drives/cmlurj0uo000up3qc75i2h3lo/modules/cmlurj0x4000wp3qcvakeo5iw/aptitude/answer","service":"preplyte-api","timestamp":"2026-02-20 16:48:06"}
{"level":"info","message":"\u001b[0mPOST /api/mock-drives/cmlurj0uo000up3qc75i2h3lo/modules/cmlurj0x4000wp3qcvakeo5iw/aptitude/answer \u001b[33m429\u001b[0m 1.878 ms - 117\u001b[0m","service":"preplyte-api","timestamp":"2026-02-20 16:48:06"}
{"ip":"127.0.0.1","level":"warn","message":"Rate limit exceeded","method":"POST","path":"/mock-drives/cmlurj0uo000up3qc75i2h3lo/modules/cmlurj0x4000wp3qcvakeo5iw/aptitude/answer","service":"preplyte-api","timestamp":"2026-02-20 16:48:06"}
{"level":"info","message":"\u001b[0mPOST /api/mock-drives/cmlurj0uo000up3qc75i2h3lo/modules/cmlurj0x4000wp3qcvakeo5iw/aptitude/answer \u001b[33m429\u001b[0m 1.490 ms - 117\u001b[0m","service":"preplyte-api","timestamp":"2026-02-20 16:48:06"}
{"ip":"127.0.0.1","level":"warn","message":"Rate limit exceeded","method":"POST","path":"/mock-drives/cmlurj0uo000up3qc75i2h3lo/modules/cmlurj0x4000wp3qcvakeo5iw/aptitude/answer","service":"preplyte-api","timestamp":"2026-02-20 16:48:06"}
{"level":"info","message":"\u001b[0mPOST /api/mock-drives/cmlurj0uo000up3qc75i2h3lo/modules/cmlurj0x4000wp3qcvakeo5iw/aptitude/answer \u001b[33m429\u001b[0m 4.059 ms - 117\u001b[0m","service":"preplyte-api","timestamp":"2026-02-20 16:48:06"}
{"ip":"127.0.0.1","level":"warn","message":"Rate limit exceeded","method":"POST","path":"/mock-drives/cmlurj0uo000up3qc75i2h3lo/modules/cmlurj0x4000wp3qcvakeo5iw/aptitude/answer","service":"preplyte-api","timestamp":"2026-02-20 16:48:09"}
{"level":"info","message":"\u001b[0mPOST /api/mock-drives/cmlurj0uo000up3qc75i2h3lo/modules/cmlurj0x4000wp3qcvakeo5iw/aptitude/answer \u001b[33m429\u001b[0m 1.955 ms - 117\u001b[0m","service":"preplyte-api","timestamp":"2026-02-20 16:48:09"}
{"ip":"127.0.0.1","level":"warn","message":"Rate limit exceeded","method":"POST","path":"/mock-drives/cmlurj0uo000up3qc75i2h3lo/modules/cmlurj0x4000wp3qcvakeo5iw/aptitude/answer","service":"preplyte-api","timestamp":"2026-02-20 16:48:13"}
{"level":"info","message":"\u001b[0mPOST /api/mock-drives/cmlurj0uo000up3qc75i2h3lo/modules/cmlurj0x4000wp3qcvakeo5iw/aptitude/answer \u001b[33m429\u001b[0m 2.210 ms - 117\u001b[0m","service":"preplyte-api","timestamp":"2026-02-20 16:48:13"}
{"ip":"127.0.0.1","level":"warn","message":"Rate limit exceeded","method":"POST","path":"/mock-drives/cmlurj0uo000up3qc75i2h3lo/modules/cmlurj0x4000wp3qcvakeo5iw/aptitude/answer","service":"preplyte-api","timestamp":"2026-02-20 16:48:13"}
{"level":"info","message":"\u001b[0mPOST /api/mock-drives/cmlurj0uo000up3qc75i2h3lo/modules/cmlurj0x4000wp3qcvakeo5iw/aptitude/answer \u001b[33m429\u001b[0m 2.171 ms - 117\u001b[0m","service":"preplyte-api","timestamp":"2026-02-20 16:48:13"}
{"ip":"127.0.0.1","level":"warn","message":"Rate limit exceeded","method":"POST","path":"/mock-drives/cmlurj0uo000up3qc75i2h3lo/modules/cmlurj0x4000wp3qcvakeo5iw/aptitude/answer","service":"preplyte-api","timestamp":"2026-02-20 16:48:13"}
{"level":"info","message":"\u001b[0mPOST /api/mock-drives/cmlurj0uo000up3qc75i2h3lo/modules/cmlurj0x4000wp3qcvakeo5iw/aptitude/answer \u001b[33m429\u001b[0m 1.611 ms - 117\u001b[0m","service":"preplyte-api","timestamp":"2026-02-20 16:48:13"}
{"ip":"127.0.0.1","level":"warn","message":"Rate limit exceeded","method":"GET","path":"/mock-drives/cmlurj0uo000up3qc75i2h3lo/attempt","service":"preplyte-api","timestamp":"2026-02-20 16:48:16"}
{"level":"info","message":"\u001b[0mGET /api/mock-drives/cmlurj0uo000up3qc75i2h3lo/attempt \u001b[33m429\u001b[0m 1.289 ms - 117\u001b[0m","service":"preplyte-api","timestamp":"2026-02-20 16:48:16"}
{"ip":"127.0.0.1","level":"warn","message":"Rate limit exceeded","method":"GET","path":"/mock-drives/cmlurj0uo000up3qc75i2h3lo/attempt","service":"preplyte-api","timestamp":"2026-02-20 16:48:17"}
{"level":"info","message":"\u001b[0mGET /api/mock-drives/cmlurj0uo000up3qc75i2h3lo/attempt \u001b[33m429\u001b[0m 3.138 ms - 117\u001b[0m","service":"preplyte-api","timestamp":"2026-02-20 16:48:17"}
{"ip":"127.0.0.1","level":"warn","message":"Rate limit exceeded","method":"POST","path":"/mock-drives/cmlurj0uo000up3qc75i2h3lo/modules/cmlurj0x4000wp3qcvakeo5iw/submit","service":"preplyte-api","timestamp":"2026-02-20 16:48:19"}
{"level":"info","message":"\u001b[0mPOST /api/mock-drives/cmlurj0uo000up3qc75i2h3lo/modules/cmlurj0x4000wp3qcvakeo5iw/submit \u001b[33m429\u001b[0m 1.278 ms - 117\u001b[0m","service":"preplyte-api","timestamp":"2026-02-20 16:48:19"}
{"ip":"127.0.0.1","level":"warn","message":"Rate limit exceeded","method":"POST","path":"/mock-drives/cmlurj0uo000up3qc75i2h3lo/modules/cmlurj0x4000wp3qcvakeo5iw/submit","service":"preplyte-api","timestamp":"2026-02-20 16:48:24"}
{"level":"info","message":"\u001b[0mPOST /api/mock-drives/cmlurj0uo000up3qc75i2h3lo/modules/cmlurj0x4000wp3qcvakeo5iw/submit \u001b[33m429\u001b[0m 1.351 ms - 117\u001b[0m","service":"preplyte-api","timestamp":"2026-02-20 16:48:24"}
{"ip":"127.0.0.1","level":"warn","message":"Rate limit exceeded","method":"POST","path":"/mock-drives/cmlurj0uo000up3qc75i2h3lo/modules/cmlurj0x4000wp3qcvakeo5iw/submit","service":"preplyte-api","timestamp":"2026-02-20 16:48:25"}
{"level":"info","message":"\u001b[0mPOST /api/mock-drives/cmlurj0uo000up3qc75i2h3lo/modules/cmlurj0x4000wp3qcvakeo5iw/submit \u001b[33m429\u001b[0m 2.348 ms - 117\u001b[0m","service":"preplyte-api","timestamp":"2026-02-20 16:48:25"}
{"ip":"127.0.0.1","level":"warn","message":"Rate limit exceeded","method":"GET","path":"/mock-drives/cmlurj0uo000up3qc75i2h3lo","service":"preplyte-api","timestamp":"2026-02-20 16:48:30"}
{"level":"info","message":"\u001b[0mGET /api/mock-drives/cmlurj0uo000up3qc75i2h3lo \u001b[33m429\u001b[0m 1.198 ms - 117\u001b[0m","service":"preplyte-api","timestamp":"2026-02-20 16:48:30"}
{"ip":"127.0.0.1","level":"warn","message":"Rate limit exceeded","method":"GET","path":"/mock-drives/cmlurj0uo000up3qc75i2h3lo/attempt","service":"preplyte-api","timestamp":"2026-02-20 16:48:30"}
{"level":"info","message":"\u001b[0mGET /api/mock-drives/cmlurj0uo000up3qc75i2h3lo/attempt \u001b[33m429\u001b[0m 1.176 ms - 117\u001b[0m","service":"preplyte-api","timestamp":"2026-02-20 16:48:30"}
{"ip":"127.0.0.1","level":"warn","message":"Rate limit exceeded","method":"GET","path":"/mock-drives/cmlurj0uo000up3qc75i2h3lo","service":"preplyte-api","timestamp":"2026-02-20 16:48:31"}
{"level":"info","message":"\u001b[0mGET /api/mock-drives/cmlurj0uo000up3qc75i2h3lo \u001b[33m429\u001b[0m 1.198 ms - 117\u001b[0m","service":"preplyte-api","timestamp":"2026-02-20 16:48:31"}
{"ip":"127.0.0.1","level":"warn","message":"Rate limit exceeded","method":"GET","path":"/mock-drives/cmlurj0uo000up3qc75i2h3lo/attempt","service":"preplyte-api","timestamp":"2026-02-20 16:48:31"}
{"level":"info","message":"\u001b[0mGET /api/mock-drives/cmlurj0uo000up3qc75i2h3lo/attempt \u001b[33m429\u001b[0m 2.180 ms - 117\u001b[0m","service":"preplyte-api","timestamp":"2026-02-20 16:48:31"}
{"ip":"127.0.0.1","level":"warn","message":"Rate limit exceeded","method":"GET","path":"/mock-drives","service":"preplyte-api","timestamp":"2026-02-20 16:48:37"}
{"level":"info","message":"\u001b[0mGET /api/mock-drives?page=1&limit=10&status=PUBLISHED%2CREGISTRATION_OPEN%2CREGISTRATION_CLOSED%2CIN_PROGRESS \u001b[33m429\u001b[0m 1.611 ms - 117\u001b[0m","service":"preplyte-api","timestamp":"2026-02-20 16:48:37"}
{"ip":"127.0.0.1","level":"warn","message":"Rate limit exceeded","method":"GET","path":"/mock-drives","service":"preplyte-api","timestamp":"2026-02-20 16:48:38"}
{"level":"info","message":"\u001b[0mGET /api/mock-drives?page=1&limit=10&status=PUBLISHED%2CREGISTRATION_OPEN%2CREGISTRATION_CLOSED%2CIN_PROGRESS \u001b[33m429\u001b[0m 1.105 ms - 117\u001b[0m","service":"preplyte-api","timestamp":"2026-02-20 16:48:38"}
{"ip":"127.0.0.1","level":"warn","message":"Rate limit exceeded","method":"GET","path":"/mock-drives","service":"preplyte-api","timestamp":"2026-02-20 16:48:42"}
{"level":"info","message":"\u001b[0mGET /api/mock-drives?page=1&limit=10&status=PUBLISHED%2CREGISTRATION_OPEN%2CREGISTRATION_CLOSED%2CIN_PROGRESS \u001b[33m429\u001b[0m 1.669 ms - 117\u001b[0m","service":"preplyte-api","timestamp":"2026-02-20 16:48:42"}
{"ip":"127.0.0.1","level":"warn","message":"Rate limit exceeded","method":"GET","path":"/mock-drives","service":"preplyte-api","timestamp":"2026-02-20 16:48:43"}
{"level":"info","message":"\u001b[0mGET /api/mock-drives?page=1&limit=10&status=PUBLISHED%2CREGISTRATION_OPEN%2CREGISTRATION_CLOSED%2CIN_PROGRESS \u001b[33m429\u001b[0m 3.579 ms - 117\u001b[0m","service":"preplyte-api","timestamp":"2026-02-20 16:48:43"}
{"baseURL":"https://judge0-ce.p.rapidapi.com","level":"info","message":"Judge0 client initialized","service":"preplyte-api","timestamp":"2026-02-20 16:48:49","useRapidAPI":true}
{"level":"info","message":"[TTS] Using Deepgram for text-to-speech","service":"preplyte-api","timestamp":"2026-02-20 16:48:50"}
{"keyLength":39,"keyPrefix":"AIzaSyC7yj...","level":"info","message":"Gemini API Key loaded:","service":"preplyte-api","timestamp":"2026-02-20 16:48:50"}
{"environment":"development","host":"0.0.0.0","level":"info","message":"Starting server...","port":4000,"service":"preplyte-api","timestamp":"2026-02-20 16:48:50"}
{"level":"info","message":"Checking database connection...","service":"preplyte-api","timestamp":"2026-02-20 16:48:50"}
{"level":"info","message":"✅ Database connected successfully","service":"preplyte-api","timestamp":"2026-02-20 16:48:51"}
{"level":"info","message":"[WS Gateway] WebSocket server initialized","path":"/ws/interview/:sessionId","service":"preplyte-api","timestamp":"2026-02-20 16:48:51"}
{"api":"http://localhost:4000/api","environment":"development","health":"http://localhost:4000/health","host":"0.0.0.0","level":"info","message":"🚀 Server running","port":4000,"service":"preplyte-api","timestamp":"2026-02-20 16:48:51","websocket":"ws://localhost:4000/ws/interview/:sessionId"}
{"intervalHours":24,"level":"info","message":"Starting token cleanup scheduler","service":"preplyte-api","timestamp":"2026-02-20 16:48:51"}
{"level":"info","message":"Starting token cleanup job","service":"preplyte-api","timestamp":"2026-02-20 16:48:51"}
{"count":0,"level":"info","message":"Cleaned up expired tokens","service":"preplyte-api","timestamp":"2026-02-20 16:48:51"}
{"level":"info","message":"Token cleanup completed","service":"preplyte-api","timestamp":"2026-02-20 16:48:51","tokensRemoved":0}
{"level":"info","message":"\u001b[0mGET /api/mock-drives?page=1&limit=10&status=PUBLISHED%2CREGISTRATION_OPEN%2CREGISTRATION_CLOSED%2CIN_PROGRESS \u001b[32m200\u001b[0m 147.865 ms - 824\u001b[0m","service":"preplyte-api","timestamp":"2026-02-20 16:49:39"}
{"level":"info","message":"\u001b[0mGET /api/mock-drives/cmlurj0uo000up3qc75i2h3lo/eligibility \u001b[36m304\u001b[0m 126.150 ms - -\u001b[0m","service":"preplyte-api","timestamp":"2026-02-20 16:49:42"}
{"level":"info","message":"\u001b[0mGET /api/mock-drives/cmlurj0uo000up3qc75i2h3lo \u001b[32m200\u001b[0m 128.137 ms - -\u001b[0m","service":"preplyte-api","timestamp":"2026-02-20 16:49:42"}
{"level":"info","message":"\u001b[0mGET /api/mock-drives/cmlurj0uo000up3qc75i2h3lo/attempt \u001b[32m200\u001b[0m 47.301 ms - -\u001b[0m","service":"preplyte-api","timestamp":"2026-02-20 16:49:44"}
{"level":"info","message":"\u001b[0mPOST /api/mock-drives/cmlurj0uo000up3qc75i2h3lo/modules/cmlurj0x4000wp3qcvakeo5iw/submit \u001b[32m200\u001b[0m 70.089 ms - 696\u001b[0m","service":"preplyte-api","timestamp":"2026-02-20 16:49:45"}
{"level":"info","message":"\u001b[0mGET /api/mock-drives/cmlurj0uo000up3qc75i2h3lo/attempt \u001b[32m200\u001b[0m 18.604 ms - -\u001b[0m","service":"preplyte-api","timestamp":"2026-02-20 16:49:45"}
{"code":"MODULE_NOT_IN_PROGRESS","ip":"127.0.0.1","level":"warn","message":"Operational error Module is timed_out","method":"POST","path":"/api/mock-drives/cmlurj0uo000up3qc75i2h3lo/modules/cmlurj0x4000wp3qcvakeo5iw/submit","requestId":"55aa4d5f-3922-4963-bcef-fc68ef66376e","service":"preplyte-api","timestamp":"2026-02-20 16:49:46","userAgent":"Mozilla/5.0 (Windows NT 10.0; Win64; x64) AppleWebKit/537.36 (KHTML, like Gecko) Chrome/144.0.0.0 Safari/537.36 Edg/144.0.0.0","userId":"cmluqlns4000gp3qc2r9ju34o"}
{"level":"info","message":"\u001b[0mPOST /api/mock-drives/cmlurj0uo000up3qc75i2h3lo/modules/cmlurj0x4000wp3qcvakeo5iw/submit \u001b[33m400\u001b[0m 15.642 ms - 142\u001b[0m","service":"preplyte-api","timestamp":"2026-02-20 16:49:46"}
{"code":"MODULE_NOT_IN_PROGRESS","ip":"127.0.0.1","level":"warn","message":"Operational error Module is timed_out","method":"POST","path":"/api/mock-drives/cmlurj0uo000up3qc75i2h3lo/modules/cmlurj0x4000wp3qcvakeo5iw/submit","requestId":"0a3717b5-7ab0-4dfa-9587-9a7f0ae4eab1","service":"preplyte-api","timestamp":"2026-02-20 16:49:47","userAgent":"Mozilla/5.0 (Windows NT 10.0; Win64; x64) AppleWebKit/537.36 (KHTML, like Gecko) Chrome/144.0.0.0 Safari/537.36 Edg/144.0.0.0","userId":"cmluqlns4000gp3qc2r9ju34o"}
{"level":"info","message":"\u001b[0mPOST /api/mock-drives/cmlurj0uo000up3qc75i2h3lo/modules/cmlurj0x4000wp3qcvakeo5iw/submit \u001b[33m400\u001b[0m 63.063 ms - 142\u001b[0m","service":"preplyte-api","timestamp":"2026-02-20 16:49:47"}
{"code":"MODULE_NOT_IN_PROGRESS","ip":"127.0.0.1","level":"warn","message":"Operational error Module is timed_out","method":"POST","path":"/api/mock-drives/cmlurj0uo000up3qc75i2h3lo/modules/cmlurj0x4000wp3qcvakeo5iw/submit","requestId":"c74ca73f-c533-459b-8efb-dbf9604321a3","service":"preplyte-api","timestamp":"2026-02-20 16:49:48","userAgent":"Mozilla/5.0 (Windows NT 10.0; Win64; x64) AppleWebKit/537.36 (KHTML, like Gecko) Chrome/144.0.0.0 Safari/537.36 Edg/144.0.0.0","userId":"cmluqlns4000gp3qc2r9ju34o"}
{"level":"info","message":"\u001b[0mPOST /api/mock-drives/cmlurj0uo000up3qc75i2h3lo/modules/cmlurj0x4000wp3qcvakeo5iw/submit \u001b[33m400\u001b[0m 8.531 ms - 142\u001b[0m","service":"preplyte-api","timestamp":"2026-02-20 16:49:48"}
{"code":"MODULE_NOT_IN_PROGRESS","ip":"127.0.0.1","level":"warn","message":"Operational error Module is timed_out","method":"POST","path":"/api/mock-drives/cmlurj0uo000up3qc75i2h3lo/modules/cmlurj0x4000wp3qcvakeo5iw/submit","requestId":"31e56534-cdbe-432b-827a-a5aa40ca20cb","service":"preplyte-api","timestamp":"2026-02-20 16:49:49","userAgent":"Mozilla/5.0 (Windows NT 10.0; Win64; x64) AppleWebKit/537.36 (KHTML, like Gecko) Chrome/144.0.0.0 Safari/537.36 Edg/144.0.0.0","userId":"cmluqlns4000gp3qc2r9ju34o"}
{"level":"info","message":"\u001b[0mPOST /api/mock-drives/cmlurj0uo000up3qc75i2h3lo/modules/cmlurj0x4000wp3qcvakeo5iw/submit \u001b[33m400\u001b[0m 8.554 ms - 142\u001b[0m","service":"preplyte-api","timestamp":"2026-02-20 16:49:49"}
{"code":"MODULE_NOT_IN_PROGRESS","ip":"127.0.0.1","level":"warn","message":"Operational error Module is timed_out","method":"POST","path":"/api/mock-drives/cmlurj0uo000up3qc75i2h3lo/modules/cmlurj0x4000wp3qcvakeo5iw/submit","requestId":"e6247746-9c16-4f85-903d-2c779bf328c5","service":"preplyte-api","timestamp":"2026-02-20 16:49:50","userAgent":"Mozilla/5.0 (Windows NT 10.0; Win64; x64) AppleWebKit/537.36 (KHTML, like Gecko) Chrome/144.0.0.0 Safari/537.36 Edg/144.0.0.0","userId":"cmluqlns4000gp3qc2r9ju34o"}
{"level":"info","message":"\u001b[0mPOST /api/mock-drives/cmlurj0uo000up3qc75i2h3lo/modules/cmlurj0x4000wp3qcvakeo5iw/submit \u001b[33m400\u001b[0m 18.957 ms - 142\u001b[0m","service":"preplyte-api","timestamp":"2026-02-20 16:49:50"}
{"code":"MODULE_NOT_IN_PROGRESS","ip":"127.0.0.1","level":"warn","message":"Operational error Module is timed_out","method":"POST","path":"/api/mock-drives/cmlurj0uo000up3qc75i2h3lo/modules/cmlurj0x4000wp3qcvakeo5iw/submit","requestId":"600ed5b9-d510-4481-8217-b0423201e481","service":"preplyte-api","timestamp":"2026-02-20 16:49:51","userAgent":"Mozilla/5.0 (Windows NT 10.0; Win64; x64) AppleWebKit/537.36 (KHTML, like Gecko) Chrome/144.0.0.0 Safari/537.36 Edg/144.0.0.0","userId":"cmluqlns4000gp3qc2r9ju34o"}
{"level":"info","message":"\u001b[0mPOST /api/mock-drives/cmlurj0uo000up3qc75i2h3lo/modules/cmlurj0x4000wp3qcvakeo5iw/submit \u001b[33m400\u001b[0m 20.597 ms - 142\u001b[0m","service":"preplyte-api","timestamp":"2026-02-20 16:49:51"}
{"code":"MODULE_NOT_IN_PROGRESS","ip":"127.0.0.1","level":"warn","message":"Operational error Module is timed_out","method":"POST","path":"/api/mock-drives/cmlurj0uo000up3qc75i2h3lo/modules/cmlurj0x4000wp3qcvakeo5iw/submit","requestId":"983a34d3-7db7-45d5-b598-a846d997e5d5","service":"preplyte-api","timestamp":"2026-02-20 16:49:52","userAgent":"Mozilla/5.0 (Windows NT 10.0; Win64; x64) AppleWebKit/537.36 (KHTML, like Gecko) Chrome/144.0.0.0 Safari/537.36 Edg/144.0.0.0","userId":"cmluqlns4000gp3qc2r9ju34o"}
{"level":"info","message":"\u001b[0mPOST /api/mock-drives/cmlurj0uo000up3qc75i2h3lo/modules/cmlurj0x4000wp3qcvakeo5iw/submit \u001b[33m400\u001b[0m 119.372 ms - 142\u001b[0m","service":"preplyte-api","timestamp":"2026-02-20 16:49:52"}
{"code":"MODULE_NOT_IN_PROGRESS","ip":"127.0.0.1","level":"warn","message":"Operational error Module is timed_out","method":"POST","path":"/api/mock-drives/cmlurj0uo000up3qc75i2h3lo/modules/cmlurj0x4000wp3qcvakeo5iw/submit","requestId":"aa0fb6ee-4497-42c1-9c95-8e682b853d5c","service":"preplyte-api","timestamp":"2026-02-20 16:49:54","userAgent":"Mozilla/5.0 (Windows NT 10.0; Win64; x64) AppleWebKit/537.36 (KHTML, like Gecko) Chrome/144.0.0.0 Safari/537.36 Edg/144.0.0.0","userId":"cmluqlns4000gp3qc2r9ju34o"}
{"level":"info","message":"\u001b[0mPOST /api/mock-drives/cmlurj0uo000up3qc75i2h3lo/modules/cmlurj0x4000wp3qcvakeo5iw/submit \u001b[33m400\u001b[0m 13.799 ms - 142\u001b[0m","service":"preplyte-api","timestamp":"2026-02-20 16:49:54"}
{"code":"MODULE_NOT_IN_PROGRESS","ip":"127.0.0.1","level":"warn","message":"Operational error Module is timed_out","method":"POST","path":"/api/mock-drives/cmlurj0uo000up3qc75i2h3lo/modules/cmlurj0x4000wp3qcvakeo5iw/submit","requestId":"0310aeba-78b9-4bc7-9069-010c956a89d2","service":"preplyte-api","timestamp":"2026-02-20 16:49:56","userAgent":"Mozilla/5.0 (Windows NT 10.0; Win64; x64) AppleWebKit/537.36 (KHTML, like Gecko) Chrome/144.0.0.0 Safari/537.36 Edg/144.0.0.0","userId":"cmluqlns4000gp3qc2r9ju34o"}
{"level":"info","message":"\u001b[0mPOST /api/mock-drives/cmlurj0uo000up3qc75i2h3lo/modules/cmlurj0x4000wp3qcvakeo5iw/submit \u001b[33m400\u001b[0m 7.749 ms - 142\u001b[0m","service":"preplyte-api","timestamp":"2026-02-20 16:49:56"}
{"code":"MODULE_NOT_IN_PROGRESS","ip":"127.0.0.1","level":"warn","message":"Operational error Module is timed_out","method":"POST","path":"/api/mock-drives/cmlurj0uo000up3qc75i2h3lo/modules/cmlurj0x4000wp3qcvakeo5iw/submit","requestId":"f44b2206-444d-4855-a4a5-37b259ec0ff7","service":"preplyte-api","timestamp":"2026-02-20 16:49:58","userAgent":"Mozilla/5.0 (Windows NT 10.0; Win64; x64) AppleWebKit/537.36 (KHTML, like Gecko) Chrome/144.0.0.0 Safari/537.36 Edg/144.0.0.0","userId":"cmluqlns4000gp3qc2r9ju34o"}
{"level":"info","message":"\u001b[0mPOST /api/mock-drives/cmlurj0uo000up3qc75i2h3lo/modules/cmlurj0x4000wp3qcvakeo5iw/submit \u001b[33m400\u001b[0m 6.960 ms - 142\u001b[0m","service":"preplyte-api","timestamp":"2026-02-20 16:49:58"}
{"code":"MODULE_NOT_IN_PROGRESS","ip":"127.0.0.1","level":"warn","message":"Operational error Module is timed_out","method":"POST","path":"/api/mock-drives/cmlurj0uo000up3qc75i2h3lo/modules/cmlurj0x4000wp3qcvakeo5iw/submit","requestId":"0e78ef7d-8e72-4b78-a85d-f9efbd5b0661","service":"preplyte-api","timestamp":"2026-02-20 16:50:00","userAgent":"Mozilla/5.0 (Windows NT 10.0; Win64; x64) AppleWebKit/537.36 (KHTML, like Gecko) Chrome/144.0.0.0 Safari/537.36 Edg/144.0.0.0","userId":"cmluqlns4000gp3qc2r9ju34o"}
{"level":"info","message":"\u001b[0mPOST /api/mock-drives/cmlurj0uo000up3qc75i2h3lo/modules/cmlurj0x4000wp3qcvakeo5iw/submit \u001b[33m400\u001b[0m 8.405 ms - 142\u001b[0m","service":"preplyte-api","timestamp":"2026-02-20 16:50:00"}
{"code":"MODULE_NOT_IN_PROGRESS","ip":"127.0.0.1","level":"warn","message":"Operational error Module is timed_out","method":"POST","path":"/api/mock-drives/cmlurj0uo000up3qc75i2h3lo/modules/cmlurj0x4000wp3qcvakeo5iw/submit","requestId":"3e25501c-89cb-4022-9fd3-8e0a51341374","service":"preplyte-api","timestamp":"2026-02-20 16:50:02","userAgent":"Mozilla/5.0 (Windows NT 10.0; Win64; x64) AppleWebKit/537.36 (KHTML, like Gecko) Chrome/144.0.0.0 Safari/537.36 Edg/144.0.0.0","userId":"cmluqlns4000gp3qc2r9ju34o"}
{"level":"info","message":"\u001b[0mPOST /api/mock-drives/cmlurj0uo000up3qc75i2h3lo/modules/cmlurj0x4000wp3qcvakeo5iw/submit \u001b[33m400\u001b[0m 6.723 ms - 142\u001b[0m","service":"preplyte-api","timestamp":"2026-02-20 16:50:02"}
{"code":"MODULE_NOT_IN_PROGRESS","ip":"127.0.0.1","level":"warn","message":"Operational error Module is timed_out","method":"POST","path":"/api/mock-drives/cmlurj0uo000up3qc75i2h3lo/modules/cmlurj0x4000wp3qcvakeo5iw/submit","requestId":"87b1d72f-5d23-4066-a8b3-6919f907bc3b","service":"preplyte-api","timestamp":"2026-02-20 16:50:04","userAgent":"Mozilla/5.0 (Windows NT 10.0; Win64; x64) AppleWebKit/537.36 (KHTML, like Gecko) Chrome/144.0.0.0 Safari/537.36 Edg/144.0.0.0","userId":"cmluqlns4000gp3qc2r9ju34o"}
{"level":"info","message":"\u001b[0mPOST /api/mock-drives/cmlurj0uo000up3qc75i2h3lo/modules/cmlurj0x4000wp3qcvakeo5iw/submit \u001b[33m400\u001b[0m 8.459 ms - 142\u001b[0m","service":"preplyte-api","timestamp":"2026-02-20 16:50:04"}
{"code":"MODULE_NOT_IN_PROGRESS","ip":"127.0.0.1","level":"warn","message":"Operational error Module is timed_out","method":"POST","path":"/api/mock-drives/cmlurj0uo000up3qc75i2h3lo/modules/cmlurj0x4000wp3qcvakeo5iw/submit","requestId":"b35e0d61-79ee-4687-b4d9-38ccff4d4749","service":"preplyte-api","timestamp":"2026-02-20 16:50:06","userAgent":"Mozilla/5.0 (Windows NT 10.0; Win64; x64) AppleWebKit/537.36 (KHTML, like Gecko) Chrome/144.0.0.0 Safari/537.36 Edg/144.0.0.0","userId":"cmluqlns4000gp3qc2r9ju34o"}
{"level":"info","message":"\u001b[0mPOST /api/mock-drives/cmlurj0uo000up3qc75i2h3lo/modules/cmlurj0x4000wp3qcvakeo5iw/submit \u001b[33m400\u001b[0m 7.544 ms - 142\u001b[0m","service":"preplyte-api","timestamp":"2026-02-20 16:50:06"}
{"code":"MODULE_NOT_IN_PROGRESS","ip":"127.0.0.1","level":"warn","message":"Operational error Module is timed_out","method":"POST","path":"/api/mock-drives/cmlurj0uo000up3qc75i2h3lo/modules/cmlurj0x4000wp3qcvakeo5iw/submit","requestId":"cd00e3af-761e-46ad-9397-41af463a6701","service":"preplyte-api","timestamp":"2026-02-20 16:50:08","userAgent":"Mozilla/5.0 (Windows NT 10.0; Win64; x64) AppleWebKit/537.36 (KHTML, like Gecko) Chrome/144.0.0.0 Safari/537.36 Edg/144.0.0.0","userId":"cmluqlns4000gp3qc2r9ju34o"}
{"level":"info","message":"\u001b[0mPOST /api/mock-drives/cmlurj0uo000up3qc75i2h3lo/modules/cmlurj0x4000wp3qcvakeo5iw/submit \u001b[33m400\u001b[0m 6.193 ms - 142\u001b[0m","service":"preplyte-api","timestamp":"2026-02-20 16:50:08"}
{"code":"MODULE_NOT_IN_PROGRESS","ip":"127.0.0.1","level":"warn","message":"Operational error Module is timed_out","method":"POST","path":"/api/mock-drives/cmlurj0uo000up3qc75i2h3lo/modules/cmlurj0x4000wp3qcvakeo5iw/submit","requestId":"52b1e363-df97-4073-8f94-940984ebd22c","service":"preplyte-api","timestamp":"2026-02-20 16:50:10","userAgent":"Mozilla/5.0 (Windows NT 10.0; Win64; x64) AppleWebKit/537.36 (KHTML, like Gecko) Chrome/144.0.0.0 Safari/537.36 Edg/144.0.0.0","userId":"cmluqlns4000gp3qc2r9ju34o"}
{"level":"info","message":"\u001b[0mPOST /api/mock-drives/cmlurj0uo000up3qc75i2h3lo/modules/cmlurj0x4000wp3qcvakeo5iw/submit \u001b[33m400\u001b[0m 6.470 ms - 142\u001b[0m","service":"preplyte-api","timestamp":"2026-02-20 16:50:10"}
{"code":"MODULE_NOT_IN_PROGRESS","ip":"127.0.0.1","level":"warn","message":"Operational error Module is timed_out","method":"POST","path":"/api/mock-drives/cmlurj0uo000up3qc75i2h3lo/modules/cmlurj0x4000wp3qcvakeo5iw/submit","requestId":"8e6a2761-4c54-4429-a20a-c06981086c19","service":"preplyte-api","timestamp":"2026-02-20 16:50:12","userAgent":"Mozilla/5.0 (Windows NT 10.0; Win64; x64) AppleWebKit/537.36 (KHTML, like Gecko) Chrome/144.0.0.0 Safari/537.36 Edg/144.0.0.0","userId":"cmluqlns4000gp3qc2r9ju34o"}
{"level":"info","message":"\u001b[0mPOST /api/mock-drives/cmlurj0uo000up3qc75i2h3lo/modules/cmlurj0x4000wp3qcvakeo5iw/submit \u001b[33m400\u001b[0m 7.012 ms - 142\u001b[0m","service":"preplyte-api","timestamp":"2026-02-20 16:50:12"}
{"code":"MODULE_NOT_IN_PROGRESS","ip":"127.0.0.1","level":"warn","message":"Operational error Module is timed_out","method":"POST","path":"/api/mock-drives/cmlurj0uo000up3qc75i2h3lo/modules/cmlurj0x4000wp3qcvakeo5iw/submit","requestId":"d6defab7-3dcc-4e96-9e66-9027d9d52b94","service":"preplyte-api","timestamp":"2026-02-20 16:50:14","userAgent":"Mozilla/5.0 (Windows NT 10.0; Win64; x64) AppleWebKit/537.36 (KHTML, like Gecko) Chrome/144.0.0.0 Safari/537.36 Edg/144.0.0.0","userId":"cmluqlns4000gp3qc2r9ju34o"}
{"level":"info","message":"\u001b[0mPOST /api/mock-drives/cmlurj0uo000up3qc75i2h3lo/modules/cmlurj0x4000wp3qcvakeo5iw/submit \u001b[33m400\u001b[0m 13.022 ms - 142\u001b[0m","service":"preplyte-api","timestamp":"2026-02-20 16:50:14"}
{"code":"MODULE_NOT_IN_PROGRESS","ip":"127.0.0.1","level":"warn","message":"Operational error Module is timed_out","method":"POST","path":"/api/mock-drives/cmlurj0uo000up3qc75i2h3lo/modules/cmlurj0x4000wp3qcvakeo5iw/submit","requestId":"5c59f458-9d52-4751-8dc3-f9991aae87d4","service":"preplyte-api","timestamp":"2026-02-20 16:50:16","userAgent":"Mozilla/5.0 (Windows NT 10.0; Win64; x64) AppleWebKit/537.36 (KHTML, like Gecko) Chrome/144.0.0.0 Safari/537.36 Edg/144.0.0.0","userId":"cmluqlns4000gp3qc2r9ju34o"}
{"level":"info","message":"\u001b[0mPOST /api/mock-drives/cmlurj0uo000up3qc75i2h3lo/modules/cmlurj0x4000wp3qcvakeo5iw/submit \u001b[33m400\u001b[0m 6.893 ms - 142\u001b[0m","service":"preplyte-api","timestamp":"2026-02-20 16:50:16"}
{"code":"MODULE_NOT_IN_PROGRESS","ip":"127.0.0.1","level":"warn","message":"Operational error Module is timed_out","method":"POST","path":"/api/mock-drives/cmlurj0uo000up3qc75i2h3lo/modules/cmlurj0x4000wp3qcvakeo5iw/submit","requestId":"145c7d64-51c9-4a32-badd-915881b9d481","service":"preplyte-api","timestamp":"2026-02-20 16:50:18","userAgent":"Mozilla/5.0 (Windows NT 10.0; Win64; x64) AppleWebKit/537.36 (KHTML, like Gecko) Chrome/144.0.0.0 Safari/537.36 Edg/144.0.0.0","userId":"cmluqlns4000gp3qc2r9ju34o"}
{"level":"info","message":"\u001b[0mPOST /api/mock-drives/cmlurj0uo000up3qc75i2h3lo/modules/cmlurj0x4000wp3qcvakeo5iw/submit \u001b[33m400\u001b[0m 9.044 ms - 142\u001b[0m","service":"preplyte-api","timestamp":"2026-02-20 16:50:18"}
{"code":"MODULE_NOT_IN_PROGRESS","ip":"127.0.0.1","level":"warn","message":"Operational error Module is timed_out","method":"POST","path":"/api/mock-drives/cmlurj0uo000up3qc75i2h3lo/modules/cmlurj0x4000wp3qcvakeo5iw/submit","requestId":"b24495bc-0522-4233-ab25-f762720ee078","service":"preplyte-api","timestamp":"2026-02-20 16:50:20","userAgent":"Mozilla/5.0 (Windows NT 10.0; Win64; x64) AppleWebKit/537.36 (KHTML, like Gecko) Chrome/144.0.0.0 Safari/537.36 Edg/144.0.0.0","userId":"cmluqlns4000gp3qc2r9ju34o"}
{"level":"info","message":"\u001b[0mPOST /api/mock-drives/cmlurj0uo000up3qc75i2h3lo/modules/cmlurj0x4000wp3qcvakeo5iw/submit \u001b[33m400\u001b[0m 6.743 ms - 142\u001b[0m","service":"preplyte-api","timestamp":"2026-02-20 16:50:20"}
{"code":"MODULE_NOT_IN_PROGRESS","ip":"127.0.0.1","level":"warn","message":"Operational error Module is timed_out","method":"POST","path":"/api/mock-drives/cmlurj0uo000up3qc75i2h3lo/modules/cmlurj0x4000wp3qcvakeo5iw/submit","requestId":"fb17fc0b-d35f-4e61-abfd-ead718a80acd","service":"preplyte-api","timestamp":"2026-02-20 16:50:22","userAgent":"Mozilla/5.0 (Windows NT 10.0; Win64; x64) AppleWebKit/537.36 (KHTML, like Gecko) Chrome/144.0.0.0 Safari/537.36 Edg/144.0.0.0","userId":"cmluqlns4000gp3qc2r9ju34o"}
{"level":"info","message":"\u001b[0mPOST /api/mock-drives/cmlurj0uo000up3qc75i2h3lo/modules/cmlurj0x4000wp3qcvakeo5iw/submit \u001b[33m400\u001b[0m 11.726 ms - 142\u001b[0m","service":"preplyte-api","timestamp":"2026-02-20 16:50:22"}
{"code":"MODULE_NOT_IN_PROGRESS","ip":"127.0.0.1","level":"warn","message":"Operational error Module is timed_out","method":"POST","path":"/api/mock-drives/cmlurj0uo000up3qc75i2h3lo/modules/cmlurj0x4000wp3qcvakeo5iw/submit","requestId":"f645f905-85dc-4e2d-964a-54f827194008","service":"preplyte-api","timestamp":"2026-02-20 16:50:24","userAgent":"Mozilla/5.0 (Windows NT 10.0; Win64; x64) AppleWebKit/537.36 (KHTML, like Gecko) Chrome/144.0.0.0 Safari/537.36 Edg/144.0.0.0","userId":"cmluqlns4000gp3qc2r9ju34o"}
{"level":"info","message":"\u001b[0mPOST /api/mock-drives/cmlurj0uo000up3qc75i2h3lo/modules/cmlurj0x4000wp3qcvakeo5iw/submit \u001b[33m400\u001b[0m 5.314 ms - 142\u001b[0m","service":"preplyte-api","timestamp":"2026-02-20 16:50:24"}
{"code":"MODULE_NOT_IN_PROGRESS","ip":"127.0.0.1","level":"warn","message":"Operational error Module is timed_out","method":"POST","path":"/api/mock-drives/cmlurj0uo000up3qc75i2h3lo/modules/cmlurj0x4000wp3qcvakeo5iw/submit","requestId":"293b9975-c9d6-45fc-b9fe-a4c7e8dc6906","service":"preplyte-api","timestamp":"2026-02-20 16:50:26","userAgent":"Mozilla/5.0 (Windows NT 10.0; Win64; x64) AppleWebKit/537.36 (KHTML, like Gecko) Chrome/144.0.0.0 Safari/537.36 Edg/144.0.0.0","userId":"cmluqlns4000gp3qc2r9ju34o"}
{"level":"info","message":"\u001b[0mPOST /api/mock-drives/cmlurj0uo000up3qc75i2h3lo/modules/cmlurj0x4000wp3qcvakeo5iw/submit \u001b[33m400\u001b[0m 6.915 ms - 142\u001b[0m","service":"preplyte-api","timestamp":"2026-02-20 16:50:26"}
{"code":"MODULE_NOT_IN_PROGRESS","ip":"127.0.0.1","level":"warn","message":"Operational error Module is timed_out","method":"POST","path":"/api/mock-drives/cmlurj0uo000up3qc75i2h3lo/modules/cmlurj0x4000wp3qcvakeo5iw/submit","requestId":"47f10d58-f1a5-40ff-ad7f-958256199f07","service":"preplyte-api","timestamp":"2026-02-20 16:50:28","userAgent":"Mozilla/5.0 (Windows NT 10.0; Win64; x64) AppleWebKit/537.36 (KHTML, like Gecko) Chrome/144.0.0.0 Safari/537.36 Edg/144.0.0.0","userId":"cmluqlns4000gp3qc2r9ju34o"}
{"level":"info","message":"\u001b[0mPOST /api/mock-drives/cmlurj0uo000up3qc75i2h3lo/modules/cmlurj0x4000wp3qcvakeo5iw/submit \u001b[33m400\u001b[0m 6.340 ms - 142\u001b[0m","service":"preplyte-api","timestamp":"2026-02-20 16:50:28"}
{"code":"MODULE_NOT_IN_PROGRESS","ip":"127.0.0.1","level":"warn","message":"Operational error Module is timed_out","method":"POST","path":"/api/mock-drives/cmlurj0uo000up3qc75i2h3lo/modules/cmlurj0x4000wp3qcvakeo5iw/submit","requestId":"87f88392-19d7-4490-9ff3-20d02f269901","service":"preplyte-api","timestamp":"2026-02-20 16:50:30","userAgent":"Mozilla/5.0 (Windows NT 10.0; Win64; x64) AppleWebKit/537.36 (KHTML, like Gecko) Chrome/144.0.0.0 Safari/537.36 Edg/144.0.0.0","userId":"cmluqlns4000gp3qc2r9ju34o"}
{"level":"info","message":"\u001b[0mPOST /api/mock-drives/cmlurj0uo000up3qc75i2h3lo/modules/cmlurj0x4000wp3qcvakeo5iw/submit \u001b[33m400\u001b[0m 6.755 ms - 142\u001b[0m","service":"preplyte-api","timestamp":"2026-02-20 16:50:30"}
{"code":"MODULE_NOT_IN_PROGRESS","ip":"127.0.0.1","level":"warn","message":"Operational error Module is timed_out","method":"POST","path":"/api/mock-drives/cmlurj0uo000up3qc75i2h3lo/modules/cmlurj0x4000wp3qcvakeo5iw/submit","requestId":"7e922cbe-0932-433a-8d01-e0c5d7aead15","service":"preplyte-api","timestamp":"2026-02-20 16:50:32","userAgent":"Mozilla/5.0 (Windows NT 10.0; Win64; x64) AppleWebKit/537.36 (KHTML, like Gecko) Chrome/144.0.0.0 Safari/537.36 Edg/144.0.0.0","userId":"cmluqlns4000gp3qc2r9ju34o"}
{"level":"info","message":"\u001b[0mPOST /api/mock-drives/cmlurj0uo000up3qc75i2h3lo/modules/cmlurj0x4000wp3qcvakeo5iw/submit \u001b[33m400\u001b[0m 14.767 ms - 142\u001b[0m","service":"preplyte-api","timestamp":"2026-02-20 16:50:32"}
{"code":"MODULE_NOT_IN_PROGRESS","ip":"127.0.0.1","level":"warn","message":"Operational error Module is timed_out","method":"POST","path":"/api/mock-drives/cmlurj0uo000up3qc75i2h3lo/modules/cmlurj0x4000wp3qcvakeo5iw/submit","requestId":"7cdb1f5c-849d-4133-94df-7570c090d081","service":"preplyte-api","timestamp":"2026-02-20 16:50:34","userAgent":"Mozilla/5.0 (Windows NT 10.0; Win64; x64) AppleWebKit/537.36 (KHTML, like Gecko) Chrome/144.0.0.0 Safari/537.36 Edg/144.0.0.0","userId":"cmluqlns4000gp3qc2r9ju34o"}
{"level":"info","message":"\u001b[0mPOST /api/mock-drives/cmlurj0uo000up3qc75i2h3lo/modules/cmlurj0x4000wp3qcvakeo5iw/submit \u001b[33m400\u001b[0m 6.936 ms - 142\u001b[0m","service":"preplyte-api","timestamp":"2026-02-20 16:50:34"}
{"code":"MODULE_NOT_IN_PROGRESS","ip":"127.0.0.1","level":"warn","message":"Operational error Module is timed_out","method":"POST","path":"/api/mock-drives/cmlurj0uo000up3qc75i2h3lo/modules/cmlurj0x4000wp3qcvakeo5iw/submit","requestId":"de25698c-c1fe-4e4c-873e-2fe7d2560a4e","service":"preplyte-api","timestamp":"2026-02-20 16:50:36","userAgent":"Mozilla/5.0 (Windows NT 10.0; Win64; x64) AppleWebKit/537.36 (KHTML, like Gecko) Chrome/144.0.0.0 Safari/537.36 Edg/144.0.0.0","userId":"cmluqlns4000gp3qc2r9ju34o"}
{"level":"info","message":"\u001b[0mPOST /api/mock-drives/cmlurj0uo000up3qc75i2h3lo/modules/cmlurj0x4000wp3qcvakeo5iw/submit \u001b[33m400\u001b[0m 6.376 ms - 142\u001b[0m","service":"preplyte-api","timestamp":"2026-02-20 16:50:36"}
{"code":"MODULE_NOT_IN_PROGRESS","ip":"127.0.0.1","level":"warn","message":"Operational error Module is timed_out","method":"POST","path":"/api/mock-drives/cmlurj0uo000up3qc75i2h3lo/modules/cmlurj0x4000wp3qcvakeo5iw/submit","requestId":"04a129d6-da71-402a-9dbf-766a7d1500f3","service":"preplyte-api","timestamp":"2026-02-20 16:50:38","userAgent":"Mozilla/5.0 (Windows NT 10.0; Win64; x64) AppleWebKit/537.36 (KHTML, like Gecko) Chrome/144.0.0.0 Safari/537.36 Edg/144.0.0.0","userId":"cmluqlns4000gp3qc2r9ju34o"}
{"level":"info","message":"\u001b[0mPOST /api/mock-drives/cmlurj0uo000up3qc75i2h3lo/modules/cmlurj0x4000wp3qcvakeo5iw/submit \u001b[33m400\u001b[0m 6.093 ms - 142\u001b[0m","service":"preplyte-api","timestamp":"2026-02-20 16:50:38"}
{"code":"MODULE_NOT_IN_PROGRESS","ip":"127.0.0.1","level":"warn","message":"Operational error Module is timed_out","method":"POST","path":"/api/mock-drives/cmlurj0uo000up3qc75i2h3lo/modules/cmlurj0x4000wp3qcvakeo5iw/submit","requestId":"e24db28e-e5ee-4eed-9899-937c8acece35","service":"preplyte-api","timestamp":"2026-02-20 16:50:40","userAgent":"Mozilla/5.0 (Windows NT 10.0; Win64; x64) AppleWebKit/537.36 (KHTML, like Gecko) Chrome/144.0.0.0 Safari/537.36 Edg/144.0.0.0","userId":"cmluqlns4000gp3qc2r9ju34o"}
{"level":"info","message":"\u001b[0mPOST /api/mock-drives/cmlurj0uo000up3qc75i2h3lo/modules/cmlurj0x4000wp3qcvakeo5iw/submit \u001b[33m400\u001b[0m 5.761 ms - 142\u001b[0m","service":"preplyte-api","timestamp":"2026-02-20 16:50:40"}
{"code":"MODULE_NOT_IN_PROGRESS","ip":"127.0.0.1","level":"warn","message":"Operational error Module is timed_out","method":"POST","path":"/api/mock-drives/cmlurj0uo000up3qc75i2h3lo/modules/cmlurj0x4000wp3qcvakeo5iw/submit","requestId":"ea96b255-f6b6-4cb9-9a97-8aab05af60a0","service":"preplyte-api","timestamp":"2026-02-20 16:50:42","userAgent":"Mozilla/5.0 (Windows NT 10.0; Win64; x64) AppleWebKit/537.36 (KHTML, like Gecko) Chrome/144.0.0.0 Safari/537.36 Edg/144.0.0.0","userId":"cmluqlns4000gp3qc2r9ju34o"}
{"level":"info","message":"\u001b[0mPOST /api/mock-drives/cmlurj0uo000up3qc75i2h3lo/modules/cmlurj0x4000wp3qcvakeo5iw/submit \u001b[33m400\u001b[0m 5.723 ms - 142\u001b[0m","service":"preplyte-api","timestamp":"2026-02-20 16:50:42"}
{"code":"MODULE_NOT_IN_PROGRESS","ip":"127.0.0.1","level":"warn","message":"Operational error Module is timed_out","method":"POST","path":"/api/mock-drives/cmlurj0uo000up3qc75i2h3lo/modules/cmlurj0x4000wp3qcvakeo5iw/submit","requestId":"59c8893c-be80-4f6c-9787-ad2d16a094d4","service":"preplyte-api","timestamp":"2026-02-20 16:50:44","userAgent":"Mozilla/5.0 (Windows NT 10.0; Win64; x64) AppleWebKit/537.36 (KHTML, like Gecko) Chrome/144.0.0.0 Safari/537.36 Edg/144.0.0.0","userId":"cmluqlns4000gp3qc2r9ju34o"}
{"level":"info","message":"\u001b[0mPOST /api/mock-drives/cmlurj0uo000up3qc75i2h3lo/modules/cmlurj0x4000wp3qcvakeo5iw/submit \u001b[33m400\u001b[0m 5.866 ms - 142\u001b[0m","service":"preplyte-api","timestamp":"2026-02-20 16:50:44"}
{"code":"MODULE_NOT_IN_PROGRESS","ip":"127.0.0.1","level":"warn","message":"Operational error Module is timed_out","method":"POST","path":"/api/mock-drives/cmlurj0uo000up3qc75i2h3lo/modules/cmlurj0x4000wp3qcvakeo5iw/submit","requestId":"61f60498-0f17-435e-873c-cb67b22a8662","service":"preplyte-api","timestamp":"2026-02-20 16:50:46","userAgent":"Mozilla/5.0 (Windows NT 10.0; Win64; x64) AppleWebKit/537.36 (KHTML, like Gecko) Chrome/144.0.0.0 Safari/537.36 Edg/144.0.0.0","userId":"cmluqlns4000gp3qc2r9ju34o"}
{"level":"info","message":"\u001b[0mPOST /api/mock-drives/cmlurj0uo000up3qc75i2h3lo/modules/cmlurj0x4000wp3qcvakeo5iw/submit \u001b[33m400\u001b[0m 5.752 ms - 142\u001b[0m","service":"preplyte-api","timestamp":"2026-02-20 16:50:46"}
{"code":"MODULE_NOT_IN_PROGRESS","ip":"127.0.0.1","level":"warn","message":"Operational error Module is timed_out","method":"POST","path":"/api/mock-drives/cmlurj0uo000up3qc75i2h3lo/modules/cmlurj0x4000wp3qcvakeo5iw/submit","requestId":"d6215b02-4465-412c-85d6-8f693eda0f50","service":"preplyte-api","timestamp":"2026-02-20 16:50:48","userAgent":"Mozilla/5.0 (Windows NT 10.0; Win64; x64) AppleWebKit/537.36 (KHTML, like Gecko) Chrome/144.0.0.0 Safari/537.36 Edg/144.0.0.0","userId":"cmluqlns4000gp3qc2r9ju34o"}
{"level":"info","message":"\u001b[0mPOST /api/mock-drives/cmlurj0uo000up3qc75i2h3lo/modules/cmlurj0x4000wp3qcvakeo5iw/submit \u001b[33m400\u001b[0m 10.298 ms - 142\u001b[0m","service":"preplyte-api","timestamp":"2026-02-20 16:50:48"}
{"code":"MODULE_NOT_IN_PROGRESS","ip":"127.0.0.1","level":"warn","message":"Operational error Module is timed_out","method":"POST","path":"/api/mock-drives/cmlurj0uo000up3qc75i2h3lo/modules/cmlurj0x4000wp3qcvakeo5iw/submit","requestId":"babdf39b-bcb6-4884-8e57-cdcc9dfa6b33","service":"preplyte-api","timestamp":"2026-02-20 16:50:50","userAgent":"Mozilla/5.0 (Windows NT 10.0; Win64; x64) AppleWebKit/537.36 (KHTML, like Gecko) Chrome/144.0.0.0 Safari/537.36 Edg/144.0.0.0","userId":"cmluqlns4000gp3qc2r9ju34o"}
{"level":"info","message":"\u001b[0mPOST /api/mock-drives/cmlurj0uo000up3qc75i2h3lo/modules/cmlurj0x4000wp3qcvakeo5iw/submit \u001b[33m400\u001b[0m 6.015 ms - 142\u001b[0m","service":"preplyte-api","timestamp":"2026-02-20 16:50:50"}
{"code":"MODULE_NOT_IN_PROGRESS","ip":"127.0.0.1","level":"warn","message":"Operational error Module is timed_out","method":"POST","path":"/api/mock-drives/cmlurj0uo000up3qc75i2h3lo/modules/cmlurj0x4000wp3qcvakeo5iw/submit","requestId":"4a84e988-d932-4d34-877b-132179321626","service":"preplyte-api","timestamp":"2026-02-20 16:50:52","userAgent":"Mozilla/5.0 (Windows NT 10.0; Win64; x64) AppleWebKit/537.36 (KHTML, like Gecko) Chrome/144.0.0.0 Safari/537.36 Edg/144.0.0.0","userId":"cmluqlns4000gp3qc2r9ju34o"}
{"level":"info","message":"\u001b[0mPOST /api/mock-drives/cmlurj0uo000up3qc75i2h3lo/modules/cmlurj0x4000wp3qcvakeo5iw/submit \u001b[33m400\u001b[0m 11.214 ms - 142\u001b[0m","service":"preplyte-api","timestamp":"2026-02-20 16:50:52"}
{"code":"MODULE_NOT_IN_PROGRESS","ip":"127.0.0.1","level":"warn","message":"Operational error Module is timed_out","method":"POST","path":"/api/mock-drives/cmlurj0uo000up3qc75i2h3lo/modules/cmlurj0x4000wp3qcvakeo5iw/submit","requestId":"bbdc29a5-88c3-4ff4-93ac-5a2f189dfb61","service":"preplyte-api","timestamp":"2026-02-20 16:50:54","userAgent":"Mozilla/5.0 (Windows NT 10.0; Win64; x64) AppleWebKit/537.36 (KHTML, like Gecko) Chrome/144.0.0.0 Safari/537.36 Edg/144.0.0.0","userId":"cmluqlns4000gp3qc2r9ju34o"}
{"level":"info","message":"\u001b[0mPOST /api/mock-drives/cmlurj0uo000up3qc75i2h3lo/modules/cmlurj0x4000wp3qcvakeo5iw/submit \u001b[33m400\u001b[0m 5.768 ms - 142\u001b[0m","service":"preplyte-api","timestamp":"2026-02-20 16:50:54"}
{"code":"MODULE_NOT_IN_PROGRESS","ip":"127.0.0.1","level":"warn","message":"Operational error Module is timed_out","method":"POST","path":"/api/mock-drives/cmlurj0uo000up3qc75i2h3lo/modules/cmlurj0x4000wp3qcvakeo5iw/submit","requestId":"2ba9fc4c-416f-4dc3-9893-1bbebb502b53","service":"preplyte-api","timestamp":"2026-02-20 16:50:56","userAgent":"Mozilla/5.0 (Windows NT 10.0; Win64; x64) AppleWebKit/537.36 (KHTML, like Gecko) Chrome/144.0.0.0 Safari/537.36 Edg/144.0.0.0","userId":"cmluqlns4000gp3qc2r9ju34o"}
{"level":"info","message":"\u001b[0mPOST /api/mock-drives/cmlurj0uo000up3qc75i2h3lo/modules/cmlurj0x4000wp3qcvakeo5iw/submit \u001b[33m400\u001b[0m 5.843 ms - 142\u001b[0m","service":"preplyte-api","timestamp":"2026-02-20 16:50:56"}
{"code":"MODULE_NOT_IN_PROGRESS","ip":"127.0.0.1","level":"warn","message":"Operational error Module is timed_out","method":"POST","path":"/api/mock-drives/cmlurj0uo000up3qc75i2h3lo/modules/cmlurj0x4000wp3qcvakeo5iw/submit","requestId":"e204d63a-1e33-4572-911e-63806181c078","service":"preplyte-api","timestamp":"2026-02-20 16:50:58","userAgent":"Mozilla/5.0 (Windows NT 10.0; Win64; x64) AppleWebKit/537.36 (KHTML, like Gecko) Chrome/144.0.0.0 Safari/537.36 Edg/144.0.0.0","userId":"cmluqlns4000gp3qc2r9ju34o"}
{"level":"info","message":"\u001b[0mPOST /api/mock-drives/cmlurj0uo000up3qc75i2h3lo/modules/cmlurj0x4000wp3qcvakeo5iw/submit \u001b[33m400\u001b[0m 6.855 ms - 142\u001b[0m","service":"preplyte-api","timestamp":"2026-02-20 16:50:58"}
{"code":"MODULE_NOT_IN_PROGRESS","ip":"127.0.0.1","level":"warn","message":"Operational error Module is timed_out","method":"POST","path":"/api/mock-drives/cmlurj0uo000up3qc75i2h3lo/modules/cmlurj0x4000wp3qcvakeo5iw/submit","requestId":"bee65fe8-f83a-4432-b43c-5efa1e7b8c8b","service":"preplyte-api","timestamp":"2026-02-20 16:51:00","userAgent":"Mozilla/5.0 (Windows NT 10.0; Win64; x64) AppleWebKit/537.36 (KHTML, like Gecko) Chrome/144.0.0.0 Safari/537.36 Edg/144.0.0.0","userId":"cmluqlns4000gp3qc2r9ju34o"}
{"level":"info","message":"\u001b[0mPOST /api/mock-drives/cmlurj0uo000up3qc75i2h3lo/modules/cmlurj0x4000wp3qcvakeo5iw/submit \u001b[33m400\u001b[0m 6.284 ms - 142\u001b[0m","service":"preplyte-api","timestamp":"2026-02-20 16:51:00"}
{"code":"MODULE_NOT_IN_PROGRESS","ip":"127.0.0.1","level":"warn","message":"Operational error Module is timed_out","method":"POST","path":"/api/mock-drives/cmlurj0uo000up3qc75i2h3lo/modules/cmlurj0x4000wp3qcvakeo5iw/submit","requestId":"f6a19122-e11f-4bec-b077-4f63b40cc086","service":"preplyte-api","timestamp":"2026-02-20 16:51:02","userAgent":"Mozilla/5.0 (Windows NT 10.0; Win64; x64) AppleWebKit/537.36 (KHTML, like Gecko) Chrome/144.0.0.0 Safari/537.36 Edg/144.0.0.0","userId":"cmluqlns4000gp3qc2r9ju34o"}
{"level":"info","message":"\u001b[0mPOST /api/mock-drives/cmlurj0uo000up3qc75i2h3lo/modules/cmlurj0x4000wp3qcvakeo5iw/submit \u001b[33m400\u001b[0m 6.050 ms - 142\u001b[0m","service":"preplyte-api","timestamp":"2026-02-20 16:51:02"}
{"code":"MODULE_NOT_IN_PROGRESS","ip":"127.0.0.1","level":"warn","message":"Operational error Module is timed_out","method":"POST","path":"/api/mock-drives/cmlurj0uo000up3qc75i2h3lo/modules/cmlurj0x4000wp3qcvakeo5iw/submit","requestId":"27ffd0ad-fa00-48bb-ad56-bb6a4a93ce39","service":"preplyte-api","timestamp":"2026-02-20 16:51:04","userAgent":"Mozilla/5.0 (Windows NT 10.0; Win64; x64) AppleWebKit/537.36 (KHTML, like Gecko) Chrome/144.0.0.0 Safari/537.36 Edg/144.0.0.0","userId":"cmluqlns4000gp3qc2r9ju34o"}
{"level":"info","message":"\u001b[0mPOST /api/mock-drives/cmlurj0uo000up3qc75i2h3lo/modules/cmlurj0x4000wp3qcvakeo5iw/submit \u001b[33m400\u001b[0m 6.900 ms - 142\u001b[0m","service":"preplyte-api","timestamp":"2026-02-20 16:51:04"}
{"code":"MODULE_NOT_IN_PROGRESS","ip":"127.0.0.1","level":"warn","message":"Operational error Module is timed_out","method":"POST","path":"/api/mock-drives/cmlurj0uo000up3qc75i2h3lo/modules/cmlurj0x4000wp3qcvakeo5iw/submit","requestId":"6873bf00-f4bd-450a-bee0-01853f5d373f","service":"preplyte-api","timestamp":"2026-02-20 16:51:06","userAgent":"Mozilla/5.0 (Windows NT 10.0; Win64; x64) AppleWebKit/537.36 (KHTML, like Gecko) Chrome/144.0.0.0 Safari/537.36 Edg/144.0.0.0","userId":"cmluqlns4000gp3qc2r9ju34o"}
{"level":"info","message":"\u001b[0mPOST /api/mock-drives/cmlurj0uo000up3qc75i2h3lo/modules/cmlurj0x4000wp3qcvakeo5iw/submit \u001b[33m400\u001b[0m 5.344 ms - 142\u001b[0m","service":"preplyte-api","timestamp":"2026-02-20 16:51:06"}
{"code":"MODULE_NOT_IN_PROGRESS","ip":"127.0.0.1","level":"warn","message":"Operational error Module is timed_out","method":"POST","path":"/api/mock-drives/cmlurj0uo000up3qc75i2h3lo/modules/cmlurj0x4000wp3qcvakeo5iw/submit","requestId":"0d9ee739-cbfb-4f50-8080-d07c81892f7c","service":"preplyte-api","timestamp":"2026-02-20 16:51:08","userAgent":"Mozilla/5.0 (Windows NT 10.0; Win64; x64) AppleWebKit/537.36 (KHTML, like Gecko) Chrome/144.0.0.0 Safari/537.36 Edg/144.0.0.0","userId":"cmluqlns4000gp3qc2r9ju34o"}
{"level":"info","message":"\u001b[0mPOST /api/mock-drives/cmlurj0uo000up3qc75i2h3lo/modules/cmlurj0x4000wp3qcvakeo5iw/submit \u001b[33m400\u001b[0m 6.713 ms - 142\u001b[0m","service":"preplyte-api","timestamp":"2026-02-20 16:51:08"}
{"code":"MODULE_NOT_IN_PROGRESS","ip":"127.0.0.1","level":"warn","message":"Operational error Module is timed_out","method":"POST","path":"/api/mock-drives/cmlurj0uo000up3qc75i2h3lo/modules/cmlurj0x4000wp3qcvakeo5iw/submit","requestId":"2623f364-e791-4486-8330-afb477117365","service":"preplyte-api","timestamp":"2026-02-20 16:51:10","userAgent":"Mozilla/5.0 (Windows NT 10.0; Win64; x64) AppleWebKit/537.36 (KHTML, like Gecko) Chrome/144.0.0.0 Safari/537.36 Edg/144.0.0.0","userId":"cmluqlns4000gp3qc2r9ju34o"}
{"level":"info","message":"\u001b[0mPOST /api/mock-drives/cmlurj0uo000up3qc75i2h3lo/modules/cmlurj0x4000wp3qcvakeo5iw/submit \u001b[33m400\u001b[0m 5.714 ms - 142\u001b[0m","service":"preplyte-api","timestamp":"2026-02-20 16:51:10"}
{"code":"MODULE_NOT_IN_PROGRESS","ip":"127.0.0.1","level":"warn","message":"Operational error Module is timed_out","method":"POST","path":"/api/mock-drives/cmlurj0uo000up3qc75i2h3lo/modules/cmlurj0x4000wp3qcvakeo5iw/submit","requestId":"8834cb9c-4483-4253-8b25-8486256f90c1","service":"preplyte-api","timestamp":"2026-02-20 16:51:12","userAgent":"Mozilla/5.0 (Windows NT 10.0; Win64; x64) AppleWebKit/537.36 (KHTML, like Gecko) Chrome/144.0.0.0 Safari/537.36 Edg/144.0.0.0","userId":"cmluqlns4000gp3qc2r9ju34o"}
{"level":"info","message":"\u001b[0mPOST /api/mock-drives/cmlurj0uo000up3qc75i2h3lo/modules/cmlurj0x4000wp3qcvakeo5iw/submit \u001b[33m400\u001b[0m 6.909 ms - 142\u001b[0m","service":"preplyte-api","timestamp":"2026-02-20 16:51:12"}
{"code":"MODULE_NOT_IN_PROGRESS","ip":"127.0.0.1","level":"warn","message":"Operational error Module is timed_out","method":"POST","path":"/api/mock-drives/cmlurj0uo000up3qc75i2h3lo/modules/cmlurj0x4000wp3qcvakeo5iw/submit","requestId":"e784d837-32d2-470c-96d1-f967f01283ac","service":"preplyte-api","timestamp":"2026-02-20 16:51:14","userAgent":"Mozilla/5.0 (Windows NT 10.0; Win64; x64) AppleWebKit/537.36 (KHTML, like Gecko) Chrome/144.0.0.0 Safari/537.36 Edg/144.0.0.0","userId":"cmluqlns4000gp3qc2r9ju34o"}
{"level":"info","message":"\u001b[0mPOST /api/mock-drives/cmlurj0uo000up3qc75i2h3lo/modules/cmlurj0x4000wp3qcvakeo5iw/submit \u001b[33m400\u001b[0m 7.940 ms - 142\u001b[0m","service":"preplyte-api","timestamp":"2026-02-20 16:51:14"}
{"code":"MODULE_NOT_IN_PROGRESS","ip":"127.0.0.1","level":"warn","message":"Operational error Module is timed_out","method":"POST","path":"/api/mock-drives/cmlurj0uo000up3qc75i2h3lo/modules/cmlurj0x4000wp3qcvakeo5iw/submit","requestId":"4307f19a-8c93-4361-b211-75e3c43eef2d","service":"preplyte-api","timestamp":"2026-02-20 16:51:16","userAgent":"Mozilla/5.0 (Windows NT 10.0; Win64; x64) AppleWebKit/537.36 (KHTML, like Gecko) Chrome/144.0.0.0 Safari/537.36 Edg/144.0.0.0","userId":"cmluqlns4000gp3qc2r9ju34o"}
{"level":"info","message":"\u001b[0mPOST /api/mock-drives/cmlurj0uo000up3qc75i2h3lo/modules/cmlurj0x4000wp3qcvakeo5iw/submit \u001b[33m400\u001b[0m 10.118 ms - 142\u001b[0m","service":"preplyte-api","timestamp":"2026-02-20 16:51:16"}
{"code":"MODULE_NOT_IN_PROGRESS","ip":"127.0.0.1","level":"warn","message":"Operational error Module is timed_out","method":"POST","path":"/api/mock-drives/cmlurj0uo000up3qc75i2h3lo/modules/cmlurj0x4000wp3qcvakeo5iw/submit","requestId":"a64d609a-0a8e-4402-9357-3d1753da0e80","service":"preplyte-api","timestamp":"2026-02-20 16:51:18","userAgent":"Mozilla/5.0 (Windows NT 10.0; Win64; x64) AppleWebKit/537.36 (KHTML, like Gecko) Chrome/144.0.0.0 Safari/537.36 Edg/144.0.0.0","userId":"cmluqlns4000gp3qc2r9ju34o"}
{"level":"info","message":"\u001b[0mPOST /api/mock-drives/cmlurj0uo000up3qc75i2h3lo/modules/cmlurj0x4000wp3qcvakeo5iw/submit \u001b[33m400\u001b[0m 5.512 ms - 142\u001b[0m","service":"preplyte-api","timestamp":"2026-02-20 16:51:18"}
{"code":"MODULE_NOT_IN_PROGRESS","ip":"127.0.0.1","level":"warn","message":"Operational error Module is timed_out","method":"POST","path":"/api/mock-drives/cmlurj0uo000up3qc75i2h3lo/modules/cmlurj0x4000wp3qcvakeo5iw/submit","requestId":"2f70c3e0-5716-4156-a4e7-19bb888e98fe","service":"preplyte-api","timestamp":"2026-02-20 16:51:20","userAgent":"Mozilla/5.0 (Windows NT 10.0; Win64; x64) AppleWebKit/537.36 (KHTML, like Gecko) Chrome/144.0.0.0 Safari/537.36 Edg/144.0.0.0","userId":"cmluqlns4000gp3qc2r9ju34o"}
{"level":"info","message":"\u001b[0mPOST /api/mock-drives/cmlurj0uo000up3qc75i2h3lo/modules/cmlurj0x4000wp3qcvakeo5iw/submit \u001b[33m400\u001b[0m 6.312 ms - 142\u001b[0m","service":"preplyte-api","timestamp":"2026-02-20 16:51:20"}
{"code":"MODULE_NOT_IN_PROGRESS","ip":"127.0.0.1","level":"warn","message":"Operational error Module is timed_out","method":"POST","path":"/api/mock-drives/cmlurj0uo000up3qc75i2h3lo/modules/cmlurj0x4000wp3qcvakeo5iw/submit","requestId":"801b5487-5510-4a5a-89cf-e6b54bcee2e6","service":"preplyte-api","timestamp":"2026-02-20 16:51:22","userAgent":"Mozilla/5.0 (Windows NT 10.0; Win64; x64) AppleWebKit/537.36 (KHTML, like Gecko) Chrome/144.0.0.0 Safari/537.36 Edg/144.0.0.0","userId":"cmluqlns4000gp3qc2r9ju34o"}
{"level":"info","message":"\u001b[0mPOST /api/mock-drives/cmlurj0uo000up3qc75i2h3lo/modules/cmlurj0x4000wp3qcvakeo5iw/submit \u001b[33m400\u001b[0m 8.637 ms - 142\u001b[0m","service":"preplyte-api","timestamp":"2026-02-20 16:51:22"}
{"code":"MODULE_NOT_IN_PROGRESS","ip":"127.0.0.1","level":"warn","message":"Operational error Module is timed_out","method":"POST","path":"/api/mock-drives/cmlurj0uo000up3qc75i2h3lo/modules/cmlurj0x4000wp3qcvakeo5iw/submit","requestId":"2461a52f-d2bb-4756-9152-070424b48eb0","service":"preplyte-api","timestamp":"2026-02-20 16:51:24","userAgent":"Mozilla/5.0 (Windows NT 10.0; Win64; x64) AppleWebKit/537.36 (KHTML, like Gecko) Chrome/144.0.0.0 Safari/537.36 Edg/144.0.0.0","userId":"cmluqlns4000gp3qc2r9ju34o"}
{"level":"info","message":"\u001b[0mPOST /api/mock-drives/cmlurj0uo000up3qc75i2h3lo/modules/cmlurj0x4000wp3qcvakeo5iw/submit \u001b[33m400\u001b[0m 5.675 ms - 142\u001b[0m","service":"preplyte-api","timestamp":"2026-02-20 16:51:24"}
{"code":"MODULE_NOT_IN_PROGRESS","ip":"127.0.0.1","level":"warn","message":"Operational error Module is timed_out","method":"POST","path":"/api/mock-drives/cmlurj0uo000up3qc75i2h3lo/modules/cmlurj0x4000wp3qcvakeo5iw/submit","requestId":"30a95814-748e-46fd-8904-e205c3070b2f","service":"preplyte-api","timestamp":"2026-02-20 16:51:26","userAgent":"Mozilla/5.0 (Windows NT 10.0; Win64; x64) AppleWebKit/537.36 (KHTML, like Gecko) Chrome/144.0.0.0 Safari/537.36 Edg/144.0.0.0","userId":"cmluqlns4000gp3qc2r9ju34o"}
{"level":"info","message":"\u001b[0mPOST /api/mock-drives/cmlurj0uo000up3qc75i2h3lo/modules/cmlurj0x4000wp3qcvakeo5iw/submit \u001b[33m400\u001b[0m 5.956 ms - 142\u001b[0m","service":"preplyte-api","timestamp":"2026-02-20 16:51:26"}
{"code":"MODULE_NOT_IN_PROGRESS","ip":"127.0.0.1","level":"warn","message":"Operational error Module is timed_out","method":"POST","path":"/api/mock-drives/cmlurj0uo000up3qc75i2h3lo/modules/cmlurj0x4000wp3qcvakeo5iw/submit","requestId":"435935ab-c768-4374-949f-c86999b4ccb5","service":"preplyte-api","timestamp":"2026-02-20 16:51:27","userAgent":"Mozilla/5.0 (Windows NT 10.0; Win64; x64) AppleWebKit/537.36 (KHTML, like Gecko) Chrome/144.0.0.0 Safari/537.36 Edg/144.0.0.0","userId":"cmluqlns4000gp3qc2r9ju34o"}
{"level":"info","message":"\u001b[0mPOST /api/mock-drives/cmlurj0uo000up3qc75i2h3lo/modules/cmlurj0x4000wp3qcvakeo5iw/submit \u001b[33m400\u001b[0m 20.259 ms - 142\u001b[0m","service":"preplyte-api","timestamp":"2026-02-20 16:51:27"}
{"level":"info","message":"\u001b[0mGET /api/mock-drives/cmlurj0uo000up3qc75i2h3lo/attempt \u001b[36m304\u001b[0m 13.659 ms - -\u001b[0m","service":"preplyte-api","timestamp":"2026-02-20 16:51:28"}
{"level":"info","message":"\u001b[0mPOST /api/mock-drives/cmlurj0uo000up3qc75i2h3lo/modules/cmlurj0y3000yp3qcr85id0hr/start \u001b[32m200\u001b[0m 82.665 ms - -\u001b[0m","service":"preplyte-api","timestamp":"2026-02-20 16:51:32"}
{"level":"info","message":"\u001b[0mGET /api/mock-drives/cmlurj0uo000up3qc75i2h3lo/attempt \u001b[32m200\u001b[0m 19.949 ms - -\u001b[0m","service":"preplyte-api","timestamp":"2026-02-20 16:51:32"}
{"level":"info","message":"\u001b[0mGET /api/mock-drives/cmlurj0uo000up3qc75i2h3lo/attempt \u001b[33m401\u001b[0m 0.783 ms - 108\u001b[0m","service":"preplyte-api","timestamp":"2026-02-20 16:52:33"}
{"level":"info","message":"Token refreshed successfully","service":"preplyte-api","timestamp":"2026-02-20 16:52:33","userId":"cmluqlns4000gp3qc2r9ju34o"}
{"level":"info","message":"\u001b[0mPOST /api/auth/refresh \u001b[32m200\u001b[0m 59.343 ms - -\u001b[0m","service":"preplyte-api","timestamp":"2026-02-20 16:52:33"}
{"level":"info","message":"\u001b[0mGET /api/mock-drives/cmlurj0uo000up3qc75i2h3lo/attempt \u001b[32m200\u001b[0m 22.935 ms - -\u001b[0m","service":"preplyte-api","timestamp":"2026-02-20 16:52:33"}
{"level":"warn","message":"Route not found","method":"POST","path":"/api/mock-drives/cmlurj0uo000up3qc75i2h3lo/modules/cmlurj0y3000yp3qcr85id0hr/machine/run","requestId":"44cce2a3-97b7-435c-85d9-71081e021d62","service":"preplyte-api","timestamp":"2026-02-20 16:52:37"}
{"level":"info","message":"\u001b[0mPOST /api/mock-drives/cmlurj0uo000up3qc75i2h3lo/modules/cmlurj0y3000yp3qcr85id0hr/machine/run \u001b[33m404\u001b[0m 8.465 ms - 219\u001b[0m","service":"preplyte-api","timestamp":"2026-02-20 16:52:37"}
{"code":"BAD_REQUEST","ip":"127.0.0.1","level":"warn","message":"Operational error Unsupported language ID: 62","method":"POST","path":"/api/mock-drives/cmlurj0uo000up3qc75i2h3lo/modules/cmlurj0y3000yp3qcr85id0hr/machine/submit","requestId":"f54c5c23-7680-44bb-b21d-ae2606362d3c","service":"preplyte-api","timestamp":"2026-02-20 16:53:53","userAgent":"Mozilla/5.0 (Windows NT 10.0; Win64; x64) AppleWebKit/537.36 (KHTML, like Gecko) Chrome/144.0.0.0 Safari/537.36 Edg/144.0.0.0","userId":"cmluqlns4000gp3qc2r9ju34o"}
{"level":"info","message":"\u001b[0mPOST /api/mock-drives/cmlurj0uo000up3qc75i2h3lo/modules/cmlurj0y3000yp3qcr85id0hr/machine/submit \u001b[33m400\u001b[0m 67.977 ms - 139\u001b[0m","service":"preplyte-api","timestamp":"2026-02-20 16:53:53"}
{"level":"info","message":"\u001b[0mGET /api/mock-drives/cmlurj0uo000up3qc75i2h3lo/attempt \u001b[32m200\u001b[0m 16.056 ms - -\u001b[0m","service":"preplyte-api","timestamp":"2026-02-20 16:54:33"}
{"level":"warn","message":"Route not found","method":"POST","path":"/api/mock-drives/cmlurj0uo000up3qc75i2h3lo/modules/cmlurj0y3000yp3qcr85id0hr/machine/run","requestId":"47eca1ba-ae81-4e51-8e6d-21c7e59b21eb","service":"preplyte-api","timestamp":"2026-02-20 16:54:36"}
{"level":"info","message":"\u001b[0mPOST /api/mock-drives/cmlurj0uo000up3qc75i2h3lo/modules/cmlurj0y3000yp3qcr85id0hr/machine/run \u001b[33m404\u001b[0m 5.445 ms - 219\u001b[0m","service":"preplyte-api","timestamp":"2026-02-20 16:54:36"}
{"level":"warn","message":"Route not found","method":"POST","path":"/api/mock-drives/cmlurj0uo000up3qc75i2h3lo/modules/cmlurj0y3000yp3qcr85id0hr/machine/run","requestId":"4e5f852d-03b7-481c-9b32-e8b82a93226e","service":"preplyte-api","timestamp":"2026-02-20 16:54:38"}
{"level":"info","message":"\u001b[0mPOST /api/mock-drives/cmlurj0uo000up3qc75i2h3lo/modules/cmlurj0y3000yp3qcr85id0hr/machine/run \u001b[33m404\u001b[0m 16.913 ms - 219\u001b[0m","service":"preplyte-api","timestamp":"2026-02-20 16:54:38"}
{"level":"info","message":"\u001b[0mPOST /api/mock-drives/cmlurj0uo000up3qc75i2h3lo/modules/cmlurj0y3000yp3qcr85id0hr/submit \u001b[32m200\u001b[0m 80.825 ms - 700\u001b[0m","service":"preplyte-api","timestamp":"2026-02-20 16:54:44"}
{"level":"info","message":"\u001b[0mGET /api/mock-drives/cmlurj0uo000up3qc75i2h3lo/attempt \u001b[32m200\u001b[0m 12.891 ms - -\u001b[0m","service":"preplyte-api","timestamp":"2026-02-20 16:54:44"}
{"level":"info","message":"\u001b[0mGET /api/mock-drives/cmlurj0uo000up3qc75i2h3lo/attempt \u001b[36m304\u001b[0m 24.281 ms - -\u001b[0m","service":"preplyte-api","timestamp":"2026-02-20 16:55:13"}
{"difficulty":"ENTRY","jobTitle":"Software Engineer","level":"info","message":"[MockDrive:Interview] Initializing interview module","service":"preplyte-api","timestamp":"2026-02-20 16:55:17","userId":"cmluqlns4000gp3qc2r9ju34o"}
{"code":"NOT_FOUND","ip":"127.0.0.1","level":"warn","message":"Operational error Resume. Please upload a resume first not found","method":"POST","path":"/api/mock-drives/cmlurj0uo000up3qc75i2h3lo/modules/cmlurj0yw0010p3qcg22q0y5i/start","requestId":"d69e8095-22cb-4d40-8f47-2e945020e6bc","service":"preplyte-api","timestamp":"2026-02-20 16:55:17","userAgent":"Mozilla/5.0 (Windows NT 10.0; Win64; x64) AppleWebKit/537.36 (KHTML, like Gecko) Chrome/144.0.0.0 Safari/537.36 Edg/144.0.0.0","userId":"cmluqlns4000gp3qc2r9ju34o"}
{"level":"info","message":"\u001b[0mPOST /api/mock-drives/cmlurj0uo000up3qc75i2h3lo/modules/cmlurj0yw0010p3qcg22q0y5i/start \u001b[33m404\u001b[0m 17.996 ms - 156\u001b[0m","service":"preplyte-api","timestamp":"2026-02-20 16:55:17"}
{"level":"info","message":"\u001b[0mGET /api/mock-drives/cmlurj0uo000up3qc75i2h3lo/attempt \u001b[33m401\u001b[0m 0.692 ms - 108\u001b[0m","service":"preplyte-api","timestamp":"2026-02-20 16:55:30"}
{"level":"info","message":"\u001b[0mGET /api/mock-drives/cmlurj0uo000up3qc75i2h3lo \u001b[33m401\u001b[0m 1.767 ms - 108\u001b[0m","service":"preplyte-api","timestamp":"2026-02-20 16:55:31"}
{"level":"warn","message":"Refresh token reuse detected","revokedAt":"2026-02-20T11:22:33.516Z","service":"preplyte-api","timestamp":"2026-02-20 16:55:31","tokenId":"cmluscnu5001up3qcxnhdhvj4","userId":"cmluqlns4000gp3qc2r9ju34o"}
{"level":"info","message":"User logged out from all devices","service":"preplyte-api","timestamp":"2026-02-20 16:55:31","userId":"cmluqlns4000gp3qc2r9ju34o"}
{"code":"UNAUTHORIZED","ip":"127.0.0.1","level":"warn","message":"Operational error Token reuse detected. All sessions have been revoked for security.","method":"POST","path":"/api/auth/refresh","requestId":"mluszy7u-8c475329e661b14a","service":"preplyte-api","timestamp":"2026-02-20 16:55:31","userAgent":"Mozilla/5.0 (Windows NT 10.0; Win64; x64) AppleWebKit/537.36 (KHTML, like Gecko) Chrome/144.0.0.0 Safari/537.36 Edg/144.0.0.0"}
{"level":"info","message":"\u001b[0mPOST /api/auth/refresh \u001b[33m401\u001b[0m 59.144 ms - 168\u001b[0m","service":"preplyte-api","timestamp":"2026-02-20 16:55:31"}
{"level":"info","message":"\u001b[0mGET /api/mock-drives/cmlurj0uo000up3qc75i2h3lo \u001b[33m401\u001b[0m 0.796 ms - 85\u001b[0m","service":"preplyte-api","timestamp":"2026-02-20 16:55:32"}
{"level":"info","message":"\u001b[0mGET /api/mock-drives/cmlurj0uo000up3qc75i2h3lo/attempt \u001b[33m401\u001b[0m 1.366 ms - 85\u001b[0m","service":"preplyte-api","timestamp":"2026-02-20 16:55:32"}
{"level":"info","message":"User logged in","service":"preplyte-api","timestamp":"2026-02-20 16:55:45","userId":"cmluqlns4000gp3qc2r9ju34o"}
{"level":"info","message":"\u001b[0mPOST /api/auth/login \u001b[32m200\u001b[0m 370.975 ms - -\u001b[0m","service":"preplyte-api","timestamp":"2026-02-20 16:55:45"}
{"level":"info","message":"\u001b[0mGET /api/dashboard/student \u001b[32m200\u001b[0m 135.572 ms - 520\u001b[0m","service":"preplyte-api","timestamp":"2026-02-20 16:55:47"}
{"level":"info","message":"\u001b[0mGET /api/mock-drives?page=1&limit=10&status=PUBLISHED%2CREGISTRATION_OPEN%2CREGISTRATION_CLOSED%2CIN_PROGRESS \u001b[36m304\u001b[0m 92.345 ms - -\u001b[0m","service":"preplyte-api","timestamp":"2026-02-20 16:55:50"}
{"level":"info","message":"\u001b[0mGET /api/mock-drives/cmlurj0uo000up3qc75i2h3lo \u001b[36m304\u001b[0m 83.712 ms - -\u001b[0m","service":"preplyte-api","timestamp":"2026-02-20 16:55:52"}
{"level":"info","message":"\u001b[0mGET /api/mock-drives/cmlurj0uo000up3qc75i2h3lo/eligibility \u001b[36m304\u001b[0m 74.849 ms - -\u001b[0m","service":"preplyte-api","timestamp":"2026-02-20 16:55:52"}
{"level":"info","message":"\u001b[0mGET /api/mock-drives/cmlurj0uo000up3qc75i2h3lo/attempt \u001b[36m304\u001b[0m 27.395 ms - -\u001b[0m","service":"preplyte-api","timestamp":"2026-02-20 16:55:55"}
{"difficulty":"ENTRY","jobTitle":"Software Engineer","level":"info","message":"[MockDrive:Interview] Initializing interview module","service":"preplyte-api","timestamp":"2026-02-20 16:55:57","userId":"cmluqlns4000gp3qc2r9ju34o"}
{"code":"NOT_FOUND","ip":"127.0.0.1","level":"warn","message":"Operational error Resume. Please upload a resume first not found","method":"POST","path":"/api/mock-drives/cmlurj0uo000up3qc75i2h3lo/modules/cmlurj0yw0010p3qcg22q0y5i/start","requestId":"fc4f31ad-98b6-49ea-bfec-1bcc3ab111b8","service":"preplyte-api","timestamp":"2026-02-20 16:55:57","userAgent":"Mozilla/5.0 (Windows NT 10.0; Win64; x64) AppleWebKit/537.36 (KHTML, like Gecko) Chrome/144.0.0.0 Safari/537.36 Edg/144.0.0.0","userId":"cmluqlns4000gp3qc2r9ju34o"}
{"level":"info","message":"\u001b[0mPOST /api/mock-drives/cmlurj0uo000up3qc75i2h3lo/modules/cmlurj0yw0010p3qcg22q0y5i/start \u001b[33m404\u001b[0m 28.787 ms - 156\u001b[0m","service":"preplyte-api","timestamp":"2026-02-20 16:55:57"}
{"level":"info","message":"\u001b[0mGET /api/mock-drives/cmlurj0uo000up3qc75i2h3lo/attempt \u001b[36m304\u001b[0m 13.274 ms - -\u001b[0m","service":"preplyte-api","timestamp":"2026-02-20 16:56:25"}
{"difficulty":"ENTRY","jobTitle":"Software Engineer","level":"info","message":"[MockDrive:Interview] Initializing interview module","service":"preplyte-api","timestamp":"2026-02-20 16:56:37","userId":"cmluqlns4000gp3qc2r9ju34o"}
{"code":"NOT_FOUND","ip":"127.0.0.1","level":"warn","message":"Operational error Resume. Please upload a resume first not found","method":"POST","path":"/api/mock-drives/cmlurj0uo000up3qc75i2h3lo/modules/cmlurj0yw0010p3qcg22q0y5i/start","requestId":"e313289c-fa1c-4bd4-b144-9c08c8bf9906","service":"preplyte-api","timestamp":"2026-02-20 16:56:37","userAgent":"Mozilla/5.0 (Windows NT 10.0; Win64; x64) AppleWebKit/537.36 (KHTML, like Gecko) Chrome/144.0.0.0 Safari/537.36 Edg/144.0.0.0","userId":"cmluqlns4000gp3qc2r9ju34o"}
{"level":"info","message":"\u001b[0mPOST /api/mock-drives/cmlurj0uo000up3qc75i2h3lo/modules/cmlurj0yw0010p3qcg22q0y5i/start \u001b[33m404\u001b[0m 35.255 ms - 156\u001b[0m","service":"preplyte-api","timestamp":"2026-02-20 16:56:37"}
{"level":"info","message":"\u001b[0mGET /api/mock-drives/cmlurj0uo000up3qc75i2h3lo/attempt \u001b[36m304\u001b[0m 82.738 ms - -\u001b[0m","service":"preplyte-api","timestamp":"2026-02-20 16:56:55"}
{"level":"info","message":"\u001b[0mGET /api/profile \u001b[32m200\u001b[0m 48.282 ms - -\u001b[0m","service":"preplyte-api","timestamp":"2026-02-20 16:57:01"}
{"fileName":"Sarvesh_Bhoite_9136870930.pdf","level":"info","message":"[ProfileService] Uploading resume","service":"preplyte-api","timestamp":"2026-02-20 16:57:11","userId":"cmluqlns4000gp3qc2r9ju34o"}
{"level":"info","message":"[ProfileService] Resume uploaded","resumeId":"cmlut26sc0006u09qpoqise54","service":"preplyte-api","timestamp":"2026-02-20 16:57:15","userId":"cmluqlns4000gp3qc2r9ju34o"}
{"level":"info","message":"\u001b[0mPOST /api/profile/resumes \u001b[32m201\u001b[0m 4152.685 ms - 452\u001b[0m","service":"preplyte-api","timestamp":"2026-02-20 16:57:15"}
{"level":"info","message":"\u001b[0mGET /api/mock-drives/cmlurj0uo000up3qc75i2h3lo \u001b[36m304\u001b[0m 82.744 ms - -\u001b[0m","service":"preplyte-api","timestamp":"2026-02-20 16:57:17"}
{"level":"info","message":"\u001b[0mGET /api/mock-drives/cmlurj0uo000up3qc75i2h3lo \u001b[36m304\u001b[0m 59.488 ms - -\u001b[0m","service":"preplyte-api","timestamp":"2026-02-20 16:57:21"}
{"level":"info","message":"\u001b[0mGET /api/mock-drives/cmlurj0uo000up3qc75i2h3lo/attempt \u001b[36m304\u001b[0m 15.990 ms - -\u001b[0m","service":"preplyte-api","timestamp":"2026-02-20 16:57:21"}
{"difficulty":"ENTRY","jobTitle":"Software Engineer","level":"info","message":"[MockDrive:Interview] Initializing interview module","service":"preplyte-api","timestamp":"2026-02-20 16:57:23","userId":"cmluqlns4000gp3qc2r9ju34o"}
{"level":"info","message":"[ResumeParser] Parsing resume by ID","resumeId":"cmlut26sc0006u09qpoqise54","service":"preplyte-api","timestamp":"2026-02-20 16:57:23","userId":"cmluqlns4000gp3qc2r9ju34o"}
{"level":"info","message":"[ResumeParser] Resume parsed successfully","resumeId":"cmlut26sc0006u09qpoqise54","service":"preplyte-api","timestamp":"2026-02-20 16:57:25"}
{"level":"info","message":"[MockDrive:Interview] Interview initialized successfully","service":"preplyte-api","timestamp":"2026-02-20 16:57:26"}
{"level":"info","message":"\u001b[0mPOST /api/mock-drives/cmlurj0uo000up3qc75i2h3lo/modules/cmlurj0yw0010p3qcg22q0y5i/start \u001b[32m200\u001b[0m 3580.878 ms - -\u001b[0m","service":"preplyte-api","timestamp":"2026-02-20 16:57:26"}
{"level":"info","message":"\u001b[0mGET /api/mock-drives/cmlurj0uo000up3qc75i2h3lo/attempt \u001b[32m200\u001b[0m 27.439 ms - -\u001b[0m","service":"preplyte-api","timestamp":"2026-02-20 16:57:26"}
{"level":"info","message":"\u001b[0mGET /api/mock-drives/cmlurj0uo000up3qc75i2h3lo/attempt \u001b[32m200\u001b[0m 28.019 ms - -\u001b[0m","service":"preplyte-api","timestamp":"2026-02-20 16:57:56"}
{"level":"info","message":"\u001b[0mGET /api/mock-drives/cmlurj0uo000up3qc75i2h3lo/attempt \u001b[32m200\u001b[0m 27.172 ms - -\u001b[0m","service":"preplyte-api","timestamp":"2026-02-20 16:58:27"}
{"ip":"127.0.0.1","level":"warn","message":"Rate limit exceeded","method":"POST","path":"/mock-drives/cmlurj0uo000up3qc75i2h3lo/modules/cmlurj0yw0010p3qcg22q0y5i/interview/skip","service":"preplyte-api","timestamp":"2026-02-20 16:58:32"}
{"level":"info","message":"\u001b[0mPOST /api/mock-drives/cmlurj0uo000up3qc75i2h3lo/modules/cmlurj0yw0010p3qcg22q0y5i/interview/skip \u001b[33m429\u001b[0m 1.363 ms - 117\u001b[0m","service":"preplyte-api","timestamp":"2026-02-20 16:58:32"}
{"ip":"127.0.0.1","level":"warn","message":"Rate limit exceeded","method":"POST","path":"/mock-drives/cmlurj0uo000up3qc75i2h3lo/modules/cmlurj0yw0010p3qcg22q0y5i/interview/skip","service":"preplyte-api","timestamp":"2026-02-20 16:58:35"}
{"level":"info","message":"\u001b[0mPOST /api/mock-drives/cmlurj0uo000up3qc75i2h3lo/modules/cmlurj0yw0010p3qcg22q0y5i/interview/skip \u001b[33m429\u001b[0m 2.718 ms - 117\u001b[0m","service":"preplyte-api","timestamp":"2026-02-20 16:58:35"}
{"ip":"127.0.0.1","level":"warn","message":"Rate limit exceeded","method":"POST","path":"/mock-drives/cmlurj0uo000up3qc75i2h3lo/modules/cmlurj0yw0010p3qcg22q0y5i/submit","service":"preplyte-api","timestamp":"2026-02-20 16:58:38"}
{"level":"info","message":"\u001b[0mPOST /api/mock-drives/cmlurj0uo000up3qc75i2h3lo/modules/cmlurj0yw0010p3qcg22q0y5i/submit \u001b[33m429\u001b[0m 1.732 ms - 117\u001b[0m","service":"preplyte-api","timestamp":"2026-02-20 16:58:38"}
{"ip":"127.0.0.1","level":"warn","message":"Rate limit exceeded","method":"POST","path":"/mock-drives/cmlurj0uo000up3qc75i2h3lo/modules/cmlurj0yw0010p3qcg22q0y5i/submit","service":"preplyte-api","timestamp":"2026-02-20 16:58:41"}
{"level":"info","message":"\u001b[0mPOST /api/mock-drives/cmlurj0uo000up3qc75i2h3lo/modules/cmlurj0yw0010p3qcg22q0y5i/submit \u001b[33m429\u001b[0m 1.688 ms - 117\u001b[0m","service":"preplyte-api","timestamp":"2026-02-20 16:58:41"}
{"ip":"127.0.0.1","level":"warn","message":"Rate limit exceeded","method":"GET","path":"/mock-drives/cmlurj0uo000up3qc75i2h3lo/attempt","service":"preplyte-api","timestamp":"2026-02-20 17:01:27"}
{"level":"info","message":"\u001b[0mGET /api/mock-drives/cmlurj0uo000up3qc75i2h3lo/attempt \u001b[33m429\u001b[0m 1.093 ms - 117\u001b[0m","service":"preplyte-api","timestamp":"2026-02-20 17:01:27"}
{"ip":"127.0.0.1","level":"warn","message":"Rate limit exceeded","method":"GET","path":"/mock-drives/cmlurj0uo000up3qc75i2h3lo/attempt","service":"preplyte-api","timestamp":"2026-02-20 17:01:28"}
{"level":"info","message":"\u001b[0mGET /api/mock-drives/cmlurj0uo000up3qc75i2h3lo/attempt \u001b[33m429\u001b[0m 1.085 ms - 117\u001b[0m","service":"preplyte-api","timestamp":"2026-02-20 17:01:28"}
{"ip":"127.0.0.1","level":"warn","message":"Rate limit exceeded","method":"POST","path":"/mock-drives/cmlurj0uo000up3qc75i2h3lo/modules/cmlurj0yw0010p3qcg22q0y5i/submit","service":"preplyte-api","timestamp":"2026-02-20 17:01:29"}
{"level":"info","message":"\u001b[0mPOST /api/mock-drives/cmlurj0uo000up3qc75i2h3lo/modules/cmlurj0yw0010p3qcg22q0y5i/submit \u001b[33m429\u001b[0m 1.676 ms - 117\u001b[0m","service":"preplyte-api","timestamp":"2026-02-20 17:01:29"}
{"ip":"127.0.0.1","level":"warn","message":"Rate limit exceeded","method":"POST","path":"/mock-drives/cmlurj0uo000up3qc75i2h3lo/modules/cmlurj0yw0010p3qcg22q0y5i/submit","service":"preplyte-api","timestamp":"2026-02-20 17:01:30"}
{"level":"info","message":"\u001b[0mPOST /api/mock-drives/cmlurj0uo000up3qc75i2h3lo/modules/cmlurj0yw0010p3qcg22q0y5i/submit \u001b[33m429\u001b[0m 1.470 ms - 117\u001b[0m","service":"preplyte-api","timestamp":"2026-02-20 17:01:30"}
{"baseURL":"https://judge0-ce.p.rapidapi.com","level":"info","message":"Judge0 client initialized","service":"preplyte-api","timestamp":"2026-02-20 17:02:00","useRapidAPI":true}
{"level":"info","message":"[TTS] Using Deepgram for text-to-speech","service":"preplyte-api","timestamp":"2026-02-20 17:02:00"}
{"keyLength":39,"keyPrefix":"AIzaSyC7yj...","level":"info","message":"Gemini API Key loaded:","service":"preplyte-api","timestamp":"2026-02-20 17:02:00"}
{"environment":"development","host":"0.0.0.0","level":"info","message":"Starting server...","port":4000,"service":"preplyte-api","timestamp":"2026-02-20 17:02:00"}
{"level":"info","message":"Checking database connection...","service":"preplyte-api","timestamp":"2026-02-20 17:02:00"}
{"level":"info","message":"✅ Database connected successfully","service":"preplyte-api","timestamp":"2026-02-20 17:02:00"}
{"level":"info","message":"[WS Gateway] WebSocket server initialized","path":"/ws/interview/:sessionId","service":"preplyte-api","timestamp":"2026-02-20 17:02:00"}
{"api":"http://localhost:4000/api","environment":"development","health":"http://localhost:4000/health","host":"0.0.0.0","level":"info","message":"🚀 Server running","port":4000,"service":"preplyte-api","timestamp":"2026-02-20 17:02:00","websocket":"ws://localhost:4000/ws/interview/:sessionId"}
{"intervalHours":24,"level":"info","message":"Starting token cleanup scheduler","service":"preplyte-api","timestamp":"2026-02-20 17:02:00"}
{"level":"info","message":"Starting token cleanup job","service":"preplyte-api","timestamp":"2026-02-20 17:02:00"}
{"count":0,"level":"info","message":"Cleaned up expired tokens","service":"preplyte-api","timestamp":"2026-02-20 17:02:00"}
{"level":"info","message":"Token cleanup completed","service":"preplyte-api","timestamp":"2026-02-20 17:02:00","tokensRemoved":0}
{"baseURL":"https://judge0-ce.p.rapidapi.com","level":"info","message":"Judge0 client initialized","service":"preplyte-api","timestamp":"2026-02-20 17:02:02","useRapidAPI":true}
{"level":"info","message":"[TTS] Using Deepgram for text-to-speech","service":"preplyte-api","timestamp":"2026-02-20 17:02:02"}
{"keyLength":39,"keyPrefix":"AIzaSyC7yj...","level":"info","message":"Gemini API Key loaded:","service":"preplyte-api","timestamp":"2026-02-20 17:02:02"}
{"environment":"development","host":"0.0.0.0","level":"info","message":"Starting server...","port":4000,"service":"preplyte-api","timestamp":"2026-02-20 17:02:02"}
{"level":"info","message":"Checking database connection...","service":"preplyte-api","timestamp":"2026-02-20 17:02:02"}
{"level":"info","message":"✅ Database connected successfully","service":"preplyte-api","timestamp":"2026-02-20 17:02:02"}
{"level":"info","message":"[WS Gateway] WebSocket server initialized","path":"/ws/interview/:sessionId","service":"preplyte-api","timestamp":"2026-02-20 17:02:02"}
{"api":"http://localhost:4000/api","environment":"development","health":"http://localhost:4000/health","host":"0.0.0.0","level":"info","message":"🚀 Server running","port":4000,"service":"preplyte-api","timestamp":"2026-02-20 17:02:02","websocket":"ws://localhost:4000/ws/interview/:sessionId"}
{"intervalHours":24,"level":"info","message":"Starting token cleanup scheduler","service":"preplyte-api","timestamp":"2026-02-20 17:02:02"}
{"level":"info","message":"Starting token cleanup job","service":"preplyte-api","timestamp":"2026-02-20 17:02:02"}
{"count":0,"level":"info","message":"Cleaned up expired tokens","service":"preplyte-api","timestamp":"2026-02-20 17:02:02"}
{"level":"info","message":"Token cleanup completed","service":"preplyte-api","timestamp":"2026-02-20 17:02:02","tokensRemoved":0}
{"baseURL":"https://judge0-ce.p.rapidapi.com","level":"info","message":"Judge0 client initialized","service":"preplyte-api","timestamp":"2026-02-20 17:05:17","useRapidAPI":true}
{"level":"info","message":"[TTS] Using Deepgram for text-to-speech","service":"preplyte-api","timestamp":"2026-02-20 17:05:17"}
{"keyLength":39,"keyPrefix":"AIzaSyC7yj...","level":"info","message":"Gemini API Key loaded:","service":"preplyte-api","timestamp":"2026-02-20 17:05:17"}
{"environment":"development","host":"0.0.0.0","level":"info","message":"Starting server...","port":4000,"service":"preplyte-api","timestamp":"2026-02-20 17:05:17"}
{"level":"info","message":"Checking database connection...","service":"preplyte-api","timestamp":"2026-02-20 17:05:17"}
{"level":"info","message":"✅ Database connected successfully","service":"preplyte-api","timestamp":"2026-02-20 17:05:17"}
{"level":"info","message":"[WS Gateway] WebSocket server initialized","path":"/ws/interview/:sessionId","service":"preplyte-api","timestamp":"2026-02-20 17:05:17"}
{"api":"http://localhost:4000/api","environment":"development","health":"http://localhost:4000/health","host":"0.0.0.0","level":"info","message":"🚀 Server running","port":4000,"service":"preplyte-api","timestamp":"2026-02-20 17:05:17","websocket":"ws://localhost:4000/ws/interview/:sessionId"}
{"intervalHours":24,"level":"info","message":"Starting token cleanup scheduler","service":"preplyte-api","timestamp":"2026-02-20 17:05:17"}
{"level":"info","message":"Starting token cleanup job","service":"preplyte-api","timestamp":"2026-02-20 17:05:17"}
{"count":0,"level":"info","message":"Cleaned up expired tokens","service":"preplyte-api","timestamp":"2026-02-20 17:05:17"}
{"level":"info","message":"Token cleanup completed","service":"preplyte-api","timestamp":"2026-02-20 17:05:17","tokensRemoved":0}
{"baseURL":"https://judge0-ce.p.rapidapi.com","level":"info","message":"Judge0 client initialized","service":"preplyte-api","timestamp":"2026-02-20 17:07:22","useRapidAPI":true}
{"level":"info","message":"[TTS] Using Deepgram for text-to-speech","service":"preplyte-api","timestamp":"2026-02-20 17:07:22"}
{"keyLength":39,"keyPrefix":"AIzaSyC7yj...","level":"info","message":"Gemini API Key loaded:","service":"preplyte-api","timestamp":"2026-02-20 17:07:23"}
{"environment":"development","host":"0.0.0.0","level":"info","message":"Starting server...","port":4000,"service":"preplyte-api","timestamp":"2026-02-20 17:07:23"}
{"level":"info","message":"Checking database connection...","service":"preplyte-api","timestamp":"2026-02-20 17:07:23"}
{"level":"info","message":"✅ Database connected successfully","service":"preplyte-api","timestamp":"2026-02-20 17:07:23"}
{"level":"info","message":"[WS Gateway] WebSocket server initialized","path":"/ws/interview/:sessionId","service":"preplyte-api","timestamp":"2026-02-20 17:07:23"}
{"api":"http://localhost:4000/api","environment":"development","health":"http://localhost:4000/health","host":"0.0.0.0","level":"info","message":"🚀 Server running","port":4000,"service":"preplyte-api","timestamp":"2026-02-20 17:07:23","websocket":"ws://localhost:4000/ws/interview/:sessionId"}
{"intervalHours":24,"level":"info","message":"Starting token cleanup scheduler","service":"preplyte-api","timestamp":"2026-02-20 17:07:23"}
{"level":"info","message":"Starting token cleanup job","service":"preplyte-api","timestamp":"2026-02-20 17:07:23"}
{"count":0,"level":"info","message":"Cleaned up expired tokens","service":"preplyte-api","timestamp":"2026-02-20 17:07:23"}
{"level":"info","message":"Token cleanup completed","service":"preplyte-api","timestamp":"2026-02-20 17:07:23","tokensRemoved":0}
{"baseURL":"https://judge0-ce.p.rapidapi.com","level":"info","message":"Judge0 client initialized","service":"preplyte-api","timestamp":"2026-02-20 17:07:43","useRapidAPI":true}
{"level":"info","message":"[TTS] Using Deepgram for text-to-speech","service":"preplyte-api","timestamp":"2026-02-20 17:07:44"}
{"keyLength":39,"keyPrefix":"AIzaSyC7yj...","level":"info","message":"Gemini API Key loaded:","service":"preplyte-api","timestamp":"2026-02-20 17:07:44"}
{"environment":"development","host":"0.0.0.0","level":"info","message":"Starting server...","port":4000,"service":"preplyte-api","timestamp":"2026-02-20 17:07:44"}
{"level":"info","message":"Checking database connection...","service":"preplyte-api","timestamp":"2026-02-20 17:07:44"}
{"level":"info","message":"✅ Database connected successfully","service":"preplyte-api","timestamp":"2026-02-20 17:07:44"}
{"level":"info","message":"[WS Gateway] WebSocket server initialized","path":"/ws/interview/:sessionId","service":"preplyte-api","timestamp":"2026-02-20 17:07:44"}
{"api":"http://localhost:4000/api","environment":"development","health":"http://localhost:4000/health","host":"0.0.0.0","level":"info","message":"🚀 Server running","port":4000,"service":"preplyte-api","timestamp":"2026-02-20 17:07:44","websocket":"ws://localhost:4000/ws/interview/:sessionId"}
{"intervalHours":24,"level":"info","message":"Starting token cleanup scheduler","service":"preplyte-api","timestamp":"2026-02-20 17:07:44"}
{"level":"info","message":"Starting token cleanup job","service":"preplyte-api","timestamp":"2026-02-20 17:07:44"}
{"count":0,"level":"info","message":"Cleaned up expired tokens","service":"preplyte-api","timestamp":"2026-02-20 17:07:44"}
{"level":"info","message":"Token cleanup completed","service":"preplyte-api","timestamp":"2026-02-20 17:07:44","tokensRemoved":0}
{"baseURL":"https://judge0-ce.p.rapidapi.com","level":"info","message":"Judge0 client initialized","service":"preplyte-api","timestamp":"2026-02-20 17:12:24","useRapidAPI":true}
{"level":"info","message":"[TTS] Using Deepgram for text-to-speech","service":"preplyte-api","timestamp":"2026-02-20 17:12:24"}
{"keyLength":39,"keyPrefix":"AIzaSyC7yj...","level":"info","message":"Gemini API Key loaded:","service":"preplyte-api","timestamp":"2026-02-20 17:12:24"}
{"environment":"development","host":"0.0.0.0","level":"info","message":"Starting server...","port":4000,"service":"preplyte-api","timestamp":"2026-02-20 17:12:24"}
{"level":"info","message":"Checking database connection...","service":"preplyte-api","timestamp":"2026-02-20 17:12:24"}
{"level":"info","message":"✅ Database connected successfully","service":"preplyte-api","timestamp":"2026-02-20 17:12:24"}
{"level":"info","message":"[WS Gateway] WebSocket server initialized","path":"/ws/interview/:sessionId","service":"preplyte-api","timestamp":"2026-02-20 17:12:24"}
{"api":"http://localhost:4000/api","environment":"development","health":"http://localhost:4000/health","host":"0.0.0.0","level":"info","message":"🚀 Server running","port":4000,"service":"preplyte-api","timestamp":"2026-02-20 17:12:24","websocket":"ws://localhost:4000/ws/interview/:sessionId"}
{"intervalHours":24,"level":"info","message":"Starting token cleanup scheduler","service":"preplyte-api","timestamp":"2026-02-20 17:12:24"}
{"level":"info","message":"Starting token cleanup job","service":"preplyte-api","timestamp":"2026-02-20 17:12:24"}
{"count":0,"level":"info","message":"Cleaned up expired tokens","service":"preplyte-api","timestamp":"2026-02-20 17:12:24"}
{"level":"info","message":"Token cleanup completed","service":"preplyte-api","timestamp":"2026-02-20 17:12:24","tokensRemoved":0}
{"level":"info","message":"\u001b[0mGET /api/mock-drives/cmlurj0uo000up3qc75i2h3lo/eligibility \u001b[33m401\u001b[0m 5.248 ms - 108\u001b[0m","service":"preplyte-api","timestamp":"2026-02-20 17:12:35"}
{"level":"info","message":"\u001b[0mGET /api/mock-drives/cmlurj0uo000up3qc75i2h3lo \u001b[33m401\u001b[0m 1.525 ms - 108\u001b[0m","service":"preplyte-api","timestamp":"2026-02-20 17:12:35"}
{"level":"info","message":"Token refreshed successfully","service":"preplyte-api","timestamp":"2026-02-20 17:12:36","userId":"cmluqfswb0007p3qckrd6vla6"}
{"level":"info","message":"\u001b[0mPOST /api/auth/refresh \u001b[32m200\u001b[0m 70.506 ms - -\u001b[0m","service":"preplyte-api","timestamp":"2026-02-20 17:12:36"}
{"level":"info","message":"\u001b[0mGET /api/mock-drives/cmlurj0uo000up3qc75i2h3lo \u001b[32m200\u001b[0m 121.193 ms - -\u001b[0m","service":"preplyte-api","timestamp":"2026-02-20 17:12:36"}
{"level":"info","message":"\u001b[0mGET /api/mock-drives/cmlurj0uo000up3qc75i2h3lo/eligibility \u001b[36m304\u001b[0m 140.278 ms - -\u001b[0m","service":"preplyte-api","timestamp":"2026-02-20 17:12:36"}
{"baseURL":"https://judge0-ce.p.rapidapi.com","level":"info","message":"Judge0 client initialized","service":"preplyte-api","timestamp":"2026-02-20 17:12:50","useRapidAPI":true}
{"level":"info","message":"[TTS] Using Deepgram for text-to-speech","service":"preplyte-api","timestamp":"2026-02-20 17:12:50"}
{"keyLength":39,"keyPrefix":"AIzaSyC7yj...","level":"info","message":"Gemini API Key loaded:","service":"preplyte-api","timestamp":"2026-02-20 17:12:51"}
{"environment":"development","host":"0.0.0.0","level":"info","message":"Starting server...","port":4000,"service":"preplyte-api","timestamp":"2026-02-20 17:12:51"}
{"level":"info","message":"Checking database connection...","service":"preplyte-api","timestamp":"2026-02-20 17:12:51"}
{"level":"info","message":"✅ Database connected successfully","service":"preplyte-api","timestamp":"2026-02-20 17:12:51"}
{"level":"info","message":"[WS Gateway] WebSocket server initialized","path":"/ws/interview/:sessionId","service":"preplyte-api","timestamp":"2026-02-20 17:12:51"}
{"api":"http://localhost:4000/api","environment":"development","health":"http://localhost:4000/health","host":"0.0.0.0","level":"info","message":"🚀 Server running","port":4000,"service":"preplyte-api","timestamp":"2026-02-20 17:12:51","websocket":"ws://localhost:4000/ws/interview/:sessionId"}
{"intervalHours":24,"level":"info","message":"Starting token cleanup scheduler","service":"preplyte-api","timestamp":"2026-02-20 17:12:51"}
{"level":"info","message":"Starting token cleanup job","service":"preplyte-api","timestamp":"2026-02-20 17:12:51"}
{"count":0,"level":"info","message":"Cleaned up expired tokens","service":"preplyte-api","timestamp":"2026-02-20 17:12:51"}
{"level":"info","message":"Token cleanup completed","service":"preplyte-api","timestamp":"2026-02-20 17:12:51","tokensRemoved":0}
{"baseURL":"https://judge0-ce.p.rapidapi.com","level":"info","message":"Judge0 client initialized","service":"preplyte-api","timestamp":"2026-02-20 17:13:03","useRapidAPI":true}
{"level":"info","message":"[TTS] Using Deepgram for text-to-speech","service":"preplyte-api","timestamp":"2026-02-20 17:13:03"}
{"keyLength":39,"keyPrefix":"AIzaSyC7yj...","level":"info","message":"Gemini API Key loaded:","service":"preplyte-api","timestamp":"2026-02-20 17:13:04"}
{"environment":"development","host":"0.0.0.0","level":"info","message":"Starting server...","port":4000,"service":"preplyte-api","timestamp":"2026-02-20 17:13:04"}
{"level":"info","message":"Checking database connection...","service":"preplyte-api","timestamp":"2026-02-20 17:13:04"}
{"level":"info","message":"✅ Database connected successfully","service":"preplyte-api","timestamp":"2026-02-20 17:13:04"}
{"level":"info","message":"[WS Gateway] WebSocket server initialized","path":"/ws/interview/:sessionId","service":"preplyte-api","timestamp":"2026-02-20 17:13:04"}
{"api":"http://localhost:4000/api","environment":"development","health":"http://localhost:4000/health","host":"0.0.0.0","level":"info","message":"🚀 Server running","port":4000,"service":"preplyte-api","timestamp":"2026-02-20 17:13:04","websocket":"ws://localhost:4000/ws/interview/:sessionId"}
{"intervalHours":24,"level":"info","message":"Starting token cleanup scheduler","service":"preplyte-api","timestamp":"2026-02-20 17:13:04"}
{"level":"info","message":"Starting token cleanup job","service":"preplyte-api","timestamp":"2026-02-20 17:13:04"}
{"count":0,"level":"info","message":"Cleaned up expired tokens","service":"preplyte-api","timestamp":"2026-02-20 17:13:04"}
{"level":"info","message":"Token cleanup completed","service":"preplyte-api","timestamp":"2026-02-20 17:13:04","tokensRemoved":0}
{"level":"info","message":"\u001b[0mGET /api/mock-drives/cmlurj0uo000up3qc75i2h3lo \u001b[33m401\u001b[0m 11.746 ms - 108\u001b[0m","service":"preplyte-api","timestamp":"2026-02-20 17:14:54"}
{"level":"info","message":"\u001b[0mGET /api/mock-drives/cmlurj0uo000up3qc75i2h3lo/attempt \u001b[33m401\u001b[0m 1.227 ms - 108\u001b[0m","service":"preplyte-api","timestamp":"2026-02-20 17:14:54"}
{"level":"info","message":"Token refreshed successfully","service":"preplyte-api","timestamp":"2026-02-20 17:14:54","userId":"cmluqlns4000gp3qc2r9ju34o"}
{"level":"info","message":"\u001b[0mPOST /api/auth/refresh \u001b[32m200\u001b[0m 86.838 ms - -\u001b[0m","service":"preplyte-api","timestamp":"2026-02-20 17:14:54"}
{"level":"info","message":"\u001b[0mGET /api/mock-drives/cmlurj0uo000up3qc75i2h3lo/attempt \u001b[32m200\u001b[0m 37.892 ms - -\u001b[0m","service":"preplyte-api","timestamp":"2026-02-20 17:14:54"}
{"level":"info","message":"\u001b[0mGET /api/mock-drives/cmlurj0uo000up3qc75i2h3lo \u001b[36m304\u001b[0m 126.603 ms - -\u001b[0m","service":"preplyte-api","timestamp":"2026-02-20 17:14:54"}
{"level":"info","message":"[ResumeParser] Parsing resume by ID","resumeId":"cmlut26sc0006u09qpoqise54","service":"preplyte-api","timestamp":"2026-02-20 17:14:58","userId":"cmluqlns4000gp3qc2r9ju34o"}
{"level":"info","message":"[ResumeParser] Resume parsed successfully","resumeId":"cmlut26sc0006u09qpoqise54","service":"preplyte-api","timestamp":"2026-02-20 17:15:00"}
{"level":"info","message":"\u001b[0mPOST /api/mock-drives/cmlurj0uo000up3qc75i2h3lo/modules/cmlurj0yw0010p3qcg22q0y5i/interview/skip \u001b[32m200\u001b[0m 2979.858 ms - -\u001b[0m","service":"preplyte-api","timestamp":"2026-02-20 17:15:01"}
{"level":"info","message":"\u001b[0mGET /api/mock-drives/cmlurj0uo000up3qc75i2h3lo/attempt \u001b[32m200\u001b[0m 17.862 ms - -\u001b[0m","service":"preplyte-api","timestamp":"2026-02-20 17:15:01"}
{"level":"info","message":"\u001b[0mGET /api/mock-drives/cmlurj0uo000up3qc75i2h3lo \u001b[33m401\u001b[0m 1.192 ms - 108\u001b[0m","service":"preplyte-api","timestamp":"2026-02-20 17:15:31"}
{"level":"info","message":"\u001b[0mGET /api/mock-drives/cmlurj0uo000up3qc75i2h3lo/attempt \u001b[33m401\u001b[0m 1.248 ms - 108\u001b[0m","service":"preplyte-api","timestamp":"2026-02-20 17:15:31"}
{"level":"warn","message":"Refresh token reuse detected","revokedAt":"2026-02-20T11:44:54.398Z","service":"preplyte-api","timestamp":"2026-02-20 17:15:31","tokenId":"cmlut09dw0003u09qmwas90oh","userId":"cmluqlns4000gp3qc2r9ju34o"}
{"level":"info","message":"User logged out from all devices","service":"preplyte-api","timestamp":"2026-02-20 17:15:31","userId":"cmluqlns4000gp3qc2r9ju34o"}
{"code":"UNAUTHORIZED","ip":"127.0.0.1","level":"warn","message":"Operational error Token reuse detected. All sessions have been revoked for security.","method":"POST","path":"/api/auth/refresh","requestId":"mlutpopb-cf06f5797e618ef2","service":"preplyte-api","timestamp":"2026-02-20 17:15:31","userAgent":"Mozilla/5.0 (Windows NT 10.0; Win64; x64) AppleWebKit/537.36 (KHTML, like Gecko) Chrome/144.0.0.0 Safari/537.36 Edg/144.0.0.0"}
{"level":"info","message":"\u001b[0mPOST /api/auth/refresh \u001b[33m401\u001b[0m 27.475 ms - 168\u001b[0m","service":"preplyte-api","timestamp":"2026-02-20 17:15:31"}
{"level":"info","message":"User logged in","service":"preplyte-api","timestamp":"2026-02-20 17:15:51","userId":"cmluqlns4000gp3qc2r9ju34o"}
{"level":"info","message":"\u001b[0mPOST /api/auth/login \u001b[32m200\u001b[0m 352.564 ms - -\u001b[0m","service":"preplyte-api","timestamp":"2026-02-20 17:15:51"}
{"level":"info","message":"Auto-updated 1 drives to COMPLETED","service":"preplyte-api","timestamp":"2026-02-20 17:15:57"}
{"level":"info","message":"\u001b[0mGET /api/mock-drives?page=1&limit=10&status=PUBLISHED%2CREGISTRATION_OPEN%2CREGISTRATION_CLOSED%2CIN_PROGRESS \u001b[32m200\u001b[0m 84.198 ms - 822\u001b[0m","service":"preplyte-api","timestamp":"2026-02-20 17:15:57"}
{"level":"info","message":"\u001b[0mGET /api/mock-drives/cmlurj0uo000up3qc75i2h3lo \u001b[32m200\u001b[0m 61.556 ms - -\u001b[0m","service":"preplyte-api","timestamp":"2026-02-20 17:15:59"}
{"level":"info","message":"\u001b[0mGET /api/mock-drives/cmlurj0uo000up3qc75i2h3lo/eligibility \u001b[36m304\u001b[0m 72.144 ms - -\u001b[0m","service":"preplyte-api","timestamp":"2026-02-20 17:15:59"}
{"level":"info","message":"\u001b[0mGET /api/mock-drives/cmlurj0uo000up3qc75i2h3lo \u001b[36m304\u001b[0m 133.288 ms - -\u001b[0m","service":"preplyte-api","timestamp":"2026-02-20 17:16:05"}
{"level":"info","message":"\u001b[0mGET /api/mock-drives/cmlurj0uo000up3qc75i2h3lo/eligibility \u001b[36m304\u001b[0m 140.142 ms - -\u001b[0m","service":"preplyte-api","timestamp":"2026-02-20 17:16:05"}
{"code":"BAD_REQUEST","ip":"127.0.0.1","level":"warn","message":"Operational error Results are not available yet. Complete the mock drive first.","method":"GET","path":"/api/mock-drives/cmlurj0uo000up3qc75i2h3lo/report","requestId":"a198141b-7f54-49c3-bb48-57a5184f867b","service":"preplyte-api","timestamp":"2026-02-20 17:16:21","userAgent":"Mozilla/5.0 (Windows NT 10.0; Win64; x64) AppleWebKit/537.36 (KHTML, like Gecko) Chrome/144.0.0.0 Safari/537.36 Edg/144.0.0.0","userId":"cmluqlns4000gp3qc2r9ju34o"}
{"level":"info","message":"\u001b[0mGET /api/mock-drives/cmlurj0uo000up3qc75i2h3lo/report \u001b[33m400\u001b[0m 21.514 ms - 173\u001b[0m","service":"preplyte-api","timestamp":"2026-02-20 17:16:21"}
{"code":"BAD_REQUEST","ip":"127.0.0.1","level":"warn","message":"Operational error Results are not available yet. Complete the mock drive first.","method":"GET","path":"/api/mock-drives/cmlurj0uo000up3qc75i2h3lo/report","requestId":"43600ac8-7c46-40cd-b527-d5e55acbb83a","service":"preplyte-api","timestamp":"2026-02-20 17:16:22","userAgent":"Mozilla/5.0 (Windows NT 10.0; Win64; x64) AppleWebKit/537.36 (KHTML, like Gecko) Chrome/144.0.0.0 Safari/537.36 Edg/144.0.0.0","userId":"cmluqlns4000gp3qc2r9ju34o"}
{"level":"info","message":"\u001b[0mGET /api/mock-drives/cmlurj0uo000up3qc75i2h3lo/report \u001b[33m400\u001b[0m 22.336 ms - 173\u001b[0m","service":"preplyte-api","timestamp":"2026-02-20 17:16:22"}
{"level":"info","message":"\u001b[0mGET /api/mock-drives/cmlurj0uo000up3qc75i2h3lo/leaderboard?page=1&limit=20 \u001b[32m200\u001b[0m 46.477 ms - 250\u001b[0m","service":"preplyte-api","timestamp":"2026-02-20 17:16:35"}
{"code":"NOT_FOUND","ip":"127.0.0.1","level":"warn","message":"Operational error Leaderboard entry. You have not completed this mock drive yet not found","method":"GET","path":"/api/mock-drives/cmlurj0uo000up3qc75i2h3lo/leaderboard/my-rank","requestId":"48bcbfb8-697c-4807-ba89-70937e9cabd1","service":"preplyte-api","timestamp":"2026-02-20 17:16:35","userAgent":"Mozilla/5.0 (Windows NT 10.0; Win64; x64) AppleWebKit/537.36 (KHTML, like Gecko) Chrome/144.0.0.0 Safari/537.36 Edg/144.0.0.0","userId":"cmluqlns4000gp3qc2r9ju34o"}
{"level":"info","message":"\u001b[0mGET /api/mock-drives/cmlurj0uo000up3qc75i2h3lo/leaderboard/my-rank \u001b[33m404\u001b[0m 22.490 ms - 181\u001b[0m","service":"preplyte-api","timestamp":"2026-02-20 17:16:35"}
{"code":"NOT_FOUND","ip":"127.0.0.1","level":"warn","message":"Operational error Leaderboard entry. You have not completed this mock drive yet not found","method":"GET","path":"/api/mock-drives/cmlurj0uo000up3qc75i2h3lo/leaderboard/my-rank","requestId":"8b66d8db-080c-47e3-9f83-1c822f8d5b63","service":"preplyte-api","timestamp":"2026-02-20 17:16:36","userAgent":"Mozilla/5.0 (Windows NT 10.0; Win64; x64) AppleWebKit/537.36 (KHTML, like Gecko) Chrome/144.0.0.0 Safari/537.36 Edg/144.0.0.0","userId":"cmluqlns4000gp3qc2r9ju34o"}
{"level":"info","message":"\u001b[0mGET /api/mock-drives/cmlurj0uo000up3qc75i2h3lo/leaderboard/my-rank \u001b[33m404\u001b[0m 16.606 ms - 181\u001b[0m","service":"preplyte-api","timestamp":"2026-02-20 17:16:36"}
{"level":"info","message":"\u001b[0mGET /api/mock-drives/cmlurj0uo000up3qc75i2h3lo \u001b[33m401\u001b[0m 0.493 ms - 108\u001b[0m","service":"preplyte-api","timestamp":"2026-02-20 17:16:48"}
{"level":"info","message":"\u001b[0mGET /api/mock-drives/cmlurj0uo000up3qc75i2h3lo/eligibility \u001b[33m401\u001b[0m 1.239 ms - 108\u001b[0m","service":"preplyte-api","timestamp":"2026-02-20 17:16:48"}
{"level":"warn","message":"Refresh token reuse detected","revokedAt":"2026-02-20T11:42:36.021Z","service":"preplyte-api","timestamp":"2026-02-20 17:16:48","tokenId":"cmlurpnz3001ip3qc8zq11br2","userId":"cmluqfswb0007p3qckrd6vla6"}
{"level":"info","message":"User logged out from all devices","service":"preplyte-api","timestamp":"2026-02-20 17:16:48","userId":"cmluqfswb0007p3qckrd6vla6"}
{"code":"UNAUTHORIZED","ip":"127.0.0.1","level":"warn","message":"Operational error Token reuse detected. All sessions have been revoked for security.","method":"POST","path":"/api/auth/refresh","requestId":"mlutrbzc-59a3732abba8e23c","service":"preplyte-api","timestamp":"2026-02-20 17:16:48","userAgent":"Mozilla/5.0 (Windows NT 10.0; Win64; x64) AppleWebKit/537.36 (KHTML, like Gecko) Chrome/144.0.0.0 Safari/537.36"}
{"level":"info","message":"\u001b[0mPOST /api/auth/refresh \u001b[33m401\u001b[0m 20.121 ms - 168\u001b[0m","service":"preplyte-api","timestamp":"2026-02-20 17:16:48"}
{"level":"info","message":"User logged in","service":"preplyte-api","timestamp":"2026-02-20 17:16:59","userId":"cmluqfswb0007p3qckrd6vla6"}
{"level":"info","message":"\u001b[0mPOST /api/auth/login \u001b[32m200\u001b[0m 361.109 ms - -\u001b[0m","service":"preplyte-api","timestamp":"2026-02-20 17:16:59"}
{"level":"info","message":"\u001b[0mGET /api/dashboard/student \u001b[32m200\u001b[0m 150.134 ms - 520\u001b[0m","service":"preplyte-api","timestamp":"2026-02-20 17:17:07"}
{"level":"info","message":"\u001b[0mGET /api/mock-drives?page=1&limit=10&status=PUBLISHED%2CREGISTRATION_OPEN%2CREGISTRATION_CLOSED%2CIN_PROGRESS \u001b[32m200\u001b[0m 516.840 ms - 822\u001b[0m","service":"preplyte-api","timestamp":"2026-02-20 17:17:13"}
{"level":"info","message":"\u001b[0mGET /api/mock-drives/cmlurj0uo000up3qc75i2h3lo \u001b[32m200\u001b[0m 126.768 ms - -\u001b[0m","service":"preplyte-api","timestamp":"2026-02-20 17:17:16"}
{"level":"info","message":"\u001b[0mGET /api/mock-drives/cmlurj0uo000up3qc75i2h3lo/eligibility \u001b[36m304\u001b[0m 132.397 ms - -\u001b[0m","service":"preplyte-api","timestamp":"2026-02-20 17:17:16"}
