{"level":"warn","message":"Google OAuth not configured - missing GOOGLE_CLIENT_ID or GOOGLE_CLIENT_SECRET","service":"preplyte-api","timestamp":"2026-02-23 18:49:30"}
{"baseURL":"https://judge0-ce.p.rapidapi.com","level":"info","message":"Judge0 client initialized","service":"preplyte-api","timestamp":"2026-02-23 18:49:30","useRapidAPI":true}
{"level":"info","message":"[TTS] Using Deepgram for text-to-speech","service":"preplyte-api","timestamp":"2026-02-23 18:49:31"}
{"keyLength":39,"keyPrefix":"AIzaSyBvwy...","level":"info","message":"Gemini API Key loaded:","service":"preplyte-api","timestamp":"2026-02-23 18:49:38"}
{"environment":"development","host":"0.0.0.0","level":"info","message":"Starting server...","port":4000,"service":"preplyte-api","timestamp":"2026-02-23 18:49:38"}
{"level":"info","message":"Checking database connection...","service":"preplyte-api","timestamp":"2026-02-23 18:49:38"}
{"level":"debug","message":"Query: SELECT 1","service":"preplyte-api","timestamp":"2026-02-23 18:49:38"}
{"level":"debug","message":"Params: []","service":"preplyte-api","timestamp":"2026-02-23 18:49:38"}
{"level":"debug","message":"Duration: 2ms","service":"preplyte-api","timestamp":"2026-02-23 18:49:38"}
{"level":"info","message":"✅ Database connected successfully","service":"preplyte-api","timestamp":"2026-02-23 18:49:38"}
{"level":"info","message":"[WS Gateway] WebSocket server initialized","path":"/ws/interview/:sessionId","service":"preplyte-api","timestamp":"2026-02-23 18:49:38"}
{"api":"http://localhost:4000/api","environment":"development","health":"http://localhost:4000/health","host":"0.0.0.0","level":"info","message":"🚀 Server running","port":4000,"service":"preplyte-api","timestamp":"2026-02-23 18:49:38","websocket":"ws://localhost:4000/ws/interview/:sessionId"}
{"intervalHours":24,"level":"info","message":"Starting token cleanup scheduler","service":"preplyte-api","timestamp":"2026-02-23 18:49:38"}
{"level":"info","message":"Starting token cleanup job","service":"preplyte-api","timestamp":"2026-02-23 18:49:38"}
{"level":"debug","message":"Query: DELETE FROM \"public\".\"refresh_tokens\" WHERE (\"public\".\"refresh_tokens\".\"expiresAt\" < $1 OR \"public\".\"refresh_tokens\".\"revokedAt\" < $2)","service":"preplyte-api","timestamp":"2026-02-23 18:49:38"}
{"level":"debug","message":"Params: [\"2026-02-23 13:19:38.443 UTC\",\"2026-02-16 13:19:38.443 UTC\"]","service":"preplyte-api","timestamp":"2026-02-23 18:49:38"}
{"level":"debug","message":"Duration: 7ms","service":"preplyte-api","timestamp":"2026-02-23 18:49:38"}
{"count":0,"level":"info","message":"Cleaned up expired tokens","service":"preplyte-api","timestamp":"2026-02-23 18:49:38"}
{"level":"info","message":"Token cleanup completed","service":"preplyte-api","timestamp":"2026-02-23 18:49:38","tokensRemoved":0}
{"level":"warn","message":"Google OAuth not configured - missing GOOGLE_CLIENT_ID or GOOGLE_CLIENT_SECRET","service":"preplyte-api","timestamp":"2026-02-23 19:08:02"}
{"level":"info","message":"Email service initialized successfully","service":"preplyte-api","timestamp":"2026-02-23 19:08:05"}
{"baseURL":"https://judge0-ce.p.rapidapi.com","level":"info","message":"Judge0 client initialized","service":"preplyte-api","timestamp":"2026-02-23 19:08:05","useRapidAPI":true}
{"level":"info","message":"[TTS] Using Deepgram for text-to-speech","service":"preplyte-api","timestamp":"2026-02-23 19:08:07"}
{"keyLength":39,"keyPrefix":"AIzaSyBvwy...","level":"info","message":"Gemini API Key loaded:","service":"preplyte-api","timestamp":"2026-02-23 19:08:20"}
{"environment":"development","host":"0.0.0.0","level":"info","message":"Starting server...","port":4000,"service":"preplyte-api","timestamp":"2026-02-23 19:08:20"}
{"level":"info","message":"Checking database connection...","service":"preplyte-api","timestamp":"2026-02-23 19:08:20"}
{"level":"debug","message":"Query: SELECT 1","service":"preplyte-api","timestamp":"2026-02-23 19:08:26"}
{"level":"debug","message":"Params: []","service":"preplyte-api","timestamp":"2026-02-23 19:08:26"}
{"level":"debug","message":"Duration: 32ms","service":"preplyte-api","timestamp":"2026-02-23 19:08:26"}
{"level":"info","message":"✅ Database connected successfully","service":"preplyte-api","timestamp":"2026-02-23 19:08:27"}
{"level":"info","message":"[WS Gateway] WebSocket server initialized","path":"/ws/interview/:sessionId","service":"preplyte-api","timestamp":"2026-02-23 19:08:27"}
{"api":"http://localhost:4000/api","environment":"development","health":"http://localhost:4000/health","host":"0.0.0.0","level":"info","message":"🚀 Server running","port":4000,"service":"preplyte-api","timestamp":"2026-02-23 19:08:27","websocket":"ws://localhost:4000/ws/interview/:sessionId"}
{"intervalHours":24,"level":"info","message":"Starting token cleanup scheduler","service":"preplyte-api","timestamp":"2026-02-23 19:08:27"}
{"level":"info","message":"Starting token cleanup job","service":"preplyte-api","timestamp":"2026-02-23 19:08:27"}
{"level":"debug","message":"Query: DELETE FROM \"public\".\"refresh_tokens\" WHERE (\"public\".\"refresh_tokens\".\"expiresAt\" < $1 OR \"public\".\"refresh_tokens\".\"revokedAt\" < $2)","service":"preplyte-api","timestamp":"2026-02-23 19:08:28"}
{"level":"debug","message":"Params: [\"2026-02-23 13:38:27.950 UTC\",\"2026-02-16 13:38:27.950 UTC\"]","service":"preplyte-api","timestamp":"2026-02-23 19:08:28"}
{"level":"debug","message":"Duration: 40ms","service":"preplyte-api","timestamp":"2026-02-23 19:08:28"}
{"count":0,"level":"info","message":"Cleaned up expired tokens","service":"preplyte-api","timestamp":"2026-02-23 19:08:28"}
{"level":"info","message":"Token cleanup completed","service":"preplyte-api","timestamp":"2026-02-23 19:08:28","tokensRemoved":0}
{"level":"debug","message":"Query: SELECT 1","service":"preplyte-api","timestamp":"2026-02-23 19:09:46"}
{"level":"debug","message":"Params: []","service":"preplyte-api","timestamp":"2026-02-23 19:09:46"}
{"level":"debug","message":"Duration: 82ms","service":"preplyte-api","timestamp":"2026-02-23 19:09:46"}
{"level":"debug","message":"Query: SELECT \"public\".\"users\".\"id\", \"public\".\"users\".\"emailVerified\" FROM \"public\".\"users\" WHERE (\"public\".\"users\".\"email\" = $1 AND 1=1) LIMIT $2 OFFSET $3","service":"preplyte-api","timestamp":"2026-02-23 19:09:46"}
{"level":"debug","message":"Params: [\"swaranjithgudelli@gmail.com\",1,0]","service":"preplyte-api","timestamp":"2026-02-23 19:09:46"}
{"level":"debug","message":"Duration: 83ms","service":"preplyte-api","timestamp":"2026-02-23 19:09:46"}
{"level":"debug","message":"Query: \n        INSERT INTO temp_otp (email, otp, expires_at)\n        VALUES ($1, $2, $3)\n        ON CONFLICT (email) \n        DO UPDATE SET otp = $4, expires_at = $5\n      ","service":"preplyte-api","timestamp":"2026-02-23 19:09:46"}
{"level":"debug","message":"Params: [\"swaranjithgudelli@gmail.com\",\"534950\",\"2026-02-23 13:49:46.863 UTC\",\"534950\",\"2026-02-23 13:49:46.863 UTC\"]","service":"preplyte-api","timestamp":"2026-02-23 19:09:46"}
{"level":"debug","message":"Duration: 37ms","service":"preplyte-api","timestamp":"2026-02-23 19:09:46"}
{"code":"P2010","ip":"127.0.0.1","level":"warn","message":"Prisma error","method":"POST","path":"/api/auth/send-otp","requestId":"dcbada59-61ff-476b-bf83-eb19d744b479","service":"preplyte-api","timestamp":"2026-02-23 19:09:47","userAgent":"Mozilla/5.0 (Windows NT 10.0; Win64; x64) AppleWebKit/537.36 (KHTML, like Gecko) Chrome/145.0.0.0 Safari/537.36"}
{"code":"P2010","level":"error","message":"Unhandled Prisma error","meta":{"code":"42P01","message":"relation \"temp_otp\" does not exist"},"service":"preplyte-api","timestamp":"2026-02-23 19:09:47"}
{"level":"info","message":"\u001b[0mPOST /api/auth/send-otp \u001b[31m500\u001b[0m 2173.303 ms - 245\u001b[0m","service":"preplyte-api","timestamp":"2026-02-23 19:09:47"}
{"level":"debug","message":"Query: SELECT \"public\".\"users\".\"id\", \"public\".\"users\".\"emailVerified\" FROM \"public\".\"users\" WHERE (\"public\".\"users\".\"email\" = $1 AND 1=1) LIMIT $2 OFFSET $3","service":"preplyte-api","timestamp":"2026-02-23 19:09:48"}
{"level":"debug","message":"Params: [\"swaranjithgudelli@gmail.com\",1,0]","service":"preplyte-api","timestamp":"2026-02-23 19:09:48"}
{"level":"debug","message":"Duration: 1ms","service":"preplyte-api","timestamp":"2026-02-23 19:09:48"}
{"level":"debug","message":"Query: \n        INSERT INTO temp_otp (email, otp, expires_at)\n        VALUES ($1, $2, $3)\n        ON CONFLICT (email) \n        DO UPDATE SET otp = $4, expires_at = $5\n      ","service":"preplyte-api","timestamp":"2026-02-23 19:09:48"}
{"level":"debug","message":"Params: [\"swaranjithgudelli@gmail.com\",\"142031\",\"2026-02-23 13:49:48.105 UTC\",\"142031\",\"2026-02-23 13:49:48.105 UTC\"]","service":"preplyte-api","timestamp":"2026-02-23 19:09:48"}
{"level":"debug","message":"Duration: 0ms","service":"preplyte-api","timestamp":"2026-02-23 19:09:48"}
{"code":"P2010","ip":"127.0.0.1","level":"warn","message":"Prisma error","method":"POST","path":"/api/auth/send-otp","requestId":"e9a7b660-998f-4889-a947-6c4220e07d12","service":"preplyte-api","timestamp":"2026-02-23 19:09:48","userAgent":"Mozilla/5.0 (Windows NT 10.0; Win64; x64) AppleWebKit/537.36 (KHTML, like Gecko) Chrome/145.0.0.0 Safari/537.36"}
{"code":"P2010","level":"error","message":"Unhandled Prisma error","meta":{"code":"42P01","message":"relation \"temp_otp\" does not exist"},"service":"preplyte-api","timestamp":"2026-02-23 19:09:48"}
{"level":"info","message":"\u001b[0mPOST /api/auth/send-otp \u001b[31m500\u001b[0m 29.467 ms - 245\u001b[0m","service":"preplyte-api","timestamp":"2026-02-23 19:09:48"}
{"level":"debug","message":"Query: SELECT \"public\".\"users\".\"id\", \"public\".\"users\".\"emailVerified\" FROM \"public\".\"users\" WHERE (\"public\".\"users\".\"email\" = $1 AND 1=1) LIMIT $2 OFFSET $3","service":"preplyte-api","timestamp":"2026-02-23 19:09:50"}
{"level":"debug","message":"Params: [\"swaranjithgudelli@gmail.com\",1,0]","service":"preplyte-api","timestamp":"2026-02-23 19:09:50"}
{"level":"debug","message":"Duration: 0ms","service":"preplyte-api","timestamp":"2026-02-23 19:09:50"}
{"level":"debug","message":"Query: \n        INSERT INTO temp_otp (email, otp, expires_at)\n        VALUES ($1, $2, $3)\n        ON CONFLICT (email) \n        DO UPDATE SET otp = $4, expires_at = $5\n      ","service":"preplyte-api","timestamp":"2026-02-23 19:09:50"}
{"level":"debug","message":"Params: [\"swaranjithgudelli@gmail.com\",\"341662\",\"2026-02-23 13:49:50.153 UTC\",\"341662\",\"2026-02-23 13:49:50.153 UTC\"]","service":"preplyte-api","timestamp":"2026-02-23 19:09:50"}
{"level":"debug","message":"Duration: 0ms","service":"preplyte-api","timestamp":"2026-02-23 19:09:50"}
{"code":"P2010","ip":"127.0.0.1","level":"warn","message":"Prisma error","method":"POST","path":"/api/auth/send-otp","requestId":"cfc940eb-2343-485f-8150-4f9e6d0944fc","service":"preplyte-api","timestamp":"2026-02-23 19:09:50","userAgent":"Mozilla/5.0 (Windows NT 10.0; Win64; x64) AppleWebKit/537.36 (KHTML, like Gecko) Chrome/145.0.0.0 Safari/537.36"}
{"code":"P2010","level":"error","message":"Unhandled Prisma error","meta":{"code":"42P01","message":"relation \"temp_otp\" does not exist"},"service":"preplyte-api","timestamp":"2026-02-23 19:09:50"}
{"level":"info","message":"\u001b[0mPOST /api/auth/send-otp \u001b[31m500\u001b[0m 26.122 ms - 245\u001b[0m","service":"preplyte-api","timestamp":"2026-02-23 19:09:50"}
{"level":"debug","message":"Query: SELECT \"public\".\"users\".\"id\", \"public\".\"users\".\"emailVerified\" FROM \"public\".\"users\" WHERE (\"public\".\"users\".\"email\" = $1 AND 1=1) LIMIT $2 OFFSET $3","service":"preplyte-api","timestamp":"2026-02-23 19:09:54"}
{"level":"debug","message":"Params: [\"swaranjithgudelli@gmail.com\",1,0]","service":"preplyte-api","timestamp":"2026-02-23 19:09:54"}
{"level":"debug","message":"Duration: 0ms","service":"preplyte-api","timestamp":"2026-02-23 19:09:54"}
{"level":"debug","message":"Query: \n        INSERT INTO temp_otp (email, otp, expires_at)\n        VALUES ($1, $2, $3)\n        ON CONFLICT (email) \n        DO UPDATE SET otp = $4, expires_at = $5\n      ","service":"preplyte-api","timestamp":"2026-02-23 19:09:54"}
{"level":"debug","message":"Params: [\"swaranjithgudelli@gmail.com\",\"386143\",\"2026-02-23 13:49:54.197 UTC\",\"386143\",\"2026-02-23 13:49:54.197 UTC\"]","service":"preplyte-api","timestamp":"2026-02-23 19:09:54"}
{"level":"debug","message":"Duration: 0ms","service":"preplyte-api","timestamp":"2026-02-23 19:09:54"}
{"code":"P2010","ip":"127.0.0.1","level":"warn","message":"Prisma error","method":"POST","path":"/api/auth/send-otp","requestId":"8d3a5b26-c83f-4e65-a643-61fdbeee0799","service":"preplyte-api","timestamp":"2026-02-23 19:09:54","userAgent":"Mozilla/5.0 (Windows NT 10.0; Win64; x64) AppleWebKit/537.36 (KHTML, like Gecko) Chrome/145.0.0.0 Safari/537.36"}
{"code":"P2010","level":"error","message":"Unhandled Prisma error","meta":{"code":"42P01","message":"relation \"temp_otp\" does not exist"},"service":"preplyte-api","timestamp":"2026-02-23 19:09:54"}
{"level":"info","message":"\u001b[0mPOST /api/auth/send-otp \u001b[31m500\u001b[0m 22.555 ms - 245\u001b[0m","service":"preplyte-api","timestamp":"2026-02-23 19:09:54"}
{"level":"warn","message":"Google OAuth not configured - missing GOOGLE_CLIENT_ID or GOOGLE_CLIENT_SECRET","service":"preplyte-api","timestamp":"2026-02-23 19:11:18"}
{"level":"info","message":"Email service initialized successfully","service":"preplyte-api","timestamp":"2026-02-23 19:11:18"}
{"baseURL":"https://judge0-ce.p.rapidapi.com","level":"info","message":"Judge0 client initialized","service":"preplyte-api","timestamp":"2026-02-23 19:11:18","useRapidAPI":true}
{"level":"info","message":"[TTS] Using Deepgram for text-to-speech","service":"preplyte-api","timestamp":"2026-02-23 19:11:18"}
{"keyLength":39,"keyPrefix":"AIzaSyBvwy...","level":"info","message":"Gemini API Key loaded:","service":"preplyte-api","timestamp":"2026-02-23 19:11:28"}
{"environment":"development","host":"0.0.0.0","level":"info","message":"Starting server...","port":4000,"service":"preplyte-api","timestamp":"2026-02-23 19:11:28"}
{"level":"info","message":"Checking database connection...","service":"preplyte-api","timestamp":"2026-02-23 19:11:28"}
{"level":"debug","message":"Query: SELECT 1","service":"preplyte-api","timestamp":"2026-02-23 19:11:30"}
{"level":"debug","message":"Params: []","service":"preplyte-api","timestamp":"2026-02-23 19:11:30"}
{"level":"debug","message":"Duration: 41ms","service":"preplyte-api","timestamp":"2026-02-23 19:11:30"}
{"level":"info","message":"✅ Database connected successfully","service":"preplyte-api","timestamp":"2026-02-23 19:11:30"}
{"level":"info","message":"[WS Gateway] WebSocket server initialized","path":"/ws/interview/:sessionId","service":"preplyte-api","timestamp":"2026-02-23 19:11:30"}
{"api":"http://localhost:4000/api","environment":"development","health":"http://localhost:4000/health","host":"0.0.0.0","level":"info","message":"🚀 Server running","port":4000,"service":"preplyte-api","timestamp":"2026-02-23 19:11:30","websocket":"ws://localhost:4000/ws/interview/:sessionId"}
{"intervalHours":24,"level":"info","message":"Starting token cleanup scheduler","service":"preplyte-api","timestamp":"2026-02-23 19:11:30"}
{"level":"info","message":"Starting token cleanup job","service":"preplyte-api","timestamp":"2026-02-23 19:11:30"}
{"level":"debug","message":"Query: DELETE FROM \"public\".\"refresh_tokens\" WHERE (\"public\".\"refresh_tokens\".\"expiresAt\" < $1 OR \"public\".\"refresh_tokens\".\"revokedAt\" < $2)","service":"preplyte-api","timestamp":"2026-02-23 19:11:30"}
{"level":"debug","message":"Params: [\"2026-02-23 13:41:30.235 UTC\",\"2026-02-16 13:41:30.235 UTC\"]","service":"preplyte-api","timestamp":"2026-02-23 19:11:30"}
{"level":"debug","message":"Duration: 37ms","service":"preplyte-api","timestamp":"2026-02-23 19:11:30"}
{"count":0,"level":"info","message":"Cleaned up expired tokens","service":"preplyte-api","timestamp":"2026-02-23 19:11:30"}
{"level":"info","message":"Token cleanup completed","service":"preplyte-api","timestamp":"2026-02-23 19:11:30","tokensRemoved":0}
{"level":"warn","message":"Google OAuth not configured - missing GOOGLE_CLIENT_ID or GOOGLE_CLIENT_SECRET","service":"preplyte-api","timestamp":"2026-02-23 19:11:44"}
{"level":"info","message":"Email service initialized successfully","service":"preplyte-api","timestamp":"2026-02-23 19:11:44"}
{"baseURL":"https://judge0-ce.p.rapidapi.com","level":"info","message":"Judge0 client initialized","service":"preplyte-api","timestamp":"2026-02-23 19:11:44","useRapidAPI":true}
{"level":"info","message":"[TTS] Using Deepgram for text-to-speech","service":"preplyte-api","timestamp":"2026-02-23 19:11:44"}
{"keyLength":39,"keyPrefix":"AIzaSyBvwy...","level":"info","message":"Gemini API Key loaded:","service":"preplyte-api","timestamp":"2026-02-23 19:11:45"}
{"environment":"development","host":"0.0.0.0","level":"info","message":"Starting server...","port":4000,"service":"preplyte-api","timestamp":"2026-02-23 19:11:45"}
{"level":"info","message":"Checking database connection...","service":"preplyte-api","timestamp":"2026-02-23 19:11:45"}
{"level":"debug","message":"Query: SELECT 1","service":"preplyte-api","timestamp":"2026-02-23 19:11:45"}
{"level":"debug","message":"Params: []","service":"preplyte-api","timestamp":"2026-02-23 19:11:45"}
{"level":"debug","message":"Duration: 0ms","service":"preplyte-api","timestamp":"2026-02-23 19:11:45"}
{"level":"info","message":"✅ Database connected successfully","service":"preplyte-api","timestamp":"2026-02-23 19:11:45"}
{"level":"info","message":"[WS Gateway] WebSocket server initialized","path":"/ws/interview/:sessionId","service":"preplyte-api","timestamp":"2026-02-23 19:11:45"}
{"api":"http://localhost:4000/api","environment":"development","health":"http://localhost:4000/health","host":"0.0.0.0","level":"info","message":"🚀 Server running","port":4000,"service":"preplyte-api","timestamp":"2026-02-23 19:11:45","websocket":"ws://localhost:4000/ws/interview/:sessionId"}
{"intervalHours":24,"level":"info","message":"Starting token cleanup scheduler","service":"preplyte-api","timestamp":"2026-02-23 19:11:45"}
{"level":"info","message":"Starting token cleanup job","service":"preplyte-api","timestamp":"2026-02-23 19:11:45"}
{"level":"debug","message":"Query: DELETE FROM \"public\".\"refresh_tokens\" WHERE (\"public\".\"refresh_tokens\".\"expiresAt\" < $1 OR \"public\".\"refresh_tokens\".\"revokedAt\" < $2)","service":"preplyte-api","timestamp":"2026-02-23 19:11:45"}
{"level":"debug","message":"Params: [\"2026-02-23 13:41:45.557 UTC\",\"2026-02-16 13:41:45.557 UTC\"]","service":"preplyte-api","timestamp":"2026-02-23 19:11:45"}
{"level":"debug","message":"Duration: 6ms","service":"preplyte-api","timestamp":"2026-02-23 19:11:45"}
{"count":0,"level":"info","message":"Cleaned up expired tokens","service":"preplyte-api","timestamp":"2026-02-23 19:11:45"}
{"level":"info","message":"Token cleanup completed","service":"preplyte-api","timestamp":"2026-02-23 19:11:45","tokensRemoved":0}
{"level":"warn","message":"Google OAuth not configured - missing GOOGLE_CLIENT_ID or GOOGLE_CLIENT_SECRET","service":"preplyte-api","timestamp":"2026-02-23 19:12:10"}
{"level":"info","message":"Email service initialized successfully","service":"preplyte-api","timestamp":"2026-02-23 19:12:10"}
{"baseURL":"https://judge0-ce.p.rapidapi.com","level":"info","message":"Judge0 client initialized","service":"preplyte-api","timestamp":"2026-02-23 19:12:10","useRapidAPI":true}
{"level":"info","message":"[TTS] Using Deepgram for text-to-speech","service":"preplyte-api","timestamp":"2026-02-23 19:12:10"}
{"keyLength":39,"keyPrefix":"AIzaSyBvwy...","level":"info","message":"Gemini API Key loaded:","service":"preplyte-api","timestamp":"2026-02-23 19:12:11"}
{"environment":"development","host":"0.0.0.0","level":"info","message":"Starting server...","port":4000,"service":"preplyte-api","timestamp":"2026-02-23 19:12:11"}
{"level":"info","message":"Checking database connection...","service":"preplyte-api","timestamp":"2026-02-23 19:12:11"}
{"level":"debug","message":"Query: SELECT 1","service":"preplyte-api","timestamp":"2026-02-23 19:12:11"}
{"level":"debug","message":"Params: []","service":"preplyte-api","timestamp":"2026-02-23 19:12:11"}
{"level":"debug","message":"Duration: 1ms","service":"preplyte-api","timestamp":"2026-02-23 19:12:11"}
{"level":"info","message":"✅ Database connected successfully","service":"preplyte-api","timestamp":"2026-02-23 19:12:11"}
{"level":"info","message":"[WS Gateway] WebSocket server initialized","path":"/ws/interview/:sessionId","service":"preplyte-api","timestamp":"2026-02-23 19:12:11"}
{"api":"http://localhost:4000/api","environment":"development","health":"http://localhost:4000/health","host":"0.0.0.0","level":"info","message":"🚀 Server running","port":4000,"service":"preplyte-api","timestamp":"2026-02-23 19:12:11","websocket":"ws://localhost:4000/ws/interview/:sessionId"}
{"intervalHours":24,"level":"info","message":"Starting token cleanup scheduler","service":"preplyte-api","timestamp":"2026-02-23 19:12:11"}
{"level":"info","message":"Starting token cleanup job","service":"preplyte-api","timestamp":"2026-02-23 19:12:11"}
{"level":"debug","message":"Query: DELETE FROM \"public\".\"refresh_tokens\" WHERE (\"public\".\"refresh_tokens\".\"expiresAt\" < $1 OR \"public\".\"refresh_tokens\".\"revokedAt\" < $2)","service":"preplyte-api","timestamp":"2026-02-23 19:12:11"}
{"level":"debug","message":"Params: [\"2026-02-23 13:42:11.742 UTC\",\"2026-02-16 13:42:11.742 UTC\"]","service":"preplyte-api","timestamp":"2026-02-23 19:12:11"}
{"level":"debug","message":"Duration: 3ms","service":"preplyte-api","timestamp":"2026-02-23 19:12:11"}
{"count":0,"level":"info","message":"Cleaned up expired tokens","service":"preplyte-api","timestamp":"2026-02-23 19:12:11"}
{"level":"info","message":"Token cleanup completed","service":"preplyte-api","timestamp":"2026-02-23 19:12:11","tokensRemoved":0}
{"level":"info","message":"Received SIGINT. Closing database connection...","service":"preplyte-api","timestamp":"2026-02-23 19:12:33"}
{"level":"info","message":"SIGINT received. Starting graceful shutdown...","service":"preplyte-api","timestamp":"2026-02-23 19:12:33"}
{"level":"info","message":"Token cleanup scheduler stopped","service":"preplyte-api","timestamp":"2026-02-23 19:12:33"}
{"level":"info","message":"[WS Gateway] WebSocket server shut down","service":"preplyte-api","timestamp":"2026-02-23 19:12:33"}
{"level":"info","message":"HTTP server closed","service":"preplyte-api","timestamp":"2026-02-23 19:12:33"}
{"level":"info","message":"Database connection closed","service":"preplyte-api","timestamp":"2026-02-23 19:12:33"}
{"level":"warn","message":"Google OAuth not configured - missing GOOGLE_CLIENT_ID or GOOGLE_CLIENT_SECRET","service":"preplyte-api","timestamp":"2026-02-23 19:13:22"}
{"level":"info","message":"Email service initialized successfully","service":"preplyte-api","timestamp":"2026-02-23 19:13:22"}
{"baseURL":"https://judge0-ce.p.rapidapi.com","level":"info","message":"Judge0 client initialized","service":"preplyte-api","timestamp":"2026-02-23 19:13:22","useRapidAPI":true}
{"level":"info","message":"[TTS] Using Deepgram for text-to-speech","service":"preplyte-api","timestamp":"2026-02-23 19:13:22"}
{"keyLength":39,"keyPrefix":"AIzaSyBvwy...","level":"info","message":"Gemini API Key loaded:","service":"preplyte-api","timestamp":"2026-02-23 19:13:27"}
{"environment":"development","host":"0.0.0.0","level":"info","message":"Starting server...","port":4000,"service":"preplyte-api","timestamp":"2026-02-23 19:13:27"}
{"level":"info","message":"Checking database connection...","service":"preplyte-api","timestamp":"2026-02-23 19:13:27"}
{"level":"debug","message":"Query: SELECT 1","service":"preplyte-api","timestamp":"2026-02-23 19:13:30"}
{"level":"debug","message":"Params: []","service":"preplyte-api","timestamp":"2026-02-23 19:13:30"}
{"level":"debug","message":"Duration: 10ms","service":"preplyte-api","timestamp":"2026-02-23 19:13:30"}
{"level":"info","message":"✅ Database connected successfully","service":"preplyte-api","timestamp":"2026-02-23 19:13:30"}
{"level":"info","message":"[WS Gateway] WebSocket server initialized","path":"/ws/interview/:sessionId","service":"preplyte-api","timestamp":"2026-02-23 19:13:30"}
{"api":"http://localhost:4000/api","environment":"development","health":"http://localhost:4000/health","host":"0.0.0.0","level":"info","message":"🚀 Server running","port":4000,"service":"preplyte-api","timestamp":"2026-02-23 19:13:30","websocket":"ws://localhost:4000/ws/interview/:sessionId"}
{"intervalHours":24,"level":"info","message":"Starting token cleanup scheduler","service":"preplyte-api","timestamp":"2026-02-23 19:13:30"}
{"level":"info","message":"Starting token cleanup job","service":"preplyte-api","timestamp":"2026-02-23 19:13:30"}
{"level":"debug","message":"Query: DELETE FROM \"public\".\"refresh_tokens\" WHERE (\"public\".\"refresh_tokens\".\"expiresAt\" < $1 OR \"public\".\"refresh_tokens\".\"revokedAt\" < $2)","service":"preplyte-api","timestamp":"2026-02-23 19:13:30"}
{"level":"debug","message":"Params: [\"2026-02-23 13:43:30.275 UTC\",\"2026-02-16 13:43:30.275 UTC\"]","service":"preplyte-api","timestamp":"2026-02-23 19:13:30"}
{"level":"debug","message":"Duration: 13ms","service":"preplyte-api","timestamp":"2026-02-23 19:13:30"}
{"count":0,"level":"info","message":"Cleaned up expired tokens","service":"preplyte-api","timestamp":"2026-02-23 19:13:30"}
{"level":"info","message":"Token cleanup completed","service":"preplyte-api","timestamp":"2026-02-23 19:13:30","tokensRemoved":0}
{"level":"debug","message":"Query: SELECT 1","service":"preplyte-api","timestamp":"2026-02-23 19:13:56"}
{"level":"debug","message":"Params: []","service":"preplyte-api","timestamp":"2026-02-23 19:13:56"}
{"level":"debug","message":"Duration: 6ms","service":"preplyte-api","timestamp":"2026-02-23 19:13:56"}
{"level":"debug","message":"Query: SELECT \"public\".\"users\".\"id\", \"public\".\"users\".\"emailVerified\", \"public\".\"users\".\"isActive\", \"public\".\"users\".\"password\" FROM \"public\".\"users\" WHERE (\"public\".\"users\".\"email\" = $1 AND 1=1) LIMIT $2 OFFSET $3","service":"preplyte-api","timestamp":"2026-02-23 19:13:56"}
{"level":"debug","message":"Params: [\"swaranjithgudelli@gmail.com\",1,0]","service":"preplyte-api","timestamp":"2026-02-23 19:13:56"}
{"level":"debug","message":"Duration: 43ms","service":"preplyte-api","timestamp":"2026-02-23 19:13:56"}
{"level":"debug","message":"Query: INSERT INTO \"public\".\"users\" (\"id\",\"email\",\"password\",\"role\",\"isActive\",\"provider\",\"emailVerified\",\"emailVerificationOtp\",\"emailVerificationOtpExpiry\",\"createdAt\",\"updatedAt\",\"tokenVersion\") VALUES ($1,$2,$3,CAST($4::text AS \"public\".\"UserRole\"),$5,$6,$7,$8,$9,$10,$11,$12) RETURNING \"public\".\"users\".\"id\", \"public\".\"users\".\"email\", \"public\".\"users\".\"password\", \"public\".\"users\".\"name\", \"public\".\"users\".\"role\"::text, \"public\".\"users\".\"isActive\", \"public\".\"users\".\"instituteId\", \"public\".\"users\".\"profilePictureUrl\", \"public\".\"users\".\"googleId\", \"public\".\"users\".\"provider\", \"public\".\"users\".\"avatar\", \"public\".\"users\".\"emailVerified\", \"public\".\"users\".\"emailVerificationOtp\", \"public\".\"users\".\"emailVerificationOtpExpiry\", \"public\".\"users\".\"createdAt\", \"public\".\"users\".\"updatedAt\", \"public\".\"users\".\"lastLoginAt\", \"public\".\"users\".\"tokenVersion\"","service":"preplyte-api","timestamp":"2026-02-23 19:13:57"}
{"level":"debug","message":"Params: [\"cmlz89j4n0000tl41io1xtjv5\",\"swaranjithgudelli@gmail.com\",null,\"USER\",false,\"local\",false,\"406700\",\"2026-02-23 13:53:56.926 UTC\",\"2026-02-23 13:43:56.929 UTC\",\"2026-02-23 13:43:56.929 UTC\",0]","service":"preplyte-api","timestamp":"2026-02-23 19:13:57"}
{"level":"debug","message":"Duration: 98ms","service":"preplyte-api","timestamp":"2026-02-23 19:13:57"}
{"email":"swaranjithgudelli@gmail.com","level":"info","message":"OTP email sent successfully","service":"preplyte-api","timestamp":"2026-02-23 19:14:03"}
{"email":"swaranjithgudelli@gmail.com","level":"info","message":"OTP sent successfully","service":"preplyte-api","timestamp":"2026-02-23 19:14:03"}
{"level":"info","message":"\u001b[0mPOST /api/auth/send-otp \u001b[32m200\u001b[0m 6853.155 ms - 77\u001b[0m","service":"preplyte-api","timestamp":"2026-02-23 19:14:03"}
{"level":"debug","message":"Query: SELECT 1","service":"preplyte-api","timestamp":"2026-02-23 19:14:23"}
{"level":"debug","message":"Params: []","service":"preplyte-api","timestamp":"2026-02-23 19:14:23"}
{"level":"debug","message":"Duration: 0ms","service":"preplyte-api","timestamp":"2026-02-23 19:14:23"}
{"level":"debug","message":"Query: SELECT \"public\".\"users\".\"id\", \"public\".\"users\".\"emailVerificationOtp\", \"public\".\"users\".\"emailVerificationOtpExpiry\", \"public\".\"users\".\"emailVerified\" FROM \"public\".\"users\" WHERE (\"public\".\"users\".\"email\" = $1 AND 1=1) LIMIT $2 OFFSET $3","service":"preplyte-api","timestamp":"2026-02-23 19:14:23"}
{"level":"debug","message":"Params: [\"swaranjithgudelli@gmail.com\",1,0]","service":"preplyte-api","timestamp":"2026-02-23 19:14:23"}
{"level":"debug","message":"Duration: 2ms","service":"preplyte-api","timestamp":"2026-02-23 19:14:23"}
{"level":"debug","message":"Query: UPDATE \"public\".\"users\" SET \"emailVerified\" = $1, \"emailVerificationOtp\" = $2, \"emailVerificationOtpExpiry\" = $3, \"updatedAt\" = $4 WHERE (\"public\".\"users\".\"id\" = $5 AND 1=1) RETURNING \"public\".\"users\".\"id\", \"public\".\"users\".\"email\", \"public\".\"users\".\"password\", \"public\".\"users\".\"name\", \"public\".\"users\".\"role\"::text, \"public\".\"users\".\"isActive\", \"public\".\"users\".\"instituteId\", \"public\".\"users\".\"profilePictureUrl\", \"public\".\"users\".\"googleId\", \"public\".\"users\".\"provider\", \"public\".\"users\".\"avatar\", \"public\".\"users\".\"emailVerified\", \"public\".\"users\".\"emailVerificationOtp\", \"public\".\"users\".\"emailVerificationOtpExpiry\", \"public\".\"users\".\"createdAt\", \"public\".\"users\".\"updatedAt\", \"public\".\"users\".\"lastLoginAt\", \"public\".\"users\".\"tokenVersion\"","service":"preplyte-api","timestamp":"2026-02-23 19:14:23"}
{"level":"debug","message":"Params: [true,null,null,\"2026-02-23 13:44:23.233 UTC\",\"cmlz89j4n0000tl41io1xtjv5\"]","service":"preplyte-api","timestamp":"2026-02-23 19:14:23"}
{"level":"debug","message":"Duration: 8ms","service":"preplyte-api","timestamp":"2026-02-23 19:14:23"}
{"email":"swaranjithgudelli@gmail.com","level":"info","message":"Email verified successfully","service":"preplyte-api","timestamp":"2026-02-23 19:14:23"}
{"level":"info","message":"\u001b[0mPOST /api/auth/verify-otp \u001b[32m200\u001b[0m 165.850 ms - 81\u001b[0m","service":"preplyte-api","timestamp":"2026-02-23 19:14:23"}
{"level":"debug","message":"Query: SELECT 1","service":"preplyte-api","timestamp":"2026-02-23 19:14:41"}
{"level":"debug","message":"Params: []","service":"preplyte-api","timestamp":"2026-02-23 19:14:41"}
{"level":"debug","message":"Duration: 0ms","service":"preplyte-api","timestamp":"2026-02-23 19:14:41"}
{"level":"debug","message":"Query: SELECT \"public\".\"users\".\"id\", \"public\".\"users\".\"emailVerified\", \"public\".\"users\".\"isActive\", \"public\".\"users\".\"password\" FROM \"public\".\"users\" WHERE (\"public\".\"users\".\"email\" = $1 AND 1=1) LIMIT $2 OFFSET $3","service":"preplyte-api","timestamp":"2026-02-23 19:14:41"}
{"level":"debug","message":"Params: [\"swaranjithgudelli@gmail.com\",1,0]","service":"preplyte-api","timestamp":"2026-02-23 19:14:41"}
{"level":"debug","message":"Duration: 1ms","service":"preplyte-api","timestamp":"2026-02-23 19:14:41"}
{"level":"debug","message":"Query: SELECT \"public\".\"institutes\".\"id\", \"public\".\"institutes\".\"isActive\", \"public\".\"institutes\".\"name\" FROM \"public\".\"institutes\" WHERE (\"public\".\"institutes\".\"domain\" = $1 AND 1=1) LIMIT $2 OFFSET $3","service":"preplyte-api","timestamp":"2026-02-23 19:14:41"}
{"level":"debug","message":"Params: [\"gmail.com\",1,0]","service":"preplyte-api","timestamp":"2026-02-23 19:14:41"}
{"level":"debug","message":"Duration: 22ms","service":"preplyte-api","timestamp":"2026-02-23 19:14:41"}
{"level":"debug","message":"Query: BEGIN","service":"preplyte-api","timestamp":"2026-02-23 19:14:43"}
{"level":"debug","message":"Params: []","service":"preplyte-api","timestamp":"2026-02-23 19:14:43"}
{"level":"debug","message":"Duration: 1ms","service":"preplyte-api","timestamp":"2026-02-23 19:14:43"}
{"level":"debug","message":"Query: UPDATE \"public\".\"users\" SET \"password\" = $1, \"name\" = $2, \"instituteId\" = $3, \"isActive\" = $4, \"emailVerificationOtp\" = $5, \"emailVerificationOtpExpiry\" = $6, \"updatedAt\" = $7 WHERE (\"public\".\"users\".\"id\" = $8 AND 1=1) RETURNING \"public\".\"users\".\"id\", \"public\".\"users\".\"email\", \"public\".\"users\".\"name\", \"public\".\"users\".\"role\"::text, \"public\".\"users\".\"instituteId\", \"public\".\"users\".\"isActive\", \"public\".\"users\".\"createdAt\", \"public\".\"users\".\"lastLoginAt\"","service":"preplyte-api","timestamp":"2026-02-23 19:14:43"}
{"level":"debug","message":"Params: [\"$2a$12$UzNeLNBJ9RPvmMvA5r90V.K0F9VlLhkNdGdLmvawmwhm4sVoMck6u\",\"Swaranjith Gudelli\",null,true,null,null,\"2026-02-23 13:44:42.983 UTC\",\"cmlz89j4n0000tl41io1xtjv5\"]","service":"preplyte-api","timestamp":"2026-02-23 19:14:43"}
{"level":"debug","message":"Duration: 3ms","service":"preplyte-api","timestamp":"2026-02-23 19:14:43"}
{"level":"debug","message":"Query: SELECT \"public\".\"users\".\"id\", \"public\".\"users\".\"email\", \"public\".\"users\".\"name\", \"public\".\"users\".\"role\"::text, \"public\".\"users\".\"instituteId\", \"public\".\"users\".\"isActive\", \"public\".\"users\".\"createdAt\", \"public\".\"users\".\"lastLoginAt\" FROM \"public\".\"users\" WHERE \"public\".\"users\".\"id\" = $1 LIMIT $2 OFFSET $3","service":"preplyte-api","timestamp":"2026-02-23 19:14:43"}
{"level":"debug","message":"Params: [\"cmlz89j4n0000tl41io1xtjv5\",1,0]","service":"preplyte-api","timestamp":"2026-02-23 19:14:43"}
{"level":"debug","message":"Duration: 2ms","service":"preplyte-api","timestamp":"2026-02-23 19:14:43"}
{"level":"debug","message":"Query: COMMIT","service":"preplyte-api","timestamp":"2026-02-23 19:14:43"}
{"level":"debug","message":"Params: []","service":"preplyte-api","timestamp":"2026-02-23 19:14:43"}
{"level":"debug","message":"Duration: 1ms","service":"preplyte-api","timestamp":"2026-02-23 19:14:43"}
{"email":"swaranjithgudelli@gmail.com","level":"info","message":"User registered","service":"preplyte-api","timestamp":"2026-02-23 19:14:43","userId":"cmlz89j4n0000tl41io1xtjv5"}
{"level":"info","message":"\u001b[0mPOST /api/auth/register \u001b[32m201\u001b[0m 1768.642 ms - 289\u001b[0m","service":"preplyte-api","timestamp":"2026-02-23 19:14:43"}
{"level":"debug","message":"Query: SELECT 1","service":"preplyte-api","timestamp":"2026-02-23 19:15:10"}
{"level":"debug","message":"Params: []","service":"preplyte-api","timestamp":"2026-02-23 19:15:10"}
{"level":"debug","message":"Duration: 1ms","service":"preplyte-api","timestamp":"2026-02-23 19:15:10"}
{"level":"debug","message":"Query: SELECT \"public\".\"users\".\"id\", \"public\".\"users\".\"emailVerified\", \"public\".\"users\".\"isActive\", \"public\".\"users\".\"password\" FROM \"public\".\"users\" WHERE (\"public\".\"users\".\"email\" = $1 AND 1=1) LIMIT $2 OFFSET $3","service":"preplyte-api","timestamp":"2026-02-23 19:15:10"}
{"level":"debug","message":"Params: [\"swarangudelli@gmail.com\",1,0]","service":"preplyte-api","timestamp":"2026-02-23 19:15:10"}
{"level":"debug","message":"Duration: 1ms","service":"preplyte-api","timestamp":"2026-02-23 19:15:10"}
{"level":"debug","message":"Query: INSERT INTO \"public\".\"users\" (\"id\",\"email\",\"password\",\"role\",\"isActive\",\"provider\",\"emailVerified\",\"emailVerificationOtp\",\"emailVerificationOtpExpiry\",\"createdAt\",\"updatedAt\",\"tokenVersion\") VALUES ($1,$2,$3,CAST($4::text AS \"public\".\"UserRole\"),$5,$6,$7,$8,$9,$10,$11,$12) RETURNING \"public\".\"users\".\"id\", \"public\".\"users\".\"email\", \"public\".\"users\".\"password\", \"public\".\"users\".\"name\", \"public\".\"users\".\"role\"::text, \"public\".\"users\".\"isActive\", \"public\".\"users\".\"instituteId\", \"public\".\"users\".\"profilePictureUrl\", \"public\".\"users\".\"googleId\", \"public\".\"users\".\"provider\", \"public\".\"users\".\"avatar\", \"public\".\"users\".\"emailVerified\", \"public\".\"users\".\"emailVerificationOtp\", \"public\".\"users\".\"emailVerificationOtpExpiry\", \"public\".\"users\".\"createdAt\", \"public\".\"users\".\"updatedAt\", \"public\".\"users\".\"lastLoginAt\", \"public\".\"users\".\"tokenVersion\"","service":"preplyte-api","timestamp":"2026-02-23 19:15:10"}
{"level":"debug","message":"Params: [\"cmlz8b3y50001tl41u6svfrlm\",\"swarangudelli@gmail.com\",null,\"USER\",false,\"local\",false,\"116705\",\"2026-02-23 13:55:10.586 UTC\",\"2026-02-23 13:45:10.589 UTC\",\"2026-02-23 13:45:10.589 UTC\",0]","service":"preplyte-api","timestamp":"2026-02-23 19:15:10"}
{"level":"debug","message":"Duration: 3ms","service":"preplyte-api","timestamp":"2026-02-23 19:15:10"}
{"email":"swarangudelli@gmail.com","level":"info","message":"OTP email sent successfully","service":"preplyte-api","timestamp":"2026-02-23 19:15:14"}
{"email":"swarangudelli@gmail.com","level":"info","message":"OTP sent successfully","service":"preplyte-api","timestamp":"2026-02-23 19:15:14"}
{"level":"info","message":"\u001b[0mPOST /api/auth/send-otp \u001b[32m200\u001b[0m 4322.268 ms - 77\u001b[0m","service":"preplyte-api","timestamp":"2026-02-23 19:15:14"}
{"level":"debug","message":"Query: SELECT 1","service":"preplyte-api","timestamp":"2026-02-23 19:16:13"}
{"level":"debug","message":"Params: []","service":"preplyte-api","timestamp":"2026-02-23 19:16:13"}
{"level":"debug","message":"Duration: 14ms","service":"preplyte-api","timestamp":"2026-02-23 19:16:13"}
{"level":"debug","message":"Query: SELECT \"public\".\"users\".\"id\", \"public\".\"users\".\"emailVerified\", \"public\".\"users\".\"isActive\", \"public\".\"users\".\"password\" FROM \"public\".\"users\" WHERE (\"public\".\"users\".\"email\" = $1 AND 1=1) LIMIT $2 OFFSET $3","service":"preplyte-api","timestamp":"2026-02-23 19:16:13"}
{"level":"debug","message":"Params: [\"gudelliswaran@gmail.com\",1,0]","service":"preplyte-api","timestamp":"2026-02-23 19:16:13"}
{"level":"debug","message":"Duration: 5ms","service":"preplyte-api","timestamp":"2026-02-23 19:16:13"}
{"level":"debug","message":"Query: INSERT INTO \"public\".\"users\" (\"id\",\"email\",\"password\",\"role\",\"isActive\",\"provider\",\"emailVerified\",\"emailVerificationOtp\",\"emailVerificationOtpExpiry\",\"createdAt\",\"updatedAt\",\"tokenVersion\") VALUES ($1,$2,$3,CAST($4::text AS \"public\".\"UserRole\"),$5,$6,$7,$8,$9,$10,$11,$12) RETURNING \"public\".\"users\".\"id\", \"public\".\"users\".\"email\", \"public\".\"users\".\"password\", \"public\".\"users\".\"name\", \"public\".\"users\".\"role\"::text, \"public\".\"users\".\"isActive\", \"public\".\"users\".\"instituteId\", \"public\".\"users\".\"profilePictureUrl\", \"public\".\"users\".\"googleId\", \"public\".\"users\".\"provider\", \"public\".\"users\".\"avatar\", \"public\".\"users\".\"emailVerified\", \"public\".\"users\".\"emailVerificationOtp\", \"public\".\"users\".\"emailVerificationOtpExpiry\", \"public\".\"users\".\"createdAt\", \"public\".\"users\".\"updatedAt\", \"public\".\"users\".\"lastLoginAt\", \"public\".\"users\".\"tokenVersion\"","service":"preplyte-api","timestamp":"2026-02-23 19:16:13"}
{"level":"debug","message":"Params: [\"cmlz8cgb80002tl418oimwrsc\",\"gudelliswaran@gmail.com\",null,\"USER\",false,\"local\",false,\"878065\",\"2026-02-23 13:56:13.241 UTC\",\"2026-02-23 13:46:13.268 UTC\",\"2026-02-23 13:46:13.268 UTC\",0]","service":"preplyte-api","timestamp":"2026-02-23 19:16:13"}
{"level":"debug","message":"Duration: 6ms","service":"preplyte-api","timestamp":"2026-02-23 19:16:13"}
{"email":"gudelliswaran@gmail.com","level":"info","message":"OTP email sent successfully","service":"preplyte-api","timestamp":"2026-02-23 19:16:17"}
{"email":"gudelliswaran@gmail.com","level":"info","message":"OTP sent successfully","service":"preplyte-api","timestamp":"2026-02-23 19:16:17"}
{"level":"info","message":"\u001b[0mPOST /api/auth/send-otp \u001b[32m200\u001b[0m 3973.023 ms - 77\u001b[0m","service":"preplyte-api","timestamp":"2026-02-23 19:16:17"}
{"level":"debug","message":"Query: SELECT 1","service":"preplyte-api","timestamp":"2026-02-23 19:16:35"}
{"level":"debug","message":"Params: []","service":"preplyte-api","timestamp":"2026-02-23 19:16:35"}
{"level":"debug","message":"Duration: 1ms","service":"preplyte-api","timestamp":"2026-02-23 19:16:35"}
{"level":"debug","message":"Query: SELECT \"public\".\"users\".\"id\", \"public\".\"users\".\"emailVerificationOtp\", \"public\".\"users\".\"emailVerificationOtpExpiry\", \"public\".\"users\".\"emailVerified\" FROM \"public\".\"users\" WHERE (\"public\".\"users\".\"email\" = $1 AND 1=1) LIMIT $2 OFFSET $3","service":"preplyte-api","timestamp":"2026-02-23 19:16:35"}
{"level":"debug","message":"Params: [\"gudelliswaran@gmail.com\",1,0]","service":"preplyte-api","timestamp":"2026-02-23 19:16:35"}
{"level":"debug","message":"Duration: 1ms","service":"preplyte-api","timestamp":"2026-02-23 19:16:35"}
{"level":"debug","message":"Query: UPDATE \"public\".\"users\" SET \"emailVerified\" = $1, \"emailVerificationOtp\" = $2, \"emailVerificationOtpExpiry\" = $3, \"updatedAt\" = $4 WHERE (\"public\".\"users\".\"id\" = $5 AND 1=1) RETURNING \"public\".\"users\".\"id\", \"public\".\"users\".\"email\", \"public\".\"users\".\"password\", \"public\".\"users\".\"name\", \"public\".\"users\".\"role\"::text, \"public\".\"users\".\"isActive\", \"public\".\"users\".\"instituteId\", \"public\".\"users\".\"profilePictureUrl\", \"public\".\"users\".\"googleId\", \"public\".\"users\".\"provider\", \"public\".\"users\".\"avatar\", \"public\".\"users\".\"emailVerified\", \"public\".\"users\".\"emailVerificationOtp\", \"public\".\"users\".\"emailVerificationOtpExpiry\", \"public\".\"users\".\"createdAt\", \"public\".\"users\".\"updatedAt\", \"public\".\"users\".\"lastLoginAt\", \"public\".\"users\".\"tokenVersion\"","service":"preplyte-api","timestamp":"2026-02-23 19:16:35"}
{"level":"debug","message":"Params: [true,null,null,\"2026-02-23 13:46:35.813 UTC\",\"cmlz8cgb80002tl418oimwrsc\"]","service":"preplyte-api","timestamp":"2026-02-23 19:16:35"}
{"level":"debug","message":"Duration: 4ms","service":"preplyte-api","timestamp":"2026-02-23 19:16:35"}
{"email":"gudelliswaran@gmail.com","level":"info","message":"Email verified successfully","service":"preplyte-api","timestamp":"2026-02-23 19:16:35"}
{"level":"info","message":"\u001b[0mPOST /api/auth/verify-otp \u001b[32m200\u001b[0m 150.728 ms - 81\u001b[0m","service":"preplyte-api","timestamp":"2026-02-23 19:16:35"}
{"level":"debug","message":"Query: SELECT \"public\".\"users\".\"id\", \"public\".\"users\".\"emailVerified\", \"public\".\"users\".\"isActive\", \"public\".\"users\".\"password\" FROM \"public\".\"users\" WHERE (\"public\".\"users\".\"email\" = $1 AND 1=1) LIMIT $2 OFFSET $3","service":"preplyte-api","timestamp":"2026-02-23 19:16:46"}
{"level":"debug","message":"Params: [\"gudelliswaran@gmail.com\",1,0]","service":"preplyte-api","timestamp":"2026-02-23 19:16:46"}
{"level":"debug","message":"Duration: 1ms","service":"preplyte-api","timestamp":"2026-02-23 19:16:46"}
{"level":"debug","message":"Query: SELECT \"public\".\"institutes\".\"id\", \"public\".\"institutes\".\"isActive\", \"public\".\"institutes\".\"name\" FROM \"public\".\"institutes\" WHERE (\"public\".\"institutes\".\"domain\" = $1 AND 1=1) LIMIT $2 OFFSET $3","service":"preplyte-api","timestamp":"2026-02-23 19:16:46"}
{"level":"debug","message":"Params: [\"gmail.com\",1,0]","service":"preplyte-api","timestamp":"2026-02-23 19:16:46"}
{"level":"debug","message":"Duration: 1ms","service":"preplyte-api","timestamp":"2026-02-23 19:16:46"}
{"level":"debug","message":"Query: BEGIN","service":"preplyte-api","timestamp":"2026-02-23 19:16:48"}
{"level":"debug","message":"Params: []","service":"preplyte-api","timestamp":"2026-02-23 19:16:48"}
{"level":"debug","message":"Duration: 0ms","service":"preplyte-api","timestamp":"2026-02-23 19:16:48"}
{"level":"debug","message":"Query: UPDATE \"public\".\"users\" SET \"password\" = $1, \"name\" = $2, \"instituteId\" = $3, \"isActive\" = $4, \"emailVerificationOtp\" = $5, \"emailVerificationOtpExpiry\" = $6, \"updatedAt\" = $7 WHERE (\"public\".\"users\".\"id\" = $8 AND 1=1) RETURNING \"public\".\"users\".\"id\", \"public\".\"users\".\"email\", \"public\".\"users\".\"name\", \"public\".\"users\".\"role\"::text, \"public\".\"users\".\"instituteId\", \"public\".\"users\".\"isActive\", \"public\".\"users\".\"createdAt\", \"public\".\"users\".\"lastLoginAt\"","service":"preplyte-api","timestamp":"2026-02-23 19:16:48"}
{"level":"debug","message":"Params: [\"$2a$12$AkiIsRnBIoqKo9XocsE3au4JxEZwwLFq0aT8HEl6zGH1g7jhEyxVq\",\"Swaranjith Gudelli\",null,true,null,null,\"2026-02-23 13:46:48.293 UTC\",\"cmlz8cgb80002tl418oimwrsc\"]","service":"preplyte-api","timestamp":"2026-02-23 19:16:48"}
{"level":"debug","message":"Duration: 1ms","service":"preplyte-api","timestamp":"2026-02-23 19:16:48"}
{"level":"debug","message":"Query: SELECT \"public\".\"users\".\"id\", \"public\".\"users\".\"email\", \"public\".\"users\".\"name\", \"public\".\"users\".\"role\"::text, \"public\".\"users\".\"instituteId\", \"public\".\"users\".\"isActive\", \"public\".\"users\".\"createdAt\", \"public\".\"users\".\"lastLoginAt\" FROM \"public\".\"users\" WHERE \"public\".\"users\".\"id\" = $1 LIMIT $2 OFFSET $3","service":"preplyte-api","timestamp":"2026-02-23 19:16:48"}
{"level":"debug","message":"Params: [\"cmlz8cgb80002tl418oimwrsc\",1,0]","service":"preplyte-api","timestamp":"2026-02-23 19:16:48"}
{"level":"debug","message":"Duration: 1ms","service":"preplyte-api","timestamp":"2026-02-23 19:16:48"}
{"level":"debug","message":"Query: COMMIT","service":"preplyte-api","timestamp":"2026-02-23 19:16:48"}
{"level":"debug","message":"Params: []","service":"preplyte-api","timestamp":"2026-02-23 19:16:48"}
{"level":"debug","message":"Duration: 1ms","service":"preplyte-api","timestamp":"2026-02-23 19:16:48"}
{"email":"gudelliswaran@gmail.com","level":"info","message":"User registered","service":"preplyte-api","timestamp":"2026-02-23 19:16:48","userId":"cmlz8cgb80002tl418oimwrsc"}
{"level":"info","message":"\u001b[0mPOST /api/auth/register \u001b[32m201\u001b[0m 1457.426 ms - 285\u001b[0m","service":"preplyte-api","timestamp":"2026-02-23 19:16:48"}
{"level":"warn","message":"Google OAuth not configured - missing GOOGLE_CLIENT_ID or GOOGLE_CLIENT_SECRET","service":"preplyte-api","timestamp":"2026-02-23 20:25:14"}
{"level":"info","message":"Email service initialized successfully","service":"preplyte-api","timestamp":"2026-02-23 20:25:16"}
{"baseURL":"https://judge0-ce.p.rapidapi.com","level":"info","message":"Judge0 client initialized","service":"preplyte-api","timestamp":"2026-02-23 20:25:17","useRapidAPI":true}
{"level":"info","message":"[TTS] Using Deepgram for text-to-speech","service":"preplyte-api","timestamp":"2026-02-23 20:25:20"}
{"keyLength":39,"keyPrefix":"AIzaSyBvwy...","level":"info","message":"Gemini API Key loaded:","service":"preplyte-api","timestamp":"2026-02-23 20:25:39"}
{"environment":"development","host":"0.0.0.0","level":"info","message":"Starting server...","port":4000,"service":"preplyte-api","timestamp":"2026-02-23 20:25:39"}
{"level":"info","message":"Checking database connection...","service":"preplyte-api","timestamp":"2026-02-23 20:25:39"}
{"level":"debug","message":"Query: SELECT 1","service":"preplyte-api","timestamp":"2026-02-23 20:25:41"}
{"level":"debug","message":"Params: []","service":"preplyte-api","timestamp":"2026-02-23 20:25:41"}
{"level":"debug","message":"Duration: 83ms","service":"preplyte-api","timestamp":"2026-02-23 20:25:41"}
{"level":"info","message":"✅ Database connected successfully","service":"preplyte-api","timestamp":"2026-02-23 20:25:41"}
{"level":"info","message":"[WS Gateway] WebSocket server initialized","path":"/ws/interview/:sessionId","service":"preplyte-api","timestamp":"2026-02-23 20:25:41"}
{"api":"http://localhost:4000/api","environment":"development","health":"http://localhost:4000/health","host":"0.0.0.0","level":"info","message":"🚀 Server running","port":4000,"service":"preplyte-api","timestamp":"2026-02-23 20:25:41","websocket":"ws://localhost:4000/ws/interview/:sessionId"}
{"intervalHours":24,"level":"info","message":"Starting token cleanup scheduler","service":"preplyte-api","timestamp":"2026-02-23 20:25:41"}
{"level":"info","message":"Starting token cleanup job","service":"preplyte-api","timestamp":"2026-02-23 20:25:41"}
{"level":"debug","message":"Query: DELETE FROM \"public\".\"refresh_tokens\" WHERE (\"public\".\"refresh_tokens\".\"expiresAt\" < $1 OR \"public\".\"refresh_tokens\".\"revokedAt\" < $2)","service":"preplyte-api","timestamp":"2026-02-23 20:25:42"}
{"level":"debug","message":"Params: [\"2026-02-23 14:55:41.667 UTC\",\"2026-02-16 14:55:41.667 UTC\"]","service":"preplyte-api","timestamp":"2026-02-23 20:25:42"}
{"level":"debug","message":"Duration: 29ms","service":"preplyte-api","timestamp":"2026-02-23 20:25:42"}
{"count":0,"level":"info","message":"Cleaned up expired tokens","service":"preplyte-api","timestamp":"2026-02-23 20:25:42"}
{"level":"info","message":"Token cleanup completed","service":"preplyte-api","timestamp":"2026-02-23 20:25:42","tokensRemoved":0}
{"level":"debug","message":"Query: SELECT 1","service":"preplyte-api","timestamp":"2026-02-23 20:26:48"}
{"level":"debug","message":"Params: []","service":"preplyte-api","timestamp":"2026-02-23 20:26:48"}
{"level":"debug","message":"Duration: 6ms","service":"preplyte-api","timestamp":"2026-02-23 20:26:48"}
{"level":"debug","message":"Query: SELECT \"public\".\"users\".\"id\", \"public\".\"users\".\"emailVerified\", \"public\".\"users\".\"isActive\", \"public\".\"users\".\"password\" FROM \"public\".\"users\" WHERE (\"public\".\"users\".\"email\" = $1 AND 1=1) LIMIT $2 OFFSET $3","service":"preplyte-api","timestamp":"2026-02-23 20:26:48"}
{"level":"debug","message":"Params: [\"swarangudelli@gmail.com\",1,0]","service":"preplyte-api","timestamp":"2026-02-23 20:26:48"}
{"level":"debug","message":"Duration: 55ms","service":"preplyte-api","timestamp":"2026-02-23 20:26:48"}
{"level":"debug","message":"Query: UPDATE \"public\".\"users\" SET \"emailVerificationOtp\" = $1, \"emailVerificationOtpExpiry\" = $2, \"updatedAt\" = $3 WHERE (\"public\".\"users\".\"id\" = $4 AND 1=1) RETURNING \"public\".\"users\".\"id\", \"public\".\"users\".\"email\", \"public\".\"users\".\"password\", \"public\".\"users\".\"name\", \"public\".\"users\".\"role\"::text, \"public\".\"users\".\"isActive\", \"public\".\"users\".\"instituteId\", \"public\".\"users\".\"profilePictureUrl\", \"public\".\"users\".\"googleId\", \"public\".\"users\".\"provider\", \"public\".\"users\".\"avatar\", \"public\".\"users\".\"emailVerified\", \"public\".\"users\".\"emailVerificationOtp\", \"public\".\"users\".\"emailVerificationOtpExpiry\", \"public\".\"users\".\"createdAt\", \"public\".\"users\".\"updatedAt\", \"public\".\"users\".\"lastLoginAt\", \"public\".\"users\".\"tokenVersion\"","service":"preplyte-api","timestamp":"2026-02-23 20:26:48"}
{"level":"debug","message":"Params: [\"195483\",\"2026-02-23 15:06:48.843 UTC\",\"2026-02-23 14:56:48.847 UTC\",\"cmlz8b3y50001tl41u6svfrlm\"]","service":"preplyte-api","timestamp":"2026-02-23 20:26:48"}
{"level":"debug","message":"Duration: 27ms","service":"preplyte-api","timestamp":"2026-02-23 20:26:48"}
{"email":"swarangudelli@gmail.com","error":{"code":"EAUTH","command":"AUTH PLAIN","response":"535 5.7.8 Authentication failed","responseCode":535},"level":"error","message":"Failed to send OTP email","service":"preplyte-api","timestamp":"2026-02-23 20:26:50"}
{"ip":"127.0.0.1","level":"error","message":"Unhandled error Failed to send verification email","method":"POST","name":"Error","path":"/api/auth/send-otp","requestId":"f85a6230-a290-4af3-a57e-1f3998b0e516","service":"preplyte-api","stack":"Error: Failed to send verification email\n    at AuthService.sendEmailVerificationOTP (D:\\Swaran\\Codiezz\\Preplyte-final\\preplyte\\backend\\src\\module\\auth\\auth.service.ts:467:13)\n    at process.processTicksAndRejections (node:internal/process/task_queues:105:5)\n    at async sendEmailOTP (D:\\Swaran\\Codiezz\\Preplyte-final\\preplyte\\backend\\src\\module\\auth\\auth.controller.ts:237:5)","timestamp":"2026-02-23 20:26:50","userAgent":"Mozilla/5.0 (Windows NT 10.0; Win64; x64) AppleWebKit/537.36 (KHTML, like Gecko) Chrome/145.0.0.0 Safari/537.36"}
{"level":"info","message":"\u001b[0mPOST /api/auth/send-otp \u001b[31m500\u001b[0m 2748.983 ms - 557\u001b[0m","service":"preplyte-api","timestamp":"2026-02-23 20:26:50"}
{"level":"debug","message":"Query: SELECT \"public\".\"users\".\"id\", \"public\".\"users\".\"emailVerified\", \"public\".\"users\".\"isActive\", \"public\".\"users\".\"password\" FROM \"public\".\"users\" WHERE (\"public\".\"users\".\"email\" = $1 AND 1=1) LIMIT $2 OFFSET $3","service":"preplyte-api","timestamp":"2026-02-23 20:26:51"}
{"level":"debug","message":"Params: [\"swarangudelli@gmail.com\",1,0]","service":"preplyte-api","timestamp":"2026-02-23 20:26:51"}
{"level":"debug","message":"Duration: 12ms","service":"preplyte-api","timestamp":"2026-02-23 20:26:51"}
{"level":"debug","message":"Query: UPDATE \"public\".\"users\" SET \"emailVerificationOtp\" = $1, \"emailVerificationOtpExpiry\" = $2, \"updatedAt\" = $3 WHERE (\"public\".\"users\".\"id\" = $4 AND 1=1) RETURNING \"public\".\"users\".\"id\", \"public\".\"users\".\"email\", \"public\".\"users\".\"password\", \"public\".\"users\".\"name\", \"public\".\"users\".\"role\"::text, \"public\".\"users\".\"isActive\", \"public\".\"users\".\"instituteId\", \"public\".\"users\".\"profilePictureUrl\", \"public\".\"users\".\"googleId\", \"public\".\"users\".\"provider\", \"public\".\"users\".\"avatar\", \"public\".\"users\".\"emailVerified\", \"public\".\"users\".\"emailVerificationOtp\", \"public\".\"users\".\"emailVerificationOtpExpiry\", \"public\".\"users\".\"createdAt\", \"public\".\"users\".\"updatedAt\", \"public\".\"users\".\"lastLoginAt\", \"public\".\"users\".\"tokenVersion\"","service":"preplyte-api","timestamp":"2026-02-23 20:26:51"}
{"level":"debug","message":"Params: [\"315296\",\"2026-02-23 15:06:51.850 UTC\",\"2026-02-23 14:56:51.853 UTC\",\"cmlz8b3y50001tl41u6svfrlm\"]","service":"preplyte-api","timestamp":"2026-02-23 20:26:51"}
{"level":"debug","message":"Duration: 1ms","service":"preplyte-api","timestamp":"2026-02-23 20:26:51"}
{"email":"swarangudelli@gmail.com","error":{"code":"EAUTH","command":"AUTH PLAIN","response":"535 5.7.8 Authentication failed","responseCode":535},"level":"error","message":"Failed to send OTP email","service":"preplyte-api","timestamp":"2026-02-23 20:26:52"}
{"ip":"127.0.0.1","level":"error","message":"Unhandled error Failed to send verification email","method":"POST","name":"Error","path":"/api/auth/send-otp","requestId":"8125de59-ee97-4a83-8506-0247b55678eb","service":"preplyte-api","stack":"Error: Failed to send verification email\n    at AuthService.sendEmailVerificationOTP (D:\\Swaran\\Codiezz\\Preplyte-final\\preplyte\\backend\\src\\module\\auth\\auth.service.ts:467:13)\n    at process.processTicksAndRejections (node:internal/process/task_queues:105:5)\n    at async sendEmailOTP (D:\\Swaran\\Codiezz\\Preplyte-final\\preplyte\\backend\\src\\module\\auth\\auth.controller.ts:237:5)","timestamp":"2026-02-23 20:26:52","userAgent":"Mozilla/5.0 (Windows NT 10.0; Win64; x64) AppleWebKit/537.36 (KHTML, like Gecko) Chrome/145.0.0.0 Safari/537.36"}
{"level":"info","message":"\u001b[0mPOST /api/auth/send-otp \u001b[31m500\u001b[0m 990.599 ms - 557\u001b[0m","service":"preplyte-api","timestamp":"2026-02-23 20:26:52"}
{"level":"debug","message":"Query: SELECT \"public\".\"users\".\"id\", \"public\".\"users\".\"emailVerified\", \"public\".\"users\".\"isActive\", \"public\".\"users\".\"password\" FROM \"public\".\"users\" WHERE (\"public\".\"users\".\"email\" = $1 AND 1=1) LIMIT $2 OFFSET $3","service":"preplyte-api","timestamp":"2026-02-23 20:26:54"}
{"level":"debug","message":"Params: [\"swarangudelli@gmail.com\",1,0]","service":"preplyte-api","timestamp":"2026-02-23 20:26:54"}
{"level":"debug","message":"Duration: 0ms","service":"preplyte-api","timestamp":"2026-02-23 20:26:54"}
{"level":"debug","message":"Query: UPDATE \"public\".\"users\" SET \"emailVerificationOtp\" = $1, \"emailVerificationOtpExpiry\" = $2, \"updatedAt\" = $3 WHERE (\"public\".\"users\".\"id\" = $4 AND 1=1) RETURNING \"public\".\"users\".\"id\", \"public\".\"users\".\"email\", \"public\".\"users\".\"password\", \"public\".\"users\".\"name\", \"public\".\"users\".\"role\"::text, \"public\".\"users\".\"isActive\", \"public\".\"users\".\"instituteId\", \"public\".\"users\".\"profilePictureUrl\", \"public\".\"users\".\"googleId\", \"public\".\"users\".\"provider\", \"public\".\"users\".\"avatar\", \"public\".\"users\".\"emailVerified\", \"public\".\"users\".\"emailVerificationOtp\", \"public\".\"users\".\"emailVerificationOtpExpiry\", \"public\".\"users\".\"createdAt\", \"public\".\"users\".\"updatedAt\", \"public\".\"users\".\"lastLoginAt\", \"public\".\"users\".\"tokenVersion\"","service":"preplyte-api","timestamp":"2026-02-23 20:26:54"}
{"level":"debug","message":"Params: [\"788118\",\"2026-02-23 15:06:54.851 UTC\",\"2026-02-23 14:56:54.854 UTC\",\"cmlz8b3y50001tl41u6svfrlm\"]","service":"preplyte-api","timestamp":"2026-02-23 20:26:54"}
{"level":"debug","message":"Duration: 10ms","service":"preplyte-api","timestamp":"2026-02-23 20:26:54"}
{"email":"swarangudelli@gmail.com","error":{"code":"EAUTH","command":"AUTH PLAIN","response":"535 5.7.8 Authentication failed","responseCode":535},"level":"error","message":"Failed to send OTP email","service":"preplyte-api","timestamp":"2026-02-23 20:26:56"}
{"ip":"127.0.0.1","level":"error","message":"Unhandled error Failed to send verification email","method":"POST","name":"Error","path":"/api/auth/send-otp","requestId":"886ba5ff-d54b-4a47-a2b6-0863bd8f56c1","service":"preplyte-api","stack":"Error: Failed to send verification email\n    at AuthService.sendEmailVerificationOTP (D:\\Swaran\\Codiezz\\Preplyte-final\\preplyte\\backend\\src\\module\\auth\\auth.service.ts:467:13)\n    at process.processTicksAndRejections (node:internal/process/task_queues:105:5)\n    at async sendEmailOTP (D:\\Swaran\\Codiezz\\Preplyte-final\\preplyte\\backend\\src\\module\\auth\\auth.controller.ts:237:5)","timestamp":"2026-02-23 20:26:56","userAgent":"Mozilla/5.0 (Windows NT 10.0; Win64; x64) AppleWebKit/537.36 (KHTML, like Gecko) Chrome/145.0.0.0 Safari/537.36"}
{"level":"info","message":"\u001b[0mPOST /api/auth/send-otp \u001b[31m500\u001b[0m 1761.304 ms - 557\u001b[0m","service":"preplyte-api","timestamp":"2026-02-23 20:26:56"}
{"level":"debug","message":"Query: SELECT \"public\".\"users\".\"id\", \"public\".\"users\".\"emailVerified\", \"public\".\"users\".\"isActive\", \"public\".\"users\".\"password\" FROM \"public\".\"users\" WHERE (\"public\".\"users\".\"email\" = $1 AND 1=1) LIMIT $2 OFFSET $3","service":"preplyte-api","timestamp":"2026-02-23 20:27:00"}
{"level":"debug","message":"Params: [\"swarangudelli@gmail.com\",1,0]","service":"preplyte-api","timestamp":"2026-02-23 20:27:00"}
{"level":"debug","message":"Duration: 2ms","service":"preplyte-api","timestamp":"2026-02-23 20:27:00"}
{"level":"debug","message":"Query: UPDATE \"public\".\"users\" SET \"emailVerificationOtp\" = $1, \"emailVerificationOtpExpiry\" = $2, \"updatedAt\" = $3 WHERE (\"public\".\"users\".\"id\" = $4 AND 1=1) RETURNING \"public\".\"users\".\"id\", \"public\".\"users\".\"email\", \"public\".\"users\".\"password\", \"public\".\"users\".\"name\", \"public\".\"users\".\"role\"::text, \"public\".\"users\".\"isActive\", \"public\".\"users\".\"instituteId\", \"public\".\"users\".\"profilePictureUrl\", \"public\".\"users\".\"googleId\", \"public\".\"users\".\"provider\", \"public\".\"users\".\"avatar\", \"public\".\"users\".\"emailVerified\", \"public\".\"users\".\"emailVerificationOtp\", \"public\".\"users\".\"emailVerificationOtpExpiry\", \"public\".\"users\".\"createdAt\", \"public\".\"users\".\"updatedAt\", \"public\".\"users\".\"lastLoginAt\", \"public\".\"users\".\"tokenVersion\"","service":"preplyte-api","timestamp":"2026-02-23 20:27:00"}
{"level":"debug","message":"Params: [\"825669\",\"2026-02-23 15:07:00.637 UTC\",\"2026-02-23 14:57:00.640 UTC\",\"cmlz8b3y50001tl41u6svfrlm\"]","service":"preplyte-api","timestamp":"2026-02-23 20:27:00"}
{"level":"debug","message":"Duration: 11ms","service":"preplyte-api","timestamp":"2026-02-23 20:27:00"}
{"email":"swarangudelli@gmail.com","error":{"code":"EAUTH","command":"AUTH PLAIN","response":"535 5.7.8 Authentication failed","responseCode":535},"level":"error","message":"Failed to send OTP email","service":"preplyte-api","timestamp":"2026-02-23 20:27:01"}
{"ip":"127.0.0.1","level":"error","message":"Unhandled error Failed to send verification email","method":"POST","name":"Error","path":"/api/auth/send-otp","requestId":"bd2a1749-c7b7-40a2-bbd3-396b1e0e9354","service":"preplyte-api","stack":"Error: Failed to send verification email\n    at AuthService.sendEmailVerificationOTP (D:\\Swaran\\Codiezz\\Preplyte-final\\preplyte\\backend\\src\\module\\auth\\auth.service.ts:467:13)\n    at process.processTicksAndRejections (node:internal/process/task_queues:105:5)\n    at async sendEmailOTP (D:\\Swaran\\Codiezz\\Preplyte-final\\preplyte\\backend\\src\\module\\auth\\auth.controller.ts:237:5)","timestamp":"2026-02-23 20:27:01","userAgent":"Mozilla/5.0 (Windows NT 10.0; Win64; x64) AppleWebKit/537.36 (KHTML, like Gecko) Chrome/145.0.0.0 Safari/537.36"}
{"level":"info","message":"\u001b[0mPOST /api/auth/send-otp \u001b[31m500\u001b[0m 799.312 ms - 557\u001b[0m","service":"preplyte-api","timestamp":"2026-02-23 20:27:01"}
{"level":"warn","message":"Google OAuth not configured - missing GOOGLE_CLIENT_ID or GOOGLE_CLIENT_SECRET","service":"preplyte-api","timestamp":"2026-02-23 20:28:12"}
{"host":"smtp-relay.brevo.com","level":"info","message":"Email service initialized successfully","port":587,"secure":false,"service":"preplyte-api","timestamp":"2026-02-23 20:28:14","user":"codiezz.officials@gmail.com"}
{"baseURL":"https://judge0-ce.p.rapidapi.com","level":"info","message":"Judge0 client initialized","service":"preplyte-api","timestamp":"2026-02-23 20:28:15","useRapidAPI":true}
{"level":"info","message":"[TTS] Using Deepgram for text-to-speech","service":"preplyte-api","timestamp":"2026-02-23 20:28:20"}
{"keyLength":39,"keyPrefix":"AIzaSyBvwy...","level":"info","message":"Gemini API Key loaded:","service":"preplyte-api","timestamp":"2026-02-23 20:28:40"}
{"environment":"development","host":"0.0.0.0","level":"info","message":"Starting server...","port":4000,"service":"preplyte-api","timestamp":"2026-02-23 20:28:40"}
{"level":"info","message":"Checking database connection...","service":"preplyte-api","timestamp":"2026-02-23 20:28:40"}
{"level":"debug","message":"Query: SELECT 1","service":"preplyte-api","timestamp":"2026-02-23 20:28:43"}
{"level":"debug","message":"Params: []","service":"preplyte-api","timestamp":"2026-02-23 20:28:43"}
{"level":"debug","message":"Duration: 86ms","service":"preplyte-api","timestamp":"2026-02-23 20:28:43"}
{"level":"info","message":"✅ Database connected successfully","service":"preplyte-api","timestamp":"2026-02-23 20:28:43"}
{"level":"info","message":"[WS Gateway] WebSocket server initialized","path":"/ws/interview/:sessionId","service":"preplyte-api","timestamp":"2026-02-23 20:28:43"}
{"api":"http://localhost:4000/api","environment":"development","health":"http://localhost:4000/health","host":"0.0.0.0","level":"info","message":"🚀 Server running","port":4000,"service":"preplyte-api","timestamp":"2026-02-23 20:28:43","websocket":"ws://localhost:4000/ws/interview/:sessionId"}
{"intervalHours":24,"level":"info","message":"Starting token cleanup scheduler","service":"preplyte-api","timestamp":"2026-02-23 20:28:43"}
{"level":"info","message":"Starting token cleanup job","service":"preplyte-api","timestamp":"2026-02-23 20:28:43"}
{"level":"debug","message":"Query: DELETE FROM \"public\".\"refresh_tokens\" WHERE (\"public\".\"refresh_tokens\".\"expiresAt\" < $1 OR \"public\".\"refresh_tokens\".\"revokedAt\" < $2)","service":"preplyte-api","timestamp":"2026-02-23 20:28:43"}
{"level":"debug","message":"Params: [\"2026-02-23 14:58:43.339 UTC\",\"2026-02-16 14:58:43.339 UTC\"]","service":"preplyte-api","timestamp":"2026-02-23 20:28:43"}
{"level":"debug","message":"Duration: 26ms","service":"preplyte-api","timestamp":"2026-02-23 20:28:43"}
{"count":0,"level":"info","message":"Cleaned up expired tokens","service":"preplyte-api","timestamp":"2026-02-23 20:28:43"}
{"level":"info","message":"Token cleanup completed","service":"preplyte-api","timestamp":"2026-02-23 20:28:43","tokensRemoved":0}
{"level":"debug","message":"Query: SELECT \"public\".\"users\".\"id\", \"public\".\"users\".\"emailVerified\", \"public\".\"users\".\"isActive\", \"public\".\"users\".\"password\" FROM \"public\".\"users\" WHERE (\"public\".\"users\".\"email\" = $1 AND 1=1) LIMIT $2 OFFSET $3","service":"preplyte-api","timestamp":"2026-02-23 20:34:21"}
{"level":"debug","message":"Params: [\"swarangudelli@gmail.com\",1,0]","service":"preplyte-api","timestamp":"2026-02-23 20:34:21"}
{"level":"debug","message":"Duration: 58ms","service":"preplyte-api","timestamp":"2026-02-23 20:34:21"}
{"level":"debug","message":"Query: UPDATE \"public\".\"users\" SET \"emailVerificationOtp\" = $1, \"emailVerificationOtpExpiry\" = $2, \"updatedAt\" = $3 WHERE (\"public\".\"users\".\"id\" = $4 AND 1=1) RETURNING \"public\".\"users\".\"id\", \"public\".\"users\".\"email\", \"public\".\"users\".\"password\", \"public\".\"users\".\"name\", \"public\".\"users\".\"role\"::text, \"public\".\"users\".\"isActive\", \"public\".\"users\".\"instituteId\", \"public\".\"users\".\"profilePictureUrl\", \"public\".\"users\".\"googleId\", \"public\".\"users\".\"provider\", \"public\".\"users\".\"avatar\", \"public\".\"users\".\"emailVerified\", \"public\".\"users\".\"emailVerificationOtp\", \"public\".\"users\".\"emailVerificationOtpExpiry\", \"public\".\"users\".\"createdAt\", \"public\".\"users\".\"updatedAt\", \"public\".\"users\".\"lastLoginAt\", \"public\".\"users\".\"tokenVersion\"","service":"preplyte-api","timestamp":"2026-02-23 20:34:21"}
{"level":"debug","message":"Params: [\"546663\",\"2026-02-23 15:14:21.930 UTC\",\"2026-02-23 15:04:21.933 UTC\",\"cmlz8b3y50001tl41u6svfrlm\"]","service":"preplyte-api","timestamp":"2026-02-23 20:34:21"}
{"level":"debug","message":"Duration: 22ms","service":"preplyte-api","timestamp":"2026-02-23 20:34:21"}
{"from":"Preplyte <codiezz.officials@gmail.com>","host":"smtp-relay.brevo.com","level":"info","message":"Attempting to send OTP email","port":587,"service":"preplyte-api","timestamp":"2026-02-23 20:34:22","to":"swarangudelli@gmail.com"}
{"code":"EAUTH","command":"AUTH PLAIN","email":"swarangudelli@gmail.com","error":"Invalid login: 535 5.7.8 Authentication failed","level":"error","message":"Failed to send OTP email","service":"preplyte-api","stack":"Error: Invalid login: 535 5.7.8 Authentication failed\n    at SMTPConnection._formatError (D:\\Swaran\\Codiezz\\Preplyte-final\\preplyte\\backend\\node_modules\\nodemailer\\lib\\smtp-connection\\index.js:809:19)\n    at SMTPConnection._actionAUTHComplete (D:\\Swaran\\Codiezz\\Preplyte-final\\preplyte\\backend\\node_modules\\nodemailer\\lib\\smtp-connection\\index.js:1588:34)\n    at SMTPConnection.<anonymous> (D:\\Swaran\\Codiezz\\Preplyte-final\\preplyte\\backend\\node_modules\\nodemailer\\lib\\smtp-connection\\index.js:556:26)\n    at SMTPConnection._processResponse (D:\\Swaran\\Codiezz\\Preplyte-final\\preplyte\\backend\\node_modules\\nodemailer\\lib\\smtp-connection\\index.js:993:20)\n    at SMTPConnection._onData (D:\\Swaran\\Codiezz\\Preplyte-final\\preplyte\\backend\\node_modules\\nodemailer\\lib\\smtp-connection\\index.js:774:14)\n    at SMTPConnection._onSocketData (D:\\Swaran\\Codiezz\\Preplyte-final\\preplyte\\backend\\node_modules\\nodemailer\\lib\\smtp-connection\\index.js:195:44)\n    at TLSSocket.emit (node:events:518:28)\n    at addChunk (node:internal/streams/readable:561:12)\n    at readableAddChunkPushByteMode (node:internal/streams/readable:512:3)\n    at Readable.push (node:internal/streams/readable:392:5)\n    at TLSWrap.onStreamRead (node:internal/stream_base_commons:189:23)","timestamp":"2026-02-23 20:34:24"}
{"ip":"127.0.0.1","level":"error","message":"Unhandled error Failed to send verification email","method":"POST","name":"Error","path":"/api/auth/send-otp","requestId":"0699185c-60ce-4645-a13c-fda3707b6888","service":"preplyte-api","stack":"Error: Failed to send verification email\n    at AuthService.sendEmailVerificationOTP (D:\\Swaran\\Codiezz\\Preplyte-final\\preplyte\\backend\\src\\module\\auth\\auth.service.ts:467:13)\n    at process.processTicksAndRejections (node:internal/process/task_queues:105:5)\n    at async sendEmailOTP (D:\\Swaran\\Codiezz\\Preplyte-final\\preplyte\\backend\\src\\module\\auth\\auth.controller.ts:237:5)","timestamp":"2026-02-23 20:34:24","userAgent":"Mozilla/5.0 (Windows NT 10.0; Win64; x64) AppleWebKit/537.36 (KHTML, like Gecko) Chrome/145.0.0.0 Safari/537.36"}
{"level":"info","message":"\u001b[0mPOST /api/auth/send-otp \u001b[31m500\u001b[0m 3341.515 ms - 557\u001b[0m","service":"preplyte-api","timestamp":"2026-02-23 20:34:24"}
{"level":"debug","message":"Query: SELECT \"public\".\"users\".\"id\", \"public\".\"users\".\"emailVerified\", \"public\".\"users\".\"isActive\", \"public\".\"users\".\"password\" FROM \"public\".\"users\" WHERE (\"public\".\"users\".\"email\" = $1 AND 1=1) LIMIT $2 OFFSET $3","service":"preplyte-api","timestamp":"2026-02-23 20:34:25"}
{"level":"debug","message":"Params: [\"swarangudelli@gmail.com\",1,0]","service":"preplyte-api","timestamp":"2026-02-23 20:34:25"}
{"level":"debug","message":"Duration: 1ms","service":"preplyte-api","timestamp":"2026-02-23 20:34:25"}
{"level":"debug","message":"Query: UPDATE \"public\".\"users\" SET \"emailVerificationOtp\" = $1, \"emailVerificationOtpExpiry\" = $2, \"updatedAt\" = $3 WHERE (\"public\".\"users\".\"id\" = $4 AND 1=1) RETURNING \"public\".\"users\".\"id\", \"public\".\"users\".\"email\", \"public\".\"users\".\"password\", \"public\".\"users\".\"name\", \"public\".\"users\".\"role\"::text, \"public\".\"users\".\"isActive\", \"public\".\"users\".\"instituteId\", \"public\".\"users\".\"profilePictureUrl\", \"public\".\"users\".\"googleId\", \"public\".\"users\".\"provider\", \"public\".\"users\".\"avatar\", \"public\".\"users\".\"emailVerified\", \"public\".\"users\".\"emailVerificationOtp\", \"public\".\"users\".\"emailVerificationOtpExpiry\", \"public\".\"users\".\"createdAt\", \"public\".\"users\".\"updatedAt\", \"public\".\"users\".\"lastLoginAt\", \"public\".\"users\".\"tokenVersion\"","service":"preplyte-api","timestamp":"2026-02-23 20:34:25"}
{"level":"debug","message":"Params: [\"509969\",\"2026-02-23 15:14:25.638 UTC\",\"2026-02-23 15:04:25.640 UTC\",\"cmlz8b3y50001tl41u6svfrlm\"]","service":"preplyte-api","timestamp":"2026-02-23 20:34:25"}
{"level":"debug","message":"Duration: 3ms","service":"preplyte-api","timestamp":"2026-02-23 20:34:25"}
{"from":"Preplyte <codiezz.officials@gmail.com>","host":"smtp-relay.brevo.com","level":"info","message":"Attempting to send OTP email","port":587,"service":"preplyte-api","timestamp":"2026-02-23 20:34:25","to":"swarangudelli@gmail.com"}
{"code":"EAUTH","command":"AUTH PLAIN","email":"swarangudelli@gmail.com","error":"Invalid login: 535 5.7.8 Authentication failed","level":"error","message":"Failed to send OTP email","service":"preplyte-api","stack":"Error: Invalid login: 535 5.7.8 Authentication failed\n    at SMTPConnection._formatError (D:\\Swaran\\Codiezz\\Preplyte-final\\preplyte\\backend\\node_modules\\nodemailer\\lib\\smtp-connection\\index.js:809:19)\n    at SMTPConnection._actionAUTHComplete (D:\\Swaran\\Codiezz\\Preplyte-final\\preplyte\\backend\\node_modules\\nodemailer\\lib\\smtp-connection\\index.js:1588:34)\n    at SMTPConnection.<anonymous> (D:\\Swaran\\Codiezz\\Preplyte-final\\preplyte\\backend\\node_modules\\nodemailer\\lib\\smtp-connection\\index.js:556:26)\n    at SMTPConnection._processResponse (D:\\Swaran\\Codiezz\\Preplyte-final\\preplyte\\backend\\node_modules\\nodemailer\\lib\\smtp-connection\\index.js:993:20)\n    at SMTPConnection._onData (D:\\Swaran\\Codiezz\\Preplyte-final\\preplyte\\backend\\node_modules\\nodemailer\\lib\\smtp-connection\\index.js:774:14)\n    at SMTPConnection._onSocketData (D:\\Swaran\\Codiezz\\Preplyte-final\\preplyte\\backend\\node_modules\\nodemailer\\lib\\smtp-connection\\index.js:195:44)\n    at TLSSocket.emit (node:events:518:28)\n    at addChunk (node:internal/streams/readable:561:12)\n    at readableAddChunkPushByteMode (node:internal/streams/readable:512:3)\n    at Readable.push (node:internal/streams/readable:392:5)\n    at TLSWrap.onStreamRead (node:internal/stream_base_commons:189:23)","timestamp":"2026-02-23 20:34:26"}
{"ip":"127.0.0.1","level":"error","message":"Unhandled error Failed to send verification email","method":"POST","name":"Error","path":"/api/auth/send-otp","requestId":"bf4d373c-8695-49a0-a2c0-aab48b5ae257","service":"preplyte-api","stack":"Error: Failed to send verification email\n    at AuthService.sendEmailVerificationOTP (D:\\Swaran\\Codiezz\\Preplyte-final\\preplyte\\backend\\src\\module\\auth\\auth.service.ts:467:13)\n    at process.processTicksAndRejections (node:internal/process/task_queues:105:5)\n    at async sendEmailOTP (D:\\Swaran\\Codiezz\\Preplyte-final\\preplyte\\backend\\src\\module\\auth\\auth.controller.ts:237:5)","timestamp":"2026-02-23 20:34:26","userAgent":"Mozilla/5.0 (Windows NT 10.0; Win64; x64) AppleWebKit/537.36 (KHTML, like Gecko) Chrome/145.0.0.0 Safari/537.36"}
{"level":"info","message":"\u001b[0mPOST /api/auth/send-otp \u001b[31m500\u001b[0m 926.526 ms - 557\u001b[0m","service":"preplyte-api","timestamp":"2026-02-23 20:34:26"}
{"level":"debug","message":"Query: SELECT \"public\".\"users\".\"id\", \"public\".\"users\".\"emailVerified\", \"public\".\"users\".\"isActive\", \"public\".\"users\".\"password\" FROM \"public\".\"users\" WHERE (\"public\".\"users\".\"email\" = $1 AND 1=1) LIMIT $2 OFFSET $3","service":"preplyte-api","timestamp":"2026-02-23 20:34:28"}
{"level":"debug","message":"Params: [\"swarangudelli@gmail.com\",1,0]","service":"preplyte-api","timestamp":"2026-02-23 20:34:28"}
{"level":"debug","message":"Duration: 1ms","service":"preplyte-api","timestamp":"2026-02-23 20:34:28"}
{"level":"debug","message":"Query: UPDATE \"public\".\"users\" SET \"emailVerificationOtp\" = $1, \"emailVerificationOtpExpiry\" = $2, \"updatedAt\" = $3 WHERE (\"public\".\"users\".\"id\" = $4 AND 1=1) RETURNING \"public\".\"users\".\"id\", \"public\".\"users\".\"email\", \"public\".\"users\".\"password\", \"public\".\"users\".\"name\", \"public\".\"users\".\"role\"::text, \"public\".\"users\".\"isActive\", \"public\".\"users\".\"instituteId\", \"public\".\"users\".\"profilePictureUrl\", \"public\".\"users\".\"googleId\", \"public\".\"users\".\"provider\", \"public\".\"users\".\"avatar\", \"public\".\"users\".\"emailVerified\", \"public\".\"users\".\"emailVerificationOtp\", \"public\".\"users\".\"emailVerificationOtpExpiry\", \"public\".\"users\".\"createdAt\", \"public\".\"users\".\"updatedAt\", \"public\".\"users\".\"lastLoginAt\", \"public\".\"users\".\"tokenVersion\"","service":"preplyte-api","timestamp":"2026-02-23 20:34:28"}
{"level":"debug","message":"Params: [\"177635\",\"2026-02-23 15:14:28.579 UTC\",\"2026-02-23 15:04:28.584 UTC\",\"cmlz8b3y50001tl41u6svfrlm\"]","service":"preplyte-api","timestamp":"2026-02-23 20:34:28"}
{"level":"debug","message":"Duration: 12ms","service":"preplyte-api","timestamp":"2026-02-23 20:34:28"}
{"from":"Preplyte <codiezz.officials@gmail.com>","host":"smtp-relay.brevo.com","level":"info","message":"Attempting to send OTP email","port":587,"service":"preplyte-api","timestamp":"2026-02-23 20:34:28","to":"swarangudelli@gmail.com"}
{"code":"EAUTH","command":"AUTH PLAIN","email":"swarangudelli@gmail.com","error":"Invalid login: 535 5.7.8 Authentication failed","level":"error","message":"Failed to send OTP email","service":"preplyte-api","stack":"Error: Invalid login: 535 5.7.8 Authentication failed\n    at SMTPConnection._formatError (D:\\Swaran\\Codiezz\\Preplyte-final\\preplyte\\backend\\node_modules\\nodemailer\\lib\\smtp-connection\\index.js:809:19)\n    at SMTPConnection._actionAUTHComplete (D:\\Swaran\\Codiezz\\Preplyte-final\\preplyte\\backend\\node_modules\\nodemailer\\lib\\smtp-connection\\index.js:1588:34)\n    at SMTPConnection.<anonymous> (D:\\Swaran\\Codiezz\\Preplyte-final\\preplyte\\backend\\node_modules\\nodemailer\\lib\\smtp-connection\\index.js:556:26)\n    at SMTPConnection._processResponse (D:\\Swaran\\Codiezz\\Preplyte-final\\preplyte\\backend\\node_modules\\nodemailer\\lib\\smtp-connection\\index.js:993:20)\n    at SMTPConnection._onData (D:\\Swaran\\Codiezz\\Preplyte-final\\preplyte\\backend\\node_modules\\nodemailer\\lib\\smtp-connection\\index.js:774:14)\n    at SMTPConnection._onSocketData (D:\\Swaran\\Codiezz\\Preplyte-final\\preplyte\\backend\\node_modules\\nodemailer\\lib\\smtp-connection\\index.js:195:44)\n    at TLSSocket.emit (node:events:518:28)\n    at addChunk (node:internal/streams/readable:561:12)\n    at readableAddChunkPushByteMode (node:internal/streams/readable:512:3)\n    at Readable.push (node:internal/streams/readable:392:5)\n    at TLSWrap.onStreamRead (node:internal/stream_base_commons:189:23)","timestamp":"2026-02-23 20:34:29"}
{"ip":"127.0.0.1","level":"error","message":"Unhandled error Failed to send verification email","method":"POST","name":"Error","path":"/api/auth/send-otp","requestId":"bd44704d-acee-4ba4-82fd-244c0b409dd9","service":"preplyte-api","stack":"Error: Failed to send verification email\n    at AuthService.sendEmailVerificationOTP (D:\\Swaran\\Codiezz\\Preplyte-final\\preplyte\\backend\\src\\module\\auth\\auth.service.ts:467:13)\n    at process.processTicksAndRejections (node:internal/process/task_queues:105:5)\n    at async sendEmailOTP (D:\\Swaran\\Codiezz\\Preplyte-final\\preplyte\\backend\\src\\module\\auth\\auth.controller.ts:237:5)","timestamp":"2026-02-23 20:34:29","userAgent":"Mozilla/5.0 (Windows NT 10.0; Win64; x64) AppleWebKit/537.36 (KHTML, like Gecko) Chrome/145.0.0.0 Safari/537.36"}
{"level":"info","message":"\u001b[0mPOST /api/auth/send-otp \u001b[31m500\u001b[0m 453.636 ms - 557\u001b[0m","service":"preplyte-api","timestamp":"2026-02-23 20:34:29"}
{"level":"debug","message":"Query: SELECT \"public\".\"users\".\"id\", \"public\".\"users\".\"emailVerified\", \"public\".\"users\".\"isActive\", \"public\".\"users\".\"password\" FROM \"public\".\"users\" WHERE (\"public\".\"users\".\"email\" = $1 AND 1=1) LIMIT $2 OFFSET $3","service":"preplyte-api","timestamp":"2026-02-23 20:34:33"}
{"level":"debug","message":"Params: [\"swarangudelli@gmail.com\",1,0]","service":"preplyte-api","timestamp":"2026-02-23 20:34:33"}
{"level":"debug","message":"Duration: 1ms","service":"preplyte-api","timestamp":"2026-02-23 20:34:33"}
{"level":"debug","message":"Query: UPDATE \"public\".\"users\" SET \"emailVerificationOtp\" = $1, \"emailVerificationOtpExpiry\" = $2, \"updatedAt\" = $3 WHERE (\"public\".\"users\".\"id\" = $4 AND 1=1) RETURNING \"public\".\"users\".\"id\", \"public\".\"users\".\"email\", \"public\".\"users\".\"password\", \"public\".\"users\".\"name\", \"public\".\"users\".\"role\"::text, \"public\".\"users\".\"isActive\", \"public\".\"users\".\"instituteId\", \"public\".\"users\".\"profilePictureUrl\", \"public\".\"users\".\"googleId\", \"public\".\"users\".\"provider\", \"public\".\"users\".\"avatar\", \"public\".\"users\".\"emailVerified\", \"public\".\"users\".\"emailVerificationOtp\", \"public\".\"users\".\"emailVerificationOtpExpiry\", \"public\".\"users\".\"createdAt\", \"public\".\"users\".\"updatedAt\", \"public\".\"users\".\"lastLoginAt\", \"public\".\"users\".\"tokenVersion\"","service":"preplyte-api","timestamp":"2026-02-23 20:34:33"}
{"level":"debug","message":"Params: [\"182541\",\"2026-02-23 15:14:33.048 UTC\",\"2026-02-23 15:04:33.051 UTC\",\"cmlz8b3y50001tl41u6svfrlm\"]","service":"preplyte-api","timestamp":"2026-02-23 20:34:33"}
{"level":"debug","message":"Duration: 11ms","service":"preplyte-api","timestamp":"2026-02-23 20:34:33"}
{"from":"Preplyte <codiezz.officials@gmail.com>","host":"smtp-relay.brevo.com","level":"info","message":"Attempting to send OTP email","port":587,"service":"preplyte-api","timestamp":"2026-02-23 20:34:33","to":"swarangudelli@gmail.com"}
{"code":"EAUTH","command":"AUTH PLAIN","email":"swarangudelli@gmail.com","error":"Invalid login: 535 5.7.8 Authentication failed","level":"error","message":"Failed to send OTP email","service":"preplyte-api","stack":"Error: Invalid login: 535 5.7.8 Authentication failed\n    at SMTPConnection._formatError (D:\\Swaran\\Codiezz\\Preplyte-final\\preplyte\\backend\\node_modules\\nodemailer\\lib\\smtp-connection\\index.js:809:19)\n    at SMTPConnection._actionAUTHComplete (D:\\Swaran\\Codiezz\\Preplyte-final\\preplyte\\backend\\node_modules\\nodemailer\\lib\\smtp-connection\\index.js:1588:34)\n    at SMTPConnection.<anonymous> (D:\\Swaran\\Codiezz\\Preplyte-final\\preplyte\\backend\\node_modules\\nodemailer\\lib\\smtp-connection\\index.js:556:26)\n    at SMTPConnection._processResponse (D:\\Swaran\\Codiezz\\Preplyte-final\\preplyte\\backend\\node_modules\\nodemailer\\lib\\smtp-connection\\index.js:993:20)\n    at SMTPConnection._onData (D:\\Swaran\\Codiezz\\Preplyte-final\\preplyte\\backend\\node_modules\\nodemailer\\lib\\smtp-connection\\index.js:774:14)\n    at SMTPConnection._onSocketData (D:\\Swaran\\Codiezz\\Preplyte-final\\preplyte\\backend\\node_modules\\nodemailer\\lib\\smtp-connection\\index.js:195:44)\n    at TLSSocket.emit (node:events:518:28)\n    at addChunk (node:internal/streams/readable:561:12)\n    at readableAddChunkPushByteMode (node:internal/streams/readable:512:3)\n    at Readable.push (node:internal/streams/readable:392:5)\n    at TLSWrap.onStreamRead (node:internal/stream_base_commons:189:23)","timestamp":"2026-02-23 20:34:34"}
{"ip":"127.0.0.1","level":"error","message":"Unhandled error Failed to send verification email","method":"POST","name":"Error","path":"/api/auth/send-otp","requestId":"6a25605a-628b-4b04-8a57-c0dca3546de2","service":"preplyte-api","stack":"Error: Failed to send verification email\n    at AuthService.sendEmailVerificationOTP (D:\\Swaran\\Codiezz\\Preplyte-final\\preplyte\\backend\\src\\module\\auth\\auth.service.ts:467:13)\n    at process.processTicksAndRejections (node:internal/process/task_queues:105:5)\n    at async sendEmailOTP (D:\\Swaran\\Codiezz\\Preplyte-final\\preplyte\\backend\\src\\module\\auth\\auth.controller.ts:237:5)","timestamp":"2026-02-23 20:34:34","userAgent":"Mozilla/5.0 (Windows NT 10.0; Win64; x64) AppleWebKit/537.36 (KHTML, like Gecko) Chrome/145.0.0.0 Safari/537.36"}
{"level":"info","message":"\u001b[0mPOST /api/auth/send-otp \u001b[31m500\u001b[0m 1100.162 ms - 557\u001b[0m","service":"preplyte-api","timestamp":"2026-02-23 20:34:34"}
{"level":"info","message":"Received SIGINT. Closing database connection...","service":"preplyte-api","timestamp":"2026-02-23 20:34:43"}
{"level":"info","message":"SIGINT received. Starting graceful shutdown...","service":"preplyte-api","timestamp":"2026-02-23 20:34:43"}
{"level":"info","message":"Token cleanup scheduler stopped","service":"preplyte-api","timestamp":"2026-02-23 20:34:43"}
{"level":"info","message":"[WS Gateway] WebSocket server shut down","service":"preplyte-api","timestamp":"2026-02-23 20:34:43"}
{"level":"info","message":"Database connection closed","service":"preplyte-api","timestamp":"2026-02-23 20:34:43"}
{"level":"warn","message":"Google OAuth not configured - missing GOOGLE_CLIENT_ID or GOOGLE_CLIENT_SECRET","service":"preplyte-api","timestamp":"2026-02-23 20:35:06"}
{"host":"smtp-relay.brevo.com","level":"info","message":"Email service initialized successfully","port":587,"secure":false,"service":"preplyte-api","timestamp":"2026-02-23 20:35:07","user":"a3215f001@smtp-brevo.com"}
{"baseURL":"https://judge0-ce.p.rapidapi.com","level":"info","message":"Judge0 client initialized","service":"preplyte-api","timestamp":"2026-02-23 20:35:07","useRapidAPI":true}
{"level":"info","message":"[TTS] Using Deepgram for text-to-speech","service":"preplyte-api","timestamp":"2026-02-23 20:35:09"}
{"keyLength":39,"keyPrefix":"AIzaSyBvwy...","level":"info","message":"Gemini API Key loaded:","service":"preplyte-api","timestamp":"2026-02-23 20:35:15"}
{"environment":"development","host":"0.0.0.0","level":"info","message":"Starting server...","port":4000,"service":"preplyte-api","timestamp":"2026-02-23 20:35:15"}
{"level":"info","message":"Checking database connection...","service":"preplyte-api","timestamp":"2026-02-23 20:35:15"}
{"level":"debug","message":"Query: SELECT 1","service":"preplyte-api","timestamp":"2026-02-23 20:35:15"}
{"level":"debug","message":"Params: []","service":"preplyte-api","timestamp":"2026-02-23 20:35:15"}
{"level":"debug","message":"Duration: 4ms","service":"preplyte-api","timestamp":"2026-02-23 20:35:15"}
{"level":"info","message":"✅ Database connected successfully","service":"preplyte-api","timestamp":"2026-02-23 20:35:15"}
{"level":"info","message":"[WS Gateway] WebSocket server initialized","path":"/ws/interview/:sessionId","service":"preplyte-api","timestamp":"2026-02-23 20:35:15"}
{"api":"http://localhost:4000/api","environment":"development","health":"http://localhost:4000/health","host":"0.0.0.0","level":"info","message":"🚀 Server running","port":4000,"service":"preplyte-api","timestamp":"2026-02-23 20:35:15","websocket":"ws://localhost:4000/ws/interview/:sessionId"}
{"intervalHours":24,"level":"info","message":"Starting token cleanup scheduler","service":"preplyte-api","timestamp":"2026-02-23 20:35:15"}
{"level":"info","message":"Starting token cleanup job","service":"preplyte-api","timestamp":"2026-02-23 20:35:15"}
{"level":"debug","message":"Query: DELETE FROM \"public\".\"refresh_tokens\" WHERE (\"public\".\"refresh_tokens\".\"expiresAt\" < $1 OR \"public\".\"refresh_tokens\".\"revokedAt\" < $2)","service":"preplyte-api","timestamp":"2026-02-23 20:35:15"}
{"level":"debug","message":"Params: [\"2026-02-23 15:05:15.799 UTC\",\"2026-02-16 15:05:15.799 UTC\"]","service":"preplyte-api","timestamp":"2026-02-23 20:35:15"}
{"level":"debug","message":"Duration: 18ms","service":"preplyte-api","timestamp":"2026-02-23 20:35:15"}
{"count":0,"level":"info","message":"Cleaned up expired tokens","service":"preplyte-api","timestamp":"2026-02-23 20:35:15"}
{"level":"info","message":"Token cleanup completed","service":"preplyte-api","timestamp":"2026-02-23 20:35:15","tokensRemoved":0}
{"level":"debug","message":"Query: SELECT 1","service":"preplyte-api","timestamp":"2026-02-23 20:35:36"}
{"level":"debug","message":"Params: []","service":"preplyte-api","timestamp":"2026-02-23 20:35:36"}
{"level":"debug","message":"Duration: 17ms","service":"preplyte-api","timestamp":"2026-02-23 20:35:36"}
{"level":"debug","message":"Query: SELECT \"public\".\"users\".\"id\", \"public\".\"users\".\"emailVerified\", \"public\".\"users\".\"isActive\", \"public\".\"users\".\"password\" FROM \"public\".\"users\" WHERE (\"public\".\"users\".\"email\" = $1 AND 1=1) LIMIT $2 OFFSET $3","service":"preplyte-api","timestamp":"2026-02-23 20:35:37"}
{"level":"debug","message":"Params: [\"swarangudelli@gmail.com\",1,0]","service":"preplyte-api","timestamp":"2026-02-23 20:35:37"}
{"level":"debug","message":"Duration: 62ms","service":"preplyte-api","timestamp":"2026-02-23 20:35:37"}
{"level":"debug","message":"Query: UPDATE \"public\".\"users\" SET \"emailVerificationOtp\" = $1, \"emailVerificationOtpExpiry\" = $2, \"updatedAt\" = $3 WHERE (\"public\".\"users\".\"id\" = $4 AND 1=1) RETURNING \"public\".\"users\".\"id\", \"public\".\"users\".\"email\", \"public\".\"users\".\"password\", \"public\".\"users\".\"name\", \"public\".\"users\".\"role\"::text, \"public\".\"users\".\"isActive\", \"public\".\"users\".\"instituteId\", \"public\".\"users\".\"profilePictureUrl\", \"public\".\"users\".\"googleId\", \"public\".\"users\".\"provider\", \"public\".\"users\".\"avatar\", \"public\".\"users\".\"emailVerified\", \"public\".\"users\".\"emailVerificationOtp\", \"public\".\"users\".\"emailVerificationOtpExpiry\", \"public\".\"users\".\"createdAt\", \"public\".\"users\".\"updatedAt\", \"public\".\"users\".\"lastLoginAt\", \"public\".\"users\".\"tokenVersion\"","service":"preplyte-api","timestamp":"2026-02-23 20:35:37"}
{"level":"debug","message":"Params: [\"909840\",\"2026-02-23 15:15:37.044 UTC\",\"2026-02-23 15:05:37.048 UTC\",\"cmlz8b3y50001tl41u6svfrlm\"]","service":"preplyte-api","timestamp":"2026-02-23 20:35:37"}
{"level":"debug","message":"Duration: 22ms","service":"preplyte-api","timestamp":"2026-02-23 20:35:37"}
{"from":"Preplyte <codiezz.officials@gmail.com>","host":"smtp-relay.brevo.com","level":"info","message":"Attempting to send OTP email","port":587,"service":"preplyte-api","timestamp":"2026-02-23 20:35:37","to":"swarangudelli@gmail.com"}
{"email":"swarangudelli@gmail.com","level":"info","message":"OTP email sent successfully","messageId":"<6dcc60e7-382f-583f-0dfc-cac0c240478c@gmail.com>","response":"250 2.0.0 OK: queued as <6dcc60e7-382f-583f-0dfc-cac0c240478c@gmail.com>","service":"preplyte-api","timestamp":"2026-02-23 20:35:39"}
{"email":"swarangudelli@gmail.com","level":"info","message":"OTP sent successfully","service":"preplyte-api","timestamp":"2026-02-23 20:35:39"}
{"level":"info","message":"\u001b[0mPOST /api/auth/send-otp \u001b[32m200\u001b[0m 2640.985 ms - 77\u001b[0m","service":"preplyte-api","timestamp":"2026-02-23 20:35:39"}
{"level":"debug","message":"Query: SELECT 1","service":"preplyte-api","timestamp":"2026-02-23 20:37:30"}
{"level":"debug","message":"Params: []","service":"preplyte-api","timestamp":"2026-02-23 20:37:30"}
{"level":"debug","message":"Duration: 4ms","service":"preplyte-api","timestamp":"2026-02-23 20:37:30"}
{"level":"debug","message":"Query: SELECT \"public\".\"users\".\"id\", \"public\".\"users\".\"emailVerified\", \"public\".\"users\".\"isActive\", \"public\".\"users\".\"password\" FROM \"public\".\"users\" WHERE (\"public\".\"users\".\"email\" = $1 AND 1=1) LIMIT $2 OFFSET $3","service":"preplyte-api","timestamp":"2026-02-23 20:37:30"}
{"level":"debug","message":"Params: [\"swarangudelli@gmail.com\",1,0]","service":"preplyte-api","timestamp":"2026-02-23 20:37:30"}
{"level":"debug","message":"Duration: 3ms","service":"preplyte-api","timestamp":"2026-02-23 20:37:30"}
{"level":"debug","message":"Query: UPDATE \"public\".\"users\" SET \"emailVerificationOtp\" = $1, \"emailVerificationOtpExpiry\" = $2, \"updatedAt\" = $3 WHERE (\"public\".\"users\".\"id\" = $4 AND 1=1) RETURNING \"public\".\"users\".\"id\", \"public\".\"users\".\"email\", \"public\".\"users\".\"password\", \"public\".\"users\".\"name\", \"public\".\"users\".\"role\"::text, \"public\".\"users\".\"isActive\", \"public\".\"users\".\"instituteId\", \"public\".\"users\".\"profilePictureUrl\", \"public\".\"users\".\"googleId\", \"public\".\"users\".\"provider\", \"public\".\"users\".\"avatar\", \"public\".\"users\".\"emailVerified\", \"public\".\"users\".\"emailVerificationOtp\", \"public\".\"users\".\"emailVerificationOtpExpiry\", \"public\".\"users\".\"createdAt\", \"public\".\"users\".\"updatedAt\", \"public\".\"users\".\"lastLoginAt\", \"public\".\"users\".\"tokenVersion\"","service":"preplyte-api","timestamp":"2026-02-23 20:37:30"}
{"level":"debug","message":"Params: [\"662682\",\"2026-02-23 15:17:30.736 UTC\",\"2026-02-23 15:07:30.834 UTC\",\"cmlz8b3y50001tl41u6svfrlm\"]","service":"preplyte-api","timestamp":"2026-02-23 20:37:30"}
{"level":"debug","message":"Duration: 5ms","service":"preplyte-api","timestamp":"2026-02-23 20:37:30"}
{"from":"Preplyte <codiezz.officials@gmail.com>","host":"smtp-relay.brevo.com","level":"info","message":"Attempting to send OTP email","port":587,"service":"preplyte-api","timestamp":"2026-02-23 20:37:31","to":"swarangudelli@gmail.com"}
{"email":"swarangudelli@gmail.com","level":"info","message":"OTP email sent successfully","messageId":"<74147362-e243-7652-e19e-20c6d0ba207a@gmail.com>","response":"250 2.0.0 OK: queued as <74147362-e243-7652-e19e-20c6d0ba207a@gmail.com>","service":"preplyte-api","timestamp":"2026-02-23 20:37:33"}
{"email":"swarangudelli@gmail.com","level":"info","message":"OTP sent successfully","service":"preplyte-api","timestamp":"2026-02-23 20:37:33"}
{"level":"info","message":"\u001b[0mPOST /api/auth/send-otp \u001b[32m200\u001b[0m 3270.249 ms - 77\u001b[0m","service":"preplyte-api","timestamp":"2026-02-23 20:37:33"}
{"level":"debug","message":"Query: SELECT 1","service":"preplyte-api","timestamp":"2026-02-23 20:37:46"}
{"level":"debug","message":"Params: []","service":"preplyte-api","timestamp":"2026-02-23 20:37:46"}
{"level":"debug","message":"Duration: 1ms","service":"preplyte-api","timestamp":"2026-02-23 20:37:46"}
{"level":"debug","message":"Query: SELECT \"public\".\"users\".\"id\", \"public\".\"users\".\"emailVerificationOtp\", \"public\".\"users\".\"emailVerificationOtpExpiry\", \"public\".\"users\".\"emailVerified\" FROM \"public\".\"users\" WHERE (\"public\".\"users\".\"email\" = $1 AND 1=1) LIMIT $2 OFFSET $3","service":"preplyte-api","timestamp":"2026-02-23 20:37:46"}
{"level":"debug","message":"Params: [\"swarangudelli@gmail.com\",1,0]","service":"preplyte-api","timestamp":"2026-02-23 20:37:46"}
{"level":"debug","message":"Duration: 52ms","service":"preplyte-api","timestamp":"2026-02-23 20:37:46"}
{"code":"VALIDATION_ERROR","ip":"127.0.0.1","level":"warn","message":"Operational error Invalid OTP","method":"POST","path":"/api/auth/verify-otp","requestId":"6139459a-1b8c-4ee9-935a-3c8ab91e0fb7","service":"preplyte-api","timestamp":"2026-02-23 20:37:46","userAgent":"Mozilla/5.0 (Windows NT 10.0; Win64; x64) AppleWebKit/537.36 (KHTML, like Gecko) Chrome/145.0.0.0 Safari/537.36"}
{"level":"info","message":"\u001b[0mPOST /api/auth/verify-otp \u001b[33m400\u001b[0m 193.605 ms - 128\u001b[0m","service":"preplyte-api","timestamp":"2026-02-23 20:37:46"}
{"level":"debug","message":"Query: SELECT 1","service":"preplyte-api","timestamp":"2026-02-23 20:38:14"}
{"level":"debug","message":"Params: []","service":"preplyte-api","timestamp":"2026-02-23 20:38:14"}
{"level":"debug","message":"Duration: 1ms","service":"preplyte-api","timestamp":"2026-02-23 20:38:14"}
{"level":"debug","message":"Query: SELECT \"public\".\"users\".\"id\", \"public\".\"users\".\"emailVerified\", \"public\".\"users\".\"isActive\", \"public\".\"users\".\"password\" FROM \"public\".\"users\" WHERE (\"public\".\"users\".\"email\" = $1 AND 1=1) LIMIT $2 OFFSET $3","service":"preplyte-api","timestamp":"2026-02-23 20:38:14"}
{"level":"debug","message":"Params: [\"swarangudelli@gmail.com\",1,0]","service":"preplyte-api","timestamp":"2026-02-23 20:38:14"}
{"level":"debug","message":"Duration: 1ms","service":"preplyte-api","timestamp":"2026-02-23 20:38:14"}
{"level":"debug","message":"Query: UPDATE \"public\".\"users\" SET \"emailVerificationOtp\" = $1, \"emailVerificationOtpExpiry\" = $2, \"updatedAt\" = $3 WHERE (\"public\".\"users\".\"id\" = $4 AND 1=1) RETURNING \"public\".\"users\".\"id\", \"public\".\"users\".\"email\", \"public\".\"users\".\"password\", \"public\".\"users\".\"name\", \"public\".\"users\".\"role\"::text, \"public\".\"users\".\"isActive\", \"public\".\"users\".\"instituteId\", \"public\".\"users\".\"profilePictureUrl\", \"public\".\"users\".\"googleId\", \"public\".\"users\".\"provider\", \"public\".\"users\".\"avatar\", \"public\".\"users\".\"emailVerified\", \"public\".\"users\".\"emailVerificationOtp\", \"public\".\"users\".\"emailVerificationOtpExpiry\", \"public\".\"users\".\"createdAt\", \"public\".\"users\".\"updatedAt\", \"public\".\"users\".\"lastLoginAt\", \"public\".\"users\".\"tokenVersion\"","service":"preplyte-api","timestamp":"2026-02-23 20:38:14"}
{"level":"debug","message":"Params: [\"857261\",\"2026-02-23 15:18:14.415 UTC\",\"2026-02-23 15:08:14.418 UTC\",\"cmlz8b3y50001tl41u6svfrlm\"]","service":"preplyte-api","timestamp":"2026-02-23 20:38:14"}
{"level":"debug","message":"Duration: 4ms","service":"preplyte-api","timestamp":"2026-02-23 20:38:14"}
{"from":"Preplyte <codiezz.officials@gmail.com>","host":"smtp-relay.brevo.com","level":"info","message":"Attempting to send OTP email","port":587,"service":"preplyte-api","timestamp":"2026-02-23 20:38:14","to":"swarangudelli@gmail.com"}
{"email":"swarangudelli@gmail.com","level":"info","message":"OTP email sent successfully","messageId":"<ca79fba4-327d-e676-6c14-ff426fab0c67@gmail.com>","response":"250 2.0.0 OK: queued as <ca79fba4-327d-e676-6c14-ff426fab0c67@gmail.com>","service":"preplyte-api","timestamp":"2026-02-23 20:38:14"}
{"email":"swarangudelli@gmail.com","level":"info","message":"OTP sent successfully","service":"preplyte-api","timestamp":"2026-02-23 20:38:14"}
{"level":"info","message":"\u001b[0mPOST /api/auth/send-otp \u001b[32m200\u001b[0m 600.524 ms - 77\u001b[0m","service":"preplyte-api","timestamp":"2026-02-23 20:38:15"}
{"level":"debug","message":"Query: SELECT 1","service":"preplyte-api","timestamp":"2026-02-23 20:39:04"}
{"level":"debug","message":"Params: []","service":"preplyte-api","timestamp":"2026-02-23 20:39:04"}
{"level":"debug","message":"Duration: 1ms","service":"preplyte-api","timestamp":"2026-02-23 20:39:04"}
{"level":"debug","message":"Query: SELECT \"public\".\"users\".\"id\", \"public\".\"users\".\"emailVerified\", \"public\".\"users\".\"isActive\", \"public\".\"users\".\"password\" FROM \"public\".\"users\" WHERE (\"public\".\"users\".\"email\" = $1 AND 1=1) LIMIT $2 OFFSET $3","service":"preplyte-api","timestamp":"2026-02-23 20:39:04"}
{"level":"debug","message":"Params: [\"gudelliswaran@gmail.com\",1,0]","service":"preplyte-api","timestamp":"2026-02-23 20:39:04"}
{"level":"debug","message":"Duration: 1ms","service":"preplyte-api","timestamp":"2026-02-23 20:39:04"}
{"code":"CONFLICT","ip":"127.0.0.1","level":"warn","message":"Operational error Email is already registered. Please login instead.","method":"POST","path":"/api/auth/send-otp","requestId":"0deb322b-0e83-4e17-bfb1-b3c489ecab3b","service":"preplyte-api","timestamp":"2026-02-23 20:39:04","userAgent":"Mozilla/5.0 (Windows NT 10.0; Win64; x64) AppleWebKit/537.36 (KHTML, like Gecko) Chrome/145.0.0.0 Safari/537.36"}
{"level":"info","message":"\u001b[0mPOST /api/auth/send-otp \u001b[33m409\u001b[0m 34.450 ms - 159\u001b[0m","service":"preplyte-api","timestamp":"2026-02-23 20:39:04"}
{"level":"info","message":"\u001b[0mPOST /api/auth/send-otp \u001b[33m429\u001b[0m 6.665 ms - 108\u001b[0m","service":"preplyte-api","timestamp":"2026-02-23 20:39:55"}
{"level":"info","message":"\u001b[0mPOST /api/auth/send-otp \u001b[33m429\u001b[0m 2.615 ms - 108\u001b[0m","service":"preplyte-api","timestamp":"2026-02-23 20:39:56"}
{"level":"info","message":"Received SIGINT. Closing database connection...","service":"preplyte-api","timestamp":"2026-02-23 20:40:08"}
{"level":"info","message":"SIGINT received. Starting graceful shutdown...","service":"preplyte-api","timestamp":"2026-02-23 20:40:08"}
{"level":"info","message":"Token cleanup scheduler stopped","service":"preplyte-api","timestamp":"2026-02-23 20:40:08"}
{"level":"info","message":"[WS Gateway] WebSocket server shut down","service":"preplyte-api","timestamp":"2026-02-23 20:40:08"}
{"level":"info","message":"Database connection closed","service":"preplyte-api","timestamp":"2026-02-23 20:40:08"}
{"level":"warn","message":"Google OAuth not configured - missing GOOGLE_CLIENT_ID or GOOGLE_CLIENT_SECRET","service":"preplyte-api","timestamp":"2026-02-23 20:40:33"}
{"host":"smtp-relay.brevo.com","level":"info","message":"Email service initialized successfully","port":587,"secure":false,"service":"preplyte-api","timestamp":"2026-02-23 20:40:34","user":"a3215f001@smtp-brevo.com"}
{"baseURL":"https://judge0-ce.p.rapidapi.com","level":"info","message":"Judge0 client initialized","service":"preplyte-api","timestamp":"2026-02-23 20:40:34","useRapidAPI":true}
{"level":"info","message":"[TTS] Using Deepgram for text-to-speech","service":"preplyte-api","timestamp":"2026-02-23 20:40:36"}
{"keyLength":39,"keyPrefix":"AIzaSyBvwy...","level":"info","message":"Gemini API Key loaded:","service":"preplyte-api","timestamp":"2026-02-23 20:40:44"}
{"environment":"development","host":"0.0.0.0","level":"info","message":"Starting server...","port":4000,"service":"preplyte-api","timestamp":"2026-02-23 20:40:44"}
{"level":"info","message":"Checking database connection...","service":"preplyte-api","timestamp":"2026-02-23 20:40:44"}
{"level":"debug","message":"Query: SELECT 1","service":"preplyte-api","timestamp":"2026-02-23 20:40:44"}
{"level":"debug","message":"Params: []","service":"preplyte-api","timestamp":"2026-02-23 20:40:44"}
{"level":"debug","message":"Duration: 5ms","service":"preplyte-api","timestamp":"2026-02-23 20:40:44"}
{"level":"info","message":"✅ Database connected successfully","service":"preplyte-api","timestamp":"2026-02-23 20:40:44"}
{"level":"info","message":"[WS Gateway] WebSocket server initialized","path":"/ws/interview/:sessionId","service":"preplyte-api","timestamp":"2026-02-23 20:40:44"}
{"api":"http://localhost:4000/api","environment":"development","health":"http://localhost:4000/health","host":"0.0.0.0","level":"info","message":"🚀 Server running","port":4000,"service":"preplyte-api","timestamp":"2026-02-23 20:40:44","websocket":"ws://localhost:4000/ws/interview/:sessionId"}
{"intervalHours":24,"level":"info","message":"Starting token cleanup scheduler","service":"preplyte-api","timestamp":"2026-02-23 20:40:44"}
{"level":"info","message":"Starting token cleanup job","service":"preplyte-api","timestamp":"2026-02-23 20:40:44"}
{"level":"debug","message":"Query: DELETE FROM \"public\".\"refresh_tokens\" WHERE (\"public\".\"refresh_tokens\".\"expiresAt\" < $1 OR \"public\".\"refresh_tokens\".\"revokedAt\" < $2)","service":"preplyte-api","timestamp":"2026-02-23 20:40:45"}
{"level":"debug","message":"Params: [\"2026-02-23 15:10:44.966 UTC\",\"2026-02-16 15:10:44.966 UTC\"]","service":"preplyte-api","timestamp":"2026-02-23 20:40:45"}
{"level":"debug","message":"Duration: 19ms","service":"preplyte-api","timestamp":"2026-02-23 20:40:45"}
{"count":0,"level":"info","message":"Cleaned up expired tokens","service":"preplyte-api","timestamp":"2026-02-23 20:40:45"}
{"level":"info","message":"Token cleanup completed","service":"preplyte-api","timestamp":"2026-02-23 20:40:45","tokensRemoved":0}
{"level":"debug","message":"Query: SELECT \"public\".\"users\".\"id\", \"public\".\"users\".\"emailVerified\", \"public\".\"users\".\"isActive\", \"public\".\"users\".\"password\" FROM \"public\".\"users\" WHERE (\"public\".\"users\".\"email\" = $1 AND 1=1) LIMIT $2 OFFSET $3","service":"preplyte-api","timestamp":"2026-02-23 20:40:57"}
{"level":"debug","message":"Params: [\"antelopegamerz@gmail.com\",1,0]","service":"preplyte-api","timestamp":"2026-02-23 20:40:57"}
{"level":"debug","message":"Duration: 19ms","service":"preplyte-api","timestamp":"2026-02-23 20:40:57"}
{"level":"debug","message":"Query: INSERT INTO \"public\".\"users\" (\"id\",\"email\",\"password\",\"role\",\"isActive\",\"provider\",\"emailVerified\",\"emailVerificationOtp\",\"emailVerificationOtpExpiry\",\"createdAt\",\"updatedAt\",\"tokenVersion\") VALUES ($1,$2,$3,CAST($4::text AS \"public\".\"UserRole\"),$5,$6,$7,$8,$9,$10,$11,$12) RETURNING \"public\".\"users\".\"id\", \"public\".\"users\".\"email\", \"public\".\"users\".\"password\", \"public\".\"users\".\"name\", \"public\".\"users\".\"role\"::text, \"public\".\"users\".\"isActive\", \"public\".\"users\".\"instituteId\", \"public\".\"users\".\"profilePictureUrl\", \"public\".\"users\".\"googleId\", \"public\".\"users\".\"provider\", \"public\".\"users\".\"avatar\", \"public\".\"users\".\"emailVerified\", \"public\".\"users\".\"emailVerificationOtp\", \"public\".\"users\".\"emailVerificationOtpExpiry\", \"public\".\"users\".\"createdAt\", \"public\".\"users\".\"updatedAt\", \"public\".\"users\".\"lastLoginAt\", \"public\".\"users\".\"tokenVersion\"","service":"preplyte-api","timestamp":"2026-02-23 20:40:57"}
{"level":"debug","message":"Params: [\"cmlzbdf3v0000186fb0idkvzi\",\"antelopegamerz@gmail.com\",null,\"USER\",false,\"local\",false,\"458095\",\"2026-02-23 15:20:57.203 UTC\",\"2026-02-23 15:10:57.206 UTC\",\"2026-02-23 15:10:57.206 UTC\",0]","service":"preplyte-api","timestamp":"2026-02-23 20:40:57"}
{"level":"debug","message":"Duration: 39ms","service":"preplyte-api","timestamp":"2026-02-23 20:40:57"}
{"from":"Preplyte <codiezz.officials@gmail.com>","host":"smtp-relay.brevo.com","level":"info","message":"Attempting to send OTP email","port":587,"service":"preplyte-api","timestamp":"2026-02-23 20:40:57","to":"antelopegamerz@gmail.com"}
{"email":"antelopegamerz@gmail.com","level":"info","message":"OTP email sent successfully","messageId":"<cb96df7e-2922-19f1-cbec-75af39cc22f6@gmail.com>","response":"250 2.0.0 OK: queued as <cb96df7e-2922-19f1-cbec-75af39cc22f6@gmail.com>","service":"preplyte-api","timestamp":"2026-02-23 20:40:59"}
{"email":"antelopegamerz@gmail.com","level":"info","message":"OTP sent successfully","service":"preplyte-api","timestamp":"2026-02-23 20:40:59"}
{"level":"info","message":"\u001b[0mPOST /api/auth/send-otp \u001b[32m200\u001b[0m 2251.754 ms - 77\u001b[0m","service":"preplyte-api","timestamp":"2026-02-23 20:40:59"}
{"level":"debug","message":"Query: SELECT 1","service":"preplyte-api","timestamp":"2026-02-23 20:42:37"}
{"level":"debug","message":"Params: []","service":"preplyte-api","timestamp":"2026-02-23 20:42:37"}
{"level":"debug","message":"Duration: 39ms","service":"preplyte-api","timestamp":"2026-02-23 20:42:37"}
{"level":"debug","message":"Query: SELECT \"public\".\"users\".\"id\", \"public\".\"users\".\"emailVerified\", \"public\".\"users\".\"isActive\", \"public\".\"users\".\"password\" FROM \"public\".\"users\" WHERE (\"public\".\"users\".\"email\" = $1 AND 1=1) LIMIT $2 OFFSET $3","service":"preplyte-api","timestamp":"2026-02-23 20:42:37"}
{"level":"debug","message":"Params: [\"swarangudelli@gmail.com\",1,0]","service":"preplyte-api","timestamp":"2026-02-23 20:42:37"}
{"level":"debug","message":"Duration: 1ms","service":"preplyte-api","timestamp":"2026-02-23 20:42:37"}
{"level":"debug","message":"Query: UPDATE \"public\".\"users\" SET \"emailVerificationOtp\" = $1, \"emailVerificationOtpExpiry\" = $2, \"updatedAt\" = $3 WHERE (\"public\".\"users\".\"id\" = $4 AND 1=1) RETURNING \"public\".\"users\".\"id\", \"public\".\"users\".\"email\", \"public\".\"users\".\"password\", \"public\".\"users\".\"name\", \"public\".\"users\".\"role\"::text, \"public\".\"users\".\"isActive\", \"public\".\"users\".\"instituteId\", \"public\".\"users\".\"profilePictureUrl\", \"public\".\"users\".\"googleId\", \"public\".\"users\".\"provider\", \"public\".\"users\".\"avatar\", \"public\".\"users\".\"emailVerified\", \"public\".\"users\".\"emailVerificationOtp\", \"public\".\"users\".\"emailVerificationOtpExpiry\", \"public\".\"users\".\"createdAt\", \"public\".\"users\".\"updatedAt\", \"public\".\"users\".\"lastLoginAt\", \"public\".\"users\".\"tokenVersion\"","service":"preplyte-api","timestamp":"2026-02-23 20:42:38"}
{"level":"debug","message":"Params: [\"541426\",\"2026-02-23 15:22:37.966 UTC\",\"2026-02-23 15:12:37.969 UTC\",\"cmlz8b3y50001tl41u6svfrlm\"]","service":"preplyte-api","timestamp":"2026-02-23 20:42:38"}
{"level":"debug","message":"Duration: 14ms","service":"preplyte-api","timestamp":"2026-02-23 20:42:38"}
{"from":"Preplyte <codiezz.officials@gmail.com>","host":"smtp-relay.brevo.com","level":"info","message":"Attempting to send OTP email","port":587,"service":"preplyte-api","timestamp":"2026-02-23 20:42:38","to":"swarangudelli@gmail.com"}
{"email":"swarangudelli@gmail.com","level":"info","message":"OTP email sent successfully","messageId":"<bc474692-244d-e3ed-fdef-1f6646fc34d5@gmail.com>","response":"250 2.0.0 OK: queued as <bc474692-244d-e3ed-fdef-1f6646fc34d5@gmail.com>","service":"preplyte-api","timestamp":"2026-02-23 20:42:40"}
{"email":"swarangudelli@gmail.com","level":"info","message":"OTP sent successfully","service":"preplyte-api","timestamp":"2026-02-23 20:42:40"}
{"level":"info","message":"\u001b[0mPOST /api/auth/send-otp \u001b[32m200\u001b[0m 2258.834 ms - 77\u001b[0m","service":"preplyte-api","timestamp":"2026-02-23 20:42:40"}
{"level":"debug","message":"Query: SELECT 1","service":"preplyte-api","timestamp":"2026-02-23 20:43:03"}
{"level":"debug","message":"Params: []","service":"preplyte-api","timestamp":"2026-02-23 20:43:03"}
{"level":"debug","message":"Duration: 1ms","service":"preplyte-api","timestamp":"2026-02-23 20:43:03"}
{"level":"debug","message":"Query: SELECT \"public\".\"users\".\"id\", \"public\".\"users\".\"emailVerificationOtp\", \"public\".\"users\".\"emailVerificationOtpExpiry\", \"public\".\"users\".\"emailVerified\" FROM \"public\".\"users\" WHERE (\"public\".\"users\".\"email\" = $1 AND 1=1) LIMIT $2 OFFSET $3","service":"preplyte-api","timestamp":"2026-02-23 20:43:03"}
{"level":"debug","message":"Params: [\"swarangudelli@gmail.com\",1,0]","service":"preplyte-api","timestamp":"2026-02-23 20:43:03"}
{"level":"debug","message":"Duration: 2ms","service":"preplyte-api","timestamp":"2026-02-23 20:43:03"}
{"code":"VALIDATION_ERROR","ip":"127.0.0.1","level":"warn","message":"Operational error Invalid OTP","method":"POST","path":"/api/auth/verify-otp","requestId":"5331d006-984f-4145-8cd7-b8620504d416","service":"preplyte-api","timestamp":"2026-02-23 20:43:03","userAgent":"Mozilla/5.0 (Windows NT 10.0; Win64; x64) AppleWebKit/537.36 (KHTML, like Gecko) Chrome/145.0.0.0 Safari/537.36"}
{"level":"info","message":"\u001b[0mPOST /api/auth/verify-otp \u001b[33m400\u001b[0m 34.032 ms - 128\u001b[0m","service":"preplyte-api","timestamp":"2026-02-23 20:43:03"}
{"level":"debug","message":"Query: SELECT \"public\".\"users\".\"id\", \"public\".\"users\".\"emailVerified\", \"public\".\"users\".\"isActive\", \"public\".\"users\".\"password\" FROM \"public\".\"users\" WHERE (\"public\".\"users\".\"email\" = $1 AND 1=1) LIMIT $2 OFFSET $3","service":"preplyte-api","timestamp":"2026-02-23 20:47:39"}
{"level":"debug","message":"Params: [\"swarangudelli@gmail.com\",1,0]","service":"preplyte-api","timestamp":"2026-02-23 20:47:39"}
{"level":"debug","message":"Duration: 93ms","service":"preplyte-api","timestamp":"2026-02-23 20:47:39"}
{"level":"debug","message":"Query: UPDATE \"public\".\"users\" SET \"emailVerificationOtp\" = $1, \"emailVerificationOtpExpiry\" = $2, \"updatedAt\" = $3 WHERE (\"public\".\"users\".\"id\" = $4 AND 1=1) RETURNING \"public\".\"users\".\"id\", \"public\".\"users\".\"email\", \"public\".\"users\".\"password\", \"public\".\"users\".\"name\", \"public\".\"users\".\"role\"::text, \"public\".\"users\".\"isActive\", \"public\".\"users\".\"instituteId\", \"public\".\"users\".\"profilePictureUrl\", \"public\".\"users\".\"googleId\", \"public\".\"users\".\"provider\", \"public\".\"users\".\"avatar\", \"public\".\"users\".\"emailVerified\", \"public\".\"users\".\"emailVerificationOtp\", \"public\".\"users\".\"emailVerificationOtpExpiry\", \"public\".\"users\".\"createdAt\", \"public\".\"users\".\"updatedAt\", \"public\".\"users\".\"lastLoginAt\", \"public\".\"users\".\"tokenVersion\"","service":"preplyte-api","timestamp":"2026-02-23 20:47:39"}
{"level":"debug","message":"Params: [\"456673\",\"2026-02-23 15:27:39.807 UTC\",\"2026-02-23 15:17:39.858 UTC\",\"cmlz8b3y50001tl41u6svfrlm\"]","service":"preplyte-api","timestamp":"2026-02-23 20:47:39"}
{"level":"debug","message":"Duration: 12ms","service":"preplyte-api","timestamp":"2026-02-23 20:47:39"}
{"from":"Preplyte <codiezz.officials@gmail.com>","host":"smtp-relay.brevo.com","level":"info","message":"Attempting to send OTP email","port":587,"service":"preplyte-api","timestamp":"2026-02-23 20:47:39","to":"swarangudelli@gmail.com"}
{"email":"swarangudelli@gmail.com","level":"info","message":"OTP email sent successfully","messageId":"<317ea561-15a0-a863-46e6-1a40a0567b35@gmail.com>","response":"250 2.0.0 OK: queued as <317ea561-15a0-a863-46e6-1a40a0567b35@gmail.com>","service":"preplyte-api","timestamp":"2026-02-23 20:47:41"}
{"email":"swarangudelli@gmail.com","level":"info","message":"OTP sent successfully","service":"preplyte-api","timestamp":"2026-02-23 20:47:41"}
{"level":"info","message":"\u001b[0mPOST /api/auth/send-otp \u001b[32m200\u001b[0m 3157.651 ms - 77\u001b[0m","service":"preplyte-api","timestamp":"2026-02-23 20:47:41"}
{"level":"warn","message":"Google OAuth not configured - missing GOOGLE_CLIENT_ID or GOOGLE_CLIENT_SECRET","service":"preplyte-api","timestamp":"2026-02-23 20:49:39"}
{"host":"smtp-relay.brevo.com","level":"info","message":"Email service initialized successfully","port":587,"secure":false,"service":"preplyte-api","timestamp":"2026-02-23 20:49:40","user":"a3215f001@smtp-brevo.com"}
{"baseURL":"https://judge0-ce.p.rapidapi.com","level":"info","message":"Judge0 client initialized","service":"preplyte-api","timestamp":"2026-02-23 20:49:41","useRapidAPI":true}
{"level":"info","message":"[TTS] Using Deepgram for text-to-speech","service":"preplyte-api","timestamp":"2026-02-23 20:49:43"}
{"keyLength":39,"keyPrefix":"AIzaSyBvwy...","level":"info","message":"Gemini API Key loaded:","service":"preplyte-api","timestamp":"2026-02-23 20:49:54"}
{"environment":"development","host":"0.0.0.0","level":"info","message":"Starting server...","port":4000,"service":"preplyte-api","timestamp":"2026-02-23 20:49:54"}
{"level":"info","message":"Checking database connection...","service":"preplyte-api","timestamp":"2026-02-23 20:49:54"}
{"level":"debug","message":"Query: SELECT 1","service":"preplyte-api","timestamp":"2026-02-23 20:49:55"}
{"level":"debug","message":"Params: []","service":"preplyte-api","timestamp":"2026-02-23 20:49:55"}
{"level":"debug","message":"Duration: 59ms","service":"preplyte-api","timestamp":"2026-02-23 20:49:55"}
{"level":"info","message":"✅ Database connected successfully","service":"preplyte-api","timestamp":"2026-02-23 20:49:55"}
{"level":"info","message":"[WS Gateway] WebSocket server initialized","path":"/ws/interview/:sessionId","service":"preplyte-api","timestamp":"2026-02-23 20:49:55"}
{"api":"http://localhost:4000/api","environment":"development","health":"http://localhost:4000/health","host":"0.0.0.0","level":"info","message":"🚀 Server running","port":4000,"service":"preplyte-api","timestamp":"2026-02-23 20:49:55","websocket":"ws://localhost:4000/ws/interview/:sessionId"}
{"intervalHours":24,"level":"info","message":"Starting token cleanup scheduler","service":"preplyte-api","timestamp":"2026-02-23 20:49:55"}
{"level":"info","message":"Starting token cleanup job","service":"preplyte-api","timestamp":"2026-02-23 20:49:55"}
{"level":"debug","message":"Query: DELETE FROM \"public\".\"refresh_tokens\" WHERE (\"public\".\"refresh_tokens\".\"expiresAt\" < $1 OR \"public\".\"refresh_tokens\".\"revokedAt\" < $2)","service":"preplyte-api","timestamp":"2026-02-23 20:49:56"}
{"level":"debug","message":"Params: [\"2026-02-23 15:19:55.656 UTC\",\"2026-02-16 15:19:55.656 UTC\"]","service":"preplyte-api","timestamp":"2026-02-23 20:49:56"}
{"level":"debug","message":"Duration: 18ms","service":"preplyte-api","timestamp":"2026-02-23 20:49:56"}
{"count":0,"level":"info","message":"Cleaned up expired tokens","service":"preplyte-api","timestamp":"2026-02-23 20:49:56"}
{"level":"info","message":"Token cleanup completed","service":"preplyte-api","timestamp":"2026-02-23 20:49:56","tokensRemoved":0}
{"level":"debug","message":"Query: SELECT 1","service":"preplyte-api","timestamp":"2026-02-23 20:50:24"}
{"level":"debug","message":"Params: []","service":"preplyte-api","timestamp":"2026-02-23 20:50:24"}
{"level":"debug","message":"Duration: 6ms","service":"preplyte-api","timestamp":"2026-02-23 20:50:24"}
{"level":"debug","message":"Query: SELECT \"public\".\"users\".\"id\", \"public\".\"users\".\"emailVerified\", \"public\".\"users\".\"isActive\", \"public\".\"users\".\"password\" FROM \"public\".\"users\" WHERE (\"public\".\"users\".\"email\" = $1 AND 1=1) LIMIT $2 OFFSET $3","service":"preplyte-api","timestamp":"2026-02-23 20:50:24"}
{"level":"debug","message":"Params: [\"swarangudelli@gmail.com\",1,0]","service":"preplyte-api","timestamp":"2026-02-23 20:50:24"}
{"level":"debug","message":"Duration: 38ms","service":"preplyte-api","timestamp":"2026-02-23 20:50:24"}
{"email":"swarangudelli@gmail.com","expiresAt":"2026-02-23T15:30:24.528Z","level":"info","message":"Generated OTP","otpLength":6,"service":"preplyte-api","timestamp":"2026-02-23 20:50:24"}
{"level":"debug","message":"Query: UPDATE \"public\".\"users\" SET \"emailVerificationOtp\" = $1, \"emailVerificationOtpExpiry\" = $2, \"updatedAt\" = $3 WHERE (\"public\".\"users\".\"id\" = $4 AND 1=1) RETURNING \"public\".\"users\".\"id\", \"public\".\"users\".\"email\", \"public\".\"users\".\"password\", \"public\".\"users\".\"name\", \"public\".\"users\".\"role\"::text, \"public\".\"users\".\"isActive\", \"public\".\"users\".\"instituteId\", \"public\".\"users\".\"profilePictureUrl\", \"public\".\"users\".\"googleId\", \"public\".\"users\".\"provider\", \"public\".\"users\".\"avatar\", \"public\".\"users\".\"emailVerified\", \"public\".\"users\".\"emailVerificationOtp\", \"public\".\"users\".\"emailVerificationOtpExpiry\", \"public\".\"users\".\"createdAt\", \"public\".\"users\".\"updatedAt\", \"public\".\"users\".\"lastLoginAt\", \"public\".\"users\".\"tokenVersion\"","service":"preplyte-api","timestamp":"2026-02-23 20:50:24"}
{"level":"debug","message":"Params: [\"203127\",\"2026-02-23 15:30:24.528 UTC\",\"2026-02-23 15:20:24.535 UTC\",\"cmlz8b3y50001tl41u6svfrlm\"]","service":"preplyte-api","timestamp":"2026-02-23 20:50:24"}
{"level":"debug","message":"Duration: 25ms","service":"preplyte-api","timestamp":"2026-02-23 20:50:24"}
{"from":"Preplyte <codiezz.officials@gmail.com>","host":"smtp-relay.brevo.com","level":"info","message":"Attempting to send OTP email","port":587,"service":"preplyte-api","timestamp":"2026-02-23 20:50:24","to":"swarangudelli@gmail.com"}
{"email":"swarangudelli@gmail.com","level":"info","message":"OTP email sent successfully","messageId":"<5db1c9e4-fa4f-515c-d8cd-307c07cbe906@gmail.com>","response":"250 2.0.0 OK: queued as <5db1c9e4-fa4f-515c-d8cd-307c07cbe906@gmail.com>","service":"preplyte-api","timestamp":"2026-02-23 20:50:27"}
{"email":"swarangudelli@gmail.com","level":"info","message":"OTP sent successfully","otpLength":6,"service":"preplyte-api","timestamp":"2026-02-23 20:50:27"}
{"level":"info","message":"\u001b[0mPOST /api/auth/send-otp \u001b[32m200\u001b[0m 3978.203 ms - 77\u001b[0m","service":"preplyte-api","timestamp":"2026-02-23 20:50:27"}
{"level":"info","message":"Received SIGINT. Closing database connection...","service":"preplyte-api","timestamp":"2026-02-23 20:51:11"}
{"level":"info","message":"SIGINT received. Starting graceful shutdown...","service":"preplyte-api","timestamp":"2026-02-23 20:51:11"}
{"level":"info","message":"Token cleanup scheduler stopped","service":"preplyte-api","timestamp":"2026-02-23 20:51:11"}
{"level":"info","message":"[WS Gateway] WebSocket server shut down","service":"preplyte-api","timestamp":"2026-02-23 20:51:11"}
{"level":"info","message":"Database connection closed","service":"preplyte-api","timestamp":"2026-02-23 20:51:11"}
