{"baseURL":"https://judge0-ce.p.rapidapi.com","level":"info","message":"Judge0 client initialized","service":"preplyte-api","timestamp":"2026-02-21 02:57:02","useRapidAPI":true}
{"level":"info","message":"[TTS] Using Deepgram for text-to-speech","service":"preplyte-api","timestamp":"2026-02-21 02:57:03"}
{"keyLength":39,"keyPrefix":"AIzaSyC7yj...","level":"info","message":"Gemini API Key loaded:","service":"preplyte-api","timestamp":"2026-02-21 02:57:04"}
{"environment":"development","host":"0.0.0.0","level":"info","message":"Starting server...","port":4000,"service":"preplyte-api","timestamp":"2026-02-21 02:57:04"}
{"level":"info","message":"Checking database connection...","service":"preplyte-api","timestamp":"2026-02-21 02:57:04"}
{"level":"debug","message":"Query: SELECT 1","service":"preplyte-api","timestamp":"2026-02-21 02:57:04"}
{"level":"debug","message":"Params: []","service":"preplyte-api","timestamp":"2026-02-21 02:57:04"}
{"level":"debug","message":"Duration: 2ms","service":"preplyte-api","timestamp":"2026-02-21 02:57:04"}
{"level":"info","message":"✅ Database connected successfully","service":"preplyte-api","timestamp":"2026-02-21 02:57:04"}
{"level":"info","message":"[WS Gateway] WebSocket server initialized","path":"/ws/interview/:sessionId","service":"preplyte-api","timestamp":"2026-02-21 02:57:04"}
{"api":"http://localhost:4000/api","environment":"development","health":"http://localhost:4000/health","host":"0.0.0.0","level":"info","message":"🚀 Server running","port":4000,"service":"preplyte-api","timestamp":"2026-02-21 02:57:04","websocket":"ws://localhost:4000/ws/interview/:sessionId"}
{"intervalHours":24,"level":"info","message":"Starting token cleanup scheduler","service":"preplyte-api","timestamp":"2026-02-21 02:57:04"}
{"level":"info","message":"Starting token cleanup job","service":"preplyte-api","timestamp":"2026-02-21 02:57:04"}
{"level":"debug","message":"Query: DELETE FROM \"public\".\"refresh_tokens\" WHERE (\"public\".\"refresh_tokens\".\"expiresAt\" < $1 OR \"public\".\"refresh_tokens\".\"revokedAt\" < $2)","service":"preplyte-api","timestamp":"2026-02-21 02:57:04"}
{"level":"debug","message":"Params: [\"2026-02-20 21:27:04.197 UTC\",\"2026-02-13 21:27:04.197 UTC\"]","service":"preplyte-api","timestamp":"2026-02-21 02:57:04"}
{"level":"debug","message":"Duration: 11ms","service":"preplyte-api","timestamp":"2026-02-21 02:57:04"}
{"count":0,"level":"info","message":"Cleaned up expired tokens","service":"preplyte-api","timestamp":"2026-02-21 02:57:04"}
{"level":"info","message":"Token cleanup completed","service":"preplyte-api","timestamp":"2026-02-21 02:57:04","tokensRemoved":0}
{"baseURL":"https://judge0-ce.p.rapidapi.com","level":"info","message":"Judge0 client initialized","service":"preplyte-api","timestamp":"2026-02-21 02:57:30","useRapidAPI":true}
{"level":"info","message":"[TTS] Using Deepgram for text-to-speech","service":"preplyte-api","timestamp":"2026-02-21 02:57:30"}
{"keyLength":39,"keyPrefix":"AIzaSyC7yj...","level":"info","message":"Gemini API Key loaded:","service":"preplyte-api","timestamp":"2026-02-21 02:57:31"}
{"environment":"development","host":"0.0.0.0","level":"info","message":"Starting server...","port":4000,"service":"preplyte-api","timestamp":"2026-02-21 02:57:31"}
{"level":"info","message":"Checking database connection...","service":"preplyte-api","timestamp":"2026-02-21 02:57:31"}
{"level":"debug","message":"Query: SELECT 1","service":"preplyte-api","timestamp":"2026-02-21 02:57:31"}
{"level":"debug","message":"Params: []","service":"preplyte-api","timestamp":"2026-02-21 02:57:31"}
{"level":"debug","message":"Duration: 1ms","service":"preplyte-api","timestamp":"2026-02-21 02:57:31"}
{"level":"info","message":"✅ Database connected successfully","service":"preplyte-api","timestamp":"2026-02-21 02:57:31"}
{"level":"info","message":"[WS Gateway] WebSocket server initialized","path":"/ws/interview/:sessionId","service":"preplyte-api","timestamp":"2026-02-21 02:57:31"}
{"api":"http://localhost:4000/api","environment":"development","health":"http://localhost:4000/health","host":"0.0.0.0","level":"info","message":"🚀 Server running","port":4000,"service":"preplyte-api","timestamp":"2026-02-21 02:57:31","websocket":"ws://localhost:4000/ws/interview/:sessionId"}
{"intervalHours":24,"level":"info","message":"Starting token cleanup scheduler","service":"preplyte-api","timestamp":"2026-02-21 02:57:31"}
{"level":"info","message":"Starting token cleanup job","service":"preplyte-api","timestamp":"2026-02-21 02:57:31"}
{"level":"debug","message":"Query: DELETE FROM \"public\".\"refresh_tokens\" WHERE (\"public\".\"refresh_tokens\".\"expiresAt\" < $1 OR \"public\".\"refresh_tokens\".\"revokedAt\" < $2)","service":"preplyte-api","timestamp":"2026-02-21 02:57:31"}
{"level":"debug","message":"Params: [\"2026-02-20 21:27:31.135 UTC\",\"2026-02-13 21:27:31.135 UTC\"]","service":"preplyte-api","timestamp":"2026-02-21 02:57:31"}
{"level":"debug","message":"Duration: 4ms","service":"preplyte-api","timestamp":"2026-02-21 02:57:31"}
{"count":0,"level":"info","message":"Cleaned up expired tokens","service":"preplyte-api","timestamp":"2026-02-21 02:57:31"}
{"level":"info","message":"Token cleanup completed","service":"preplyte-api","timestamp":"2026-02-21 02:57:31","tokensRemoved":0}
{"baseURL":"https://judge0-ce.p.rapidapi.com","level":"info","message":"Judge0 client initialized","service":"preplyte-api","timestamp":"2026-02-21 02:57:35","useRapidAPI":true}
{"level":"info","message":"[TTS] Using Deepgram for text-to-speech","service":"preplyte-api","timestamp":"2026-02-21 02:57:35"}
{"keyLength":39,"keyPrefix":"AIzaSyC7yj...","level":"info","message":"Gemini API Key loaded:","service":"preplyte-api","timestamp":"2026-02-21 02:57:36"}
{"environment":"development","host":"0.0.0.0","level":"info","message":"Starting server...","port":4000,"service":"preplyte-api","timestamp":"2026-02-21 02:57:36"}
{"level":"info","message":"Checking database connection...","service":"preplyte-api","timestamp":"2026-02-21 02:57:36"}
{"level":"debug","message":"Query: SELECT 1","service":"preplyte-api","timestamp":"2026-02-21 02:57:36"}
{"level":"debug","message":"Params: []","service":"preplyte-api","timestamp":"2026-02-21 02:57:36"}
{"level":"debug","message":"Duration: 1ms","service":"preplyte-api","timestamp":"2026-02-21 02:57:36"}
{"level":"info","message":"✅ Database connected successfully","service":"preplyte-api","timestamp":"2026-02-21 02:57:36"}
{"level":"info","message":"[WS Gateway] WebSocket server initialized","path":"/ws/interview/:sessionId","service":"preplyte-api","timestamp":"2026-02-21 02:57:36"}
{"api":"http://localhost:4000/api","environment":"development","health":"http://localhost:4000/health","host":"0.0.0.0","level":"info","message":"🚀 Server running","port":4000,"service":"preplyte-api","timestamp":"2026-02-21 02:57:36","websocket":"ws://localhost:4000/ws/interview/:sessionId"}
{"intervalHours":24,"level":"info","message":"Starting token cleanup scheduler","service":"preplyte-api","timestamp":"2026-02-21 02:57:36"}
{"level":"info","message":"Starting token cleanup job","service":"preplyte-api","timestamp":"2026-02-21 02:57:36"}
{"level":"debug","message":"Query: DELETE FROM \"public\".\"refresh_tokens\" WHERE (\"public\".\"refresh_tokens\".\"expiresAt\" < $1 OR \"public\".\"refresh_tokens\".\"revokedAt\" < $2)","service":"preplyte-api","timestamp":"2026-02-21 02:57:36"}
{"level":"debug","message":"Params: [\"2026-02-20 21:27:36.546 UTC\",\"2026-02-13 21:27:36.546 UTC\"]","service":"preplyte-api","timestamp":"2026-02-21 02:57:36"}
{"level":"debug","message":"Duration: 4ms","service":"preplyte-api","timestamp":"2026-02-21 02:57:36"}
{"count":0,"level":"info","message":"Cleaned up expired tokens","service":"preplyte-api","timestamp":"2026-02-21 02:57:36"}
{"level":"info","message":"Token cleanup completed","service":"preplyte-api","timestamp":"2026-02-21 02:57:36","tokensRemoved":0}
{"baseURL":"https://judge0-ce.p.rapidapi.com","level":"info","message":"Judge0 client initialized","service":"preplyte-api","timestamp":"2026-02-21 03:00:35","useRapidAPI":true}
{"level":"info","message":"[TTS] Using Deepgram for text-to-speech","service":"preplyte-api","timestamp":"2026-02-21 03:00:35"}
{"keyLength":39,"keyPrefix":"AIzaSyC7yj...","level":"info","message":"Gemini API Key loaded:","service":"preplyte-api","timestamp":"2026-02-21 03:00:36"}
{"environment":"development","host":"0.0.0.0","level":"info","message":"Starting server...","port":4000,"service":"preplyte-api","timestamp":"2026-02-21 03:00:36"}
{"level":"info","message":"Checking database connection...","service":"preplyte-api","timestamp":"2026-02-21 03:00:36"}
{"level":"debug","message":"Query: SELECT 1","service":"preplyte-api","timestamp":"2026-02-21 03:00:36"}
{"level":"debug","message":"Params: []","service":"preplyte-api","timestamp":"2026-02-21 03:00:36"}
{"level":"debug","message":"Duration: 0ms","service":"preplyte-api","timestamp":"2026-02-21 03:00:36"}
{"level":"info","message":"✅ Database connected successfully","service":"preplyte-api","timestamp":"2026-02-21 03:00:36"}
{"level":"info","message":"[WS Gateway] WebSocket server initialized","path":"/ws/interview/:sessionId","service":"preplyte-api","timestamp":"2026-02-21 03:00:36"}
{"api":"http://localhost:4000/api","environment":"development","health":"http://localhost:4000/health","host":"0.0.0.0","level":"info","message":"🚀 Server running","port":4000,"service":"preplyte-api","timestamp":"2026-02-21 03:00:36","websocket":"ws://localhost:4000/ws/interview/:sessionId"}
{"intervalHours":24,"level":"info","message":"Starting token cleanup scheduler","service":"preplyte-api","timestamp":"2026-02-21 03:00:36"}
{"level":"info","message":"Starting token cleanup job","service":"preplyte-api","timestamp":"2026-02-21 03:00:36"}
{"level":"debug","message":"Query: DELETE FROM \"public\".\"refresh_tokens\" WHERE (\"public\".\"refresh_tokens\".\"expiresAt\" < $1 OR \"public\".\"refresh_tokens\".\"revokedAt\" < $2)","service":"preplyte-api","timestamp":"2026-02-21 03:00:36"}
{"level":"debug","message":"Params: [\"2026-02-20 21:30:36.427 UTC\",\"2026-02-13 21:30:36.427 UTC\"]","service":"preplyte-api","timestamp":"2026-02-21 03:00:36"}
{"level":"debug","message":"Duration: 4ms","service":"preplyte-api","timestamp":"2026-02-21 03:00:36"}
{"count":0,"level":"info","message":"Cleaned up expired tokens","service":"preplyte-api","timestamp":"2026-02-21 03:00:36"}
{"level":"info","message":"Token cleanup completed","service":"preplyte-api","timestamp":"2026-02-21 03:00:36","tokensRemoved":0}
{"baseURL":"https://judge0-ce.p.rapidapi.com","level":"info","message":"Judge0 client initialized","service":"preplyte-api","timestamp":"2026-02-21 03:00:44","useRapidAPI":true}
{"level":"info","message":"[TTS] Using Deepgram for text-to-speech","service":"preplyte-api","timestamp":"2026-02-21 03:00:44"}
{"keyLength":39,"keyPrefix":"AIzaSyC7yj...","level":"info","message":"Gemini API Key loaded:","service":"preplyte-api","timestamp":"2026-02-21 03:00:44"}
{"environment":"development","host":"0.0.0.0","level":"info","message":"Starting server...","port":4000,"service":"preplyte-api","timestamp":"2026-02-21 03:00:44"}
{"level":"info","message":"Checking database connection...","service":"preplyte-api","timestamp":"2026-02-21 03:00:44"}
{"level":"debug","message":"Query: SELECT 1","service":"preplyte-api","timestamp":"2026-02-21 03:00:44"}
{"level":"debug","message":"Params: []","service":"preplyte-api","timestamp":"2026-02-21 03:00:44"}
{"level":"debug","message":"Duration: 0ms","service":"preplyte-api","timestamp":"2026-02-21 03:00:44"}
{"level":"info","message":"✅ Database connected successfully","service":"preplyte-api","timestamp":"2026-02-21 03:00:44"}
{"level":"info","message":"[WS Gateway] WebSocket server initialized","path":"/ws/interview/:sessionId","service":"preplyte-api","timestamp":"2026-02-21 03:00:44"}
{"api":"http://localhost:4000/api","environment":"development","health":"http://localhost:4000/health","host":"0.0.0.0","level":"info","message":"🚀 Server running","port":4000,"service":"preplyte-api","timestamp":"2026-02-21 03:00:44","websocket":"ws://localhost:4000/ws/interview/:sessionId"}
{"intervalHours":24,"level":"info","message":"Starting token cleanup scheduler","service":"preplyte-api","timestamp":"2026-02-21 03:00:44"}
{"level":"info","message":"Starting token cleanup job","service":"preplyte-api","timestamp":"2026-02-21 03:00:44"}
{"level":"debug","message":"Query: DELETE FROM \"public\".\"refresh_tokens\" WHERE (\"public\".\"refresh_tokens\".\"expiresAt\" < $1 OR \"public\".\"refresh_tokens\".\"revokedAt\" < $2)","service":"preplyte-api","timestamp":"2026-02-21 03:00:44"}
{"level":"debug","message":"Params: [\"2026-02-20 21:30:44.917 UTC\",\"2026-02-13 21:30:44.917 UTC\"]","service":"preplyte-api","timestamp":"2026-02-21 03:00:44"}
{"level":"debug","message":"Duration: 13ms","service":"preplyte-api","timestamp":"2026-02-21 03:00:44"}
{"count":0,"level":"info","message":"Cleaned up expired tokens","service":"preplyte-api","timestamp":"2026-02-21 03:00:44"}
{"level":"info","message":"Token cleanup completed","service":"preplyte-api","timestamp":"2026-02-21 03:00:44","tokensRemoved":0}
{"baseURL":"https://judge0-ce.p.rapidapi.com","level":"info","message":"Judge0 client initialized","service":"preplyte-api","timestamp":"2026-02-21 03:00:53","useRapidAPI":true}
{"level":"info","message":"[TTS] Using Deepgram for text-to-speech","service":"preplyte-api","timestamp":"2026-02-21 03:00:54"}
{"keyLength":39,"keyPrefix":"AIzaSyC7yj...","level":"info","message":"Gemini API Key loaded:","service":"preplyte-api","timestamp":"2026-02-21 03:00:54"}
{"environment":"development","host":"0.0.0.0","level":"info","message":"Starting server...","port":4000,"service":"preplyte-api","timestamp":"2026-02-21 03:00:54"}
{"level":"info","message":"Checking database connection...","service":"preplyte-api","timestamp":"2026-02-21 03:00:54"}
{"level":"debug","message":"Query: SELECT 1","service":"preplyte-api","timestamp":"2026-02-21 03:00:54"}
{"level":"debug","message":"Params: []","service":"preplyte-api","timestamp":"2026-02-21 03:00:54"}
{"level":"debug","message":"Duration: 1ms","service":"preplyte-api","timestamp":"2026-02-21 03:00:54"}
{"level":"info","message":"✅ Database connected successfully","service":"preplyte-api","timestamp":"2026-02-21 03:00:54"}
{"level":"info","message":"[WS Gateway] WebSocket server initialized","path":"/ws/interview/:sessionId","service":"preplyte-api","timestamp":"2026-02-21 03:00:54"}
{"api":"http://localhost:4000/api","environment":"development","health":"http://localhost:4000/health","host":"0.0.0.0","level":"info","message":"🚀 Server running","port":4000,"service":"preplyte-api","timestamp":"2026-02-21 03:00:54","websocket":"ws://localhost:4000/ws/interview/:sessionId"}
{"intervalHours":24,"level":"info","message":"Starting token cleanup scheduler","service":"preplyte-api","timestamp":"2026-02-21 03:00:54"}
{"level":"info","message":"Starting token cleanup job","service":"preplyte-api","timestamp":"2026-02-21 03:00:54"}
{"level":"debug","message":"Query: DELETE FROM \"public\".\"refresh_tokens\" WHERE (\"public\".\"refresh_tokens\".\"expiresAt\" < $1 OR \"public\".\"refresh_tokens\".\"revokedAt\" < $2)","service":"preplyte-api","timestamp":"2026-02-21 03:00:54"}
{"level":"debug","message":"Params: [\"2026-02-20 21:30:54.856 UTC\",\"2026-02-13 21:30:54.856 UTC\"]","service":"preplyte-api","timestamp":"2026-02-21 03:00:54"}
{"level":"debug","message":"Duration: 5ms","service":"preplyte-api","timestamp":"2026-02-21 03:00:54"}
{"count":0,"level":"info","message":"Cleaned up expired tokens","service":"preplyte-api","timestamp":"2026-02-21 03:00:54"}
{"level":"info","message":"Token cleanup completed","service":"preplyte-api","timestamp":"2026-02-21 03:00:54","tokensRemoved":0}
{"baseURL":"https://judge0-ce.p.rapidapi.com","level":"info","message":"Judge0 client initialized","service":"preplyte-api","timestamp":"2026-02-21 03:01:00","useRapidAPI":true}
{"level":"info","message":"[TTS] Using Deepgram for text-to-speech","service":"preplyte-api","timestamp":"2026-02-21 03:01:00"}
{"keyLength":39,"keyPrefix":"AIzaSyC7yj...","level":"info","message":"Gemini API Key loaded:","service":"preplyte-api","timestamp":"2026-02-21 03:01:01"}
{"environment":"development","host":"0.0.0.0","level":"info","message":"Starting server...","port":4000,"service":"preplyte-api","timestamp":"2026-02-21 03:01:01"}
{"level":"info","message":"Checking database connection...","service":"preplyte-api","timestamp":"2026-02-21 03:01:01"}
{"level":"debug","message":"Query: SELECT 1","service":"preplyte-api","timestamp":"2026-02-21 03:01:01"}
{"level":"debug","message":"Params: []","service":"preplyte-api","timestamp":"2026-02-21 03:01:01"}
{"level":"debug","message":"Duration: 1ms","service":"preplyte-api","timestamp":"2026-02-21 03:01:01"}
{"level":"info","message":"✅ Database connected successfully","service":"preplyte-api","timestamp":"2026-02-21 03:01:01"}
{"level":"info","message":"[WS Gateway] WebSocket server initialized","path":"/ws/interview/:sessionId","service":"preplyte-api","timestamp":"2026-02-21 03:01:01"}
{"api":"http://localhost:4000/api","environment":"development","health":"http://localhost:4000/health","host":"0.0.0.0","level":"info","message":"🚀 Server running","port":4000,"service":"preplyte-api","timestamp":"2026-02-21 03:01:01","websocket":"ws://localhost:4000/ws/interview/:sessionId"}
{"intervalHours":24,"level":"info","message":"Starting token cleanup scheduler","service":"preplyte-api","timestamp":"2026-02-21 03:01:01"}
{"level":"info","message":"Starting token cleanup job","service":"preplyte-api","timestamp":"2026-02-21 03:01:01"}
{"level":"debug","message":"Query: DELETE FROM \"public\".\"refresh_tokens\" WHERE (\"public\".\"refresh_tokens\".\"expiresAt\" < $1 OR \"public\".\"refresh_tokens\".\"revokedAt\" < $2)","service":"preplyte-api","timestamp":"2026-02-21 03:01:01"}
{"level":"debug","message":"Params: [\"2026-02-20 21:31:01.501 UTC\",\"2026-02-13 21:31:01.501 UTC\"]","service":"preplyte-api","timestamp":"2026-02-21 03:01:01"}
{"level":"debug","message":"Duration: 6ms","service":"preplyte-api","timestamp":"2026-02-21 03:01:01"}
{"count":0,"level":"info","message":"Cleaned up expired tokens","service":"preplyte-api","timestamp":"2026-02-21 03:01:01"}
{"level":"info","message":"Token cleanup completed","service":"preplyte-api","timestamp":"2026-02-21 03:01:01","tokensRemoved":0}
{"baseURL":"https://judge0-ce.p.rapidapi.com","level":"info","message":"Judge0 client initialized","service":"preplyte-api","timestamp":"2026-02-21 03:01:06","useRapidAPI":true}
{"level":"info","message":"[TTS] Using Deepgram for text-to-speech","service":"preplyte-api","timestamp":"2026-02-21 03:01:06"}
{"keyLength":39,"keyPrefix":"AIzaSyC7yj...","level":"info","message":"Gemini API Key loaded:","service":"preplyte-api","timestamp":"2026-02-21 03:01:06"}
{"environment":"development","host":"0.0.0.0","level":"info","message":"Starting server...","port":4000,"service":"preplyte-api","timestamp":"2026-02-21 03:01:06"}
{"level":"info","message":"Checking database connection...","service":"preplyte-api","timestamp":"2026-02-21 03:01:06"}
{"level":"debug","message":"Query: SELECT 1","service":"preplyte-api","timestamp":"2026-02-21 03:01:06"}
{"level":"debug","message":"Params: []","service":"preplyte-api","timestamp":"2026-02-21 03:01:06"}
{"level":"debug","message":"Duration: 1ms","service":"preplyte-api","timestamp":"2026-02-21 03:01:06"}
{"level":"info","message":"✅ Database connected successfully","service":"preplyte-api","timestamp":"2026-02-21 03:01:06"}
{"level":"info","message":"[WS Gateway] WebSocket server initialized","path":"/ws/interview/:sessionId","service":"preplyte-api","timestamp":"2026-02-21 03:01:07"}
{"api":"http://localhost:4000/api","environment":"development","health":"http://localhost:4000/health","host":"0.0.0.0","level":"info","message":"🚀 Server running","port":4000,"service":"preplyte-api","timestamp":"2026-02-21 03:01:07","websocket":"ws://localhost:4000/ws/interview/:sessionId"}
{"intervalHours":24,"level":"info","message":"Starting token cleanup scheduler","service":"preplyte-api","timestamp":"2026-02-21 03:01:07"}
{"level":"info","message":"Starting token cleanup job","service":"preplyte-api","timestamp":"2026-02-21 03:01:07"}
{"level":"debug","message":"Query: DELETE FROM \"public\".\"refresh_tokens\" WHERE (\"public\".\"refresh_tokens\".\"expiresAt\" < $1 OR \"public\".\"refresh_tokens\".\"revokedAt\" < $2)","service":"preplyte-api","timestamp":"2026-02-21 03:01:07"}
{"level":"debug","message":"Params: [\"2026-02-20 21:31:07.020 UTC\",\"2026-02-13 21:31:07.020 UTC\"]","service":"preplyte-api","timestamp":"2026-02-21 03:01:07"}
{"level":"debug","message":"Duration: 5ms","service":"preplyte-api","timestamp":"2026-02-21 03:01:07"}
{"count":0,"level":"info","message":"Cleaned up expired tokens","service":"preplyte-api","timestamp":"2026-02-21 03:01:07"}
{"level":"info","message":"Token cleanup completed","service":"preplyte-api","timestamp":"2026-02-21 03:01:07","tokensRemoved":0}
{"baseURL":"https://judge0-ce.p.rapidapi.com","level":"info","message":"Judge0 client initialized","service":"preplyte-api","timestamp":"2026-02-21 03:01:27","useRapidAPI":true}
{"level":"info","message":"[TTS] Using Deepgram for text-to-speech","service":"preplyte-api","timestamp":"2026-02-21 03:01:27"}
{"keyLength":39,"keyPrefix":"AIzaSyC7yj...","level":"info","message":"Gemini API Key loaded:","service":"preplyte-api","timestamp":"2026-02-21 03:01:28"}
{"environment":"development","host":"0.0.0.0","level":"info","message":"Starting server...","port":4000,"service":"preplyte-api","timestamp":"2026-02-21 03:01:28"}
{"level":"info","message":"Checking database connection...","service":"preplyte-api","timestamp":"2026-02-21 03:01:28"}
{"level":"debug","message":"Query: SELECT 1","service":"preplyte-api","timestamp":"2026-02-21 03:01:28"}
{"level":"debug","message":"Params: []","service":"preplyte-api","timestamp":"2026-02-21 03:01:28"}
{"level":"debug","message":"Duration: 1ms","service":"preplyte-api","timestamp":"2026-02-21 03:01:28"}
{"level":"info","message":"✅ Database connected successfully","service":"preplyte-api","timestamp":"2026-02-21 03:01:28"}
{"level":"info","message":"[WS Gateway] WebSocket server initialized","path":"/ws/interview/:sessionId","service":"preplyte-api","timestamp":"2026-02-21 03:01:28"}
{"api":"http://localhost:4000/api","environment":"development","health":"http://localhost:4000/health","host":"0.0.0.0","level":"info","message":"🚀 Server running","port":4000,"service":"preplyte-api","timestamp":"2026-02-21 03:01:28","websocket":"ws://localhost:4000/ws/interview/:sessionId"}
{"intervalHours":24,"level":"info","message":"Starting token cleanup scheduler","service":"preplyte-api","timestamp":"2026-02-21 03:01:28"}
{"level":"info","message":"Starting token cleanup job","service":"preplyte-api","timestamp":"2026-02-21 03:01:28"}
{"level":"debug","message":"Query: DELETE FROM \"public\".\"refresh_tokens\" WHERE (\"public\".\"refresh_tokens\".\"expiresAt\" < $1 OR \"public\".\"refresh_tokens\".\"revokedAt\" < $2)","service":"preplyte-api","timestamp":"2026-02-21 03:01:28"}
{"level":"debug","message":"Params: [\"2026-02-20 21:31:28.190 UTC\",\"2026-02-13 21:31:28.190 UTC\"]","service":"preplyte-api","timestamp":"2026-02-21 03:01:28"}
{"level":"debug","message":"Duration: 4ms","service":"preplyte-api","timestamp":"2026-02-21 03:01:28"}
{"count":0,"level":"info","message":"Cleaned up expired tokens","service":"preplyte-api","timestamp":"2026-02-21 03:01:28"}
{"level":"info","message":"Token cleanup completed","service":"preplyte-api","timestamp":"2026-02-21 03:01:28","tokensRemoved":0}
{"baseURL":"https://judge0-ce.p.rapidapi.com","level":"info","message":"Judge0 client initialized","service":"preplyte-api","timestamp":"2026-02-21 03:01:36","useRapidAPI":true}
{"level":"info","message":"[TTS] Using Deepgram for text-to-speech","service":"preplyte-api","timestamp":"2026-02-21 03:01:36"}
{"keyLength":39,"keyPrefix":"AIzaSyC7yj...","level":"info","message":"Gemini API Key loaded:","service":"preplyte-api","timestamp":"2026-02-21 03:01:37"}
{"environment":"development","host":"0.0.0.0","level":"info","message":"Starting server...","port":4000,"service":"preplyte-api","timestamp":"2026-02-21 03:01:37"}
{"level":"info","message":"Checking database connection...","service":"preplyte-api","timestamp":"2026-02-21 03:01:37"}
{"level":"debug","message":"Query: SELECT 1","service":"preplyte-api","timestamp":"2026-02-21 03:01:37"}
{"level":"debug","message":"Params: []","service":"preplyte-api","timestamp":"2026-02-21 03:01:37"}
{"level":"debug","message":"Duration: 1ms","service":"preplyte-api","timestamp":"2026-02-21 03:01:37"}
{"level":"info","message":"✅ Database connected successfully","service":"preplyte-api","timestamp":"2026-02-21 03:01:37"}
{"level":"info","message":"[WS Gateway] WebSocket server initialized","path":"/ws/interview/:sessionId","service":"preplyte-api","timestamp":"2026-02-21 03:01:37"}
{"api":"http://localhost:4000/api","environment":"development","health":"http://localhost:4000/health","host":"0.0.0.0","level":"info","message":"🚀 Server running","port":4000,"service":"preplyte-api","timestamp":"2026-02-21 03:01:37","websocket":"ws://localhost:4000/ws/interview/:sessionId"}
{"intervalHours":24,"level":"info","message":"Starting token cleanup scheduler","service":"preplyte-api","timestamp":"2026-02-21 03:01:37"}
{"level":"info","message":"Starting token cleanup job","service":"preplyte-api","timestamp":"2026-02-21 03:01:37"}
{"level":"debug","message":"Query: DELETE FROM \"public\".\"refresh_tokens\" WHERE (\"public\".\"refresh_tokens\".\"expiresAt\" < $1 OR \"public\".\"refresh_tokens\".\"revokedAt\" < $2)","service":"preplyte-api","timestamp":"2026-02-21 03:01:37"}
{"level":"debug","message":"Params: [\"2026-02-20 21:31:37.163 UTC\",\"2026-02-13 21:31:37.163 UTC\"]","service":"preplyte-api","timestamp":"2026-02-21 03:01:37"}
{"level":"debug","message":"Duration: 6ms","service":"preplyte-api","timestamp":"2026-02-21 03:01:37"}
{"count":0,"level":"info","message":"Cleaned up expired tokens","service":"preplyte-api","timestamp":"2026-02-21 03:01:37"}
{"level":"info","message":"Token cleanup completed","service":"preplyte-api","timestamp":"2026-02-21 03:01:37","tokensRemoved":0}
{"level":"debug","message":"Query: SELECT 1","service":"preplyte-api","timestamp":"2026-02-21 03:05:33"}
{"level":"debug","message":"Params: []","service":"preplyte-api","timestamp":"2026-02-21 03:05:33"}
{"level":"debug","message":"Duration: 1ms","service":"preplyte-api","timestamp":"2026-02-21 03:05:33"}
{"level":"debug","message":"Query: SELECT \"public\".\"lms_categories\".\"id\", \"public\".\"lms_categories\".\"name\", \"public\".\"lms_categories\".\"slug\", \"public\".\"lms_categories\".\"description\", \"public\".\"lms_categories\".\"iconUrl\", \"public\".\"lms_categories\".\"order\", \"public\".\"lms_categories\".\"isActive\", \"public\".\"lms_categories\".\"createdAt\", \"public\".\"lms_categories\".\"updatedAt\", COALESCE(\"aggr_selection_0_LmsCourse\".\"_aggr_count_courses\", 0) AS \"_aggr_count_courses\" FROM \"public\".\"lms_categories\" LEFT JOIN (SELECT \"public\".\"lms_courses\".\"categoryId\", COUNT(*) AS \"_aggr_count_courses\" FROM \"public\".\"lms_courses\" WHERE (\"public\".\"lms_courses\".\"status\" = CAST($1::text AS \"public\".\"LmsCourseStatus\") AND \"public\".\"lms_courses\".\"isActive\" = $2) GROUP BY \"public\".\"lms_courses\".\"categoryId\") AS \"aggr_selection_0_LmsCourse\" ON (\"public\".\"lms_categories\".\"id\" = \"aggr_selection_0_LmsCourse\".\"categoryId\") WHERE \"public\".\"lms_categories\".\"isActive\" = $3 ORDER BY \"public\".\"lms_categories\".\"order\" ASC OFFSET $4","service":"preplyte-api","timestamp":"2026-02-21 03:05:33"}
{"level":"debug","message":"Params: [\"PUBLISHED\",true,true,0]","service":"preplyte-api","timestamp":"2026-02-21 03:05:33"}
{"level":"debug","message":"Duration: 45ms","service":"preplyte-api","timestamp":"2026-02-21 03:05:33"}
{"level":"info","message":"\u001b[0mGET /api/lms/categories \u001b[36m304\u001b[0m 91.629 ms - -\u001b[0m","service":"preplyte-api","timestamp":"2026-02-21 03:05:33"}
{"level":"debug","message":"Query: SELECT COUNT(*) FROM (SELECT \"public\".\"lms_courses\".\"id\" FROM \"public\".\"lms_courses\" WHERE (\"public\".\"lms_courses\".\"status\" = CAST($1::text AS \"public\".\"LmsCourseStatus\") AND \"public\".\"lms_courses\".\"isActive\" = $2) OFFSET $3) AS \"sub\"","service":"preplyte-api","timestamp":"2026-02-21 03:05:33"}
{"level":"debug","message":"Params: [\"PUBLISHED\",true,0]","service":"preplyte-api","timestamp":"2026-02-21 03:05:33"}
{"level":"debug","message":"Duration: 16ms","service":"preplyte-api","timestamp":"2026-02-21 03:05:33"}
{"level":"debug","message":"Query: SELECT COUNT(*) FROM (SELECT \"public\".\"lms_courses\".\"id\" FROM \"public\".\"lms_courses\" WHERE (\"public\".\"lms_courses\".\"status\" = CAST($1::text AS \"public\".\"LmsCourseStatus\") AND \"public\".\"lms_courses\".\"isActive\" = $2) OFFSET $3) AS \"sub\"","service":"preplyte-api","timestamp":"2026-02-21 03:05:33"}
{"level":"debug","message":"Params: [\"PUBLISHED\",true,0]","service":"preplyte-api","timestamp":"2026-02-21 03:05:33"}
{"level":"debug","message":"Duration: 11ms","service":"preplyte-api","timestamp":"2026-02-21 03:05:33"}
{"level":"debug","message":"Query: SELECT AVG(\"progressPercent\") FROM (SELECT \"public\".\"lms_enrollments\".\"progressPercent\" FROM \"public\".\"lms_enrollments\" WHERE \"public\".\"lms_enrollments\".\"status\" = CAST($1::text AS \"public\".\"LmsEnrollmentStatus\") OFFSET $2) AS \"sub\"","service":"preplyte-api","timestamp":"2026-02-21 03:05:33"}
{"level":"debug","message":"Params: [\"COMPLETED\",0]","service":"preplyte-api","timestamp":"2026-02-21 03:05:33"}
{"level":"debug","message":"Duration: 11ms","service":"preplyte-api","timestamp":"2026-02-21 03:05:33"}
{"level":"debug","message":"Query: SELECT \"public\".\"lms_courses\".\"id\", \"public\".\"lms_courses\".\"categoryId\", \"public\".\"lms_courses\".\"title\", \"public\".\"lms_courses\".\"slug\", \"public\".\"lms_courses\".\"shortDescription\", \"public\".\"lms_courses\".\"description\", \"public\".\"lms_courses\".\"thumbnailUrl\", \"public\".\"lms_courses\".\"previewVideoUrl\", \"public\".\"lms_courses\".\"totalModules\", \"public\".\"lms_courses\".\"totalTopics\", \"public\".\"lms_courses\".\"totalPoints\", \"public\".\"lms_courses\".\"totalHours\", \"public\".\"lms_courses\".\"price\", \"public\".\"lms_courses\".\"discountPrice\", \"public\".\"lms_courses\".\"currency\", \"public\".\"lms_courses\".\"status\"::text, \"public\".\"lms_courses\".\"isActive\", \"public\".\"lms_courses\".\"certificateEnabled\", \"public\".\"lms_courses\".\"passingPercentage\", \"public\".\"lms_courses\".\"tags\", \"public\".\"lms_courses\".\"difficulty\"::text, \"public\".\"lms_courses\".\"instructor\", \"public\".\"lms_courses\".\"language\", \"public\".\"lms_courses\".\"averageRating\", \"public\".\"lms_courses\".\"ratingsCount\", \"public\".\"lms_courses\".\"createdAt\", \"public\".\"lms_courses\".\"updatedAt\", \"public\".\"lms_courses\".\"publishedAt\", COALESCE(\"aggr_selection_0_LmsEnrollment\".\"_aggr_count_enrollments\", 0) AS \"_aggr_count_enrollments\" FROM \"public\".\"lms_courses\" LEFT JOIN (SELECT \"public\".\"lms_enrollments\".\"courseId\", COUNT(*) AS \"orderby_aggregator\" FROM \"public\".\"lms_enrollments\" WHERE 1=1 GROUP BY \"public\".\"lms_enrollments\".\"courseId\") AS \"orderby_1_LmsEnrollment\" ON (\"public\".\"lms_courses\".\"id\" = \"orderby_1_LmsEnrollment\".\"courseId\") LEFT JOIN (SELECT \"public\".\"lms_enrollments\".\"courseId\", COUNT(*) AS \"_aggr_count_enrollments\" FROM \"public\".\"lms_enrollments\" WHERE 1=1 GROUP BY \"public\".\"lms_enrollments\".\"courseId\") AS \"aggr_selection_0_LmsEnrollment\" ON (\"public\".\"lms_courses\".\"id\" = \"aggr_selection_0_LmsEnrollment\".\"courseId\") WHERE (\"public\".\"lms_courses\".\"status\" = CAST($1::text AS \"public\".\"LmsCourseStatus\") AND \"public\".\"lms_courses\".\"isActive\" = $2) ORDER BY COALESCE(\"orderby_1_LmsEnrollment\".\"orderby_aggregator\", $3) DESC LIMIT $4 OFFSET $5","service":"preplyte-api","timestamp":"2026-02-21 03:05:33"}
{"level":"debug","message":"Params: [\"PUBLISHED\",true,0,12,0]","service":"preplyte-api","timestamp":"2026-02-21 03:05:33"}
{"level":"debug","message":"Duration: 20ms","service":"preplyte-api","timestamp":"2026-02-21 03:05:33"}
{"level":"debug","message":"Query: SELECT \"public\".\"lms_categories\".\"id\", \"public\".\"lms_categories\".\"name\", \"public\".\"lms_categories\".\"slug\" FROM \"public\".\"lms_categories\" WHERE \"public\".\"lms_categories\".\"id\" IN ($1,$2) OFFSET $3","service":"preplyte-api","timestamp":"2026-02-21 03:05:33"}
{"level":"debug","message":"Params: [\"cmlq4lrae0003ail99wlb2luj\",\"cmls4iwf200x0m93kfd559mke\",0]","service":"preplyte-api","timestamp":"2026-02-21 03:05:33"}
{"level":"debug","message":"Duration: 6ms","service":"preplyte-api","timestamp":"2026-02-21 03:05:33"}
{"level":"debug","message":"Query: SELECT COUNT(*), \"public\".\"lms_enrollments\".\"userId\" FROM \"public\".\"lms_enrollments\" WHERE 1=1 GROUP BY \"public\".\"lms_enrollments\".\"userId\" OFFSET $1","service":"preplyte-api","timestamp":"2026-02-21 03:05:33"}
{"level":"debug","message":"Params: [0]","service":"preplyte-api","timestamp":"2026-02-21 03:05:33"}
{"level":"debug","message":"Duration: 8ms","service":"preplyte-api","timestamp":"2026-02-21 03:05:33"}
{"level":"debug","message":"Query: SELECT COUNT(*) FROM (SELECT \"public\".\"lms_courses\".\"id\" FROM \"public\".\"lms_courses\" WHERE (\"public\".\"lms_courses\".\"status\" = CAST($1::text AS \"public\".\"LmsCourseStatus\") AND \"public\".\"lms_courses\".\"isActive\" = $2) OFFSET $3) AS \"sub\"","service":"preplyte-api","timestamp":"2026-02-21 03:05:33"}
{"level":"debug","message":"Params: [\"PUBLISHED\",true,0]","service":"preplyte-api","timestamp":"2026-02-21 03:05:33"}
{"level":"debug","message":"Duration: 9ms","service":"preplyte-api","timestamp":"2026-02-21 03:05:33"}
{"level":"debug","message":"Query: SELECT \"public\".\"lms_courses\".\"id\", \"public\".\"lms_courses\".\"categoryId\", \"public\".\"lms_courses\".\"title\", \"public\".\"lms_courses\".\"slug\", \"public\".\"lms_courses\".\"shortDescription\", \"public\".\"lms_courses\".\"description\", \"public\".\"lms_courses\".\"thumbnailUrl\", \"public\".\"lms_courses\".\"previewVideoUrl\", \"public\".\"lms_courses\".\"totalModules\", \"public\".\"lms_courses\".\"totalTopics\", \"public\".\"lms_courses\".\"totalPoints\", \"public\".\"lms_courses\".\"totalHours\", \"public\".\"lms_courses\".\"price\", \"public\".\"lms_courses\".\"discountPrice\", \"public\".\"lms_courses\".\"currency\", \"public\".\"lms_courses\".\"status\"::text, \"public\".\"lms_courses\".\"isActive\", \"public\".\"lms_courses\".\"certificateEnabled\", \"public\".\"lms_courses\".\"passingPercentage\", \"public\".\"lms_courses\".\"tags\", \"public\".\"lms_courses\".\"difficulty\"::text, \"public\".\"lms_courses\".\"instructor\", \"public\".\"lms_courses\".\"language\", \"public\".\"lms_courses\".\"averageRating\", \"public\".\"lms_courses\".\"ratingsCount\", \"public\".\"lms_courses\".\"createdAt\", \"public\".\"lms_courses\".\"updatedAt\", \"public\".\"lms_courses\".\"publishedAt\", COALESCE(\"aggr_selection_0_LmsEnrollment\".\"_aggr_count_enrollments\", 0) AS \"_aggr_count_enrollments\" FROM \"public\".\"lms_courses\" LEFT JOIN (SELECT \"public\".\"lms_enrollments\".\"courseId\", COUNT(*) AS \"orderby_aggregator\" FROM \"public\".\"lms_enrollments\" WHERE 1=1 GROUP BY \"public\".\"lms_enrollments\".\"courseId\") AS \"orderby_1_LmsEnrollment\" ON (\"public\".\"lms_courses\".\"id\" = \"orderby_1_LmsEnrollment\".\"courseId\") LEFT JOIN (SELECT \"public\".\"lms_enrollments\".\"courseId\", COUNT(*) AS \"_aggr_count_enrollments\" FROM \"public\".\"lms_enrollments\" WHERE 1=1 GROUP BY \"public\".\"lms_enrollments\".\"courseId\") AS \"aggr_selection_0_LmsEnrollment\" ON (\"public\".\"lms_courses\".\"id\" = \"aggr_selection_0_LmsEnrollment\".\"courseId\") WHERE (\"public\".\"lms_courses\".\"status\" = CAST($1::text AS \"public\".\"LmsCourseStatus\") AND \"public\".\"lms_courses\".\"isActive\" = $2) ORDER BY COALESCE(\"orderby_1_LmsEnrollment\".\"orderby_aggregator\", $3) DESC LIMIT $4 OFFSET $5","service":"preplyte-api","timestamp":"2026-02-21 03:05:33"}
{"level":"debug","message":"Params: [\"PUBLISHED\",true,0,12,0]","service":"preplyte-api","timestamp":"2026-02-21 03:05:33"}
{"level":"debug","message":"Duration: 15ms","service":"preplyte-api","timestamp":"2026-02-21 03:05:33"}
{"level":"debug","message":"Query: SELECT \"public\".\"lms_categories\".\"id\", \"public\".\"lms_categories\".\"name\", \"public\".\"lms_categories\".\"slug\" FROM \"public\".\"lms_categories\" WHERE \"public\".\"lms_categories\".\"id\" IN ($1,$2) OFFSET $3","service":"preplyte-api","timestamp":"2026-02-21 03:05:33"}
{"level":"debug","message":"Params: [\"cmlq4lrae0003ail99wlb2luj\",\"cmls4iwf200x0m93kfd559mke\",0]","service":"preplyte-api","timestamp":"2026-02-21 03:05:33"}
{"level":"debug","message":"Duration: 6ms","service":"preplyte-api","timestamp":"2026-02-21 03:05:33"}
{"level":"info","message":"\u001b[0mGET /api/lms/courses?page=1&limit=12&priceRange=all&sortBy=popular&search= \u001b[36m304\u001b[0m 166.219 ms - -\u001b[0m","service":"preplyte-api","timestamp":"2026-02-21 03:05:33"}
{"level":"info","message":"\u001b[0mGET /api/lms/courses?page=1&limit=12&priceRange=all&sortBy=popular \u001b[32m200\u001b[0m 194.591 ms - -\u001b[0m","service":"preplyte-api","timestamp":"2026-02-21 03:05:33"}
{"level":"debug","message":"Query: SELECT \"public\".\"lms_courses\".\"id\", \"public\".\"lms_courses\".\"instructor\" FROM \"public\".\"lms_courses\" WHERE (\"public\".\"lms_courses\".\"status\" = CAST($1::text AS \"public\".\"LmsCourseStatus\") AND \"public\".\"lms_courses\".\"isActive\" = $2) OFFSET $3","service":"preplyte-api","timestamp":"2026-02-21 03:05:33"}
{"level":"debug","message":"Params: [\"PUBLISHED\",true,0]","service":"preplyte-api","timestamp":"2026-02-21 03:05:33"}
{"level":"debug","message":"Duration: 8ms","service":"preplyte-api","timestamp":"2026-02-21 03:05:33"}
{"level":"info","message":"\u001b[0mGET /api/lms/stats \u001b[36m304\u001b[0m 201.065 ms - -\u001b[0m","service":"preplyte-api","timestamp":"2026-02-21 03:05:33"}
{"level":"debug","message":"Query: SELECT \"public\".\"lms_courses\".\"id\", \"public\".\"lms_courses\".\"categoryId\", \"public\".\"lms_courses\".\"title\", \"public\".\"lms_courses\".\"slug\", \"public\".\"lms_courses\".\"shortDescription\", \"public\".\"lms_courses\".\"description\", \"public\".\"lms_courses\".\"thumbnailUrl\", \"public\".\"lms_courses\".\"previewVideoUrl\", \"public\".\"lms_courses\".\"totalModules\", \"public\".\"lms_courses\".\"totalTopics\", \"public\".\"lms_courses\".\"totalPoints\", \"public\".\"lms_courses\".\"totalHours\", \"public\".\"lms_courses\".\"price\", \"public\".\"lms_courses\".\"discountPrice\", \"public\".\"lms_courses\".\"currency\", \"public\".\"lms_courses\".\"status\"::text, \"public\".\"lms_courses\".\"isActive\", \"public\".\"lms_courses\".\"certificateEnabled\", \"public\".\"lms_courses\".\"passingPercentage\", \"public\".\"lms_courses\".\"tags\", \"public\".\"lms_courses\".\"difficulty\"::text, \"public\".\"lms_courses\".\"instructor\", \"public\".\"lms_courses\".\"language\", \"public\".\"lms_courses\".\"averageRating\", \"public\".\"lms_courses\".\"ratingsCount\", \"public\".\"lms_courses\".\"createdAt\", \"public\".\"lms_courses\".\"updatedAt\", \"public\".\"lms_courses\".\"publishedAt\", COALESCE(\"aggr_selection_0_LmsEnrollment\".\"_aggr_count_enrollments\", 0) AS \"_aggr_count_enrollments\" FROM \"public\".\"lms_courses\" LEFT JOIN (SELECT \"public\".\"lms_enrollments\".\"courseId\", COUNT(*) AS \"_aggr_count_enrollments\" FROM \"public\".\"lms_enrollments\" WHERE 1=1 GROUP BY \"public\".\"lms_enrollments\".\"courseId\") AS \"aggr_selection_0_LmsEnrollment\" ON (\"public\".\"lms_courses\".\"id\" = \"aggr_selection_0_LmsEnrollment\".\"courseId\") WHERE (\"public\".\"lms_courses\".\"slug\" = $1 AND 1=1) LIMIT $2 OFFSET $3","service":"preplyte-api","timestamp":"2026-02-21 03:05:43"}
{"level":"debug","message":"Params: [\"roadmap\",1,0]","service":"preplyte-api","timestamp":"2026-02-21 03:05:43"}
{"level":"debug","message":"Duration: 10ms","service":"preplyte-api","timestamp":"2026-02-21 03:05:43"}
{"code":"COURSE_NOT_FOUND","ip":"127.0.0.1","level":"warn","message":"Operational error Course not found","method":"GET","path":"/api/lms/courses/roadmap","requestId":"8ced537c-3033-464c-8c3b-5cdf3ecbd195","service":"preplyte-api","timestamp":"2026-02-21 03:05:43","userAgent":"Mozilla/5.0 (Windows NT 10.0; Win64; x64) AppleWebKit/537.36 (KHTML, like Gecko) Chrome/144.0.0.0 Safari/537.36"}
{"level":"info","message":"\u001b[0mGET /api/lms/courses/roadmap \u001b[33m404\u001b[0m 22.540 ms - 133\u001b[0m","service":"preplyte-api","timestamp":"2026-02-21 03:05:43"}
{"level":"debug","message":"Query: SELECT 1","service":"preplyte-api","timestamp":"2026-02-21 03:06:10"}
{"level":"debug","message":"Params: []","service":"preplyte-api","timestamp":"2026-02-21 03:06:10"}
{"level":"debug","message":"Duration: 0ms","service":"preplyte-api","timestamp":"2026-02-21 03:06:10"}
{"level":"debug","message":"Query: SELECT \"public\".\"lms_courses\".\"id\", \"public\".\"lms_courses\".\"categoryId\", \"public\".\"lms_courses\".\"title\", \"public\".\"lms_courses\".\"slug\", \"public\".\"lms_courses\".\"shortDescription\", \"public\".\"lms_courses\".\"description\", \"public\".\"lms_courses\".\"thumbnailUrl\", \"public\".\"lms_courses\".\"previewVideoUrl\", \"public\".\"lms_courses\".\"totalModules\", \"public\".\"lms_courses\".\"totalTopics\", \"public\".\"lms_courses\".\"totalPoints\", \"public\".\"lms_courses\".\"totalHours\", \"public\".\"lms_courses\".\"price\", \"public\".\"lms_courses\".\"discountPrice\", \"public\".\"lms_courses\".\"currency\", \"public\".\"lms_courses\".\"status\"::text, \"public\".\"lms_courses\".\"isActive\", \"public\".\"lms_courses\".\"certificateEnabled\", \"public\".\"lms_courses\".\"passingPercentage\", \"public\".\"lms_courses\".\"tags\", \"public\".\"lms_courses\".\"difficulty\"::text, \"public\".\"lms_courses\".\"instructor\", \"public\".\"lms_courses\".\"language\", \"public\".\"lms_courses\".\"averageRating\", \"public\".\"lms_courses\".\"ratingsCount\", \"public\".\"lms_courses\".\"createdAt\", \"public\".\"lms_courses\".\"updatedAt\", \"public\".\"lms_courses\".\"publishedAt\", COALESCE(\"aggr_selection_0_LmsEnrollment\".\"_aggr_count_enrollments\", 0) AS \"_aggr_count_enrollments\" FROM \"public\".\"lms_courses\" LEFT JOIN (SELECT \"public\".\"lms_enrollments\".\"courseId\", COUNT(*) AS \"_aggr_count_enrollments\" FROM \"public\".\"lms_enrollments\" WHERE 1=1 GROUP BY \"public\".\"lms_enrollments\".\"courseId\") AS \"aggr_selection_0_LmsEnrollment\" ON (\"public\".\"lms_courses\".\"id\" = \"aggr_selection_0_LmsEnrollment\".\"courseId\") WHERE (\"public\".\"lms_courses\".\"slug\" = $1 AND 1=1) LIMIT $2 OFFSET $3","service":"preplyte-api","timestamp":"2026-02-21 03:06:10"}
{"level":"debug","message":"Params: [\"roadmap\",1,0]","service":"preplyte-api","timestamp":"2026-02-21 03:06:10"}
{"level":"debug","message":"Duration: 1ms","service":"preplyte-api","timestamp":"2026-02-21 03:06:10"}
{"code":"COURSE_NOT_FOUND","ip":"127.0.0.1","level":"warn","message":"Operational error Course not found","method":"GET","path":"/api/lms/courses/roadmap","requestId":"b1ff41f9-c145-4dc0-8dc4-63bb37fe941d","service":"preplyte-api","timestamp":"2026-02-21 03:06:10","userAgent":"Mozilla/5.0 (Windows NT 10.0; Win64; x64) AppleWebKit/537.36 (KHTML, like Gecko) Chrome/144.0.0.0 Safari/537.36"}
{"level":"info","message":"\u001b[0mGET /api/lms/courses/roadmap \u001b[33m404\u001b[0m 15.454 ms - 133\u001b[0m","service":"preplyte-api","timestamp":"2026-02-21 03:06:10"}
{"level":"debug","message":"Query: SELECT 1","service":"preplyte-api","timestamp":"2026-02-21 03:09:10"}
{"level":"debug","message":"Params: []","service":"preplyte-api","timestamp":"2026-02-21 03:09:10"}
{"level":"debug","message":"Duration: 0ms","service":"preplyte-api","timestamp":"2026-02-21 03:09:10"}
{"level":"debug","message":"Query: SELECT \"public\".\"lms_courses\".\"id\", \"public\".\"lms_courses\".\"categoryId\", \"public\".\"lms_courses\".\"title\", \"public\".\"lms_courses\".\"slug\", \"public\".\"lms_courses\".\"shortDescription\", \"public\".\"lms_courses\".\"description\", \"public\".\"lms_courses\".\"thumbnailUrl\", \"public\".\"lms_courses\".\"previewVideoUrl\", \"public\".\"lms_courses\".\"totalModules\", \"public\".\"lms_courses\".\"totalTopics\", \"public\".\"lms_courses\".\"totalPoints\", \"public\".\"lms_courses\".\"totalHours\", \"public\".\"lms_courses\".\"price\", \"public\".\"lms_courses\".\"discountPrice\", \"public\".\"lms_courses\".\"currency\", \"public\".\"lms_courses\".\"status\"::text, \"public\".\"lms_courses\".\"isActive\", \"public\".\"lms_courses\".\"certificateEnabled\", \"public\".\"lms_courses\".\"passingPercentage\", \"public\".\"lms_courses\".\"tags\", \"public\".\"lms_courses\".\"difficulty\"::text, \"public\".\"lms_courses\".\"instructor\", \"public\".\"lms_courses\".\"language\", \"public\".\"lms_courses\".\"averageRating\", \"public\".\"lms_courses\".\"ratingsCount\", \"public\".\"lms_courses\".\"createdAt\", \"public\".\"lms_courses\".\"updatedAt\", \"public\".\"lms_courses\".\"publishedAt\", COALESCE(\"aggr_selection_0_LmsEnrollment\".\"_aggr_count_enrollments\", 0) AS \"_aggr_count_enrollments\" FROM \"public\".\"lms_courses\" LEFT JOIN (SELECT \"public\".\"lms_enrollments\".\"courseId\", COUNT(*) AS \"_aggr_count_enrollments\" FROM \"public\".\"lms_enrollments\" WHERE 1=1 GROUP BY \"public\".\"lms_enrollments\".\"courseId\") AS \"aggr_selection_0_LmsEnrollment\" ON (\"public\".\"lms_courses\".\"id\" = \"aggr_selection_0_LmsEnrollment\".\"courseId\") WHERE (\"public\".\"lms_courses\".\"slug\" = $1 AND 1=1) LIMIT $2 OFFSET $3","service":"preplyte-api","timestamp":"2026-02-21 03:09:10"}
{"level":"debug","message":"Params: [\"roadmap\",1,0]","service":"preplyte-api","timestamp":"2026-02-21 03:09:10"}
{"level":"debug","message":"Duration: 2ms","service":"preplyte-api","timestamp":"2026-02-21 03:09:10"}
{"code":"COURSE_NOT_FOUND","ip":"127.0.0.1","level":"warn","message":"Operational error Course not found","method":"GET","path":"/api/lms/courses/roadmap","requestId":"41a84b7d-cbdc-45a6-9b89-46c6c64a4440","service":"preplyte-api","timestamp":"2026-02-21 03:09:10","userAgent":"Mozilla/5.0 (Windows NT 10.0; Win64; x64) AppleWebKit/537.36 (KHTML, like Gecko) Chrome/144.0.0.0 Safari/537.36"}
{"level":"info","message":"\u001b[0mGET /api/lms/courses/roadmap \u001b[33m404\u001b[0m 21.128 ms - 133\u001b[0m","service":"preplyte-api","timestamp":"2026-02-21 03:09:10"}
{"level":"debug","message":"Query: SELECT \"public\".\"lms_courses\".\"id\", \"public\".\"lms_courses\".\"categoryId\", \"public\".\"lms_courses\".\"title\", \"public\".\"lms_courses\".\"slug\", \"public\".\"lms_courses\".\"shortDescription\", \"public\".\"lms_courses\".\"description\", \"public\".\"lms_courses\".\"thumbnailUrl\", \"public\".\"lms_courses\".\"previewVideoUrl\", \"public\".\"lms_courses\".\"totalModules\", \"public\".\"lms_courses\".\"totalTopics\", \"public\".\"lms_courses\".\"totalPoints\", \"public\".\"lms_courses\".\"totalHours\", \"public\".\"lms_courses\".\"price\", \"public\".\"lms_courses\".\"discountPrice\", \"public\".\"lms_courses\".\"currency\", \"public\".\"lms_courses\".\"status\"::text, \"public\".\"lms_courses\".\"isActive\", \"public\".\"lms_courses\".\"certificateEnabled\", \"public\".\"lms_courses\".\"passingPercentage\", \"public\".\"lms_courses\".\"tags\", \"public\".\"lms_courses\".\"difficulty\"::text, \"public\".\"lms_courses\".\"instructor\", \"public\".\"lms_courses\".\"language\", \"public\".\"lms_courses\".\"averageRating\", \"public\".\"lms_courses\".\"ratingsCount\", \"public\".\"lms_courses\".\"createdAt\", \"public\".\"lms_courses\".\"updatedAt\", \"public\".\"lms_courses\".\"publishedAt\", COALESCE(\"aggr_selection_0_LmsEnrollment\".\"_aggr_count_enrollments\", 0) AS \"_aggr_count_enrollments\" FROM \"public\".\"lms_courses\" LEFT JOIN (SELECT \"public\".\"lms_enrollments\".\"courseId\", COUNT(*) AS \"_aggr_count_enrollments\" FROM \"public\".\"lms_enrollments\" WHERE 1=1 GROUP BY \"public\".\"lms_enrollments\".\"courseId\") AS \"aggr_selection_0_LmsEnrollment\" ON (\"public\".\"lms_courses\".\"id\" = \"aggr_selection_0_LmsEnrollment\".\"courseId\") WHERE (\"public\".\"lms_courses\".\"slug\" = $1 AND 1=1) LIMIT $2 OFFSET $3","service":"preplyte-api","timestamp":"2026-02-21 03:09:11"}
{"level":"debug","message":"Params: [\"roadmap\",1,0]","service":"preplyte-api","timestamp":"2026-02-21 03:09:11"}
{"level":"debug","message":"Duration: 1ms","service":"preplyte-api","timestamp":"2026-02-21 03:09:11"}
{"code":"COURSE_NOT_FOUND","ip":"127.0.0.1","level":"warn","message":"Operational error Course not found","method":"GET","path":"/api/lms/courses/roadmap","requestId":"c259d512-81a0-4e1f-aae3-becc73492543","service":"preplyte-api","timestamp":"2026-02-21 03:09:11","userAgent":"Mozilla/5.0 (Windows NT 10.0; Win64; x64) AppleWebKit/537.36 (KHTML, like Gecko) Chrome/144.0.0.0 Safari/537.36"}
{"level":"info","message":"\u001b[0mGET /api/lms/courses/roadmap \u001b[33m404\u001b[0m 16.669 ms - 133\u001b[0m","service":"preplyte-api","timestamp":"2026-02-21 03:09:11"}
{"level":"debug","message":"Query: SELECT \"public\".\"lms_courses\".\"id\", \"public\".\"lms_courses\".\"categoryId\", \"public\".\"lms_courses\".\"title\", \"public\".\"lms_courses\".\"slug\", \"public\".\"lms_courses\".\"shortDescription\", \"public\".\"lms_courses\".\"description\", \"public\".\"lms_courses\".\"thumbnailUrl\", \"public\".\"lms_courses\".\"previewVideoUrl\", \"public\".\"lms_courses\".\"totalModules\", \"public\".\"lms_courses\".\"totalTopics\", \"public\".\"lms_courses\".\"totalPoints\", \"public\".\"lms_courses\".\"totalHours\", \"public\".\"lms_courses\".\"price\", \"public\".\"lms_courses\".\"discountPrice\", \"public\".\"lms_courses\".\"currency\", \"public\".\"lms_courses\".\"status\"::text, \"public\".\"lms_courses\".\"isActive\", \"public\".\"lms_courses\".\"certificateEnabled\", \"public\".\"lms_courses\".\"passingPercentage\", \"public\".\"lms_courses\".\"tags\", \"public\".\"lms_courses\".\"difficulty\"::text, \"public\".\"lms_courses\".\"instructor\", \"public\".\"lms_courses\".\"language\", \"public\".\"lms_courses\".\"averageRating\", \"public\".\"lms_courses\".\"ratingsCount\", \"public\".\"lms_courses\".\"createdAt\", \"public\".\"lms_courses\".\"updatedAt\", \"public\".\"lms_courses\".\"publishedAt\", COALESCE(\"aggr_selection_0_LmsEnrollment\".\"_aggr_count_enrollments\", 0) AS \"_aggr_count_enrollments\" FROM \"public\".\"lms_courses\" LEFT JOIN (SELECT \"public\".\"lms_enrollments\".\"courseId\", COUNT(*) AS \"_aggr_count_enrollments\" FROM \"public\".\"lms_enrollments\" WHERE 1=1 GROUP BY \"public\".\"lms_enrollments\".\"courseId\") AS \"aggr_selection_0_LmsEnrollment\" ON (\"public\".\"lms_courses\".\"id\" = \"aggr_selection_0_LmsEnrollment\".\"courseId\") WHERE (\"public\".\"lms_courses\".\"slug\" = $1 AND 1=1) LIMIT $2 OFFSET $3","service":"preplyte-api","timestamp":"2026-02-21 03:09:14"}
{"level":"debug","message":"Params: [\"assessment\",1,0]","service":"preplyte-api","timestamp":"2026-02-21 03:09:14"}
{"level":"debug","message":"Duration: 2ms","service":"preplyte-api","timestamp":"2026-02-21 03:09:14"}
{"code":"COURSE_NOT_FOUND","ip":"127.0.0.1","level":"warn","message":"Operational error Course not found","method":"GET","path":"/api/lms/courses/assessment","requestId":"b2372529-5136-40b6-9cae-8f9a52047529","service":"preplyte-api","timestamp":"2026-02-21 03:09:14","userAgent":"Mozilla/5.0 (Windows NT 10.0; Win64; x64) AppleWebKit/537.36 (KHTML, like Gecko) Chrome/144.0.0.0 Safari/537.36"}
{"level":"info","message":"\u001b[0mGET /api/lms/courses/assessment \u001b[33m404\u001b[0m 16.510 ms - 133\u001b[0m","service":"preplyte-api","timestamp":"2026-02-21 03:09:14"}
{"level":"debug","message":"Query: SELECT \"public\".\"lms_courses\".\"id\", \"public\".\"lms_courses\".\"categoryId\", \"public\".\"lms_courses\".\"title\", \"public\".\"lms_courses\".\"slug\", \"public\".\"lms_courses\".\"shortDescription\", \"public\".\"lms_courses\".\"description\", \"public\".\"lms_courses\".\"thumbnailUrl\", \"public\".\"lms_courses\".\"previewVideoUrl\", \"public\".\"lms_courses\".\"totalModules\", \"public\".\"lms_courses\".\"totalTopics\", \"public\".\"lms_courses\".\"totalPoints\", \"public\".\"lms_courses\".\"totalHours\", \"public\".\"lms_courses\".\"price\", \"public\".\"lms_courses\".\"discountPrice\", \"public\".\"lms_courses\".\"currency\", \"public\".\"lms_courses\".\"status\"::text, \"public\".\"lms_courses\".\"isActive\", \"public\".\"lms_courses\".\"certificateEnabled\", \"public\".\"lms_courses\".\"passingPercentage\", \"public\".\"lms_courses\".\"tags\", \"public\".\"lms_courses\".\"difficulty\"::text, \"public\".\"lms_courses\".\"instructor\", \"public\".\"lms_courses\".\"language\", \"public\".\"lms_courses\".\"averageRating\", \"public\".\"lms_courses\".\"ratingsCount\", \"public\".\"lms_courses\".\"createdAt\", \"public\".\"lms_courses\".\"updatedAt\", \"public\".\"lms_courses\".\"publishedAt\", COALESCE(\"aggr_selection_0_LmsEnrollment\".\"_aggr_count_enrollments\", 0) AS \"_aggr_count_enrollments\" FROM \"public\".\"lms_courses\" LEFT JOIN (SELECT \"public\".\"lms_enrollments\".\"courseId\", COUNT(*) AS \"_aggr_count_enrollments\" FROM \"public\".\"lms_enrollments\" WHERE 1=1 GROUP BY \"public\".\"lms_enrollments\".\"courseId\") AS \"aggr_selection_0_LmsEnrollment\" ON (\"public\".\"lms_courses\".\"id\" = \"aggr_selection_0_LmsEnrollment\".\"courseId\") WHERE (\"public\".\"lms_courses\".\"slug\" = $1 AND 1=1) LIMIT $2 OFFSET $3","service":"preplyte-api","timestamp":"2026-02-21 03:09:15"}
{"level":"debug","message":"Params: [\"assessment\",1,0]","service":"preplyte-api","timestamp":"2026-02-21 03:09:15"}
{"level":"debug","message":"Duration: 1ms","service":"preplyte-api","timestamp":"2026-02-21 03:09:15"}
{"code":"COURSE_NOT_FOUND","ip":"127.0.0.1","level":"warn","message":"Operational error Course not found","method":"GET","path":"/api/lms/courses/assessment","requestId":"37abeb9a-7ce9-403f-83e9-78e965bc2fbc","service":"preplyte-api","timestamp":"2026-02-21 03:09:15","userAgent":"Mozilla/5.0 (Windows NT 10.0; Win64; x64) AppleWebKit/537.36 (KHTML, like Gecko) Chrome/144.0.0.0 Safari/537.36"}
{"level":"info","message":"\u001b[0mGET /api/lms/courses/assessment \u001b[33m404\u001b[0m 20.636 ms - 133\u001b[0m","service":"preplyte-api","timestamp":"2026-02-21 03:09:15"}
{"level":"debug","message":"Query: SELECT COUNT(*), \"public\".\"lms_enrollments\".\"userId\" FROM \"public\".\"lms_enrollments\" WHERE 1=1 GROUP BY \"public\".\"lms_enrollments\".\"userId\" OFFSET $1","service":"preplyte-api","timestamp":"2026-02-21 03:12:54"}
{"level":"debug","message":"Params: [0]","service":"preplyte-api","timestamp":"2026-02-21 03:12:54"}
{"level":"debug","message":"Duration: 7ms","service":"preplyte-api","timestamp":"2026-02-21 03:12:54"}
{"level":"debug","message":"Query: SELECT COUNT(*) FROM (SELECT \"public\".\"lms_courses\".\"id\" FROM \"public\".\"lms_courses\" WHERE (\"public\".\"lms_courses\".\"status\" = CAST($1::text AS \"public\".\"LmsCourseStatus\") AND \"public\".\"lms_courses\".\"isActive\" = $2) OFFSET $3) AS \"sub\"","service":"preplyte-api","timestamp":"2026-02-21 03:12:54"}
{"level":"debug","message":"Params: [\"PUBLISHED\",true,0]","service":"preplyte-api","timestamp":"2026-02-21 03:12:54"}
{"level":"debug","message":"Duration: 11ms","service":"preplyte-api","timestamp":"2026-02-21 03:12:54"}
{"level":"debug","message":"Query: SELECT COUNT(*) FROM (SELECT \"public\".\"lms_courses\".\"id\" FROM \"public\".\"lms_courses\" WHERE (\"public\".\"lms_courses\".\"status\" = CAST($1::text AS \"public\".\"LmsCourseStatus\") AND \"public\".\"lms_courses\".\"isActive\" = $2) OFFSET $3) AS \"sub\"","service":"preplyte-api","timestamp":"2026-02-21 03:12:54"}
{"level":"debug","message":"Params: [\"PUBLISHED\",true,0]","service":"preplyte-api","timestamp":"2026-02-21 03:12:54"}
{"level":"debug","message":"Duration: 8ms","service":"preplyte-api","timestamp":"2026-02-21 03:12:54"}
{"level":"debug","message":"Query: SELECT \"public\".\"lms_courses\".\"id\", \"public\".\"lms_courses\".\"instructor\" FROM \"public\".\"lms_courses\" WHERE (\"public\".\"lms_courses\".\"status\" = CAST($1::text AS \"public\".\"LmsCourseStatus\") AND \"public\".\"lms_courses\".\"isActive\" = $2) OFFSET $3","service":"preplyte-api","timestamp":"2026-02-21 03:12:54"}
{"level":"debug","message":"Params: [\"PUBLISHED\",true,0]","service":"preplyte-api","timestamp":"2026-02-21 03:12:54"}
{"level":"debug","message":"Duration: 14ms","service":"preplyte-api","timestamp":"2026-02-21 03:12:54"}
{"level":"debug","message":"Query: SELECT AVG(\"progressPercent\") FROM (SELECT \"public\".\"lms_enrollments\".\"progressPercent\" FROM \"public\".\"lms_enrollments\" WHERE \"public\".\"lms_enrollments\".\"status\" = CAST($1::text AS \"public\".\"LmsEnrollmentStatus\") OFFSET $2) AS \"sub\"","service":"preplyte-api","timestamp":"2026-02-21 03:12:54"}
{"level":"debug","message":"Params: [\"COMPLETED\",0]","service":"preplyte-api","timestamp":"2026-02-21 03:12:54"}
{"level":"debug","message":"Duration: 8ms","service":"preplyte-api","timestamp":"2026-02-21 03:12:54"}
{"level":"info","message":"\u001b[0mGET /api/lms/stats \u001b[36m304\u001b[0m 134.988 ms - -\u001b[0m","service":"preplyte-api","timestamp":"2026-02-21 03:12:54"}
{"level":"debug","message":"Query: SELECT \"public\".\"lms_categories\".\"id\", \"public\".\"lms_categories\".\"name\", \"public\".\"lms_categories\".\"slug\", \"public\".\"lms_categories\".\"description\", \"public\".\"lms_categories\".\"iconUrl\", \"public\".\"lms_categories\".\"order\", \"public\".\"lms_categories\".\"isActive\", \"public\".\"lms_categories\".\"createdAt\", \"public\".\"lms_categories\".\"updatedAt\", COALESCE(\"aggr_selection_0_LmsCourse\".\"_aggr_count_courses\", 0) AS \"_aggr_count_courses\" FROM \"public\".\"lms_categories\" LEFT JOIN (SELECT \"public\".\"lms_courses\".\"categoryId\", COUNT(*) AS \"_aggr_count_courses\" FROM \"public\".\"lms_courses\" WHERE (\"public\".\"lms_courses\".\"status\" = CAST($1::text AS \"public\".\"LmsCourseStatus\") AND \"public\".\"lms_courses\".\"isActive\" = $2) GROUP BY \"public\".\"lms_courses\".\"categoryId\") AS \"aggr_selection_0_LmsCourse\" ON (\"public\".\"lms_categories\".\"id\" = \"aggr_selection_0_LmsCourse\".\"categoryId\") WHERE \"public\".\"lms_categories\".\"isActive\" = $3 ORDER BY \"public\".\"lms_categories\".\"order\" ASC OFFSET $4","service":"preplyte-api","timestamp":"2026-02-21 03:12:54"}
{"level":"debug","message":"Params: [\"PUBLISHED\",true,true,0]","service":"preplyte-api","timestamp":"2026-02-21 03:12:54"}
{"level":"debug","message":"Duration: 14ms","service":"preplyte-api","timestamp":"2026-02-21 03:12:54"}
{"level":"info","message":"\u001b[0mGET /api/lms/categories \u001b[36m304\u001b[0m 135.893 ms - -\u001b[0m","service":"preplyte-api","timestamp":"2026-02-21 03:12:54"}
{"level":"debug","message":"Query: SELECT \"public\".\"lms_courses\".\"id\", \"public\".\"lms_courses\".\"categoryId\", \"public\".\"lms_courses\".\"title\", \"public\".\"lms_courses\".\"slug\", \"public\".\"lms_courses\".\"shortDescription\", \"public\".\"lms_courses\".\"description\", \"public\".\"lms_courses\".\"thumbnailUrl\", \"public\".\"lms_courses\".\"previewVideoUrl\", \"public\".\"lms_courses\".\"totalModules\", \"public\".\"lms_courses\".\"totalTopics\", \"public\".\"lms_courses\".\"totalPoints\", \"public\".\"lms_courses\".\"totalHours\", \"public\".\"lms_courses\".\"price\", \"public\".\"lms_courses\".\"discountPrice\", \"public\".\"lms_courses\".\"currency\", \"public\".\"lms_courses\".\"status\"::text, \"public\".\"lms_courses\".\"isActive\", \"public\".\"lms_courses\".\"certificateEnabled\", \"public\".\"lms_courses\".\"passingPercentage\", \"public\".\"lms_courses\".\"tags\", \"public\".\"lms_courses\".\"difficulty\"::text, \"public\".\"lms_courses\".\"instructor\", \"public\".\"lms_courses\".\"language\", \"public\".\"lms_courses\".\"averageRating\", \"public\".\"lms_courses\".\"ratingsCount\", \"public\".\"lms_courses\".\"createdAt\", \"public\".\"lms_courses\".\"updatedAt\", \"public\".\"lms_courses\".\"publishedAt\", COALESCE(\"aggr_selection_0_LmsEnrollment\".\"_aggr_count_enrollments\", 0) AS \"_aggr_count_enrollments\" FROM \"public\".\"lms_courses\" LEFT JOIN (SELECT \"public\".\"lms_enrollments\".\"courseId\", COUNT(*) AS \"orderby_aggregator\" FROM \"public\".\"lms_enrollments\" WHERE 1=1 GROUP BY \"public\".\"lms_enrollments\".\"courseId\") AS \"orderby_1_LmsEnrollment\" ON (\"public\".\"lms_courses\".\"id\" = \"orderby_1_LmsEnrollment\".\"courseId\") LEFT JOIN (SELECT \"public\".\"lms_enrollments\".\"courseId\", COUNT(*) AS \"_aggr_count_enrollments\" FROM \"public\".\"lms_enrollments\" WHERE 1=1 GROUP BY \"public\".\"lms_enrollments\".\"courseId\") AS \"aggr_selection_0_LmsEnrollment\" ON (\"public\".\"lms_courses\".\"id\" = \"aggr_selection_0_LmsEnrollment\".\"courseId\") WHERE (\"public\".\"lms_courses\".\"status\" = CAST($1::text AS \"public\".\"LmsCourseStatus\") AND \"public\".\"lms_courses\".\"isActive\" = $2) ORDER BY COALESCE(\"orderby_1_LmsEnrollment\".\"orderby_aggregator\", $3) DESC LIMIT $4 OFFSET $5","service":"preplyte-api","timestamp":"2026-02-21 03:12:54"}
{"level":"debug","message":"Params: [\"PUBLISHED\",true,0,12,0]","service":"preplyte-api","timestamp":"2026-02-21 03:12:54"}
{"level":"debug","message":"Duration: 17ms","service":"preplyte-api","timestamp":"2026-02-21 03:12:54"}
{"level":"debug","message":"Query: SELECT COUNT(*) FROM (SELECT \"public\".\"lms_courses\".\"id\" FROM \"public\".\"lms_courses\" WHERE (\"public\".\"lms_courses\".\"status\" = CAST($1::text AS \"public\".\"LmsCourseStatus\") AND \"public\".\"lms_courses\".\"isActive\" = $2) OFFSET $3) AS \"sub\"","service":"preplyte-api","timestamp":"2026-02-21 03:12:54"}
{"level":"debug","message":"Params: [\"PUBLISHED\",true,0]","service":"preplyte-api","timestamp":"2026-02-21 03:12:54"}
{"level":"debug","message":"Duration: 7ms","service":"preplyte-api","timestamp":"2026-02-21 03:12:54"}
{"level":"debug","message":"Query: SELECT \"public\".\"lms_categories\".\"id\", \"public\".\"lms_categories\".\"name\", \"public\".\"lms_categories\".\"slug\" FROM \"public\".\"lms_categories\" WHERE \"public\".\"lms_categories\".\"id\" IN ($1,$2) OFFSET $3","service":"preplyte-api","timestamp":"2026-02-21 03:12:54"}
{"level":"debug","message":"Params: [\"cmlq4lrae0003ail99wlb2luj\",\"cmls4iwf200x0m93kfd559mke\",0]","service":"preplyte-api","timestamp":"2026-02-21 03:12:54"}
{"level":"debug","message":"Duration: 4ms","service":"preplyte-api","timestamp":"2026-02-21 03:12:54"}
{"level":"info","message":"\u001b[0mGET /api/lms/courses?page=1&limit=12&priceRange=all&sortBy=popular \u001b[36m304\u001b[0m 147.218 ms - -\u001b[0m","service":"preplyte-api","timestamp":"2026-02-21 03:12:54"}
{"level":"debug","message":"Query: SELECT \"public\".\"lms_courses\".\"id\", \"public\".\"lms_courses\".\"categoryId\", \"public\".\"lms_courses\".\"title\", \"public\".\"lms_courses\".\"slug\", \"public\".\"lms_courses\".\"shortDescription\", \"public\".\"lms_courses\".\"description\", \"public\".\"lms_courses\".\"thumbnailUrl\", \"public\".\"lms_courses\".\"previewVideoUrl\", \"public\".\"lms_courses\".\"totalModules\", \"public\".\"lms_courses\".\"totalTopics\", \"public\".\"lms_courses\".\"totalPoints\", \"public\".\"lms_courses\".\"totalHours\", \"public\".\"lms_courses\".\"price\", \"public\".\"lms_courses\".\"discountPrice\", \"public\".\"lms_courses\".\"currency\", \"public\".\"lms_courses\".\"status\"::text, \"public\".\"lms_courses\".\"isActive\", \"public\".\"lms_courses\".\"certificateEnabled\", \"public\".\"lms_courses\".\"passingPercentage\", \"public\".\"lms_courses\".\"tags\", \"public\".\"lms_courses\".\"difficulty\"::text, \"public\".\"lms_courses\".\"instructor\", \"public\".\"lms_courses\".\"language\", \"public\".\"lms_courses\".\"averageRating\", \"public\".\"lms_courses\".\"ratingsCount\", \"public\".\"lms_courses\".\"createdAt\", \"public\".\"lms_courses\".\"updatedAt\", \"public\".\"lms_courses\".\"publishedAt\", COALESCE(\"aggr_selection_0_LmsEnrollment\".\"_aggr_count_enrollments\", 0) AS \"_aggr_count_enrollments\" FROM \"public\".\"lms_courses\" LEFT JOIN (SELECT \"public\".\"lms_enrollments\".\"courseId\", COUNT(*) AS \"orderby_aggregator\" FROM \"public\".\"lms_enrollments\" WHERE 1=1 GROUP BY \"public\".\"lms_enrollments\".\"courseId\") AS \"orderby_1_LmsEnrollment\" ON (\"public\".\"lms_courses\".\"id\" = \"orderby_1_LmsEnrollment\".\"courseId\") LEFT JOIN (SELECT \"public\".\"lms_enrollments\".\"courseId\", COUNT(*) AS \"_aggr_count_enrollments\" FROM \"public\".\"lms_enrollments\" WHERE 1=1 GROUP BY \"public\".\"lms_enrollments\".\"courseId\") AS \"aggr_selection_0_LmsEnrollment\" ON (\"public\".\"lms_courses\".\"id\" = \"aggr_selection_0_LmsEnrollment\".\"courseId\") WHERE (\"public\".\"lms_courses\".\"status\" = CAST($1::text AS \"public\".\"LmsCourseStatus\") AND \"public\".\"lms_courses\".\"isActive\" = $2) ORDER BY COALESCE(\"orderby_1_LmsEnrollment\".\"orderby_aggregator\", $3) DESC LIMIT $4 OFFSET $5","service":"preplyte-api","timestamp":"2026-02-21 03:12:54"}
{"level":"debug","message":"Params: [\"PUBLISHED\",true,0,12,0]","service":"preplyte-api","timestamp":"2026-02-21 03:12:54"}
{"level":"debug","message":"Duration: 13ms","service":"preplyte-api","timestamp":"2026-02-21 03:12:54"}
{"level":"debug","message":"Query: SELECT \"public\".\"lms_categories\".\"id\", \"public\".\"lms_categories\".\"name\", \"public\".\"lms_categories\".\"slug\" FROM \"public\".\"lms_categories\" WHERE \"public\".\"lms_categories\".\"id\" IN ($1,$2) OFFSET $3","service":"preplyte-api","timestamp":"2026-02-21 03:12:54"}
{"level":"debug","message":"Params: [\"cmlq4lrae0003ail99wlb2luj\",\"cmls4iwf200x0m93kfd559mke\",0]","service":"preplyte-api","timestamp":"2026-02-21 03:12:54"}
{"level":"debug","message":"Duration: 4ms","service":"preplyte-api","timestamp":"2026-02-21 03:12:54"}
{"level":"info","message":"\u001b[0mGET /api/lms/courses?page=1&limit=12&priceRange=all&sortBy=popular&search= \u001b[36m304\u001b[0m 147.652 ms - -\u001b[0m","service":"preplyte-api","timestamp":"2026-02-21 03:12:54"}
{"level":"info","message":"\u001b[0mPOST /api/practice/roadmap/question \u001b[33m401\u001b[0m 68.084 ms - 108\u001b[0m","service":"preplyte-api","timestamp":"2026-02-21 03:15:26"}
{"level":"debug","message":"Query: SELECT 1","service":"preplyte-api","timestamp":"2026-02-21 03:15:26"}
{"level":"debug","message":"Params: []","service":"preplyte-api","timestamp":"2026-02-21 03:15:26"}
{"level":"debug","message":"Duration: 1ms","service":"preplyte-api","timestamp":"2026-02-21 03:15:26"}
{"level":"debug","message":"Query: SELECT \"public\".\"refresh_tokens\".\"id\", \"public\".\"refresh_tokens\".\"token\", \"public\".\"refresh_tokens\".\"userId\", \"public\".\"refresh_tokens\".\"expiresAt\", \"public\".\"refresh_tokens\".\"revokedAt\", \"public\".\"refresh_tokens\".\"userAgent\", \"public\".\"refresh_tokens\".\"ipAddress\", \"public\".\"refresh_tokens\".\"createdAt\" FROM \"public\".\"refresh_tokens\" WHERE (\"public\".\"refresh_tokens\".\"token\" = $1 AND \"public\".\"refresh_tokens\".\"userId\" = $2) LIMIT $3 OFFSET $4","service":"preplyte-api","timestamp":"2026-02-21 03:15:26"}
{"level":"debug","message":"Params: [\"82bd8e6872315f3354e1a3fd97aba9cdeba05993760be7f012ab462e56199923\",\"cmlq4geyi00019qeh3xpio9yr\",1,0]","service":"preplyte-api","timestamp":"2026-02-21 03:15:26"}
{"level":"debug","message":"Duration: 11ms","service":"preplyte-api","timestamp":"2026-02-21 03:15:26"}
{"level":"warn","message":"Refresh token reuse detected","revokedAt":"2026-02-19T14:35:44.472Z","service":"preplyte-api","timestamp":"2026-02-21 03:15:26","tokenId":"cmltjrlp90007l0q2m3173zpx","userId":"cmlq4geyi00019qeh3xpio9yr"}
{"level":"debug","message":"Query: SELECT 1","service":"preplyte-api","timestamp":"2026-02-21 03:15:26"}
{"level":"debug","message":"Params: []","service":"preplyte-api","timestamp":"2026-02-21 03:15:26"}
{"level":"debug","message":"Duration: 0ms","service":"preplyte-api","timestamp":"2026-02-21 03:15:26"}
{"level":"debug","message":"Query: BEGIN","service":"preplyte-api","timestamp":"2026-02-21 03:15:26"}
{"level":"debug","message":"Params: []","service":"preplyte-api","timestamp":"2026-02-21 03:15:26"}
{"level":"debug","message":"Duration: 0ms","service":"preplyte-api","timestamp":"2026-02-21 03:15:26"}
{"level":"debug","message":"Query: UPDATE \"public\".\"refresh_tokens\" SET \"revokedAt\" = $1 WHERE (\"public\".\"refresh_tokens\".\"userId\" = $2 AND \"public\".\"refresh_tokens\".\"revokedAt\" IS NULL)","service":"preplyte-api","timestamp":"2026-02-21 03:15:26"}
{"level":"debug","message":"Params: [\"2026-02-20 21:45:26.497 UTC\",\"cmlq4geyi00019qeh3xpio9yr\"]","service":"preplyte-api","timestamp":"2026-02-21 03:15:26"}
{"level":"debug","message":"Duration: 7ms","service":"preplyte-api","timestamp":"2026-02-21 03:15:26"}
{"level":"debug","message":"Query: COMMIT","service":"preplyte-api","timestamp":"2026-02-21 03:15:26"}
{"level":"debug","message":"Params: []","service":"preplyte-api","timestamp":"2026-02-21 03:15:26"}
{"level":"debug","message":"Duration: 1ms","service":"preplyte-api","timestamp":"2026-02-21 03:15:26"}
{"level":"debug","message":"Query: UPDATE \"public\".\"users\" SET \"tokenVersion\" = (\"public\".\"users\".\"tokenVersion\" + $1), \"updatedAt\" = $2 WHERE (\"public\".\"users\".\"id\" = $3 AND 1=1) RETURNING \"public\".\"users\".\"id\", \"public\".\"users\".\"email\", \"public\".\"users\".\"password\", \"public\".\"users\".\"name\", \"public\".\"users\".\"role\"::text, \"public\".\"users\".\"isActive\", \"public\".\"users\".\"instituteId\", \"public\".\"users\".\"profilePictureUrl\", \"public\".\"users\".\"googleId\", \"public\".\"users\".\"provider\", \"public\".\"users\".\"avatar\", \"public\".\"users\".\"createdAt\", \"public\".\"users\".\"updatedAt\", \"public\".\"users\".\"lastLoginAt\", \"public\".\"users\".\"tokenVersion\"","service":"preplyte-api","timestamp":"2026-02-21 03:15:26"}
{"level":"debug","message":"Params: [1,\"2026-02-20 21:45:26.499 UTC\",\"cmlq4geyi00019qeh3xpio9yr\"]","service":"preplyte-api","timestamp":"2026-02-21 03:15:26"}
{"level":"debug","message":"Duration: 19ms","service":"preplyte-api","timestamp":"2026-02-21 03:15:26"}
{"level":"info","message":"User logged out from all devices","service":"preplyte-api","timestamp":"2026-02-21 03:15:26","userId":"cmlq4geyi00019qeh3xpio9yr"}
{"code":"UNAUTHORIZED","ip":"127.0.0.1","level":"warn","message":"Operational error Token reuse detected. All sessions have been revoked for security.","method":"POST","path":"/api/auth/refresh","requestId":"mlvf56fa-67dac3fd0200ebed","service":"preplyte-api","timestamp":"2026-02-21 03:15:26","userAgent":"Mozilla/5.0 (Windows NT 10.0; Win64; x64) AppleWebKit/537.36 (KHTML, like Gecko) Chrome/144.0.0.0 Safari/537.36"}
{"level":"info","message":"\u001b[0mPOST /api/auth/refresh \u001b[33m401\u001b[0m 63.299 ms - 168\u001b[0m","service":"preplyte-api","timestamp":"2026-02-21 03:15:26"}
{"level":"debug","message":"Query: SELECT \"public\".\"users\".\"id\", \"public\".\"users\".\"email\", \"public\".\"users\".\"password\", \"public\".\"users\".\"name\", \"public\".\"users\".\"role\"::text, \"public\".\"users\".\"isActive\", \"public\".\"users\".\"instituteId\", \"public\".\"users\".\"profilePictureUrl\", \"public\".\"users\".\"googleId\", \"public\".\"users\".\"provider\", \"public\".\"users\".\"avatar\", \"public\".\"users\".\"createdAt\", \"public\".\"users\".\"updatedAt\", \"public\".\"users\".\"lastLoginAt\", \"public\".\"users\".\"tokenVersion\" FROM \"public\".\"users\" WHERE (\"public\".\"users\".\"email\" = $1 AND 1=1) LIMIT $2 OFFSET $3","service":"preplyte-api","timestamp":"2026-02-21 03:15:41"}
{"level":"debug","message":"Params: [\"admin@platform.com\",1,0]","service":"preplyte-api","timestamp":"2026-02-21 03:15:41"}
{"level":"debug","message":"Duration: 2ms","service":"preplyte-api","timestamp":"2026-02-21 03:15:41"}
{"level":"debug","message":"Query: SELECT 1","service":"preplyte-api","timestamp":"2026-02-21 03:15:42"}
{"level":"debug","message":"Params: []","service":"preplyte-api","timestamp":"2026-02-21 03:15:42"}
{"level":"debug","message":"Duration: 0ms","service":"preplyte-api","timestamp":"2026-02-21 03:15:42"}
{"level":"debug","message":"Query: SELECT 1","service":"preplyte-api","timestamp":"2026-02-21 03:15:42"}
{"level":"debug","message":"Params: []","service":"preplyte-api","timestamp":"2026-02-21 03:15:42"}
{"level":"debug","message":"Duration: 5ms","service":"preplyte-api","timestamp":"2026-02-21 03:15:42"}
{"level":"debug","message":"Query: INSERT INTO \"public\".\"refresh_tokens\" (\"id\",\"token\",\"userId\",\"expiresAt\",\"createdAt\") VALUES ($1,$2,$3,$4,$5) RETURNING \"public\".\"refresh_tokens\".\"id\", \"public\".\"refresh_tokens\".\"token\", \"public\".\"refresh_tokens\".\"userId\", \"public\".\"refresh_tokens\".\"expiresAt\", \"public\".\"refresh_tokens\".\"revokedAt\", \"public\".\"refresh_tokens\".\"userAgent\", \"public\".\"refresh_tokens\".\"ipAddress\", \"public\".\"refresh_tokens\".\"createdAt\"","service":"preplyte-api","timestamp":"2026-02-21 03:15:42"}
{"level":"debug","message":"Params: [\"cmlvf5imm0001n2f7gcni5z7n\",\"fc27a9104e04eb90a89a26c29d62ea012528dbe33ab9384717340ec392608819\",\"cmlq4geyi00019qeh3xpio9yr\",\"2026-02-27 21:45:42.280 UTC\",\"2026-02-20 21:45:42.282 UTC\"]","service":"preplyte-api","timestamp":"2026-02-21 03:15:42"}
{"level":"debug","message":"Duration: 7ms","service":"preplyte-api","timestamp":"2026-02-21 03:15:42"}
{"level":"debug","message":"Query: UPDATE \"public\".\"users\" SET \"lastLoginAt\" = $1, \"updatedAt\" = $2 WHERE (\"public\".\"users\".\"id\" = $3 AND 1=1) RETURNING \"public\".\"users\".\"id\", \"public\".\"users\".\"email\", \"public\".\"users\".\"password\", \"public\".\"users\".\"name\", \"public\".\"users\".\"role\"::text, \"public\".\"users\".\"isActive\", \"public\".\"users\".\"instituteId\", \"public\".\"users\".\"profilePictureUrl\", \"public\".\"users\".\"googleId\", \"public\".\"users\".\"provider\", \"public\".\"users\".\"avatar\", \"public\".\"users\".\"createdAt\", \"public\".\"users\".\"updatedAt\", \"public\".\"users\".\"lastLoginAt\", \"public\".\"users\".\"tokenVersion\"","service":"preplyte-api","timestamp":"2026-02-21 03:15:42"}
{"level":"debug","message":"Params: [\"2026-02-20 21:45:42.280 UTC\",\"2026-02-20 21:45:42.282 UTC\",\"cmlq4geyi00019qeh3xpio9yr\"]","service":"preplyte-api","timestamp":"2026-02-21 03:15:42"}
{"level":"debug","message":"Duration: 9ms","service":"preplyte-api","timestamp":"2026-02-21 03:15:42"}
{"level":"info","message":"User logged in","service":"preplyte-api","timestamp":"2026-02-21 03:15:42","userId":"cmlq4geyi00019qeh3xpio9yr"}
{"level":"info","message":"\u001b[0mPOST /api/auth/login \u001b[32m200\u001b[0m 888.356 ms - 1008\u001b[0m","service":"preplyte-api","timestamp":"2026-02-21 03:15:42"}
{"level":"debug","message":"Query: SELECT 1","service":"preplyte-api","timestamp":"2026-02-21 03:15:49"}
{"level":"debug","message":"Params: []","service":"preplyte-api","timestamp":"2026-02-21 03:15:49"}
{"level":"debug","message":"Duration: 0ms","service":"preplyte-api","timestamp":"2026-02-21 03:15:49"}
{"level":"debug","message":"Query: SELECT 1","service":"preplyte-api","timestamp":"2026-02-21 03:15:49"}
{"level":"debug","message":"Params: []","service":"preplyte-api","timestamp":"2026-02-21 03:15:49"}
{"level":"debug","message":"Duration: 0ms","service":"preplyte-api","timestamp":"2026-02-21 03:15:49"}
{"level":"debug","message":"Query: SELECT 1","service":"preplyte-api","timestamp":"2026-02-21 03:15:49"}
{"level":"debug","message":"Params: []","service":"preplyte-api","timestamp":"2026-02-21 03:15:49"}
{"level":"debug","message":"Duration: 0ms","service":"preplyte-api","timestamp":"2026-02-21 03:15:49"}
{"level":"debug","message":"Query: SELECT \"public\".\"lms_categories\".\"id\", \"public\".\"lms_categories\".\"name\", \"public\".\"lms_categories\".\"slug\", \"public\".\"lms_categories\".\"description\", \"public\".\"lms_categories\".\"iconUrl\", \"public\".\"lms_categories\".\"order\", \"public\".\"lms_categories\".\"isActive\", \"public\".\"lms_categories\".\"createdAt\", \"public\".\"lms_categories\".\"updatedAt\", COALESCE(\"aggr_selection_0_LmsCourse\".\"_aggr_count_courses\", 0) AS \"_aggr_count_courses\" FROM \"public\".\"lms_categories\" LEFT JOIN (SELECT \"public\".\"lms_courses\".\"categoryId\", COUNT(*) AS \"_aggr_count_courses\" FROM \"public\".\"lms_courses\" WHERE (\"public\".\"lms_courses\".\"status\" = CAST($1::text AS \"public\".\"LmsCourseStatus\") AND \"public\".\"lms_courses\".\"isActive\" = $2) GROUP BY \"public\".\"lms_courses\".\"categoryId\") AS \"aggr_selection_0_LmsCourse\" ON (\"public\".\"lms_categories\".\"id\" = \"aggr_selection_0_LmsCourse\".\"categoryId\") WHERE \"public\".\"lms_categories\".\"isActive\" = $3 ORDER BY \"public\".\"lms_categories\".\"order\" ASC OFFSET $4","service":"preplyte-api","timestamp":"2026-02-21 03:15:49"}
{"level":"debug","message":"Params: [\"PUBLISHED\",true,true,0]","service":"preplyte-api","timestamp":"2026-02-21 03:15:49"}
{"level":"debug","message":"Duration: 2ms","service":"preplyte-api","timestamp":"2026-02-21 03:15:49"}
{"level":"debug","message":"Query: SELECT AVG(\"progressPercent\") FROM (SELECT \"public\".\"lms_enrollments\".\"progressPercent\" FROM \"public\".\"lms_enrollments\" WHERE \"public\".\"lms_enrollments\".\"status\" = CAST($1::text AS \"public\".\"LmsEnrollmentStatus\") OFFSET $2) AS \"sub\"","service":"preplyte-api","timestamp":"2026-02-21 03:15:49"}
{"level":"debug","message":"Params: [\"COMPLETED\",0]","service":"preplyte-api","timestamp":"2026-02-21 03:15:49"}
{"level":"debug","message":"Duration: 0ms","service":"preplyte-api","timestamp":"2026-02-21 03:15:49"}
{"level":"debug","message":"Query: SELECT COUNT(*) FROM (SELECT \"public\".\"lms_courses\".\"id\" FROM \"public\".\"lms_courses\" WHERE (\"public\".\"lms_courses\".\"status\" = CAST($1::text AS \"public\".\"LmsCourseStatus\") AND \"public\".\"lms_courses\".\"isActive\" = $2) OFFSET $3) AS \"sub\"","service":"preplyte-api","timestamp":"2026-02-21 03:15:49"}
{"level":"debug","message":"Params: [\"PUBLISHED\",true,0]","service":"preplyte-api","timestamp":"2026-02-21 03:15:49"}
{"level":"debug","message":"Duration: 2ms","service":"preplyte-api","timestamp":"2026-02-21 03:15:49"}
{"level":"debug","message":"Query: SELECT \"public\".\"lms_courses\".\"id\", \"public\".\"lms_courses\".\"instructor\" FROM \"public\".\"lms_courses\" WHERE (\"public\".\"lms_courses\".\"status\" = CAST($1::text AS \"public\".\"LmsCourseStatus\") AND \"public\".\"lms_courses\".\"isActive\" = $2) OFFSET $3","service":"preplyte-api","timestamp":"2026-02-21 03:15:49"}
{"level":"debug","message":"Params: [\"PUBLISHED\",true,0]","service":"preplyte-api","timestamp":"2026-02-21 03:15:49"}
{"level":"debug","message":"Duration: 1ms","service":"preplyte-api","timestamp":"2026-02-21 03:15:49"}
{"level":"debug","message":"Query: SELECT \"public\".\"lms_courses\".\"id\", \"public\".\"lms_courses\".\"categoryId\", \"public\".\"lms_courses\".\"title\", \"public\".\"lms_courses\".\"slug\", \"public\".\"lms_courses\".\"shortDescription\", \"public\".\"lms_courses\".\"description\", \"public\".\"lms_courses\".\"thumbnailUrl\", \"public\".\"lms_courses\".\"previewVideoUrl\", \"public\".\"lms_courses\".\"totalModules\", \"public\".\"lms_courses\".\"totalTopics\", \"public\".\"lms_courses\".\"totalPoints\", \"public\".\"lms_courses\".\"totalHours\", \"public\".\"lms_courses\".\"price\", \"public\".\"lms_courses\".\"discountPrice\", \"public\".\"lms_courses\".\"currency\", \"public\".\"lms_courses\".\"status\"::text, \"public\".\"lms_courses\".\"isActive\", \"public\".\"lms_courses\".\"certificateEnabled\", \"public\".\"lms_courses\".\"passingPercentage\", \"public\".\"lms_courses\".\"tags\", \"public\".\"lms_courses\".\"difficulty\"::text, \"public\".\"lms_courses\".\"instructor\", \"public\".\"lms_courses\".\"language\", \"public\".\"lms_courses\".\"averageRating\", \"public\".\"lms_courses\".\"ratingsCount\", \"public\".\"lms_courses\".\"createdAt\", \"public\".\"lms_courses\".\"updatedAt\", \"public\".\"lms_courses\".\"publishedAt\", COALESCE(\"aggr_selection_0_LmsEnrollment\".\"_aggr_count_enrollments\", 0) AS \"_aggr_count_enrollments\" FROM \"public\".\"lms_courses\" LEFT JOIN (SELECT \"public\".\"lms_enrollments\".\"courseId\", COUNT(*) AS \"orderby_aggregator\" FROM \"public\".\"lms_enrollments\" WHERE 1=1 GROUP BY \"public\".\"lms_enrollments\".\"courseId\") AS \"orderby_1_LmsEnrollment\" ON (\"public\".\"lms_courses\".\"id\" = \"orderby_1_LmsEnrollment\".\"courseId\") LEFT JOIN (SELECT \"public\".\"lms_enrollments\".\"courseId\", COUNT(*) AS \"_aggr_count_enrollments\" FROM \"public\".\"lms_enrollments\" WHERE 1=1 GROUP BY \"public\".\"lms_enrollments\".\"courseId\") AS \"aggr_selection_0_LmsEnrollment\" ON (\"public\".\"lms_courses\".\"id\" = \"aggr_selection_0_LmsEnrollment\".\"courseId\") WHERE (\"public\".\"lms_courses\".\"status\" = CAST($1::text AS \"public\".\"LmsCourseStatus\") AND \"public\".\"lms_courses\".\"isActive\" = $2) ORDER BY COALESCE(\"orderby_1_LmsEnrollment\".\"orderby_aggregator\", $3) DESC LIMIT $4 OFFSET $5","service":"preplyte-api","timestamp":"2026-02-21 03:15:49"}
{"level":"debug","message":"Params: [\"PUBLISHED\",true,0,12,0]","service":"preplyte-api","timestamp":"2026-02-21 03:15:49"}
{"level":"debug","message":"Duration: 2ms","service":"preplyte-api","timestamp":"2026-02-21 03:15:49"}
{"level":"debug","message":"Query: SELECT \"public\".\"lms_categories\".\"id\", \"public\".\"lms_categories\".\"name\", \"public\".\"lms_categories\".\"slug\" FROM \"public\".\"lms_categories\" WHERE \"public\".\"lms_categories\".\"id\" IN ($1,$2) OFFSET $3","service":"preplyte-api","timestamp":"2026-02-21 03:15:49"}
{"level":"debug","message":"Params: [\"cmlq4lrae0003ail99wlb2luj\",\"cmls4iwf200x0m93kfd559mke\",0]","service":"preplyte-api","timestamp":"2026-02-21 03:15:49"}
{"level":"debug","message":"Duration: 0ms","service":"preplyte-api","timestamp":"2026-02-21 03:15:49"}
{"level":"debug","message":"Query: SELECT COUNT(*), \"public\".\"lms_enrollments\".\"userId\" FROM \"public\".\"lms_enrollments\" WHERE 1=1 GROUP BY \"public\".\"lms_enrollments\".\"userId\" OFFSET $1","service":"preplyte-api","timestamp":"2026-02-21 03:15:49"}
{"level":"debug","message":"Params: [0]","service":"preplyte-api","timestamp":"2026-02-21 03:15:49"}
{"level":"debug","message":"Duration: 10ms","service":"preplyte-api","timestamp":"2026-02-21 03:15:49"}
{"level":"debug","message":"Query: SELECT COUNT(*) FROM (SELECT \"public\".\"lms_courses\".\"id\" FROM \"public\".\"lms_courses\" WHERE (\"public\".\"lms_courses\".\"status\" = CAST($1::text AS \"public\".\"LmsCourseStatus\") AND \"public\".\"lms_courses\".\"isActive\" = $2) OFFSET $3) AS \"sub\"","service":"preplyte-api","timestamp":"2026-02-21 03:15:49"}
{"level":"debug","message":"Params: [\"PUBLISHED\",true,0]","service":"preplyte-api","timestamp":"2026-02-21 03:15:49"}
{"level":"debug","message":"Duration: 14ms","service":"preplyte-api","timestamp":"2026-02-21 03:15:49"}
{"level":"info","message":"\u001b[0mGET /api/lms/categories \u001b[36m304\u001b[0m 38.626 ms - -\u001b[0m","service":"preplyte-api","timestamp":"2026-02-21 03:15:49"}
{"level":"info","message":"\u001b[0mGET /api/lms/stats \u001b[36m304\u001b[0m 39.674 ms - -\u001b[0m","service":"preplyte-api","timestamp":"2026-02-21 03:15:49"}
{"level":"info","message":"\u001b[0mGET /api/lms/courses?page=1&limit=12&priceRange=all&sortBy=popular&search= \u001b[32m200\u001b[0m 40.567 ms - -\u001b[0m","service":"preplyte-api","timestamp":"2026-02-21 03:15:49"}
{"level":"debug","message":"Query: SELECT 1","service":"preplyte-api","timestamp":"2026-02-21 03:15:58"}
{"level":"debug","message":"Params: []","service":"preplyte-api","timestamp":"2026-02-21 03:15:58"}
{"level":"debug","message":"Duration: 0ms","service":"preplyte-api","timestamp":"2026-02-21 03:15:58"}
{"level":"debug","message":"Query: SELECT \"public\".\"users\".\"id\", \"public\".\"users\".\"email\", \"public\".\"users\".\"role\"::text, \"public\".\"users\".\"instituteId\", \"public\".\"users\".\"isActive\", \"public\".\"users\".\"tokenVersion\" FROM \"public\".\"users\" WHERE (\"public\".\"users\".\"id\" = $1 AND 1=1) LIMIT $2 OFFSET $3","service":"preplyte-api","timestamp":"2026-02-21 03:15:58"}
{"level":"debug","message":"Params: [\"cmlq4geyi00019qeh3xpio9yr\",1,0]","service":"preplyte-api","timestamp":"2026-02-21 03:15:58"}
{"level":"debug","message":"Duration: 2ms","service":"preplyte-api","timestamp":"2026-02-21 03:15:58"}
{"level":"debug","message":"Query: SELECT \"public\".\"users\".\"id\", \"public\".\"users\".\"email\", \"public\".\"users\".\"role\"::text, \"public\".\"users\".\"instituteId\", \"public\".\"users\".\"isActive\", \"public\".\"users\".\"tokenVersion\" FROM \"public\".\"users\" WHERE (\"public\".\"users\".\"id\" = $1 AND 1=1) LIMIT $2 OFFSET $3","service":"preplyte-api","timestamp":"2026-02-21 03:15:58"}
{"level":"debug","message":"Params: [\"cmlq4geyi00019qeh3xpio9yr\",1,0]","service":"preplyte-api","timestamp":"2026-02-21 03:15:58"}
{"level":"debug","message":"Duration: 13ms","service":"preplyte-api","timestamp":"2026-02-21 03:15:58"}
{"level":"debug","message":"Query: SELECT \"public\".\"users\".\"id\", \"public\".\"users\".\"email\", \"public\".\"users\".\"role\"::text, \"public\".\"users\".\"instituteId\", \"public\".\"users\".\"isActive\", \"public\".\"users\".\"tokenVersion\" FROM \"public\".\"users\" WHERE (\"public\".\"users\".\"id\" = $1 AND 1=1) LIMIT $2 OFFSET $3","service":"preplyte-api","timestamp":"2026-02-21 03:15:58"}
{"level":"debug","message":"Params: [\"cmlq4geyi00019qeh3xpio9yr\",1,0]","service":"preplyte-api","timestamp":"2026-02-21 03:15:58"}
{"level":"debug","message":"Duration: 15ms","service":"preplyte-api","timestamp":"2026-02-21 03:15:58"}
{"level":"debug","message":"Query: SELECT COUNT(*) FROM (SELECT \"public\".\"institutes\".\"id\" FROM \"public\".\"institutes\" WHERE 1=1 OFFSET $1) AS \"sub\"","service":"preplyte-api","timestamp":"2026-02-21 03:15:58"}
{"level":"debug","message":"Params: [0]","service":"preplyte-api","timestamp":"2026-02-21 03:15:58"}
{"level":"debug","message":"Duration: 11ms","service":"preplyte-api","timestamp":"2026-02-21 03:15:58"}
{"level":"debug","message":"Query: SELECT 1","service":"preplyte-api","timestamp":"2026-02-21 03:15:58"}
{"level":"debug","message":"Params: []","service":"preplyte-api","timestamp":"2026-02-21 03:15:58"}
{"level":"debug","message":"Duration: 0ms","service":"preplyte-api","timestamp":"2026-02-21 03:15:58"}
{"level":"debug","message":"Query: SELECT 1","service":"preplyte-api","timestamp":"2026-02-21 03:15:58"}
{"level":"debug","message":"Params: []","service":"preplyte-api","timestamp":"2026-02-21 03:15:58"}
{"level":"debug","message":"Duration: 0ms","service":"preplyte-api","timestamp":"2026-02-21 03:15:58"}
{"level":"debug","message":"Query: SELECT 1","service":"preplyte-api","timestamp":"2026-02-21 03:15:58"}
{"level":"debug","message":"Params: []","service":"preplyte-api","timestamp":"2026-02-21 03:15:58"}
{"level":"debug","message":"Duration: 0ms","service":"preplyte-api","timestamp":"2026-02-21 03:15:58"}
{"level":"debug","message":"Query: SELECT 1","service":"preplyte-api","timestamp":"2026-02-21 03:15:58"}
{"level":"debug","message":"Params: []","service":"preplyte-api","timestamp":"2026-02-21 03:15:58"}
{"level":"debug","message":"Duration: 0ms","service":"preplyte-api","timestamp":"2026-02-21 03:15:58"}
{"level":"debug","message":"Query: SELECT 1","service":"preplyte-api","timestamp":"2026-02-21 03:15:58"}
{"level":"debug","message":"Params: []","service":"preplyte-api","timestamp":"2026-02-21 03:15:58"}
{"level":"debug","message":"Duration: 1ms","service":"preplyte-api","timestamp":"2026-02-21 03:15:58"}
{"level":"debug","message":"Query: SELECT \"public\".\"institutes\".\"id\", \"public\".\"institutes\".\"name\", \"public\".\"institutes\".\"domain\", \"public\".\"institutes\".\"isActive\", \"public\".\"institutes\".\"createdAt\", \"public\".\"institutes\".\"updatedAt\", COALESCE(\"aggr_selection_0_User\".\"_aggr_count_users\", 0) AS \"_aggr_count_users\" FROM \"public\".\"institutes\" LEFT JOIN (SELECT \"public\".\"users\".\"instituteId\", COUNT(*) AS \"_aggr_count_users\" FROM \"public\".\"users\" WHERE 1=1 GROUP BY \"public\".\"users\".\"instituteId\") AS \"aggr_selection_0_User\" ON (\"public\".\"institutes\".\"id\" = \"aggr_selection_0_User\".\"instituteId\") WHERE 1=1 ORDER BY \"public\".\"institutes\".\"createdAt\" DESC LIMIT $1 OFFSET $2","service":"preplyte-api","timestamp":"2026-02-21 03:15:58"}
{"level":"debug","message":"Params: [5,0]","service":"preplyte-api","timestamp":"2026-02-21 03:15:58"}
{"level":"debug","message":"Duration: 13ms","service":"preplyte-api","timestamp":"2026-02-21 03:15:58"}
{"level":"debug","message":"Query: SELECT COUNT(*), \"public\".\"institutes\".\"isActive\" FROM \"public\".\"institutes\" WHERE 1=1 GROUP BY \"public\".\"institutes\".\"isActive\" OFFSET $1","service":"preplyte-api","timestamp":"2026-02-21 03:15:58"}
{"level":"debug","message":"Params: [0]","service":"preplyte-api","timestamp":"2026-02-21 03:15:58"}
{"level":"debug","message":"Duration: 11ms","service":"preplyte-api","timestamp":"2026-02-21 03:15:58"}
{"level":"debug","message":"Query: SELECT COUNT(*) FROM (SELECT \"public\".\"machine_practice_sessions\".\"id\" FROM \"public\".\"machine_practice_sessions\" WHERE 1=1 OFFSET $1) AS \"sub\"","service":"preplyte-api","timestamp":"2026-02-21 03:15:58"}
{"level":"debug","message":"Params: [0]","service":"preplyte-api","timestamp":"2026-02-21 03:15:58"}
{"level":"debug","message":"Duration: 11ms","service":"preplyte-api","timestamp":"2026-02-21 03:15:58"}
{"level":"debug","message":"Query: SELECT \"public\".\"institute_profiles\".\"id\", \"public\".\"institute_profiles\".\"instituteId\", \"public\".\"institute_profiles\".\"logoUrl\", \"public\".\"institute_profiles\".\"location\", \"public\".\"institute_profiles\".\"totalStudents\", \"public\".\"institute_profiles\".\"createdAt\", \"public\".\"institute_profiles\".\"updatedAt\" FROM \"public\".\"institute_profiles\" WHERE \"public\".\"institute_profiles\".\"instituteId\" IN ($1) OFFSET $2","service":"preplyte-api","timestamp":"2026-02-21 03:15:58"}
{"level":"debug","message":"Params: [\"c1d2e3f4g5h6i7j8k9l0\",0]","service":"preplyte-api","timestamp":"2026-02-21 03:15:58"}
{"level":"debug","message":"Duration: 11ms","service":"preplyte-api","timestamp":"2026-02-21 03:15:58"}
{"level":"debug","message":"Query: SELECT COUNT(*) FROM (SELECT \"public\".\"aptitude_practice_sessions\".\"id\" FROM \"public\".\"aptitude_practice_sessions\" WHERE 1=1 OFFSET $1) AS \"sub\"","service":"preplyte-api","timestamp":"2026-02-21 03:15:58"}
{"level":"debug","message":"Params: [0]","service":"preplyte-api","timestamp":"2026-02-21 03:15:58"}
{"level":"debug","message":"Duration: 13ms","service":"preplyte-api","timestamp":"2026-02-21 03:15:58"}
{"level":"debug","message":"Query: SELECT COUNT(*), \"public\".\"users\".\"role\"::text, \"public\".\"users\".\"isActive\" FROM \"public\".\"users\" WHERE 1=1 GROUP BY \"public\".\"users\".\"role\", \"public\".\"users\".\"isActive\" OFFSET $1","service":"preplyte-api","timestamp":"2026-02-21 03:15:58"}
{"level":"debug","message":"Params: [0]","service":"preplyte-api","timestamp":"2026-02-21 03:15:58"}
{"level":"debug","message":"Duration: 16ms","service":"preplyte-api","timestamp":"2026-02-21 03:15:58"}
{"level":"debug","message":"Query: SELECT COUNT(*), AVG(\"totalScore\") FROM (SELECT \"public\".\"machine_practice_sessions\".\"id\", \"public\".\"machine_practice_sessions\".\"totalScore\" FROM \"public\".\"machine_practice_sessions\" WHERE \"public\".\"machine_practice_sessions\".\"completedAt\" IS NOT NULL OFFSET $1) AS \"sub\"","service":"preplyte-api","timestamp":"2026-02-21 03:15:58"}
{"level":"debug","message":"Params: [0]","service":"preplyte-api","timestamp":"2026-02-21 03:15:58"}
{"level":"debug","message":"Duration: 13ms","service":"preplyte-api","timestamp":"2026-02-21 03:15:58"}
{"level":"debug","message":"Query: SELECT COUNT(*), AVG(\"totalScore\") FROM (SELECT \"public\".\"aptitude_practice_sessions\".\"id\", \"public\".\"aptitude_practice_sessions\".\"totalScore\" FROM \"public\".\"aptitude_practice_sessions\" WHERE \"public\".\"aptitude_practice_sessions\".\"completedAt\" IS NOT NULL OFFSET $1) AS \"sub\"","service":"preplyte-api","timestamp":"2026-02-21 03:15:58"}
{"level":"debug","message":"Params: [0]","service":"preplyte-api","timestamp":"2026-02-21 03:15:58"}
{"level":"debug","message":"Duration: 13ms","service":"preplyte-api","timestamp":"2026-02-21 03:15:58"}
{"level":"debug","message":"Query: SELECT \"public\".\"aptitude_practice_sessions\".\"id\", \"public\".\"aptitude_practice_sessions\".\"createdAt\" FROM \"public\".\"aptitude_practice_sessions\" WHERE \"public\".\"aptitude_practice_sessions\".\"createdAt\" >= $1 OFFSET $2","service":"preplyte-api","timestamp":"2026-02-21 03:15:58"}
{"level":"debug","message":"Params: [\"2026-01-21 21:45:58.323 UTC\",0]","service":"preplyte-api","timestamp":"2026-02-21 03:15:58"}
{"level":"debug","message":"Duration: 15ms","service":"preplyte-api","timestamp":"2026-02-21 03:15:58"}
{"level":"debug","message":"Query: SELECT AVG(\"overallScore\") FROM (SELECT \"public\".\"ai_interview_feedbacks\".\"overallScore\" FROM \"public\".\"ai_interview_feedbacks\" WHERE 1=1 OFFSET $1) AS \"sub\"","service":"preplyte-api","timestamp":"2026-02-21 03:15:58"}
{"level":"debug","message":"Params: [0]","service":"preplyte-api","timestamp":"2026-02-21 03:15:58"}
{"level":"debug","message":"Duration: 20ms","service":"preplyte-api","timestamp":"2026-02-21 03:15:58"}
{"level":"info","message":"\u001b[0mGET /api/admin/institutes?page=1&limit=5&sortBy=createdAt&sortOrder=desc \u001b[36m304\u001b[0m 133.125 ms - -\u001b[0m","service":"preplyte-api","timestamp":"2026-02-21 03:15:58"}
{"level":"debug","message":"Query: SELECT \"public\".\"users\".\"id\", \"public\".\"users\".\"email\", \"public\".\"users\".\"role\"::text, \"public\".\"users\".\"instituteId\", \"public\".\"users\".\"isActive\", \"public\".\"users\".\"tokenVersion\" FROM \"public\".\"users\" WHERE (\"public\".\"users\".\"id\" = $1 AND 1=1) LIMIT $2 OFFSET $3","service":"preplyte-api","timestamp":"2026-02-21 03:15:58"}
{"level":"debug","message":"Params: [\"cmlq4geyi00019qeh3xpio9yr\",1,0]","service":"preplyte-api","timestamp":"2026-02-21 03:15:58"}
{"level":"debug","message":"Duration: 0ms","service":"preplyte-api","timestamp":"2026-02-21 03:15:58"}
{"level":"debug","message":"Query: SELECT \"public\".\"users\".\"id\", \"public\".\"users\".\"createdAt\" FROM \"public\".\"users\" WHERE \"public\".\"users\".\"createdAt\" >= $1 OFFSET $2","service":"preplyte-api","timestamp":"2026-02-21 03:15:58"}
{"level":"debug","message":"Params: [\"2026-01-21 21:45:58.323 UTC\",0]","service":"preplyte-api","timestamp":"2026-02-21 03:15:58"}
{"level":"debug","message":"Duration: 12ms","service":"preplyte-api","timestamp":"2026-02-21 03:15:58"}
{"level":"debug","message":"Query: SELECT COUNT(*) FROM (SELECT \"public\".\"ai_interview_sessions\".\"id\" FROM \"public\".\"ai_interview_sessions\" WHERE \"public\".\"ai_interview_sessions\".\"status\" = CAST($1::text AS \"public\".\"AiInterviewSessionStatus\") OFFSET $2) AS \"sub\"","service":"preplyte-api","timestamp":"2026-02-21 03:15:58"}
{"level":"debug","message":"Params: [\"COMPLETED\",0]","service":"preplyte-api","timestamp":"2026-02-21 03:15:58"}
{"level":"debug","message":"Duration: 10ms","service":"preplyte-api","timestamp":"2026-02-21 03:15:58"}
{"level":"debug","message":"Query: SELECT \"public\".\"machine_practice_sessions\".\"id\", \"public\".\"machine_practice_sessions\".\"createdAt\" FROM \"public\".\"machine_practice_sessions\" WHERE \"public\".\"machine_practice_sessions\".\"createdAt\" >= $1 OFFSET $2","service":"preplyte-api","timestamp":"2026-02-21 03:15:58"}
{"level":"debug","message":"Params: [\"2026-01-21 21:45:58.323 UTC\",0]","service":"preplyte-api","timestamp":"2026-02-21 03:15:58"}
{"level":"debug","message":"Duration: 5ms","service":"preplyte-api","timestamp":"2026-02-21 03:15:58"}
{"level":"debug","message":"Query: SELECT COUNT(*) FROM (SELECT \"public\".\"institutes\".\"id\" FROM \"public\".\"institutes\" WHERE 1=1 OFFSET $1) AS \"sub\"","service":"preplyte-api","timestamp":"2026-02-21 03:15:58"}
{"level":"debug","message":"Params: [0]","service":"preplyte-api","timestamp":"2026-02-21 03:15:58"}
{"level":"debug","message":"Duration: 5ms","service":"preplyte-api","timestamp":"2026-02-21 03:15:58"}
{"level":"debug","message":"Query: SELECT \"public\".\"ai_interview_sessions\".\"id\", \"public\".\"ai_interview_sessions\".\"createdAt\" FROM \"public\".\"ai_interview_sessions\" WHERE \"public\".\"ai_interview_sessions\".\"createdAt\" >= $1 OFFSET $2","service":"preplyte-api","timestamp":"2026-02-21 03:15:58"}
{"level":"debug","message":"Params: [\"2026-01-21 21:45:58.323 UTC\",0]","service":"preplyte-api","timestamp":"2026-02-21 03:15:58"}
{"level":"debug","message":"Duration: 5ms","service":"preplyte-api","timestamp":"2026-02-21 03:15:58"}
{"level":"debug","message":"Query: SELECT COUNT(*) FROM (SELECT \"public\".\"ai_interview_sessions\".\"id\" FROM \"public\".\"ai_interview_sessions\" WHERE 1=1 OFFSET $1) AS \"sub\"","service":"preplyte-api","timestamp":"2026-02-21 03:15:58"}
{"level":"debug","message":"Params: [0]","service":"preplyte-api","timestamp":"2026-02-21 03:15:58"}
{"level":"debug","message":"Duration: 6ms","service":"preplyte-api","timestamp":"2026-02-21 03:15:58"}
{"level":"debug","message":"Query: SELECT \"public\".\"institutes\".\"id\", \"public\".\"institutes\".\"name\", \"public\".\"institutes\".\"domain\", \"public\".\"institutes\".\"isActive\", \"public\".\"institutes\".\"createdAt\", \"public\".\"institutes\".\"updatedAt\", COALESCE(\"aggr_selection_0_User\".\"_aggr_count_users\", 0) AS \"_aggr_count_users\" FROM \"public\".\"institutes\" LEFT JOIN (SELECT \"public\".\"users\".\"instituteId\", COUNT(*) AS \"_aggr_count_users\" FROM \"public\".\"users\" WHERE 1=1 GROUP BY \"public\".\"users\".\"instituteId\") AS \"aggr_selection_0_User\" ON (\"public\".\"institutes\".\"id\" = \"aggr_selection_0_User\".\"instituteId\") WHERE 1=1 ORDER BY \"public\".\"institutes\".\"createdAt\" DESC LIMIT $1 OFFSET $2","service":"preplyte-api","timestamp":"2026-02-21 03:15:58"}
{"level":"debug","message":"Params: [10,0]","service":"preplyte-api","timestamp":"2026-02-21 03:15:58"}
{"level":"debug","message":"Duration: 11ms","service":"preplyte-api","timestamp":"2026-02-21 03:15:58"}
{"level":"debug","message":"Query: SELECT \"public\".\"institute_profiles\".\"id\", \"public\".\"institute_profiles\".\"instituteId\", \"public\".\"institute_profiles\".\"logoUrl\", \"public\".\"institute_profiles\".\"location\", \"public\".\"institute_profiles\".\"totalStudents\", \"public\".\"institute_profiles\".\"createdAt\", \"public\".\"institute_profiles\".\"updatedAt\" FROM \"public\".\"institute_profiles\" WHERE \"public\".\"institute_profiles\".\"instituteId\" IN ($1) OFFSET $2","service":"preplyte-api","timestamp":"2026-02-21 03:15:58"}
{"level":"debug","message":"Params: [\"c1d2e3f4g5h6i7j8k9l0\",0]","service":"preplyte-api","timestamp":"2026-02-21 03:15:58"}
{"level":"debug","message":"Duration: 2ms","service":"preplyte-api","timestamp":"2026-02-21 03:15:58"}
{"level":"info","message":"\u001b[0mGET /api/admin/institutes?page=1&limit=10&sortBy=createdAt&sortOrder=desc \u001b[36m304\u001b[0m 217.213 ms - -\u001b[0m","service":"preplyte-api","timestamp":"2026-02-21 03:15:58"}
{"level":"debug","message":"Query: SELECT \"public\".\"institutes\".\"id\", \"public\".\"institutes\".\"name\", \"public\".\"institutes\".\"domain\", \"public\".\"institutes\".\"isActive\", \"public\".\"institutes\".\"createdAt\", \"public\".\"institutes\".\"updatedAt\", COALESCE(\"aggr_selection_0_User\".\"_aggr_count_users\", 0) AS \"_aggr_count_users\" FROM \"public\".\"institutes\" LEFT JOIN (SELECT \"public\".\"users\".\"instituteId\", COUNT(*) AS \"_aggr_count_users\" FROM \"public\".\"users\" WHERE 1=1 GROUP BY \"public\".\"users\".\"instituteId\") AS \"aggr_selection_0_User\" ON (\"public\".\"institutes\".\"id\" = \"aggr_selection_0_User\".\"instituteId\") WHERE 1=1 ORDER BY \"public\".\"institutes\".\"createdAt\" DESC LIMIT $1 OFFSET $2","service":"preplyte-api","timestamp":"2026-02-21 03:15:58"}
{"level":"debug","message":"Params: [5,0]","service":"preplyte-api","timestamp":"2026-02-21 03:15:58"}
{"level":"debug","message":"Duration: 0ms","service":"preplyte-api","timestamp":"2026-02-21 03:15:58"}
{"level":"debug","message":"Query: SELECT \"public\".\"institute_profiles\".\"id\", \"public\".\"institute_profiles\".\"instituteId\", \"public\".\"institute_profiles\".\"logoUrl\", \"public\".\"institute_profiles\".\"location\", \"public\".\"institute_profiles\".\"totalStudents\", \"public\".\"institute_profiles\".\"createdAt\", \"public\".\"institute_profiles\".\"updatedAt\" FROM \"public\".\"institute_profiles\" WHERE \"public\".\"institute_profiles\".\"instituteId\" IN ($1) OFFSET $2","service":"preplyte-api","timestamp":"2026-02-21 03:15:58"}
{"level":"debug","message":"Params: [\"c1d2e3f4g5h6i7j8k9l0\",0]","service":"preplyte-api","timestamp":"2026-02-21 03:15:58"}
{"level":"debug","message":"Duration: 0ms","service":"preplyte-api","timestamp":"2026-02-21 03:15:58"}
{"level":"debug","message":"Query: SELECT COUNT(*) FROM (SELECT \"public\".\"institutes\".\"id\" FROM \"public\".\"institutes\" WHERE 1=1 OFFSET $1) AS \"sub\"","service":"preplyte-api","timestamp":"2026-02-21 03:15:58"}
{"level":"debug","message":"Params: [0]","service":"preplyte-api","timestamp":"2026-02-21 03:15:58"}
{"level":"debug","message":"Duration: 5ms","service":"preplyte-api","timestamp":"2026-02-21 03:15:58"}
{"level":"info","message":"\u001b[0mGET /api/admin/institutes?page=1&limit=5&sortBy=createdAt&sortOrder=desc \u001b[36m304\u001b[0m 83.920 ms - -\u001b[0m","service":"preplyte-api","timestamp":"2026-02-21 03:15:58"}
{"level":"info","message":"\u001b[0mGET /api/admin/analytics \u001b[32m200\u001b[0m 220.437 ms - -\u001b[0m","service":"preplyte-api","timestamp":"2026-02-21 03:15:58"}
{"level":"debug","message":"Query: SELECT \"public\".\"users\".\"id\", \"public\".\"users\".\"email\", \"public\".\"users\".\"role\"::text, \"public\".\"users\".\"instituteId\", \"public\".\"users\".\"isActive\", \"public\".\"users\".\"tokenVersion\" FROM \"public\".\"users\" WHERE (\"public\".\"users\".\"id\" = $1 AND 1=1) LIMIT $2 OFFSET $3","service":"preplyte-api","timestamp":"2026-02-21 03:15:58"}
{"level":"debug","message":"Params: [\"cmlq4geyi00019qeh3xpio9yr\",1,0]","service":"preplyte-api","timestamp":"2026-02-21 03:15:58"}
{"level":"debug","message":"Duration: 6ms","service":"preplyte-api","timestamp":"2026-02-21 03:15:58"}
{"level":"debug","message":"Query: SELECT \"public\".\"users\".\"id\", \"public\".\"users\".\"email\", \"public\".\"users\".\"role\"::text, \"public\".\"users\".\"instituteId\", \"public\".\"users\".\"isActive\", \"public\".\"users\".\"tokenVersion\" FROM \"public\".\"users\" WHERE (\"public\".\"users\".\"id\" = $1 AND 1=1) LIMIT $2 OFFSET $3","service":"preplyte-api","timestamp":"2026-02-21 03:15:58"}
{"level":"debug","message":"Params: [\"cmlq4geyi00019qeh3xpio9yr\",1,0]","service":"preplyte-api","timestamp":"2026-02-21 03:15:58"}
{"level":"debug","message":"Duration: 0ms","service":"preplyte-api","timestamp":"2026-02-21 03:15:58"}
{"level":"debug","message":"Query: SELECT COUNT(*) FROM (SELECT \"public\".\"institutes\".\"id\" FROM \"public\".\"institutes\" WHERE 1=1 OFFSET $1) AS \"sub\"","service":"preplyte-api","timestamp":"2026-02-21 03:15:58"}
{"level":"debug","message":"Params: [0]","service":"preplyte-api","timestamp":"2026-02-21 03:15:58"}
{"level":"debug","message":"Duration: 0ms","service":"preplyte-api","timestamp":"2026-02-21 03:15:58"}
{"level":"debug","message":"Query: SELECT \"public\".\"institutes\".\"id\", \"public\".\"institutes\".\"name\", \"public\".\"institutes\".\"domain\", \"public\".\"institutes\".\"isActive\", \"public\".\"institutes\".\"createdAt\", \"public\".\"institutes\".\"updatedAt\", COALESCE(\"aggr_selection_0_User\".\"_aggr_count_users\", 0) AS \"_aggr_count_users\" FROM \"public\".\"institutes\" LEFT JOIN (SELECT \"public\".\"users\".\"instituteId\", COUNT(*) AS \"_aggr_count_users\" FROM \"public\".\"users\" WHERE 1=1 GROUP BY \"public\".\"users\".\"instituteId\") AS \"aggr_selection_0_User\" ON (\"public\".\"institutes\".\"id\" = \"aggr_selection_0_User\".\"instituteId\") WHERE 1=1 ORDER BY \"public\".\"institutes\".\"createdAt\" DESC LIMIT $1 OFFSET $2","service":"preplyte-api","timestamp":"2026-02-21 03:15:58"}
{"level":"debug","message":"Params: [10,0]","service":"preplyte-api","timestamp":"2026-02-21 03:15:58"}
{"level":"debug","message":"Duration: 0ms","service":"preplyte-api","timestamp":"2026-02-21 03:15:58"}
{"level":"debug","message":"Query: SELECT \"public\".\"institute_profiles\".\"id\", \"public\".\"institute_profiles\".\"instituteId\", \"public\".\"institute_profiles\".\"logoUrl\", \"public\".\"institute_profiles\".\"location\", \"public\".\"institute_profiles\".\"totalStudents\", \"public\".\"institute_profiles\".\"createdAt\", \"public\".\"institute_profiles\".\"updatedAt\" FROM \"public\".\"institute_profiles\" WHERE \"public\".\"institute_profiles\".\"instituteId\" IN ($1) OFFSET $2","service":"preplyte-api","timestamp":"2026-02-21 03:15:58"}
{"level":"debug","message":"Params: [\"c1d2e3f4g5h6i7j8k9l0\",0]","service":"preplyte-api","timestamp":"2026-02-21 03:15:58"}
{"level":"debug","message":"Duration: 0ms","service":"preplyte-api","timestamp":"2026-02-21 03:15:58"}
{"level":"debug","message":"Query: SELECT COUNT(*) FROM (SELECT \"public\".\"machine_practice_sessions\".\"id\" FROM \"public\".\"machine_practice_sessions\" WHERE 1=1 OFFSET $1) AS \"sub\"","service":"preplyte-api","timestamp":"2026-02-21 03:15:58"}
{"level":"debug","message":"Params: [0]","service":"preplyte-api","timestamp":"2026-02-21 03:15:58"}
{"level":"debug","message":"Duration: 1ms","service":"preplyte-api","timestamp":"2026-02-21 03:15:58"}
{"level":"debug","message":"Query: SELECT COUNT(*), \"public\".\"institutes\".\"isActive\" FROM \"public\".\"institutes\" WHERE 1=1 GROUP BY \"public\".\"institutes\".\"isActive\" OFFSET $1","service":"preplyte-api","timestamp":"2026-02-21 03:15:58"}
{"level":"debug","message":"Params: [0]","service":"preplyte-api","timestamp":"2026-02-21 03:15:58"}
{"level":"debug","message":"Duration: 1ms","service":"preplyte-api","timestamp":"2026-02-21 03:15:58"}
{"level":"debug","message":"Query: SELECT \"public\".\"machine_practice_sessions\".\"id\", \"public\".\"machine_practice_sessions\".\"createdAt\" FROM \"public\".\"machine_practice_sessions\" WHERE \"public\".\"machine_practice_sessions\".\"createdAt\" >= $1 OFFSET $2","service":"preplyte-api","timestamp":"2026-02-21 03:15:58"}
{"level":"debug","message":"Params: [\"2026-01-21 21:45:58.531 UTC\",0]","service":"preplyte-api","timestamp":"2026-02-21 03:15:58"}
{"level":"debug","message":"Duration: 1ms","service":"preplyte-api","timestamp":"2026-02-21 03:15:58"}
{"level":"debug","message":"Query: SELECT \"public\".\"aptitude_practice_sessions\".\"id\", \"public\".\"aptitude_practice_sessions\".\"createdAt\" FROM \"public\".\"aptitude_practice_sessions\" WHERE \"public\".\"aptitude_practice_sessions\".\"createdAt\" >= $1 OFFSET $2","service":"preplyte-api","timestamp":"2026-02-21 03:15:58"}
{"level":"debug","message":"Params: [\"2026-01-21 21:45:58.531 UTC\",0]","service":"preplyte-api","timestamp":"2026-02-21 03:15:58"}
{"level":"debug","message":"Duration: 1ms","service":"preplyte-api","timestamp":"2026-02-21 03:15:58"}
{"level":"debug","message":"Query: SELECT COUNT(*), AVG(\"totalScore\") FROM (SELECT \"public\".\"machine_practice_sessions\".\"id\", \"public\".\"machine_practice_sessions\".\"totalScore\" FROM \"public\".\"machine_practice_sessions\" WHERE \"public\".\"machine_practice_sessions\".\"completedAt\" IS NOT NULL OFFSET $1) AS \"sub\"","service":"preplyte-api","timestamp":"2026-02-21 03:15:58"}
{"level":"debug","message":"Params: [0]","service":"preplyte-api","timestamp":"2026-02-21 03:15:58"}
{"level":"debug","message":"Duration: 4ms","service":"preplyte-api","timestamp":"2026-02-21 03:15:58"}
{"level":"debug","message":"Query: SELECT COUNT(*) FROM (SELECT \"public\".\"ai_interview_sessions\".\"id\" FROM \"public\".\"ai_interview_sessions\" WHERE 1=1 OFFSET $1) AS \"sub\"","service":"preplyte-api","timestamp":"2026-02-21 03:15:58"}
{"level":"debug","message":"Params: [0]","service":"preplyte-api","timestamp":"2026-02-21 03:15:58"}
{"level":"debug","message":"Duration: 4ms","service":"preplyte-api","timestamp":"2026-02-21 03:15:58"}
{"level":"debug","message":"Query: SELECT AVG(\"overallScore\") FROM (SELECT \"public\".\"ai_interview_feedbacks\".\"overallScore\" FROM \"public\".\"ai_interview_feedbacks\" WHERE 1=1 OFFSET $1) AS \"sub\"","service":"preplyte-api","timestamp":"2026-02-21 03:15:58"}
{"level":"debug","message":"Params: [0]","service":"preplyte-api","timestamp":"2026-02-21 03:15:58"}
{"level":"debug","message":"Duration: 4ms","service":"preplyte-api","timestamp":"2026-02-21 03:15:58"}
{"level":"debug","message":"Query: SELECT COUNT(*), AVG(\"totalScore\") FROM (SELECT \"public\".\"aptitude_practice_sessions\".\"id\", \"public\".\"aptitude_practice_sessions\".\"totalScore\" FROM \"public\".\"aptitude_practice_sessions\" WHERE \"public\".\"aptitude_practice_sessions\".\"completedAt\" IS NOT NULL OFFSET $1) AS \"sub\"","service":"preplyte-api","timestamp":"2026-02-21 03:15:58"}
{"level":"debug","message":"Params: [0]","service":"preplyte-api","timestamp":"2026-02-21 03:15:58"}
{"level":"debug","message":"Duration: 5ms","service":"preplyte-api","timestamp":"2026-02-21 03:15:58"}
{"level":"debug","message":"Query: SELECT COUNT(*) FROM (SELECT \"public\".\"aptitude_practice_sessions\".\"id\" FROM \"public\".\"aptitude_practice_sessions\" WHERE 1=1 OFFSET $1) AS \"sub\"","service":"preplyte-api","timestamp":"2026-02-21 03:15:58"}
{"level":"debug","message":"Params: [0]","service":"preplyte-api","timestamp":"2026-02-21 03:15:58"}
{"level":"debug","message":"Duration: 5ms","service":"preplyte-api","timestamp":"2026-02-21 03:15:58"}
{"level":"debug","message":"Query: SELECT COUNT(*) FROM (SELECT \"public\".\"ai_interview_sessions\".\"id\" FROM \"public\".\"ai_interview_sessions\" WHERE \"public\".\"ai_interview_sessions\".\"status\" = CAST($1::text AS \"public\".\"AiInterviewSessionStatus\") OFFSET $2) AS \"sub\"","service":"preplyte-api","timestamp":"2026-02-21 03:15:58"}
{"level":"debug","message":"Params: [\"COMPLETED\",0]","service":"preplyte-api","timestamp":"2026-02-21 03:15:58"}
{"level":"debug","message":"Duration: 5ms","service":"preplyte-api","timestamp":"2026-02-21 03:15:58"}
{"level":"debug","message":"Query: SELECT \"public\".\"ai_interview_sessions\".\"id\", \"public\".\"ai_interview_sessions\".\"createdAt\" FROM \"public\".\"ai_interview_sessions\" WHERE \"public\".\"ai_interview_sessions\".\"createdAt\" >= $1 OFFSET $2","service":"preplyte-api","timestamp":"2026-02-21 03:15:58"}
{"level":"debug","message":"Params: [\"2026-01-21 21:45:58.531 UTC\",0]","service":"preplyte-api","timestamp":"2026-02-21 03:15:58"}
{"level":"debug","message":"Duration: 5ms","service":"preplyte-api","timestamp":"2026-02-21 03:15:58"}
{"level":"debug","message":"Query: SELECT COUNT(*), \"public\".\"users\".\"role\"::text, \"public\".\"users\".\"isActive\" FROM \"public\".\"users\" WHERE 1=1 GROUP BY \"public\".\"users\".\"role\", \"public\".\"users\".\"isActive\" OFFSET $1","service":"preplyte-api","timestamp":"2026-02-21 03:15:58"}
{"level":"debug","message":"Params: [0]","service":"preplyte-api","timestamp":"2026-02-21 03:15:58"}
{"level":"debug","message":"Duration: 7ms","service":"preplyte-api","timestamp":"2026-02-21 03:15:58"}
{"level":"debug","message":"Query: SELECT \"public\".\"users\".\"id\", \"public\".\"users\".\"createdAt\" FROM \"public\".\"users\" WHERE \"public\".\"users\".\"createdAt\" >= $1 OFFSET $2","service":"preplyte-api","timestamp":"2026-02-21 03:15:58"}
{"level":"debug","message":"Params: [\"2026-01-21 21:45:58.531 UTC\",0]","service":"preplyte-api","timestamp":"2026-02-21 03:15:58"}
{"level":"debug","message":"Duration: 7ms","service":"preplyte-api","timestamp":"2026-02-21 03:15:58"}
{"level":"info","message":"\u001b[0mGET /api/admin/institutes?page=1&limit=10&sortBy=createdAt&sortOrder=desc \u001b[36m304\u001b[0m 62.992 ms - -\u001b[0m","service":"preplyte-api","timestamp":"2026-02-21 03:15:58"}
{"level":"info","message":"\u001b[0mGET /api/admin/analytics \u001b[36m304\u001b[0m 61.823 ms - -\u001b[0m","service":"preplyte-api","timestamp":"2026-02-21 03:15:58"}
{"level":"debug","message":"Query: SELECT \"public\".\"lms_categories\".\"id\", \"public\".\"lms_categories\".\"name\", \"public\".\"lms_categories\".\"slug\", \"public\".\"lms_categories\".\"description\", \"public\".\"lms_categories\".\"iconUrl\", \"public\".\"lms_categories\".\"order\", \"public\".\"lms_categories\".\"isActive\", \"public\".\"lms_categories\".\"createdAt\", \"public\".\"lms_categories\".\"updatedAt\", COALESCE(\"aggr_selection_0_LmsCourse\".\"_aggr_count_courses\", 0) AS \"_aggr_count_courses\" FROM \"public\".\"lms_categories\" LEFT JOIN (SELECT \"public\".\"lms_courses\".\"categoryId\", COUNT(*) AS \"_aggr_count_courses\" FROM \"public\".\"lms_courses\" WHERE (\"public\".\"lms_courses\".\"status\" = CAST($1::text AS \"public\".\"LmsCourseStatus\") AND \"public\".\"lms_courses\".\"isActive\" = $2) GROUP BY \"public\".\"lms_courses\".\"categoryId\") AS \"aggr_selection_0_LmsCourse\" ON (\"public\".\"lms_categories\".\"id\" = \"aggr_selection_0_LmsCourse\".\"categoryId\") WHERE \"public\".\"lms_categories\".\"isActive\" = $3 ORDER BY \"public\".\"lms_categories\".\"order\" ASC OFFSET $4","service":"preplyte-api","timestamp":"2026-02-21 03:15:58"}
{"level":"debug","message":"Params: [\"PUBLISHED\",true,true,0]","service":"preplyte-api","timestamp":"2026-02-21 03:15:58"}
{"level":"debug","message":"Duration: 13ms","service":"preplyte-api","timestamp":"2026-02-21 03:15:58"}
{"level":"info","message":"\u001b[0mGET /api/lms/categories \u001b[36m304\u001b[0m 26.949 ms - -\u001b[0m","service":"preplyte-api","timestamp":"2026-02-21 03:15:58"}
{"level":"debug","message":"Query: SELECT AVG(\"progressPercent\") FROM (SELECT \"public\".\"lms_enrollments\".\"progressPercent\" FROM \"public\".\"lms_enrollments\" WHERE \"public\".\"lms_enrollments\".\"status\" = CAST($1::text AS \"public\".\"LmsEnrollmentStatus\") OFFSET $2) AS \"sub\"","service":"preplyte-api","timestamp":"2026-02-21 03:15:58"}
{"level":"debug","message":"Params: [\"COMPLETED\",0]","service":"preplyte-api","timestamp":"2026-02-21 03:15:58"}
{"level":"debug","message":"Duration: 0ms","service":"preplyte-api","timestamp":"2026-02-21 03:15:58"}
{"level":"debug","message":"Query: SELECT \"public\".\"lms_courses\".\"id\", \"public\".\"lms_courses\".\"instructor\" FROM \"public\".\"lms_courses\" WHERE (\"public\".\"lms_courses\".\"status\" = CAST($1::text AS \"public\".\"LmsCourseStatus\") AND \"public\".\"lms_courses\".\"isActive\" = $2) OFFSET $3","service":"preplyte-api","timestamp":"2026-02-21 03:15:58"}
{"level":"debug","message":"Params: [\"PUBLISHED\",true,0]","service":"preplyte-api","timestamp":"2026-02-21 03:15:58"}
{"level":"debug","message":"Duration: 1ms","service":"preplyte-api","timestamp":"2026-02-21 03:15:58"}
{"level":"debug","message":"Query: SELECT COUNT(*), \"public\".\"lms_enrollments\".\"userId\" FROM \"public\".\"lms_enrollments\" WHERE 1=1 GROUP BY \"public\".\"lms_enrollments\".\"userId\" OFFSET $1","service":"preplyte-api","timestamp":"2026-02-21 03:15:58"}
{"level":"debug","message":"Params: [0]","service":"preplyte-api","timestamp":"2026-02-21 03:15:58"}
{"level":"debug","message":"Duration: 8ms","service":"preplyte-api","timestamp":"2026-02-21 03:15:58"}
{"level":"debug","message":"Query: SELECT COUNT(*) FROM (SELECT \"public\".\"lms_courses\".\"id\" FROM \"public\".\"lms_courses\" WHERE (\"public\".\"lms_courses\".\"status\" = CAST($1::text AS \"public\".\"LmsCourseStatus\") AND \"public\".\"lms_courses\".\"isActive\" = $2) OFFSET $3) AS \"sub\"","service":"preplyte-api","timestamp":"2026-02-21 03:15:58"}
{"level":"debug","message":"Params: [\"PUBLISHED\",true,0]","service":"preplyte-api","timestamp":"2026-02-21 03:15:58"}
{"level":"debug","message":"Duration: 9ms","service":"preplyte-api","timestamp":"2026-02-21 03:15:58"}
{"level":"info","message":"\u001b[0mGET /api/lms/stats \u001b[36m304\u001b[0m 28.822 ms - -\u001b[0m","service":"preplyte-api","timestamp":"2026-02-21 03:15:58"}
{"level":"debug","message":"Query: SELECT COUNT(*) FROM (SELECT \"public\".\"lms_courses\".\"id\" FROM \"public\".\"lms_courses\" WHERE (\"public\".\"lms_courses\".\"status\" = CAST($1::text AS \"public\".\"LmsCourseStatus\") AND \"public\".\"lms_courses\".\"isActive\" = $2) OFFSET $3) AS \"sub\"","service":"preplyte-api","timestamp":"2026-02-21 03:15:58"}
{"level":"debug","message":"Params: [\"PUBLISHED\",true,0]","service":"preplyte-api","timestamp":"2026-02-21 03:15:58"}
{"level":"debug","message":"Duration: 0ms","service":"preplyte-api","timestamp":"2026-02-21 03:15:58"}
{"level":"debug","message":"Query: SELECT \"public\".\"lms_courses\".\"id\", \"public\".\"lms_courses\".\"categoryId\", \"public\".\"lms_courses\".\"title\", \"public\".\"lms_courses\".\"slug\", \"public\".\"lms_courses\".\"shortDescription\", \"public\".\"lms_courses\".\"description\", \"public\".\"lms_courses\".\"thumbnailUrl\", \"public\".\"lms_courses\".\"previewVideoUrl\", \"public\".\"lms_courses\".\"totalModules\", \"public\".\"lms_courses\".\"totalTopics\", \"public\".\"lms_courses\".\"totalPoints\", \"public\".\"lms_courses\".\"totalHours\", \"public\".\"lms_courses\".\"price\", \"public\".\"lms_courses\".\"discountPrice\", \"public\".\"lms_courses\".\"currency\", \"public\".\"lms_courses\".\"status\"::text, \"public\".\"lms_courses\".\"isActive\", \"public\".\"lms_courses\".\"certificateEnabled\", \"public\".\"lms_courses\".\"passingPercentage\", \"public\".\"lms_courses\".\"tags\", \"public\".\"lms_courses\".\"difficulty\"::text, \"public\".\"lms_courses\".\"instructor\", \"public\".\"lms_courses\".\"language\", \"public\".\"lms_courses\".\"averageRating\", \"public\".\"lms_courses\".\"ratingsCount\", \"public\".\"lms_courses\".\"createdAt\", \"public\".\"lms_courses\".\"updatedAt\", \"public\".\"lms_courses\".\"publishedAt\", COALESCE(\"aggr_selection_0_LmsEnrollment\".\"_aggr_count_enrollments\", 0) AS \"_aggr_count_enrollments\" FROM \"public\".\"lms_courses\" LEFT JOIN (SELECT \"public\".\"lms_enrollments\".\"courseId\", COUNT(*) AS \"orderby_aggregator\" FROM \"public\".\"lms_enrollments\" WHERE 1=1 GROUP BY \"public\".\"lms_enrollments\".\"courseId\") AS \"orderby_1_LmsEnrollment\" ON (\"public\".\"lms_courses\".\"id\" = \"orderby_1_LmsEnrollment\".\"courseId\") LEFT JOIN (SELECT \"public\".\"lms_enrollments\".\"courseId\", COUNT(*) AS \"_aggr_count_enrollments\" FROM \"public\".\"lms_enrollments\" WHERE 1=1 GROUP BY \"public\".\"lms_enrollments\".\"courseId\") AS \"aggr_selection_0_LmsEnrollment\" ON (\"public\".\"lms_courses\".\"id\" = \"aggr_selection_0_LmsEnrollment\".\"courseId\") WHERE (\"public\".\"lms_courses\".\"status\" = CAST($1::text AS \"public\".\"LmsCourseStatus\") AND \"public\".\"lms_courses\".\"isActive\" = $2) ORDER BY COALESCE(\"orderby_1_LmsEnrollment\".\"orderby_aggregator\", $3) DESC LIMIT $4 OFFSET $5","service":"preplyte-api","timestamp":"2026-02-21 03:15:58"}
{"level":"debug","message":"Params: [\"PUBLISHED\",true,0,12,0]","service":"preplyte-api","timestamp":"2026-02-21 03:15:58"}
{"level":"debug","message":"Duration: 8ms","service":"preplyte-api","timestamp":"2026-02-21 03:15:58"}
{"level":"debug","message":"Query: SELECT \"public\".\"lms_categories\".\"id\", \"public\".\"lms_categories\".\"name\", \"public\".\"lms_categories\".\"slug\" FROM \"public\".\"lms_categories\" WHERE \"public\".\"lms_categories\".\"id\" IN ($1,$2) OFFSET $3","service":"preplyte-api","timestamp":"2026-02-21 03:15:58"}
{"level":"debug","message":"Params: [\"cmlq4lrae0003ail99wlb2luj\",\"cmls4iwf200x0m93kfd559mke\",0]","service":"preplyte-api","timestamp":"2026-02-21 03:15:58"}
{"level":"debug","message":"Duration: 4ms","service":"preplyte-api","timestamp":"2026-02-21 03:15:58"}
{"level":"info","message":"\u001b[0mGET /api/lms/courses?page=1&limit=12&priceRange=all&sortBy=popular&search= \u001b[36m304\u001b[0m 26.203 ms - -\u001b[0m","service":"preplyte-api","timestamp":"2026-02-21 03:15:58"}
{"level":"debug","message":"Query: SELECT COUNT(*) FROM (SELECT \"public\".\"lms_courses\".\"id\" FROM \"public\".\"lms_courses\" WHERE (\"public\".\"lms_courses\".\"status\" = CAST($1::text AS \"public\".\"LmsCourseStatus\") AND \"public\".\"lms_courses\".\"isActive\" = $2) OFFSET $3) AS \"sub\"","service":"preplyte-api","timestamp":"2026-02-21 03:15:58"}
{"level":"debug","message":"Params: [\"PUBLISHED\",true,0]","service":"preplyte-api","timestamp":"2026-02-21 03:15:58"}
{"level":"debug","message":"Duration: 0ms","service":"preplyte-api","timestamp":"2026-02-21 03:15:58"}
{"level":"debug","message":"Query: SELECT \"public\".\"lms_courses\".\"id\", \"public\".\"lms_courses\".\"categoryId\", \"public\".\"lms_courses\".\"title\", \"public\".\"lms_courses\".\"slug\", \"public\".\"lms_courses\".\"shortDescription\", \"public\".\"lms_courses\".\"description\", \"public\".\"lms_courses\".\"thumbnailUrl\", \"public\".\"lms_courses\".\"previewVideoUrl\", \"public\".\"lms_courses\".\"totalModules\", \"public\".\"lms_courses\".\"totalTopics\", \"public\".\"lms_courses\".\"totalPoints\", \"public\".\"lms_courses\".\"totalHours\", \"public\".\"lms_courses\".\"price\", \"public\".\"lms_courses\".\"discountPrice\", \"public\".\"lms_courses\".\"currency\", \"public\".\"lms_courses\".\"status\"::text, \"public\".\"lms_courses\".\"isActive\", \"public\".\"lms_courses\".\"certificateEnabled\", \"public\".\"lms_courses\".\"passingPercentage\", \"public\".\"lms_courses\".\"tags\", \"public\".\"lms_courses\".\"difficulty\"::text, \"public\".\"lms_courses\".\"instructor\", \"public\".\"lms_courses\".\"language\", \"public\".\"lms_courses\".\"averageRating\", \"public\".\"lms_courses\".\"ratingsCount\", \"public\".\"lms_courses\".\"createdAt\", \"public\".\"lms_courses\".\"updatedAt\", \"public\".\"lms_courses\".\"publishedAt\", COALESCE(\"aggr_selection_0_LmsEnrollment\".\"_aggr_count_enrollments\", 0) AS \"_aggr_count_enrollments\" FROM \"public\".\"lms_courses\" LEFT JOIN (SELECT \"public\".\"lms_enrollments\".\"courseId\", COUNT(*) AS \"orderby_aggregator\" FROM \"public\".\"lms_enrollments\" WHERE 1=1 GROUP BY \"public\".\"lms_enrollments\".\"courseId\") AS \"orderby_1_LmsEnrollment\" ON (\"public\".\"lms_courses\".\"id\" = \"orderby_1_LmsEnrollment\".\"courseId\") LEFT JOIN (SELECT \"public\".\"lms_enrollments\".\"courseId\", COUNT(*) AS \"_aggr_count_enrollments\" FROM \"public\".\"lms_enrollments\" WHERE 1=1 GROUP BY \"public\".\"lms_enrollments\".\"courseId\") AS \"aggr_selection_0_LmsEnrollment\" ON (\"public\".\"lms_courses\".\"id\" = \"aggr_selection_0_LmsEnrollment\".\"courseId\") WHERE (\"public\".\"lms_courses\".\"status\" = CAST($1::text AS \"public\".\"LmsCourseStatus\") AND \"public\".\"lms_courses\".\"isActive\" = $2) ORDER BY COALESCE(\"orderby_1_LmsEnrollment\".\"orderby_aggregator\", $3) DESC LIMIT $4 OFFSET $5","service":"preplyte-api","timestamp":"2026-02-21 03:15:58"}
{"level":"debug","message":"Params: [\"PUBLISHED\",true,0,12,0]","service":"preplyte-api","timestamp":"2026-02-21 03:15:58"}
{"level":"debug","message":"Duration: 1ms","service":"preplyte-api","timestamp":"2026-02-21 03:15:58"}
{"level":"debug","message":"Query: SELECT \"public\".\"lms_categories\".\"id\", \"public\".\"lms_categories\".\"name\", \"public\".\"lms_categories\".\"slug\" FROM \"public\".\"lms_categories\" WHERE \"public\".\"lms_categories\".\"id\" IN ($1,$2) OFFSET $3","service":"preplyte-api","timestamp":"2026-02-21 03:15:58"}
{"level":"debug","message":"Params: [\"cmlq4lrae0003ail99wlb2luj\",\"cmls4iwf200x0m93kfd559mke\",0]","service":"preplyte-api","timestamp":"2026-02-21 03:15:58"}
{"level":"debug","message":"Duration: 0ms","service":"preplyte-api","timestamp":"2026-02-21 03:15:58"}
{"level":"info","message":"\u001b[0mGET /api/lms/courses?page=1&limit=12&priceRange=all&sortBy=popular \u001b[32m200\u001b[0m 23.943 ms - -\u001b[0m","service":"preplyte-api","timestamp":"2026-02-21 03:15:58"}
{"level":"info","message":"\u001b[0mPOST /api/practice/roadmap/question \u001b[33m401\u001b[0m 3.646 ms - 108\u001b[0m","service":"preplyte-api","timestamp":"2026-02-21 03:16:07"}
{"level":"debug","message":"Query: SELECT \"public\".\"refresh_tokens\".\"id\", \"public\".\"refresh_tokens\".\"token\", \"public\".\"refresh_tokens\".\"userId\", \"public\".\"refresh_tokens\".\"expiresAt\", \"public\".\"refresh_tokens\".\"revokedAt\", \"public\".\"refresh_tokens\".\"userAgent\", \"public\".\"refresh_tokens\".\"ipAddress\", \"public\".\"refresh_tokens\".\"createdAt\" FROM \"public\".\"refresh_tokens\" WHERE (\"public\".\"refresh_tokens\".\"token\" = $1 AND \"public\".\"refresh_tokens\".\"userId\" = $2) LIMIT $3 OFFSET $4","service":"preplyte-api","timestamp":"2026-02-21 03:16:07"}
{"level":"debug","message":"Params: [\"4d444a659446760cf99cf7ee487e2330a923f1cbe7dd659f21e56d1040935d19\",\"cmlq4h9or004p9qehngr7b15o\",1,0]","service":"preplyte-api","timestamp":"2026-02-21 03:16:07"}
{"level":"debug","message":"Duration: 6ms","service":"preplyte-api","timestamp":"2026-02-21 03:16:07"}
{"level":"warn","message":"Refresh token reuse detected","revokedAt":"2026-02-19T14:09:24.669Z","service":"preplyte-api","timestamp":"2026-02-21 03:16:07","tokenId":"cmlrpi0lj000ebaw0r8xdhdri","userId":"cmlq4h9or004p9qehngr7b15o"}
{"level":"debug","message":"Query: BEGIN","service":"preplyte-api","timestamp":"2026-02-21 03:16:07"}
{"level":"debug","message":"Params: []","service":"preplyte-api","timestamp":"2026-02-21 03:16:07"}
{"level":"debug","message":"Duration: 0ms","service":"preplyte-api","timestamp":"2026-02-21 03:16:07"}
{"level":"debug","message":"Query: SELECT 1","service":"preplyte-api","timestamp":"2026-02-21 03:16:07"}
{"level":"debug","message":"Params: []","service":"preplyte-api","timestamp":"2026-02-21 03:16:07"}
{"level":"debug","message":"Duration: 0ms","service":"preplyte-api","timestamp":"2026-02-21 03:16:07"}
{"level":"debug","message":"Query: UPDATE \"public\".\"refresh_tokens\" SET \"revokedAt\" = $1 WHERE (\"public\".\"refresh_tokens\".\"userId\" = $2 AND \"public\".\"refresh_tokens\".\"revokedAt\" IS NULL)","service":"preplyte-api","timestamp":"2026-02-21 03:16:07"}
{"level":"debug","message":"Params: [\"2026-02-20 21:46:07.070 UTC\",\"cmlq4h9or004p9qehngr7b15o\"]","service":"preplyte-api","timestamp":"2026-02-21 03:16:07"}
{"level":"debug","message":"Duration: 2ms","service":"preplyte-api","timestamp":"2026-02-21 03:16:07"}
{"level":"debug","message":"Query: UPDATE \"public\".\"users\" SET \"tokenVersion\" = (\"public\".\"users\".\"tokenVersion\" + $1), \"updatedAt\" = $2 WHERE (\"public\".\"users\".\"id\" = $3 AND 1=1) RETURNING \"public\".\"users\".\"id\", \"public\".\"users\".\"email\", \"public\".\"users\".\"password\", \"public\".\"users\".\"name\", \"public\".\"users\".\"role\"::text, \"public\".\"users\".\"isActive\", \"public\".\"users\".\"instituteId\", \"public\".\"users\".\"profilePictureUrl\", \"public\".\"users\".\"googleId\", \"public\".\"users\".\"provider\", \"public\".\"users\".\"avatar\", \"public\".\"users\".\"createdAt\", \"public\".\"users\".\"updatedAt\", \"public\".\"users\".\"lastLoginAt\", \"public\".\"users\".\"tokenVersion\"","service":"preplyte-api","timestamp":"2026-02-21 03:16:07"}
{"level":"debug","message":"Params: [1,\"2026-02-20 21:46:07.072 UTC\",\"cmlq4h9or004p9qehngr7b15o\"]","service":"preplyte-api","timestamp":"2026-02-21 03:16:07"}
{"level":"debug","message":"Duration: 3ms","service":"preplyte-api","timestamp":"2026-02-21 03:16:07"}
{"level":"debug","message":"Query: COMMIT","service":"preplyte-api","timestamp":"2026-02-21 03:16:07"}
{"level":"debug","message":"Params: []","service":"preplyte-api","timestamp":"2026-02-21 03:16:07"}
{"level":"debug","message":"Duration: 1ms","service":"preplyte-api","timestamp":"2026-02-21 03:16:07"}
{"level":"info","message":"User logged out from all devices","service":"preplyte-api","timestamp":"2026-02-21 03:16:07","userId":"cmlq4h9or004p9qehngr7b15o"}
{"code":"UNAUTHORIZED","ip":"127.0.0.1","level":"warn","message":"Operational error Token reuse detected. All sessions have been revoked for security.","method":"POST","path":"/api/auth/refresh","requestId":"mlvf61qm-7191eb153fbdd826","service":"preplyte-api","timestamp":"2026-02-21 03:16:07","userAgent":"Mozilla/5.0 (Windows NT 10.0; Win64; x64) AppleWebKit/537.36 (KHTML, like Gecko) Chrome/145.0.0.0 Safari/537.36 Edg/145.0.0.0"}
{"level":"info","message":"\u001b[0mPOST /api/auth/refresh \u001b[33m401\u001b[0m 31.315 ms - 168\u001b[0m","service":"preplyte-api","timestamp":"2026-02-21 03:16:07"}
{"level":"debug","message":"Query: SELECT 1","service":"preplyte-api","timestamp":"2026-02-21 03:16:32"}
{"level":"debug","message":"Params: []","service":"preplyte-api","timestamp":"2026-02-21 03:16:32"}
{"level":"debug","message":"Duration: 0ms","service":"preplyte-api","timestamp":"2026-02-21 03:16:32"}
{"level":"debug","message":"Query: SELECT \"public\".\"users\".\"id\", \"public\".\"users\".\"email\", \"public\".\"users\".\"password\", \"public\".\"users\".\"name\", \"public\".\"users\".\"role\"::text, \"public\".\"users\".\"isActive\", \"public\".\"users\".\"instituteId\", \"public\".\"users\".\"profilePictureUrl\", \"public\".\"users\".\"googleId\", \"public\".\"users\".\"provider\", \"public\".\"users\".\"avatar\", \"public\".\"users\".\"createdAt\", \"public\".\"users\".\"updatedAt\", \"public\".\"users\".\"lastLoginAt\", \"public\".\"users\".\"tokenVersion\" FROM \"public\".\"users\" WHERE (\"public\".\"users\".\"email\" = $1 AND 1=1) LIMIT $2 OFFSET $3","service":"preplyte-api","timestamp":"2026-02-21 03:16:32"}
{"level":"debug","message":"Params: [\"vu1f2223082@pvppcoe.ac.in\",1,0]","service":"preplyte-api","timestamp":"2026-02-21 03:16:32"}
{"level":"debug","message":"Duration: 1ms","service":"preplyte-api","timestamp":"2026-02-21 03:16:32"}
{"level":"debug","message":"Query: SELECT \"public\".\"institutes\".\"id\", \"public\".\"institutes\".\"name\", \"public\".\"institutes\".\"domain\", \"public\".\"institutes\".\"isActive\" FROM \"public\".\"institutes\" WHERE \"public\".\"institutes\".\"id\" IN ($1) OFFSET $2","service":"preplyte-api","timestamp":"2026-02-21 03:16:32"}
{"level":"debug","message":"Params: [\"c1d2e3f4g5h6i7j8k9l0\",0]","service":"preplyte-api","timestamp":"2026-02-21 03:16:32"}
{"level":"debug","message":"Duration: 7ms","service":"preplyte-api","timestamp":"2026-02-21 03:16:32"}
{"level":"debug","message":"Query: SELECT 1","service":"preplyte-api","timestamp":"2026-02-21 03:16:33"}
{"level":"debug","message":"Params: []","service":"preplyte-api","timestamp":"2026-02-21 03:16:33"}
{"level":"debug","message":"Duration: 0ms","service":"preplyte-api","timestamp":"2026-02-21 03:16:33"}
{"level":"debug","message":"Query: INSERT INTO \"public\".\"refresh_tokens\" (\"id\",\"token\",\"userId\",\"expiresAt\",\"createdAt\") VALUES ($1,$2,$3,$4,$5) RETURNING \"public\".\"refresh_tokens\".\"id\", \"public\".\"refresh_tokens\".\"token\", \"public\".\"refresh_tokens\".\"userId\", \"public\".\"refresh_tokens\".\"expiresAt\", \"public\".\"refresh_tokens\".\"revokedAt\", \"public\".\"refresh_tokens\".\"userAgent\", \"public\".\"refresh_tokens\".\"ipAddress\", \"public\".\"refresh_tokens\".\"createdAt\"","service":"preplyte-api","timestamp":"2026-02-21 03:16:33"}
{"level":"debug","message":"Params: [\"cmlvf6m2r0003n2f7vgj15713\",\"7bdf71d17e6f376301d4132252a70e612d0672cd71e963eed7702c887755bb03\",\"cmlq4h9or004p9qehngr7b15o\",\"2026-02-27 21:46:33.409 UTC\",\"2026-02-20 21:46:33.411 UTC\"]","service":"preplyte-api","timestamp":"2026-02-21 03:16:33"}
{"level":"debug","message":"Duration: 4ms","service":"preplyte-api","timestamp":"2026-02-21 03:16:33"}
{"level":"debug","message":"Query: UPDATE \"public\".\"users\" SET \"lastLoginAt\" = $1, \"updatedAt\" = $2 WHERE (\"public\".\"users\".\"id\" = $3 AND 1=1) RETURNING \"public\".\"users\".\"id\", \"public\".\"users\".\"email\", \"public\".\"users\".\"password\", \"public\".\"users\".\"name\", \"public\".\"users\".\"role\"::text, \"public\".\"users\".\"isActive\", \"public\".\"users\".\"instituteId\", \"public\".\"users\".\"profilePictureUrl\", \"public\".\"users\".\"googleId\", \"public\".\"users\".\"provider\", \"public\".\"users\".\"avatar\", \"public\".\"users\".\"createdAt\", \"public\".\"users\".\"updatedAt\", \"public\".\"users\".\"lastLoginAt\", \"public\".\"users\".\"tokenVersion\"","service":"preplyte-api","timestamp":"2026-02-21 03:16:33"}
{"level":"debug","message":"Params: [\"2026-02-20 21:46:33.410 UTC\",\"2026-02-20 21:46:33.411 UTC\",\"cmlq4h9or004p9qehngr7b15o\"]","service":"preplyte-api","timestamp":"2026-02-21 03:16:33"}
{"level":"debug","message":"Duration: 4ms","service":"preplyte-api","timestamp":"2026-02-21 03:16:33"}
{"level":"info","message":"User logged in","service":"preplyte-api","timestamp":"2026-02-21 03:16:33","userId":"cmlq4h9or004p9qehngr7b15o"}
{"level":"info","message":"\u001b[0mPOST /api/auth/login \u001b[32m200\u001b[0m 833.572 ms - -\u001b[0m","service":"preplyte-api","timestamp":"2026-02-21 03:16:33"}
{"level":"debug","message":"Query: SELECT \"public\".\"lms_categories\".\"id\", \"public\".\"lms_categories\".\"name\", \"public\".\"lms_categories\".\"slug\", \"public\".\"lms_categories\".\"description\", \"public\".\"lms_categories\".\"iconUrl\", \"public\".\"lms_categories\".\"order\", \"public\".\"lms_categories\".\"isActive\", \"public\".\"lms_categories\".\"createdAt\", \"public\".\"lms_categories\".\"updatedAt\", COALESCE(\"aggr_selection_0_LmsCourse\".\"_aggr_count_courses\", 0) AS \"_aggr_count_courses\" FROM \"public\".\"lms_categories\" LEFT JOIN (SELECT \"public\".\"lms_courses\".\"categoryId\", COUNT(*) AS \"_aggr_count_courses\" FROM \"public\".\"lms_courses\" WHERE (\"public\".\"lms_courses\".\"status\" = CAST($1::text AS \"public\".\"LmsCourseStatus\") AND \"public\".\"lms_courses\".\"isActive\" = $2) GROUP BY \"public\".\"lms_courses\".\"categoryId\") AS \"aggr_selection_0_LmsCourse\" ON (\"public\".\"lms_categories\".\"id\" = \"aggr_selection_0_LmsCourse\".\"categoryId\") WHERE \"public\".\"lms_categories\".\"isActive\" = $3 ORDER BY \"public\".\"lms_categories\".\"order\" ASC OFFSET $4","service":"preplyte-api","timestamp":"2026-02-21 03:16:46"}
{"level":"debug","message":"Params: [\"PUBLISHED\",true,true,0]","service":"preplyte-api","timestamp":"2026-02-21 03:16:46"}
{"level":"debug","message":"Duration: 7ms","service":"preplyte-api","timestamp":"2026-02-21 03:16:46"}
{"level":"info","message":"\u001b[0mGET /api/lms/categories \u001b[36m304\u001b[0m 14.273 ms - -\u001b[0m","service":"preplyte-api","timestamp":"2026-02-21 03:16:46"}
{"level":"debug","message":"Query: SELECT 1","service":"preplyte-api","timestamp":"2026-02-21 03:16:46"}
{"level":"debug","message":"Params: []","service":"preplyte-api","timestamp":"2026-02-21 03:16:46"}
{"level":"debug","message":"Duration: 0ms","service":"preplyte-api","timestamp":"2026-02-21 03:16:46"}
{"level":"debug","message":"Query: SELECT 1","service":"preplyte-api","timestamp":"2026-02-21 03:16:46"}
{"level":"debug","message":"Params: []","service":"preplyte-api","timestamp":"2026-02-21 03:16:46"}
{"level":"debug","message":"Duration: 0ms","service":"preplyte-api","timestamp":"2026-02-21 03:16:46"}
{"level":"debug","message":"Query: SELECT COUNT(*) FROM (SELECT \"public\".\"lms_courses\".\"id\" FROM \"public\".\"lms_courses\" WHERE (\"public\".\"lms_courses\".\"status\" = CAST($1::text AS \"public\".\"LmsCourseStatus\") AND \"public\".\"lms_courses\".\"isActive\" = $2) OFFSET $3) AS \"sub\"","service":"preplyte-api","timestamp":"2026-02-21 03:16:46"}
{"level":"debug","message":"Params: [\"PUBLISHED\",true,0]","service":"preplyte-api","timestamp":"2026-02-21 03:16:46"}
{"level":"debug","message":"Duration: 0ms","service":"preplyte-api","timestamp":"2026-02-21 03:16:46"}
{"level":"debug","message":"Query: SELECT \"public\".\"lms_courses\".\"id\", \"public\".\"lms_courses\".\"instructor\" FROM \"public\".\"lms_courses\" WHERE (\"public\".\"lms_courses\".\"status\" = CAST($1::text AS \"public\".\"LmsCourseStatus\") AND \"public\".\"lms_courses\".\"isActive\" = $2) OFFSET $3","service":"preplyte-api","timestamp":"2026-02-21 03:16:46"}
{"level":"debug","message":"Params: [\"PUBLISHED\",true,0]","service":"preplyte-api","timestamp":"2026-02-21 03:16:46"}
{"level":"debug","message":"Duration: 1ms","service":"preplyte-api","timestamp":"2026-02-21 03:16:46"}
{"level":"debug","message":"Query: SELECT COUNT(*), \"public\".\"lms_enrollments\".\"userId\" FROM \"public\".\"lms_enrollments\" WHERE 1=1 GROUP BY \"public\".\"lms_enrollments\".\"userId\" OFFSET $1","service":"preplyte-api","timestamp":"2026-02-21 03:16:46"}
{"level":"debug","message":"Params: [0]","service":"preplyte-api","timestamp":"2026-02-21 03:16:46"}
{"level":"debug","message":"Duration: 1ms","service":"preplyte-api","timestamp":"2026-02-21 03:16:46"}
{"level":"debug","message":"Query: SELECT AVG(\"progressPercent\") FROM (SELECT \"public\".\"lms_enrollments\".\"progressPercent\" FROM \"public\".\"lms_enrollments\" WHERE \"public\".\"lms_enrollments\".\"status\" = CAST($1::text AS \"public\".\"LmsEnrollmentStatus\") OFFSET $2) AS \"sub\"","service":"preplyte-api","timestamp":"2026-02-21 03:16:46"}
{"level":"debug","message":"Params: [\"COMPLETED\",0]","service":"preplyte-api","timestamp":"2026-02-21 03:16:46"}
{"level":"debug","message":"Duration: 2ms","service":"preplyte-api","timestamp":"2026-02-21 03:16:46"}
{"level":"info","message":"\u001b[0mGET /api/lms/stats \u001b[36m304\u001b[0m 20.330 ms - -\u001b[0m","service":"preplyte-api","timestamp":"2026-02-21 03:16:46"}
{"level":"debug","message":"Query: SELECT \"public\".\"users\".\"id\", \"public\".\"users\".\"email\", \"public\".\"users\".\"role\"::text, \"public\".\"users\".\"instituteId\", \"public\".\"users\".\"isActive\", \"public\".\"users\".\"tokenVersion\" FROM \"public\".\"users\" WHERE (\"public\".\"users\".\"id\" = $1 AND 1=1) LIMIT $2 OFFSET $3","service":"preplyte-api","timestamp":"2026-02-21 03:16:46"}
{"level":"debug","message":"Params: [\"cmlq4h9or004p9qehngr7b15o\",1,0]","service":"preplyte-api","timestamp":"2026-02-21 03:16:46"}
{"level":"debug","message":"Duration: 1ms","service":"preplyte-api","timestamp":"2026-02-21 03:16:46"}
{"level":"debug","message":"Query: SELECT \"public\".\"lms_enrollments\".\"id\", \"public\".\"lms_enrollments\".\"courseId\", \"public\".\"lms_enrollments\".\"progressPercent\" FROM \"public\".\"lms_enrollments\" WHERE \"public\".\"lms_enrollments\".\"userId\" = $1 OFFSET $2","service":"preplyte-api","timestamp":"2026-02-21 03:16:46"}
{"level":"debug","message":"Params: [\"cmlq4h9or004p9qehngr7b15o\",0]","service":"preplyte-api","timestamp":"2026-02-21 03:16:46"}
{"level":"debug","message":"Duration: 1ms","service":"preplyte-api","timestamp":"2026-02-21 03:16:46"}
{"level":"debug","message":"Query: SELECT COUNT(*) FROM (SELECT \"public\".\"lms_courses\".\"id\" FROM \"public\".\"lms_courses\" WHERE (\"public\".\"lms_courses\".\"status\" = CAST($1::text AS \"public\".\"LmsCourseStatus\") AND \"public\".\"lms_courses\".\"isActive\" = $2) OFFSET $3) AS \"sub\"","service":"preplyte-api","timestamp":"2026-02-21 03:16:46"}
{"level":"debug","message":"Params: [\"PUBLISHED\",true,0]","service":"preplyte-api","timestamp":"2026-02-21 03:16:46"}
{"level":"debug","message":"Duration: 0ms","service":"preplyte-api","timestamp":"2026-02-21 03:16:46"}
{"level":"debug","message":"Query: SELECT \"public\".\"lms_courses\".\"id\", \"public\".\"lms_courses\".\"categoryId\", \"public\".\"lms_courses\".\"title\", \"public\".\"lms_courses\".\"slug\", \"public\".\"lms_courses\".\"shortDescription\", \"public\".\"lms_courses\".\"description\", \"public\".\"lms_courses\".\"thumbnailUrl\", \"public\".\"lms_courses\".\"previewVideoUrl\", \"public\".\"lms_courses\".\"totalModules\", \"public\".\"lms_courses\".\"totalTopics\", \"public\".\"lms_courses\".\"totalPoints\", \"public\".\"lms_courses\".\"totalHours\", \"public\".\"lms_courses\".\"price\", \"public\".\"lms_courses\".\"discountPrice\", \"public\".\"lms_courses\".\"currency\", \"public\".\"lms_courses\".\"status\"::text, \"public\".\"lms_courses\".\"isActive\", \"public\".\"lms_courses\".\"certificateEnabled\", \"public\".\"lms_courses\".\"passingPercentage\", \"public\".\"lms_courses\".\"tags\", \"public\".\"lms_courses\".\"difficulty\"::text, \"public\".\"lms_courses\".\"instructor\", \"public\".\"lms_courses\".\"language\", \"public\".\"lms_courses\".\"averageRating\", \"public\".\"lms_courses\".\"ratingsCount\", \"public\".\"lms_courses\".\"createdAt\", \"public\".\"lms_courses\".\"updatedAt\", \"public\".\"lms_courses\".\"publishedAt\", COALESCE(\"aggr_selection_0_LmsEnrollment\".\"_aggr_count_enrollments\", 0) AS \"_aggr_count_enrollments\" FROM \"public\".\"lms_courses\" LEFT JOIN (SELECT \"public\".\"lms_enrollments\".\"courseId\", COUNT(*) AS \"orderby_aggregator\" FROM \"public\".\"lms_enrollments\" WHERE 1=1 GROUP BY \"public\".\"lms_enrollments\".\"courseId\") AS \"orderby_1_LmsEnrollment\" ON (\"public\".\"lms_courses\".\"id\" = \"orderby_1_LmsEnrollment\".\"courseId\") LEFT JOIN (SELECT \"public\".\"lms_enrollments\".\"courseId\", COUNT(*) AS \"_aggr_count_enrollments\" FROM \"public\".\"lms_enrollments\" WHERE 1=1 GROUP BY \"public\".\"lms_enrollments\".\"courseId\") AS \"aggr_selection_0_LmsEnrollment\" ON (\"public\".\"lms_courses\".\"id\" = \"aggr_selection_0_LmsEnrollment\".\"courseId\") WHERE (\"public\".\"lms_courses\".\"status\" = CAST($1::text AS \"public\".\"LmsCourseStatus\") AND \"public\".\"lms_courses\".\"isActive\" = $2) ORDER BY COALESCE(\"orderby_1_LmsEnrollment\".\"orderby_aggregator\", $3) DESC LIMIT $4 OFFSET $5","service":"preplyte-api","timestamp":"2026-02-21 03:16:46"}
{"level":"debug","message":"Params: [\"PUBLISHED\",true,0,12,0]","service":"preplyte-api","timestamp":"2026-02-21 03:16:46"}
{"level":"debug","message":"Duration: 2ms","service":"preplyte-api","timestamp":"2026-02-21 03:16:46"}
{"level":"debug","message":"Query: SELECT \"public\".\"lms_categories\".\"id\", \"public\".\"lms_categories\".\"name\", \"public\".\"lms_categories\".\"slug\" FROM \"public\".\"lms_categories\" WHERE \"public\".\"lms_categories\".\"id\" IN ($1,$2) OFFSET $3","service":"preplyte-api","timestamp":"2026-02-21 03:16:46"}
{"level":"debug","message":"Params: [\"cmlq4lrae0003ail99wlb2luj\",\"cmls4iwf200x0m93kfd559mke\",0]","service":"preplyte-api","timestamp":"2026-02-21 03:16:46"}
{"level":"debug","message":"Duration: 2ms","service":"preplyte-api","timestamp":"2026-02-21 03:16:46"}
{"level":"info","message":"\u001b[0mGET /api/lms/courses?page=1&limit=12&priceRange=all&sortBy=popular&search= \u001b[32m200\u001b[0m 28.919 ms - -\u001b[0m","service":"preplyte-api","timestamp":"2026-02-21 03:16:46"}
{"level":"debug","message":"Query: SELECT \"public\".\"users\".\"id\", \"public\".\"users\".\"email\", \"public\".\"users\".\"role\"::text, \"public\".\"users\".\"instituteId\", \"public\".\"users\".\"isActive\", \"public\".\"users\".\"tokenVersion\" FROM \"public\".\"users\" WHERE (\"public\".\"users\".\"id\" = $1 AND 1=1) LIMIT $2 OFFSET $3","service":"preplyte-api","timestamp":"2026-02-21 03:16:51"}
{"level":"debug","message":"Params: [\"cmlq4h9or004p9qehngr7b15o\",1,0]","service":"preplyte-api","timestamp":"2026-02-21 03:16:51"}
{"level":"debug","message":"Duration: 0ms","service":"preplyte-api","timestamp":"2026-02-21 03:16:51"}
{"attempt":1,"keyIndex":0,"level":"debug","message":"[GroqManager] API call successful","model":"llama-3.3-70b-versatile","service":"preplyte-api","timestamp":"2026-02-21 03:16:53"}
{"level":"info","message":"\u001b[0mPOST /api/practice/roadmap/question \u001b[32m200\u001b[0m 2094.498 ms - 531\u001b[0m","service":"preplyte-api","timestamp":"2026-02-21 03:16:53"}
{"level":"debug","message":"Query: SELECT \"public\".\"users\".\"id\", \"public\".\"users\".\"email\", \"public\".\"users\".\"role\"::text, \"public\".\"users\".\"instituteId\", \"public\".\"users\".\"isActive\", \"public\".\"users\".\"tokenVersion\" FROM \"public\".\"users\" WHERE (\"public\".\"users\".\"id\" = $1 AND 1=1) LIMIT $2 OFFSET $3","service":"preplyte-api","timestamp":"2026-02-21 03:16:59"}
{"level":"debug","message":"Params: [\"cmlq4h9or004p9qehngr7b15o\",1,0]","service":"preplyte-api","timestamp":"2026-02-21 03:16:59"}
{"level":"debug","message":"Duration: 0ms","service":"preplyte-api","timestamp":"2026-02-21 03:16:59"}
{"attempt":1,"keyIndex":0,"level":"debug","message":"[GroqManager] API call successful","model":"llama-3.3-70b-versatile","service":"preplyte-api","timestamp":"2026-02-21 03:17:00"}
{"level":"info","message":"\u001b[0mPOST /api/practice/roadmap/question \u001b[32m200\u001b[0m 1491.443 ms - 687\u001b[0m","service":"preplyte-api","timestamp":"2026-02-21 03:17:00"}
{"level":"debug","message":"Query: SELECT 1","service":"preplyte-api","timestamp":"2026-02-21 03:17:05"}
{"level":"debug","message":"Params: []","service":"preplyte-api","timestamp":"2026-02-21 03:17:05"}
{"level":"debug","message":"Duration: 0ms","service":"preplyte-api","timestamp":"2026-02-21 03:17:05"}
{"level":"debug","message":"Query: SELECT \"public\".\"users\".\"id\", \"public\".\"users\".\"email\", \"public\".\"users\".\"role\"::text, \"public\".\"users\".\"instituteId\", \"public\".\"users\".\"isActive\", \"public\".\"users\".\"tokenVersion\" FROM \"public\".\"users\" WHERE (\"public\".\"users\".\"id\" = $1 AND 1=1) LIMIT $2 OFFSET $3","service":"preplyte-api","timestamp":"2026-02-21 03:17:05"}
{"level":"debug","message":"Params: [\"cmlq4h9or004p9qehngr7b15o\",1,0]","service":"preplyte-api","timestamp":"2026-02-21 03:17:05"}
{"level":"debug","message":"Duration: 0ms","service":"preplyte-api","timestamp":"2026-02-21 03:17:05"}
{"attempt":1,"keyIndex":0,"level":"debug","message":"[GroqManager] API call successful","model":"llama-3.3-70b-versatile","service":"preplyte-api","timestamp":"2026-02-21 03:17:06"}
{"level":"info","message":"\u001b[0mPOST /api/practice/roadmap/question \u001b[32m200\u001b[0m 1500.303 ms - 616\u001b[0m","service":"preplyte-api","timestamp":"2026-02-21 03:17:06"}
{"baseURL":"https://judge0-ce.p.rapidapi.com","level":"info","message":"Judge0 client initialized","service":"preplyte-api","timestamp":"2026-02-21 03:18:50","useRapidAPI":true}
{"level":"info","message":"[TTS] Using Deepgram for text-to-speech","service":"preplyte-api","timestamp":"2026-02-21 03:18:50"}
{"keyLength":39,"keyPrefix":"AIzaSyC7yj...","level":"info","message":"Gemini API Key loaded:","service":"preplyte-api","timestamp":"2026-02-21 03:18:51"}
{"environment":"development","host":"0.0.0.0","level":"info","message":"Starting server...","port":4000,"service":"preplyte-api","timestamp":"2026-02-21 03:18:51"}
{"level":"info","message":"Checking database connection...","service":"preplyte-api","timestamp":"2026-02-21 03:18:51"}
{"level":"debug","message":"Query: SELECT 1","service":"preplyte-api","timestamp":"2026-02-21 03:18:51"}
{"level":"debug","message":"Params: []","service":"preplyte-api","timestamp":"2026-02-21 03:18:51"}
{"level":"debug","message":"Duration: 1ms","service":"preplyte-api","timestamp":"2026-02-21 03:18:51"}
{"level":"info","message":"✅ Database connected successfully","service":"preplyte-api","timestamp":"2026-02-21 03:18:51"}
{"level":"info","message":"[WS Gateway] WebSocket server initialized","path":"/ws/interview/:sessionId","service":"preplyte-api","timestamp":"2026-02-21 03:18:51"}
{"api":"http://localhost:4000/api","environment":"development","health":"http://localhost:4000/health","host":"0.0.0.0","level":"info","message":"🚀 Server running","port":4000,"service":"preplyte-api","timestamp":"2026-02-21 03:18:51","websocket":"ws://localhost:4000/ws/interview/:sessionId"}
{"intervalHours":24,"level":"info","message":"Starting token cleanup scheduler","service":"preplyte-api","timestamp":"2026-02-21 03:18:51"}
{"level":"info","message":"Starting token cleanup job","service":"preplyte-api","timestamp":"2026-02-21 03:18:51"}
{"level":"debug","message":"Query: DELETE FROM \"public\".\"refresh_tokens\" WHERE (\"public\".\"refresh_tokens\".\"expiresAt\" < $1 OR \"public\".\"refresh_tokens\".\"revokedAt\" < $2)","service":"preplyte-api","timestamp":"2026-02-21 03:18:51"}
{"level":"debug","message":"Params: [\"2026-02-20 21:48:51.777 UTC\",\"2026-02-13 21:48:51.777 UTC\"]","service":"preplyte-api","timestamp":"2026-02-21 03:18:51"}
{"level":"debug","message":"Duration: 4ms","service":"preplyte-api","timestamp":"2026-02-21 03:18:51"}
{"count":0,"level":"info","message":"Cleaned up expired tokens","service":"preplyte-api","timestamp":"2026-02-21 03:18:51"}
{"level":"info","message":"Token cleanup completed","service":"preplyte-api","timestamp":"2026-02-21 03:18:51","tokensRemoved":0}
{"level":"debug","message":"Query: SELECT 1","service":"preplyte-api","timestamp":"2026-02-21 03:20:53"}
{"level":"debug","message":"Params: []","service":"preplyte-api","timestamp":"2026-02-21 03:20:53"}
{"level":"debug","message":"Duration: 1ms","service":"preplyte-api","timestamp":"2026-02-21 03:20:53"}
{"level":"debug","message":"Query: SELECT \"public\".\"users\".\"id\", \"public\".\"users\".\"email\", \"public\".\"users\".\"role\"::text, \"public\".\"users\".\"instituteId\", \"public\".\"users\".\"isActive\", \"public\".\"users\".\"tokenVersion\" FROM \"public\".\"users\" WHERE (\"public\".\"users\".\"id\" = $1 AND 1=1) LIMIT $2 OFFSET $3","service":"preplyte-api","timestamp":"2026-02-21 03:20:53"}
{"level":"debug","message":"Params: [\"cmlq4h9or004p9qehngr7b15o\",1,0]","service":"preplyte-api","timestamp":"2026-02-21 03:20:53"}
{"level":"debug","message":"Duration: 11ms","service":"preplyte-api","timestamp":"2026-02-21 03:20:53"}
{"level":"info","message":"\u001b[0mPOST /api/practice/roadmap/question \u001b[32m200\u001b[0m 82.586 ms - 182\u001b[0m","service":"preplyte-api","timestamp":"2026-02-21 03:20:53"}
{"level":"debug","message":"Query: SELECT \"public\".\"users\".\"id\", \"public\".\"users\".\"email\", \"public\".\"users\".\"role\"::text, \"public\".\"users\".\"instituteId\", \"public\".\"users\".\"isActive\", \"public\".\"users\".\"tokenVersion\" FROM \"public\".\"users\" WHERE (\"public\".\"users\".\"id\" = $1 AND 1=1) LIMIT $2 OFFSET $3","service":"preplyte-api","timestamp":"2026-02-21 03:20:59"}
{"level":"debug","message":"Params: [\"cmlq4h9or004p9qehngr7b15o\",1,0]","service":"preplyte-api","timestamp":"2026-02-21 03:20:59"}
{"level":"debug","message":"Duration: 0ms","service":"preplyte-api","timestamp":"2026-02-21 03:20:59"}
{"attempt":1,"keyIndex":0,"level":"debug","message":"[GroqManager] API call successful","model":"llama-3.3-70b-versatile","service":"preplyte-api","timestamp":"2026-02-21 03:21:01"}
{"level":"info","message":"\u001b[0mPOST /api/practice/roadmap/question \u001b[32m200\u001b[0m 2048.453 ms - 698\u001b[0m","service":"preplyte-api","timestamp":"2026-02-21 03:21:01"}
{"level":"debug","message":"Query: SELECT 1","service":"preplyte-api","timestamp":"2026-02-21 03:21:09"}
{"level":"debug","message":"Params: []","service":"preplyte-api","timestamp":"2026-02-21 03:21:09"}
{"level":"debug","message":"Duration: 1ms","service":"preplyte-api","timestamp":"2026-02-21 03:21:09"}
{"level":"debug","message":"Query: SELECT \"public\".\"users\".\"id\", \"public\".\"users\".\"email\", \"public\".\"users\".\"role\"::text, \"public\".\"users\".\"instituteId\", \"public\".\"users\".\"isActive\", \"public\".\"users\".\"tokenVersion\" FROM \"public\".\"users\" WHERE (\"public\".\"users\".\"id\" = $1 AND 1=1) LIMIT $2 OFFSET $3","service":"preplyte-api","timestamp":"2026-02-21 03:21:09"}
{"level":"debug","message":"Params: [\"cmlq4h9or004p9qehngr7b15o\",1,0]","service":"preplyte-api","timestamp":"2026-02-21 03:21:09"}
{"level":"debug","message":"Duration: 1ms","service":"preplyte-api","timestamp":"2026-02-21 03:21:09"}
{"attempt":1,"keyIndex":0,"level":"debug","message":"[GroqManager] API call successful","model":"llama-3.3-70b-versatile","service":"preplyte-api","timestamp":"2026-02-21 03:21:11"}
{"level":"info","message":"\u001b[0mPOST /api/practice/roadmap/question \u001b[32m200\u001b[0m 1519.986 ms - 616\u001b[0m","service":"preplyte-api","timestamp":"2026-02-21 03:21:11"}
{"level":"debug","message":"Query: SELECT \"public\".\"users\".\"id\", \"public\".\"users\".\"email\", \"public\".\"users\".\"role\"::text, \"public\".\"users\".\"instituteId\", \"public\".\"users\".\"isActive\", \"public\".\"users\".\"tokenVersion\" FROM \"public\".\"users\" WHERE (\"public\".\"users\".\"id\" = $1 AND 1=1) LIMIT $2 OFFSET $3","service":"preplyte-api","timestamp":"2026-02-21 03:21:18"}
{"level":"debug","message":"Params: [\"cmlq4h9or004p9qehngr7b15o\",1,0]","service":"preplyte-api","timestamp":"2026-02-21 03:21:18"}
{"level":"debug","message":"Duration: 1ms","service":"preplyte-api","timestamp":"2026-02-21 03:21:18"}
{"attempt":1,"keyIndex":0,"level":"debug","message":"[GroqManager] API call successful","model":"llama-3.3-70b-versatile","service":"preplyte-api","timestamp":"2026-02-21 03:21:21"}
{"level":"info","message":"\u001b[0mPOST /api/practice/roadmap/question \u001b[32m200\u001b[0m 2492.277 ms - 434\u001b[0m","service":"preplyte-api","timestamp":"2026-02-21 03:21:21"}
{"level":"debug","message":"Query: SELECT \"public\".\"users\".\"id\", \"public\".\"users\".\"email\", \"public\".\"users\".\"role\"::text, \"public\".\"users\".\"instituteId\", \"public\".\"users\".\"isActive\", \"public\".\"users\".\"tokenVersion\" FROM \"public\".\"users\" WHERE (\"public\".\"users\".\"id\" = $1 AND 1=1) LIMIT $2 OFFSET $3","service":"preplyte-api","timestamp":"2026-02-21 03:21:24"}
{"level":"debug","message":"Params: [\"cmlq4h9or004p9qehngr7b15o\",1,0]","service":"preplyte-api","timestamp":"2026-02-21 03:21:24"}
{"level":"debug","message":"Duration: 0ms","service":"preplyte-api","timestamp":"2026-02-21 03:21:24"}
{"attempt":1,"keyIndex":0,"level":"debug","message":"[GroqManager] API call successful","model":"llama-3.3-70b-versatile","service":"preplyte-api","timestamp":"2026-02-21 03:21:25"}
{"level":"info","message":"\u001b[0mPOST /api/practice/roadmap/question \u001b[32m200\u001b[0m 1000.542 ms - 598\u001b[0m","service":"preplyte-api","timestamp":"2026-02-21 03:21:25"}
{"level":"debug","message":"Query: SELECT 1","service":"preplyte-api","timestamp":"2026-02-21 03:21:33"}
{"level":"debug","message":"Params: []","service":"preplyte-api","timestamp":"2026-02-21 03:21:33"}
{"level":"debug","message":"Duration: 0ms","service":"preplyte-api","timestamp":"2026-02-21 03:21:33"}
{"level":"debug","message":"Query: SELECT \"public\".\"users\".\"id\", \"public\".\"users\".\"email\", \"public\".\"users\".\"role\"::text, \"public\".\"users\".\"instituteId\", \"public\".\"users\".\"isActive\", \"public\".\"users\".\"tokenVersion\" FROM \"public\".\"users\" WHERE (\"public\".\"users\".\"id\" = $1 AND 1=1) LIMIT $2 OFFSET $3","service":"preplyte-api","timestamp":"2026-02-21 03:21:33"}
{"level":"debug","message":"Params: [\"cmlq4h9or004p9qehngr7b15o\",1,0]","service":"preplyte-api","timestamp":"2026-02-21 03:21:33"}
{"level":"debug","message":"Duration: 0ms","service":"preplyte-api","timestamp":"2026-02-21 03:21:33"}
{"attempt":1,"keyIndex":0,"level":"debug","message":"[GroqManager] API call successful","model":"llama-3.3-70b-versatile","service":"preplyte-api","timestamp":"2026-02-21 03:21:35"}
{"level":"info","message":"\u001b[0mPOST /api/practice/roadmap/question \u001b[32m200\u001b[0m 1547.788 ms - 662\u001b[0m","service":"preplyte-api","timestamp":"2026-02-21 03:21:35"}
{"level":"debug","message":"Query: SELECT \"public\".\"users\".\"id\", \"public\".\"users\".\"email\", \"public\".\"users\".\"role\"::text, \"public\".\"users\".\"instituteId\", \"public\".\"users\".\"isActive\", \"public\".\"users\".\"tokenVersion\" FROM \"public\".\"users\" WHERE (\"public\".\"users\".\"id\" = $1 AND 1=1) LIMIT $2 OFFSET $3","service":"preplyte-api","timestamp":"2026-02-21 03:21:38"}
{"level":"debug","message":"Params: [\"cmlq4h9or004p9qehngr7b15o\",1,0]","service":"preplyte-api","timestamp":"2026-02-21 03:21:38"}
{"level":"debug","message":"Duration: 0ms","service":"preplyte-api","timestamp":"2026-02-21 03:21:38"}
{"attempt":1,"keyIndex":0,"level":"debug","message":"[GroqManager] API call successful","model":"llama-3.3-70b-versatile","service":"preplyte-api","timestamp":"2026-02-21 03:21:39"}
{"level":"info","message":"\u001b[0mPOST /api/practice/roadmap/question \u001b[32m200\u001b[0m 892.664 ms - 657\u001b[0m","service":"preplyte-api","timestamp":"2026-02-21 03:21:39"}
{"level":"debug","message":"Query: SELECT \"public\".\"users\".\"id\", \"public\".\"users\".\"email\", \"public\".\"users\".\"role\"::text, \"public\".\"users\".\"instituteId\", \"public\".\"users\".\"isActive\", \"public\".\"users\".\"tokenVersion\" FROM \"public\".\"users\" WHERE (\"public\".\"users\".\"id\" = $1 AND 1=1) LIMIT $2 OFFSET $3","service":"preplyte-api","timestamp":"2026-02-21 03:21:41"}
{"level":"debug","message":"Params: [\"cmlq4h9or004p9qehngr7b15o\",1,0]","service":"preplyte-api","timestamp":"2026-02-21 03:21:41"}
{"level":"debug","message":"Duration: 0ms","service":"preplyte-api","timestamp":"2026-02-21 03:21:41"}
{"attempt":1,"keyIndex":0,"level":"debug","message":"[GroqManager] API call successful","model":"llama-3.3-70b-versatile","service":"preplyte-api","timestamp":"2026-02-21 03:21:42"}
{"level":"info","message":"\u001b[0mPOST /api/practice/roadmap/question \u001b[32m200\u001b[0m 753.707 ms - 403\u001b[0m","service":"preplyte-api","timestamp":"2026-02-21 03:21:42"}
{"level":"debug","message":"Query: SELECT \"public\".\"users\".\"id\", \"public\".\"users\".\"email\", \"public\".\"users\".\"role\"::text, \"public\".\"users\".\"instituteId\", \"public\".\"users\".\"isActive\", \"public\".\"users\".\"tokenVersion\" FROM \"public\".\"users\" WHERE (\"public\".\"users\".\"id\" = $1 AND 1=1) LIMIT $2 OFFSET $3","service":"preplyte-api","timestamp":"2026-02-21 03:21:45"}
{"level":"debug","message":"Params: [\"cmlq4h9or004p9qehngr7b15o\",1,0]","service":"preplyte-api","timestamp":"2026-02-21 03:21:45"}
{"level":"debug","message":"Duration: 0ms","service":"preplyte-api","timestamp":"2026-02-21 03:21:45"}
{"attempt":1,"keyIndex":0,"level":"debug","message":"[GroqManager] API call successful","model":"llama-3.3-70b-versatile","service":"preplyte-api","timestamp":"2026-02-21 03:21:45"}
{"level":"info","message":"\u001b[0mPOST /api/practice/roadmap/question \u001b[32m200\u001b[0m 740.635 ms - 487\u001b[0m","service":"preplyte-api","timestamp":"2026-02-21 03:21:45"}
{"level":"debug","message":"Query: SELECT \"public\".\"users\".\"id\", \"public\".\"users\".\"email\", \"public\".\"users\".\"role\"::text, \"public\".\"users\".\"instituteId\", \"public\".\"users\".\"isActive\", \"public\".\"users\".\"tokenVersion\" FROM \"public\".\"users\" WHERE (\"public\".\"users\".\"id\" = $1 AND 1=1) LIMIT $2 OFFSET $3","service":"preplyte-api","timestamp":"2026-02-21 03:21:47"}
{"level":"debug","message":"Params: [\"cmlq4h9or004p9qehngr7b15o\",1,0]","service":"preplyte-api","timestamp":"2026-02-21 03:21:47"}
{"level":"debug","message":"Duration: 0ms","service":"preplyte-api","timestamp":"2026-02-21 03:21:47"}
{"attempt":1,"keyIndex":0,"level":"debug","message":"[GroqManager] API call successful","model":"llama-3.3-70b-versatile","service":"preplyte-api","timestamp":"2026-02-21 03:21:48"}
{"level":"info","message":"\u001b[0mPOST /api/practice/roadmap/question \u001b[32m200\u001b[0m 785.475 ms - 569\u001b[0m","service":"preplyte-api","timestamp":"2026-02-21 03:21:48"}
{"level":"debug","message":"Query: SELECT 1","service":"preplyte-api","timestamp":"2026-02-21 03:21:50"}
{"level":"debug","message":"Params: []","service":"preplyte-api","timestamp":"2026-02-21 03:21:50"}
{"level":"debug","message":"Duration: 0ms","service":"preplyte-api","timestamp":"2026-02-21 03:21:50"}
{"level":"debug","message":"Query: SELECT \"public\".\"users\".\"id\", \"public\".\"users\".\"email\", \"public\".\"users\".\"role\"::text, \"public\".\"users\".\"instituteId\", \"public\".\"users\".\"isActive\", \"public\".\"users\".\"tokenVersion\" FROM \"public\".\"users\" WHERE (\"public\".\"users\".\"id\" = $1 AND 1=1) LIMIT $2 OFFSET $3","service":"preplyte-api","timestamp":"2026-02-21 03:21:50"}
{"level":"debug","message":"Params: [\"cmlq4h9or004p9qehngr7b15o\",1,0]","service":"preplyte-api","timestamp":"2026-02-21 03:21:50"}
{"level":"debug","message":"Duration: 0ms","service":"preplyte-api","timestamp":"2026-02-21 03:21:50"}
{"attempt":1,"keyIndex":0,"level":"debug","message":"[GroqManager] API call successful","model":"llama-3.3-70b-versatile","service":"preplyte-api","timestamp":"2026-02-21 03:21:51"}
{"level":"info","message":"\u001b[0mPOST /api/practice/roadmap/question \u001b[32m200\u001b[0m 737.192 ms - 525\u001b[0m","service":"preplyte-api","timestamp":"2026-02-21 03:21:51"}
{"level":"debug","message":"Query: SELECT \"public\".\"users\".\"id\", \"public\".\"users\".\"email\", \"public\".\"users\".\"role\"::text, \"public\".\"users\".\"instituteId\", \"public\".\"users\".\"isActive\", \"public\".\"users\".\"tokenVersion\" FROM \"public\".\"users\" WHERE (\"public\".\"users\".\"id\" = $1 AND 1=1) LIMIT $2 OFFSET $3","service":"preplyte-api","timestamp":"2026-02-21 03:21:53"}
{"level":"debug","message":"Params: [\"cmlq4h9or004p9qehngr7b15o\",1,0]","service":"preplyte-api","timestamp":"2026-02-21 03:21:53"}
{"level":"debug","message":"Duration: 0ms","service":"preplyte-api","timestamp":"2026-02-21 03:21:53"}
{"attempt":1,"keyIndex":0,"level":"debug","message":"[GroqManager] API call successful","model":"llama-3.3-70b-versatile","service":"preplyte-api","timestamp":"2026-02-21 03:21:54"}
{"level":"info","message":"\u001b[0mPOST /api/practice/roadmap/question \u001b[32m200\u001b[0m 874.051 ms - 605\u001b[0m","service":"preplyte-api","timestamp":"2026-02-21 03:21:54"}
{"level":"debug","message":"Query: SELECT \"public\".\"users\".\"id\", \"public\".\"users\".\"email\", \"public\".\"users\".\"role\"::text, \"public\".\"users\".\"instituteId\", \"public\".\"users\".\"isActive\", \"public\".\"users\".\"tokenVersion\" FROM \"public\".\"users\" WHERE (\"public\".\"users\".\"id\" = $1 AND 1=1) LIMIT $2 OFFSET $3","service":"preplyte-api","timestamp":"2026-02-21 03:21:55"}
{"level":"debug","message":"Params: [\"cmlq4h9or004p9qehngr7b15o\",1,0]","service":"preplyte-api","timestamp":"2026-02-21 03:21:55"}
{"level":"debug","message":"Duration: 0ms","service":"preplyte-api","timestamp":"2026-02-21 03:21:55"}
{"attempt":1,"keyIndex":0,"level":"debug","message":"[GroqManager] API call successful","model":"llama-3.3-70b-versatile","service":"preplyte-api","timestamp":"2026-02-21 03:21:56"}
{"level":"info","message":"\u001b[0mPOST /api/practice/roadmap/question \u001b[32m200\u001b[0m 965.348 ms - 645\u001b[0m","service":"preplyte-api","timestamp":"2026-02-21 03:21:56"}
{"level":"debug","message":"Query: SELECT \"public\".\"users\".\"id\", \"public\".\"users\".\"email\", \"public\".\"users\".\"role\"::text, \"public\".\"users\".\"instituteId\", \"public\".\"users\".\"isActive\", \"public\".\"users\".\"tokenVersion\" FROM \"public\".\"users\" WHERE (\"public\".\"users\".\"id\" = $1 AND 1=1) LIMIT $2 OFFSET $3","service":"preplyte-api","timestamp":"2026-02-21 03:21:58"}
{"level":"debug","message":"Params: [\"cmlq4h9or004p9qehngr7b15o\",1,0]","service":"preplyte-api","timestamp":"2026-02-21 03:21:58"}
{"level":"debug","message":"Duration: 0ms","service":"preplyte-api","timestamp":"2026-02-21 03:21:58"}
{"attempt":1,"keyIndex":0,"level":"debug","message":"[GroqManager] API call successful","model":"llama-3.3-70b-versatile","service":"preplyte-api","timestamp":"2026-02-21 03:21:58"}
{"level":"info","message":"\u001b[0mPOST /api/practice/roadmap/question \u001b[32m200\u001b[0m 934.465 ms - 487\u001b[0m","service":"preplyte-api","timestamp":"2026-02-21 03:21:58"}
{"level":"debug","message":"Query: SELECT \"public\".\"users\".\"id\", \"public\".\"users\".\"email\", \"public\".\"users\".\"role\"::text, \"public\".\"users\".\"instituteId\", \"public\".\"users\".\"isActive\", \"public\".\"users\".\"tokenVersion\" FROM \"public\".\"users\" WHERE (\"public\".\"users\".\"id\" = $1 AND 1=1) LIMIT $2 OFFSET $3","service":"preplyte-api","timestamp":"2026-02-21 03:22:00"}
{"level":"debug","message":"Params: [\"cmlq4h9or004p9qehngr7b15o\",1,0]","service":"preplyte-api","timestamp":"2026-02-21 03:22:00"}
{"level":"debug","message":"Duration: 0ms","service":"preplyte-api","timestamp":"2026-02-21 03:22:00"}
{"attempt":1,"keyIndex":0,"level":"debug","message":"[GroqManager] API call successful","model":"llama-3.3-70b-versatile","service":"preplyte-api","timestamp":"2026-02-21 03:22:01"}
{"level":"info","message":"\u001b[0mPOST /api/practice/roadmap/question \u001b[32m200\u001b[0m 804.676 ms - 516\u001b[0m","service":"preplyte-api","timestamp":"2026-02-21 03:22:01"}
{"level":"debug","message":"Query: SELECT \"public\".\"users\".\"id\", \"public\".\"users\".\"email\", \"public\".\"users\".\"role\"::text, \"public\".\"users\".\"instituteId\", \"public\".\"users\".\"isActive\", \"public\".\"users\".\"tokenVersion\" FROM \"public\".\"users\" WHERE (\"public\".\"users\".\"id\" = $1 AND 1=1) LIMIT $2 OFFSET $3","service":"preplyte-api","timestamp":"2026-02-21 03:22:02"}
{"level":"debug","message":"Params: [\"cmlq4h9or004p9qehngr7b15o\",1,0]","service":"preplyte-api","timestamp":"2026-02-21 03:22:02"}
{"level":"debug","message":"Duration: 0ms","service":"preplyte-api","timestamp":"2026-02-21 03:22:02"}
{"attempt":1,"keyIndex":0,"level":"debug","message":"[GroqManager] API call successful","model":"llama-3.3-70b-versatile","service":"preplyte-api","timestamp":"2026-02-21 03:22:03"}
{"level":"info","message":"\u001b[0mPOST /api/practice/roadmap/question \u001b[32m200\u001b[0m 855.117 ms - 614\u001b[0m","service":"preplyte-api","timestamp":"2026-02-21 03:22:03"}
{"level":"debug","message":"Query: SELECT \"public\".\"users\".\"id\", \"public\".\"users\".\"email\", \"public\".\"users\".\"role\"::text, \"public\".\"users\".\"instituteId\", \"public\".\"users\".\"isActive\", \"public\".\"users\".\"tokenVersion\" FROM \"public\".\"users\" WHERE (\"public\".\"users\".\"id\" = $1 AND 1=1) LIMIT $2 OFFSET $3","service":"preplyte-api","timestamp":"2026-02-21 03:22:04"}
{"level":"debug","message":"Params: [\"cmlq4h9or004p9qehngr7b15o\",1,0]","service":"preplyte-api","timestamp":"2026-02-21 03:22:04"}
{"level":"debug","message":"Duration: 0ms","service":"preplyte-api","timestamp":"2026-02-21 03:22:04"}
{"attempt":1,"keyIndex":0,"level":"debug","message":"[GroqManager] API call successful","model":"llama-3.3-70b-versatile","service":"preplyte-api","timestamp":"2026-02-21 03:22:05"}
{"level":"info","message":"\u001b[0mPOST /api/practice/roadmap/question \u001b[32m200\u001b[0m 822.388 ms - 469\u001b[0m","service":"preplyte-api","timestamp":"2026-02-21 03:22:05"}
{"level":"debug","message":"Query: SELECT 1","service":"preplyte-api","timestamp":"2026-02-21 03:22:06"}
{"level":"debug","message":"Params: []","service":"preplyte-api","timestamp":"2026-02-21 03:22:06"}
{"level":"debug","message":"Duration: 0ms","service":"preplyte-api","timestamp":"2026-02-21 03:22:06"}
{"level":"debug","message":"Query: SELECT \"public\".\"users\".\"id\", \"public\".\"users\".\"email\", \"public\".\"users\".\"role\"::text, \"public\".\"users\".\"instituteId\", \"public\".\"users\".\"isActive\", \"public\".\"users\".\"tokenVersion\" FROM \"public\".\"users\" WHERE (\"public\".\"users\".\"id\" = $1 AND 1=1) LIMIT $2 OFFSET $3","service":"preplyte-api","timestamp":"2026-02-21 03:22:06"}
{"level":"debug","message":"Params: [\"cmlq4h9or004p9qehngr7b15o\",1,0]","service":"preplyte-api","timestamp":"2026-02-21 03:22:06"}
{"level":"debug","message":"Duration: 0ms","service":"preplyte-api","timestamp":"2026-02-21 03:22:06"}
{"attempt":1,"keyIndex":0,"level":"debug","message":"[GroqManager] API call successful","model":"llama-3.3-70b-versatile","service":"preplyte-api","timestamp":"2026-02-21 03:22:07"}
{"level":"info","message":"\u001b[0mPOST /api/practice/roadmap/question \u001b[32m200\u001b[0m 744.153 ms - 498\u001b[0m","service":"preplyte-api","timestamp":"2026-02-21 03:22:07"}
{"level":"debug","message":"Query: SELECT \"public\".\"users\".\"id\", \"public\".\"users\".\"email\", \"public\".\"users\".\"role\"::text, \"public\".\"users\".\"instituteId\", \"public\".\"users\".\"isActive\", \"public\".\"users\".\"tokenVersion\" FROM \"public\".\"users\" WHERE (\"public\".\"users\".\"id\" = $1 AND 1=1) LIMIT $2 OFFSET $3","service":"preplyte-api","timestamp":"2026-02-21 03:22:08"}
{"level":"debug","message":"Params: [\"cmlq4h9or004p9qehngr7b15o\",1,0]","service":"preplyte-api","timestamp":"2026-02-21 03:22:08"}
{"level":"debug","message":"Duration: 0ms","service":"preplyte-api","timestamp":"2026-02-21 03:22:08"}
{"attempt":1,"keyIndex":0,"level":"debug","message":"[GroqManager] API call successful","model":"llama-3.3-70b-versatile","service":"preplyte-api","timestamp":"2026-02-21 03:22:08"}
{"level":"info","message":"\u001b[0mPOST /api/practice/roadmap/question \u001b[32m200\u001b[0m 793.177 ms - 533\u001b[0m","service":"preplyte-api","timestamp":"2026-02-21 03:22:08"}
{"level":"debug","message":"Query: SELECT \"public\".\"users\".\"id\", \"public\".\"users\".\"email\", \"public\".\"users\".\"role\"::text, \"public\".\"users\".\"instituteId\", \"public\".\"users\".\"isActive\", \"public\".\"users\".\"tokenVersion\" FROM \"public\".\"users\" WHERE (\"public\".\"users\".\"id\" = $1 AND 1=1) LIMIT $2 OFFSET $3","service":"preplyte-api","timestamp":"2026-02-21 03:22:09"}
{"level":"debug","message":"Params: [\"cmlq4h9or004p9qehngr7b15o\",1,0]","service":"preplyte-api","timestamp":"2026-02-21 03:22:09"}
{"level":"debug","message":"Duration: 0ms","service":"preplyte-api","timestamp":"2026-02-21 03:22:09"}
{"attempt":1,"keyIndex":0,"level":"debug","message":"[GroqManager] API call successful","model":"llama-3.3-70b-versatile","service":"preplyte-api","timestamp":"2026-02-21 03:22:10"}
{"level":"info","message":"\u001b[0mPOST /api/practice/roadmap/question \u001b[32m200\u001b[0m 851.435 ms - 440\u001b[0m","service":"preplyte-api","timestamp":"2026-02-21 03:22:10"}
{"level":"debug","message":"Query: SELECT \"public\".\"users\".\"id\", \"public\".\"users\".\"email\", \"public\".\"users\".\"role\"::text, \"public\".\"users\".\"instituteId\", \"public\".\"users\".\"isActive\", \"public\".\"users\".\"tokenVersion\" FROM \"public\".\"users\" WHERE (\"public\".\"users\".\"id\" = $1 AND 1=1) LIMIT $2 OFFSET $3","service":"preplyte-api","timestamp":"2026-02-21 03:22:11"}
{"level":"debug","message":"Params: [\"cmlq4h9or004p9qehngr7b15o\",1,0]","service":"preplyte-api","timestamp":"2026-02-21 03:22:11"}
{"level":"debug","message":"Duration: 0ms","service":"preplyte-api","timestamp":"2026-02-21 03:22:11"}
{"attempt":1,"keyIndex":0,"level":"debug","message":"[GroqManager] API call successful","model":"llama-3.3-70b-versatile","service":"preplyte-api","timestamp":"2026-02-21 03:22:12"}
{"level":"info","message":"\u001b[0mPOST /api/practice/roadmap/question \u001b[32m200\u001b[0m 715.417 ms - 574\u001b[0m","service":"preplyte-api","timestamp":"2026-02-21 03:22:12"}
{"level":"debug","message":"Query: SELECT \"public\".\"users\".\"id\", \"public\".\"users\".\"email\", \"public\".\"users\".\"role\"::text, \"public\".\"users\".\"instituteId\", \"public\".\"users\".\"isActive\", \"public\".\"users\".\"tokenVersion\" FROM \"public\".\"users\" WHERE (\"public\".\"users\".\"id\" = $1 AND 1=1) LIMIT $2 OFFSET $3","service":"preplyte-api","timestamp":"2026-02-21 03:22:17"}
{"level":"debug","message":"Params: [\"cmlq4h9or004p9qehngr7b15o\",1,0]","service":"preplyte-api","timestamp":"2026-02-21 03:22:17"}
{"level":"debug","message":"Duration: 0ms","service":"preplyte-api","timestamp":"2026-02-21 03:22:17"}
{"attempt":1,"keyIndex":0,"level":"debug","message":"[GroqManager] API call successful","model":"llama-3.3-70b-versatile","service":"preplyte-api","timestamp":"2026-02-21 03:22:20"}
{"level":"info","message":"\u001b[0mPOST /api/practice/roadmap/question \u001b[32m200\u001b[0m 2967.163 ms - 460\u001b[0m","service":"preplyte-api","timestamp":"2026-02-21 03:22:20"}
{"level":"debug","message":"Query: SELECT \"public\".\"users\".\"id\", \"public\".\"users\".\"email\", \"public\".\"users\".\"role\"::text, \"public\".\"users\".\"instituteId\", \"public\".\"users\".\"isActive\", \"public\".\"users\".\"tokenVersion\" FROM \"public\".\"users\" WHERE (\"public\".\"users\".\"id\" = $1 AND 1=1) LIMIT $2 OFFSET $3","service":"preplyte-api","timestamp":"2026-02-21 03:22:21"}
{"level":"debug","message":"Params: [\"cmlq4h9or004p9qehngr7b15o\",1,0]","service":"preplyte-api","timestamp":"2026-02-21 03:22:21"}
{"level":"debug","message":"Duration: 0ms","service":"preplyte-api","timestamp":"2026-02-21 03:22:21"}
{"attempt":1,"keyIndex":0,"level":"debug","message":"[GroqManager] API call successful","model":"llama-3.3-70b-versatile","service":"preplyte-api","timestamp":"2026-02-21 03:22:25"}
{"level":"info","message":"\u001b[0mPOST /api/practice/roadmap/question \u001b[32m200\u001b[0m 4104.930 ms - 467\u001b[0m","service":"preplyte-api","timestamp":"2026-02-21 03:22:25"}
{"level":"debug","message":"Query: SELECT 1","service":"preplyte-api","timestamp":"2026-02-21 03:22:27"}
{"level":"debug","message":"Params: []","service":"preplyte-api","timestamp":"2026-02-21 03:22:27"}
{"level":"debug","message":"Duration: 0ms","service":"preplyte-api","timestamp":"2026-02-21 03:22:27"}
{"level":"debug","message":"Query: SELECT \"public\".\"users\".\"id\", \"public\".\"users\".\"email\", \"public\".\"users\".\"role\"::text, \"public\".\"users\".\"instituteId\", \"public\".\"users\".\"isActive\", \"public\".\"users\".\"tokenVersion\" FROM \"public\".\"users\" WHERE (\"public\".\"users\".\"id\" = $1 AND 1=1) LIMIT $2 OFFSET $3","service":"preplyte-api","timestamp":"2026-02-21 03:22:27"}
{"level":"debug","message":"Params: [\"cmlq4h9or004p9qehngr7b15o\",1,0]","service":"preplyte-api","timestamp":"2026-02-21 03:22:27"}
{"level":"debug","message":"Duration: 0ms","service":"preplyte-api","timestamp":"2026-02-21 03:22:27"}
{"attempt":1,"keyIndex":0,"level":"debug","message":"[GroqManager] API call successful","model":"llama-3.3-70b-versatile","service":"preplyte-api","timestamp":"2026-02-21 03:22:34"}
{"level":"info","message":"\u001b[0mPOST /api/practice/roadmap/question \u001b[32m200\u001b[0m 7759.790 ms - 442\u001b[0m","service":"preplyte-api","timestamp":"2026-02-21 03:22:34"}
{"level":"debug","message":"Query: SELECT \"public\".\"users\".\"id\", \"public\".\"users\".\"email\", \"public\".\"users\".\"role\"::text, \"public\".\"users\".\"instituteId\", \"public\".\"users\".\"isActive\", \"public\".\"users\".\"tokenVersion\" FROM \"public\".\"users\" WHERE (\"public\".\"users\".\"id\" = $1 AND 1=1) LIMIT $2 OFFSET $3","service":"preplyte-api","timestamp":"2026-02-21 03:22:36"}
{"level":"debug","message":"Params: [\"cmlq4h9or004p9qehngr7b15o\",1,0]","service":"preplyte-api","timestamp":"2026-02-21 03:22:36"}
{"level":"debug","message":"Duration: 0ms","service":"preplyte-api","timestamp":"2026-02-21 03:22:36"}
{"attempt":1,"keyIndex":0,"level":"debug","message":"[GroqManager] API call successful","model":"llama-3.3-70b-versatile","service":"preplyte-api","timestamp":"2026-02-21 03:22:42"}
{"level":"info","message":"\u001b[0mPOST /api/practice/roadmap/question \u001b[32m200\u001b[0m 5798.435 ms - 403\u001b[0m","service":"preplyte-api","timestamp":"2026-02-21 03:22:42"}
{"level":"debug","message":"Query: SELECT 1","service":"preplyte-api","timestamp":"2026-02-21 03:22:43"}
{"level":"debug","message":"Params: []","service":"preplyte-api","timestamp":"2026-02-21 03:22:43"}
{"level":"debug","message":"Duration: 0ms","service":"preplyte-api","timestamp":"2026-02-21 03:22:43"}
{"level":"debug","message":"Query: SELECT \"public\".\"users\".\"id\", \"public\".\"users\".\"email\", \"public\".\"users\".\"role\"::text, \"public\".\"users\".\"instituteId\", \"public\".\"users\".\"isActive\", \"public\".\"users\".\"tokenVersion\" FROM \"public\".\"users\" WHERE (\"public\".\"users\".\"id\" = $1 AND 1=1) LIMIT $2 OFFSET $3","service":"preplyte-api","timestamp":"2026-02-21 03:22:43"}
{"level":"debug","message":"Params: [\"cmlq4h9or004p9qehngr7b15o\",1,0]","service":"preplyte-api","timestamp":"2026-02-21 03:22:43"}
{"level":"debug","message":"Duration: 0ms","service":"preplyte-api","timestamp":"2026-02-21 03:22:43"}
{"attempt":1,"keyIndex":0,"level":"debug","message":"[GroqManager] API call successful","model":"llama-3.3-70b-versatile","service":"preplyte-api","timestamp":"2026-02-21 03:22:51"}
{"level":"info","message":"\u001b[0mPOST /api/practice/roadmap/question \u001b[32m200\u001b[0m 7783.310 ms - 549\u001b[0m","service":"preplyte-api","timestamp":"2026-02-21 03:22:51"}
{"level":"debug","message":"Query: SELECT \"public\".\"users\".\"id\", \"public\".\"users\".\"email\", \"public\".\"users\".\"role\"::text, \"public\".\"users\".\"instituteId\", \"public\".\"users\".\"isActive\", \"public\".\"users\".\"tokenVersion\" FROM \"public\".\"users\" WHERE (\"public\".\"users\".\"id\" = $1 AND 1=1) LIMIT $2 OFFSET $3","service":"preplyte-api","timestamp":"2026-02-21 03:22:53"}
{"level":"debug","message":"Params: [\"cmlq4h9or004p9qehngr7b15o\",1,0]","service":"preplyte-api","timestamp":"2026-02-21 03:22:53"}
{"level":"debug","message":"Duration: 0ms","service":"preplyte-api","timestamp":"2026-02-21 03:22:53"}
{"attempt":1,"keyIndex":0,"level":"debug","message":"[GroqManager] API call successful","model":"llama-3.3-70b-versatile","service":"preplyte-api","timestamp":"2026-02-21 03:23:00"}
{"level":"info","message":"\u001b[0mPOST /api/practice/roadmap/question \u001b[32m200\u001b[0m 7653.519 ms - 524\u001b[0m","service":"preplyte-api","timestamp":"2026-02-21 03:23:00"}
{"level":"debug","message":"Query: SELECT 1","service":"preplyte-api","timestamp":"2026-02-21 03:23:02"}
{"level":"debug","message":"Params: []","service":"preplyte-api","timestamp":"2026-02-21 03:23:02"}
{"level":"debug","message":"Duration: 0ms","service":"preplyte-api","timestamp":"2026-02-21 03:23:02"}
{"level":"debug","message":"Query: SELECT \"public\".\"users\".\"id\", \"public\".\"users\".\"email\", \"public\".\"users\".\"role\"::text, \"public\".\"users\".\"instituteId\", \"public\".\"users\".\"isActive\", \"public\".\"users\".\"tokenVersion\" FROM \"public\".\"users\" WHERE (\"public\".\"users\".\"id\" = $1 AND 1=1) LIMIT $2 OFFSET $3","service":"preplyte-api","timestamp":"2026-02-21 03:23:02"}
{"level":"debug","message":"Params: [\"cmlq4h9or004p9qehngr7b15o\",1,0]","service":"preplyte-api","timestamp":"2026-02-21 03:23:02"}
{"level":"debug","message":"Duration: 0ms","service":"preplyte-api","timestamp":"2026-02-21 03:23:02"}
{"attempt":1,"keyIndex":0,"level":"debug","message":"[GroqManager] API call successful","model":"llama-3.3-70b-versatile","service":"preplyte-api","timestamp":"2026-02-21 03:23:11"}
{"level":"info","message":"\u001b[0mPOST /api/practice/roadmap/question \u001b[32m200\u001b[0m 8720.078 ms - 392\u001b[0m","service":"preplyte-api","timestamp":"2026-02-21 03:23:11"}
{"level":"debug","message":"Query: SELECT \"public\".\"users\".\"id\", \"public\".\"users\".\"email\", \"public\".\"users\".\"role\"::text, \"public\".\"users\".\"instituteId\", \"public\".\"users\".\"isActive\", \"public\".\"users\".\"tokenVersion\" FROM \"public\".\"users\" WHERE (\"public\".\"users\".\"id\" = $1 AND 1=1) LIMIT $2 OFFSET $3","service":"preplyte-api","timestamp":"2026-02-21 03:23:15"}
{"level":"debug","message":"Params: [\"cmlq4h9or004p9qehngr7b15o\",1,0]","service":"preplyte-api","timestamp":"2026-02-21 03:23:15"}
{"level":"debug","message":"Duration: 0ms","service":"preplyte-api","timestamp":"2026-02-21 03:23:15"}
{"attempt":1,"keyIndex":0,"level":"debug","message":"[GroqManager] API call successful","model":"llama-3.3-70b-versatile","service":"preplyte-api","timestamp":"2026-02-21 03:23:20"}
{"level":"info","message":"\u001b[0mPOST /api/practice/roadmap/question \u001b[32m200\u001b[0m 5958.853 ms - 491\u001b[0m","service":"preplyte-api","timestamp":"2026-02-21 03:23:20"}
{"level":"debug","message":"Query: SELECT 1","service":"preplyte-api","timestamp":"2026-02-21 03:23:22"}
{"level":"debug","message":"Params: []","service":"preplyte-api","timestamp":"2026-02-21 03:23:22"}
{"level":"debug","message":"Duration: 0ms","service":"preplyte-api","timestamp":"2026-02-21 03:23:22"}
{"level":"debug","message":"Query: SELECT \"public\".\"users\".\"id\", \"public\".\"users\".\"email\", \"public\".\"users\".\"role\"::text, \"public\".\"users\".\"instituteId\", \"public\".\"users\".\"isActive\", \"public\".\"users\".\"tokenVersion\" FROM \"public\".\"users\" WHERE (\"public\".\"users\".\"id\" = $1 AND 1=1) LIMIT $2 OFFSET $3","service":"preplyte-api","timestamp":"2026-02-21 03:23:22"}
{"level":"debug","message":"Params: [\"cmlq4h9or004p9qehngr7b15o\",1,0]","service":"preplyte-api","timestamp":"2026-02-21 03:23:22"}
{"level":"debug","message":"Duration: 0ms","service":"preplyte-api","timestamp":"2026-02-21 03:23:22"}
{"level":"debug","message":"Query: SELECT \"public\".\"lms_courses\".\"id\", \"public\".\"lms_courses\".\"instructor\" FROM \"public\".\"lms_courses\" WHERE (\"public\".\"lms_courses\".\"status\" = CAST($1::text AS \"public\".\"LmsCourseStatus\") AND \"public\".\"lms_courses\".\"isActive\" = $2) OFFSET $3","service":"preplyte-api","timestamp":"2026-02-21 03:23:25"}
{"level":"debug","message":"Params: [\"PUBLISHED\",true,0]","service":"preplyte-api","timestamp":"2026-02-21 03:23:25"}
{"level":"debug","message":"Duration: 13ms","service":"preplyte-api","timestamp":"2026-02-21 03:23:25"}
{"level":"debug","message":"Query: SELECT COUNT(*), \"public\".\"lms_enrollments\".\"userId\" FROM \"public\".\"lms_enrollments\" WHERE 1=1 GROUP BY \"public\".\"lms_enrollments\".\"userId\" OFFSET $1","service":"preplyte-api","timestamp":"2026-02-21 03:23:25"}
{"level":"debug","message":"Params: [0]","service":"preplyte-api","timestamp":"2026-02-21 03:23:25"}
{"level":"debug","message":"Duration: 19ms","service":"preplyte-api","timestamp":"2026-02-21 03:23:25"}
{"level":"debug","message":"Query: SELECT \"public\".\"users\".\"id\", \"public\".\"users\".\"email\", \"public\".\"users\".\"role\"::text, \"public\".\"users\".\"instituteId\", \"public\".\"users\".\"isActive\", \"public\".\"users\".\"tokenVersion\" FROM \"public\".\"users\" WHERE (\"public\".\"users\".\"id\" = $1 AND 1=1) LIMIT $2 OFFSET $3","service":"preplyte-api","timestamp":"2026-02-21 03:23:25"}
{"level":"debug","message":"Params: [\"cmlq4h9or004p9qehngr7b15o\",1,0]","service":"preplyte-api","timestamp":"2026-02-21 03:23:25"}
{"level":"debug","message":"Duration: 10ms","service":"preplyte-api","timestamp":"2026-02-21 03:23:25"}
{"level":"debug","message":"Query: SELECT COUNT(*) FROM (SELECT \"public\".\"lms_courses\".\"id\" FROM \"public\".\"lms_courses\" WHERE (\"public\".\"lms_courses\".\"status\" = CAST($1::text AS \"public\".\"LmsCourseStatus\") AND \"public\".\"lms_courses\".\"isActive\" = $2) OFFSET $3) AS \"sub\"","service":"preplyte-api","timestamp":"2026-02-21 03:23:25"}
{"level":"debug","message":"Params: [\"PUBLISHED\",true,0]","service":"preplyte-api","timestamp":"2026-02-21 03:23:25"}
{"level":"debug","message":"Duration: 14ms","service":"preplyte-api","timestamp":"2026-02-21 03:23:25"}
{"level":"debug","message":"Query: SELECT AVG(\"progressPercent\") FROM (SELECT \"public\".\"lms_enrollments\".\"progressPercent\" FROM \"public\".\"lms_enrollments\" WHERE \"public\".\"lms_enrollments\".\"status\" = CAST($1::text AS \"public\".\"LmsEnrollmentStatus\") OFFSET $2) AS \"sub\"","service":"preplyte-api","timestamp":"2026-02-21 03:23:25"}
{"level":"debug","message":"Params: [\"COMPLETED\",0]","service":"preplyte-api","timestamp":"2026-02-21 03:23:25"}
{"level":"debug","message":"Duration: 9ms","service":"preplyte-api","timestamp":"2026-02-21 03:23:25"}
{"level":"debug","message":"Query: SELECT \"public\".\"lms_enrollments\".\"id\", \"public\".\"lms_enrollments\".\"courseId\", \"public\".\"lms_enrollments\".\"progressPercent\" FROM \"public\".\"lms_enrollments\" WHERE \"public\".\"lms_enrollments\".\"userId\" = $1 OFFSET $2","service":"preplyte-api","timestamp":"2026-02-21 03:23:25"}
{"level":"debug","message":"Params: [\"cmlq4h9or004p9qehngr7b15o\",0]","service":"preplyte-api","timestamp":"2026-02-21 03:23:25"}
{"level":"debug","message":"Duration: 6ms","service":"preplyte-api","timestamp":"2026-02-21 03:23:25"}
{"level":"info","message":"\u001b[0mGET /api/lms/stats \u001b[36m304\u001b[0m 123.444 ms - -\u001b[0m","service":"preplyte-api","timestamp":"2026-02-21 03:23:25"}
{"level":"debug","message":"Query: SELECT COUNT(*) FROM (SELECT \"public\".\"lms_courses\".\"id\" FROM \"public\".\"lms_courses\" WHERE (\"public\".\"lms_courses\".\"status\" = CAST($1::text AS \"public\".\"LmsCourseStatus\") AND \"public\".\"lms_courses\".\"isActive\" = $2) OFFSET $3) AS \"sub\"","service":"preplyte-api","timestamp":"2026-02-21 03:23:25"}
{"level":"debug","message":"Params: [\"PUBLISHED\",true,0]","service":"preplyte-api","timestamp":"2026-02-21 03:23:25"}
{"level":"debug","message":"Duration: 0ms","service":"preplyte-api","timestamp":"2026-02-21 03:23:25"}
{"level":"debug","message":"Query: SELECT \"public\".\"lms_courses\".\"id\", \"public\".\"lms_courses\".\"categoryId\", \"public\".\"lms_courses\".\"title\", \"public\".\"lms_courses\".\"slug\", \"public\".\"lms_courses\".\"shortDescription\", \"public\".\"lms_courses\".\"description\", \"public\".\"lms_courses\".\"thumbnailUrl\", \"public\".\"lms_courses\".\"previewVideoUrl\", \"public\".\"lms_courses\".\"totalModules\", \"public\".\"lms_courses\".\"totalTopics\", \"public\".\"lms_courses\".\"totalPoints\", \"public\".\"lms_courses\".\"totalHours\", \"public\".\"lms_courses\".\"price\", \"public\".\"lms_courses\".\"discountPrice\", \"public\".\"lms_courses\".\"currency\", \"public\".\"lms_courses\".\"status\"::text, \"public\".\"lms_courses\".\"isActive\", \"public\".\"lms_courses\".\"certificateEnabled\", \"public\".\"lms_courses\".\"passingPercentage\", \"public\".\"lms_courses\".\"tags\", \"public\".\"lms_courses\".\"difficulty\"::text, \"public\".\"lms_courses\".\"instructor\", \"public\".\"lms_courses\".\"language\", \"public\".\"lms_courses\".\"averageRating\", \"public\".\"lms_courses\".\"ratingsCount\", \"public\".\"lms_courses\".\"createdAt\", \"public\".\"lms_courses\".\"updatedAt\", \"public\".\"lms_courses\".\"publishedAt\", COALESCE(\"aggr_selection_0_LmsEnrollment\".\"_aggr_count_enrollments\", 0) AS \"_aggr_count_enrollments\" FROM \"public\".\"lms_courses\" LEFT JOIN (SELECT \"public\".\"lms_enrollments\".\"courseId\", COUNT(*) AS \"orderby_aggregator\" FROM \"public\".\"lms_enrollments\" WHERE 1=1 GROUP BY \"public\".\"lms_enrollments\".\"courseId\") AS \"orderby_1_LmsEnrollment\" ON (\"public\".\"lms_courses\".\"id\" = \"orderby_1_LmsEnrollment\".\"courseId\") LEFT JOIN (SELECT \"public\".\"lms_enrollments\".\"courseId\", COUNT(*) AS \"_aggr_count_enrollments\" FROM \"public\".\"lms_enrollments\" WHERE 1=1 GROUP BY \"public\".\"lms_enrollments\".\"courseId\") AS \"aggr_selection_0_LmsEnrollment\" ON (\"public\".\"lms_courses\".\"id\" = \"aggr_selection_0_LmsEnrollment\".\"courseId\") WHERE (\"public\".\"lms_courses\".\"status\" = CAST($1::text AS \"public\".\"LmsCourseStatus\") AND \"public\".\"lms_courses\".\"isActive\" = $2) ORDER BY COALESCE(\"orderby_1_LmsEnrollment\".\"orderby_aggregator\", $3) DESC LIMIT $4 OFFSET $5","service":"preplyte-api","timestamp":"2026-02-21 03:23:25"}
{"level":"debug","message":"Params: [\"PUBLISHED\",true,0,12,0]","service":"preplyte-api","timestamp":"2026-02-21 03:23:25"}
{"level":"debug","message":"Duration: 9ms","service":"preplyte-api","timestamp":"2026-02-21 03:23:25"}
{"level":"debug","message":"Query: SELECT \"public\".\"lms_categories\".\"id\", \"public\".\"lms_categories\".\"name\", \"public\".\"lms_categories\".\"slug\" FROM \"public\".\"lms_categories\" WHERE \"public\".\"lms_categories\".\"id\" IN ($1,$2) OFFSET $3","service":"preplyte-api","timestamp":"2026-02-21 03:23:25"}
{"level":"debug","message":"Params: [\"cmlq4lrae0003ail99wlb2luj\",\"cmls4iwf200x0m93kfd559mke\",0]","service":"preplyte-api","timestamp":"2026-02-21 03:23:25"}
{"level":"debug","message":"Duration: 6ms","service":"preplyte-api","timestamp":"2026-02-21 03:23:25"}
{"level":"info","message":"\u001b[0mGET /api/lms/courses?page=1&limit=12&priceRange=all&sortBy=popular&search= \u001b[36m304\u001b[0m 149.998 ms - -\u001b[0m","service":"preplyte-api","timestamp":"2026-02-21 03:23:25"}
{"attempt":1,"keyIndex":0,"level":"debug","message":"[GroqManager] API call successful","model":"llama-3.3-70b-versatile","service":"preplyte-api","timestamp":"2026-02-21 03:23:31"}
{"level":"info","message":"\u001b[0mPOST /api/practice/roadmap/question \u001b[32m200\u001b[0m 8903.336 ms - 535\u001b[0m","service":"preplyte-api","timestamp":"2026-02-21 03:23:31"}
{"level":"info","message":"\u001b[0mGET /api/dashboard/student/cmlq4h9or004p9qehngr7b15o \u001b[33m401\u001b[0m 3.630 ms - 108\u001b[0m","service":"preplyte-api","timestamp":"2026-02-21 11:36:36"}
{"level":"debug","message":"Query: SELECT \"public\".\"refresh_tokens\".\"id\", \"public\".\"refresh_tokens\".\"token\", \"public\".\"refresh_tokens\".\"userId\", \"public\".\"refresh_tokens\".\"expiresAt\", \"public\".\"refresh_tokens\".\"revokedAt\", \"public\".\"refresh_tokens\".\"userAgent\", \"public\".\"refresh_tokens\".\"ipAddress\", \"public\".\"refresh_tokens\".\"createdAt\" FROM \"public\".\"refresh_tokens\" WHERE (\"public\".\"refresh_tokens\".\"token\" = $1 AND \"public\".\"refresh_tokens\".\"userId\" = $2) LIMIT $3 OFFSET $4","service":"preplyte-api","timestamp":"2026-02-21 11:36:36"}
{"level":"debug","message":"Params: [\"2b896dc526341021eac231b94b7b553e9af60f029bc2e458351f7b6d397da092\",\"cmlq4gfbb00039qehssiw4ew4\",1,0]","service":"preplyte-api","timestamp":"2026-02-21 11:36:36"}
{"level":"debug","message":"Duration: 8ms","service":"preplyte-api","timestamp":"2026-02-21 11:36:36"}
{"level":"debug","message":"Query: SELECT \"public\".\"users\".\"id\", \"public\".\"users\".\"email\", \"public\".\"users\".\"password\", \"public\".\"users\".\"name\", \"public\".\"users\".\"role\"::text, \"public\".\"users\".\"isActive\", \"public\".\"users\".\"instituteId\", \"public\".\"users\".\"profilePictureUrl\", \"public\".\"users\".\"googleId\", \"public\".\"users\".\"provider\", \"public\".\"users\".\"avatar\", \"public\".\"users\".\"createdAt\", \"public\".\"users\".\"updatedAt\", \"public\".\"users\".\"lastLoginAt\", \"public\".\"users\".\"tokenVersion\" FROM \"public\".\"users\" WHERE (\"public\".\"users\".\"id\" = $1 AND 1=1) LIMIT $2 OFFSET $3","service":"preplyte-api","timestamp":"2026-02-21 11:36:36"}
{"level":"debug","message":"Params: [\"cmlq4gfbb00039qehssiw4ew4\",1,0]","service":"preplyte-api","timestamp":"2026-02-21 11:36:36"}
{"level":"debug","message":"Duration: 10ms","service":"preplyte-api","timestamp":"2026-02-21 11:36:36"}
{"level":"debug","message":"Query: SELECT \"public\".\"institutes\".\"id\", \"public\".\"institutes\".\"name\", \"public\".\"institutes\".\"domain\", \"public\".\"institutes\".\"isActive\" FROM \"public\".\"institutes\" WHERE \"public\".\"institutes\".\"id\" IN ($1) OFFSET $2","service":"preplyte-api","timestamp":"2026-02-21 11:36:36"}
{"level":"debug","message":"Params: [\"c1d2e3f4g5h6i7j8k9l0\",0]","service":"preplyte-api","timestamp":"2026-02-21 11:36:36"}
{"level":"debug","message":"Duration: 7ms","service":"preplyte-api","timestamp":"2026-02-21 11:36:36"}
{"level":"debug","message":"Query: BEGIN","service":"preplyte-api","timestamp":"2026-02-21 11:36:36"}
{"level":"debug","message":"Params: []","service":"preplyte-api","timestamp":"2026-02-21 11:36:36"}
{"level":"debug","message":"Duration: 0ms","service":"preplyte-api","timestamp":"2026-02-21 11:36:36"}
{"level":"debug","message":"Query: UPDATE \"public\".\"refresh_tokens\" SET \"revokedAt\" = $1 WHERE (\"public\".\"refresh_tokens\".\"id\" = $2 AND 1=1) RETURNING \"public\".\"refresh_tokens\".\"id\", \"public\".\"refresh_tokens\".\"token\", \"public\".\"refresh_tokens\".\"userId\", \"public\".\"refresh_tokens\".\"expiresAt\", \"public\".\"refresh_tokens\".\"revokedAt\", \"public\".\"refresh_tokens\".\"userAgent\", \"public\".\"refresh_tokens\".\"ipAddress\", \"public\".\"refresh_tokens\".\"createdAt\"","service":"preplyte-api","timestamp":"2026-02-21 11:36:36"}
{"level":"debug","message":"Params: [\"2026-02-21 06:06:36.801 UTC\",\"cmlv84k3p00035pap8szih67o\"]","service":"preplyte-api","timestamp":"2026-02-21 11:36:36"}
{"level":"debug","message":"Duration: 5ms","service":"preplyte-api","timestamp":"2026-02-21 11:36:36"}
{"level":"debug","message":"Query: INSERT INTO \"public\".\"refresh_tokens\" (\"id\",\"token\",\"userId\",\"expiresAt\",\"createdAt\") VALUES ($1,$2,$3,$4,$5) RETURNING \"public\".\"refresh_tokens\".\"id\", \"public\".\"refresh_tokens\".\"token\", \"public\".\"refresh_tokens\".\"userId\", \"public\".\"refresh_tokens\".\"expiresAt\", \"public\".\"refresh_tokens\".\"revokedAt\", \"public\".\"refresh_tokens\".\"userAgent\", \"public\".\"refresh_tokens\".\"ipAddress\", \"public\".\"refresh_tokens\".\"createdAt\"","service":"preplyte-api","timestamp":"2026-02-21 11:36:36"}
{"level":"debug","message":"Params: [\"cmlvx1ouk000143j51d31mi97\",\"1dc6d446165b8b85ce004b358ff88bbafa7c9ba805b68df81a319d88ac49163a\",\"cmlq4gfbb00039qehssiw4ew4\",\"2026-02-28 06:06:36.801 UTC\",\"2026-02-21 06:06:36.806 UTC\"]","service":"preplyte-api","timestamp":"2026-02-21 11:36:36"}
{"level":"debug","message":"Duration: 5ms","service":"preplyte-api","timestamp":"2026-02-21 11:36:36"}
{"level":"debug","message":"Query: COMMIT","service":"preplyte-api","timestamp":"2026-02-21 11:36:36"}
{"level":"debug","message":"Params: []","service":"preplyte-api","timestamp":"2026-02-21 11:36:36"}
{"level":"debug","message":"Duration: 1ms","service":"preplyte-api","timestamp":"2026-02-21 11:36:36"}
{"level":"info","message":"Token refreshed successfully","service":"preplyte-api","timestamp":"2026-02-21 11:36:36","userId":"cmlq4gfbb00039qehssiw4ew4"}
{"level":"info","message":"\u001b[0mPOST /api/auth/refresh \u001b[32m200\u001b[0m 181.282 ms - -\u001b[0m","service":"preplyte-api","timestamp":"2026-02-21 11:36:36"}
{"level":"debug","message":"Query: SELECT \"public\".\"users\".\"id\", \"public\".\"users\".\"email\", \"public\".\"users\".\"role\"::text, \"public\".\"users\".\"instituteId\", \"public\".\"users\".\"isActive\", \"public\".\"users\".\"tokenVersion\" FROM \"public\".\"users\" WHERE (\"public\".\"users\".\"id\" = $1 AND 1=1) LIMIT $2 OFFSET $3","service":"preplyte-api","timestamp":"2026-02-21 11:36:36"}
{"level":"debug","message":"Params: [\"cmlq4gfbb00039qehssiw4ew4\",1,0]","service":"preplyte-api","timestamp":"2026-02-21 11:36:36"}
{"level":"debug","message":"Duration: 1ms","service":"preplyte-api","timestamp":"2026-02-21 11:36:36"}
{"adminUserId":"cmlq4gfbb00039qehssiw4ew4","instituteId":"c1d2e3f4g5h6i7j8k9l0","level":"debug","message":"[DashboardService] Fetching student dashboard for admin","service":"preplyte-api","studentUserId":"cmlq4h9or004p9qehngr7b15o","timestamp":"2026-02-21 11:36:36"}
{"level":"debug","message":"Query: SELECT \"public\".\"users\".\"id\", \"public\".\"users\".\"email\", \"public\".\"users\".\"name\", \"public\".\"users\".\"instituteId\", \"public\".\"users\".\"role\"::text FROM \"public\".\"users\" WHERE (\"public\".\"users\".\"id\" = $1 AND 1=1) LIMIT $2 OFFSET $3","service":"preplyte-api","timestamp":"2026-02-21 11:36:36"}
{"level":"debug","message":"Params: [\"cmlq4h9or004p9qehngr7b15o\",1,0]","service":"preplyte-api","timestamp":"2026-02-21 11:36:36"}
{"level":"debug","message":"Duration: 1ms","service":"preplyte-api","timestamp":"2026-02-21 11:36:36"}
{"level":"debug","message":"Query: SELECT \"public\".\"student_profiles\".\"id\", \"public\".\"student_profiles\".\"userId\", \"public\".\"student_profiles\".\"fullName\", \"public\".\"student_profiles\".\"studentId\", \"public\".\"student_profiles\".\"resumeUrl\", \"public\".\"student_profiles\".\"resumeName\", \"public\".\"student_profiles\".\"skills\", \"public\".\"student_profiles\".\"departmentId\", \"public\".\"student_profiles\".\"courseYear\", \"public\".\"student_profiles\".\"collegeName\", \"public\".\"student_profiles\".\"numberOfBacklogs\", \"public\".\"student_profiles\".\"marks10\", \"public\".\"student_profiles\".\"marks12\", \"public\".\"student_profiles\".\"cgpaSemesters\", \"public\".\"student_profiles\".\"averageCgpa\", \"public\".\"student_profiles\".\"createdAt\", \"public\".\"student_profiles\".\"updatedAt\" FROM \"public\".\"student_profiles\" WHERE \"public\".\"student_profiles\".\"userId\" IN ($1) OFFSET $2","service":"preplyte-api","timestamp":"2026-02-21 11:36:36"}
{"level":"debug","message":"Params: [\"cmlq4h9or004p9qehngr7b15o\",0]","service":"preplyte-api","timestamp":"2026-02-21 11:36:36"}
{"level":"debug","message":"Duration: 17ms","service":"preplyte-api","timestamp":"2026-02-21 11:36:36"}
{"level":"debug","message":"Query: SELECT \"public\".\"departments\".\"id\", \"public\".\"departments\".\"instituteId\", \"public\".\"departments\".\"name\", \"public\".\"departments\".\"code\", \"public\".\"departments\".\"description\", \"public\".\"departments\".\"isActive\", \"public\".\"departments\".\"createdAt\", \"public\".\"departments\".\"updatedAt\" FROM \"public\".\"departments\" WHERE \"public\".\"departments\".\"id\" IN ($1) OFFSET $2","service":"preplyte-api","timestamp":"2026-02-21 11:36:36"}
{"level":"debug","message":"Params: [\"cmlq8n2sa0001s9ls3j4u6ytv\",0]","service":"preplyte-api","timestamp":"2026-02-21 11:36:36"}
{"level":"debug","message":"Duration: 10ms","service":"preplyte-api","timestamp":"2026-02-21 11:36:36"}
{"level":"debug","message":"[DashboardService] Fetching student dashboard","service":"preplyte-api","timestamp":"2026-02-21 11:36:36","userId":"cmlq4h9or004p9qehngr7b15o"}
{"level":"debug","message":"Query: SELECT \"public\".\"aptitude_practice_sessions\".\"id\", \"public\".\"aptitude_practice_sessions\".\"completedAt\", \"public\".\"aptitude_practice_sessions\".\"totalScore\", \"public\".\"aptitude_practice_sessions\".\"numberOfQuestions\" FROM \"public\".\"aptitude_practice_sessions\" WHERE \"public\".\"aptitude_practice_sessions\".\"userId\" = $1 OFFSET $2","service":"preplyte-api","timestamp":"2026-02-21 11:36:36"}
{"level":"debug","message":"Params: [\"cmlq4h9or004p9qehngr7b15o\",0]","service":"preplyte-api","timestamp":"2026-02-21 11:36:37"}
{"level":"debug","message":"Duration: 8ms","service":"preplyte-api","timestamp":"2026-02-21 11:36:37"}
{"level":"debug","message":"Query: SELECT \"public\".\"lms_enrollments\".\"id\", \"public\".\"lms_enrollments\".\"userId\", \"public\".\"lms_enrollments\".\"courseId\", \"public\".\"lms_enrollments\".\"status\"::text, \"public\".\"lms_enrollments\".\"completedModules\", \"public\".\"lms_enrollments\".\"completedTopics\", \"public\".\"lms_enrollments\".\"progressPercent\", \"public\".\"lms_enrollments\".\"totalPointsEarned\", \"public\".\"lms_enrollments\".\"moduleTestPointsEarned\", \"public\".\"lms_enrollments\".\"finalTestPointsEarned\", \"public\".\"lms_enrollments\".\"finalTestAttempted\", \"public\".\"lms_enrollments\".\"finalTestPassed\", \"public\".\"lms_enrollments\".\"finalTestScore\", \"public\".\"lms_enrollments\".\"finalTestMarks\", \"public\".\"lms_enrollments\".\"enrolledAt\", \"public\".\"lms_enrollments\".\"startedAt\", \"public\".\"lms_enrollments\".\"completedAt\", \"public\".\"lms_enrollments\".\"lastAccessedAt\", \"public\".\"lms_enrollments\".\"certificateUrl\", \"public\".\"lms_enrollments\".\"certificateIssuedAt\", \"public\".\"lms_enrollments\".\"createdAt\", \"public\".\"lms_enrollments\".\"updatedAt\" FROM \"public\".\"lms_enrollments\" WHERE (\"public\".\"lms_enrollments\".\"userId\" = $1 AND \"public\".\"lms_enrollments\".\"enrolledAt\" >= $2) ORDER BY \"public\".\"lms_enrollments\".\"enrolledAt\" DESC LIMIT $3 OFFSET $4","service":"preplyte-api","timestamp":"2026-02-21 11:36:37"}
{"level":"debug","message":"Params: [\"cmlq4h9or004p9qehngr7b15o\",\"2026-01-21 18:30:00 UTC\",5,0]","service":"preplyte-api","timestamp":"2026-02-21 11:36:37"}
{"level":"debug","message":"Duration: 9ms","service":"preplyte-api","timestamp":"2026-02-21 11:36:37"}
{"level":"debug","message":"Query: SELECT \"public\".\"lms_courses\".\"id\", \"public\".\"lms_courses\".\"title\", \"public\".\"lms_courses\".\"slug\" FROM \"public\".\"lms_courses\" WHERE \"public\".\"lms_courses\".\"id\" IN ($1,$2) OFFSET $3","service":"preplyte-api","timestamp":"2026-02-21 11:36:37"}
{"level":"debug","message":"Params: [\"cmlrpepzc0005baw09iodoufn\",\"cmlq4mwy70005ail9oqvo554e\",0]","service":"preplyte-api","timestamp":"2026-02-21 11:36:37"}
{"level":"debug","message":"Duration: 9ms","service":"preplyte-api","timestamp":"2026-02-21 11:36:37"}
{"level":"debug","message":"Query: SELECT \"public\".\"machine_practice_sessions\".\"id\", \"public\".\"machine_practice_sessions\".\"completedAt\", \"public\".\"machine_practice_sessions\".\"totalSolved\", \"public\".\"machine_practice_sessions\".\"numberOfQuestions\" FROM \"public\".\"machine_practice_sessions\" WHERE \"public\".\"machine_practice_sessions\".\"userId\" = $1 OFFSET $2","service":"preplyte-api","timestamp":"2026-02-21 11:36:37"}
{"level":"debug","message":"Params: [\"cmlq4h9or004p9qehngr7b15o\",0]","service":"preplyte-api","timestamp":"2026-02-21 11:36:37"}
{"level":"debug","message":"Duration: 20ms","service":"preplyte-api","timestamp":"2026-02-21 11:36:37"}
{"level":"debug","message":"Query: SELECT \"public\".\"machine_practice_sessions\".\"id\", \"public\".\"machine_practice_sessions\".\"difficulty\"::text, \"public\".\"machine_practice_sessions\".\"totalSolved\", \"public\".\"machine_practice_sessions\".\"numberOfQuestions\", \"public\".\"machine_practice_sessions\".\"completedAt\" FROM \"public\".\"machine_practice_sessions\" WHERE (\"public\".\"machine_practice_sessions\".\"userId\" = $1 AND \"public\".\"machine_practice_sessions\".\"completedAt\" IS NOT NULL) ORDER BY \"public\".\"machine_practice_sessions\".\"completedAt\" DESC LIMIT $2 OFFSET $3","service":"preplyte-api","timestamp":"2026-02-21 11:36:37"}
{"level":"debug","message":"Params: [\"cmlq4h9or004p9qehngr7b15o\",5,0]","service":"preplyte-api","timestamp":"2026-02-21 11:36:37"}
{"level":"debug","message":"Duration: 16ms","service":"preplyte-api","timestamp":"2026-02-21 11:36:37"}
{"level":"debug","message":"Query: SELECT \"public\".\"aptitude_practice_sessions\".\"id\", \"public\".\"aptitude_practice_sessions\".\"difficulty\"::text, \"public\".\"aptitude_practice_sessions\".\"totalScore\", \"public\".\"aptitude_practice_sessions\".\"numberOfQuestions\", \"public\".\"aptitude_practice_sessions\".\"completedAt\", \"public\".\"aptitude_practice_sessions\".\"questionTypes\"::text[] FROM \"public\".\"aptitude_practice_sessions\" WHERE (\"public\".\"aptitude_practice_sessions\".\"userId\" = $1 AND \"public\".\"aptitude_practice_sessions\".\"completedAt\" IS NOT NULL) ORDER BY \"public\".\"aptitude_practice_sessions\".\"completedAt\" DESC LIMIT $2 OFFSET $3","service":"preplyte-api","timestamp":"2026-02-21 11:36:37"}
{"level":"debug","message":"Params: [\"cmlq4h9or004p9qehngr7b15o\",5,0]","service":"preplyte-api","timestamp":"2026-02-21 11:36:37"}
{"level":"debug","message":"Duration: 22ms","service":"preplyte-api","timestamp":"2026-02-21 11:36:37"}
{"level":"debug","message":"Query: SELECT \"public\".\"ai_interview_sessions\".\"id\", \"public\".\"ai_interview_sessions\".\"difficulty\"::text, \"public\".\"ai_interview_sessions\".\"jobTitle\", \"public\".\"ai_interview_sessions\".\"completedAt\" FROM \"public\".\"ai_interview_sessions\" WHERE (\"public\".\"ai_interview_sessions\".\"userId\" = $1 AND \"public\".\"ai_interview_sessions\".\"status\" = CAST($2::text AS \"public\".\"AiInterviewSessionStatus\")) ORDER BY \"public\".\"ai_interview_sessions\".\"completedAt\" DESC LIMIT $3 OFFSET $4","service":"preplyte-api","timestamp":"2026-02-21 11:36:37"}
{"level":"debug","message":"Params: [\"cmlq4h9or004p9qehngr7b15o\",\"COMPLETED\",5,0]","service":"preplyte-api","timestamp":"2026-02-21 11:36:37"}
{"level":"debug","message":"Duration: 18ms","service":"preplyte-api","timestamp":"2026-02-21 11:36:37"}
{"level":"debug","message":"Query: SELECT \"public\".\"ai_interview_sessions\".\"id\", \"public\".\"ai_interview_sessions\".\"status\"::text FROM \"public\".\"ai_interview_sessions\" WHERE \"public\".\"ai_interview_sessions\".\"userId\" = $1 OFFSET $2","service":"preplyte-api","timestamp":"2026-02-21 11:36:37"}
{"level":"debug","message":"Params: [\"cmlq4h9or004p9qehngr7b15o\",0]","service":"preplyte-api","timestamp":"2026-02-21 11:36:37"}
{"level":"debug","message":"Duration: 18ms","service":"preplyte-api","timestamp":"2026-02-21 11:36:37"}
{"level":"debug","message":"Query: SELECT \"public\".\"lms_enrollments\".\"id\", \"public\".\"lms_enrollments\".\"userId\", \"public\".\"lms_enrollments\".\"courseId\", \"public\".\"lms_enrollments\".\"status\"::text, \"public\".\"lms_enrollments\".\"completedModules\", \"public\".\"lms_enrollments\".\"completedTopics\", \"public\".\"lms_enrollments\".\"progressPercent\", \"public\".\"lms_enrollments\".\"totalPointsEarned\", \"public\".\"lms_enrollments\".\"moduleTestPointsEarned\", \"public\".\"lms_enrollments\".\"finalTestPointsEarned\", \"public\".\"lms_enrollments\".\"finalTestAttempted\", \"public\".\"lms_enrollments\".\"finalTestPassed\", \"public\".\"lms_enrollments\".\"finalTestScore\", \"public\".\"lms_enrollments\".\"finalTestMarks\", \"public\".\"lms_enrollments\".\"enrolledAt\", \"public\".\"lms_enrollments\".\"startedAt\", \"public\".\"lms_enrollments\".\"completedAt\", \"public\".\"lms_enrollments\".\"lastAccessedAt\", \"public\".\"lms_enrollments\".\"certificateUrl\", \"public\".\"lms_enrollments\".\"certificateIssuedAt\", \"public\".\"lms_enrollments\".\"createdAt\", \"public\".\"lms_enrollments\".\"updatedAt\" FROM \"public\".\"lms_enrollments\" WHERE \"public\".\"lms_enrollments\".\"userId\" = $1 OFFSET $2","service":"preplyte-api","timestamp":"2026-02-21 11:36:37"}
{"level":"debug","message":"Params: [\"cmlq4h9or004p9qehngr7b15o\",0]","service":"preplyte-api","timestamp":"2026-02-21 11:36:37"}
{"level":"debug","message":"Duration: 19ms","service":"preplyte-api","timestamp":"2026-02-21 11:36:37"}
{"level":"debug","message":"Query: SELECT \"public\".\"lms_courses\".\"id\", \"public\".\"lms_courses\".\"totalHours\", \"public\".\"lms_courses\".\"totalPoints\" FROM \"public\".\"lms_courses\" WHERE \"public\".\"lms_courses\".\"id\" IN ($1,$2) OFFSET $3","service":"preplyte-api","timestamp":"2026-02-21 11:36:37"}
{"level":"debug","message":"Params: [\"cmlq4mwy70005ail9oqvo554e\",\"cmlrpepzc0005baw09iodoufn\",0]","service":"preplyte-api","timestamp":"2026-02-21 11:36:37"}
{"level":"debug","message":"Duration: 10ms","service":"preplyte-api","timestamp":"2026-02-21 11:36:37"}
{"level":"debug","message":"Query: SELECT \"public\".\"mock_drive_registrations\".\"id\", \"public\".\"mock_drive_registrations\".\"mockDriveId\", \"public\".\"mock_drive_registrations\".\"userId\", \"public\".\"mock_drive_registrations\".\"status\"::text, \"public\".\"mock_drive_registrations\".\"eligibilityCheckResult\", \"public\".\"mock_drive_registrations\".\"adminNotes\", \"public\".\"mock_drive_registrations\".\"batchId\", \"public\".\"mock_drive_registrations\".\"registeredAt\", \"public\".\"mock_drive_registrations\".\"reviewedAt\", \"public\".\"mock_drive_registrations\".\"reviewedBy\", \"public\".\"mock_drive_registrations\".\"createdAt\", \"public\".\"mock_drive_registrations\".\"updatedAt\" FROM \"public\".\"mock_drive_registrations\" LEFT JOIN \"public\".\"mock_drives\" AS \"orderby_1\" ON (\"orderby_1\".\"id\") = (\"public\".\"mock_drive_registrations\".\"mockDriveId\") LEFT JOIN \"public\".\"mock_drives\" AS \"j1\" ON (\"j1\".\"id\") = (\"public\".\"mock_drive_registrations\".\"mockDriveId\") WHERE (\"public\".\"mock_drive_registrations\".\"userId\" = $1 AND \"public\".\"mock_drive_registrations\".\"status\" = CAST($2::text AS \"public\".\"MockDriveRegistrationStatus\") AND (\"j1\".\"status\" IN (CAST($3::text AS \"public\".\"MockDriveStatus\"),CAST($4::text AS \"public\".\"MockDriveStatus\"),CAST($5::text AS \"public\".\"MockDriveStatus\")) AND \"j1\".\"driveStartDate\" > $6 AND (\"j1\".\"id\" IS NOT NULL))) ORDER BY \"orderby_1\".\"driveStartDate\" ASC LIMIT $7 OFFSET $8","service":"preplyte-api","timestamp":"2026-02-21 11:36:37"}
{"level":"debug","message":"Params: [\"cmlq4h9or004p9qehngr7b15o\",\"APPROVED\",\"PUBLISHED\",\"REGISTRATION_OPEN\",\"REGISTRATION_CLOSED\",\"2026-02-21 06:06:36.932 UTC\",5,0]","service":"preplyte-api","timestamp":"2026-02-21 11:36:37"}
{"level":"debug","message":"Duration: 28ms","service":"preplyte-api","timestamp":"2026-02-21 11:36:37"}
{"level":"debug","message":"Query: SELECT \"public\".\"lms_enrollments\".\"id\", \"public\".\"lms_enrollments\".\"courseId\" FROM \"public\".\"lms_enrollments\" WHERE \"public\".\"lms_enrollments\".\"userId\" = $1 OFFSET $2","service":"preplyte-api","timestamp":"2026-02-21 11:36:37"}
{"level":"debug","message":"Params: [\"cmlq4h9or004p9qehngr7b15o\",0]","service":"preplyte-api","timestamp":"2026-02-21 11:36:37"}
{"level":"debug","message":"Duration: 8ms","service":"preplyte-api","timestamp":"2026-02-21 11:36:37"}
{"level":"debug","message":"Query: SELECT \"public\".\"lms_enrollments\".\"id\", \"public\".\"lms_enrollments\".\"userId\", \"public\".\"lms_enrollments\".\"courseId\", \"public\".\"lms_enrollments\".\"status\"::text, \"public\".\"lms_enrollments\".\"completedModules\", \"public\".\"lms_enrollments\".\"completedTopics\", \"public\".\"lms_enrollments\".\"progressPercent\", \"public\".\"lms_enrollments\".\"totalPointsEarned\", \"public\".\"lms_enrollments\".\"moduleTestPointsEarned\", \"public\".\"lms_enrollments\".\"finalTestPointsEarned\", \"public\".\"lms_enrollments\".\"finalTestAttempted\", \"public\".\"lms_enrollments\".\"finalTestPassed\", \"public\".\"lms_enrollments\".\"finalTestScore\", \"public\".\"lms_enrollments\".\"finalTestMarks\", \"public\".\"lms_enrollments\".\"enrolledAt\", \"public\".\"lms_enrollments\".\"startedAt\", \"public\".\"lms_enrollments\".\"completedAt\", \"public\".\"lms_enrollments\".\"lastAccessedAt\", \"public\".\"lms_enrollments\".\"certificateUrl\", \"public\".\"lms_enrollments\".\"certificateIssuedAt\", \"public\".\"lms_enrollments\".\"createdAt\", \"public\".\"lms_enrollments\".\"updatedAt\" FROM \"public\".\"lms_enrollments\" WHERE \"public\".\"lms_enrollments\".\"userId\" = $1 ORDER BY \"public\".\"lms_enrollments\".\"lastAccessedAt\" DESC OFFSET $2","service":"preplyte-api","timestamp":"2026-02-21 11:36:37"}
{"level":"debug","message":"Params: [\"cmlq4h9or004p9qehngr7b15o\",0]","service":"preplyte-api","timestamp":"2026-02-21 11:36:37"}
{"level":"debug","message":"Duration: 10ms","service":"preplyte-api","timestamp":"2026-02-21 11:36:37"}
{"level":"debug","message":"Query: SELECT \"public\".\"lms_courses\".\"id\", \"public\".\"lms_courses\".\"categoryId\", \"public\".\"lms_courses\".\"title\", \"public\".\"lms_courses\".\"slug\", \"public\".\"lms_courses\".\"shortDescription\", \"public\".\"lms_courses\".\"description\", \"public\".\"lms_courses\".\"thumbnailUrl\", \"public\".\"lms_courses\".\"previewVideoUrl\", \"public\".\"lms_courses\".\"totalModules\", \"public\".\"lms_courses\".\"totalTopics\", \"public\".\"lms_courses\".\"totalPoints\", \"public\".\"lms_courses\".\"totalHours\", \"public\".\"lms_courses\".\"price\", \"public\".\"lms_courses\".\"discountPrice\", \"public\".\"lms_courses\".\"currency\", \"public\".\"lms_courses\".\"status\"::text, \"public\".\"lms_courses\".\"isActive\", \"public\".\"lms_courses\".\"certificateEnabled\", \"public\".\"lms_courses\".\"passingPercentage\", \"public\".\"lms_courses\".\"tags\", \"public\".\"lms_courses\".\"difficulty\"::text, \"public\".\"lms_courses\".\"instructor\", \"public\".\"lms_courses\".\"language\", \"public\".\"lms_courses\".\"averageRating\", \"public\".\"lms_courses\".\"ratingsCount\", \"public\".\"lms_courses\".\"createdAt\", \"public\".\"lms_courses\".\"updatedAt\", \"public\".\"lms_courses\".\"publishedAt\" FROM \"public\".\"lms_courses\" WHERE \"public\".\"lms_courses\".\"id\" IN ($1,$2) OFFSET $3","service":"preplyte-api","timestamp":"2026-02-21 11:36:37"}
{"level":"debug","message":"Params: [\"cmlrpepzc0005baw09iodoufn\",\"cmlq4mwy70005ail9oqvo554e\",0]","service":"preplyte-api","timestamp":"2026-02-21 11:36:37"}
{"level":"debug","message":"Duration: 6ms","service":"preplyte-api","timestamp":"2026-02-21 11:36:37"}
{"level":"debug","message":"Query: SELECT \"public\".\"lms_categories\".\"id\", \"public\".\"lms_categories\".\"name\" FROM \"public\".\"lms_categories\" WHERE \"public\".\"lms_categories\".\"id\" IN ($1) OFFSET $2","service":"preplyte-api","timestamp":"2026-02-21 11:36:37"}
{"level":"debug","message":"Params: [\"cmlq4lrae0003ail99wlb2luj\",0]","service":"preplyte-api","timestamp":"2026-02-21 11:36:37"}
{"level":"debug","message":"Duration: 5ms","service":"preplyte-api","timestamp":"2026-02-21 11:36:37"}
{"level":"debug","message":"Query: SELECT \"public\".\"lms_module_progress\".\"id\", \"public\".\"lms_module_progress\".\"userId\", \"public\".\"lms_module_progress\".\"moduleId\", \"public\".\"lms_module_progress\".\"status\"::text, \"public\".\"lms_module_progress\".\"completedTopics\", \"public\".\"lms_module_progress\".\"totalTopics\", \"public\".\"lms_module_progress\".\"progressPercent\", \"public\".\"lms_module_progress\".\"testAttempted\", \"public\".\"lms_module_progress\".\"testPassed\", \"public\".\"lms_module_progress\".\"testScore\", \"public\".\"lms_module_progress\".\"testAttempts\", \"public\".\"lms_module_progress\".\"pointsEarned\", \"public\".\"lms_module_progress\".\"timeSpentMinutes\", \"public\".\"lms_module_progress\".\"startedAt\", \"public\".\"lms_module_progress\".\"completedAt\", \"public\".\"lms_module_progress\".\"createdAt\", \"public\".\"lms_module_progress\".\"updatedAt\" FROM \"public\".\"lms_module_progress\" WHERE (\"public\".\"lms_module_progress\".\"userId\" = $1 AND \"public\".\"lms_module_progress\".\"status\" = CAST($2::text AS \"public\".\"LmsModuleStatus\") AND \"public\".\"lms_module_progress\".\"completedAt\" >= $3) ORDER BY \"public\".\"lms_module_progress\".\"completedAt\" DESC LIMIT $4 OFFSET $5","service":"preplyte-api","timestamp":"2026-02-21 11:36:37"}
{"level":"debug","message":"Params: [\"cmlq4h9or004p9qehngr7b15o\",\"COMPLETED\",\"2026-01-21 18:30:00 UTC\",5,0]","service":"preplyte-api","timestamp":"2026-02-21 11:36:37"}
{"level":"debug","message":"Duration: 7ms","service":"preplyte-api","timestamp":"2026-02-21 11:36:37"}
{"level":"debug","message":"Query: SELECT COUNT(*) FROM (SELECT \"public\".\"lms_module_progress\".\"id\" FROM \"public\".\"lms_module_progress\" WHERE (\"public\".\"lms_module_progress\".\"userId\" = $1 AND \"public\".\"lms_module_progress\".\"testPassed\" = $2) OFFSET $3) AS \"sub\"","service":"preplyte-api","timestamp":"2026-02-21 11:36:37"}
{"level":"debug","message":"Params: [\"cmlq4h9or004p9qehngr7b15o\",true,0]","service":"preplyte-api","timestamp":"2026-02-21 11:36:37"}
{"level":"debug","message":"Duration: 7ms","service":"preplyte-api","timestamp":"2026-02-21 11:36:37"}
{"level":"debug","message":"Query: SELECT \"public\".\"lms_modules\".\"id\", \"public\".\"lms_modules\".\"courseId\", \"public\".\"lms_modules\".\"title\", \"public\".\"lms_modules\".\"shortDescription\", \"public\".\"lms_modules\".\"description\", \"public\".\"lms_modules\".\"order\", \"public\".\"lms_modules\".\"totalTopics\", \"public\".\"lms_modules\".\"points\", \"public\".\"lms_modules\".\"estimatedMinutes\", \"public\".\"lms_modules\".\"isActive\", \"public\".\"lms_modules\".\"createdAt\", \"public\".\"lms_modules\".\"updatedAt\" FROM \"public\".\"lms_modules\" WHERE \"public\".\"lms_modules\".\"id\" IN ($1,$2) OFFSET $3","service":"preplyte-api","timestamp":"2026-02-21 11:36:37"}
{"level":"debug","message":"Params: [\"cmlrpepzc0006baw07zsxhatq\",\"cmlq4o74o000cail9p6dp7mym\",0]","service":"preplyte-api","timestamp":"2026-02-21 11:36:37"}
{"level":"debug","message":"Duration: 6ms","service":"preplyte-api","timestamp":"2026-02-21 11:36:37"}
{"level":"debug","message":"Query: SELECT \"public\".\"lms_courses\".\"id\", \"public\".\"lms_courses\".\"title\", \"public\".\"lms_courses\".\"slug\" FROM \"public\".\"lms_courses\" WHERE \"public\".\"lms_courses\".\"id\" IN ($1,$2) OFFSET $3","service":"preplyte-api","timestamp":"2026-02-21 11:36:37"}
{"level":"debug","message":"Params: [\"cmlq4mwy70005ail9oqvo554e\",\"cmlrpepzc0005baw09iodoufn\",0]","service":"preplyte-api","timestamp":"2026-02-21 11:36:37"}
{"level":"debug","message":"Duration: 1ms","service":"preplyte-api","timestamp":"2026-02-21 11:36:37"}
{"level":"debug","message":"Query: SELECT \"public\".\"lms_courses\".\"id\", \"public\".\"lms_courses\".\"categoryId\", \"public\".\"lms_courses\".\"title\", \"public\".\"lms_courses\".\"slug\", \"public\".\"lms_courses\".\"shortDescription\", \"public\".\"lms_courses\".\"description\", \"public\".\"lms_courses\".\"thumbnailUrl\", \"public\".\"lms_courses\".\"previewVideoUrl\", \"public\".\"lms_courses\".\"totalModules\", \"public\".\"lms_courses\".\"totalTopics\", \"public\".\"lms_courses\".\"totalPoints\", \"public\".\"lms_courses\".\"totalHours\", \"public\".\"lms_courses\".\"price\", \"public\".\"lms_courses\".\"discountPrice\", \"public\".\"lms_courses\".\"currency\", \"public\".\"lms_courses\".\"status\"::text, \"public\".\"lms_courses\".\"isActive\", \"public\".\"lms_courses\".\"certificateEnabled\", \"public\".\"lms_courses\".\"passingPercentage\", \"public\".\"lms_courses\".\"tags\", \"public\".\"lms_courses\".\"difficulty\"::text, \"public\".\"lms_courses\".\"instructor\", \"public\".\"lms_courses\".\"language\", \"public\".\"lms_courses\".\"averageRating\", \"public\".\"lms_courses\".\"ratingsCount\", \"public\".\"lms_courses\".\"createdAt\", \"public\".\"lms_courses\".\"updatedAt\", \"public\".\"lms_courses\".\"publishedAt\", COALESCE(\"aggr_selection_0_LmsEnrollment\".\"_aggr_count_enrollments\", 0) AS \"_aggr_count_enrollments\" FROM \"public\".\"lms_courses\" LEFT JOIN (SELECT \"public\".\"lms_enrollments\".\"courseId\", COUNT(*) AS \"orderby_aggregator\" FROM \"public\".\"lms_enrollments\" WHERE 1=1 GROUP BY \"public\".\"lms_enrollments\".\"courseId\") AS \"orderby_1_LmsEnrollment\" ON (\"public\".\"lms_courses\".\"id\" = \"orderby_1_LmsEnrollment\".\"courseId\") LEFT JOIN (SELECT \"public\".\"lms_enrollments\".\"courseId\", COUNT(*) AS \"_aggr_count_enrollments\" FROM \"public\".\"lms_enrollments\" WHERE 1=1 GROUP BY \"public\".\"lms_enrollments\".\"courseId\") AS \"aggr_selection_0_LmsEnrollment\" ON (\"public\".\"lms_courses\".\"id\" = \"aggr_selection_0_LmsEnrollment\".\"courseId\") WHERE (\"public\".\"lms_courses\".\"id\" NOT IN ($1,$2) AND \"public\".\"lms_courses\".\"status\" = CAST($3::text AS \"public\".\"LmsCourseStatus\") AND \"public\".\"lms_courses\".\"isActive\" = $4) ORDER BY COALESCE(\"orderby_1_LmsEnrollment\".\"orderby_aggregator\", $5) DESC, \"public\".\"lms_courses\".\"averageRating\" DESC LIMIT $6 OFFSET $7","service":"preplyte-api","timestamp":"2026-02-21 11:36:37"}
{"level":"debug","message":"Params: [\"cmlq4mwy70005ail9oqvo554e\",\"cmlrpepzc0005baw09iodoufn\",\"PUBLISHED\",true,0,5,0]","service":"preplyte-api","timestamp":"2026-02-21 11:36:37"}
{"level":"debug","message":"Duration: 14ms","service":"preplyte-api","timestamp":"2026-02-21 11:36:37"}
{"level":"debug","message":"Query: SELECT \"public\".\"lms_categories\".\"id\", \"public\".\"lms_categories\".\"name\" FROM \"public\".\"lms_categories\" WHERE \"public\".\"lms_categories\".\"id\" IN ($1) OFFSET $2","service":"preplyte-api","timestamp":"2026-02-21 11:36:37"}
{"level":"debug","message":"Params: [\"cmls4iwf200x0m93kfd559mke\",0]","service":"preplyte-api","timestamp":"2026-02-21 11:36:37"}
{"level":"debug","message":"Duration: 4ms","service":"preplyte-api","timestamp":"2026-02-21 11:36:37"}
{"level":"debug","message":"Query: SELECT \"public\".\"lms_test_attempts\".\"id\", \"public\".\"lms_test_attempts\".\"userId\", \"public\".\"lms_test_attempts\".\"moduleTestId\", \"public\".\"lms_test_attempts\".\"finalTestId\", \"public\".\"lms_test_attempts\".\"testType\"::text, \"public\".\"lms_test_attempts\".\"status\"::text, \"public\".\"lms_test_attempts\".\"attemptNumber\", \"public\".\"lms_test_attempts\".\"totalQuestions\", \"public\".\"lms_test_attempts\".\"correctAnswers\", \"public\".\"lms_test_attempts\".\"wrongAnswers\", \"public\".\"lms_test_attempts\".\"unanswered\", \"public\".\"lms_test_attempts\".\"score\", \"public\".\"lms_test_attempts\".\"pointsEarned\", \"public\".\"lms_test_attempts\".\"marksObtained\", \"public\".\"lms_test_attempts\".\"totalMarks\", \"public\".\"lms_test_attempts\".\"isPassed\", \"public\".\"lms_test_attempts\".\"timeLimitMinutes\", \"public\".\"lms_test_attempts\".\"timeSpentSeconds\", \"public\".\"lms_test_attempts\".\"startedAt\", \"public\".\"lms_test_attempts\".\"completedAt\", \"public\".\"lms_test_attempts\".\"expiresAt\", \"public\".\"lms_test_attempts\".\"createdAt\", \"public\".\"lms_test_attempts\".\"updatedAt\" FROM \"public\".\"lms_test_attempts\" WHERE (\"public\".\"lms_test_attempts\".\"userId\" = $1 AND \"public\".\"lms_test_attempts\".\"status\" = CAST($2::text AS \"public\".\"LmsTestAttemptStatus\") AND \"public\".\"lms_test_attempts\".\"isPassed\" = $3 AND \"public\".\"lms_test_attempts\".\"completedAt\" >= $4) ORDER BY \"public\".\"lms_test_attempts\".\"completedAt\" DESC LIMIT $5 OFFSET $6","service":"preplyte-api","timestamp":"2026-02-21 11:36:37"}
{"level":"debug","message":"Params: [\"cmlq4h9or004p9qehngr7b15o\",\"COMPLETED\",true,\"2026-01-21 18:30:00 UTC\",5,0]","service":"preplyte-api","timestamp":"2026-02-21 11:36:37"}
{"level":"debug","message":"Duration: 9ms","service":"preplyte-api","timestamp":"2026-02-21 11:36:37"}
{"level":"debug","message":"Query: SELECT \"public\".\"lms_final_tests\".\"id\", \"public\".\"lms_final_tests\".\"courseId\", \"public\".\"lms_final_tests\".\"title\", \"public\".\"lms_final_tests\".\"instructions\", \"public\".\"lms_final_tests\".\"totalQuestions\", \"public\".\"lms_final_tests\".\"passingScore\", \"public\".\"lms_final_tests\".\"timeLimitMinutes\", \"public\".\"lms_final_tests\".\"pointsPerQuestion\", \"public\".\"lms_final_tests\".\"totalPoints\", \"public\".\"lms_final_tests\".\"maxAttempts\", \"public\".\"lms_final_tests\".\"isActive\", \"public\".\"lms_final_tests\".\"createdAt\", \"public\".\"lms_final_tests\".\"updatedAt\" FROM \"public\".\"lms_final_tests\" WHERE \"public\".\"lms_final_tests\".\"id\" IN ($1,$2) OFFSET $3","service":"preplyte-api","timestamp":"2026-02-21 11:36:37"}
{"level":"debug","message":"Params: [\"cmlrpepzc0008baw0c1apb4vk\",\"cmlq4mwy70006ail9x0zgfcf2\",0]","service":"preplyte-api","timestamp":"2026-02-21 11:36:37"}
{"level":"debug","message":"Duration: 5ms","service":"preplyte-api","timestamp":"2026-02-21 11:36:37"}
{"level":"debug","message":"Query: SELECT \"public\".\"lms_courses\".\"id\", \"public\".\"lms_courses\".\"title\", \"public\".\"lms_courses\".\"slug\" FROM \"public\".\"lms_courses\" WHERE \"public\".\"lms_courses\".\"id\" IN ($1,$2) OFFSET $3","service":"preplyte-api","timestamp":"2026-02-21 11:36:37"}
{"level":"debug","message":"Params: [\"cmlq4mwy70005ail9oqvo554e\",\"cmlrpepzc0005baw09iodoufn\",0]","service":"preplyte-api","timestamp":"2026-02-21 11:36:37"}
{"level":"debug","message":"Duration: 1ms","service":"preplyte-api","timestamp":"2026-02-21 11:36:37"}
{"level":"debug","message":"Query: SELECT \"public\".\"lms_enrollments\".\"id\", \"public\".\"lms_enrollments\".\"userId\", \"public\".\"lms_enrollments\".\"courseId\", \"public\".\"lms_enrollments\".\"status\"::text, \"public\".\"lms_enrollments\".\"completedModules\", \"public\".\"lms_enrollments\".\"completedTopics\", \"public\".\"lms_enrollments\".\"progressPercent\", \"public\".\"lms_enrollments\".\"totalPointsEarned\", \"public\".\"lms_enrollments\".\"moduleTestPointsEarned\", \"public\".\"lms_enrollments\".\"finalTestPointsEarned\", \"public\".\"lms_enrollments\".\"finalTestAttempted\", \"public\".\"lms_enrollments\".\"finalTestPassed\", \"public\".\"lms_enrollments\".\"finalTestScore\", \"public\".\"lms_enrollments\".\"finalTestMarks\", \"public\".\"lms_enrollments\".\"enrolledAt\", \"public\".\"lms_enrollments\".\"startedAt\", \"public\".\"lms_enrollments\".\"completedAt\", \"public\".\"lms_enrollments\".\"lastAccessedAt\", \"public\".\"lms_enrollments\".\"certificateUrl\", \"public\".\"lms_enrollments\".\"certificateIssuedAt\", \"public\".\"lms_enrollments\".\"createdAt\", \"public\".\"lms_enrollments\".\"updatedAt\" FROM \"public\".\"lms_enrollments\" WHERE (\"public\".\"lms_enrollments\".\"userId\" = $1 AND \"public\".\"lms_enrollments\".\"status\" = CAST($2::text AS \"public\".\"LmsEnrollmentStatus\") AND \"public\".\"lms_enrollments\".\"completedAt\" >= $3) ORDER BY \"public\".\"lms_enrollments\".\"completedAt\" DESC LIMIT $4 OFFSET $5","service":"preplyte-api","timestamp":"2026-02-21 11:36:37"}
{"level":"debug","message":"Params: [\"cmlq4h9or004p9qehngr7b15o\",\"COMPLETED\",\"2026-01-21 18:30:00 UTC\",5,0]","service":"preplyte-api","timestamp":"2026-02-21 11:36:37"}
{"level":"debug","message":"Duration: 2ms","service":"preplyte-api","timestamp":"2026-02-21 11:36:37"}
{"level":"debug","message":"Query: SELECT \"public\".\"lms_courses\".\"id\", \"public\".\"lms_courses\".\"title\", \"public\".\"lms_courses\".\"slug\" FROM \"public\".\"lms_courses\" WHERE \"public\".\"lms_courses\".\"id\" IN ($1,$2) OFFSET $3","service":"preplyte-api","timestamp":"2026-02-21 11:36:37"}
{"level":"debug","message":"Params: [\"cmlrpepzc0005baw09iodoufn\",\"cmlq4mwy70005ail9oqvo554e\",0]","service":"preplyte-api","timestamp":"2026-02-21 11:36:37"}
{"level":"debug","message":"Duration: 0ms","service":"preplyte-api","timestamp":"2026-02-21 11:36:37"}
{"level":"info","message":"\u001b[0mGET /api/dashboard/student/cmlq4h9or004p9qehngr7b15o \u001b[36m304\u001b[0m 418.668 ms - -\u001b[0m","service":"preplyte-api","timestamp":"2026-02-21 11:36:37"}
{"level":"debug","message":"Query: SELECT COUNT(*), \"public\".\"lms_enrollments\".\"userId\" FROM \"public\".\"lms_enrollments\" WHERE 1=1 GROUP BY \"public\".\"lms_enrollments\".\"userId\" OFFSET $1","service":"preplyte-api","timestamp":"2026-02-21 12:51:29"}
{"level":"debug","message":"Params: [0]","service":"preplyte-api","timestamp":"2026-02-21 12:51:29"}
{"level":"debug","message":"Duration: 6ms","service":"preplyte-api","timestamp":"2026-02-21 12:51:29"}
{"level":"debug","message":"Query: SELECT COUNT(*) FROM (SELECT \"public\".\"lms_courses\".\"id\" FROM \"public\".\"lms_courses\" WHERE (\"public\".\"lms_courses\".\"status\" = CAST($1::text AS \"public\".\"LmsCourseStatus\") AND \"public\".\"lms_courses\".\"isActive\" = $2) OFFSET $3) AS \"sub\"","service":"preplyte-api","timestamp":"2026-02-21 12:51:29"}
{"level":"debug","message":"Params: [\"PUBLISHED\",true,0]","service":"preplyte-api","timestamp":"2026-02-21 12:51:29"}
{"level":"debug","message":"Duration: 7ms","service":"preplyte-api","timestamp":"2026-02-21 12:51:29"}
{"level":"debug","message":"Query: SELECT AVG(\"progressPercent\") FROM (SELECT \"public\".\"lms_enrollments\".\"progressPercent\" FROM \"public\".\"lms_enrollments\" WHERE \"public\".\"lms_enrollments\".\"status\" = CAST($1::text AS \"public\".\"LmsEnrollmentStatus\") OFFSET $2) AS \"sub\"","service":"preplyte-api","timestamp":"2026-02-21 12:51:29"}
{"level":"debug","message":"Params: [\"COMPLETED\",0]","service":"preplyte-api","timestamp":"2026-02-21 12:51:29"}
{"level":"debug","message":"Duration: 6ms","service":"preplyte-api","timestamp":"2026-02-21 12:51:29"}
{"level":"debug","message":"Query: SELECT \"public\".\"lms_courses\".\"id\", \"public\".\"lms_courses\".\"instructor\" FROM \"public\".\"lms_courses\" WHERE (\"public\".\"lms_courses\".\"status\" = CAST($1::text AS \"public\".\"LmsCourseStatus\") AND \"public\".\"lms_courses\".\"isActive\" = $2) OFFSET $3","service":"preplyte-api","timestamp":"2026-02-21 12:51:29"}
{"level":"debug","message":"Params: [\"PUBLISHED\",true,0]","service":"preplyte-api","timestamp":"2026-02-21 12:51:29"}
{"level":"debug","message":"Duration: 8ms","service":"preplyte-api","timestamp":"2026-02-21 12:51:29"}
{"level":"debug","message":"Query: SELECT COUNT(*) FROM (SELECT \"public\".\"lms_courses\".\"id\" FROM \"public\".\"lms_courses\" WHERE (\"public\".\"lms_courses\".\"status\" = CAST($1::text AS \"public\".\"LmsCourseStatus\") AND \"public\".\"lms_courses\".\"isActive\" = $2) OFFSET $3) AS \"sub\"","service":"preplyte-api","timestamp":"2026-02-21 12:51:29"}
{"level":"debug","message":"Params: [\"PUBLISHED\",true,0]","service":"preplyte-api","timestamp":"2026-02-21 12:51:29"}
{"level":"debug","message":"Duration: 8ms","service":"preplyte-api","timestamp":"2026-02-21 12:51:29"}
{"level":"debug","message":"Query: SELECT \"public\".\"lms_categories\".\"id\", \"public\".\"lms_categories\".\"name\", \"public\".\"lms_categories\".\"slug\", \"public\".\"lms_categories\".\"description\", \"public\".\"lms_categories\".\"iconUrl\", \"public\".\"lms_categories\".\"order\", \"public\".\"lms_categories\".\"isActive\", \"public\".\"lms_categories\".\"createdAt\", \"public\".\"lms_categories\".\"updatedAt\", COALESCE(\"aggr_selection_0_LmsCourse\".\"_aggr_count_courses\", 0) AS \"_aggr_count_courses\" FROM \"public\".\"lms_categories\" LEFT JOIN (SELECT \"public\".\"lms_courses\".\"categoryId\", COUNT(*) AS \"_aggr_count_courses\" FROM \"public\".\"lms_courses\" WHERE (\"public\".\"lms_courses\".\"status\" = CAST($1::text AS \"public\".\"LmsCourseStatus\") AND \"public\".\"lms_courses\".\"isActive\" = $2) GROUP BY \"public\".\"lms_courses\".\"categoryId\") AS \"aggr_selection_0_LmsCourse\" ON (\"public\".\"lms_categories\".\"id\" = \"aggr_selection_0_LmsCourse\".\"categoryId\") WHERE \"public\".\"lms_categories\".\"isActive\" = $3 ORDER BY \"public\".\"lms_categories\".\"order\" ASC OFFSET $4","service":"preplyte-api","timestamp":"2026-02-21 12:51:29"}
{"level":"debug","message":"Params: [\"PUBLISHED\",true,true,0]","service":"preplyte-api","timestamp":"2026-02-21 12:51:29"}
{"level":"debug","message":"Duration: 12ms","service":"preplyte-api","timestamp":"2026-02-21 12:51:29"}
{"level":"debug","message":"Query: SELECT \"public\".\"lms_courses\".\"id\", \"public\".\"lms_courses\".\"categoryId\", \"public\".\"lms_courses\".\"title\", \"public\".\"lms_courses\".\"slug\", \"public\".\"lms_courses\".\"shortDescription\", \"public\".\"lms_courses\".\"description\", \"public\".\"lms_courses\".\"thumbnailUrl\", \"public\".\"lms_courses\".\"previewVideoUrl\", \"public\".\"lms_courses\".\"totalModules\", \"public\".\"lms_courses\".\"totalTopics\", \"public\".\"lms_courses\".\"totalPoints\", \"public\".\"lms_courses\".\"totalHours\", \"public\".\"lms_courses\".\"price\", \"public\".\"lms_courses\".\"discountPrice\", \"public\".\"lms_courses\".\"currency\", \"public\".\"lms_courses\".\"status\"::text, \"public\".\"lms_courses\".\"isActive\", \"public\".\"lms_courses\".\"certificateEnabled\", \"public\".\"lms_courses\".\"passingPercentage\", \"public\".\"lms_courses\".\"tags\", \"public\".\"lms_courses\".\"difficulty\"::text, \"public\".\"lms_courses\".\"instructor\", \"public\".\"lms_courses\".\"language\", \"public\".\"lms_courses\".\"averageRating\", \"public\".\"lms_courses\".\"ratingsCount\", \"public\".\"lms_courses\".\"createdAt\", \"public\".\"lms_courses\".\"updatedAt\", \"public\".\"lms_courses\".\"publishedAt\", COALESCE(\"aggr_selection_0_LmsEnrollment\".\"_aggr_count_enrollments\", 0) AS \"_aggr_count_enrollments\" FROM \"public\".\"lms_courses\" LEFT JOIN (SELECT \"public\".\"lms_enrollments\".\"courseId\", COUNT(*) AS \"orderby_aggregator\" FROM \"public\".\"lms_enrollments\" WHERE 1=1 GROUP BY \"public\".\"lms_enrollments\".\"courseId\") AS \"orderby_1_LmsEnrollment\" ON (\"public\".\"lms_courses\".\"id\" = \"orderby_1_LmsEnrollment\".\"courseId\") LEFT JOIN (SELECT \"public\".\"lms_enrollments\".\"courseId\", COUNT(*) AS \"_aggr_count_enrollments\" FROM \"public\".\"lms_enrollments\" WHERE 1=1 GROUP BY \"public\".\"lms_enrollments\".\"courseId\") AS \"aggr_selection_0_LmsEnrollment\" ON (\"public\".\"lms_courses\".\"id\" = \"aggr_selection_0_LmsEnrollment\".\"courseId\") WHERE (\"public\".\"lms_courses\".\"status\" = CAST($1::text AS \"public\".\"LmsCourseStatus\") AND \"public\".\"lms_courses\".\"isActive\" = $2) ORDER BY COALESCE(\"orderby_1_LmsEnrollment\".\"orderby_aggregator\", $3) DESC LIMIT $4 OFFSET $5","service":"preplyte-api","timestamp":"2026-02-21 12:51:29"}
{"level":"debug","message":"Params: [\"PUBLISHED\",true,0,12,0]","service":"preplyte-api","timestamp":"2026-02-21 12:51:29"}
{"level":"debug","message":"Duration: 14ms","service":"preplyte-api","timestamp":"2026-02-21 12:51:29"}
{"level":"debug","message":"Query: SELECT \"public\".\"lms_categories\".\"id\", \"public\".\"lms_categories\".\"name\", \"public\".\"lms_categories\".\"slug\" FROM \"public\".\"lms_categories\" WHERE \"public\".\"lms_categories\".\"id\" IN ($1,$2) OFFSET $3","service":"preplyte-api","timestamp":"2026-02-21 12:51:29"}
{"level":"debug","message":"Params: [\"cmlq4lrae0003ail99wlb2luj\",\"cmls4iwf200x0m93kfd559mke\",0]","service":"preplyte-api","timestamp":"2026-02-21 12:51:29"}
{"level":"debug","message":"Duration: 4ms","service":"preplyte-api","timestamp":"2026-02-21 12:51:29"}
{"level":"info","message":"\u001b[0mGET /api/lms/stats \u001b[36m304\u001b[0m 165.101 ms - -\u001b[0m","service":"preplyte-api","timestamp":"2026-02-21 12:51:29"}
{"level":"info","message":"\u001b[0mGET /api/lms/categories \u001b[36m304\u001b[0m 184.520 ms - -\u001b[0m","service":"preplyte-api","timestamp":"2026-02-21 12:51:29"}
{"level":"info","message":"\u001b[0mGET /api/lms/courses?page=1&limit=12&priceRange=all&sortBy=popular&search= \u001b[32m200\u001b[0m 167.420 ms - -\u001b[0m","service":"preplyte-api","timestamp":"2026-02-21 12:51:29"}
{"level":"info","message":"\u001b[0mGET /api/dashboard/student/cmlq4h9or004p9qehngr7b15o \u001b[33m401\u001b[0m 3.274 ms - 108\u001b[0m","service":"preplyte-api","timestamp":"2026-02-21 14:55:00"}
{"level":"debug","message":"Query: SELECT \"public\".\"refresh_tokens\".\"id\", \"public\".\"refresh_tokens\".\"token\", \"public\".\"refresh_tokens\".\"userId\", \"public\".\"refresh_tokens\".\"expiresAt\", \"public\".\"refresh_tokens\".\"revokedAt\", \"public\".\"refresh_tokens\".\"userAgent\", \"public\".\"refresh_tokens\".\"ipAddress\", \"public\".\"refresh_tokens\".\"createdAt\" FROM \"public\".\"refresh_tokens\" WHERE (\"public\".\"refresh_tokens\".\"token\" = $1 AND \"public\".\"refresh_tokens\".\"userId\" = $2) LIMIT $3 OFFSET $4","service":"preplyte-api","timestamp":"2026-02-21 14:55:00"}
{"level":"debug","message":"Params: [\"1dc6d446165b8b85ce004b358ff88bbafa7c9ba805b68df81a319d88ac49163a\",\"cmlq4gfbb00039qehssiw4ew4\",1,0]","service":"preplyte-api","timestamp":"2026-02-21 14:55:00"}
{"level":"debug","message":"Duration: 7ms","service":"preplyte-api","timestamp":"2026-02-21 14:55:00"}
{"level":"debug","message":"Query: SELECT \"public\".\"users\".\"id\", \"public\".\"users\".\"email\", \"public\".\"users\".\"password\", \"public\".\"users\".\"name\", \"public\".\"users\".\"role\"::text, \"public\".\"users\".\"isActive\", \"public\".\"users\".\"instituteId\", \"public\".\"users\".\"profilePictureUrl\", \"public\".\"users\".\"googleId\", \"public\".\"users\".\"provider\", \"public\".\"users\".\"avatar\", \"public\".\"users\".\"createdAt\", \"public\".\"users\".\"updatedAt\", \"public\".\"users\".\"lastLoginAt\", \"public\".\"users\".\"tokenVersion\" FROM \"public\".\"users\" WHERE (\"public\".\"users\".\"id\" = $1 AND 1=1) LIMIT $2 OFFSET $3","service":"preplyte-api","timestamp":"2026-02-21 14:55:00"}
{"level":"debug","message":"Params: [\"cmlq4gfbb00039qehssiw4ew4\",1,0]","service":"preplyte-api","timestamp":"2026-02-21 14:55:00"}
{"level":"debug","message":"Duration: 7ms","service":"preplyte-api","timestamp":"2026-02-21 14:55:00"}
{"level":"debug","message":"Query: SELECT \"public\".\"institutes\".\"id\", \"public\".\"institutes\".\"name\", \"public\".\"institutes\".\"domain\", \"public\".\"institutes\".\"isActive\" FROM \"public\".\"institutes\" WHERE \"public\".\"institutes\".\"id\" IN ($1) OFFSET $2","service":"preplyte-api","timestamp":"2026-02-21 14:55:00"}
{"level":"debug","message":"Params: [\"c1d2e3f4g5h6i7j8k9l0\",0]","service":"preplyte-api","timestamp":"2026-02-21 14:55:00"}
{"level":"debug","message":"Duration: 4ms","service":"preplyte-api","timestamp":"2026-02-21 14:55:00"}
{"level":"debug","message":"Query: BEGIN","service":"preplyte-api","timestamp":"2026-02-21 14:55:00"}
{"level":"debug","message":"Params: []","service":"preplyte-api","timestamp":"2026-02-21 14:55:00"}
{"level":"debug","message":"Duration: 0ms","service":"preplyte-api","timestamp":"2026-02-21 14:55:00"}
{"level":"debug","message":"Query: UPDATE \"public\".\"refresh_tokens\" SET \"revokedAt\" = $1 WHERE (\"public\".\"refresh_tokens\".\"id\" = $2 AND 1=1) RETURNING \"public\".\"refresh_tokens\".\"id\", \"public\".\"refresh_tokens\".\"token\", \"public\".\"refresh_tokens\".\"userId\", \"public\".\"refresh_tokens\".\"expiresAt\", \"public\".\"refresh_tokens\".\"revokedAt\", \"public\".\"refresh_tokens\".\"userAgent\", \"public\".\"refresh_tokens\".\"ipAddress\", \"public\".\"refresh_tokens\".\"createdAt\"","service":"preplyte-api","timestamp":"2026-02-21 14:55:00"}
{"level":"debug","message":"Params: [\"2026-02-21 09:25:00.722 UTC\",\"cmlvx1ouk000143j51d31mi97\"]","service":"preplyte-api","timestamp":"2026-02-21 14:55:00"}
{"level":"debug","message":"Duration: 3ms","service":"preplyte-api","timestamp":"2026-02-21 14:55:00"}
{"level":"debug","message":"Query: INSERT INTO \"public\".\"refresh_tokens\" (\"id\",\"token\",\"userId\",\"expiresAt\",\"createdAt\") VALUES ($1,$2,$3,$4,$5) RETURNING \"public\".\"refresh_tokens\".\"id\", \"public\".\"refresh_tokens\".\"token\", \"public\".\"refresh_tokens\".\"userId\", \"public\".\"refresh_tokens\".\"expiresAt\", \"public\".\"refresh_tokens\".\"revokedAt\", \"public\".\"refresh_tokens\".\"userAgent\", \"public\".\"refresh_tokens\".\"ipAddress\", \"public\".\"refresh_tokens\".\"createdAt\"","service":"preplyte-api","timestamp":"2026-02-21 14:55:00"}
{"level":"debug","message":"Params: [\"cmlw44tyu000343j56ho937r6\",\"6da9b40812075785dfb72a037e449120c2118cb216b768a25858591a0302d8fd\",\"cmlq4gfbb00039qehssiw4ew4\",\"2026-02-28 09:25:00.722 UTC\",\"2026-02-21 09:25:00.725 UTC\"]","service":"preplyte-api","timestamp":"2026-02-21 14:55:00"}
{"level":"debug","message":"Duration: 34ms","service":"preplyte-api","timestamp":"2026-02-21 14:55:00"}
{"level":"debug","message":"Query: COMMIT","service":"preplyte-api","timestamp":"2026-02-21 14:55:00"}
{"level":"debug","message":"Params: []","service":"preplyte-api","timestamp":"2026-02-21 14:55:00"}
{"level":"debug","message":"Duration: 2ms","service":"preplyte-api","timestamp":"2026-02-21 14:55:00"}
{"level":"info","message":"Token refreshed successfully","service":"preplyte-api","timestamp":"2026-02-21 14:55:00","userId":"cmlq4gfbb00039qehssiw4ew4"}
{"level":"info","message":"\u001b[0mPOST /api/auth/refresh \u001b[32m200\u001b[0m 158.434 ms - -\u001b[0m","service":"preplyte-api","timestamp":"2026-02-21 14:55:00"}
{"level":"debug","message":"Query: SELECT \"public\".\"users\".\"id\", \"public\".\"users\".\"email\", \"public\".\"users\".\"role\"::text, \"public\".\"users\".\"instituteId\", \"public\".\"users\".\"isActive\", \"public\".\"users\".\"tokenVersion\" FROM \"public\".\"users\" WHERE (\"public\".\"users\".\"id\" = $1 AND 1=1) LIMIT $2 OFFSET $3","service":"preplyte-api","timestamp":"2026-02-21 14:55:00"}
{"level":"debug","message":"Params: [\"cmlq4gfbb00039qehssiw4ew4\",1,0]","service":"preplyte-api","timestamp":"2026-02-21 14:55:00"}
{"level":"debug","message":"Duration: 0ms","service":"preplyte-api","timestamp":"2026-02-21 14:55:00"}
{"adminUserId":"cmlq4gfbb00039qehssiw4ew4","instituteId":"c1d2e3f4g5h6i7j8k9l0","level":"debug","message":"[DashboardService] Fetching student dashboard for admin","service":"preplyte-api","studentUserId":"cmlq4h9or004p9qehngr7b15o","timestamp":"2026-02-21 14:55:00"}
{"level":"debug","message":"Query: SELECT \"public\".\"users\".\"id\", \"public\".\"users\".\"email\", \"public\".\"users\".\"name\", \"public\".\"users\".\"instituteId\", \"public\".\"users\".\"role\"::text FROM \"public\".\"users\" WHERE (\"public\".\"users\".\"id\" = $1 AND 1=1) LIMIT $2 OFFSET $3","service":"preplyte-api","timestamp":"2026-02-21 14:55:00"}
{"level":"debug","message":"Params: [\"cmlq4h9or004p9qehngr7b15o\",1,0]","service":"preplyte-api","timestamp":"2026-02-21 14:55:00"}
{"level":"debug","message":"Duration: 1ms","service":"preplyte-api","timestamp":"2026-02-21 14:55:00"}
{"level":"debug","message":"Query: SELECT \"public\".\"student_profiles\".\"id\", \"public\".\"student_profiles\".\"userId\", \"public\".\"student_profiles\".\"fullName\", \"public\".\"student_profiles\".\"studentId\", \"public\".\"student_profiles\".\"resumeUrl\", \"public\".\"student_profiles\".\"resumeName\", \"public\".\"student_profiles\".\"skills\", \"public\".\"student_profiles\".\"departmentId\", \"public\".\"student_profiles\".\"courseYear\", \"public\".\"student_profiles\".\"collegeName\", \"public\".\"student_profiles\".\"numberOfBacklogs\", \"public\".\"student_profiles\".\"marks10\", \"public\".\"student_profiles\".\"marks12\", \"public\".\"student_profiles\".\"cgpaSemesters\", \"public\".\"student_profiles\".\"averageCgpa\", \"public\".\"student_profiles\".\"createdAt\", \"public\".\"student_profiles\".\"updatedAt\" FROM \"public\".\"student_profiles\" WHERE \"public\".\"student_profiles\".\"userId\" IN ($1) OFFSET $2","service":"preplyte-api","timestamp":"2026-02-21 14:55:00"}
{"level":"debug","message":"Params: [\"cmlq4h9or004p9qehngr7b15o\",0]","service":"preplyte-api","timestamp":"2026-02-21 14:55:00"}
{"level":"debug","message":"Duration: 9ms","service":"preplyte-api","timestamp":"2026-02-21 14:55:00"}
{"level":"debug","message":"Query: SELECT \"public\".\"departments\".\"id\", \"public\".\"departments\".\"instituteId\", \"public\".\"departments\".\"name\", \"public\".\"departments\".\"code\", \"public\".\"departments\".\"description\", \"public\".\"departments\".\"isActive\", \"public\".\"departments\".\"createdAt\", \"public\".\"departments\".\"updatedAt\" FROM \"public\".\"departments\" WHERE \"public\".\"departments\".\"id\" IN ($1) OFFSET $2","service":"preplyte-api","timestamp":"2026-02-21 14:55:00"}
{"level":"debug","message":"Params: [\"cmlq8n2sa0001s9ls3j4u6ytv\",0]","service":"preplyte-api","timestamp":"2026-02-21 14:55:00"}
{"level":"debug","message":"Duration: 7ms","service":"preplyte-api","timestamp":"2026-02-21 14:55:00"}
{"level":"debug","message":"[DashboardService] Fetching student dashboard","service":"preplyte-api","timestamp":"2026-02-21 14:55:00","userId":"cmlq4h9or004p9qehngr7b15o"}
{"level":"debug","message":"Query: SELECT \"public\".\"aptitude_practice_sessions\".\"id\", \"public\".\"aptitude_practice_sessions\".\"completedAt\", \"public\".\"aptitude_practice_sessions\".\"totalScore\", \"public\".\"aptitude_practice_sessions\".\"numberOfQuestions\" FROM \"public\".\"aptitude_practice_sessions\" WHERE \"public\".\"aptitude_practice_sessions\".\"userId\" = $1 OFFSET $2","service":"preplyte-api","timestamp":"2026-02-21 14:55:00"}
{"level":"debug","message":"Params: [\"cmlq4h9or004p9qehngr7b15o\",0]","service":"preplyte-api","timestamp":"2026-02-21 14:55:00"}
{"level":"debug","message":"Duration: 6ms","service":"preplyte-api","timestamp":"2026-02-21 14:55:00"}
{"level":"debug","message":"Query: SELECT \"public\".\"machine_practice_sessions\".\"id\", \"public\".\"machine_practice_sessions\".\"completedAt\", \"public\".\"machine_practice_sessions\".\"totalSolved\", \"public\".\"machine_practice_sessions\".\"numberOfQuestions\" FROM \"public\".\"machine_practice_sessions\" WHERE \"public\".\"machine_practice_sessions\".\"userId\" = $1 OFFSET $2","service":"preplyte-api","timestamp":"2026-02-21 14:55:00"}
{"level":"debug","message":"Params: [\"cmlq4h9or004p9qehngr7b15o\",0]","service":"preplyte-api","timestamp":"2026-02-21 14:55:00"}
{"level":"debug","message":"Duration: 10ms","service":"preplyte-api","timestamp":"2026-02-21 14:55:00"}
{"level":"debug","message":"Query: SELECT \"public\".\"aptitude_practice_sessions\".\"id\", \"public\".\"aptitude_practice_sessions\".\"difficulty\"::text, \"public\".\"aptitude_practice_sessions\".\"totalScore\", \"public\".\"aptitude_practice_sessions\".\"numberOfQuestions\", \"public\".\"aptitude_practice_sessions\".\"completedAt\", \"public\".\"aptitude_practice_sessions\".\"questionTypes\"::text[] FROM \"public\".\"aptitude_practice_sessions\" WHERE (\"public\".\"aptitude_practice_sessions\".\"userId\" = $1 AND \"public\".\"aptitude_practice_sessions\".\"completedAt\" IS NOT NULL) ORDER BY \"public\".\"aptitude_practice_sessions\".\"completedAt\" DESC LIMIT $2 OFFSET $3","service":"preplyte-api","timestamp":"2026-02-21 14:55:00"}
{"level":"debug","message":"Params: [\"cmlq4h9or004p9qehngr7b15o\",5,0]","service":"preplyte-api","timestamp":"2026-02-21 14:55:00"}
{"level":"debug","message":"Duration: 6ms","service":"preplyte-api","timestamp":"2026-02-21 14:55:00"}
{"level":"debug","message":"Query: SELECT \"public\".\"machine_practice_sessions\".\"id\", \"public\".\"machine_practice_sessions\".\"difficulty\"::text, \"public\".\"machine_practice_sessions\".\"totalSolved\", \"public\".\"machine_practice_sessions\".\"numberOfQuestions\", \"public\".\"machine_practice_sessions\".\"completedAt\" FROM \"public\".\"machine_practice_sessions\" WHERE (\"public\".\"machine_practice_sessions\".\"userId\" = $1 AND \"public\".\"machine_practice_sessions\".\"completedAt\" IS NOT NULL) ORDER BY \"public\".\"machine_practice_sessions\".\"completedAt\" DESC LIMIT $2 OFFSET $3","service":"preplyte-api","timestamp":"2026-02-21 14:55:00"}
{"level":"debug","message":"Params: [\"cmlq4h9or004p9qehngr7b15o\",5,0]","service":"preplyte-api","timestamp":"2026-02-21 14:55:00"}
{"level":"debug","message":"Duration: 11ms","service":"preplyte-api","timestamp":"2026-02-21 14:55:00"}
{"level":"debug","message":"Query: SELECT \"public\".\"lms_enrollments\".\"id\", \"public\".\"lms_enrollments\".\"userId\", \"public\".\"lms_enrollments\".\"courseId\", \"public\".\"lms_enrollments\".\"status\"::text, \"public\".\"lms_enrollments\".\"completedModules\", \"public\".\"lms_enrollments\".\"completedTopics\", \"public\".\"lms_enrollments\".\"progressPercent\", \"public\".\"lms_enrollments\".\"totalPointsEarned\", \"public\".\"lms_enrollments\".\"moduleTestPointsEarned\", \"public\".\"lms_enrollments\".\"finalTestPointsEarned\", \"public\".\"lms_enrollments\".\"finalTestAttempted\", \"public\".\"lms_enrollments\".\"finalTestPassed\", \"public\".\"lms_enrollments\".\"finalTestScore\", \"public\".\"lms_enrollments\".\"finalTestMarks\", \"public\".\"lms_enrollments\".\"enrolledAt\", \"public\".\"lms_enrollments\".\"startedAt\", \"public\".\"lms_enrollments\".\"completedAt\", \"public\".\"lms_enrollments\".\"lastAccessedAt\", \"public\".\"lms_enrollments\".\"certificateUrl\", \"public\".\"lms_enrollments\".\"certificateIssuedAt\", \"public\".\"lms_enrollments\".\"createdAt\", \"public\".\"lms_enrollments\".\"updatedAt\" FROM \"public\".\"lms_enrollments\" WHERE \"public\".\"lms_enrollments\".\"userId\" = $1 OFFSET $2","service":"preplyte-api","timestamp":"2026-02-21 14:55:00"}
{"level":"debug","message":"Params: [\"cmlq4h9or004p9qehngr7b15o\",0]","service":"preplyte-api","timestamp":"2026-02-21 14:55:00"}
{"level":"debug","message":"Duration: 8ms","service":"preplyte-api","timestamp":"2026-02-21 14:55:00"}
{"level":"debug","message":"Query: SELECT \"public\".\"lms_courses\".\"id\", \"public\".\"lms_courses\".\"totalHours\", \"public\".\"lms_courses\".\"totalPoints\" FROM \"public\".\"lms_courses\" WHERE \"public\".\"lms_courses\".\"id\" IN ($1,$2) OFFSET $3","service":"preplyte-api","timestamp":"2026-02-21 14:55:00"}
{"level":"debug","message":"Params: [\"cmlq4mwy70005ail9oqvo554e\",\"cmlrpepzc0005baw09iodoufn\",0]","service":"preplyte-api","timestamp":"2026-02-21 14:55:00"}
{"level":"debug","message":"Duration: 5ms","service":"preplyte-api","timestamp":"2026-02-21 14:55:00"}
{"level":"debug","message":"Query: SELECT \"public\".\"mock_drive_registrations\".\"id\", \"public\".\"mock_drive_registrations\".\"mockDriveId\", \"public\".\"mock_drive_registrations\".\"userId\", \"public\".\"mock_drive_registrations\".\"status\"::text, \"public\".\"mock_drive_registrations\".\"eligibilityCheckResult\", \"public\".\"mock_drive_registrations\".\"adminNotes\", \"public\".\"mock_drive_registrations\".\"batchId\", \"public\".\"mock_drive_registrations\".\"registeredAt\", \"public\".\"mock_drive_registrations\".\"reviewedAt\", \"public\".\"mock_drive_registrations\".\"reviewedBy\", \"public\".\"mock_drive_registrations\".\"createdAt\", \"public\".\"mock_drive_registrations\".\"updatedAt\" FROM \"public\".\"mock_drive_registrations\" LEFT JOIN \"public\".\"mock_drives\" AS \"orderby_1\" ON (\"orderby_1\".\"id\") = (\"public\".\"mock_drive_registrations\".\"mockDriveId\") LEFT JOIN \"public\".\"mock_drives\" AS \"j1\" ON (\"j1\".\"id\") = (\"public\".\"mock_drive_registrations\".\"mockDriveId\") WHERE (\"public\".\"mock_drive_registrations\".\"userId\" = $1 AND \"public\".\"mock_drive_registrations\".\"status\" = CAST($2::text AS \"public\".\"MockDriveRegistrationStatus\") AND (\"j1\".\"status\" IN (CAST($3::text AS \"public\".\"MockDriveStatus\"),CAST($4::text AS \"public\".\"MockDriveStatus\"),CAST($5::text AS \"public\".\"MockDriveStatus\")) AND \"j1\".\"driveStartDate\" > $6 AND (\"j1\".\"id\" IS NOT NULL))) ORDER BY \"orderby_1\".\"driveStartDate\" ASC LIMIT $7 OFFSET $8","service":"preplyte-api","timestamp":"2026-02-21 14:55:00"}
{"level":"debug","message":"Params: [\"cmlq4h9or004p9qehngr7b15o\",\"APPROVED\",\"PUBLISHED\",\"REGISTRATION_OPEN\",\"REGISTRATION_CLOSED\",\"2026-02-21 09:25:00.829 UTC\",5,0]","service":"preplyte-api","timestamp":"2026-02-21 14:55:00"}
{"level":"debug","message":"Duration: 14ms","service":"preplyte-api","timestamp":"2026-02-21 14:55:00"}
{"level":"debug","message":"Query: SELECT \"public\".\"lms_enrollments\".\"id\", \"public\".\"lms_enrollments\".\"courseId\" FROM \"public\".\"lms_enrollments\" WHERE \"public\".\"lms_enrollments\".\"userId\" = $1 OFFSET $2","service":"preplyte-api","timestamp":"2026-02-21 14:55:00"}
{"level":"debug","message":"Params: [\"cmlq4h9or004p9qehngr7b15o\",0]","service":"preplyte-api","timestamp":"2026-02-21 14:55:00"}
{"level":"debug","message":"Duration: 5ms","service":"preplyte-api","timestamp":"2026-02-21 14:55:00"}
{"level":"debug","message":"Query: SELECT \"public\".\"lms_enrollments\".\"id\", \"public\".\"lms_enrollments\".\"userId\", \"public\".\"lms_enrollments\".\"courseId\", \"public\".\"lms_enrollments\".\"status\"::text, \"public\".\"lms_enrollments\".\"completedModules\", \"public\".\"lms_enrollments\".\"completedTopics\", \"public\".\"lms_enrollments\".\"progressPercent\", \"public\".\"lms_enrollments\".\"totalPointsEarned\", \"public\".\"lms_enrollments\".\"moduleTestPointsEarned\", \"public\".\"lms_enrollments\".\"finalTestPointsEarned\", \"public\".\"lms_enrollments\".\"finalTestAttempted\", \"public\".\"lms_enrollments\".\"finalTestPassed\", \"public\".\"lms_enrollments\".\"finalTestScore\", \"public\".\"lms_enrollments\".\"finalTestMarks\", \"public\".\"lms_enrollments\".\"enrolledAt\", \"public\".\"lms_enrollments\".\"startedAt\", \"public\".\"lms_enrollments\".\"completedAt\", \"public\".\"lms_enrollments\".\"lastAccessedAt\", \"public\".\"lms_enrollments\".\"certificateUrl\", \"public\".\"lms_enrollments\".\"certificateIssuedAt\", \"public\".\"lms_enrollments\".\"createdAt\", \"public\".\"lms_enrollments\".\"updatedAt\" FROM \"public\".\"lms_enrollments\" WHERE (\"public\".\"lms_enrollments\".\"userId\" = $1 AND \"public\".\"lms_enrollments\".\"enrolledAt\" >= $2) ORDER BY \"public\".\"lms_enrollments\".\"enrolledAt\" DESC LIMIT $3 OFFSET $4","service":"preplyte-api","timestamp":"2026-02-21 14:55:00"}
{"level":"debug","message":"Params: [\"cmlq4h9or004p9qehngr7b15o\",\"2026-01-21 18:30:00 UTC\",5,0]","service":"preplyte-api","timestamp":"2026-02-21 14:55:00"}
{"level":"debug","message":"Duration: 7ms","service":"preplyte-api","timestamp":"2026-02-21 14:55:00"}
{"level":"debug","message":"Query: SELECT \"public\".\"ai_interview_sessions\".\"id\", \"public\".\"ai_interview_sessions\".\"status\"::text FROM \"public\".\"ai_interview_sessions\" WHERE \"public\".\"ai_interview_sessions\".\"userId\" = $1 OFFSET $2","service":"preplyte-api","timestamp":"2026-02-21 14:55:00"}
{"level":"debug","message":"Params: [\"cmlq4h9or004p9qehngr7b15o\",0]","service":"preplyte-api","timestamp":"2026-02-21 14:55:00"}
{"level":"debug","message":"Duration: 5ms","service":"preplyte-api","timestamp":"2026-02-21 14:55:00"}
{"level":"debug","message":"Query: SELECT \"public\".\"lms_courses\".\"id\", \"public\".\"lms_courses\".\"title\", \"public\".\"lms_courses\".\"slug\" FROM \"public\".\"lms_courses\" WHERE \"public\".\"lms_courses\".\"id\" IN ($1,$2) OFFSET $3","service":"preplyte-api","timestamp":"2026-02-21 14:55:00"}
{"level":"debug","message":"Params: [\"cmlrpepzc0005baw09iodoufn\",\"cmlq4mwy70005ail9oqvo554e\",0]","service":"preplyte-api","timestamp":"2026-02-21 14:55:00"}
{"level":"debug","message":"Duration: 6ms","service":"preplyte-api","timestamp":"2026-02-21 14:55:00"}
{"level":"debug","message":"Query: SELECT \"public\".\"lms_enrollments\".\"id\", \"public\".\"lms_enrollments\".\"userId\", \"public\".\"lms_enrollments\".\"courseId\", \"public\".\"lms_enrollments\".\"status\"::text, \"public\".\"lms_enrollments\".\"completedModules\", \"public\".\"lms_enrollments\".\"completedTopics\", \"public\".\"lms_enrollments\".\"progressPercent\", \"public\".\"lms_enrollments\".\"totalPointsEarned\", \"public\".\"lms_enrollments\".\"moduleTestPointsEarned\", \"public\".\"lms_enrollments\".\"finalTestPointsEarned\", \"public\".\"lms_enrollments\".\"finalTestAttempted\", \"public\".\"lms_enrollments\".\"finalTestPassed\", \"public\".\"lms_enrollments\".\"finalTestScore\", \"public\".\"lms_enrollments\".\"finalTestMarks\", \"public\".\"lms_enrollments\".\"enrolledAt\", \"public\".\"lms_enrollments\".\"startedAt\", \"public\".\"lms_enrollments\".\"completedAt\", \"public\".\"lms_enrollments\".\"lastAccessedAt\", \"public\".\"lms_enrollments\".\"certificateUrl\", \"public\".\"lms_enrollments\".\"certificateIssuedAt\", \"public\".\"lms_enrollments\".\"createdAt\", \"public\".\"lms_enrollments\".\"updatedAt\" FROM \"public\".\"lms_enrollments\" WHERE \"public\".\"lms_enrollments\".\"userId\" = $1 ORDER BY \"public\".\"lms_enrollments\".\"lastAccessedAt\" DESC OFFSET $2","service":"preplyte-api","timestamp":"2026-02-21 14:55:00"}
{"level":"debug","message":"Params: [\"cmlq4h9or004p9qehngr7b15o\",0]","service":"preplyte-api","timestamp":"2026-02-21 14:55:00"}
{"level":"debug","message":"Duration: 8ms","service":"preplyte-api","timestamp":"2026-02-21 14:55:00"}
{"level":"debug","message":"Query: SELECT \"public\".\"ai_interview_sessions\".\"id\", \"public\".\"ai_interview_sessions\".\"difficulty\"::text, \"public\".\"ai_interview_sessions\".\"jobTitle\", \"public\".\"ai_interview_sessions\".\"completedAt\" FROM \"public\".\"ai_interview_sessions\" WHERE (\"public\".\"ai_interview_sessions\".\"userId\" = $1 AND \"public\".\"ai_interview_sessions\".\"status\" = CAST($2::text AS \"public\".\"AiInterviewSessionStatus\")) ORDER BY \"public\".\"ai_interview_sessions\".\"completedAt\" DESC LIMIT $3 OFFSET $4","service":"preplyte-api","timestamp":"2026-02-21 14:55:00"}
{"level":"debug","message":"Params: [\"cmlq4h9or004p9qehngr7b15o\",\"COMPLETED\",5,0]","service":"preplyte-api","timestamp":"2026-02-21 14:55:00"}
{"level":"debug","message":"Duration: 7ms","service":"preplyte-api","timestamp":"2026-02-21 14:55:00"}
{"level":"debug","message":"Query: SELECT \"public\".\"lms_courses\".\"id\", \"public\".\"lms_courses\".\"categoryId\", \"public\".\"lms_courses\".\"title\", \"public\".\"lms_courses\".\"slug\", \"public\".\"lms_courses\".\"shortDescription\", \"public\".\"lms_courses\".\"description\", \"public\".\"lms_courses\".\"thumbnailUrl\", \"public\".\"lms_courses\".\"previewVideoUrl\", \"public\".\"lms_courses\".\"totalModules\", \"public\".\"lms_courses\".\"totalTopics\", \"public\".\"lms_courses\".\"totalPoints\", \"public\".\"lms_courses\".\"totalHours\", \"public\".\"lms_courses\".\"price\", \"public\".\"lms_courses\".\"discountPrice\", \"public\".\"lms_courses\".\"currency\", \"public\".\"lms_courses\".\"status\"::text, \"public\".\"lms_courses\".\"isActive\", \"public\".\"lms_courses\".\"certificateEnabled\", \"public\".\"lms_courses\".\"passingPercentage\", \"public\".\"lms_courses\".\"tags\", \"public\".\"lms_courses\".\"difficulty\"::text, \"public\".\"lms_courses\".\"instructor\", \"public\".\"lms_courses\".\"language\", \"public\".\"lms_courses\".\"averageRating\", \"public\".\"lms_courses\".\"ratingsCount\", \"public\".\"lms_courses\".\"createdAt\", \"public\".\"lms_courses\".\"updatedAt\", \"public\".\"lms_courses\".\"publishedAt\" FROM \"public\".\"lms_courses\" WHERE \"public\".\"lms_courses\".\"id\" IN ($1,$2) OFFSET $3","service":"preplyte-api","timestamp":"2026-02-21 14:55:00"}
{"level":"debug","message":"Params: [\"cmlrpepzc0005baw09iodoufn\",\"cmlq4mwy70005ail9oqvo554e\",0]","service":"preplyte-api","timestamp":"2026-02-21 14:55:00"}
{"level":"debug","message":"Duration: 7ms","service":"preplyte-api","timestamp":"2026-02-21 14:55:00"}
{"level":"debug","message":"Query: SELECT \"public\".\"lms_courses\".\"id\", \"public\".\"lms_courses\".\"categoryId\", \"public\".\"lms_courses\".\"title\", \"public\".\"lms_courses\".\"slug\", \"public\".\"lms_courses\".\"shortDescription\", \"public\".\"lms_courses\".\"description\", \"public\".\"lms_courses\".\"thumbnailUrl\", \"public\".\"lms_courses\".\"previewVideoUrl\", \"public\".\"lms_courses\".\"totalModules\", \"public\".\"lms_courses\".\"totalTopics\", \"public\".\"lms_courses\".\"totalPoints\", \"public\".\"lms_courses\".\"totalHours\", \"public\".\"lms_courses\".\"price\", \"public\".\"lms_courses\".\"discountPrice\", \"public\".\"lms_courses\".\"currency\", \"public\".\"lms_courses\".\"status\"::text, \"public\".\"lms_courses\".\"isActive\", \"public\".\"lms_courses\".\"certificateEnabled\", \"public\".\"lms_courses\".\"passingPercentage\", \"public\".\"lms_courses\".\"tags\", \"public\".\"lms_courses\".\"difficulty\"::text, \"public\".\"lms_courses\".\"instructor\", \"public\".\"lms_courses\".\"language\", \"public\".\"lms_courses\".\"averageRating\", \"public\".\"lms_courses\".\"ratingsCount\", \"public\".\"lms_courses\".\"createdAt\", \"public\".\"lms_courses\".\"updatedAt\", \"public\".\"lms_courses\".\"publishedAt\", COALESCE(\"aggr_selection_0_LmsEnrollment\".\"_aggr_count_enrollments\", 0) AS \"_aggr_count_enrollments\" FROM \"public\".\"lms_courses\" LEFT JOIN (SELECT \"public\".\"lms_enrollments\".\"courseId\", COUNT(*) AS \"orderby_aggregator\" FROM \"public\".\"lms_enrollments\" WHERE 1=1 GROUP BY \"public\".\"lms_enrollments\".\"courseId\") AS \"orderby_1_LmsEnrollment\" ON (\"public\".\"lms_courses\".\"id\" = \"orderby_1_LmsEnrollment\".\"courseId\") LEFT JOIN (SELECT \"public\".\"lms_enrollments\".\"courseId\", COUNT(*) AS \"_aggr_count_enrollments\" FROM \"public\".\"lms_enrollments\" WHERE 1=1 GROUP BY \"public\".\"lms_enrollments\".\"courseId\") AS \"aggr_selection_0_LmsEnrollment\" ON (\"public\".\"lms_courses\".\"id\" = \"aggr_selection_0_LmsEnrollment\".\"courseId\") WHERE (\"public\".\"lms_courses\".\"id\" NOT IN ($1,$2) AND \"public\".\"lms_courses\".\"status\" = CAST($3::text AS \"public\".\"LmsCourseStatus\") AND \"public\".\"lms_courses\".\"isActive\" = $4) ORDER BY COALESCE(\"orderby_1_LmsEnrollment\".\"orderby_aggregator\", $5) DESC, \"public\".\"lms_courses\".\"averageRating\" DESC LIMIT $6 OFFSET $7","service":"preplyte-api","timestamp":"2026-02-21 14:55:00"}
{"level":"debug","message":"Params: [\"cmlq4mwy70005ail9oqvo554e\",\"cmlrpepzc0005baw09iodoufn\",\"PUBLISHED\",true,0,5,0]","service":"preplyte-api","timestamp":"2026-02-21 14:55:00"}
{"level":"debug","message":"Duration: 4ms","service":"preplyte-api","timestamp":"2026-02-21 14:55:00"}
{"level":"debug","message":"Query: SELECT COUNT(*) FROM (SELECT \"public\".\"lms_module_progress\".\"id\" FROM \"public\".\"lms_module_progress\" WHERE (\"public\".\"lms_module_progress\".\"userId\" = $1 AND \"public\".\"lms_module_progress\".\"testPassed\" = $2) OFFSET $3) AS \"sub\"","service":"preplyte-api","timestamp":"2026-02-21 14:55:00"}
{"level":"debug","message":"Params: [\"cmlq4h9or004p9qehngr7b15o\",true,0]","service":"preplyte-api","timestamp":"2026-02-21 14:55:00"}
{"level":"debug","message":"Duration: 7ms","service":"preplyte-api","timestamp":"2026-02-21 14:55:00"}
{"level":"debug","message":"Query: SELECT \"public\".\"lms_module_progress\".\"id\", \"public\".\"lms_module_progress\".\"userId\", \"public\".\"lms_module_progress\".\"moduleId\", \"public\".\"lms_module_progress\".\"status\"::text, \"public\".\"lms_module_progress\".\"completedTopics\", \"public\".\"lms_module_progress\".\"totalTopics\", \"public\".\"lms_module_progress\".\"progressPercent\", \"public\".\"lms_module_progress\".\"testAttempted\", \"public\".\"lms_module_progress\".\"testPassed\", \"public\".\"lms_module_progress\".\"testScore\", \"public\".\"lms_module_progress\".\"testAttempts\", \"public\".\"lms_module_progress\".\"pointsEarned\", \"public\".\"lms_module_progress\".\"timeSpentMinutes\", \"public\".\"lms_module_progress\".\"startedAt\", \"public\".\"lms_module_progress\".\"completedAt\", \"public\".\"lms_module_progress\".\"createdAt\", \"public\".\"lms_module_progress\".\"updatedAt\" FROM \"public\".\"lms_module_progress\" WHERE (\"public\".\"lms_module_progress\".\"userId\" = $1 AND \"public\".\"lms_module_progress\".\"status\" = CAST($2::text AS \"public\".\"LmsModuleStatus\") AND \"public\".\"lms_module_progress\".\"completedAt\" >= $3) ORDER BY \"public\".\"lms_module_progress\".\"completedAt\" DESC LIMIT $4 OFFSET $5","service":"preplyte-api","timestamp":"2026-02-21 14:55:00"}
{"level":"debug","message":"Params: [\"cmlq4h9or004p9qehngr7b15o\",\"COMPLETED\",\"2026-01-21 18:30:00 UTC\",5,0]","service":"preplyte-api","timestamp":"2026-02-21 14:55:00"}
{"level":"debug","message":"Duration: 7ms","service":"preplyte-api","timestamp":"2026-02-21 14:55:00"}
{"level":"debug","message":"Query: SELECT \"public\".\"lms_categories\".\"id\", \"public\".\"lms_categories\".\"name\" FROM \"public\".\"lms_categories\" WHERE \"public\".\"lms_categories\".\"id\" IN ($1) OFFSET $2","service":"preplyte-api","timestamp":"2026-02-21 14:55:00"}
{"level":"debug","message":"Params: [\"cmlq4lrae0003ail99wlb2luj\",0]","service":"preplyte-api","timestamp":"2026-02-21 14:55:00"}
{"level":"debug","message":"Duration: 5ms","service":"preplyte-api","timestamp":"2026-02-21 14:55:00"}
{"level":"debug","message":"Query: SELECT \"public\".\"lms_categories\".\"id\", \"public\".\"lms_categories\".\"name\" FROM \"public\".\"lms_categories\" WHERE \"public\".\"lms_categories\".\"id\" IN ($1) OFFSET $2","service":"preplyte-api","timestamp":"2026-02-21 14:55:00"}
{"level":"debug","message":"Params: [\"cmls4iwf200x0m93kfd559mke\",0]","service":"preplyte-api","timestamp":"2026-02-21 14:55:00"}
{"level":"debug","message":"Duration: 5ms","service":"preplyte-api","timestamp":"2026-02-21 14:55:00"}
{"level":"debug","message":"Query: SELECT \"public\".\"lms_modules\".\"id\", \"public\".\"lms_modules\".\"courseId\", \"public\".\"lms_modules\".\"title\", \"public\".\"lms_modules\".\"shortDescription\", \"public\".\"lms_modules\".\"description\", \"public\".\"lms_modules\".\"order\", \"public\".\"lms_modules\".\"totalTopics\", \"public\".\"lms_modules\".\"points\", \"public\".\"lms_modules\".\"estimatedMinutes\", \"public\".\"lms_modules\".\"isActive\", \"public\".\"lms_modules\".\"createdAt\", \"public\".\"lms_modules\".\"updatedAt\" FROM \"public\".\"lms_modules\" WHERE \"public\".\"lms_modules\".\"id\" IN ($1,$2) OFFSET $3","service":"preplyte-api","timestamp":"2026-02-21 14:55:00"}
{"level":"debug","message":"Params: [\"cmlrpepzc0006baw07zsxhatq\",\"cmlq4o74o000cail9p6dp7mym\",0]","service":"preplyte-api","timestamp":"2026-02-21 14:55:00"}
{"level":"debug","message":"Duration: 4ms","service":"preplyte-api","timestamp":"2026-02-21 14:55:00"}
{"level":"debug","message":"Query: SELECT \"public\".\"lms_courses\".\"id\", \"public\".\"lms_courses\".\"title\", \"public\".\"lms_courses\".\"slug\" FROM \"public\".\"lms_courses\" WHERE \"public\".\"lms_courses\".\"id\" IN ($1,$2) OFFSET $3","service":"preplyte-api","timestamp":"2026-02-21 14:55:00"}
{"level":"debug","message":"Params: [\"cmlq4mwy70005ail9oqvo554e\",\"cmlrpepzc0005baw09iodoufn\",0]","service":"preplyte-api","timestamp":"2026-02-21 14:55:00"}
{"level":"debug","message":"Duration: 7ms","service":"preplyte-api","timestamp":"2026-02-21 14:55:00"}
{"level":"debug","message":"Query: SELECT \"public\".\"lms_test_attempts\".\"id\", \"public\".\"lms_test_attempts\".\"userId\", \"public\".\"lms_test_attempts\".\"moduleTestId\", \"public\".\"lms_test_attempts\".\"finalTestId\", \"public\".\"lms_test_attempts\".\"testType\"::text, \"public\".\"lms_test_attempts\".\"status\"::text, \"public\".\"lms_test_attempts\".\"attemptNumber\", \"public\".\"lms_test_attempts\".\"totalQuestions\", \"public\".\"lms_test_attempts\".\"correctAnswers\", \"public\".\"lms_test_attempts\".\"wrongAnswers\", \"public\".\"lms_test_attempts\".\"unanswered\", \"public\".\"lms_test_attempts\".\"score\", \"public\".\"lms_test_attempts\".\"pointsEarned\", \"public\".\"lms_test_attempts\".\"marksObtained\", \"public\".\"lms_test_attempts\".\"totalMarks\", \"public\".\"lms_test_attempts\".\"isPassed\", \"public\".\"lms_test_attempts\".\"timeLimitMinutes\", \"public\".\"lms_test_attempts\".\"timeSpentSeconds\", \"public\".\"lms_test_attempts\".\"startedAt\", \"public\".\"lms_test_attempts\".\"completedAt\", \"public\".\"lms_test_attempts\".\"expiresAt\", \"public\".\"lms_test_attempts\".\"createdAt\", \"public\".\"lms_test_attempts\".\"updatedAt\" FROM \"public\".\"lms_test_attempts\" WHERE (\"public\".\"lms_test_attempts\".\"userId\" = $1 AND \"public\".\"lms_test_attempts\".\"status\" = CAST($2::text AS \"public\".\"LmsTestAttemptStatus\") AND \"public\".\"lms_test_attempts\".\"isPassed\" = $3 AND \"public\".\"lms_test_attempts\".\"completedAt\" >= $4) ORDER BY \"public\".\"lms_test_attempts\".\"completedAt\" DESC LIMIT $5 OFFSET $6","service":"preplyte-api","timestamp":"2026-02-21 14:55:01"}
{"level":"debug","message":"Params: [\"cmlq4h9or004p9qehngr7b15o\",\"COMPLETED\",true,\"2026-01-21 18:30:00 UTC\",5,0]","service":"preplyte-api","timestamp":"2026-02-21 14:55:01"}
{"level":"debug","message":"Duration: 10ms","service":"preplyte-api","timestamp":"2026-02-21 14:55:01"}
{"level":"debug","message":"Query: SELECT \"public\".\"lms_final_tests\".\"id\", \"public\".\"lms_final_tests\".\"courseId\", \"public\".\"lms_final_tests\".\"title\", \"public\".\"lms_final_tests\".\"instructions\", \"public\".\"lms_final_tests\".\"totalQuestions\", \"public\".\"lms_final_tests\".\"passingScore\", \"public\".\"lms_final_tests\".\"timeLimitMinutes\", \"public\".\"lms_final_tests\".\"pointsPerQuestion\", \"public\".\"lms_final_tests\".\"totalPoints\", \"public\".\"lms_final_tests\".\"maxAttempts\", \"public\".\"lms_final_tests\".\"isActive\", \"public\".\"lms_final_tests\".\"createdAt\", \"public\".\"lms_final_tests\".\"updatedAt\" FROM \"public\".\"lms_final_tests\" WHERE \"public\".\"lms_final_tests\".\"id\" IN ($1,$2) OFFSET $3","service":"preplyte-api","timestamp":"2026-02-21 14:55:01"}
{"level":"debug","message":"Params: [\"cmlrpepzc0008baw0c1apb4vk\",\"cmlq4mwy70006ail9x0zgfcf2\",0]","service":"preplyte-api","timestamp":"2026-02-21 14:55:01"}
{"level":"debug","message":"Duration: 5ms","service":"preplyte-api","timestamp":"2026-02-21 14:55:01"}
{"level":"debug","message":"Query: SELECT \"public\".\"lms_courses\".\"id\", \"public\".\"lms_courses\".\"title\", \"public\".\"lms_courses\".\"slug\" FROM \"public\".\"lms_courses\" WHERE \"public\".\"lms_courses\".\"id\" IN ($1,$2) OFFSET $3","service":"preplyte-api","timestamp":"2026-02-21 14:55:01"}
{"level":"debug","message":"Params: [\"cmlq4mwy70005ail9oqvo554e\",\"cmlrpepzc0005baw09iodoufn\",0]","service":"preplyte-api","timestamp":"2026-02-21 14:55:01"}
{"level":"debug","message":"Duration: 0ms","service":"preplyte-api","timestamp":"2026-02-21 14:55:01"}
{"level":"debug","message":"Query: SELECT \"public\".\"lms_enrollments\".\"id\", \"public\".\"lms_enrollments\".\"userId\", \"public\".\"lms_enrollments\".\"courseId\", \"public\".\"lms_enrollments\".\"status\"::text, \"public\".\"lms_enrollments\".\"completedModules\", \"public\".\"lms_enrollments\".\"completedTopics\", \"public\".\"lms_enrollments\".\"progressPercent\", \"public\".\"lms_enrollments\".\"totalPointsEarned\", \"public\".\"lms_enrollments\".\"moduleTestPointsEarned\", \"public\".\"lms_enrollments\".\"finalTestPointsEarned\", \"public\".\"lms_enrollments\".\"finalTestAttempted\", \"public\".\"lms_enrollments\".\"finalTestPassed\", \"public\".\"lms_enrollments\".\"finalTestScore\", \"public\".\"lms_enrollments\".\"finalTestMarks\", \"public\".\"lms_enrollments\".\"enrolledAt\", \"public\".\"lms_enrollments\".\"startedAt\", \"public\".\"lms_enrollments\".\"completedAt\", \"public\".\"lms_enrollments\".\"lastAccessedAt\", \"public\".\"lms_enrollments\".\"certificateUrl\", \"public\".\"lms_enrollments\".\"certificateIssuedAt\", \"public\".\"lms_enrollments\".\"createdAt\", \"public\".\"lms_enrollments\".\"updatedAt\" FROM \"public\".\"lms_enrollments\" WHERE (\"public\".\"lms_enrollments\".\"userId\" = $1 AND \"public\".\"lms_enrollments\".\"status\" = CAST($2::text AS \"public\".\"LmsEnrollmentStatus\") AND \"public\".\"lms_enrollments\".\"completedAt\" >= $3) ORDER BY \"public\".\"lms_enrollments\".\"completedAt\" DESC LIMIT $4 OFFSET $5","service":"preplyte-api","timestamp":"2026-02-21 14:55:01"}
{"level":"debug","message":"Params: [\"cmlq4h9or004p9qehngr7b15o\",\"COMPLETED\",\"2026-01-21 18:30:00 UTC\",5,0]","service":"preplyte-api","timestamp":"2026-02-21 14:55:01"}
{"level":"debug","message":"Duration: 10ms","service":"preplyte-api","timestamp":"2026-02-21 14:55:01"}
{"level":"debug","message":"Query: SELECT \"public\".\"lms_courses\".\"id\", \"public\".\"lms_courses\".\"title\", \"public\".\"lms_courses\".\"slug\" FROM \"public\".\"lms_courses\" WHERE \"public\".\"lms_courses\".\"id\" IN ($1,$2) OFFSET $3","service":"preplyte-api","timestamp":"2026-02-21 14:55:01"}
{"level":"debug","message":"Params: [\"cmlrpepzc0005baw09iodoufn\",\"cmlq4mwy70005ail9oqvo554e\",0]","service":"preplyte-api","timestamp":"2026-02-21 14:55:01"}
{"level":"debug","message":"Duration: 0ms","service":"preplyte-api","timestamp":"2026-02-21 14:55:01"}
{"level":"info","message":"\u001b[0mGET /api/dashboard/student/cmlq4h9or004p9qehngr7b15o \u001b[36m304\u001b[0m 247.856 ms - -\u001b[0m","service":"preplyte-api","timestamp":"2026-02-21 14:55:01"}
{"level":"debug","message":"Query: SELECT \"public\".\"users\".\"id\", \"public\".\"users\".\"email\", \"public\".\"users\".\"role\"::text, \"public\".\"users\".\"instituteId\", \"public\".\"users\".\"isActive\", \"public\".\"users\".\"tokenVersion\" FROM \"public\".\"users\" WHERE (\"public\".\"users\".\"id\" = $1 AND 1=1) LIMIT $2 OFFSET $3","service":"preplyte-api","timestamp":"2026-02-21 15:04:49"}
{"level":"debug","message":"Params: [\"cmlq4gfbb00039qehssiw4ew4\",1,0]","service":"preplyte-api","timestamp":"2026-02-21 15:04:49"}
{"level":"debug","message":"Duration: 14ms","service":"preplyte-api","timestamp":"2026-02-21 15:04:49"}
{"adminUserId":"cmlq4gfbb00039qehssiw4ew4","instituteId":"c1d2e3f4g5h6i7j8k9l0","level":"debug","message":"[DashboardService] Fetching student dashboard for admin","service":"preplyte-api","studentUserId":"cmlq4h9or004p9qehngr7b15o","timestamp":"2026-02-21 15:04:49"}
{"level":"debug","message":"Query: SELECT \"public\".\"users\".\"id\", \"public\".\"users\".\"email\", \"public\".\"users\".\"name\", \"public\".\"users\".\"instituteId\", \"public\".\"users\".\"role\"::text FROM \"public\".\"users\" WHERE (\"public\".\"users\".\"id\" = $1 AND 1=1) LIMIT $2 OFFSET $3","service":"preplyte-api","timestamp":"2026-02-21 15:04:49"}
{"level":"debug","message":"Params: [\"cmlq4h9or004p9qehngr7b15o\",1,0]","service":"preplyte-api","timestamp":"2026-02-21 15:04:49"}
{"level":"debug","message":"Duration: 2ms","service":"preplyte-api","timestamp":"2026-02-21 15:04:49"}
{"level":"debug","message":"Query: SELECT \"public\".\"student_profiles\".\"id\", \"public\".\"student_profiles\".\"userId\", \"public\".\"student_profiles\".\"fullName\", \"public\".\"student_profiles\".\"studentId\", \"public\".\"student_profiles\".\"resumeUrl\", \"public\".\"student_profiles\".\"resumeName\", \"public\".\"student_profiles\".\"skills\", \"public\".\"student_profiles\".\"departmentId\", \"public\".\"student_profiles\".\"courseYear\", \"public\".\"student_profiles\".\"collegeName\", \"public\".\"student_profiles\".\"numberOfBacklogs\", \"public\".\"student_profiles\".\"marks10\", \"public\".\"student_profiles\".\"marks12\", \"public\".\"student_profiles\".\"cgpaSemesters\", \"public\".\"student_profiles\".\"averageCgpa\", \"public\".\"student_profiles\".\"createdAt\", \"public\".\"student_profiles\".\"updatedAt\" FROM \"public\".\"student_profiles\" WHERE \"public\".\"student_profiles\".\"userId\" IN ($1) OFFSET $2","service":"preplyte-api","timestamp":"2026-02-21 15:04:49"}
{"level":"debug","message":"Params: [\"cmlq4h9or004p9qehngr7b15o\",0]","service":"preplyte-api","timestamp":"2026-02-21 15:04:49"}
{"level":"debug","message":"Duration: 19ms","service":"preplyte-api","timestamp":"2026-02-21 15:04:49"}
{"level":"debug","message":"Query: SELECT \"public\".\"departments\".\"id\", \"public\".\"departments\".\"instituteId\", \"public\".\"departments\".\"name\", \"public\".\"departments\".\"code\", \"public\".\"departments\".\"description\", \"public\".\"departments\".\"isActive\", \"public\".\"departments\".\"createdAt\", \"public\".\"departments\".\"updatedAt\" FROM \"public\".\"departments\" WHERE \"public\".\"departments\".\"id\" IN ($1) OFFSET $2","service":"preplyte-api","timestamp":"2026-02-21 15:04:49"}
{"level":"debug","message":"Params: [\"cmlq8n2sa0001s9ls3j4u6ytv\",0]","service":"preplyte-api","timestamp":"2026-02-21 15:04:49"}
{"level":"debug","message":"Duration: 9ms","service":"preplyte-api","timestamp":"2026-02-21 15:04:49"}
{"level":"debug","message":"[DashboardService] Fetching student dashboard","service":"preplyte-api","timestamp":"2026-02-21 15:04:49","userId":"cmlq4h9or004p9qehngr7b15o"}
{"level":"debug","message":"Query: SELECT \"public\".\"aptitude_practice_sessions\".\"id\", \"public\".\"aptitude_practice_sessions\".\"completedAt\", \"public\".\"aptitude_practice_sessions\".\"totalScore\", \"public\".\"aptitude_practice_sessions\".\"numberOfQuestions\" FROM \"public\".\"aptitude_practice_sessions\" WHERE \"public\".\"aptitude_practice_sessions\".\"userId\" = $1 OFFSET $2","service":"preplyte-api","timestamp":"2026-02-21 15:04:49"}
{"level":"debug","message":"Params: [\"cmlq4h9or004p9qehngr7b15o\",0]","service":"preplyte-api","timestamp":"2026-02-21 15:04:49"}
{"level":"debug","message":"Duration: 8ms","service":"preplyte-api","timestamp":"2026-02-21 15:04:49"}
{"level":"debug","message":"Query: SELECT \"public\".\"machine_practice_sessions\".\"id\", \"public\".\"machine_practice_sessions\".\"completedAt\", \"public\".\"machine_practice_sessions\".\"totalSolved\", \"public\".\"machine_practice_sessions\".\"numberOfQuestions\" FROM \"public\".\"machine_practice_sessions\" WHERE \"public\".\"machine_practice_sessions\".\"userId\" = $1 OFFSET $2","service":"preplyte-api","timestamp":"2026-02-21 15:04:49"}
{"level":"debug","message":"Params: [\"cmlq4h9or004p9qehngr7b15o\",0]","service":"preplyte-api","timestamp":"2026-02-21 15:04:49"}
{"level":"debug","message":"Duration: 9ms","service":"preplyte-api","timestamp":"2026-02-21 15:04:49"}
{"level":"debug","message":"Query: SELECT \"public\".\"ai_interview_sessions\".\"id\", \"public\".\"ai_interview_sessions\".\"status\"::text FROM \"public\".\"ai_interview_sessions\" WHERE \"public\".\"ai_interview_sessions\".\"userId\" = $1 OFFSET $2","service":"preplyte-api","timestamp":"2026-02-21 15:04:49"}
{"level":"debug","message":"Params: [\"cmlq4h9or004p9qehngr7b15o\",0]","service":"preplyte-api","timestamp":"2026-02-21 15:04:49"}
{"level":"debug","message":"Duration: 19ms","service":"preplyte-api","timestamp":"2026-02-21 15:04:49"}
{"level":"debug","message":"Query: SELECT \"public\".\"aptitude_practice_sessions\".\"id\", \"public\".\"aptitude_practice_sessions\".\"difficulty\"::text, \"public\".\"aptitude_practice_sessions\".\"totalScore\", \"public\".\"aptitude_practice_sessions\".\"numberOfQuestions\", \"public\".\"aptitude_practice_sessions\".\"completedAt\", \"public\".\"aptitude_practice_sessions\".\"questionTypes\"::text[] FROM \"public\".\"aptitude_practice_sessions\" WHERE (\"public\".\"aptitude_practice_sessions\".\"userId\" = $1 AND \"public\".\"aptitude_practice_sessions\".\"completedAt\" IS NOT NULL) ORDER BY \"public\".\"aptitude_practice_sessions\".\"completedAt\" DESC LIMIT $2 OFFSET $3","service":"preplyte-api","timestamp":"2026-02-21 15:04:49"}
{"level":"debug","message":"Params: [\"cmlq4h9or004p9qehngr7b15o\",5,0]","service":"preplyte-api","timestamp":"2026-02-21 15:04:49"}
{"level":"debug","message":"Duration: 11ms","service":"preplyte-api","timestamp":"2026-02-21 15:04:49"}
{"level":"debug","message":"Query: SELECT \"public\".\"ai_interview_sessions\".\"id\", \"public\".\"ai_interview_sessions\".\"difficulty\"::text, \"public\".\"ai_interview_sessions\".\"jobTitle\", \"public\".\"ai_interview_sessions\".\"completedAt\" FROM \"public\".\"ai_interview_sessions\" WHERE (\"public\".\"ai_interview_sessions\".\"userId\" = $1 AND \"public\".\"ai_interview_sessions\".\"status\" = CAST($2::text AS \"public\".\"AiInterviewSessionStatus\")) ORDER BY \"public\".\"ai_interview_sessions\".\"completedAt\" DESC LIMIT $3 OFFSET $4","service":"preplyte-api","timestamp":"2026-02-21 15:04:49"}
{"level":"debug","message":"Params: [\"cmlq4h9or004p9qehngr7b15o\",\"COMPLETED\",5,0]","service":"preplyte-api","timestamp":"2026-02-21 15:04:49"}
{"level":"debug","message":"Duration: 9ms","service":"preplyte-api","timestamp":"2026-02-21 15:04:49"}
{"level":"debug","message":"Query: SELECT \"public\".\"machine_practice_sessions\".\"id\", \"public\".\"machine_practice_sessions\".\"difficulty\"::text, \"public\".\"machine_practice_sessions\".\"totalSolved\", \"public\".\"machine_practice_sessions\".\"numberOfQuestions\", \"public\".\"machine_practice_sessions\".\"completedAt\" FROM \"public\".\"machine_practice_sessions\" WHERE (\"public\".\"machine_practice_sessions\".\"userId\" = $1 AND \"public\".\"machine_practice_sessions\".\"completedAt\" IS NOT NULL) ORDER BY \"public\".\"machine_practice_sessions\".\"completedAt\" DESC LIMIT $2 OFFSET $3","service":"preplyte-api","timestamp":"2026-02-21 15:04:49"}
{"level":"debug","message":"Params: [\"cmlq4h9or004p9qehngr7b15o\",5,0]","service":"preplyte-api","timestamp":"2026-02-21 15:04:49"}
{"level":"debug","message":"Duration: 5ms","service":"preplyte-api","timestamp":"2026-02-21 15:04:49"}
{"level":"debug","message":"Query: SELECT \"public\".\"lms_enrollments\".\"id\", \"public\".\"lms_enrollments\".\"userId\", \"public\".\"lms_enrollments\".\"courseId\", \"public\".\"lms_enrollments\".\"status\"::text, \"public\".\"lms_enrollments\".\"completedModules\", \"public\".\"lms_enrollments\".\"completedTopics\", \"public\".\"lms_enrollments\".\"progressPercent\", \"public\".\"lms_enrollments\".\"totalPointsEarned\", \"public\".\"lms_enrollments\".\"moduleTestPointsEarned\", \"public\".\"lms_enrollments\".\"finalTestPointsEarned\", \"public\".\"lms_enrollments\".\"finalTestAttempted\", \"public\".\"lms_enrollments\".\"finalTestPassed\", \"public\".\"lms_enrollments\".\"finalTestScore\", \"public\".\"lms_enrollments\".\"finalTestMarks\", \"public\".\"lms_enrollments\".\"enrolledAt\", \"public\".\"lms_enrollments\".\"startedAt\", \"public\".\"lms_enrollments\".\"completedAt\", \"public\".\"lms_enrollments\".\"lastAccessedAt\", \"public\".\"lms_enrollments\".\"certificateUrl\", \"public\".\"lms_enrollments\".\"certificateIssuedAt\", \"public\".\"lms_enrollments\".\"createdAt\", \"public\".\"lms_enrollments\".\"updatedAt\" FROM \"public\".\"lms_enrollments\" WHERE \"public\".\"lms_enrollments\".\"userId\" = $1 ORDER BY \"public\".\"lms_enrollments\".\"lastAccessedAt\" DESC OFFSET $2","service":"preplyte-api","timestamp":"2026-02-21 15:04:49"}
{"level":"debug","message":"Params: [\"cmlq4h9or004p9qehngr7b15o\",0]","service":"preplyte-api","timestamp":"2026-02-21 15:04:49"}
{"level":"debug","message":"Duration: 5ms","service":"preplyte-api","timestamp":"2026-02-21 15:04:49"}
{"level":"debug","message":"Query: SELECT \"public\".\"lms_courses\".\"id\", \"public\".\"lms_courses\".\"categoryId\", \"public\".\"lms_courses\".\"title\", \"public\".\"lms_courses\".\"slug\", \"public\".\"lms_courses\".\"shortDescription\", \"public\".\"lms_courses\".\"description\", \"public\".\"lms_courses\".\"thumbnailUrl\", \"public\".\"lms_courses\".\"previewVideoUrl\", \"public\".\"lms_courses\".\"totalModules\", \"public\".\"lms_courses\".\"totalTopics\", \"public\".\"lms_courses\".\"totalPoints\", \"public\".\"lms_courses\".\"totalHours\", \"public\".\"lms_courses\".\"price\", \"public\".\"lms_courses\".\"discountPrice\", \"public\".\"lms_courses\".\"currency\", \"public\".\"lms_courses\".\"status\"::text, \"public\".\"lms_courses\".\"isActive\", \"public\".\"lms_courses\".\"certificateEnabled\", \"public\".\"lms_courses\".\"passingPercentage\", \"public\".\"lms_courses\".\"tags\", \"public\".\"lms_courses\".\"difficulty\"::text, \"public\".\"lms_courses\".\"instructor\", \"public\".\"lms_courses\".\"language\", \"public\".\"lms_courses\".\"averageRating\", \"public\".\"lms_courses\".\"ratingsCount\", \"public\".\"lms_courses\".\"createdAt\", \"public\".\"lms_courses\".\"updatedAt\", \"public\".\"lms_courses\".\"publishedAt\" FROM \"public\".\"lms_courses\" WHERE \"public\".\"lms_courses\".\"id\" IN ($1,$2) OFFSET $3","service":"preplyte-api","timestamp":"2026-02-21 15:04:49"}
{"level":"debug","message":"Params: [\"cmlrpepzc0005baw09iodoufn\",\"cmlq4mwy70005ail9oqvo554e\",0]","service":"preplyte-api","timestamp":"2026-02-21 15:04:49"}
{"level":"debug","message":"Duration: 6ms","service":"preplyte-api","timestamp":"2026-02-21 15:04:49"}
{"level":"debug","message":"Query: SELECT \"public\".\"lms_enrollments\".\"id\", \"public\".\"lms_enrollments\".\"courseId\" FROM \"public\".\"lms_enrollments\" WHERE \"public\".\"lms_enrollments\".\"userId\" = $1 OFFSET $2","service":"preplyte-api","timestamp":"2026-02-21 15:04:49"}
{"level":"debug","message":"Params: [\"cmlq4h9or004p9qehngr7b15o\",0]","service":"preplyte-api","timestamp":"2026-02-21 15:04:49"}
{"level":"debug","message":"Duration: 8ms","service":"preplyte-api","timestamp":"2026-02-21 15:04:49"}
{"level":"debug","message":"Query: SELECT \"public\".\"lms_categories\".\"id\", \"public\".\"lms_categories\".\"name\" FROM \"public\".\"lms_categories\" WHERE \"public\".\"lms_categories\".\"id\" IN ($1) OFFSET $2","service":"preplyte-api","timestamp":"2026-02-21 15:04:49"}
{"level":"debug","message":"Params: [\"cmlq4lrae0003ail99wlb2luj\",0]","service":"preplyte-api","timestamp":"2026-02-21 15:04:49"}
{"level":"debug","message":"Duration: 4ms","service":"preplyte-api","timestamp":"2026-02-21 15:04:49"}
{"level":"debug","message":"Query: SELECT \"public\".\"lms_enrollments\".\"id\", \"public\".\"lms_enrollments\".\"userId\", \"public\".\"lms_enrollments\".\"courseId\", \"public\".\"lms_enrollments\".\"status\"::text, \"public\".\"lms_enrollments\".\"completedModules\", \"public\".\"lms_enrollments\".\"completedTopics\", \"public\".\"lms_enrollments\".\"progressPercent\", \"public\".\"lms_enrollments\".\"totalPointsEarned\", \"public\".\"lms_enrollments\".\"moduleTestPointsEarned\", \"public\".\"lms_enrollments\".\"finalTestPointsEarned\", \"public\".\"lms_enrollments\".\"finalTestAttempted\", \"public\".\"lms_enrollments\".\"finalTestPassed\", \"public\".\"lms_enrollments\".\"finalTestScore\", \"public\".\"lms_enrollments\".\"finalTestMarks\", \"public\".\"lms_enrollments\".\"enrolledAt\", \"public\".\"lms_enrollments\".\"startedAt\", \"public\".\"lms_enrollments\".\"completedAt\", \"public\".\"lms_enrollments\".\"lastAccessedAt\", \"public\".\"lms_enrollments\".\"certificateUrl\", \"public\".\"lms_enrollments\".\"certificateIssuedAt\", \"public\".\"lms_enrollments\".\"createdAt\", \"public\".\"lms_enrollments\".\"updatedAt\" FROM \"public\".\"lms_enrollments\" WHERE \"public\".\"lms_enrollments\".\"userId\" = $1 OFFSET $2","service":"preplyte-api","timestamp":"2026-02-21 15:04:49"}
{"level":"debug","message":"Params: [\"cmlq4h9or004p9qehngr7b15o\",0]","service":"preplyte-api","timestamp":"2026-02-21 15:04:49"}
{"level":"debug","message":"Duration: 7ms","service":"preplyte-api","timestamp":"2026-02-21 15:04:49"}
{"level":"debug","message":"Query: SELECT \"public\".\"lms_enrollments\".\"id\", \"public\".\"lms_enrollments\".\"userId\", \"public\".\"lms_enrollments\".\"courseId\", \"public\".\"lms_enrollments\".\"status\"::text, \"public\".\"lms_enrollments\".\"completedModules\", \"public\".\"lms_enrollments\".\"completedTopics\", \"public\".\"lms_enrollments\".\"progressPercent\", \"public\".\"lms_enrollments\".\"totalPointsEarned\", \"public\".\"lms_enrollments\".\"moduleTestPointsEarned\", \"public\".\"lms_enrollments\".\"finalTestPointsEarned\", \"public\".\"lms_enrollments\".\"finalTestAttempted\", \"public\".\"lms_enrollments\".\"finalTestPassed\", \"public\".\"lms_enrollments\".\"finalTestScore\", \"public\".\"lms_enrollments\".\"finalTestMarks\", \"public\".\"lms_enrollments\".\"enrolledAt\", \"public\".\"lms_enrollments\".\"startedAt\", \"public\".\"lms_enrollments\".\"completedAt\", \"public\".\"lms_enrollments\".\"lastAccessedAt\", \"public\".\"lms_enrollments\".\"certificateUrl\", \"public\".\"lms_enrollments\".\"certificateIssuedAt\", \"public\".\"lms_enrollments\".\"createdAt\", \"public\".\"lms_enrollments\".\"updatedAt\" FROM \"public\".\"lms_enrollments\" WHERE (\"public\".\"lms_enrollments\".\"userId\" = $1 AND \"public\".\"lms_enrollments\".\"enrolledAt\" >= $2) ORDER BY \"public\".\"lms_enrollments\".\"enrolledAt\" DESC LIMIT $3 OFFSET $4","service":"preplyte-api","timestamp":"2026-02-21 15:04:49"}
{"level":"debug","message":"Params: [\"cmlq4h9or004p9qehngr7b15o\",\"2026-01-21 18:30:00 UTC\",5,0]","service":"preplyte-api","timestamp":"2026-02-21 15:04:49"}
{"level":"debug","message":"Duration: 9ms","service":"preplyte-api","timestamp":"2026-02-21 15:04:49"}
{"level":"debug","message":"Query: SELECT \"public\".\"lms_courses\".\"id\", \"public\".\"lms_courses\".\"totalHours\", \"public\".\"lms_courses\".\"totalPoints\" FROM \"public\".\"lms_courses\" WHERE \"public\".\"lms_courses\".\"id\" IN ($1,$2) OFFSET $3","service":"preplyte-api","timestamp":"2026-02-21 15:04:49"}
{"level":"debug","message":"Params: [\"cmlq4mwy70005ail9oqvo554e\",\"cmlrpepzc0005baw09iodoufn\",0]","service":"preplyte-api","timestamp":"2026-02-21 15:04:49"}
{"level":"debug","message":"Duration: 6ms","service":"preplyte-api","timestamp":"2026-02-21 15:04:49"}
{"level":"debug","message":"Query: SELECT \"public\".\"mock_drive_registrations\".\"id\", \"public\".\"mock_drive_registrations\".\"mockDriveId\", \"public\".\"mock_drive_registrations\".\"userId\", \"public\".\"mock_drive_registrations\".\"status\"::text, \"public\".\"mock_drive_registrations\".\"eligibilityCheckResult\", \"public\".\"mock_drive_registrations\".\"adminNotes\", \"public\".\"mock_drive_registrations\".\"batchId\", \"public\".\"mock_drive_registrations\".\"registeredAt\", \"public\".\"mock_drive_registrations\".\"reviewedAt\", \"public\".\"mock_drive_registrations\".\"reviewedBy\", \"public\".\"mock_drive_registrations\".\"createdAt\", \"public\".\"mock_drive_registrations\".\"updatedAt\" FROM \"public\".\"mock_drive_registrations\" LEFT JOIN \"public\".\"mock_drives\" AS \"orderby_1\" ON (\"orderby_1\".\"id\") = (\"public\".\"mock_drive_registrations\".\"mockDriveId\") LEFT JOIN \"public\".\"mock_drives\" AS \"j1\" ON (\"j1\".\"id\") = (\"public\".\"mock_drive_registrations\".\"mockDriveId\") WHERE (\"public\".\"mock_drive_registrations\".\"userId\" = $1 AND \"public\".\"mock_drive_registrations\".\"status\" = CAST($2::text AS \"public\".\"MockDriveRegistrationStatus\") AND (\"j1\".\"status\" IN (CAST($3::text AS \"public\".\"MockDriveStatus\"),CAST($4::text AS \"public\".\"MockDriveStatus\"),CAST($5::text AS \"public\".\"MockDriveStatus\")) AND \"j1\".\"driveStartDate\" > $6 AND (\"j1\".\"id\" IS NOT NULL))) ORDER BY \"orderby_1\".\"driveStartDate\" ASC LIMIT $7 OFFSET $8","service":"preplyte-api","timestamp":"2026-02-21 15:04:49"}
{"level":"debug","message":"Params: [\"cmlq4h9or004p9qehngr7b15o\",\"APPROVED\",\"PUBLISHED\",\"REGISTRATION_OPEN\",\"REGISTRATION_CLOSED\",\"2026-02-21 09:34:49.485 UTC\",5,0]","service":"preplyte-api","timestamp":"2026-02-21 15:04:49"}
{"level":"debug","message":"Duration: 11ms","service":"preplyte-api","timestamp":"2026-02-21 15:04:49"}
{"level":"debug","message":"Query: SELECT \"public\".\"lms_courses\".\"id\", \"public\".\"lms_courses\".\"title\", \"public\".\"lms_courses\".\"slug\" FROM \"public\".\"lms_courses\" WHERE \"public\".\"lms_courses\".\"id\" IN ($1,$2) OFFSET $3","service":"preplyte-api","timestamp":"2026-02-21 15:04:49"}
{"level":"debug","message":"Params: [\"cmlrpepzc0005baw09iodoufn\",\"cmlq4mwy70005ail9oqvo554e\",0]","service":"preplyte-api","timestamp":"2026-02-21 15:04:49"}
{"level":"debug","message":"Duration: 5ms","service":"preplyte-api","timestamp":"2026-02-21 15:04:49"}
{"level":"debug","message":"Query: SELECT \"public\".\"lms_courses\".\"id\", \"public\".\"lms_courses\".\"categoryId\", \"public\".\"lms_courses\".\"title\", \"public\".\"lms_courses\".\"slug\", \"public\".\"lms_courses\".\"shortDescription\", \"public\".\"lms_courses\".\"description\", \"public\".\"lms_courses\".\"thumbnailUrl\", \"public\".\"lms_courses\".\"previewVideoUrl\", \"public\".\"lms_courses\".\"totalModules\", \"public\".\"lms_courses\".\"totalTopics\", \"public\".\"lms_courses\".\"totalPoints\", \"public\".\"lms_courses\".\"totalHours\", \"public\".\"lms_courses\".\"price\", \"public\".\"lms_courses\".\"discountPrice\", \"public\".\"lms_courses\".\"currency\", \"public\".\"lms_courses\".\"status\"::text, \"public\".\"lms_courses\".\"isActive\", \"public\".\"lms_courses\".\"certificateEnabled\", \"public\".\"lms_courses\".\"passingPercentage\", \"public\".\"lms_courses\".\"tags\", \"public\".\"lms_courses\".\"difficulty\"::text, \"public\".\"lms_courses\".\"instructor\", \"public\".\"lms_courses\".\"language\", \"public\".\"lms_courses\".\"averageRating\", \"public\".\"lms_courses\".\"ratingsCount\", \"public\".\"lms_courses\".\"createdAt\", \"public\".\"lms_courses\".\"updatedAt\", \"public\".\"lms_courses\".\"publishedAt\", COALESCE(\"aggr_selection_0_LmsEnrollment\".\"_aggr_count_enrollments\", 0) AS \"_aggr_count_enrollments\" FROM \"public\".\"lms_courses\" LEFT JOIN (SELECT \"public\".\"lms_enrollments\".\"courseId\", COUNT(*) AS \"orderby_aggregator\" FROM \"public\".\"lms_enrollments\" WHERE 1=1 GROUP BY \"public\".\"lms_enrollments\".\"courseId\") AS \"orderby_1_LmsEnrollment\" ON (\"public\".\"lms_courses\".\"id\" = \"orderby_1_LmsEnrollment\".\"courseId\") LEFT JOIN (SELECT \"public\".\"lms_enrollments\".\"courseId\", COUNT(*) AS \"_aggr_count_enrollments\" FROM \"public\".\"lms_enrollments\" WHERE 1=1 GROUP BY \"public\".\"lms_enrollments\".\"courseId\") AS \"aggr_selection_0_LmsEnrollment\" ON (\"public\".\"lms_courses\".\"id\" = \"aggr_selection_0_LmsEnrollment\".\"courseId\") WHERE (\"public\".\"lms_courses\".\"id\" NOT IN ($1,$2) AND \"public\".\"lms_courses\".\"status\" = CAST($3::text AS \"public\".\"LmsCourseStatus\") AND \"public\".\"lms_courses\".\"isActive\" = $4) ORDER BY COALESCE(\"orderby_1_LmsEnrollment\".\"orderby_aggregator\", $5) DESC, \"public\".\"lms_courses\".\"averageRating\" DESC LIMIT $6 OFFSET $7","service":"preplyte-api","timestamp":"2026-02-21 15:04:49"}
{"level":"debug","message":"Params: [\"cmlq4mwy70005ail9oqvo554e\",\"cmlrpepzc0005baw09iodoufn\",\"PUBLISHED\",true,0,5,0]","service":"preplyte-api","timestamp":"2026-02-21 15:04:49"}
{"level":"debug","message":"Duration: 4ms","service":"preplyte-api","timestamp":"2026-02-21 15:04:49"}
{"level":"debug","message":"Query: SELECT COUNT(*) FROM (SELECT \"public\".\"lms_module_progress\".\"id\" FROM \"public\".\"lms_module_progress\" WHERE (\"public\".\"lms_module_progress\".\"userId\" = $1 AND \"public\".\"lms_module_progress\".\"testPassed\" = $2) OFFSET $3) AS \"sub\"","service":"preplyte-api","timestamp":"2026-02-21 15:04:49"}
{"level":"debug","message":"Params: [\"cmlq4h9or004p9qehngr7b15o\",true,0]","service":"preplyte-api","timestamp":"2026-02-21 15:04:49"}
{"level":"debug","message":"Duration: 6ms","service":"preplyte-api","timestamp":"2026-02-21 15:04:49"}
{"level":"debug","message":"Query: SELECT \"public\".\"lms_module_progress\".\"id\", \"public\".\"lms_module_progress\".\"userId\", \"public\".\"lms_module_progress\".\"moduleId\", \"public\".\"lms_module_progress\".\"status\"::text, \"public\".\"lms_module_progress\".\"completedTopics\", \"public\".\"lms_module_progress\".\"totalTopics\", \"public\".\"lms_module_progress\".\"progressPercent\", \"public\".\"lms_module_progress\".\"testAttempted\", \"public\".\"lms_module_progress\".\"testPassed\", \"public\".\"lms_module_progress\".\"testScore\", \"public\".\"lms_module_progress\".\"testAttempts\", \"public\".\"lms_module_progress\".\"pointsEarned\", \"public\".\"lms_module_progress\".\"timeSpentMinutes\", \"public\".\"lms_module_progress\".\"startedAt\", \"public\".\"lms_module_progress\".\"completedAt\", \"public\".\"lms_module_progress\".\"createdAt\", \"public\".\"lms_module_progress\".\"updatedAt\" FROM \"public\".\"lms_module_progress\" WHERE (\"public\".\"lms_module_progress\".\"userId\" = $1 AND \"public\".\"lms_module_progress\".\"status\" = CAST($2::text AS \"public\".\"LmsModuleStatus\") AND \"public\".\"lms_module_progress\".\"completedAt\" >= $3) ORDER BY \"public\".\"lms_module_progress\".\"completedAt\" DESC LIMIT $4 OFFSET $5","service":"preplyte-api","timestamp":"2026-02-21 15:04:49"}
{"level":"debug","message":"Params: [\"cmlq4h9or004p9qehngr7b15o\",\"COMPLETED\",\"2026-01-21 18:30:00 UTC\",5,0]","service":"preplyte-api","timestamp":"2026-02-21 15:04:49"}
{"level":"debug","message":"Duration: 5ms","service":"preplyte-api","timestamp":"2026-02-21 15:04:49"}
{"level":"debug","message":"Query: SELECT \"public\".\"lms_categories\".\"id\", \"public\".\"lms_categories\".\"name\" FROM \"public\".\"lms_categories\" WHERE \"public\".\"lms_categories\".\"id\" IN ($1) OFFSET $2","service":"preplyte-api","timestamp":"2026-02-21 15:04:49"}
{"level":"debug","message":"Params: [\"cmls4iwf200x0m93kfd559mke\",0]","service":"preplyte-api","timestamp":"2026-02-21 15:04:49"}
{"level":"debug","message":"Duration: 4ms","service":"preplyte-api","timestamp":"2026-02-21 15:04:49"}
{"level":"debug","message":"Query: SELECT \"public\".\"lms_modules\".\"id\", \"public\".\"lms_modules\".\"courseId\", \"public\".\"lms_modules\".\"title\", \"public\".\"lms_modules\".\"shortDescription\", \"public\".\"lms_modules\".\"description\", \"public\".\"lms_modules\".\"order\", \"public\".\"lms_modules\".\"totalTopics\", \"public\".\"lms_modules\".\"points\", \"public\".\"lms_modules\".\"estimatedMinutes\", \"public\".\"lms_modules\".\"isActive\", \"public\".\"lms_modules\".\"createdAt\", \"public\".\"lms_modules\".\"updatedAt\" FROM \"public\".\"lms_modules\" WHERE \"public\".\"lms_modules\".\"id\" IN ($1,$2) OFFSET $3","service":"preplyte-api","timestamp":"2026-02-21 15:04:49"}
{"level":"debug","message":"Params: [\"cmlrpepzc0006baw07zsxhatq\",\"cmlq4o74o000cail9p6dp7mym\",0]","service":"preplyte-api","timestamp":"2026-02-21 15:04:49"}
{"level":"debug","message":"Duration: 4ms","service":"preplyte-api","timestamp":"2026-02-21 15:04:49"}
{"level":"debug","message":"Query: SELECT \"public\".\"lms_courses\".\"id\", \"public\".\"lms_courses\".\"title\", \"public\".\"lms_courses\".\"slug\" FROM \"public\".\"lms_courses\" WHERE \"public\".\"lms_courses\".\"id\" IN ($1,$2) OFFSET $3","service":"preplyte-api","timestamp":"2026-02-21 15:04:49"}
{"level":"debug","message":"Params: [\"cmlq4mwy70005ail9oqvo554e\",\"cmlrpepzc0005baw09iodoufn\",0]","service":"preplyte-api","timestamp":"2026-02-21 15:04:49"}
{"level":"debug","message":"Duration: 1ms","service":"preplyte-api","timestamp":"2026-02-21 15:04:49"}
{"level":"debug","message":"Query: SELECT \"public\".\"lms_test_attempts\".\"id\", \"public\".\"lms_test_attempts\".\"userId\", \"public\".\"lms_test_attempts\".\"moduleTestId\", \"public\".\"lms_test_attempts\".\"finalTestId\", \"public\".\"lms_test_attempts\".\"testType\"::text, \"public\".\"lms_test_attempts\".\"status\"::text, \"public\".\"lms_test_attempts\".\"attemptNumber\", \"public\".\"lms_test_attempts\".\"totalQuestions\", \"public\".\"lms_test_attempts\".\"correctAnswers\", \"public\".\"lms_test_attempts\".\"wrongAnswers\", \"public\".\"lms_test_attempts\".\"unanswered\", \"public\".\"lms_test_attempts\".\"score\", \"public\".\"lms_test_attempts\".\"pointsEarned\", \"public\".\"lms_test_attempts\".\"marksObtained\", \"public\".\"lms_test_attempts\".\"totalMarks\", \"public\".\"lms_test_attempts\".\"isPassed\", \"public\".\"lms_test_attempts\".\"timeLimitMinutes\", \"public\".\"lms_test_attempts\".\"timeSpentSeconds\", \"public\".\"lms_test_attempts\".\"startedAt\", \"public\".\"lms_test_attempts\".\"completedAt\", \"public\".\"lms_test_attempts\".\"expiresAt\", \"public\".\"lms_test_attempts\".\"createdAt\", \"public\".\"lms_test_attempts\".\"updatedAt\" FROM \"public\".\"lms_test_attempts\" WHERE (\"public\".\"lms_test_attempts\".\"userId\" = $1 AND \"public\".\"lms_test_attempts\".\"status\" = CAST($2::text AS \"public\".\"LmsTestAttemptStatus\") AND \"public\".\"lms_test_attempts\".\"isPassed\" = $3 AND \"public\".\"lms_test_attempts\".\"completedAt\" >= $4) ORDER BY \"public\".\"lms_test_attempts\".\"completedAt\" DESC LIMIT $5 OFFSET $6","service":"preplyte-api","timestamp":"2026-02-21 15:04:49"}
{"level":"debug","message":"Params: [\"cmlq4h9or004p9qehngr7b15o\",\"COMPLETED\",true,\"2026-01-21 18:30:00 UTC\",5,0]","service":"preplyte-api","timestamp":"2026-02-21 15:04:49"}
{"level":"debug","message":"Duration: 13ms","service":"preplyte-api","timestamp":"2026-02-21 15:04:49"}
{"level":"debug","message":"Query: SELECT \"public\".\"lms_final_tests\".\"id\", \"public\".\"lms_final_tests\".\"courseId\", \"public\".\"lms_final_tests\".\"title\", \"public\".\"lms_final_tests\".\"instructions\", \"public\".\"lms_final_tests\".\"totalQuestions\", \"public\".\"lms_final_tests\".\"passingScore\", \"public\".\"lms_final_tests\".\"timeLimitMinutes\", \"public\".\"lms_final_tests\".\"pointsPerQuestion\", \"public\".\"lms_final_tests\".\"totalPoints\", \"public\".\"lms_final_tests\".\"maxAttempts\", \"public\".\"lms_final_tests\".\"isActive\", \"public\".\"lms_final_tests\".\"createdAt\", \"public\".\"lms_final_tests\".\"updatedAt\" FROM \"public\".\"lms_final_tests\" WHERE \"public\".\"lms_final_tests\".\"id\" IN ($1,$2) OFFSET $3","service":"preplyte-api","timestamp":"2026-02-21 15:04:49"}
{"level":"debug","message":"Params: [\"cmlrpepzc0008baw0c1apb4vk\",\"cmlq4mwy70006ail9x0zgfcf2\",0]","service":"preplyte-api","timestamp":"2026-02-21 15:04:49"}
{"level":"debug","message":"Duration: 4ms","service":"preplyte-api","timestamp":"2026-02-21 15:04:49"}
{"level":"debug","message":"Query: SELECT \"public\".\"lms_courses\".\"id\", \"public\".\"lms_courses\".\"title\", \"public\".\"lms_courses\".\"slug\" FROM \"public\".\"lms_courses\" WHERE \"public\".\"lms_courses\".\"id\" IN ($1,$2) OFFSET $3","service":"preplyte-api","timestamp":"2026-02-21 15:04:49"}
{"level":"debug","message":"Params: [\"cmlq4mwy70005ail9oqvo554e\",\"cmlrpepzc0005baw09iodoufn\",0]","service":"preplyte-api","timestamp":"2026-02-21 15:04:49"}
{"level":"debug","message":"Duration: 0ms","service":"preplyte-api","timestamp":"2026-02-21 15:04:49"}
{"level":"debug","message":"Query: SELECT \"public\".\"lms_enrollments\".\"id\", \"public\".\"lms_enrollments\".\"userId\", \"public\".\"lms_enrollments\".\"courseId\", \"public\".\"lms_enrollments\".\"status\"::text, \"public\".\"lms_enrollments\".\"completedModules\", \"public\".\"lms_enrollments\".\"completedTopics\", \"public\".\"lms_enrollments\".\"progressPercent\", \"public\".\"lms_enrollments\".\"totalPointsEarned\", \"public\".\"lms_enrollments\".\"moduleTestPointsEarned\", \"public\".\"lms_enrollments\".\"finalTestPointsEarned\", \"public\".\"lms_enrollments\".\"finalTestAttempted\", \"public\".\"lms_enrollments\".\"finalTestPassed\", \"public\".\"lms_enrollments\".\"finalTestScore\", \"public\".\"lms_enrollments\".\"finalTestMarks\", \"public\".\"lms_enrollments\".\"enrolledAt\", \"public\".\"lms_enrollments\".\"startedAt\", \"public\".\"lms_enrollments\".\"completedAt\", \"public\".\"lms_enrollments\".\"lastAccessedAt\", \"public\".\"lms_enrollments\".\"certificateUrl\", \"public\".\"lms_enrollments\".\"certificateIssuedAt\", \"public\".\"lms_enrollments\".\"createdAt\", \"public\".\"lms_enrollments\".\"updatedAt\" FROM \"public\".\"lms_enrollments\" WHERE (\"public\".\"lms_enrollments\".\"userId\" = $1 AND \"public\".\"lms_enrollments\".\"status\" = CAST($2::text AS \"public\".\"LmsEnrollmentStatus\") AND \"public\".\"lms_enrollments\".\"completedAt\" >= $3) ORDER BY \"public\".\"lms_enrollments\".\"completedAt\" DESC LIMIT $4 OFFSET $5","service":"preplyte-api","timestamp":"2026-02-21 15:04:49"}
{"level":"debug","message":"Params: [\"cmlq4h9or004p9qehngr7b15o\",\"COMPLETED\",\"2026-01-21 18:30:00 UTC\",5,0]","service":"preplyte-api","timestamp":"2026-02-21 15:04:49"}
{"level":"debug","message":"Duration: 2ms","service":"preplyte-api","timestamp":"2026-02-21 15:04:49"}
{"level":"debug","message":"Query: SELECT \"public\".\"lms_courses\".\"id\", \"public\".\"lms_courses\".\"title\", \"public\".\"lms_courses\".\"slug\" FROM \"public\".\"lms_courses\" WHERE \"public\".\"lms_courses\".\"id\" IN ($1,$2) OFFSET $3","service":"preplyte-api","timestamp":"2026-02-21 15:04:49"}
{"level":"debug","message":"Params: [\"cmlrpepzc0005baw09iodoufn\",\"cmlq4mwy70005ail9oqvo554e\",0]","service":"preplyte-api","timestamp":"2026-02-21 15:04:49"}
{"level":"debug","message":"Duration: 0ms","service":"preplyte-api","timestamp":"2026-02-21 15:04:49"}
{"level":"info","message":"\u001b[0mGET /api/dashboard/student/cmlq4h9or004p9qehngr7b15o \u001b[36m304\u001b[0m 416.423 ms - -\u001b[0m","service":"preplyte-api","timestamp":"2026-02-21 15:04:49"}
{"baseURL":"https://judge0-ce.p.rapidapi.com","level":"info","message":"Judge0 client initialized","service":"preplyte-api","timestamp":"2026-02-21 15:24:59","useRapidAPI":true}
{"level":"info","message":"[TTS] Using Deepgram for text-to-speech","service":"preplyte-api","timestamp":"2026-02-21 15:24:59"}
{"keyLength":39,"keyPrefix":"AIzaSyC7yj...","level":"info","message":"Gemini API Key loaded:","service":"preplyte-api","timestamp":"2026-02-21 15:25:00"}
{"environment":"development","host":"0.0.0.0","level":"info","message":"Starting server...","port":4000,"service":"preplyte-api","timestamp":"2026-02-21 15:25:00"}
{"level":"info","message":"Checking database connection...","service":"preplyte-api","timestamp":"2026-02-21 15:25:00"}
{"level":"debug","message":"Query: SELECT 1","service":"preplyte-api","timestamp":"2026-02-21 15:25:00"}
{"level":"debug","message":"Params: []","service":"preplyte-api","timestamp":"2026-02-21 15:25:00"}
{"level":"debug","message":"Duration: 1ms","service":"preplyte-api","timestamp":"2026-02-21 15:25:00"}
{"level":"info","message":"✅ Database connected successfully","service":"preplyte-api","timestamp":"2026-02-21 15:25:00"}
{"level":"info","message":"[WS Gateway] WebSocket server initialized","path":"/ws/interview/:sessionId","service":"preplyte-api","timestamp":"2026-02-21 15:25:00"}
{"api":"http://localhost:4000/api","environment":"development","health":"http://localhost:4000/health","host":"0.0.0.0","level":"info","message":"🚀 Server running","port":4000,"service":"preplyte-api","timestamp":"2026-02-21 15:25:00","websocket":"ws://localhost:4000/ws/interview/:sessionId"}
{"intervalHours":24,"level":"info","message":"Starting token cleanup scheduler","service":"preplyte-api","timestamp":"2026-02-21 15:25:00"}
{"level":"info","message":"Starting token cleanup job","service":"preplyte-api","timestamp":"2026-02-21 15:25:00"}
{"level":"debug","message":"Query: DELETE FROM \"public\".\"refresh_tokens\" WHERE (\"public\".\"refresh_tokens\".\"expiresAt\" < $1 OR \"public\".\"refresh_tokens\".\"revokedAt\" < $2)","service":"preplyte-api","timestamp":"2026-02-21 15:25:00"}
{"level":"debug","message":"Params: [\"2026-02-21 09:55:00.501 UTC\",\"2026-02-14 09:55:00.501 UTC\"]","service":"preplyte-api","timestamp":"2026-02-21 15:25:00"}
{"level":"debug","message":"Duration: 5ms","service":"preplyte-api","timestamp":"2026-02-21 15:25:00"}
{"count":0,"level":"info","message":"Cleaned up expired tokens","service":"preplyte-api","timestamp":"2026-02-21 15:25:00"}
{"level":"info","message":"Token cleanup completed","service":"preplyte-api","timestamp":"2026-02-21 15:25:00","tokensRemoved":0}
{"baseURL":"https://judge0-ce.p.rapidapi.com","level":"info","message":"Judge0 client initialized","service":"preplyte-api","timestamp":"2026-02-21 15:25:09","useRapidAPI":true}
{"level":"info","message":"[TTS] Using Deepgram for text-to-speech","service":"preplyte-api","timestamp":"2026-02-21 15:25:09"}
{"keyLength":39,"keyPrefix":"AIzaSyC7yj...","level":"info","message":"Gemini API Key loaded:","service":"preplyte-api","timestamp":"2026-02-21 15:25:09"}
{"environment":"development","host":"0.0.0.0","level":"info","message":"Starting server...","port":4000,"service":"preplyte-api","timestamp":"2026-02-21 15:25:09"}
{"level":"info","message":"Checking database connection...","service":"preplyte-api","timestamp":"2026-02-21 15:25:09"}
{"level":"debug","message":"Query: SELECT 1","service":"preplyte-api","timestamp":"2026-02-21 15:25:10"}
{"level":"debug","message":"Params: []","service":"preplyte-api","timestamp":"2026-02-21 15:25:10"}
{"level":"debug","message":"Duration: 1ms","service":"preplyte-api","timestamp":"2026-02-21 15:25:10"}
{"level":"info","message":"✅ Database connected successfully","service":"preplyte-api","timestamp":"2026-02-21 15:25:10"}
{"level":"info","message":"[WS Gateway] WebSocket server initialized","path":"/ws/interview/:sessionId","service":"preplyte-api","timestamp":"2026-02-21 15:25:10"}
{"api":"http://localhost:4000/api","environment":"development","health":"http://localhost:4000/health","host":"0.0.0.0","level":"info","message":"🚀 Server running","port":4000,"service":"preplyte-api","timestamp":"2026-02-21 15:25:10","websocket":"ws://localhost:4000/ws/interview/:sessionId"}
{"intervalHours":24,"level":"info","message":"Starting token cleanup scheduler","service":"preplyte-api","timestamp":"2026-02-21 15:25:10"}
{"level":"info","message":"Starting token cleanup job","service":"preplyte-api","timestamp":"2026-02-21 15:25:10"}
{"level":"debug","message":"Query: DELETE FROM \"public\".\"refresh_tokens\" WHERE (\"public\".\"refresh_tokens\".\"expiresAt\" < $1 OR \"public\".\"refresh_tokens\".\"revokedAt\" < $2)","service":"preplyte-api","timestamp":"2026-02-21 15:25:10"}
{"level":"debug","message":"Params: [\"2026-02-21 09:55:10.052 UTC\",\"2026-02-14 09:55:10.052 UTC\"]","service":"preplyte-api","timestamp":"2026-02-21 15:25:10"}
{"level":"debug","message":"Duration: 5ms","service":"preplyte-api","timestamp":"2026-02-21 15:25:10"}
{"count":0,"level":"info","message":"Cleaned up expired tokens","service":"preplyte-api","timestamp":"2026-02-21 15:25:10"}
{"level":"info","message":"Token cleanup completed","service":"preplyte-api","timestamp":"2026-02-21 15:25:10","tokensRemoved":0}
