{"baseURL":"https://judge0-ce.p.rapidapi.com","level":"info","message":"Judge0 client initialized","service":"preplyte-api","timestamp":"2026-02-18 10:12:37","useRapidAPI":true}
{"level":"info","message":"[TTS] Using Deepgram for text-to-speech","service":"preplyte-api","timestamp":"2026-02-18 10:12:38"}
{"keyLength":39,"keyPrefix":"AIzaSyC7yj...","level":"info","message":"Gemini API Key loaded:","service":"preplyte-api","timestamp":"2026-02-18 10:12:38"}
{"environment":"development","host":"0.0.0.0","level":"info","message":"Starting server...","port":4000,"service":"preplyte-api","timestamp":"2026-02-18 10:12:38"}
{"level":"info","message":"Checking database connection...","service":"preplyte-api","timestamp":"2026-02-18 10:12:38"}
{"level":"debug","message":"Query: SELECT 1","service":"preplyte-api","timestamp":"2026-02-18 10:12:38"}
{"level":"debug","message":"Params: []","service":"preplyte-api","timestamp":"2026-02-18 10:12:38"}
{"level":"debug","message":"Duration: 10ms","service":"preplyte-api","timestamp":"2026-02-18 10:12:38"}
{"level":"info","message":"✅ Database connected successfully","service":"preplyte-api","timestamp":"2026-02-18 10:12:38"}
{"level":"info","message":"[WS Gateway] WebSocket server initialized","path":"/ws/interview/:sessionId","service":"preplyte-api","timestamp":"2026-02-18 10:12:38"}
{"api":"http://localhost:4000/api","environment":"development","health":"http://localhost:4000/health","host":"0.0.0.0","level":"info","message":"🚀 Server running","port":4000,"service":"preplyte-api","timestamp":"2026-02-18 10:12:38","websocket":"ws://localhost:4000/ws/interview/:sessionId"}
{"intervalHours":24,"level":"info","message":"Starting token cleanup scheduler","service":"preplyte-api","timestamp":"2026-02-18 10:12:38"}
{"level":"info","message":"Starting token cleanup job","service":"preplyte-api","timestamp":"2026-02-18 10:12:38"}
{"level":"debug","message":"Query: DELETE FROM \"public\".\"refresh_tokens\" WHERE (\"public\".\"refresh_tokens\".\"expiresAt\" < $1 OR \"public\".\"refresh_tokens\".\"revokedAt\" < $2)","service":"preplyte-api","timestamp":"2026-02-18 10:12:38"}
{"level":"debug","message":"Params: [\"2026-02-18 04:42:38.670 UTC\",\"2026-02-11 04:42:38.670 UTC\"]","service":"preplyte-api","timestamp":"2026-02-18 10:12:38"}
{"level":"debug","message":"Duration: 10ms","service":"preplyte-api","timestamp":"2026-02-18 10:12:38"}
{"count":0,"level":"info","message":"Cleaned up expired tokens","service":"preplyte-api","timestamp":"2026-02-18 10:12:38"}
{"level":"info","message":"Token cleanup completed","service":"preplyte-api","timestamp":"2026-02-18 10:12:38","tokensRemoved":0}
{"level":"info","message":"\u001b[0mGET /api/dashboard/student \u001b[33m401\u001b[0m 19.456 ms - 108\u001b[0m","service":"preplyte-api","timestamp":"2026-02-18 10:13:18"}
{"level":"debug","message":"Query: SELECT 1","service":"preplyte-api","timestamp":"2026-02-18 10:13:18"}
{"level":"debug","message":"Params: []","service":"preplyte-api","timestamp":"2026-02-18 10:13:18"}
{"level":"debug","message":"Duration: 1ms","service":"preplyte-api","timestamp":"2026-02-18 10:13:18"}
{"level":"debug","message":"Query: SELECT \"public\".\"refresh_tokens\".\"id\", \"public\".\"refresh_tokens\".\"token\", \"public\".\"refresh_tokens\".\"userId\", \"public\".\"refresh_tokens\".\"expiresAt\", \"public\".\"refresh_tokens\".\"revokedAt\", \"public\".\"refresh_tokens\".\"userAgent\", \"public\".\"refresh_tokens\".\"ipAddress\", \"public\".\"refresh_tokens\".\"createdAt\" FROM \"public\".\"refresh_tokens\" WHERE (\"public\".\"refresh_tokens\".\"token\" = $1 AND \"public\".\"refresh_tokens\".\"userId\" = $2) LIMIT $3 OFFSET $4","service":"preplyte-api","timestamp":"2026-02-18 10:13:18"}
{"level":"debug","message":"Params: [\"9ac7504cb44ea10408175f6571dc933a6207710eb04cf662b6b973adcfe538ca\",\"cmlq4h9or004p9qehngr7b15o\",1,0]","service":"preplyte-api","timestamp":"2026-02-18 10:13:18"}
{"level":"debug","message":"Duration: 6ms","service":"preplyte-api","timestamp":"2026-02-18 10:13:18"}
{"level":"debug","message":"Query: SELECT \"public\".\"users\".\"id\", \"public\".\"users\".\"email\", \"public\".\"users\".\"password\", \"public\".\"users\".\"name\", \"public\".\"users\".\"role\"::text, \"public\".\"users\".\"isActive\", \"public\".\"users\".\"instituteId\", \"public\".\"users\".\"profilePictureUrl\", \"public\".\"users\".\"googleId\", \"public\".\"users\".\"provider\", \"public\".\"users\".\"avatar\", \"public\".\"users\".\"createdAt\", \"public\".\"users\".\"updatedAt\", \"public\".\"users\".\"lastLoginAt\", \"public\".\"users\".\"tokenVersion\" FROM \"public\".\"users\" WHERE (\"public\".\"users\".\"id\" = $1 AND 1=1) LIMIT $2 OFFSET $3","service":"preplyte-api","timestamp":"2026-02-18 10:13:18"}
{"level":"debug","message":"Params: [\"cmlq4h9or004p9qehngr7b15o\",1,0]","service":"preplyte-api","timestamp":"2026-02-18 10:13:18"}
{"level":"debug","message":"Duration: 11ms","service":"preplyte-api","timestamp":"2026-02-18 10:13:18"}
{"level":"debug","message":"Query: SELECT \"public\".\"institutes\".\"id\", \"public\".\"institutes\".\"name\", \"public\".\"institutes\".\"domain\", \"public\".\"institutes\".\"isActive\" FROM \"public\".\"institutes\" WHERE \"public\".\"institutes\".\"id\" IN ($1) OFFSET $2","service":"preplyte-api","timestamp":"2026-02-18 10:13:18"}
{"level":"debug","message":"Params: [\"c1d2e3f4g5h6i7j8k9l0\",0]","service":"preplyte-api","timestamp":"2026-02-18 10:13:18"}
{"level":"debug","message":"Duration: 5ms","service":"preplyte-api","timestamp":"2026-02-18 10:13:18"}
{"level":"debug","message":"Query: BEGIN","service":"preplyte-api","timestamp":"2026-02-18 10:13:18"}
{"level":"debug","message":"Params: []","service":"preplyte-api","timestamp":"2026-02-18 10:13:18"}
{"level":"debug","message":"Duration: 0ms","service":"preplyte-api","timestamp":"2026-02-18 10:13:18"}
{"level":"debug","message":"Query: UPDATE \"public\".\"refresh_tokens\" SET \"revokedAt\" = $1 WHERE (\"public\".\"refresh_tokens\".\"id\" = $2 AND 1=1) RETURNING \"public\".\"refresh_tokens\".\"id\", \"public\".\"refresh_tokens\".\"token\", \"public\".\"refresh_tokens\".\"userId\", \"public\".\"refresh_tokens\".\"expiresAt\", \"public\".\"refresh_tokens\".\"revokedAt\", \"public\".\"refresh_tokens\".\"userAgent\", \"public\".\"refresh_tokens\".\"ipAddress\", \"public\".\"refresh_tokens\".\"createdAt\"","service":"preplyte-api","timestamp":"2026-02-18 10:13:18"}
{"level":"debug","message":"Params: [\"2026-02-18 04:43:18.237 UTC\",\"cmlqzjhgk0005118qlq5llxay\"]","service":"preplyte-api","timestamp":"2026-02-18 10:13:18"}
{"level":"debug","message":"Duration: 3ms","service":"preplyte-api","timestamp":"2026-02-18 10:13:18"}
{"level":"debug","message":"Query: INSERT INTO \"public\".\"refresh_tokens\" (\"id\",\"token\",\"userId\",\"expiresAt\",\"createdAt\") VALUES ($1,$2,$3,$4,$5) RETURNING \"public\".\"refresh_tokens\".\"id\", \"public\".\"refresh_tokens\".\"token\", \"public\".\"refresh_tokens\".\"userId\", \"public\".\"refresh_tokens\".\"expiresAt\", \"public\".\"refresh_tokens\".\"revokedAt\", \"public\".\"refresh_tokens\".\"userAgent\", \"public\".\"refresh_tokens\".\"ipAddress\", \"public\".\"refresh_tokens\".\"createdAt\"","service":"preplyte-api","timestamp":"2026-02-18 10:13:18"}
{"level":"debug","message":"Params: [\"cmlrjqzxt0001n7cyel1lhlq6\",\"1c248787e4d3e4e1cf57e27c85271c52cd2446d7b02f4dcea16159a6c791f1b1\",\"cmlq4h9or004p9qehngr7b15o\",\"2026-02-25 04:43:18.237 UTC\",\"2026-02-18 04:43:18.251 UTC\"]","service":"preplyte-api","timestamp":"2026-02-18 10:13:18"}
{"level":"debug","message":"Duration: 3ms","service":"preplyte-api","timestamp":"2026-02-18 10:13:18"}
{"level":"debug","message":"Query: COMMIT","service":"preplyte-api","timestamp":"2026-02-18 10:13:18"}
{"level":"debug","message":"Params: []","service":"preplyte-api","timestamp":"2026-02-18 10:13:18"}
{"level":"debug","message":"Duration: 2ms","service":"preplyte-api","timestamp":"2026-02-18 10:13:18"}
{"level":"info","message":"Token refreshed successfully","service":"preplyte-api","timestamp":"2026-02-18 10:13:18","userId":"cmlq4h9or004p9qehngr7b15o"}
{"level":"info","message":"\u001b[0mPOST /api/auth/refresh \u001b[32m200\u001b[0m 142.587 ms - -\u001b[0m","service":"preplyte-api","timestamp":"2026-02-18 10:13:18"}
{"level":"debug","message":"Query: SELECT \"public\".\"users\".\"id\", \"public\".\"users\".\"email\", \"public\".\"users\".\"role\"::text, \"public\".\"users\".\"instituteId\", \"public\".\"users\".\"isActive\", \"public\".\"users\".\"tokenVersion\" FROM \"public\".\"users\" WHERE (\"public\".\"users\".\"id\" = $1 AND 1=1) LIMIT $2 OFFSET $3","service":"preplyte-api","timestamp":"2026-02-18 10:13:18"}
{"level":"debug","message":"Params: [\"cmlq4h9or004p9qehngr7b15o\",1,0]","service":"preplyte-api","timestamp":"2026-02-18 10:13:18"}
{"level":"debug","message":"Duration: 1ms","service":"preplyte-api","timestamp":"2026-02-18 10:13:18"}
{"level":"debug","message":"[DashboardService] Fetching student dashboard","service":"preplyte-api","timestamp":"2026-02-18 10:13:18","userId":"cmlq4h9or004p9qehngr7b15o"}
{"level":"debug","message":"Query: SELECT \"public\".\"aptitude_practice_sessions\".\"id\", \"public\".\"aptitude_practice_sessions\".\"completedAt\", \"public\".\"aptitude_practice_sessions\".\"totalScore\", \"public\".\"aptitude_practice_sessions\".\"numberOfQuestions\" FROM \"public\".\"aptitude_practice_sessions\" WHERE \"public\".\"aptitude_practice_sessions\".\"userId\" = $1 OFFSET $2","service":"preplyte-api","timestamp":"2026-02-18 10:13:18"}
{"level":"debug","message":"Params: [\"cmlq4h9or004p9qehngr7b15o\",0]","service":"preplyte-api","timestamp":"2026-02-18 10:13:18"}
{"level":"debug","message":"Duration: 6ms","service":"preplyte-api","timestamp":"2026-02-18 10:13:18"}
{"level":"debug","message":"Query: SELECT \"public\".\"machine_practice_sessions\".\"id\", \"public\".\"machine_practice_sessions\".\"completedAt\", \"public\".\"machine_practice_sessions\".\"totalSolved\", \"public\".\"machine_practice_sessions\".\"numberOfQuestions\" FROM \"public\".\"machine_practice_sessions\" WHERE \"public\".\"machine_practice_sessions\".\"userId\" = $1 OFFSET $2","service":"preplyte-api","timestamp":"2026-02-18 10:13:18"}
{"level":"debug","message":"Params: [\"cmlq4h9or004p9qehngr7b15o\",0]","service":"preplyte-api","timestamp":"2026-02-18 10:13:18"}
{"level":"debug","message":"Duration: 5ms","service":"preplyte-api","timestamp":"2026-02-18 10:13:18"}
{"level":"debug","message":"Query: SELECT \"public\".\"ai_interview_sessions\".\"id\", \"public\".\"ai_interview_sessions\".\"status\"::text FROM \"public\".\"ai_interview_sessions\" WHERE \"public\".\"ai_interview_sessions\".\"userId\" = $1 OFFSET $2","service":"preplyte-api","timestamp":"2026-02-18 10:13:18"}
{"level":"debug","message":"Params: [\"cmlq4h9or004p9qehngr7b15o\",0]","service":"preplyte-api","timestamp":"2026-02-18 10:13:18"}
{"level":"debug","message":"Duration: 6ms","service":"preplyte-api","timestamp":"2026-02-18 10:13:18"}
{"level":"debug","message":"Query: SELECT \"public\".\"lms_enrollments\".\"id\", \"public\".\"lms_enrollments\".\"courseId\" FROM \"public\".\"lms_enrollments\" WHERE \"public\".\"lms_enrollments\".\"userId\" = $1 OFFSET $2","service":"preplyte-api","timestamp":"2026-02-18 10:13:18"}
{"level":"debug","message":"Params: [\"cmlq4h9or004p9qehngr7b15o\",0]","service":"preplyte-api","timestamp":"2026-02-18 10:13:18"}
{"level":"debug","message":"Duration: 9ms","service":"preplyte-api","timestamp":"2026-02-18 10:13:18"}
{"level":"debug","message":"Query: SELECT \"public\".\"ai_interview_sessions\".\"id\", \"public\".\"ai_interview_sessions\".\"difficulty\"::text, \"public\".\"ai_interview_sessions\".\"jobTitle\", \"public\".\"ai_interview_sessions\".\"completedAt\" FROM \"public\".\"ai_interview_sessions\" WHERE (\"public\".\"ai_interview_sessions\".\"userId\" = $1 AND \"public\".\"ai_interview_sessions\".\"status\" = CAST($2::text AS \"public\".\"AiInterviewSessionStatus\")) ORDER BY \"public\".\"ai_interview_sessions\".\"completedAt\" DESC LIMIT $3 OFFSET $4","service":"preplyte-api","timestamp":"2026-02-18 10:13:18"}
{"level":"debug","message":"Params: [\"cmlq4h9or004p9qehngr7b15o\",\"COMPLETED\",5,0]","service":"preplyte-api","timestamp":"2026-02-18 10:13:18"}
{"level":"debug","message":"Duration: 10ms","service":"preplyte-api","timestamp":"2026-02-18 10:13:18"}
{"level":"debug","message":"Query: SELECT \"public\".\"lms_enrollments\".\"id\", \"public\".\"lms_enrollments\".\"userId\", \"public\".\"lms_enrollments\".\"courseId\", \"public\".\"lms_enrollments\".\"status\"::text, \"public\".\"lms_enrollments\".\"completedModules\", \"public\".\"lms_enrollments\".\"completedTopics\", \"public\".\"lms_enrollments\".\"progressPercent\", \"public\".\"lms_enrollments\".\"totalPointsEarned\", \"public\".\"lms_enrollments\".\"moduleTestPointsEarned\", \"public\".\"lms_enrollments\".\"finalTestPointsEarned\", \"public\".\"lms_enrollments\".\"finalTestAttempted\", \"public\".\"lms_enrollments\".\"finalTestPassed\", \"public\".\"lms_enrollments\".\"finalTestScore\", \"public\".\"lms_enrollments\".\"finalTestMarks\", \"public\".\"lms_enrollments\".\"enrolledAt\", \"public\".\"lms_enrollments\".\"startedAt\", \"public\".\"lms_enrollments\".\"completedAt\", \"public\".\"lms_enrollments\".\"lastAccessedAt\", \"public\".\"lms_enrollments\".\"certificateUrl\", \"public\".\"lms_enrollments\".\"certificateIssuedAt\", \"public\".\"lms_enrollments\".\"createdAt\", \"public\".\"lms_enrollments\".\"updatedAt\" FROM \"public\".\"lms_enrollments\" WHERE (\"public\".\"lms_enrollments\".\"userId\" = $1 AND \"public\".\"lms_enrollments\".\"enrolledAt\" >= $2) ORDER BY \"public\".\"lms_enrollments\".\"enrolledAt\" DESC LIMIT $3 OFFSET $4","service":"preplyte-api","timestamp":"2026-02-18 10:13:18"}
{"level":"debug","message":"Params: [\"cmlq4h9or004p9qehngr7b15o\",\"2026-01-18 18:30:00 UTC\",5,0]","service":"preplyte-api","timestamp":"2026-02-18 10:13:18"}
{"level":"debug","message":"Duration: 7ms","service":"preplyte-api","timestamp":"2026-02-18 10:13:18"}
{"level":"debug","message":"Query: SELECT \"public\".\"lms_enrollments\".\"id\", \"public\".\"lms_enrollments\".\"userId\", \"public\".\"lms_enrollments\".\"courseId\", \"public\".\"lms_enrollments\".\"status\"::text, \"public\".\"lms_enrollments\".\"completedModules\", \"public\".\"lms_enrollments\".\"completedTopics\", \"public\".\"lms_enrollments\".\"progressPercent\", \"public\".\"lms_enrollments\".\"totalPointsEarned\", \"public\".\"lms_enrollments\".\"moduleTestPointsEarned\", \"public\".\"lms_enrollments\".\"finalTestPointsEarned\", \"public\".\"lms_enrollments\".\"finalTestAttempted\", \"public\".\"lms_enrollments\".\"finalTestPassed\", \"public\".\"lms_enrollments\".\"finalTestScore\", \"public\".\"lms_enrollments\".\"finalTestMarks\", \"public\".\"lms_enrollments\".\"enrolledAt\", \"public\".\"lms_enrollments\".\"startedAt\", \"public\".\"lms_enrollments\".\"completedAt\", \"public\".\"lms_enrollments\".\"lastAccessedAt\", \"public\".\"lms_enrollments\".\"certificateUrl\", \"public\".\"lms_enrollments\".\"certificateIssuedAt\", \"public\".\"lms_enrollments\".\"createdAt\", \"public\".\"lms_enrollments\".\"updatedAt\" FROM \"public\".\"lms_enrollments\" WHERE \"public\".\"lms_enrollments\".\"userId\" = $1 OFFSET $2","service":"preplyte-api","timestamp":"2026-02-18 10:13:18"}
{"level":"debug","message":"Params: [\"cmlq4h9or004p9qehngr7b15o\",0]","service":"preplyte-api","timestamp":"2026-02-18 10:13:18"}
{"level":"debug","message":"Duration: 6ms","service":"preplyte-api","timestamp":"2026-02-18 10:13:18"}
{"level":"debug","message":"Query: SELECT \"public\".\"machine_practice_sessions\".\"id\", \"public\".\"machine_practice_sessions\".\"difficulty\"::text, \"public\".\"machine_practice_sessions\".\"totalSolved\", \"public\".\"machine_practice_sessions\".\"numberOfQuestions\", \"public\".\"machine_practice_sessions\".\"completedAt\" FROM \"public\".\"machine_practice_sessions\" WHERE (\"public\".\"machine_practice_sessions\".\"userId\" = $1 AND \"public\".\"machine_practice_sessions\".\"completedAt\" IS NOT NULL) ORDER BY \"public\".\"machine_practice_sessions\".\"completedAt\" DESC LIMIT $2 OFFSET $3","service":"preplyte-api","timestamp":"2026-02-18 10:13:18"}
{"level":"debug","message":"Params: [\"cmlq4h9or004p9qehngr7b15o\",5,0]","service":"preplyte-api","timestamp":"2026-02-18 10:13:18"}
{"level":"debug","message":"Duration: 5ms","service":"preplyte-api","timestamp":"2026-02-18 10:13:18"}
{"level":"debug","message":"Query: SELECT \"public\".\"aptitude_practice_sessions\".\"id\", \"public\".\"aptitude_practice_sessions\".\"difficulty\"::text, \"public\".\"aptitude_practice_sessions\".\"totalScore\", \"public\".\"aptitude_practice_sessions\".\"numberOfQuestions\", \"public\".\"aptitude_practice_sessions\".\"completedAt\", \"public\".\"aptitude_practice_sessions\".\"questionTypes\"::text[] FROM \"public\".\"aptitude_practice_sessions\" WHERE (\"public\".\"aptitude_practice_sessions\".\"userId\" = $1 AND \"public\".\"aptitude_practice_sessions\".\"completedAt\" IS NOT NULL) ORDER BY \"public\".\"aptitude_practice_sessions\".\"completedAt\" DESC LIMIT $2 OFFSET $3","service":"preplyte-api","timestamp":"2026-02-18 10:13:18"}
{"level":"debug","message":"Params: [\"cmlq4h9or004p9qehngr7b15o\",5,0]","service":"preplyte-api","timestamp":"2026-02-18 10:13:18"}
{"level":"debug","message":"Duration: 5ms","service":"preplyte-api","timestamp":"2026-02-18 10:13:18"}
{"level":"debug","message":"Query: SELECT \"public\".\"lms_courses\".\"id\", \"public\".\"lms_courses\".\"title\", \"public\".\"lms_courses\".\"slug\" FROM \"public\".\"lms_courses\" WHERE \"public\".\"lms_courses\".\"id\" IN ($1) OFFSET $2","service":"preplyte-api","timestamp":"2026-02-18 10:13:18"}
{"level":"debug","message":"Params: [\"cmlq4mwy70005ail9oqvo554e\",0]","service":"preplyte-api","timestamp":"2026-02-18 10:13:18"}
{"level":"debug","message":"Duration: 9ms","service":"preplyte-api","timestamp":"2026-02-18 10:13:18"}
{"level":"debug","message":"Query: SELECT \"public\".\"lms_courses\".\"id\", \"public\".\"lms_courses\".\"totalHours\", \"public\".\"lms_courses\".\"totalPoints\" FROM \"public\".\"lms_courses\" WHERE \"public\".\"lms_courses\".\"id\" IN ($1) OFFSET $2","service":"preplyte-api","timestamp":"2026-02-18 10:13:18"}
{"level":"debug","message":"Params: [\"cmlq4mwy70005ail9oqvo554e\",0]","service":"preplyte-api","timestamp":"2026-02-18 10:13:18"}
{"level":"debug","message":"Duration: 5ms","service":"preplyte-api","timestamp":"2026-02-18 10:13:18"}
{"level":"debug","message":"Query: SELECT \"public\".\"lms_courses\".\"id\", \"public\".\"lms_courses\".\"categoryId\", \"public\".\"lms_courses\".\"title\", \"public\".\"lms_courses\".\"slug\", \"public\".\"lms_courses\".\"shortDescription\", \"public\".\"lms_courses\".\"description\", \"public\".\"lms_courses\".\"thumbnailUrl\", \"public\".\"lms_courses\".\"previewVideoUrl\", \"public\".\"lms_courses\".\"totalModules\", \"public\".\"lms_courses\".\"totalTopics\", \"public\".\"lms_courses\".\"totalPoints\", \"public\".\"lms_courses\".\"totalHours\", \"public\".\"lms_courses\".\"price\", \"public\".\"lms_courses\".\"discountPrice\", \"public\".\"lms_courses\".\"currency\", \"public\".\"lms_courses\".\"status\"::text, \"public\".\"lms_courses\".\"isActive\", \"public\".\"lms_courses\".\"certificateEnabled\", \"public\".\"lms_courses\".\"passingPercentage\", \"public\".\"lms_courses\".\"tags\", \"public\".\"lms_courses\".\"difficulty\"::text, \"public\".\"lms_courses\".\"instructor\", \"public\".\"lms_courses\".\"language\", \"public\".\"lms_courses\".\"averageRating\", \"public\".\"lms_courses\".\"ratingsCount\", \"public\".\"lms_courses\".\"createdAt\", \"public\".\"lms_courses\".\"updatedAt\", \"public\".\"lms_courses\".\"publishedAt\", COALESCE(\"aggr_selection_0_LmsEnrollment\".\"_aggr_count_enrollments\", 0) AS \"_aggr_count_enrollments\" FROM \"public\".\"lms_courses\" LEFT JOIN (SELECT \"public\".\"lms_enrollments\".\"courseId\", COUNT(*) AS \"orderby_aggregator\" FROM \"public\".\"lms_enrollments\" WHERE 1=1 GROUP BY \"public\".\"lms_enrollments\".\"courseId\") AS \"orderby_1_LmsEnrollment\" ON (\"public\".\"lms_courses\".\"id\" = \"orderby_1_LmsEnrollment\".\"courseId\") LEFT JOIN (SELECT \"public\".\"lms_enrollments\".\"courseId\", COUNT(*) AS \"_aggr_count_enrollments\" FROM \"public\".\"lms_enrollments\" WHERE 1=1 GROUP BY \"public\".\"lms_enrollments\".\"courseId\") AS \"aggr_selection_0_LmsEnrollment\" ON (\"public\".\"lms_courses\".\"id\" = \"aggr_selection_0_LmsEnrollment\".\"courseId\") WHERE (\"public\".\"lms_courses\".\"id\" NOT IN ($1) AND \"public\".\"lms_courses\".\"status\" = CAST($2::text AS \"public\".\"LmsCourseStatus\") AND \"public\".\"lms_courses\".\"isActive\" = $3) ORDER BY COALESCE(\"orderby_1_LmsEnrollment\".\"orderby_aggregator\", $4) DESC, \"public\".\"lms_courses\".\"averageRating\" DESC LIMIT $5 OFFSET $6","service":"preplyte-api","timestamp":"2026-02-18 10:13:18"}
{"level":"debug","message":"Params: [\"cmlq4mwy70005ail9oqvo554e\",\"PUBLISHED\",true,0,5,0]","service":"preplyte-api","timestamp":"2026-02-18 10:13:18"}
{"level":"debug","message":"Duration: 11ms","service":"preplyte-api","timestamp":"2026-02-18 10:13:18"}
{"level":"debug","message":"Query: SELECT \"public\".\"mock_drive_registrations\".\"id\", \"public\".\"mock_drive_registrations\".\"mockDriveId\", \"public\".\"mock_drive_registrations\".\"userId\", \"public\".\"mock_drive_registrations\".\"status\"::text, \"public\".\"mock_drive_registrations\".\"eligibilityCheckResult\", \"public\".\"mock_drive_registrations\".\"adminNotes\", \"public\".\"mock_drive_registrations\".\"batchId\", \"public\".\"mock_drive_registrations\".\"registeredAt\", \"public\".\"mock_drive_registrations\".\"reviewedAt\", \"public\".\"mock_drive_registrations\".\"reviewedBy\", \"public\".\"mock_drive_registrations\".\"createdAt\", \"public\".\"mock_drive_registrations\".\"updatedAt\" FROM \"public\".\"mock_drive_registrations\" LEFT JOIN \"public\".\"mock_drives\" AS \"orderby_1\" ON (\"orderby_1\".\"id\") = (\"public\".\"mock_drive_registrations\".\"mockDriveId\") LEFT JOIN \"public\".\"mock_drives\" AS \"j1\" ON (\"j1\".\"id\") = (\"public\".\"mock_drive_registrations\".\"mockDriveId\") WHERE (\"public\".\"mock_drive_registrations\".\"userId\" = $1 AND \"public\".\"mock_drive_registrations\".\"status\" = CAST($2::text AS \"public\".\"MockDriveRegistrationStatus\") AND (\"j1\".\"status\" IN (CAST($3::text AS \"public\".\"MockDriveStatus\"),CAST($4::text AS \"public\".\"MockDriveStatus\"),CAST($5::text AS \"public\".\"MockDriveStatus\")) AND \"j1\".\"driveStartDate\" > $6 AND (\"j1\".\"id\" IS NOT NULL))) ORDER BY \"orderby_1\".\"driveStartDate\" ASC LIMIT $7 OFFSET $8","service":"preplyte-api","timestamp":"2026-02-18 10:13:18"}
{"level":"debug","message":"Params: [\"cmlq4h9or004p9qehngr7b15o\",\"APPROVED\",\"PUBLISHED\",\"REGISTRATION_OPEN\",\"REGISTRATION_CLOSED\",\"2026-02-18 04:43:18.287 UTC\",5,0]","service":"preplyte-api","timestamp":"2026-02-18 10:13:18"}
{"level":"debug","message":"Duration: 17ms","service":"preplyte-api","timestamp":"2026-02-18 10:13:18"}
{"level":"debug","message":"Query: SELECT \"public\".\"lms_enrollments\".\"id\", \"public\".\"lms_enrollments\".\"userId\", \"public\".\"lms_enrollments\".\"courseId\", \"public\".\"lms_enrollments\".\"status\"::text, \"public\".\"lms_enrollments\".\"completedModules\", \"public\".\"lms_enrollments\".\"completedTopics\", \"public\".\"lms_enrollments\".\"progressPercent\", \"public\".\"lms_enrollments\".\"totalPointsEarned\", \"public\".\"lms_enrollments\".\"moduleTestPointsEarned\", \"public\".\"lms_enrollments\".\"finalTestPointsEarned\", \"public\".\"lms_enrollments\".\"finalTestAttempted\", \"public\".\"lms_enrollments\".\"finalTestPassed\", \"public\".\"lms_enrollments\".\"finalTestScore\", \"public\".\"lms_enrollments\".\"finalTestMarks\", \"public\".\"lms_enrollments\".\"enrolledAt\", \"public\".\"lms_enrollments\".\"startedAt\", \"public\".\"lms_enrollments\".\"completedAt\", \"public\".\"lms_enrollments\".\"lastAccessedAt\", \"public\".\"lms_enrollments\".\"certificateUrl\", \"public\".\"lms_enrollments\".\"certificateIssuedAt\", \"public\".\"lms_enrollments\".\"createdAt\", \"public\".\"lms_enrollments\".\"updatedAt\" FROM \"public\".\"lms_enrollments\" WHERE \"public\".\"lms_enrollments\".\"userId\" = $1 ORDER BY \"public\".\"lms_enrollments\".\"lastAccessedAt\" DESC OFFSET $2","service":"preplyte-api","timestamp":"2026-02-18 10:13:18"}
{"level":"debug","message":"Params: [\"cmlq4h9or004p9qehngr7b15o\",0]","service":"preplyte-api","timestamp":"2026-02-18 10:13:18"}
{"level":"debug","message":"Duration: 5ms","service":"preplyte-api","timestamp":"2026-02-18 10:13:18"}
{"level":"debug","message":"Query: SELECT \"public\".\"lms_courses\".\"id\", \"public\".\"lms_courses\".\"categoryId\", \"public\".\"lms_courses\".\"title\", \"public\".\"lms_courses\".\"slug\", \"public\".\"lms_courses\".\"shortDescription\", \"public\".\"lms_courses\".\"description\", \"public\".\"lms_courses\".\"thumbnailUrl\", \"public\".\"lms_courses\".\"previewVideoUrl\", \"public\".\"lms_courses\".\"totalModules\", \"public\".\"lms_courses\".\"totalTopics\", \"public\".\"lms_courses\".\"totalPoints\", \"public\".\"lms_courses\".\"totalHours\", \"public\".\"lms_courses\".\"price\", \"public\".\"lms_courses\".\"discountPrice\", \"public\".\"lms_courses\".\"currency\", \"public\".\"lms_courses\".\"status\"::text, \"public\".\"lms_courses\".\"isActive\", \"public\".\"lms_courses\".\"certificateEnabled\", \"public\".\"lms_courses\".\"passingPercentage\", \"public\".\"lms_courses\".\"tags\", \"public\".\"lms_courses\".\"difficulty\"::text, \"public\".\"lms_courses\".\"instructor\", \"public\".\"lms_courses\".\"language\", \"public\".\"lms_courses\".\"averageRating\", \"public\".\"lms_courses\".\"ratingsCount\", \"public\".\"lms_courses\".\"createdAt\", \"public\".\"lms_courses\".\"updatedAt\", \"public\".\"lms_courses\".\"publishedAt\" FROM \"public\".\"lms_courses\" WHERE \"public\".\"lms_courses\".\"id\" IN ($1) OFFSET $2","service":"preplyte-api","timestamp":"2026-02-18 10:13:18"}
{"level":"debug","message":"Params: [\"cmlq4mwy70005ail9oqvo554e\",0]","service":"preplyte-api","timestamp":"2026-02-18 10:13:18"}
{"level":"debug","message":"Duration: 3ms","service":"preplyte-api","timestamp":"2026-02-18 10:13:18"}
{"level":"debug","message":"Query: SELECT \"public\".\"lms_categories\".\"id\", \"public\".\"lms_categories\".\"name\" FROM \"public\".\"lms_categories\" WHERE \"public\".\"lms_categories\".\"id\" IN ($1) OFFSET $2","service":"preplyte-api","timestamp":"2026-02-18 10:13:18"}
{"level":"debug","message":"Params: [\"cmlq4lrae0003ail99wlb2luj\",0]","service":"preplyte-api","timestamp":"2026-02-18 10:13:18"}
{"level":"debug","message":"Duration: 6ms","service":"preplyte-api","timestamp":"2026-02-18 10:13:18"}
{"level":"debug","message":"Query: SELECT \"public\".\"lms_module_progress\".\"id\", \"public\".\"lms_module_progress\".\"userId\", \"public\".\"lms_module_progress\".\"moduleId\", \"public\".\"lms_module_progress\".\"status\"::text, \"public\".\"lms_module_progress\".\"completedTopics\", \"public\".\"lms_module_progress\".\"totalTopics\", \"public\".\"lms_module_progress\".\"progressPercent\", \"public\".\"lms_module_progress\".\"testAttempted\", \"public\".\"lms_module_progress\".\"testPassed\", \"public\".\"lms_module_progress\".\"testScore\", \"public\".\"lms_module_progress\".\"testAttempts\", \"public\".\"lms_module_progress\".\"pointsEarned\", \"public\".\"lms_module_progress\".\"timeSpentMinutes\", \"public\".\"lms_module_progress\".\"startedAt\", \"public\".\"lms_module_progress\".\"completedAt\", \"public\".\"lms_module_progress\".\"createdAt\", \"public\".\"lms_module_progress\".\"updatedAt\" FROM \"public\".\"lms_module_progress\" WHERE (\"public\".\"lms_module_progress\".\"userId\" = $1 AND \"public\".\"lms_module_progress\".\"status\" = CAST($2::text AS \"public\".\"LmsModuleStatus\") AND \"public\".\"lms_module_progress\".\"completedAt\" >= $3) ORDER BY \"public\".\"lms_module_progress\".\"completedAt\" DESC LIMIT $4 OFFSET $5","service":"preplyte-api","timestamp":"2026-02-18 10:13:18"}
{"level":"debug","message":"Params: [\"cmlq4h9or004p9qehngr7b15o\",\"COMPLETED\",\"2026-01-18 18:30:00 UTC\",5,0]","service":"preplyte-api","timestamp":"2026-02-18 10:13:18"}
{"level":"debug","message":"Duration: 5ms","service":"preplyte-api","timestamp":"2026-02-18 10:13:18"}
{"level":"debug","message":"Query: SELECT COUNT(*) FROM (SELECT \"public\".\"lms_module_progress\".\"id\" FROM \"public\".\"lms_module_progress\" WHERE (\"public\".\"lms_module_progress\".\"userId\" = $1 AND \"public\".\"lms_module_progress\".\"testPassed\" = $2) OFFSET $3) AS \"sub\"","service":"preplyte-api","timestamp":"2026-02-18 10:13:18"}
{"level":"debug","message":"Params: [\"cmlq4h9or004p9qehngr7b15o\",true,0]","service":"preplyte-api","timestamp":"2026-02-18 10:13:18"}
{"level":"debug","message":"Duration: 4ms","service":"preplyte-api","timestamp":"2026-02-18 10:13:18"}
{"level":"debug","message":"Query: SELECT \"public\".\"lms_modules\".\"id\", \"public\".\"lms_modules\".\"courseId\", \"public\".\"lms_modules\".\"title\", \"public\".\"lms_modules\".\"shortDescription\", \"public\".\"lms_modules\".\"description\", \"public\".\"lms_modules\".\"order\", \"public\".\"lms_modules\".\"totalTopics\", \"public\".\"lms_modules\".\"points\", \"public\".\"lms_modules\".\"estimatedMinutes\", \"public\".\"lms_modules\".\"isActive\", \"public\".\"lms_modules\".\"createdAt\", \"public\".\"lms_modules\".\"updatedAt\" FROM \"public\".\"lms_modules\" WHERE \"public\".\"lms_modules\".\"id\" IN ($1) OFFSET $2","service":"preplyte-api","timestamp":"2026-02-18 10:13:18"}
{"level":"debug","message":"Params: [\"cmlq4o74o000cail9p6dp7mym\",0]","service":"preplyte-api","timestamp":"2026-02-18 10:13:18"}
{"level":"debug","message":"Duration: 3ms","service":"preplyte-api","timestamp":"2026-02-18 10:13:18"}
{"level":"debug","message":"Query: SELECT \"public\".\"lms_courses\".\"id\", \"public\".\"lms_courses\".\"title\", \"public\".\"lms_courses\".\"slug\" FROM \"public\".\"lms_courses\" WHERE \"public\".\"lms_courses\".\"id\" IN ($1) OFFSET $2","service":"preplyte-api","timestamp":"2026-02-18 10:13:18"}
{"level":"debug","message":"Params: [\"cmlq4mwy70005ail9oqvo554e\",0]","service":"preplyte-api","timestamp":"2026-02-18 10:13:18"}
{"level":"debug","message":"Duration: 2ms","service":"preplyte-api","timestamp":"2026-02-18 10:13:18"}
{"level":"debug","message":"Query: SELECT \"public\".\"lms_test_attempts\".\"id\", \"public\".\"lms_test_attempts\".\"userId\", \"public\".\"lms_test_attempts\".\"moduleTestId\", \"public\".\"lms_test_attempts\".\"finalTestId\", \"public\".\"lms_test_attempts\".\"testType\"::text, \"public\".\"lms_test_attempts\".\"status\"::text, \"public\".\"lms_test_attempts\".\"attemptNumber\", \"public\".\"lms_test_attempts\".\"totalQuestions\", \"public\".\"lms_test_attempts\".\"correctAnswers\", \"public\".\"lms_test_attempts\".\"wrongAnswers\", \"public\".\"lms_test_attempts\".\"unanswered\", \"public\".\"lms_test_attempts\".\"score\", \"public\".\"lms_test_attempts\".\"pointsEarned\", \"public\".\"lms_test_attempts\".\"marksObtained\", \"public\".\"lms_test_attempts\".\"totalMarks\", \"public\".\"lms_test_attempts\".\"isPassed\", \"public\".\"lms_test_attempts\".\"timeLimitMinutes\", \"public\".\"lms_test_attempts\".\"timeSpentSeconds\", \"public\".\"lms_test_attempts\".\"startedAt\", \"public\".\"lms_test_attempts\".\"completedAt\", \"public\".\"lms_test_attempts\".\"expiresAt\", \"public\".\"lms_test_attempts\".\"createdAt\", \"public\".\"lms_test_attempts\".\"updatedAt\" FROM \"public\".\"lms_test_attempts\" WHERE (\"public\".\"lms_test_attempts\".\"userId\" = $1 AND \"public\".\"lms_test_attempts\".\"status\" = CAST($2::text AS \"public\".\"LmsTestAttemptStatus\") AND \"public\".\"lms_test_attempts\".\"isPassed\" = $3 AND \"public\".\"lms_test_attempts\".\"completedAt\" >= $4) ORDER BY \"public\".\"lms_test_attempts\".\"completedAt\" DESC LIMIT $5 OFFSET $6","service":"preplyte-api","timestamp":"2026-02-18 10:13:18"}
{"level":"debug","message":"Params: [\"cmlq4h9or004p9qehngr7b15o\",\"COMPLETED\",true,\"2026-01-18 18:30:00 UTC\",5,0]","service":"preplyte-api","timestamp":"2026-02-18 10:13:18"}
{"level":"debug","message":"Duration: 5ms","service":"preplyte-api","timestamp":"2026-02-18 10:13:18"}
{"level":"debug","message":"Query: SELECT \"public\".\"lms_final_tests\".\"id\", \"public\".\"lms_final_tests\".\"courseId\", \"public\".\"lms_final_tests\".\"title\", \"public\".\"lms_final_tests\".\"instructions\", \"public\".\"lms_final_tests\".\"totalQuestions\", \"public\".\"lms_final_tests\".\"passingScore\", \"public\".\"lms_final_tests\".\"timeLimitMinutes\", \"public\".\"lms_final_tests\".\"pointsPerQuestion\", \"public\".\"lms_final_tests\".\"totalPoints\", \"public\".\"lms_final_tests\".\"maxAttempts\", \"public\".\"lms_final_tests\".\"isActive\", \"public\".\"lms_final_tests\".\"createdAt\", \"public\".\"lms_final_tests\".\"updatedAt\" FROM \"public\".\"lms_final_tests\" WHERE \"public\".\"lms_final_tests\".\"id\" IN ($1) OFFSET $2","service":"preplyte-api","timestamp":"2026-02-18 10:13:18"}
{"level":"debug","message":"Params: [\"cmlq4mwy70006ail9x0zgfcf2\",0]","service":"preplyte-api","timestamp":"2026-02-18 10:13:18"}
{"level":"debug","message":"Duration: 2ms","service":"preplyte-api","timestamp":"2026-02-18 10:13:18"}
{"level":"debug","message":"Query: SELECT \"public\".\"lms_courses\".\"id\", \"public\".\"lms_courses\".\"title\", \"public\".\"lms_courses\".\"slug\" FROM \"public\".\"lms_courses\" WHERE \"public\".\"lms_courses\".\"id\" IN ($1) OFFSET $2","service":"preplyte-api","timestamp":"2026-02-18 10:13:18"}
{"level":"debug","message":"Params: [\"cmlq4mwy70005ail9oqvo554e\",0]","service":"preplyte-api","timestamp":"2026-02-18 10:13:18"}
{"level":"debug","message":"Duration: 0ms","service":"preplyte-api","timestamp":"2026-02-18 10:13:18"}
{"level":"debug","message":"Query: SELECT \"public\".\"lms_enrollments\".\"id\", \"public\".\"lms_enrollments\".\"userId\", \"public\".\"lms_enrollments\".\"courseId\", \"public\".\"lms_enrollments\".\"status\"::text, \"public\".\"lms_enrollments\".\"completedModules\", \"public\".\"lms_enrollments\".\"completedTopics\", \"public\".\"lms_enrollments\".\"progressPercent\", \"public\".\"lms_enrollments\".\"totalPointsEarned\", \"public\".\"lms_enrollments\".\"moduleTestPointsEarned\", \"public\".\"lms_enrollments\".\"finalTestPointsEarned\", \"public\".\"lms_enrollments\".\"finalTestAttempted\", \"public\".\"lms_enrollments\".\"finalTestPassed\", \"public\".\"lms_enrollments\".\"finalTestScore\", \"public\".\"lms_enrollments\".\"finalTestMarks\", \"public\".\"lms_enrollments\".\"enrolledAt\", \"public\".\"lms_enrollments\".\"startedAt\", \"public\".\"lms_enrollments\".\"completedAt\", \"public\".\"lms_enrollments\".\"lastAccessedAt\", \"public\".\"lms_enrollments\".\"certificateUrl\", \"public\".\"lms_enrollments\".\"certificateIssuedAt\", \"public\".\"lms_enrollments\".\"createdAt\", \"public\".\"lms_enrollments\".\"updatedAt\" FROM \"public\".\"lms_enrollments\" WHERE (\"public\".\"lms_enrollments\".\"userId\" = $1 AND \"public\".\"lms_enrollments\".\"status\" = CAST($2::text AS \"public\".\"LmsEnrollmentStatus\") AND \"public\".\"lms_enrollments\".\"completedAt\" >= $3) ORDER BY \"public\".\"lms_enrollments\".\"completedAt\" DESC LIMIT $4 OFFSET $5","service":"preplyte-api","timestamp":"2026-02-18 10:13:18"}
{"level":"debug","message":"Params: [\"cmlq4h9or004p9qehngr7b15o\",\"COMPLETED\",\"2026-01-18 18:30:00 UTC\",5,0]","service":"preplyte-api","timestamp":"2026-02-18 10:13:18"}
{"level":"debug","message":"Duration: 3ms","service":"preplyte-api","timestamp":"2026-02-18 10:13:18"}
{"level":"debug","message":"Query: SELECT \"public\".\"lms_courses\".\"id\", \"public\".\"lms_courses\".\"title\", \"public\".\"lms_courses\".\"slug\" FROM \"public\".\"lms_courses\" WHERE \"public\".\"lms_courses\".\"id\" IN ($1) OFFSET $2","service":"preplyte-api","timestamp":"2026-02-18 10:13:18"}
{"level":"debug","message":"Params: [\"cmlq4mwy70005ail9oqvo554e\",0]","service":"preplyte-api","timestamp":"2026-02-18 10:13:18"}
{"level":"debug","message":"Duration: 0ms","service":"preplyte-api","timestamp":"2026-02-18 10:13:18"}
{"level":"info","message":"\u001b[0mGET /api/dashboard/student \u001b[32m200\u001b[0m 156.928 ms - -\u001b[0m","service":"preplyte-api","timestamp":"2026-02-18 10:13:18"}
{"baseURL":"https://judge0-ce.p.rapidapi.com","level":"info","message":"Judge0 client initialized","service":"preplyte-api","timestamp":"2026-02-18 11:19:56","useRapidAPI":true}
{"level":"info","message":"[TTS] Using Deepgram for text-to-speech","service":"preplyte-api","timestamp":"2026-02-18 11:19:57"}
{"keyLength":39,"keyPrefix":"AIzaSyC7yj...","level":"info","message":"Gemini API Key loaded:","service":"preplyte-api","timestamp":"2026-02-18 11:19:57"}
{"environment":"development","host":"0.0.0.0","level":"info","message":"Starting server...","port":4000,"service":"preplyte-api","timestamp":"2026-02-18 11:19:57"}
{"level":"info","message":"Checking database connection...","service":"preplyte-api","timestamp":"2026-02-18 11:19:57"}
{"level":"debug","message":"Query: SELECT 1","service":"preplyte-api","timestamp":"2026-02-18 11:19:57"}
{"level":"debug","message":"Params: []","service":"preplyte-api","timestamp":"2026-02-18 11:19:57"}
{"level":"debug","message":"Duration: 1ms","service":"preplyte-api","timestamp":"2026-02-18 11:19:57"}
{"level":"info","message":"✅ Database connected successfully","service":"preplyte-api","timestamp":"2026-02-18 11:19:57"}
{"level":"info","message":"[WS Gateway] WebSocket server initialized","path":"/ws/interview/:sessionId","service":"preplyte-api","timestamp":"2026-02-18 11:19:57"}
{"api":"http://localhost:4000/api","environment":"development","health":"http://localhost:4000/health","host":"0.0.0.0","level":"info","message":"🚀 Server running","port":4000,"service":"preplyte-api","timestamp":"2026-02-18 11:19:57","websocket":"ws://localhost:4000/ws/interview/:sessionId"}
{"intervalHours":24,"level":"info","message":"Starting token cleanup scheduler","service":"preplyte-api","timestamp":"2026-02-18 11:19:57"}
{"level":"info","message":"Starting token cleanup job","service":"preplyte-api","timestamp":"2026-02-18 11:19:57"}
{"level":"debug","message":"Query: DELETE FROM \"public\".\"refresh_tokens\" WHERE (\"public\".\"refresh_tokens\".\"expiresAt\" < $1 OR \"public\".\"refresh_tokens\".\"revokedAt\" < $2)","service":"preplyte-api","timestamp":"2026-02-18 11:19:57"}
{"level":"debug","message":"Params: [\"2026-02-18 05:49:57.791 UTC\",\"2026-02-11 05:49:57.791 UTC\"]","service":"preplyte-api","timestamp":"2026-02-18 11:19:57"}
{"level":"debug","message":"Duration: 3ms","service":"preplyte-api","timestamp":"2026-02-18 11:19:57"}
{"count":0,"level":"info","message":"Cleaned up expired tokens","service":"preplyte-api","timestamp":"2026-02-18 11:19:57"}
{"level":"info","message":"Token cleanup completed","service":"preplyte-api","timestamp":"2026-02-18 11:19:57","tokensRemoved":0}
{"baseURL":"https://judge0-ce.p.rapidapi.com","level":"info","message":"Judge0 client initialized","service":"preplyte-api","timestamp":"2026-02-18 11:20:02","useRapidAPI":true}
{"level":"info","message":"[TTS] Using Deepgram for text-to-speech","service":"preplyte-api","timestamp":"2026-02-18 11:20:02"}
{"keyLength":39,"keyPrefix":"AIzaSyC7yj...","level":"info","message":"Gemini API Key loaded:","service":"preplyte-api","timestamp":"2026-02-18 11:20:02"}
{"environment":"development","host":"0.0.0.0","level":"info","message":"Starting server...","port":4000,"service":"preplyte-api","timestamp":"2026-02-18 11:20:02"}
{"level":"info","message":"Checking database connection...","service":"preplyte-api","timestamp":"2026-02-18 11:20:02"}
{"level":"debug","message":"Query: SELECT 1","service":"preplyte-api","timestamp":"2026-02-18 11:20:02"}
{"level":"debug","message":"Params: []","service":"preplyte-api","timestamp":"2026-02-18 11:20:02"}
{"level":"debug","message":"Duration: 0ms","service":"preplyte-api","timestamp":"2026-02-18 11:20:02"}
{"level":"info","message":"✅ Database connected successfully","service":"preplyte-api","timestamp":"2026-02-18 11:20:02"}
{"level":"info","message":"[WS Gateway] WebSocket server initialized","path":"/ws/interview/:sessionId","service":"preplyte-api","timestamp":"2026-02-18 11:20:02"}
{"api":"http://localhost:4000/api","environment":"development","health":"http://localhost:4000/health","host":"0.0.0.0","level":"info","message":"🚀 Server running","port":4000,"service":"preplyte-api","timestamp":"2026-02-18 11:20:02","websocket":"ws://localhost:4000/ws/interview/:sessionId"}
{"intervalHours":24,"level":"info","message":"Starting token cleanup scheduler","service":"preplyte-api","timestamp":"2026-02-18 11:20:02"}
{"level":"info","message":"Starting token cleanup job","service":"preplyte-api","timestamp":"2026-02-18 11:20:02"}
{"level":"debug","message":"Query: DELETE FROM \"public\".\"refresh_tokens\" WHERE (\"public\".\"refresh_tokens\".\"expiresAt\" < $1 OR \"public\".\"refresh_tokens\".\"revokedAt\" < $2)","service":"preplyte-api","timestamp":"2026-02-18 11:20:02"}
{"level":"debug","message":"Params: [\"2026-02-18 05:50:02.688 UTC\",\"2026-02-11 05:50:02.688 UTC\"]","service":"preplyte-api","timestamp":"2026-02-18 11:20:02"}
{"level":"debug","message":"Duration: 2ms","service":"preplyte-api","timestamp":"2026-02-18 11:20:02"}
{"count":0,"level":"info","message":"Cleaned up expired tokens","service":"preplyte-api","timestamp":"2026-02-18 11:20:02"}
{"level":"info","message":"Token cleanup completed","service":"preplyte-api","timestamp":"2026-02-18 11:20:02","tokensRemoved":0}
{"baseURL":"https://judge0-ce.p.rapidapi.com","level":"info","message":"Judge0 client initialized","service":"preplyte-api","timestamp":"2026-02-18 11:20:19","useRapidAPI":true}
{"level":"info","message":"[TTS] Using Deepgram for text-to-speech","service":"preplyte-api","timestamp":"2026-02-18 11:20:19"}
{"keyLength":39,"keyPrefix":"AIzaSyC7yj...","level":"info","message":"Gemini API Key loaded:","service":"preplyte-api","timestamp":"2026-02-18 11:20:19"}
{"environment":"development","host":"0.0.0.0","level":"info","message":"Starting server...","port":4000,"service":"preplyte-api","timestamp":"2026-02-18 11:20:19"}
{"level":"info","message":"Checking database connection...","service":"preplyte-api","timestamp":"2026-02-18 11:20:19"}
{"level":"debug","message":"Query: SELECT 1","service":"preplyte-api","timestamp":"2026-02-18 11:20:19"}
{"level":"debug","message":"Params: []","service":"preplyte-api","timestamp":"2026-02-18 11:20:19"}
{"level":"debug","message":"Duration: 1ms","service":"preplyte-api","timestamp":"2026-02-18 11:20:19"}
{"level":"info","message":"✅ Database connected successfully","service":"preplyte-api","timestamp":"2026-02-18 11:20:19"}
{"level":"info","message":"[WS Gateway] WebSocket server initialized","path":"/ws/interview/:sessionId","service":"preplyte-api","timestamp":"2026-02-18 11:20:19"}
{"api":"http://localhost:4000/api","environment":"development","health":"http://localhost:4000/health","host":"0.0.0.0","level":"info","message":"🚀 Server running","port":4000,"service":"preplyte-api","timestamp":"2026-02-18 11:20:19","websocket":"ws://localhost:4000/ws/interview/:sessionId"}
{"intervalHours":24,"level":"info","message":"Starting token cleanup scheduler","service":"preplyte-api","timestamp":"2026-02-18 11:20:19"}
{"level":"info","message":"Starting token cleanup job","service":"preplyte-api","timestamp":"2026-02-18 11:20:19"}
{"level":"debug","message":"Query: DELETE FROM \"public\".\"refresh_tokens\" WHERE (\"public\".\"refresh_tokens\".\"expiresAt\" < $1 OR \"public\".\"refresh_tokens\".\"revokedAt\" < $2)","service":"preplyte-api","timestamp":"2026-02-18 11:20:19"}
{"level":"debug","message":"Params: [\"2026-02-18 05:50:19.764 UTC\",\"2026-02-11 05:50:19.764 UTC\"]","service":"preplyte-api","timestamp":"2026-02-18 11:20:19"}
{"level":"debug","message":"Duration: 7ms","service":"preplyte-api","timestamp":"2026-02-18 11:20:19"}
{"count":0,"level":"info","message":"Cleaned up expired tokens","service":"preplyte-api","timestamp":"2026-02-18 11:20:19"}
{"level":"info","message":"Token cleanup completed","service":"preplyte-api","timestamp":"2026-02-18 11:20:19","tokensRemoved":0}
{"baseURL":"https://judge0-ce.p.rapidapi.com","level":"info","message":"Judge0 client initialized","service":"preplyte-api","timestamp":"2026-02-18 11:20:26","useRapidAPI":true}
{"level":"info","message":"[TTS] Using Deepgram for text-to-speech","service":"preplyte-api","timestamp":"2026-02-18 11:20:26"}
{"keyLength":39,"keyPrefix":"AIzaSyC7yj...","level":"info","message":"Gemini API Key loaded:","service":"preplyte-api","timestamp":"2026-02-18 11:20:27"}
{"environment":"development","host":"0.0.0.0","level":"info","message":"Starting server...","port":4000,"service":"preplyte-api","timestamp":"2026-02-18 11:20:27"}
{"level":"info","message":"Checking database connection...","service":"preplyte-api","timestamp":"2026-02-18 11:20:27"}
{"level":"debug","message":"Query: SELECT 1","service":"preplyte-api","timestamp":"2026-02-18 11:20:27"}
{"level":"debug","message":"Params: []","service":"preplyte-api","timestamp":"2026-02-18 11:20:27"}
{"level":"debug","message":"Duration: 0ms","service":"preplyte-api","timestamp":"2026-02-18 11:20:27"}
{"level":"info","message":"✅ Database connected successfully","service":"preplyte-api","timestamp":"2026-02-18 11:20:27"}
{"level":"info","message":"[WS Gateway] WebSocket server initialized","path":"/ws/interview/:sessionId","service":"preplyte-api","timestamp":"2026-02-18 11:20:27"}
{"api":"http://localhost:4000/api","environment":"development","health":"http://localhost:4000/health","host":"0.0.0.0","level":"info","message":"🚀 Server running","port":4000,"service":"preplyte-api","timestamp":"2026-02-18 11:20:27","websocket":"ws://localhost:4000/ws/interview/:sessionId"}
{"intervalHours":24,"level":"info","message":"Starting token cleanup scheduler","service":"preplyte-api","timestamp":"2026-02-18 11:20:27"}
{"level":"info","message":"Starting token cleanup job","service":"preplyte-api","timestamp":"2026-02-18 11:20:27"}
{"level":"debug","message":"Query: DELETE FROM \"public\".\"refresh_tokens\" WHERE (\"public\".\"refresh_tokens\".\"expiresAt\" < $1 OR \"public\".\"refresh_tokens\".\"revokedAt\" < $2)","service":"preplyte-api","timestamp":"2026-02-18 11:20:27"}
{"level":"debug","message":"Params: [\"2026-02-18 05:50:27.422 UTC\",\"2026-02-11 05:50:27.422 UTC\"]","service":"preplyte-api","timestamp":"2026-02-18 11:20:27"}
{"level":"debug","message":"Duration: 3ms","service":"preplyte-api","timestamp":"2026-02-18 11:20:27"}
{"count":0,"level":"info","message":"Cleaned up expired tokens","service":"preplyte-api","timestamp":"2026-02-18 11:20:27"}
{"level":"info","message":"Token cleanup completed","service":"preplyte-api","timestamp":"2026-02-18 11:20:27","tokensRemoved":0}
{"baseURL":"https://judge0-ce.p.rapidapi.com","level":"info","message":"Judge0 client initialized","service":"preplyte-api","timestamp":"2026-02-18 11:20:41","useRapidAPI":true}
{"level":"info","message":"[TTS] Using Deepgram for text-to-speech","service":"preplyte-api","timestamp":"2026-02-18 11:20:41"}
{"keyLength":39,"keyPrefix":"AIzaSyC7yj...","level":"info","message":"Gemini API Key loaded:","service":"preplyte-api","timestamp":"2026-02-18 11:20:42"}
{"environment":"development","host":"0.0.0.0","level":"info","message":"Starting server...","port":4000,"service":"preplyte-api","timestamp":"2026-02-18 11:20:42"}
{"level":"info","message":"Checking database connection...","service":"preplyte-api","timestamp":"2026-02-18 11:20:42"}
{"level":"debug","message":"Query: SELECT 1","service":"preplyte-api","timestamp":"2026-02-18 11:20:42"}
{"level":"debug","message":"Params: []","service":"preplyte-api","timestamp":"2026-02-18 11:20:42"}
{"level":"debug","message":"Duration: 1ms","service":"preplyte-api","timestamp":"2026-02-18 11:20:42"}
{"level":"info","message":"✅ Database connected successfully","service":"preplyte-api","timestamp":"2026-02-18 11:20:42"}
{"level":"info","message":"[WS Gateway] WebSocket server initialized","path":"/ws/interview/:sessionId","service":"preplyte-api","timestamp":"2026-02-18 11:20:42"}
{"api":"http://localhost:4000/api","environment":"development","health":"http://localhost:4000/health","host":"0.0.0.0","level":"info","message":"🚀 Server running","port":4000,"service":"preplyte-api","timestamp":"2026-02-18 11:20:42","websocket":"ws://localhost:4000/ws/interview/:sessionId"}
{"intervalHours":24,"level":"info","message":"Starting token cleanup scheduler","service":"preplyte-api","timestamp":"2026-02-18 11:20:42"}
{"level":"info","message":"Starting token cleanup job","service":"preplyte-api","timestamp":"2026-02-18 11:20:42"}
{"level":"debug","message":"Query: DELETE FROM \"public\".\"refresh_tokens\" WHERE (\"public\".\"refresh_tokens\".\"expiresAt\" < $1 OR \"public\".\"refresh_tokens\".\"revokedAt\" < $2)","service":"preplyte-api","timestamp":"2026-02-18 11:20:42"}
{"level":"debug","message":"Params: [\"2026-02-18 05:50:42.305 UTC\",\"2026-02-11 05:50:42.305 UTC\"]","service":"preplyte-api","timestamp":"2026-02-18 11:20:42"}
{"level":"debug","message":"Duration: 4ms","service":"preplyte-api","timestamp":"2026-02-18 11:20:42"}
{"count":0,"level":"info","message":"Cleaned up expired tokens","service":"preplyte-api","timestamp":"2026-02-18 11:20:42"}
{"level":"info","message":"Token cleanup completed","service":"preplyte-api","timestamp":"2026-02-18 11:20:42","tokensRemoved":0}
{"baseURL":"https://judge0-ce.p.rapidapi.com","level":"info","message":"Judge0 client initialized","service":"preplyte-api","timestamp":"2026-02-18 11:20:50","useRapidAPI":true}
{"level":"info","message":"[TTS] Using Deepgram for text-to-speech","service":"preplyte-api","timestamp":"2026-02-18 11:20:51"}
{"keyLength":39,"keyPrefix":"AIzaSyC7yj...","level":"info","message":"Gemini API Key loaded:","service":"preplyte-api","timestamp":"2026-02-18 11:20:51"}
{"environment":"development","host":"0.0.0.0","level":"info","message":"Starting server...","port":4000,"service":"preplyte-api","timestamp":"2026-02-18 11:20:51"}
{"level":"info","message":"Checking database connection...","service":"preplyte-api","timestamp":"2026-02-18 11:20:51"}
{"level":"debug","message":"Query: SELECT 1","service":"preplyte-api","timestamp":"2026-02-18 11:20:51"}
{"level":"debug","message":"Params: []","service":"preplyte-api","timestamp":"2026-02-18 11:20:51"}
{"level":"debug","message":"Duration: 1ms","service":"preplyte-api","timestamp":"2026-02-18 11:20:51"}
{"level":"info","message":"✅ Database connected successfully","service":"preplyte-api","timestamp":"2026-02-18 11:20:51"}
{"level":"info","message":"[WS Gateway] WebSocket server initialized","path":"/ws/interview/:sessionId","service":"preplyte-api","timestamp":"2026-02-18 11:20:51"}
{"api":"http://localhost:4000/api","environment":"development","health":"http://localhost:4000/health","host":"0.0.0.0","level":"info","message":"🚀 Server running","port":4000,"service":"preplyte-api","timestamp":"2026-02-18 11:20:51","websocket":"ws://localhost:4000/ws/interview/:sessionId"}
{"intervalHours":24,"level":"info","message":"Starting token cleanup scheduler","service":"preplyte-api","timestamp":"2026-02-18 11:20:51"}
{"level":"info","message":"Starting token cleanup job","service":"preplyte-api","timestamp":"2026-02-18 11:20:51"}
{"level":"debug","message":"Query: DELETE FROM \"public\".\"refresh_tokens\" WHERE (\"public\".\"refresh_tokens\".\"expiresAt\" < $1 OR \"public\".\"refresh_tokens\".\"revokedAt\" < $2)","service":"preplyte-api","timestamp":"2026-02-18 11:20:51"}
{"level":"debug","message":"Params: [\"2026-02-18 05:50:51.633 UTC\",\"2026-02-11 05:50:51.633 UTC\"]","service":"preplyte-api","timestamp":"2026-02-18 11:20:51"}
{"level":"debug","message":"Duration: 5ms","service":"preplyte-api","timestamp":"2026-02-18 11:20:51"}
{"count":0,"level":"info","message":"Cleaned up expired tokens","service":"preplyte-api","timestamp":"2026-02-18 11:20:51"}
{"level":"info","message":"Token cleanup completed","service":"preplyte-api","timestamp":"2026-02-18 11:20:51","tokensRemoved":0}
{"baseURL":"https://judge0-ce.p.rapidapi.com","level":"info","message":"Judge0 client initialized","service":"preplyte-api","timestamp":"2026-02-18 11:21:06","useRapidAPI":true}
{"level":"info","message":"[TTS] Using Deepgram for text-to-speech","service":"preplyte-api","timestamp":"2026-02-18 11:21:06"}
{"keyLength":39,"keyPrefix":"AIzaSyC7yj...","level":"info","message":"Gemini API Key loaded:","service":"preplyte-api","timestamp":"2026-02-18 11:21:07"}
{"environment":"development","host":"0.0.0.0","level":"info","message":"Starting server...","port":4000,"service":"preplyte-api","timestamp":"2026-02-18 11:21:07"}
{"level":"info","message":"Checking database connection...","service":"preplyte-api","timestamp":"2026-02-18 11:21:07"}
{"level":"debug","message":"Query: SELECT 1","service":"preplyte-api","timestamp":"2026-02-18 11:21:07"}
{"level":"debug","message":"Params: []","service":"preplyte-api","timestamp":"2026-02-18 11:21:07"}
{"level":"debug","message":"Duration: 0ms","service":"preplyte-api","timestamp":"2026-02-18 11:21:07"}
{"level":"info","message":"✅ Database connected successfully","service":"preplyte-api","timestamp":"2026-02-18 11:21:07"}
{"level":"info","message":"[WS Gateway] WebSocket server initialized","path":"/ws/interview/:sessionId","service":"preplyte-api","timestamp":"2026-02-18 11:21:07"}
{"api":"http://localhost:4000/api","environment":"development","health":"http://localhost:4000/health","host":"0.0.0.0","level":"info","message":"🚀 Server running","port":4000,"service":"preplyte-api","timestamp":"2026-02-18 11:21:07","websocket":"ws://localhost:4000/ws/interview/:sessionId"}
{"intervalHours":24,"level":"info","message":"Starting token cleanup scheduler","service":"preplyte-api","timestamp":"2026-02-18 11:21:07"}
{"level":"info","message":"Starting token cleanup job","service":"preplyte-api","timestamp":"2026-02-18 11:21:07"}
{"level":"debug","message":"Query: DELETE FROM \"public\".\"refresh_tokens\" WHERE (\"public\".\"refresh_tokens\".\"expiresAt\" < $1 OR \"public\".\"refresh_tokens\".\"revokedAt\" < $2)","service":"preplyte-api","timestamp":"2026-02-18 11:21:07"}
{"level":"debug","message":"Params: [\"2026-02-18 05:51:07.431 UTC\",\"2026-02-11 05:51:07.431 UTC\"]","service":"preplyte-api","timestamp":"2026-02-18 11:21:07"}
{"level":"debug","message":"Duration: 3ms","service":"preplyte-api","timestamp":"2026-02-18 11:21:07"}
{"count":0,"level":"info","message":"Cleaned up expired tokens","service":"preplyte-api","timestamp":"2026-02-18 11:21:07"}
{"level":"info","message":"Token cleanup completed","service":"preplyte-api","timestamp":"2026-02-18 11:21:07","tokensRemoved":0}
{"baseURL":"https://judge0-ce.p.rapidapi.com","level":"info","message":"Judge0 client initialized","service":"preplyte-api","timestamp":"2026-02-18 11:21:14","useRapidAPI":true}
{"level":"info","message":"[TTS] Using Deepgram for text-to-speech","service":"preplyte-api","timestamp":"2026-02-18 11:21:14"}
{"keyLength":39,"keyPrefix":"AIzaSyC7yj...","level":"info","message":"Gemini API Key loaded:","service":"preplyte-api","timestamp":"2026-02-18 11:21:14"}
{"environment":"development","host":"0.0.0.0","level":"info","message":"Starting server...","port":4000,"service":"preplyte-api","timestamp":"2026-02-18 11:21:14"}
{"level":"info","message":"Checking database connection...","service":"preplyte-api","timestamp":"2026-02-18 11:21:14"}
{"level":"debug","message":"Query: SELECT 1","service":"preplyte-api","timestamp":"2026-02-18 11:21:14"}
{"level":"debug","message":"Params: []","service":"preplyte-api","timestamp":"2026-02-18 11:21:14"}
{"level":"debug","message":"Duration: 0ms","service":"preplyte-api","timestamp":"2026-02-18 11:21:14"}
{"level":"info","message":"✅ Database connected successfully","service":"preplyte-api","timestamp":"2026-02-18 11:21:14"}
{"level":"info","message":"[WS Gateway] WebSocket server initialized","path":"/ws/interview/:sessionId","service":"preplyte-api","timestamp":"2026-02-18 11:21:14"}
{"api":"http://localhost:4000/api","environment":"development","health":"http://localhost:4000/health","host":"0.0.0.0","level":"info","message":"🚀 Server running","port":4000,"service":"preplyte-api","timestamp":"2026-02-18 11:21:14","websocket":"ws://localhost:4000/ws/interview/:sessionId"}
{"intervalHours":24,"level":"info","message":"Starting token cleanup scheduler","service":"preplyte-api","timestamp":"2026-02-18 11:21:14"}
{"level":"info","message":"Starting token cleanup job","service":"preplyte-api","timestamp":"2026-02-18 11:21:14"}
{"level":"debug","message":"Query: DELETE FROM \"public\".\"refresh_tokens\" WHERE (\"public\".\"refresh_tokens\".\"expiresAt\" < $1 OR \"public\".\"refresh_tokens\".\"revokedAt\" < $2)","service":"preplyte-api","timestamp":"2026-02-18 11:21:14"}
{"level":"debug","message":"Params: [\"2026-02-18 05:51:14.801 UTC\",\"2026-02-11 05:51:14.801 UTC\"]","service":"preplyte-api","timestamp":"2026-02-18 11:21:14"}
{"level":"debug","message":"Duration: 4ms","service":"preplyte-api","timestamp":"2026-02-18 11:21:14"}
{"count":0,"level":"info","message":"Cleaned up expired tokens","service":"preplyte-api","timestamp":"2026-02-18 11:21:14"}
{"level":"info","message":"Token cleanup completed","service":"preplyte-api","timestamp":"2026-02-18 11:21:14","tokensRemoved":0}
{"baseURL":"https://judge0-ce.p.rapidapi.com","level":"info","message":"Judge0 client initialized","service":"preplyte-api","timestamp":"2026-02-18 11:21:45","useRapidAPI":true}
{"level":"info","message":"[TTS] Using Deepgram for text-to-speech","service":"preplyte-api","timestamp":"2026-02-18 11:21:45"}
{"keyLength":39,"keyPrefix":"AIzaSyC7yj...","level":"info","message":"Gemini API Key loaded:","service":"preplyte-api","timestamp":"2026-02-18 11:21:45"}
{"environment":"development","host":"0.0.0.0","level":"info","message":"Starting server...","port":4000,"service":"preplyte-api","timestamp":"2026-02-18 11:21:45"}
{"level":"info","message":"Checking database connection...","service":"preplyte-api","timestamp":"2026-02-18 11:21:45"}
{"level":"debug","message":"Query: SELECT 1","service":"preplyte-api","timestamp":"2026-02-18 11:21:45"}
{"level":"debug","message":"Params: []","service":"preplyte-api","timestamp":"2026-02-18 11:21:45"}
{"level":"debug","message":"Duration: 0ms","service":"preplyte-api","timestamp":"2026-02-18 11:21:45"}
{"level":"info","message":"✅ Database connected successfully","service":"preplyte-api","timestamp":"2026-02-18 11:21:45"}
{"level":"info","message":"[WS Gateway] WebSocket server initialized","path":"/ws/interview/:sessionId","service":"preplyte-api","timestamp":"2026-02-18 11:21:45"}
{"api":"http://localhost:4000/api","environment":"development","health":"http://localhost:4000/health","host":"0.0.0.0","level":"info","message":"🚀 Server running","port":4000,"service":"preplyte-api","timestamp":"2026-02-18 11:21:45","websocket":"ws://localhost:4000/ws/interview/:sessionId"}
{"intervalHours":24,"level":"info","message":"Starting token cleanup scheduler","service":"preplyte-api","timestamp":"2026-02-18 11:21:45"}
{"level":"info","message":"Starting token cleanup job","service":"preplyte-api","timestamp":"2026-02-18 11:21:45"}
{"level":"debug","message":"Query: DELETE FROM \"public\".\"refresh_tokens\" WHERE (\"public\".\"refresh_tokens\".\"expiresAt\" < $1 OR \"public\".\"refresh_tokens\".\"revokedAt\" < $2)","service":"preplyte-api","timestamp":"2026-02-18 11:21:45"}
{"level":"debug","message":"Params: [\"2026-02-18 05:51:45.734 UTC\",\"2026-02-11 05:51:45.734 UTC\"]","service":"preplyte-api","timestamp":"2026-02-18 11:21:45"}
{"level":"debug","message":"Duration: 4ms","service":"preplyte-api","timestamp":"2026-02-18 11:21:45"}
{"count":0,"level":"info","message":"Cleaned up expired tokens","service":"preplyte-api","timestamp":"2026-02-18 11:21:45"}
{"level":"info","message":"Token cleanup completed","service":"preplyte-api","timestamp":"2026-02-18 11:21:45","tokensRemoved":0}
{"baseURL":"https://judge0-ce.p.rapidapi.com","level":"info","message":"Judge0 client initialized","service":"preplyte-api","timestamp":"2026-02-18 11:21:52","useRapidAPI":true}
{"level":"info","message":"[TTS] Using Deepgram for text-to-speech","service":"preplyte-api","timestamp":"2026-02-18 11:21:52"}
{"keyLength":39,"keyPrefix":"AIzaSyC7yj...","level":"info","message":"Gemini API Key loaded:","service":"preplyte-api","timestamp":"2026-02-18 11:21:52"}
{"environment":"development","host":"0.0.0.0","level":"info","message":"Starting server...","port":4000,"service":"preplyte-api","timestamp":"2026-02-18 11:21:52"}
{"level":"info","message":"Checking database connection...","service":"preplyte-api","timestamp":"2026-02-18 11:21:52"}
{"level":"debug","message":"Query: SELECT 1","service":"preplyte-api","timestamp":"2026-02-18 11:21:53"}
{"level":"debug","message":"Params: []","service":"preplyte-api","timestamp":"2026-02-18 11:21:53"}
{"level":"debug","message":"Duration: 1ms","service":"preplyte-api","timestamp":"2026-02-18 11:21:53"}
{"level":"info","message":"✅ Database connected successfully","service":"preplyte-api","timestamp":"2026-02-18 11:21:53"}
{"level":"info","message":"[WS Gateway] WebSocket server initialized","path":"/ws/interview/:sessionId","service":"preplyte-api","timestamp":"2026-02-18 11:21:53"}
{"api":"http://localhost:4000/api","environment":"development","health":"http://localhost:4000/health","host":"0.0.0.0","level":"info","message":"🚀 Server running","port":4000,"service":"preplyte-api","timestamp":"2026-02-18 11:21:53","websocket":"ws://localhost:4000/ws/interview/:sessionId"}
{"intervalHours":24,"level":"info","message":"Starting token cleanup scheduler","service":"preplyte-api","timestamp":"2026-02-18 11:21:53"}
{"level":"info","message":"Starting token cleanup job","service":"preplyte-api","timestamp":"2026-02-18 11:21:53"}
{"level":"debug","message":"Query: DELETE FROM \"public\".\"refresh_tokens\" WHERE (\"public\".\"refresh_tokens\".\"expiresAt\" < $1 OR \"public\".\"refresh_tokens\".\"revokedAt\" < $2)","service":"preplyte-api","timestamp":"2026-02-18 11:21:53"}
{"level":"debug","message":"Params: [\"2026-02-18 05:51:53.061 UTC\",\"2026-02-11 05:51:53.061 UTC\"]","service":"preplyte-api","timestamp":"2026-02-18 11:21:53"}
{"level":"debug","message":"Duration: 4ms","service":"preplyte-api","timestamp":"2026-02-18 11:21:53"}
{"count":0,"level":"info","message":"Cleaned up expired tokens","service":"preplyte-api","timestamp":"2026-02-18 11:21:53"}
{"level":"info","message":"Token cleanup completed","service":"preplyte-api","timestamp":"2026-02-18 11:21:53","tokensRemoved":0}
{"baseURL":"https://judge0-ce.p.rapidapi.com","level":"info","message":"Judge0 client initialized","service":"preplyte-api","timestamp":"2026-02-18 11:22:06","useRapidAPI":true}
{"level":"info","message":"[TTS] Using Deepgram for text-to-speech","service":"preplyte-api","timestamp":"2026-02-18 11:22:06"}
{"keyLength":39,"keyPrefix":"AIzaSyC7yj...","level":"info","message":"Gemini API Key loaded:","service":"preplyte-api","timestamp":"2026-02-18 11:22:07"}
{"environment":"development","host":"0.0.0.0","level":"info","message":"Starting server...","port":4000,"service":"preplyte-api","timestamp":"2026-02-18 11:22:07"}
{"level":"info","message":"Checking database connection...","service":"preplyte-api","timestamp":"2026-02-18 11:22:07"}
{"level":"debug","message":"Query: SELECT 1","service":"preplyte-api","timestamp":"2026-02-18 11:22:07"}
{"level":"debug","message":"Params: []","service":"preplyte-api","timestamp":"2026-02-18 11:22:07"}
{"level":"debug","message":"Duration: 1ms","service":"preplyte-api","timestamp":"2026-02-18 11:22:07"}
{"level":"info","message":"✅ Database connected successfully","service":"preplyte-api","timestamp":"2026-02-18 11:22:07"}
{"level":"info","message":"[WS Gateway] WebSocket server initialized","path":"/ws/interview/:sessionId","service":"preplyte-api","timestamp":"2026-02-18 11:22:07"}
{"api":"http://localhost:4000/api","environment":"development","health":"http://localhost:4000/health","host":"0.0.0.0","level":"info","message":"🚀 Server running","port":4000,"service":"preplyte-api","timestamp":"2026-02-18 11:22:07","websocket":"ws://localhost:4000/ws/interview/:sessionId"}
{"intervalHours":24,"level":"info","message":"Starting token cleanup scheduler","service":"preplyte-api","timestamp":"2026-02-18 11:22:07"}
{"level":"info","message":"Starting token cleanup job","service":"preplyte-api","timestamp":"2026-02-18 11:22:07"}
{"level":"debug","message":"Query: DELETE FROM \"public\".\"refresh_tokens\" WHERE (\"public\".\"refresh_tokens\".\"expiresAt\" < $1 OR \"public\".\"refresh_tokens\".\"revokedAt\" < $2)","service":"preplyte-api","timestamp":"2026-02-18 11:22:07"}
{"level":"debug","message":"Params: [\"2026-02-18 05:52:07.342 UTC\",\"2026-02-11 05:52:07.342 UTC\"]","service":"preplyte-api","timestamp":"2026-02-18 11:22:07"}
{"level":"debug","message":"Duration: 6ms","service":"preplyte-api","timestamp":"2026-02-18 11:22:07"}
{"count":0,"level":"info","message":"Cleaned up expired tokens","service":"preplyte-api","timestamp":"2026-02-18 11:22:07"}
{"level":"info","message":"Token cleanup completed","service":"preplyte-api","timestamp":"2026-02-18 11:22:07","tokensRemoved":0}
{"baseURL":"https://judge0-ce.p.rapidapi.com","level":"info","message":"Judge0 client initialized","service":"preplyte-api","timestamp":"2026-02-18 11:22:12","useRapidAPI":true}
{"level":"info","message":"[TTS] Using Deepgram for text-to-speech","service":"preplyte-api","timestamp":"2026-02-18 11:22:12"}
{"keyLength":39,"keyPrefix":"AIzaSyC7yj...","level":"info","message":"Gemini API Key loaded:","service":"preplyte-api","timestamp":"2026-02-18 11:22:13"}
{"environment":"development","host":"0.0.0.0","level":"info","message":"Starting server...","port":4000,"service":"preplyte-api","timestamp":"2026-02-18 11:22:13"}
{"level":"info","message":"Checking database connection...","service":"preplyte-api","timestamp":"2026-02-18 11:22:13"}
{"level":"debug","message":"Query: SELECT 1","service":"preplyte-api","timestamp":"2026-02-18 11:22:13"}
{"level":"debug","message":"Params: []","service":"preplyte-api","timestamp":"2026-02-18 11:22:13"}
{"level":"debug","message":"Duration: 1ms","service":"preplyte-api","timestamp":"2026-02-18 11:22:13"}
{"level":"info","message":"✅ Database connected successfully","service":"preplyte-api","timestamp":"2026-02-18 11:22:13"}
{"level":"info","message":"[WS Gateway] WebSocket server initialized","path":"/ws/interview/:sessionId","service":"preplyte-api","timestamp":"2026-02-18 11:22:13"}
{"api":"http://localhost:4000/api","environment":"development","health":"http://localhost:4000/health","host":"0.0.0.0","level":"info","message":"🚀 Server running","port":4000,"service":"preplyte-api","timestamp":"2026-02-18 11:22:13","websocket":"ws://localhost:4000/ws/interview/:sessionId"}
{"intervalHours":24,"level":"info","message":"Starting token cleanup scheduler","service":"preplyte-api","timestamp":"2026-02-18 11:22:13"}
{"level":"info","message":"Starting token cleanup job","service":"preplyte-api","timestamp":"2026-02-18 11:22:13"}
{"level":"debug","message":"Query: DELETE FROM \"public\".\"refresh_tokens\" WHERE (\"public\".\"refresh_tokens\".\"expiresAt\" < $1 OR \"public\".\"refresh_tokens\".\"revokedAt\" < $2)","service":"preplyte-api","timestamp":"2026-02-18 11:22:13"}
{"level":"debug","message":"Params: [\"2026-02-18 05:52:13.254 UTC\",\"2026-02-11 05:52:13.254 UTC\"]","service":"preplyte-api","timestamp":"2026-02-18 11:22:13"}
{"level":"debug","message":"Duration: 3ms","service":"preplyte-api","timestamp":"2026-02-18 11:22:13"}
{"count":0,"level":"info","message":"Cleaned up expired tokens","service":"preplyte-api","timestamp":"2026-02-18 11:22:13"}
{"level":"info","message":"Token cleanup completed","service":"preplyte-api","timestamp":"2026-02-18 11:22:13","tokensRemoved":0}
{"baseURL":"https://judge0-ce.p.rapidapi.com","level":"info","message":"Judge0 client initialized","service":"preplyte-api","timestamp":"2026-02-18 11:22:25","useRapidAPI":true}
{"level":"info","message":"[TTS] Using Deepgram for text-to-speech","service":"preplyte-api","timestamp":"2026-02-18 11:22:25"}
{"keyLength":39,"keyPrefix":"AIzaSyC7yj...","level":"info","message":"Gemini API Key loaded:","service":"preplyte-api","timestamp":"2026-02-18 11:22:25"}
{"environment":"development","host":"0.0.0.0","level":"info","message":"Starting server...","port":4000,"service":"preplyte-api","timestamp":"2026-02-18 11:22:25"}
{"level":"info","message":"Checking database connection...","service":"preplyte-api","timestamp":"2026-02-18 11:22:25"}
{"level":"debug","message":"Query: SELECT 1","service":"preplyte-api","timestamp":"2026-02-18 11:22:25"}
{"level":"debug","message":"Params: []","service":"preplyte-api","timestamp":"2026-02-18 11:22:25"}
{"level":"debug","message":"Duration: 1ms","service":"preplyte-api","timestamp":"2026-02-18 11:22:25"}
{"level":"info","message":"✅ Database connected successfully","service":"preplyte-api","timestamp":"2026-02-18 11:22:25"}
{"level":"info","message":"[WS Gateway] WebSocket server initialized","path":"/ws/interview/:sessionId","service":"preplyte-api","timestamp":"2026-02-18 11:22:25"}
{"api":"http://localhost:4000/api","environment":"development","health":"http://localhost:4000/health","host":"0.0.0.0","level":"info","message":"🚀 Server running","port":4000,"service":"preplyte-api","timestamp":"2026-02-18 11:22:25","websocket":"ws://localhost:4000/ws/interview/:sessionId"}
{"intervalHours":24,"level":"info","message":"Starting token cleanup scheduler","service":"preplyte-api","timestamp":"2026-02-18 11:22:25"}
{"level":"info","message":"Starting token cleanup job","service":"preplyte-api","timestamp":"2026-02-18 11:22:25"}
{"level":"debug","message":"Query: DELETE FROM \"public\".\"refresh_tokens\" WHERE (\"public\".\"refresh_tokens\".\"expiresAt\" < $1 OR \"public\".\"refresh_tokens\".\"revokedAt\" < $2)","service":"preplyte-api","timestamp":"2026-02-18 11:22:25"}
{"level":"debug","message":"Params: [\"2026-02-18 05:52:25.969 UTC\",\"2026-02-11 05:52:25.969 UTC\"]","service":"preplyte-api","timestamp":"2026-02-18 11:22:25"}
{"level":"debug","message":"Duration: 3ms","service":"preplyte-api","timestamp":"2026-02-18 11:22:25"}
{"count":0,"level":"info","message":"Cleaned up expired tokens","service":"preplyte-api","timestamp":"2026-02-18 11:22:25"}
{"level":"info","message":"Token cleanup completed","service":"preplyte-api","timestamp":"2026-02-18 11:22:25","tokensRemoved":0}
{"baseURL":"https://judge0-ce.p.rapidapi.com","level":"info","message":"Judge0 client initialized","service":"preplyte-api","timestamp":"2026-02-18 11:22:32","useRapidAPI":true}
{"level":"info","message":"[TTS] Using Deepgram for text-to-speech","service":"preplyte-api","timestamp":"2026-02-18 11:22:33"}
{"keyLength":39,"keyPrefix":"AIzaSyC7yj...","level":"info","message":"Gemini API Key loaded:","service":"preplyte-api","timestamp":"2026-02-18 11:22:33"}
{"environment":"development","host":"0.0.0.0","level":"info","message":"Starting server...","port":4000,"service":"preplyte-api","timestamp":"2026-02-18 11:22:33"}
{"level":"info","message":"Checking database connection...","service":"preplyte-api","timestamp":"2026-02-18 11:22:33"}
{"level":"debug","message":"Query: SELECT 1","service":"preplyte-api","timestamp":"2026-02-18 11:22:33"}
{"level":"debug","message":"Params: []","service":"preplyte-api","timestamp":"2026-02-18 11:22:33"}
{"level":"debug","message":"Duration: 0ms","service":"preplyte-api","timestamp":"2026-02-18 11:22:33"}
{"level":"info","message":"✅ Database connected successfully","service":"preplyte-api","timestamp":"2026-02-18 11:22:33"}
{"level":"info","message":"[WS Gateway] WebSocket server initialized","path":"/ws/interview/:sessionId","service":"preplyte-api","timestamp":"2026-02-18 11:22:33"}
{"api":"http://localhost:4000/api","environment":"development","health":"http://localhost:4000/health","host":"0.0.0.0","level":"info","message":"🚀 Server running","port":4000,"service":"preplyte-api","timestamp":"2026-02-18 11:22:33","websocket":"ws://localhost:4000/ws/interview/:sessionId"}
{"intervalHours":24,"level":"info","message":"Starting token cleanup scheduler","service":"preplyte-api","timestamp":"2026-02-18 11:22:33"}
{"level":"info","message":"Starting token cleanup job","service":"preplyte-api","timestamp":"2026-02-18 11:22:33"}
{"level":"debug","message":"Query: DELETE FROM \"public\".\"refresh_tokens\" WHERE (\"public\".\"refresh_tokens\".\"expiresAt\" < $1 OR \"public\".\"refresh_tokens\".\"revokedAt\" < $2)","service":"preplyte-api","timestamp":"2026-02-18 11:22:33"}
{"level":"debug","message":"Params: [\"2026-02-18 05:52:33.630 UTC\",\"2026-02-11 05:52:33.630 UTC\"]","service":"preplyte-api","timestamp":"2026-02-18 11:22:33"}
{"level":"debug","message":"Duration: 7ms","service":"preplyte-api","timestamp":"2026-02-18 11:22:33"}
{"count":0,"level":"info","message":"Cleaned up expired tokens","service":"preplyte-api","timestamp":"2026-02-18 11:22:33"}
{"level":"info","message":"Token cleanup completed","service":"preplyte-api","timestamp":"2026-02-18 11:22:33","tokensRemoved":0}
{"baseURL":"https://judge0-ce.p.rapidapi.com","level":"info","message":"Judge0 client initialized","service":"preplyte-api","timestamp":"2026-02-18 11:23:11","useRapidAPI":true}
{"level":"info","message":"[TTS] Using Deepgram for text-to-speech","service":"preplyte-api","timestamp":"2026-02-18 11:23:11"}
{"keyLength":39,"keyPrefix":"AIzaSyC7yj...","level":"info","message":"Gemini API Key loaded:","service":"preplyte-api","timestamp":"2026-02-18 11:23:11"}
{"environment":"development","host":"0.0.0.0","level":"info","message":"Starting server...","port":4000,"service":"preplyte-api","timestamp":"2026-02-18 11:23:11"}
{"level":"info","message":"Checking database connection...","service":"preplyte-api","timestamp":"2026-02-18 11:23:11"}
{"level":"debug","message":"Query: SELECT 1","service":"preplyte-api","timestamp":"2026-02-18 11:23:11"}
{"level":"debug","message":"Params: []","service":"preplyte-api","timestamp":"2026-02-18 11:23:11"}
{"level":"debug","message":"Duration: 0ms","service":"preplyte-api","timestamp":"2026-02-18 11:23:11"}
{"level":"info","message":"✅ Database connected successfully","service":"preplyte-api","timestamp":"2026-02-18 11:23:11"}
{"level":"info","message":"[WS Gateway] WebSocket server initialized","path":"/ws/interview/:sessionId","service":"preplyte-api","timestamp":"2026-02-18 11:23:11"}
{"api":"http://localhost:4000/api","environment":"development","health":"http://localhost:4000/health","host":"0.0.0.0","level":"info","message":"🚀 Server running","port":4000,"service":"preplyte-api","timestamp":"2026-02-18 11:23:11","websocket":"ws://localhost:4000/ws/interview/:sessionId"}
{"intervalHours":24,"level":"info","message":"Starting token cleanup scheduler","service":"preplyte-api","timestamp":"2026-02-18 11:23:11"}
{"level":"info","message":"Starting token cleanup job","service":"preplyte-api","timestamp":"2026-02-18 11:23:11"}
{"level":"debug","message":"Query: DELETE FROM \"public\".\"refresh_tokens\" WHERE (\"public\".\"refresh_tokens\".\"expiresAt\" < $1 OR \"public\".\"refresh_tokens\".\"revokedAt\" < $2)","service":"preplyte-api","timestamp":"2026-02-18 11:23:11"}
{"level":"debug","message":"Params: [\"2026-02-18 05:53:11.840 UTC\",\"2026-02-11 05:53:11.840 UTC\"]","service":"preplyte-api","timestamp":"2026-02-18 11:23:11"}
{"level":"debug","message":"Duration: 3ms","service":"preplyte-api","timestamp":"2026-02-18 11:23:11"}
{"count":0,"level":"info","message":"Cleaned up expired tokens","service":"preplyte-api","timestamp":"2026-02-18 11:23:11"}
{"level":"info","message":"Token cleanup completed","service":"preplyte-api","timestamp":"2026-02-18 11:23:11","tokensRemoved":0}
{"baseURL":"https://judge0-ce.p.rapidapi.com","level":"info","message":"Judge0 client initialized","service":"preplyte-api","timestamp":"2026-02-18 11:23:20","useRapidAPI":true}
{"level":"info","message":"[TTS] Using Deepgram for text-to-speech","service":"preplyte-api","timestamp":"2026-02-18 11:23:20"}
{"keyLength":39,"keyPrefix":"AIzaSyC7yj...","level":"info","message":"Gemini API Key loaded:","service":"preplyte-api","timestamp":"2026-02-18 11:23:21"}
{"environment":"development","host":"0.0.0.0","level":"info","message":"Starting server...","port":4000,"service":"preplyte-api","timestamp":"2026-02-18 11:23:21"}
{"level":"info","message":"Checking database connection...","service":"preplyte-api","timestamp":"2026-02-18 11:23:21"}
{"level":"debug","message":"Query: SELECT 1","service":"preplyte-api","timestamp":"2026-02-18 11:23:21"}
{"level":"debug","message":"Params: []","service":"preplyte-api","timestamp":"2026-02-18 11:23:21"}
{"level":"debug","message":"Duration: 1ms","service":"preplyte-api","timestamp":"2026-02-18 11:23:21"}
{"level":"info","message":"✅ Database connected successfully","service":"preplyte-api","timestamp":"2026-02-18 11:23:21"}
{"level":"info","message":"[WS Gateway] WebSocket server initialized","path":"/ws/interview/:sessionId","service":"preplyte-api","timestamp":"2026-02-18 11:23:21"}
{"api":"http://localhost:4000/api","environment":"development","health":"http://localhost:4000/health","host":"0.0.0.0","level":"info","message":"🚀 Server running","port":4000,"service":"preplyte-api","timestamp":"2026-02-18 11:23:21","websocket":"ws://localhost:4000/ws/interview/:sessionId"}
{"intervalHours":24,"level":"info","message":"Starting token cleanup scheduler","service":"preplyte-api","timestamp":"2026-02-18 11:23:21"}
{"level":"info","message":"Starting token cleanup job","service":"preplyte-api","timestamp":"2026-02-18 11:23:21"}
{"level":"debug","message":"Query: DELETE FROM \"public\".\"refresh_tokens\" WHERE (\"public\".\"refresh_tokens\".\"expiresAt\" < $1 OR \"public\".\"refresh_tokens\".\"revokedAt\" < $2)","service":"preplyte-api","timestamp":"2026-02-18 11:23:21"}
{"level":"debug","message":"Params: [\"2026-02-18 05:53:21.424 UTC\",\"2026-02-11 05:53:21.424 UTC\"]","service":"preplyte-api","timestamp":"2026-02-18 11:23:21"}
{"level":"debug","message":"Duration: 7ms","service":"preplyte-api","timestamp":"2026-02-18 11:23:21"}
{"count":0,"level":"info","message":"Cleaned up expired tokens","service":"preplyte-api","timestamp":"2026-02-18 11:23:21"}
{"level":"info","message":"Token cleanup completed","service":"preplyte-api","timestamp":"2026-02-18 11:23:21","tokensRemoved":0}
{"baseURL":"https://judge0-ce.p.rapidapi.com","level":"info","message":"Judge0 client initialized","service":"preplyte-api","timestamp":"2026-02-18 11:24:34","useRapidAPI":true}
{"level":"info","message":"[TTS] Using Deepgram for text-to-speech","service":"preplyte-api","timestamp":"2026-02-18 11:24:34"}
{"keyLength":39,"keyPrefix":"AIzaSyC7yj...","level":"info","message":"Gemini API Key loaded:","service":"preplyte-api","timestamp":"2026-02-18 11:24:35"}
{"environment":"development","host":"0.0.0.0","level":"info","message":"Starting server...","port":4000,"service":"preplyte-api","timestamp":"2026-02-18 11:24:35"}
{"level":"info","message":"Checking database connection...","service":"preplyte-api","timestamp":"2026-02-18 11:24:35"}
{"level":"debug","message":"Query: SELECT 1","service":"preplyte-api","timestamp":"2026-02-18 11:24:35"}
{"level":"debug","message":"Params: []","service":"preplyte-api","timestamp":"2026-02-18 11:24:35"}
{"level":"debug","message":"Duration: 1ms","service":"preplyte-api","timestamp":"2026-02-18 11:24:35"}
{"level":"info","message":"✅ Database connected successfully","service":"preplyte-api","timestamp":"2026-02-18 11:24:35"}
{"level":"info","message":"[WS Gateway] WebSocket server initialized","path":"/ws/interview/:sessionId","service":"preplyte-api","timestamp":"2026-02-18 11:24:35"}
{"api":"http://localhost:4000/api","environment":"development","health":"http://localhost:4000/health","host":"0.0.0.0","level":"info","message":"🚀 Server running","port":4000,"service":"preplyte-api","timestamp":"2026-02-18 11:24:35","websocket":"ws://localhost:4000/ws/interview/:sessionId"}
{"intervalHours":24,"level":"info","message":"Starting token cleanup scheduler","service":"preplyte-api","timestamp":"2026-02-18 11:24:35"}
{"level":"info","message":"Starting token cleanup job","service":"preplyte-api","timestamp":"2026-02-18 11:24:35"}
{"level":"debug","message":"Query: DELETE FROM \"public\".\"refresh_tokens\" WHERE (\"public\".\"refresh_tokens\".\"expiresAt\" < $1 OR \"public\".\"refresh_tokens\".\"revokedAt\" < $2)","service":"preplyte-api","timestamp":"2026-02-18 11:24:35"}
{"level":"debug","message":"Params: [\"2026-02-18 05:54:35.297 UTC\",\"2026-02-11 05:54:35.297 UTC\"]","service":"preplyte-api","timestamp":"2026-02-18 11:24:35"}
{"level":"debug","message":"Duration: 6ms","service":"preplyte-api","timestamp":"2026-02-18 11:24:35"}
{"count":0,"level":"info","message":"Cleaned up expired tokens","service":"preplyte-api","timestamp":"2026-02-18 11:24:35"}
{"level":"info","message":"Token cleanup completed","service":"preplyte-api","timestamp":"2026-02-18 11:24:35","tokensRemoved":0}
{"level":"info","message":"\u001b[0mGET /api/leaderboard/my-scores \u001b[33m401\u001b[0m 20.186 ms - 108\u001b[0m","service":"preplyte-api","timestamp":"2026-02-18 11:47:10"}
{"level":"info","message":"\u001b[0mGET /api/leaderboard/config \u001b[33m401\u001b[0m 1.773 ms - 108\u001b[0m","service":"preplyte-api","timestamp":"2026-02-18 11:47:10"}
{"level":"info","message":"\u001b[0mGET /api/leaderboard?scope=global&category=overall&page=1&limit=20 \u001b[33m401\u001b[0m 1.822 ms - 108\u001b[0m","service":"preplyte-api","timestamp":"2026-02-18 11:47:10"}
{"level":"debug","message":"Query: SELECT \"public\".\"refresh_tokens\".\"id\", \"public\".\"refresh_tokens\".\"token\", \"public\".\"refresh_tokens\".\"userId\", \"public\".\"refresh_tokens\".\"expiresAt\", \"public\".\"refresh_tokens\".\"revokedAt\", \"public\".\"refresh_tokens\".\"userAgent\", \"public\".\"refresh_tokens\".\"ipAddress\", \"public\".\"refresh_tokens\".\"createdAt\" FROM \"public\".\"refresh_tokens\" WHERE (\"public\".\"refresh_tokens\".\"token\" = $1 AND \"public\".\"refresh_tokens\".\"userId\" = $2) LIMIT $3 OFFSET $4","service":"preplyte-api","timestamp":"2026-02-18 11:47:10"}
{"level":"debug","message":"Params: [\"9ac7504cb44ea10408175f6571dc933a6207710eb04cf662b6b973adcfe538ca\",\"cmlq4h9or004p9qehngr7b15o\",1,0]","service":"preplyte-api","timestamp":"2026-02-18 11:47:10"}
{"level":"debug","message":"Duration: 17ms","service":"preplyte-api","timestamp":"2026-02-18 11:47:10"}
{"level":"warn","message":"Refresh token reuse detected","revokedAt":"2026-02-18T04:43:18.237Z","service":"preplyte-api","timestamp":"2026-02-18 11:47:10","tokenId":"cmlqzjhgk0005118qlq5llxay","userId":"cmlq4h9or004p9qehngr7b15o"}
{"level":"debug","message":"Query: BEGIN","service":"preplyte-api","timestamp":"2026-02-18 11:47:11"}
{"level":"debug","message":"Params: []","service":"preplyte-api","timestamp":"2026-02-18 11:47:11"}
{"level":"debug","message":"Duration: 2ms","service":"preplyte-api","timestamp":"2026-02-18 11:47:11"}
{"level":"debug","message":"Query: UPDATE \"public\".\"refresh_tokens\" SET \"revokedAt\" = $1 WHERE (\"public\".\"refresh_tokens\".\"userId\" = $2 AND \"public\".\"refresh_tokens\".\"revokedAt\" IS NULL)","service":"preplyte-api","timestamp":"2026-02-18 11:47:11"}
{"level":"debug","message":"Params: [\"2026-02-18 06:17:11 UTC\",\"cmlq4h9or004p9qehngr7b15o\"]","service":"preplyte-api","timestamp":"2026-02-18 11:47:11"}
{"level":"debug","message":"Duration: 5ms","service":"preplyte-api","timestamp":"2026-02-18 11:47:11"}
{"level":"debug","message":"Query: COMMIT","service":"preplyte-api","timestamp":"2026-02-18 11:47:11"}
{"level":"debug","message":"Params: []","service":"preplyte-api","timestamp":"2026-02-18 11:47:11"}
{"level":"debug","message":"Duration: 3ms","service":"preplyte-api","timestamp":"2026-02-18 11:47:11"}
{"level":"debug","message":"Query: UPDATE \"public\".\"users\" SET \"tokenVersion\" = (\"public\".\"users\".\"tokenVersion\" + $1), \"updatedAt\" = $2 WHERE (\"public\".\"users\".\"id\" = $3 AND 1=1) RETURNING \"public\".\"users\".\"id\", \"public\".\"users\".\"email\", \"public\".\"users\".\"password\", \"public\".\"users\".\"name\", \"public\".\"users\".\"role\"::text, \"public\".\"users\".\"isActive\", \"public\".\"users\".\"instituteId\", \"public\".\"users\".\"profilePictureUrl\", \"public\".\"users\".\"googleId\", \"public\".\"users\".\"provider\", \"public\".\"users\".\"avatar\", \"public\".\"users\".\"createdAt\", \"public\".\"users\".\"updatedAt\", \"public\".\"users\".\"lastLoginAt\", \"public\".\"users\".\"tokenVersion\"","service":"preplyte-api","timestamp":"2026-02-18 11:47:11"}
{"level":"debug","message":"Params: [1,\"2026-02-18 06:17:11.003 UTC\",\"cmlq4h9or004p9qehngr7b15o\"]","service":"preplyte-api","timestamp":"2026-02-18 11:47:11"}
{"level":"debug","message":"Duration: 19ms","service":"preplyte-api","timestamp":"2026-02-18 11:47:11"}
{"level":"info","message":"User logged out from all devices","service":"preplyte-api","timestamp":"2026-02-18 11:47:11","userId":"cmlq4h9or004p9qehngr7b15o"}
{"code":"UNAUTHORIZED","ip":"127.0.0.1","level":"warn","message":"Operational error Token reuse detected. All sessions have been revoked for security.","method":"POST","path":"/api/auth/refresh","requestId":"mlrn3q2y-76c08632126a9762","service":"preplyte-api","timestamp":"2026-02-18 11:47:11","userAgent":"Mozilla/5.0 (Windows NT 10.0; Win64; x64) AppleWebKit/537.36 (KHTML, like Gecko) Chrome/145.0.0.0 Safari/537.36 Edg/145.0.0.0"}
{"level":"info","message":"\u001b[0mPOST /api/auth/refresh \u001b[33m401\u001b[0m 236.929 ms - 168\u001b[0m","service":"preplyte-api","timestamp":"2026-02-18 11:47:11"}
{"level":"info","message":"\u001b[0mGET /api/leaderboard/config \u001b[33m401\u001b[0m 1.188 ms - 85\u001b[0m","service":"preplyte-api","timestamp":"2026-02-18 11:47:12"}
{"level":"info","message":"\u001b[0mGET /api/leaderboard?scope=global&category=overall&page=1&limit=20 \u001b[33m401\u001b[0m 1.595 ms - 85\u001b[0m","service":"preplyte-api","timestamp":"2026-02-18 11:47:12"}
{"level":"info","message":"\u001b[0mGET /api/leaderboard/my-scores \u001b[33m401\u001b[0m 0.914 ms - 85\u001b[0m","service":"preplyte-api","timestamp":"2026-02-18 11:47:12"}
{"level":"debug","message":"Query: SELECT \"public\".\"users\".\"id\", \"public\".\"users\".\"email\", \"public\".\"users\".\"password\", \"public\".\"users\".\"name\", \"public\".\"users\".\"role\"::text, \"public\".\"users\".\"isActive\", \"public\".\"users\".\"instituteId\", \"public\".\"users\".\"profilePictureUrl\", \"public\".\"users\".\"googleId\", \"public\".\"users\".\"provider\", \"public\".\"users\".\"avatar\", \"public\".\"users\".\"createdAt\", \"public\".\"users\".\"updatedAt\", \"public\".\"users\".\"lastLoginAt\", \"public\".\"users\".\"tokenVersion\" FROM \"public\".\"users\" WHERE (\"public\".\"users\".\"email\" = $1 AND 1=1) LIMIT $2 OFFSET $3","service":"preplyte-api","timestamp":"2026-02-18 11:47:23"}
{"level":"debug","message":"Params: [\"vu1f2223082@pvppcoe.ac.in\",1,0]","service":"preplyte-api","timestamp":"2026-02-18 11:47:23"}
{"level":"debug","message":"Duration: 3ms","service":"preplyte-api","timestamp":"2026-02-18 11:47:23"}
{"level":"debug","message":"Query: SELECT \"public\".\"institutes\".\"id\", \"public\".\"institutes\".\"name\", \"public\".\"institutes\".\"domain\", \"public\".\"institutes\".\"isActive\" FROM \"public\".\"institutes\" WHERE \"public\".\"institutes\".\"id\" IN ($1) OFFSET $2","service":"preplyte-api","timestamp":"2026-02-18 11:47:23"}
{"level":"debug","message":"Params: [\"c1d2e3f4g5h6i7j8k9l0\",0]","service":"preplyte-api","timestamp":"2026-02-18 11:47:23"}
{"level":"debug","message":"Duration: 8ms","service":"preplyte-api","timestamp":"2026-02-18 11:47:23"}
{"level":"debug","message":"Query: UPDATE \"public\".\"users\" SET \"lastLoginAt\" = $1, \"updatedAt\" = $2 WHERE (\"public\".\"users\".\"id\" = $3 AND 1=1) RETURNING \"public\".\"users\".\"id\", \"public\".\"users\".\"email\", \"public\".\"users\".\"password\", \"public\".\"users\".\"name\", \"public\".\"users\".\"role\"::text, \"public\".\"users\".\"isActive\", \"public\".\"users\".\"instituteId\", \"public\".\"users\".\"profilePictureUrl\", \"public\".\"users\".\"googleId\", \"public\".\"users\".\"provider\", \"public\".\"users\".\"avatar\", \"public\".\"users\".\"createdAt\", \"public\".\"users\".\"updatedAt\", \"public\".\"users\".\"lastLoginAt\", \"public\".\"users\".\"tokenVersion\"","service":"preplyte-api","timestamp":"2026-02-18 11:47:24"}
{"level":"debug","message":"Params: [\"2026-02-18 06:17:24.226 UTC\",\"2026-02-18 06:17:24.229 UTC\",\"cmlq4h9or004p9qehngr7b15o\"]","service":"preplyte-api","timestamp":"2026-02-18 11:47:24"}
{"level":"debug","message":"Duration: 8ms","service":"preplyte-api","timestamp":"2026-02-18 11:47:24"}
{"level":"debug","message":"Query: INSERT INTO \"public\".\"refresh_tokens\" (\"id\",\"token\",\"userId\",\"expiresAt\",\"createdAt\") VALUES ($1,$2,$3,$4,$5) RETURNING \"public\".\"refresh_tokens\".\"id\", \"public\".\"refresh_tokens\".\"token\", \"public\".\"refresh_tokens\".\"userId\", \"public\".\"refresh_tokens\".\"expiresAt\", \"public\".\"refresh_tokens\".\"revokedAt\", \"public\".\"refresh_tokens\".\"userAgent\", \"public\".\"refresh_tokens\".\"ipAddress\", \"public\".\"refresh_tokens\".\"createdAt\"","service":"preplyte-api","timestamp":"2026-02-18 11:47:24"}
{"level":"debug","message":"Params: [\"cmlrn40eh0001p94nq1rx4rfx\",\"785fed78ad0e47f73e9f0ed712ecfcca8259e613c5c3bc4667851df9f6c1d4f3\",\"cmlq4h9or004p9qehngr7b15o\",\"2026-02-25 06:17:24.225 UTC\",\"2026-02-18 06:17:24.229 UTC\"]","service":"preplyte-api","timestamp":"2026-02-18 11:47:24"}
{"level":"debug","message":"Duration: 8ms","service":"preplyte-api","timestamp":"2026-02-18 11:47:24"}
{"level":"info","message":"User logged in","service":"preplyte-api","timestamp":"2026-02-18 11:47:24","userId":"cmlq4h9or004p9qehngr7b15o"}
{"level":"info","message":"\u001b[0mPOST /api/auth/login \u001b[32m200\u001b[0m 626.300 ms - -\u001b[0m","service":"preplyte-api","timestamp":"2026-02-18 11:47:24"}
{"level":"debug","message":"Query: SELECT \"public\".\"users\".\"id\", \"public\".\"users\".\"email\", \"public\".\"users\".\"role\"::text, \"public\".\"users\".\"instituteId\", \"public\".\"users\".\"isActive\", \"public\".\"users\".\"tokenVersion\" FROM \"public\".\"users\" WHERE (\"public\".\"users\".\"id\" = $1 AND 1=1) LIMIT $2 OFFSET $3","service":"preplyte-api","timestamp":"2026-02-18 11:47:24"}
{"level":"debug","message":"Params: [\"cmlq4h9or004p9qehngr7b15o\",1,0]","service":"preplyte-api","timestamp":"2026-02-18 11:47:24"}
{"level":"debug","message":"Duration: 0ms","service":"preplyte-api","timestamp":"2026-02-18 11:47:24"}
{"level":"debug","message":"[DashboardService] Fetching student dashboard","service":"preplyte-api","timestamp":"2026-02-18 11:47:24","userId":"cmlq4h9or004p9qehngr7b15o"}
{"level":"debug","message":"Query: SELECT \"public\".\"ai_interview_sessions\".\"id\", \"public\".\"ai_interview_sessions\".\"status\"::text FROM \"public\".\"ai_interview_sessions\" WHERE \"public\".\"ai_interview_sessions\".\"userId\" = $1 OFFSET $2","service":"preplyte-api","timestamp":"2026-02-18 11:47:24"}
{"level":"debug","message":"Params: [\"cmlq4h9or004p9qehngr7b15o\",0]","service":"preplyte-api","timestamp":"2026-02-18 11:47:24"}
{"level":"debug","message":"Duration: 7ms","service":"preplyte-api","timestamp":"2026-02-18 11:47:24"}
{"level":"debug","message":"Query: SELECT \"public\".\"machine_practice_sessions\".\"id\", \"public\".\"machine_practice_sessions\".\"completedAt\", \"public\".\"machine_practice_sessions\".\"totalSolved\", \"public\".\"machine_practice_sessions\".\"numberOfQuestions\" FROM \"public\".\"machine_practice_sessions\" WHERE \"public\".\"machine_practice_sessions\".\"userId\" = $1 OFFSET $2","service":"preplyte-api","timestamp":"2026-02-18 11:47:24"}
{"level":"debug","message":"Params: [\"cmlq4h9or004p9qehngr7b15o\",0]","service":"preplyte-api","timestamp":"2026-02-18 11:47:24"}
{"level":"debug","message":"Duration: 7ms","service":"preplyte-api","timestamp":"2026-02-18 11:47:24"}
{"level":"debug","message":"Query: SELECT \"public\".\"aptitude_practice_sessions\".\"id\", \"public\".\"aptitude_practice_sessions\".\"difficulty\"::text, \"public\".\"aptitude_practice_sessions\".\"totalScore\", \"public\".\"aptitude_practice_sessions\".\"numberOfQuestions\", \"public\".\"aptitude_practice_sessions\".\"completedAt\", \"public\".\"aptitude_practice_sessions\".\"questionTypes\"::text[] FROM \"public\".\"aptitude_practice_sessions\" WHERE (\"public\".\"aptitude_practice_sessions\".\"userId\" = $1 AND \"public\".\"aptitude_practice_sessions\".\"completedAt\" IS NOT NULL) ORDER BY \"public\".\"aptitude_practice_sessions\".\"completedAt\" DESC LIMIT $2 OFFSET $3","service":"preplyte-api","timestamp":"2026-02-18 11:47:24"}
{"level":"debug","message":"Params: [\"cmlq4h9or004p9qehngr7b15o\",5,0]","service":"preplyte-api","timestamp":"2026-02-18 11:47:24"}
{"level":"debug","message":"Duration: 7ms","service":"preplyte-api","timestamp":"2026-02-18 11:47:24"}
{"level":"debug","message":"Query: SELECT \"public\".\"lms_enrollments\".\"id\", \"public\".\"lms_enrollments\".\"userId\", \"public\".\"lms_enrollments\".\"courseId\", \"public\".\"lms_enrollments\".\"status\"::text, \"public\".\"lms_enrollments\".\"completedModules\", \"public\".\"lms_enrollments\".\"completedTopics\", \"public\".\"lms_enrollments\".\"progressPercent\", \"public\".\"lms_enrollments\".\"totalPointsEarned\", \"public\".\"lms_enrollments\".\"moduleTestPointsEarned\", \"public\".\"lms_enrollments\".\"finalTestPointsEarned\", \"public\".\"lms_enrollments\".\"finalTestAttempted\", \"public\".\"lms_enrollments\".\"finalTestPassed\", \"public\".\"lms_enrollments\".\"finalTestScore\", \"public\".\"lms_enrollments\".\"finalTestMarks\", \"public\".\"lms_enrollments\".\"enrolledAt\", \"public\".\"lms_enrollments\".\"startedAt\", \"public\".\"lms_enrollments\".\"completedAt\", \"public\".\"lms_enrollments\".\"lastAccessedAt\", \"public\".\"lms_enrollments\".\"certificateUrl\", \"public\".\"lms_enrollments\".\"certificateIssuedAt\", \"public\".\"lms_enrollments\".\"createdAt\", \"public\".\"lms_enrollments\".\"updatedAt\" FROM \"public\".\"lms_enrollments\" WHERE \"public\".\"lms_enrollments\".\"userId\" = $1 OFFSET $2","service":"preplyte-api","timestamp":"2026-02-18 11:47:24"}
{"level":"debug","message":"Params: [\"cmlq4h9or004p9qehngr7b15o\",0]","service":"preplyte-api","timestamp":"2026-02-18 11:47:24"}
{"level":"debug","message":"Duration: 6ms","service":"preplyte-api","timestamp":"2026-02-18 11:47:24"}
{"level":"debug","message":"Query: SELECT \"public\".\"ai_interview_sessions\".\"id\", \"public\".\"ai_interview_sessions\".\"difficulty\"::text, \"public\".\"ai_interview_sessions\".\"jobTitle\", \"public\".\"ai_interview_sessions\".\"completedAt\" FROM \"public\".\"ai_interview_sessions\" WHERE (\"public\".\"ai_interview_sessions\".\"userId\" = $1 AND \"public\".\"ai_interview_sessions\".\"status\" = CAST($2::text AS \"public\".\"AiInterviewSessionStatus\")) ORDER BY \"public\".\"ai_interview_sessions\".\"completedAt\" DESC LIMIT $3 OFFSET $4","service":"preplyte-api","timestamp":"2026-02-18 11:47:24"}
{"level":"debug","message":"Params: [\"cmlq4h9or004p9qehngr7b15o\",\"COMPLETED\",5,0]","service":"preplyte-api","timestamp":"2026-02-18 11:47:24"}
{"level":"debug","message":"Duration: 6ms","service":"preplyte-api","timestamp":"2026-02-18 11:47:24"}
{"level":"debug","message":"Query: SELECT \"public\".\"aptitude_practice_sessions\".\"id\", \"public\".\"aptitude_practice_sessions\".\"completedAt\", \"public\".\"aptitude_practice_sessions\".\"totalScore\", \"public\".\"aptitude_practice_sessions\".\"numberOfQuestions\" FROM \"public\".\"aptitude_practice_sessions\" WHERE \"public\".\"aptitude_practice_sessions\".\"userId\" = $1 OFFSET $2","service":"preplyte-api","timestamp":"2026-02-18 11:47:24"}
{"level":"debug","message":"Params: [\"cmlq4h9or004p9qehngr7b15o\",0]","service":"preplyte-api","timestamp":"2026-02-18 11:47:24"}
{"level":"debug","message":"Duration: 4ms","service":"preplyte-api","timestamp":"2026-02-18 11:47:24"}
{"level":"debug","message":"Query: SELECT \"public\".\"lms_enrollments\".\"id\", \"public\".\"lms_enrollments\".\"courseId\" FROM \"public\".\"lms_enrollments\" WHERE \"public\".\"lms_enrollments\".\"userId\" = $1 OFFSET $2","service":"preplyte-api","timestamp":"2026-02-18 11:47:24"}
{"level":"debug","message":"Params: [\"cmlq4h9or004p9qehngr7b15o\",0]","service":"preplyte-api","timestamp":"2026-02-18 11:47:24"}
{"level":"debug","message":"Duration: 5ms","service":"preplyte-api","timestamp":"2026-02-18 11:47:24"}
{"level":"debug","message":"Query: SELECT \"public\".\"lms_courses\".\"id\", \"public\".\"lms_courses\".\"totalHours\", \"public\".\"lms_courses\".\"totalPoints\" FROM \"public\".\"lms_courses\" WHERE \"public\".\"lms_courses\".\"id\" IN ($1) OFFSET $2","service":"preplyte-api","timestamp":"2026-02-18 11:47:24"}
{"level":"debug","message":"Params: [\"cmlq4mwy70005ail9oqvo554e\",0]","service":"preplyte-api","timestamp":"2026-02-18 11:47:24"}
{"level":"debug","message":"Duration: 6ms","service":"preplyte-api","timestamp":"2026-02-18 11:47:24"}
{"level":"debug","message":"Query: SELECT \"public\".\"machine_practice_sessions\".\"id\", \"public\".\"machine_practice_sessions\".\"difficulty\"::text, \"public\".\"machine_practice_sessions\".\"totalSolved\", \"public\".\"machine_practice_sessions\".\"numberOfQuestions\", \"public\".\"machine_practice_sessions\".\"completedAt\" FROM \"public\".\"machine_practice_sessions\" WHERE (\"public\".\"machine_practice_sessions\".\"userId\" = $1 AND \"public\".\"machine_practice_sessions\".\"completedAt\" IS NOT NULL) ORDER BY \"public\".\"machine_practice_sessions\".\"completedAt\" DESC LIMIT $2 OFFSET $3","service":"preplyte-api","timestamp":"2026-02-18 11:47:24"}
{"level":"debug","message":"Params: [\"cmlq4h9or004p9qehngr7b15o\",5,0]","service":"preplyte-api","timestamp":"2026-02-18 11:47:24"}
{"level":"debug","message":"Duration: 4ms","service":"preplyte-api","timestamp":"2026-02-18 11:47:24"}
{"level":"debug","message":"Query: SELECT \"public\".\"lms_enrollments\".\"id\", \"public\".\"lms_enrollments\".\"userId\", \"public\".\"lms_enrollments\".\"courseId\", \"public\".\"lms_enrollments\".\"status\"::text, \"public\".\"lms_enrollments\".\"completedModules\", \"public\".\"lms_enrollments\".\"completedTopics\", \"public\".\"lms_enrollments\".\"progressPercent\", \"public\".\"lms_enrollments\".\"totalPointsEarned\", \"public\".\"lms_enrollments\".\"moduleTestPointsEarned\", \"public\".\"lms_enrollments\".\"finalTestPointsEarned\", \"public\".\"lms_enrollments\".\"finalTestAttempted\", \"public\".\"lms_enrollments\".\"finalTestPassed\", \"public\".\"lms_enrollments\".\"finalTestScore\", \"public\".\"lms_enrollments\".\"finalTestMarks\", \"public\".\"lms_enrollments\".\"enrolledAt\", \"public\".\"lms_enrollments\".\"startedAt\", \"public\".\"lms_enrollments\".\"completedAt\", \"public\".\"lms_enrollments\".\"lastAccessedAt\", \"public\".\"lms_enrollments\".\"certificateUrl\", \"public\".\"lms_enrollments\".\"certificateIssuedAt\", \"public\".\"lms_enrollments\".\"createdAt\", \"public\".\"lms_enrollments\".\"updatedAt\" FROM \"public\".\"lms_enrollments\" WHERE \"public\".\"lms_enrollments\".\"userId\" = $1 ORDER BY \"public\".\"lms_enrollments\".\"lastAccessedAt\" DESC OFFSET $2","service":"preplyte-api","timestamp":"2026-02-18 11:47:24"}
{"level":"debug","message":"Params: [\"cmlq4h9or004p9qehngr7b15o\",0]","service":"preplyte-api","timestamp":"2026-02-18 11:47:24"}
{"level":"debug","message":"Duration: 5ms","service":"preplyte-api","timestamp":"2026-02-18 11:47:24"}
{"level":"debug","message":"Query: SELECT \"public\".\"lms_enrollments\".\"id\", \"public\".\"lms_enrollments\".\"userId\", \"public\".\"lms_enrollments\".\"courseId\", \"public\".\"lms_enrollments\".\"status\"::text, \"public\".\"lms_enrollments\".\"completedModules\", \"public\".\"lms_enrollments\".\"completedTopics\", \"public\".\"lms_enrollments\".\"progressPercent\", \"public\".\"lms_enrollments\".\"totalPointsEarned\", \"public\".\"lms_enrollments\".\"moduleTestPointsEarned\", \"public\".\"lms_enrollments\".\"finalTestPointsEarned\", \"public\".\"lms_enrollments\".\"finalTestAttempted\", \"public\".\"lms_enrollments\".\"finalTestPassed\", \"public\".\"lms_enrollments\".\"finalTestScore\", \"public\".\"lms_enrollments\".\"finalTestMarks\", \"public\".\"lms_enrollments\".\"enrolledAt\", \"public\".\"lms_enrollments\".\"startedAt\", \"public\".\"lms_enrollments\".\"completedAt\", \"public\".\"lms_enrollments\".\"lastAccessedAt\", \"public\".\"lms_enrollments\".\"certificateUrl\", \"public\".\"lms_enrollments\".\"certificateIssuedAt\", \"public\".\"lms_enrollments\".\"createdAt\", \"public\".\"lms_enrollments\".\"updatedAt\" FROM \"public\".\"lms_enrollments\" WHERE (\"public\".\"lms_enrollments\".\"userId\" = $1 AND \"public\".\"lms_enrollments\".\"enrolledAt\" >= $2) ORDER BY \"public\".\"lms_enrollments\".\"enrolledAt\" DESC LIMIT $3 OFFSET $4","service":"preplyte-api","timestamp":"2026-02-18 11:47:24"}
{"level":"debug","message":"Params: [\"cmlq4h9or004p9qehngr7b15o\",\"2026-01-18 18:30:00 UTC\",5,0]","service":"preplyte-api","timestamp":"2026-02-18 11:47:24"}
{"level":"debug","message":"Duration: 4ms","service":"preplyte-api","timestamp":"2026-02-18 11:47:24"}
{"level":"debug","message":"Query: SELECT \"public\".\"lms_courses\".\"id\", \"public\".\"lms_courses\".\"categoryId\", \"public\".\"lms_courses\".\"title\", \"public\".\"lms_courses\".\"slug\", \"public\".\"lms_courses\".\"shortDescription\", \"public\".\"lms_courses\".\"description\", \"public\".\"lms_courses\".\"thumbnailUrl\", \"public\".\"lms_courses\".\"previewVideoUrl\", \"public\".\"lms_courses\".\"totalModules\", \"public\".\"lms_courses\".\"totalTopics\", \"public\".\"lms_courses\".\"totalPoints\", \"public\".\"lms_courses\".\"totalHours\", \"public\".\"lms_courses\".\"price\", \"public\".\"lms_courses\".\"discountPrice\", \"public\".\"lms_courses\".\"currency\", \"public\".\"lms_courses\".\"status\"::text, \"public\".\"lms_courses\".\"isActive\", \"public\".\"lms_courses\".\"certificateEnabled\", \"public\".\"lms_courses\".\"passingPercentage\", \"public\".\"lms_courses\".\"tags\", \"public\".\"lms_courses\".\"difficulty\"::text, \"public\".\"lms_courses\".\"instructor\", \"public\".\"lms_courses\".\"language\", \"public\".\"lms_courses\".\"averageRating\", \"public\".\"lms_courses\".\"ratingsCount\", \"public\".\"lms_courses\".\"createdAt\", \"public\".\"lms_courses\".\"updatedAt\", \"public\".\"lms_courses\".\"publishedAt\" FROM \"public\".\"lms_courses\" WHERE \"public\".\"lms_courses\".\"id\" IN ($1) OFFSET $2","service":"preplyte-api","timestamp":"2026-02-18 11:47:24"}
{"level":"debug","message":"Params: [\"cmlq4mwy70005ail9oqvo554e\",0]","service":"preplyte-api","timestamp":"2026-02-18 11:47:24"}
{"level":"debug","message":"Duration: 4ms","service":"preplyte-api","timestamp":"2026-02-18 11:47:24"}
{"level":"debug","message":"Query: SELECT \"public\".\"mock_drive_registrations\".\"id\", \"public\".\"mock_drive_registrations\".\"mockDriveId\", \"public\".\"mock_drive_registrations\".\"userId\", \"public\".\"mock_drive_registrations\".\"status\"::text, \"public\".\"mock_drive_registrations\".\"eligibilityCheckResult\", \"public\".\"mock_drive_registrations\".\"adminNotes\", \"public\".\"mock_drive_registrations\".\"batchId\", \"public\".\"mock_drive_registrations\".\"registeredAt\", \"public\".\"mock_drive_registrations\".\"reviewedAt\", \"public\".\"mock_drive_registrations\".\"reviewedBy\", \"public\".\"mock_drive_registrations\".\"createdAt\", \"public\".\"mock_drive_registrations\".\"updatedAt\" FROM \"public\".\"mock_drive_registrations\" LEFT JOIN \"public\".\"mock_drives\" AS \"orderby_1\" ON (\"orderby_1\".\"id\") = (\"public\".\"mock_drive_registrations\".\"mockDriveId\") LEFT JOIN \"public\".\"mock_drives\" AS \"j1\" ON (\"j1\".\"id\") = (\"public\".\"mock_drive_registrations\".\"mockDriveId\") WHERE (\"public\".\"mock_drive_registrations\".\"userId\" = $1 AND \"public\".\"mock_drive_registrations\".\"status\" = CAST($2::text AS \"public\".\"MockDriveRegistrationStatus\") AND (\"j1\".\"status\" IN (CAST($3::text AS \"public\".\"MockDriveStatus\"),CAST($4::text AS \"public\".\"MockDriveStatus\"),CAST($5::text AS \"public\".\"MockDriveStatus\")) AND \"j1\".\"driveStartDate\" > $6 AND (\"j1\".\"id\" IS NOT NULL))) ORDER BY \"orderby_1\".\"driveStartDate\" ASC LIMIT $7 OFFSET $8","service":"preplyte-api","timestamp":"2026-02-18 11:47:24"}
{"level":"debug","message":"Params: [\"cmlq4h9or004p9qehngr7b15o\",\"APPROVED\",\"PUBLISHED\",\"REGISTRATION_OPEN\",\"REGISTRATION_CLOSED\",\"2026-02-18 06:17:24.830 UTC\",5,0]","service":"preplyte-api","timestamp":"2026-02-18 11:47:24"}
{"level":"debug","message":"Duration: 11ms","service":"preplyte-api","timestamp":"2026-02-18 11:47:24"}
{"level":"debug","message":"Query: SELECT \"public\".\"lms_categories\".\"id\", \"public\".\"lms_categories\".\"name\" FROM \"public\".\"lms_categories\" WHERE \"public\".\"lms_categories\".\"id\" IN ($1) OFFSET $2","service":"preplyte-api","timestamp":"2026-02-18 11:47:24"}
{"level":"debug","message":"Params: [\"cmlq4lrae0003ail99wlb2luj\",0]","service":"preplyte-api","timestamp":"2026-02-18 11:47:24"}
{"level":"debug","message":"Duration: 4ms","service":"preplyte-api","timestamp":"2026-02-18 11:47:24"}
{"level":"debug","message":"Query: SELECT \"public\".\"lms_courses\".\"id\", \"public\".\"lms_courses\".\"title\", \"public\".\"lms_courses\".\"slug\" FROM \"public\".\"lms_courses\" WHERE \"public\".\"lms_courses\".\"id\" IN ($1) OFFSET $2","service":"preplyte-api","timestamp":"2026-02-18 11:47:24"}
{"level":"debug","message":"Params: [\"cmlq4mwy70005ail9oqvo554e\",0]","service":"preplyte-api","timestamp":"2026-02-18 11:47:24"}
{"level":"debug","message":"Duration: 5ms","service":"preplyte-api","timestamp":"2026-02-18 11:47:24"}
{"level":"debug","message":"Query: SELECT \"public\".\"lms_courses\".\"id\", \"public\".\"lms_courses\".\"categoryId\", \"public\".\"lms_courses\".\"title\", \"public\".\"lms_courses\".\"slug\", \"public\".\"lms_courses\".\"shortDescription\", \"public\".\"lms_courses\".\"description\", \"public\".\"lms_courses\".\"thumbnailUrl\", \"public\".\"lms_courses\".\"previewVideoUrl\", \"public\".\"lms_courses\".\"totalModules\", \"public\".\"lms_courses\".\"totalTopics\", \"public\".\"lms_courses\".\"totalPoints\", \"public\".\"lms_courses\".\"totalHours\", \"public\".\"lms_courses\".\"price\", \"public\".\"lms_courses\".\"discountPrice\", \"public\".\"lms_courses\".\"currency\", \"public\".\"lms_courses\".\"status\"::text, \"public\".\"lms_courses\".\"isActive\", \"public\".\"lms_courses\".\"certificateEnabled\", \"public\".\"lms_courses\".\"passingPercentage\", \"public\".\"lms_courses\".\"tags\", \"public\".\"lms_courses\".\"difficulty\"::text, \"public\".\"lms_courses\".\"instructor\", \"public\".\"lms_courses\".\"language\", \"public\".\"lms_courses\".\"averageRating\", \"public\".\"lms_courses\".\"ratingsCount\", \"public\".\"lms_courses\".\"createdAt\", \"public\".\"lms_courses\".\"updatedAt\", \"public\".\"lms_courses\".\"publishedAt\", COALESCE(\"aggr_selection_0_LmsEnrollment\".\"_aggr_count_enrollments\", 0) AS \"_aggr_count_enrollments\" FROM \"public\".\"lms_courses\" LEFT JOIN (SELECT \"public\".\"lms_enrollments\".\"courseId\", COUNT(*) AS \"orderby_aggregator\" FROM \"public\".\"lms_enrollments\" WHERE 1=1 GROUP BY \"public\".\"lms_enrollments\".\"courseId\") AS \"orderby_1_LmsEnrollment\" ON (\"public\".\"lms_courses\".\"id\" = \"orderby_1_LmsEnrollment\".\"courseId\") LEFT JOIN (SELECT \"public\".\"lms_enrollments\".\"courseId\", COUNT(*) AS \"_aggr_count_enrollments\" FROM \"public\".\"lms_enrollments\" WHERE 1=1 GROUP BY \"public\".\"lms_enrollments\".\"courseId\") AS \"aggr_selection_0_LmsEnrollment\" ON (\"public\".\"lms_courses\".\"id\" = \"aggr_selection_0_LmsEnrollment\".\"courseId\") WHERE (\"public\".\"lms_courses\".\"id\" NOT IN ($1) AND \"public\".\"lms_courses\".\"status\" = CAST($2::text AS \"public\".\"LmsCourseStatus\") AND \"public\".\"lms_courses\".\"isActive\" = $3) ORDER BY COALESCE(\"orderby_1_LmsEnrollment\".\"orderby_aggregator\", $4) DESC, \"public\".\"lms_courses\".\"averageRating\" DESC LIMIT $5 OFFSET $6","service":"preplyte-api","timestamp":"2026-02-18 11:47:24"}
{"level":"debug","message":"Params: [\"cmlq4mwy70005ail9oqvo554e\",\"PUBLISHED\",true,0,5,0]","service":"preplyte-api","timestamp":"2026-02-18 11:47:24"}
{"level":"debug","message":"Duration: 3ms","service":"preplyte-api","timestamp":"2026-02-18 11:47:24"}
{"level":"debug","message":"Query: SELECT \"public\".\"lms_module_progress\".\"id\", \"public\".\"lms_module_progress\".\"userId\", \"public\".\"lms_module_progress\".\"moduleId\", \"public\".\"lms_module_progress\".\"status\"::text, \"public\".\"lms_module_progress\".\"completedTopics\", \"public\".\"lms_module_progress\".\"totalTopics\", \"public\".\"lms_module_progress\".\"progressPercent\", \"public\".\"lms_module_progress\".\"testAttempted\", \"public\".\"lms_module_progress\".\"testPassed\", \"public\".\"lms_module_progress\".\"testScore\", \"public\".\"lms_module_progress\".\"testAttempts\", \"public\".\"lms_module_progress\".\"pointsEarned\", \"public\".\"lms_module_progress\".\"timeSpentMinutes\", \"public\".\"lms_module_progress\".\"startedAt\", \"public\".\"lms_module_progress\".\"completedAt\", \"public\".\"lms_module_progress\".\"createdAt\", \"public\".\"lms_module_progress\".\"updatedAt\" FROM \"public\".\"lms_module_progress\" WHERE (\"public\".\"lms_module_progress\".\"userId\" = $1 AND \"public\".\"lms_module_progress\".\"status\" = CAST($2::text AS \"public\".\"LmsModuleStatus\") AND \"public\".\"lms_module_progress\".\"completedAt\" >= $3) ORDER BY \"public\".\"lms_module_progress\".\"completedAt\" DESC LIMIT $4 OFFSET $5","service":"preplyte-api","timestamp":"2026-02-18 11:47:24"}
{"level":"debug","message":"Params: [\"cmlq4h9or004p9qehngr7b15o\",\"COMPLETED\",\"2026-01-18 18:30:00 UTC\",5,0]","service":"preplyte-api","timestamp":"2026-02-18 11:47:24"}
{"level":"debug","message":"Duration: 3ms","service":"preplyte-api","timestamp":"2026-02-18 11:47:24"}
{"level":"debug","message":"Query: SELECT COUNT(*) FROM (SELECT \"public\".\"lms_module_progress\".\"id\" FROM \"public\".\"lms_module_progress\" WHERE (\"public\".\"lms_module_progress\".\"userId\" = $1 AND \"public\".\"lms_module_progress\".\"testPassed\" = $2) OFFSET $3) AS \"sub\"","service":"preplyte-api","timestamp":"2026-02-18 11:47:24"}
{"level":"debug","message":"Params: [\"cmlq4h9or004p9qehngr7b15o\",true,0]","service":"preplyte-api","timestamp":"2026-02-18 11:47:24"}
{"level":"debug","message":"Duration: 3ms","service":"preplyte-api","timestamp":"2026-02-18 11:47:24"}
{"level":"debug","message":"Query: SELECT \"public\".\"lms_modules\".\"id\", \"public\".\"lms_modules\".\"courseId\", \"public\".\"lms_modules\".\"title\", \"public\".\"lms_modules\".\"shortDescription\", \"public\".\"lms_modules\".\"description\", \"public\".\"lms_modules\".\"order\", \"public\".\"lms_modules\".\"totalTopics\", \"public\".\"lms_modules\".\"points\", \"public\".\"lms_modules\".\"estimatedMinutes\", \"public\".\"lms_modules\".\"isActive\", \"public\".\"lms_modules\".\"createdAt\", \"public\".\"lms_modules\".\"updatedAt\" FROM \"public\".\"lms_modules\" WHERE \"public\".\"lms_modules\".\"id\" IN ($1) OFFSET $2","service":"preplyte-api","timestamp":"2026-02-18 11:47:24"}
{"level":"debug","message":"Params: [\"cmlq4o74o000cail9p6dp7mym\",0]","service":"preplyte-api","timestamp":"2026-02-18 11:47:24"}
{"level":"debug","message":"Duration: 4ms","service":"preplyte-api","timestamp":"2026-02-18 11:47:24"}
{"level":"debug","message":"Query: SELECT \"public\".\"lms_courses\".\"id\", \"public\".\"lms_courses\".\"title\", \"public\".\"lms_courses\".\"slug\" FROM \"public\".\"lms_courses\" WHERE \"public\".\"lms_courses\".\"id\" IN ($1) OFFSET $2","service":"preplyte-api","timestamp":"2026-02-18 11:47:24"}
{"level":"debug","message":"Params: [\"cmlq4mwy70005ail9oqvo554e\",0]","service":"preplyte-api","timestamp":"2026-02-18 11:47:24"}
{"level":"debug","message":"Duration: 4ms","service":"preplyte-api","timestamp":"2026-02-18 11:47:24"}
{"level":"debug","message":"Query: SELECT \"public\".\"lms_test_attempts\".\"id\", \"public\".\"lms_test_attempts\".\"userId\", \"public\".\"lms_test_attempts\".\"moduleTestId\", \"public\".\"lms_test_attempts\".\"finalTestId\", \"public\".\"lms_test_attempts\".\"testType\"::text, \"public\".\"lms_test_attempts\".\"status\"::text, \"public\".\"lms_test_attempts\".\"attemptNumber\", \"public\".\"lms_test_attempts\".\"totalQuestions\", \"public\".\"lms_test_attempts\".\"correctAnswers\", \"public\".\"lms_test_attempts\".\"wrongAnswers\", \"public\".\"lms_test_attempts\".\"unanswered\", \"public\".\"lms_test_attempts\".\"score\", \"public\".\"lms_test_attempts\".\"pointsEarned\", \"public\".\"lms_test_attempts\".\"marksObtained\", \"public\".\"lms_test_attempts\".\"totalMarks\", \"public\".\"lms_test_attempts\".\"isPassed\", \"public\".\"lms_test_attempts\".\"timeLimitMinutes\", \"public\".\"lms_test_attempts\".\"timeSpentSeconds\", \"public\".\"lms_test_attempts\".\"startedAt\", \"public\".\"lms_test_attempts\".\"completedAt\", \"public\".\"lms_test_attempts\".\"expiresAt\", \"public\".\"lms_test_attempts\".\"createdAt\", \"public\".\"lms_test_attempts\".\"updatedAt\" FROM \"public\".\"lms_test_attempts\" WHERE (\"public\".\"lms_test_attempts\".\"userId\" = $1 AND \"public\".\"lms_test_attempts\".\"status\" = CAST($2::text AS \"public\".\"LmsTestAttemptStatus\") AND \"public\".\"lms_test_attempts\".\"isPassed\" = $3 AND \"public\".\"lms_test_attempts\".\"completedAt\" >= $4) ORDER BY \"public\".\"lms_test_attempts\".\"completedAt\" DESC LIMIT $5 OFFSET $6","service":"preplyte-api","timestamp":"2026-02-18 11:47:24"}
{"level":"debug","message":"Params: [\"cmlq4h9or004p9qehngr7b15o\",\"COMPLETED\",true,\"2026-01-18 18:30:00 UTC\",5,0]","service":"preplyte-api","timestamp":"2026-02-18 11:47:24"}
{"level":"debug","message":"Duration: 4ms","service":"preplyte-api","timestamp":"2026-02-18 11:47:24"}
{"level":"debug","message":"Query: SELECT \"public\".\"lms_final_tests\".\"id\", \"public\".\"lms_final_tests\".\"courseId\", \"public\".\"lms_final_tests\".\"title\", \"public\".\"lms_final_tests\".\"instructions\", \"public\".\"lms_final_tests\".\"totalQuestions\", \"public\".\"lms_final_tests\".\"passingScore\", \"public\".\"lms_final_tests\".\"timeLimitMinutes\", \"public\".\"lms_final_tests\".\"pointsPerQuestion\", \"public\".\"lms_final_tests\".\"totalPoints\", \"public\".\"lms_final_tests\".\"maxAttempts\", \"public\".\"lms_final_tests\".\"isActive\", \"public\".\"lms_final_tests\".\"createdAt\", \"public\".\"lms_final_tests\".\"updatedAt\" FROM \"public\".\"lms_final_tests\" WHERE \"public\".\"lms_final_tests\".\"id\" IN ($1) OFFSET $2","service":"preplyte-api","timestamp":"2026-02-18 11:47:24"}
{"level":"debug","message":"Params: [\"cmlq4mwy70006ail9x0zgfcf2\",0]","service":"preplyte-api","timestamp":"2026-02-18 11:47:24"}
{"level":"debug","message":"Duration: 3ms","service":"preplyte-api","timestamp":"2026-02-18 11:47:24"}
{"level":"debug","message":"Query: SELECT \"public\".\"lms_courses\".\"id\", \"public\".\"lms_courses\".\"title\", \"public\".\"lms_courses\".\"slug\" FROM \"public\".\"lms_courses\" WHERE \"public\".\"lms_courses\".\"id\" IN ($1) OFFSET $2","service":"preplyte-api","timestamp":"2026-02-18 11:47:24"}
{"level":"debug","message":"Params: [\"cmlq4mwy70005ail9oqvo554e\",0]","service":"preplyte-api","timestamp":"2026-02-18 11:47:24"}
{"level":"debug","message":"Duration: 0ms","service":"preplyte-api","timestamp":"2026-02-18 11:47:24"}
{"level":"debug","message":"Query: SELECT \"public\".\"lms_enrollments\".\"id\", \"public\".\"lms_enrollments\".\"userId\", \"public\".\"lms_enrollments\".\"courseId\", \"public\".\"lms_enrollments\".\"status\"::text, \"public\".\"lms_enrollments\".\"completedModules\", \"public\".\"lms_enrollments\".\"completedTopics\", \"public\".\"lms_enrollments\".\"progressPercent\", \"public\".\"lms_enrollments\".\"totalPointsEarned\", \"public\".\"lms_enrollments\".\"moduleTestPointsEarned\", \"public\".\"lms_enrollments\".\"finalTestPointsEarned\", \"public\".\"lms_enrollments\".\"finalTestAttempted\", \"public\".\"lms_enrollments\".\"finalTestPassed\", \"public\".\"lms_enrollments\".\"finalTestScore\", \"public\".\"lms_enrollments\".\"finalTestMarks\", \"public\".\"lms_enrollments\".\"enrolledAt\", \"public\".\"lms_enrollments\".\"startedAt\", \"public\".\"lms_enrollments\".\"completedAt\", \"public\".\"lms_enrollments\".\"lastAccessedAt\", \"public\".\"lms_enrollments\".\"certificateUrl\", \"public\".\"lms_enrollments\".\"certificateIssuedAt\", \"public\".\"lms_enrollments\".\"createdAt\", \"public\".\"lms_enrollments\".\"updatedAt\" FROM \"public\".\"lms_enrollments\" WHERE (\"public\".\"lms_enrollments\".\"userId\" = $1 AND \"public\".\"lms_enrollments\".\"status\" = CAST($2::text AS \"public\".\"LmsEnrollmentStatus\") AND \"public\".\"lms_enrollments\".\"completedAt\" >= $3) ORDER BY \"public\".\"lms_enrollments\".\"completedAt\" DESC LIMIT $4 OFFSET $5","service":"preplyte-api","timestamp":"2026-02-18 11:47:24"}
{"level":"debug","message":"Params: [\"cmlq4h9or004p9qehngr7b15o\",\"COMPLETED\",\"2026-01-18 18:30:00 UTC\",5,0]","service":"preplyte-api","timestamp":"2026-02-18 11:47:24"}
{"level":"debug","message":"Duration: 3ms","service":"preplyte-api","timestamp":"2026-02-18 11:47:24"}
{"level":"debug","message":"Query: SELECT \"public\".\"lms_courses\".\"id\", \"public\".\"lms_courses\".\"title\", \"public\".\"lms_courses\".\"slug\" FROM \"public\".\"lms_courses\" WHERE \"public\".\"lms_courses\".\"id\" IN ($1) OFFSET $2","service":"preplyte-api","timestamp":"2026-02-18 11:47:24"}
{"level":"debug","message":"Params: [\"cmlq4mwy70005ail9oqvo554e\",0]","service":"preplyte-api","timestamp":"2026-02-18 11:47:24"}
{"level":"debug","message":"Duration: 0ms","service":"preplyte-api","timestamp":"2026-02-18 11:47:24"}
{"level":"info","message":"\u001b[0mGET /api/dashboard/student \u001b[36m304\u001b[0m 182.762 ms - -\u001b[0m","service":"preplyte-api","timestamp":"2026-02-18 11:47:25"}
{"level":"debug","message":"Query: SELECT \"public\".\"users\".\"id\", \"public\".\"users\".\"email\", \"public\".\"users\".\"role\"::text, \"public\".\"users\".\"instituteId\", \"public\".\"users\".\"isActive\", \"public\".\"users\".\"tokenVersion\" FROM \"public\".\"users\" WHERE (\"public\".\"users\".\"id\" = $1 AND 1=1) LIMIT $2 OFFSET $3","service":"preplyte-api","timestamp":"2026-02-18 11:47:28"}
{"level":"debug","message":"Params: [\"cmlq4h9or004p9qehngr7b15o\",1,0]","service":"preplyte-api","timestamp":"2026-02-18 11:47:28"}
{"level":"debug","message":"Duration: 5ms","service":"preplyte-api","timestamp":"2026-02-18 11:47:28"}
{"level":"info","message":"\u001b[0mGET /api/leaderboard/config \u001b[32m200\u001b[0m 10.318 ms - 1011\u001b[0m","service":"preplyte-api","timestamp":"2026-02-18 11:47:28"}
{"level":"debug","message":"Query: SELECT \"public\".\"users\".\"id\", \"public\".\"users\".\"email\", \"public\".\"users\".\"role\"::text, \"public\".\"users\".\"instituteId\", \"public\".\"users\".\"isActive\", \"public\".\"users\".\"tokenVersion\" FROM \"public\".\"users\" WHERE (\"public\".\"users\".\"id\" = $1 AND 1=1) LIMIT $2 OFFSET $3","service":"preplyte-api","timestamp":"2026-02-18 11:47:28"}
{"level":"debug","message":"Params: [\"cmlq4h9or004p9qehngr7b15o\",1,0]","service":"preplyte-api","timestamp":"2026-02-18 11:47:28"}
{"level":"debug","message":"Duration: 0ms","service":"preplyte-api","timestamp":"2026-02-18 11:47:28"}
{"category":"overall","level":"info","limit":20,"message":"[LeaderboardService] Fetching leaderboard","page":1,"scope":"global","service":"preplyte-api","timestamp":"2026-02-18 11:47:28","userId":"cmlq4h9or004p9qehngr7b15o"}
{"level":"debug","message":"Query: SELECT SUM(\"public\".\"lms_enrollments\".\"totalPointsEarned\"), \"public\".\"lms_enrollments\".\"userId\" FROM \"public\".\"lms_enrollments\" WHERE 1=1 GROUP BY \"public\".\"lms_enrollments\".\"userId\" OFFSET $1","service":"preplyte-api","timestamp":"2026-02-18 11:47:28"}
{"level":"debug","message":"Params: [0]","service":"preplyte-api","timestamp":"2026-02-18 11:47:28"}
{"level":"debug","message":"Duration: 3ms","service":"preplyte-api","timestamp":"2026-02-18 11:47:28"}
{"level":"debug","message":"Query: SELECT SUM(\"public\".\"machine_practice_sessions\".\"totalSolved\"), \"public\".\"machine_practice_sessions\".\"userId\" FROM \"public\".\"machine_practice_sessions\" WHERE \"public\".\"machine_practice_sessions\".\"completedAt\" IS NOT NULL GROUP BY \"public\".\"machine_practice_sessions\".\"userId\" OFFSET $1","service":"preplyte-api","timestamp":"2026-02-18 11:47:28"}
{"level":"debug","message":"Params: [0]","service":"preplyte-api","timestamp":"2026-02-18 11:47:28"}
{"level":"debug","message":"Duration: 5ms","service":"preplyte-api","timestamp":"2026-02-18 11:47:28"}
{"level":"debug","message":"Query: SELECT SUM(\"public\".\"aptitude_practice_sessions\".\"totalCorrect\"), \"public\".\"aptitude_practice_sessions\".\"userId\" FROM \"public\".\"aptitude_practice_sessions\" WHERE \"public\".\"aptitude_practice_sessions\".\"completedAt\" IS NOT NULL GROUP BY \"public\".\"aptitude_practice_sessions\".\"userId\" OFFSET $1","service":"preplyte-api","timestamp":"2026-02-18 11:47:28"}
{"level":"debug","message":"Params: [0]","service":"preplyte-api","timestamp":"2026-02-18 11:47:28"}
{"level":"debug","message":"Duration: 5ms","service":"preplyte-api","timestamp":"2026-02-18 11:47:28"}
{"level":"debug","message":"Query: SELECT SUM(\"public\".\"ai_interview_feedbacks\".\"overallScore\"), \"public\".\"ai_interview_feedbacks\".\"userId\" FROM \"public\".\"ai_interview_feedbacks\" WHERE 1=1 GROUP BY \"public\".\"ai_interview_feedbacks\".\"userId\" OFFSET $1","service":"preplyte-api","timestamp":"2026-02-18 11:47:28"}
{"level":"debug","message":"Params: [0]","service":"preplyte-api","timestamp":"2026-02-18 11:47:28"}
{"level":"debug","message":"Duration: 6ms","service":"preplyte-api","timestamp":"2026-02-18 11:47:28"}
{"level":"debug","message":"Query: SELECT SUM(\"public\".\"mock_drive_attempts\".\"totalScore\"), \"public\".\"mock_drive_attempts\".\"userId\" FROM \"public\".\"mock_drive_attempts\" WHERE \"public\".\"mock_drive_attempts\".\"status\" IN (CAST($1::text AS \"public\".\"MockDriveAttemptStatus\"),CAST($2::text AS \"public\".\"MockDriveAttemptStatus\")) GROUP BY \"public\".\"mock_drive_attempts\".\"userId\" OFFSET $3","service":"preplyte-api","timestamp":"2026-02-18 11:47:28"}
{"level":"debug","message":"Params: [\"COMPLETED\",\"TIMED_OUT\",0]","service":"preplyte-api","timestamp":"2026-02-18 11:47:28"}
{"level":"debug","message":"Duration: 9ms","service":"preplyte-api","timestamp":"2026-02-18 11:47:28"}
{"level":"debug","message":"Query: SELECT \"public\".\"users\".\"id\", \"public\".\"users\".\"name\", \"public\".\"users\".\"profilePictureUrl\", \"public\".\"users\".\"instituteId\" FROM \"public\".\"users\" WHERE \"public\".\"users\".\"id\" IN ($1) OFFSET $2","service":"preplyte-api","timestamp":"2026-02-18 11:47:28"}
{"level":"debug","message":"Params: [\"cmlq4h9or004p9qehngr7b15o\",0]","service":"preplyte-api","timestamp":"2026-02-18 11:47:28"}
{"level":"debug","message":"Duration: 5ms","service":"preplyte-api","timestamp":"2026-02-18 11:47:28"}
{"level":"debug","message":"Query: SELECT \"public\".\"student_profiles\".\"id\", \"public\".\"student_profiles\".\"fullName\", \"public\".\"student_profiles\".\"departmentId\", \"public\".\"student_profiles\".\"userId\" FROM \"public\".\"student_profiles\" WHERE \"public\".\"student_profiles\".\"userId\" IN ($1) OFFSET $2","service":"preplyte-api","timestamp":"2026-02-18 11:47:28"}
{"level":"debug","message":"Params: [\"cmlq4h9or004p9qehngr7b15o\",0]","service":"preplyte-api","timestamp":"2026-02-18 11:47:28"}
{"level":"debug","message":"Duration: 6ms","service":"preplyte-api","timestamp":"2026-02-18 11:47:28"}
{"level":"debug","message":"Query: SELECT \"public\".\"departments\".\"id\", \"public\".\"departments\".\"name\" FROM \"public\".\"departments\" WHERE \"public\".\"departments\".\"id\" IN ($1) OFFSET $2","service":"preplyte-api","timestamp":"2026-02-18 11:47:28"}
{"level":"debug","message":"Params: [\"cmlq8n2sa0001s9ls3j4u6ytv\",0]","service":"preplyte-api","timestamp":"2026-02-18 11:47:28"}
{"level":"debug","message":"Duration: 9ms","service":"preplyte-api","timestamp":"2026-02-18 11:47:28"}
{"level":"debug","message":"Query: SELECT \"public\".\"institutes\".\"id\", \"public\".\"institutes\".\"name\" FROM \"public\".\"institutes\" WHERE \"public\".\"institutes\".\"id\" IN ($1) OFFSET $2","service":"preplyte-api","timestamp":"2026-02-18 11:47:28"}
{"level":"debug","message":"Params: [\"c1d2e3f4g5h6i7j8k9l0\",0]","service":"preplyte-api","timestamp":"2026-02-18 11:47:28"}
{"level":"debug","message":"Duration: 6ms","service":"preplyte-api","timestamp":"2026-02-18 11:47:28"}
{"level":"debug","message":"Query: SELECT SUM(\"totalPointsEarned\") FROM (SELECT \"public\".\"lms_enrollments\".\"totalPointsEarned\" FROM \"public\".\"lms_enrollments\" WHERE \"public\".\"lms_enrollments\".\"userId\" = $1 OFFSET $2) AS \"sub\"","service":"preplyte-api","timestamp":"2026-02-18 11:47:28"}
{"level":"debug","message":"Params: [\"cmlq4h9or004p9qehngr7b15o\",0]","service":"preplyte-api","timestamp":"2026-02-18 11:47:28"}
{"level":"debug","message":"Duration: 1ms","service":"preplyte-api","timestamp":"2026-02-18 11:47:28"}
{"level":"debug","message":"Query: SELECT SUM(\"totalSolved\") FROM (SELECT \"public\".\"machine_practice_sessions\".\"totalSolved\" FROM \"public\".\"machine_practice_sessions\" WHERE (\"public\".\"machine_practice_sessions\".\"userId\" = $1 AND \"public\".\"machine_practice_sessions\".\"completedAt\" IS NOT NULL) OFFSET $2) AS \"sub\"","service":"preplyte-api","timestamp":"2026-02-18 11:47:28"}
{"level":"debug","message":"Params: [\"cmlq4h9or004p9qehngr7b15o\",0]","service":"preplyte-api","timestamp":"2026-02-18 11:47:28"}
{"level":"debug","message":"Duration: 8ms","service":"preplyte-api","timestamp":"2026-02-18 11:47:28"}
{"level":"debug","message":"Query: SELECT SUM(\"totalCorrect\") FROM (SELECT \"public\".\"aptitude_practice_sessions\".\"totalCorrect\" FROM \"public\".\"aptitude_practice_sessions\" WHERE (\"public\".\"aptitude_practice_sessions\".\"userId\" = $1 AND \"public\".\"aptitude_practice_sessions\".\"completedAt\" IS NOT NULL) OFFSET $2) AS \"sub\"","service":"preplyte-api","timestamp":"2026-02-18 11:47:28"}
{"level":"debug","message":"Params: [\"cmlq4h9or004p9qehngr7b15o\",0]","service":"preplyte-api","timestamp":"2026-02-18 11:47:28"}
{"level":"debug","message":"Duration: 8ms","service":"preplyte-api","timestamp":"2026-02-18 11:47:28"}
{"level":"debug","message":"Query: SELECT SUM(\"overallScore\") FROM (SELECT \"public\".\"ai_interview_feedbacks\".\"overallScore\" FROM \"public\".\"ai_interview_feedbacks\" WHERE \"public\".\"ai_interview_feedbacks\".\"userId\" = $1 OFFSET $2) AS \"sub\"","service":"preplyte-api","timestamp":"2026-02-18 11:47:28"}
{"level":"debug","message":"Params: [\"cmlq4h9or004p9qehngr7b15o\",0]","service":"preplyte-api","timestamp":"2026-02-18 11:47:28"}
{"level":"debug","message":"Duration: 8ms","service":"preplyte-api","timestamp":"2026-02-18 11:47:28"}
{"level":"debug","message":"Query: SELECT SUM(\"totalScore\") FROM (SELECT \"public\".\"mock_drive_attempts\".\"totalScore\" FROM \"public\".\"mock_drive_attempts\" WHERE (\"public\".\"mock_drive_attempts\".\"userId\" = $1 AND \"public\".\"mock_drive_attempts\".\"status\" IN (CAST($2::text AS \"public\".\"MockDriveAttemptStatus\"),CAST($3::text AS \"public\".\"MockDriveAttemptStatus\"))) OFFSET $4) AS \"sub\"","service":"preplyte-api","timestamp":"2026-02-18 11:47:28"}
{"level":"debug","message":"Params: [\"cmlq4h9or004p9qehngr7b15o\",\"COMPLETED\",\"TIMED_OUT\",0]","service":"preplyte-api","timestamp":"2026-02-18 11:47:28"}
{"level":"debug","message":"Duration: 10ms","service":"preplyte-api","timestamp":"2026-02-18 11:47:28"}
{"level":"info","message":"\u001b[0mGET /api/leaderboard?scope=global&category=overall&page=1&limit=20 \u001b[32m200\u001b[0m 80.203 ms - 715\u001b[0m","service":"preplyte-api","timestamp":"2026-02-18 11:47:28"}
{"level":"debug","message":"Query: SELECT \"public\".\"users\".\"id\", \"public\".\"users\".\"email\", \"public\".\"users\".\"role\"::text, \"public\".\"users\".\"instituteId\", \"public\".\"users\".\"isActive\", \"public\".\"users\".\"tokenVersion\" FROM \"public\".\"users\" WHERE (\"public\".\"users\".\"id\" = $1 AND 1=1) LIMIT $2 OFFSET $3","service":"preplyte-api","timestamp":"2026-02-18 11:47:28"}
{"level":"debug","message":"Params: [\"cmlq4h9or004p9qehngr7b15o\",1,0]","service":"preplyte-api","timestamp":"2026-02-18 11:47:28"}
{"level":"debug","message":"Duration: 0ms","service":"preplyte-api","timestamp":"2026-02-18 11:47:28"}
{"level":"debug","message":"Query: SELECT SUM(\"totalSolved\") FROM (SELECT \"public\".\"machine_practice_sessions\".\"totalSolved\" FROM \"public\".\"machine_practice_sessions\" WHERE (\"public\".\"machine_practice_sessions\".\"userId\" = $1 AND \"public\".\"machine_practice_sessions\".\"completedAt\" IS NOT NULL) OFFSET $2) AS \"sub\"","service":"preplyte-api","timestamp":"2026-02-18 11:47:28"}
{"level":"debug","message":"Params: [\"cmlq4h9or004p9qehngr7b15o\",0]","service":"preplyte-api","timestamp":"2026-02-18 11:47:28"}
{"level":"debug","message":"Duration: 1ms","service":"preplyte-api","timestamp":"2026-02-18 11:47:28"}
{"level":"debug","message":"Query: SELECT SUM(\"totalScore\") FROM (SELECT \"public\".\"mock_drive_attempts\".\"totalScore\" FROM \"public\".\"mock_drive_attempts\" WHERE (\"public\".\"mock_drive_attempts\".\"userId\" = $1 AND \"public\".\"mock_drive_attempts\".\"status\" IN (CAST($2::text AS \"public\".\"MockDriveAttemptStatus\"),CAST($3::text AS \"public\".\"MockDriveAttemptStatus\"))) OFFSET $4) AS \"sub\"","service":"preplyte-api","timestamp":"2026-02-18 11:47:28"}
{"level":"debug","message":"Params: [\"cmlq4h9or004p9qehngr7b15o\",\"COMPLETED\",\"TIMED_OUT\",0]","service":"preplyte-api","timestamp":"2026-02-18 11:47:28"}
{"level":"debug","message":"Duration: 1ms","service":"preplyte-api","timestamp":"2026-02-18 11:47:28"}
{"level":"debug","message":"Query: SELECT SUM(\"totalPointsEarned\") FROM (SELECT \"public\".\"lms_enrollments\".\"totalPointsEarned\" FROM \"public\".\"lms_enrollments\" WHERE \"public\".\"lms_enrollments\".\"userId\" = $1 OFFSET $2) AS \"sub\"","service":"preplyte-api","timestamp":"2026-02-18 11:47:28"}
{"level":"debug","message":"Params: [\"cmlq4h9or004p9qehngr7b15o\",0]","service":"preplyte-api","timestamp":"2026-02-18 11:47:28"}
{"level":"debug","message":"Duration: 2ms","service":"preplyte-api","timestamp":"2026-02-18 11:47:28"}
{"level":"debug","message":"Query: SELECT SUM(\"overallScore\") FROM (SELECT \"public\".\"ai_interview_feedbacks\".\"overallScore\" FROM \"public\".\"ai_interview_feedbacks\" WHERE \"public\".\"ai_interview_feedbacks\".\"userId\" = $1 OFFSET $2) AS \"sub\"","service":"preplyte-api","timestamp":"2026-02-18 11:47:28"}
{"level":"debug","message":"Params: [\"cmlq4h9or004p9qehngr7b15o\",0]","service":"preplyte-api","timestamp":"2026-02-18 11:47:28"}
{"level":"debug","message":"Duration: 8ms","service":"preplyte-api","timestamp":"2026-02-18 11:47:28"}
{"level":"debug","message":"Query: SELECT SUM(\"totalCorrect\") FROM (SELECT \"public\".\"aptitude_practice_sessions\".\"totalCorrect\" FROM \"public\".\"aptitude_practice_sessions\" WHERE (\"public\".\"aptitude_practice_sessions\".\"userId\" = $1 AND \"public\".\"aptitude_practice_sessions\".\"completedAt\" IS NOT NULL) OFFSET $2) AS \"sub\"","service":"preplyte-api","timestamp":"2026-02-18 11:47:28"}
{"level":"debug","message":"Params: [\"cmlq4h9or004p9qehngr7b15o\",0]","service":"preplyte-api","timestamp":"2026-02-18 11:47:28"}
{"level":"debug","message":"Duration: 8ms","service":"preplyte-api","timestamp":"2026-02-18 11:47:28"}
{"level":"info","message":"\u001b[0mGET /api/leaderboard/my-scores \u001b[32m200\u001b[0m 28.488 ms - 144\u001b[0m","service":"preplyte-api","timestamp":"2026-02-18 11:47:28"}
{"level":"debug","message":"Query: SELECT 1","service":"preplyte-api","timestamp":"2026-02-18 11:48:06"}
{"level":"debug","message":"Params: []","service":"preplyte-api","timestamp":"2026-02-18 11:48:06"}
{"level":"debug","message":"Duration: 0ms","service":"preplyte-api","timestamp":"2026-02-18 11:48:06"}
{"level":"debug","message":"Query: SELECT \"public\".\"users\".\"id\", \"public\".\"users\".\"email\", \"public\".\"users\".\"password\", \"public\".\"users\".\"name\", \"public\".\"users\".\"role\"::text, \"public\".\"users\".\"isActive\", \"public\".\"users\".\"instituteId\", \"public\".\"users\".\"profilePictureUrl\", \"public\".\"users\".\"googleId\", \"public\".\"users\".\"provider\", \"public\".\"users\".\"avatar\", \"public\".\"users\".\"createdAt\", \"public\".\"users\".\"updatedAt\", \"public\".\"users\".\"lastLoginAt\", \"public\".\"users\".\"tokenVersion\" FROM \"public\".\"users\" WHERE (\"public\".\"users\".\"email\" = $1 AND 1=1) LIMIT $2 OFFSET $3","service":"preplyte-api","timestamp":"2026-02-18 11:48:06"}
{"level":"debug","message":"Params: [\"vicharekartik2004@gmail.com\",1,0]","service":"preplyte-api","timestamp":"2026-02-18 11:48:06"}
{"level":"debug","message":"Duration: 8ms","service":"preplyte-api","timestamp":"2026-02-18 11:48:06"}
{"code":"UNAUTHORIZED","ip":"127.0.0.1","level":"warn","message":"Operational error Invalid email or password","method":"POST","path":"/api/auth/login","requestId":"b6397ba9-6929-4d0d-ade3-8e0c8eeabbfa","service":"preplyte-api","timestamp":"2026-02-18 11:48:07","userAgent":"Mozilla/5.0 (Windows NT 10.0; Win64; x64) AppleWebKit/537.36 (KHTML, like Gecko) Chrome/145.0.0.0 Safari/537.36 Edg/145.0.0.0"}
{"level":"info","message":"\u001b[0mPOST /api/auth/login \u001b[33m401\u001b[0m 500.632 ms - 138\u001b[0m","service":"preplyte-api","timestamp":"2026-02-18 11:48:07"}
{"level":"debug","message":"Query: SELECT \"public\".\"users\".\"id\", \"public\".\"users\".\"email\", \"public\".\"users\".\"password\", \"public\".\"users\".\"name\", \"public\".\"users\".\"role\"::text, \"public\".\"users\".\"isActive\", \"public\".\"users\".\"instituteId\", \"public\".\"users\".\"profilePictureUrl\", \"public\".\"users\".\"googleId\", \"public\".\"users\".\"provider\", \"public\".\"users\".\"avatar\", \"public\".\"users\".\"createdAt\", \"public\".\"users\".\"updatedAt\", \"public\".\"users\".\"lastLoginAt\", \"public\".\"users\".\"tokenVersion\" FROM \"public\".\"users\" WHERE (\"public\".\"users\".\"email\" = $1 AND 1=1) LIMIT $2 OFFSET $3","service":"preplyte-api","timestamp":"2026-02-18 11:48:19"}
{"level":"debug","message":"Params: [\"vicharekartik2004@gmail.com\",1,0]","service":"preplyte-api","timestamp":"2026-02-18 11:48:19"}
{"level":"debug","message":"Duration: 0ms","service":"preplyte-api","timestamp":"2026-02-18 11:48:19"}
{"level":"debug","message":"Query: SELECT 1","service":"preplyte-api","timestamp":"2026-02-18 11:48:19"}
{"level":"debug","message":"Params: []","service":"preplyte-api","timestamp":"2026-02-18 11:48:19"}
{"level":"debug","message":"Duration: 0ms","service":"preplyte-api","timestamp":"2026-02-18 11:48:19"}
{"level":"debug","message":"Query: INSERT INTO \"public\".\"refresh_tokens\" (\"id\",\"token\",\"userId\",\"expiresAt\",\"createdAt\") VALUES ($1,$2,$3,$4,$5) RETURNING \"public\".\"refresh_tokens\".\"id\", \"public\".\"refresh_tokens\".\"token\", \"public\".\"refresh_tokens\".\"userId\", \"public\".\"refresh_tokens\".\"expiresAt\", \"public\".\"refresh_tokens\".\"revokedAt\", \"public\".\"refresh_tokens\".\"userAgent\", \"public\".\"refresh_tokens\".\"ipAddress\", \"public\".\"refresh_tokens\".\"createdAt\"","service":"preplyte-api","timestamp":"2026-02-18 11:48:19"}
{"level":"debug","message":"Params: [\"cmlrn57da0003p94n3w3jo9kf\",\"e40e186a637b2d0650ca725a466ea8d8949c42639f804c26af00d17398463202\",\"cmlqa69ye0009mz559gk9ledi\",\"2026-02-25 06:18:19.916 UTC\",\"2026-02-18 06:18:19.919 UTC\"]","service":"preplyte-api","timestamp":"2026-02-18 11:48:19"}
{"level":"debug","message":"Duration: 5ms","service":"preplyte-api","timestamp":"2026-02-18 11:48:19"}
{"level":"debug","message":"Query: UPDATE \"public\".\"users\" SET \"lastLoginAt\" = $1, \"updatedAt\" = $2 WHERE (\"public\".\"users\".\"id\" = $3 AND 1=1) RETURNING \"public\".\"users\".\"id\", \"public\".\"users\".\"email\", \"public\".\"users\".\"password\", \"public\".\"users\".\"name\", \"public\".\"users\".\"role\"::text, \"public\".\"users\".\"isActive\", \"public\".\"users\".\"instituteId\", \"public\".\"users\".\"profilePictureUrl\", \"public\".\"users\".\"googleId\", \"public\".\"users\".\"provider\", \"public\".\"users\".\"avatar\", \"public\".\"users\".\"createdAt\", \"public\".\"users\".\"updatedAt\", \"public\".\"users\".\"lastLoginAt\", \"public\".\"users\".\"tokenVersion\"","service":"preplyte-api","timestamp":"2026-02-18 11:48:19"}
{"level":"debug","message":"Params: [\"2026-02-18 06:18:19.916 UTC\",\"2026-02-18 06:18:19.919 UTC\",\"cmlqa69ye0009mz559gk9ledi\"]","service":"preplyte-api","timestamp":"2026-02-18 11:48:19"}
{"level":"debug","message":"Duration: 7ms","service":"preplyte-api","timestamp":"2026-02-18 11:48:19"}
{"level":"info","message":"User logged in","service":"preplyte-api","timestamp":"2026-02-18 11:48:19","userId":"cmlqa69ye0009mz559gk9ledi"}
{"level":"info","message":"\u001b[0mPOST /api/auth/login \u001b[32m200\u001b[0m 516.307 ms - 994\u001b[0m","service":"preplyte-api","timestamp":"2026-02-18 11:48:19"}
{"level":"debug","message":"Query: SELECT \"public\".\"users\".\"id\", \"public\".\"users\".\"email\", \"public\".\"users\".\"role\"::text, \"public\".\"users\".\"instituteId\", \"public\".\"users\".\"isActive\", \"public\".\"users\".\"tokenVersion\" FROM \"public\".\"users\" WHERE (\"public\".\"users\".\"id\" = $1 AND 1=1) LIMIT $2 OFFSET $3","service":"preplyte-api","timestamp":"2026-02-18 11:48:20"}
{"level":"debug","message":"Params: [\"cmlqa69ye0009mz559gk9ledi\",1,0]","service":"preplyte-api","timestamp":"2026-02-18 11:48:20"}
{"level":"debug","message":"Duration: 3ms","service":"preplyte-api","timestamp":"2026-02-18 11:48:20"}
{"level":"debug","message":"[DashboardService] Fetching student dashboard","service":"preplyte-api","timestamp":"2026-02-18 11:48:20","userId":"cmlqa69ye0009mz559gk9ledi"}
{"level":"debug","message":"Query: SELECT 1","service":"preplyte-api","timestamp":"2026-02-18 11:48:20"}
{"level":"debug","message":"Params: []","service":"preplyte-api","timestamp":"2026-02-18 11:48:20"}
{"level":"debug","message":"Duration: 0ms","service":"preplyte-api","timestamp":"2026-02-18 11:48:20"}
{"level":"debug","message":"Query: SELECT 1","service":"preplyte-api","timestamp":"2026-02-18 11:48:20"}
{"level":"debug","message":"Params: []","service":"preplyte-api","timestamp":"2026-02-18 11:48:20"}
{"level":"debug","message":"Duration: 0ms","service":"preplyte-api","timestamp":"2026-02-18 11:48:20"}
{"level":"debug","message":"Query: SELECT 1","service":"preplyte-api","timestamp":"2026-02-18 11:48:20"}
{"level":"debug","message":"Params: []","service":"preplyte-api","timestamp":"2026-02-18 11:48:20"}
{"level":"debug","message":"Duration: 0ms","service":"preplyte-api","timestamp":"2026-02-18 11:48:20"}
{"level":"debug","message":"Query: SELECT 1","service":"preplyte-api","timestamp":"2026-02-18 11:48:20"}
{"level":"debug","message":"Params: []","service":"preplyte-api","timestamp":"2026-02-18 11:48:20"}
{"level":"debug","message":"Duration: 0ms","service":"preplyte-api","timestamp":"2026-02-18 11:48:20"}
{"level":"debug","message":"Query: SELECT 1","service":"preplyte-api","timestamp":"2026-02-18 11:48:20"}
{"level":"debug","message":"Params: []","service":"preplyte-api","timestamp":"2026-02-18 11:48:20"}
{"level":"debug","message":"Duration: 0ms","service":"preplyte-api","timestamp":"2026-02-18 11:48:20"}
{"level":"debug","message":"Query: SELECT 1","service":"preplyte-api","timestamp":"2026-02-18 11:48:20"}
{"level":"debug","message":"Params: []","service":"preplyte-api","timestamp":"2026-02-18 11:48:20"}
{"level":"debug","message":"Duration: 0ms","service":"preplyte-api","timestamp":"2026-02-18 11:48:20"}
{"level":"debug","message":"Query: SELECT \"public\".\"aptitude_practice_sessions\".\"id\", \"public\".\"aptitude_practice_sessions\".\"completedAt\", \"public\".\"aptitude_practice_sessions\".\"totalScore\", \"public\".\"aptitude_practice_sessions\".\"numberOfQuestions\" FROM \"public\".\"aptitude_practice_sessions\" WHERE \"public\".\"aptitude_practice_sessions\".\"userId\" = $1 OFFSET $2","service":"preplyte-api","timestamp":"2026-02-18 11:48:20"}
{"level":"debug","message":"Params: [\"cmlqa69ye0009mz559gk9ledi\",0]","service":"preplyte-api","timestamp":"2026-02-18 11:48:20"}
{"level":"debug","message":"Duration: 1ms","service":"preplyte-api","timestamp":"2026-02-18 11:48:20"}
{"level":"debug","message":"Query: SELECT 1","service":"preplyte-api","timestamp":"2026-02-18 11:48:20"}
{"level":"debug","message":"Params: []","service":"preplyte-api","timestamp":"2026-02-18 11:48:20"}
{"level":"debug","message":"Duration: 0ms","service":"preplyte-api","timestamp":"2026-02-18 11:48:20"}
{"level":"debug","message":"Query: SELECT 1","service":"preplyte-api","timestamp":"2026-02-18 11:48:20"}
{"level":"debug","message":"Params: []","service":"preplyte-api","timestamp":"2026-02-18 11:48:20"}
{"level":"debug","message":"Duration: 0ms","service":"preplyte-api","timestamp":"2026-02-18 11:48:20"}
{"level":"debug","message":"Query: SELECT 1","service":"preplyte-api","timestamp":"2026-02-18 11:48:20"}
{"level":"debug","message":"Params: []","service":"preplyte-api","timestamp":"2026-02-18 11:48:20"}
{"level":"debug","message":"Duration: 1ms","service":"preplyte-api","timestamp":"2026-02-18 11:48:20"}
{"level":"debug","message":"Query: SELECT \"public\".\"machine_practice_sessions\".\"id\", \"public\".\"machine_practice_sessions\".\"completedAt\", \"public\".\"machine_practice_sessions\".\"totalSolved\", \"public\".\"machine_practice_sessions\".\"numberOfQuestions\" FROM \"public\".\"machine_practice_sessions\" WHERE \"public\".\"machine_practice_sessions\".\"userId\" = $1 OFFSET $2","service":"preplyte-api","timestamp":"2026-02-18 11:48:20"}
{"level":"debug","message":"Params: [\"cmlqa69ye0009mz559gk9ledi\",0]","service":"preplyte-api","timestamp":"2026-02-18 11:48:20"}
{"level":"debug","message":"Duration: 1ms","service":"preplyte-api","timestamp":"2026-02-18 11:48:20"}
{"level":"debug","message":"Query: SELECT \"public\".\"ai_interview_sessions\".\"id\", \"public\".\"ai_interview_sessions\".\"status\"::text FROM \"public\".\"ai_interview_sessions\" WHERE \"public\".\"ai_interview_sessions\".\"userId\" = $1 OFFSET $2","service":"preplyte-api","timestamp":"2026-02-18 11:48:20"}
{"level":"debug","message":"Params: [\"cmlqa69ye0009mz559gk9ledi\",0]","service":"preplyte-api","timestamp":"2026-02-18 11:48:20"}
{"level":"debug","message":"Duration: 6ms","service":"preplyte-api","timestamp":"2026-02-18 11:48:20"}
{"level":"debug","message":"Query: SELECT \"public\".\"machine_practice_sessions\".\"id\", \"public\".\"machine_practice_sessions\".\"difficulty\"::text, \"public\".\"machine_practice_sessions\".\"totalSolved\", \"public\".\"machine_practice_sessions\".\"numberOfQuestions\", \"public\".\"machine_practice_sessions\".\"completedAt\" FROM \"public\".\"machine_practice_sessions\" WHERE (\"public\".\"machine_practice_sessions\".\"userId\" = $1 AND \"public\".\"machine_practice_sessions\".\"completedAt\" IS NOT NULL) ORDER BY \"public\".\"machine_practice_sessions\".\"completedAt\" DESC LIMIT $2 OFFSET $3","service":"preplyte-api","timestamp":"2026-02-18 11:48:20"}
{"level":"debug","message":"Params: [\"cmlqa69ye0009mz559gk9ledi\",5,0]","service":"preplyte-api","timestamp":"2026-02-18 11:48:20"}
{"level":"debug","message":"Duration: 6ms","service":"preplyte-api","timestamp":"2026-02-18 11:48:20"}
{"level":"debug","message":"Query: SELECT \"public\".\"aptitude_practice_sessions\".\"id\", \"public\".\"aptitude_practice_sessions\".\"difficulty\"::text, \"public\".\"aptitude_practice_sessions\".\"totalScore\", \"public\".\"aptitude_practice_sessions\".\"numberOfQuestions\", \"public\".\"aptitude_practice_sessions\".\"completedAt\", \"public\".\"aptitude_practice_sessions\".\"questionTypes\"::text[] FROM \"public\".\"aptitude_practice_sessions\" WHERE (\"public\".\"aptitude_practice_sessions\".\"userId\" = $1 AND \"public\".\"aptitude_practice_sessions\".\"completedAt\" IS NOT NULL) ORDER BY \"public\".\"aptitude_practice_sessions\".\"completedAt\" DESC LIMIT $2 OFFSET $3","service":"preplyte-api","timestamp":"2026-02-18 11:48:20"}
{"level":"debug","message":"Params: [\"cmlqa69ye0009mz559gk9ledi\",5,0]","service":"preplyte-api","timestamp":"2026-02-18 11:48:20"}
{"level":"debug","message":"Duration: 5ms","service":"preplyte-api","timestamp":"2026-02-18 11:48:20"}
{"level":"debug","message":"Query: SELECT \"public\".\"ai_interview_sessions\".\"id\", \"public\".\"ai_interview_sessions\".\"difficulty\"::text, \"public\".\"ai_interview_sessions\".\"jobTitle\", \"public\".\"ai_interview_sessions\".\"completedAt\" FROM \"public\".\"ai_interview_sessions\" WHERE (\"public\".\"ai_interview_sessions\".\"userId\" = $1 AND \"public\".\"ai_interview_sessions\".\"status\" = CAST($2::text AS \"public\".\"AiInterviewSessionStatus\")) ORDER BY \"public\".\"ai_interview_sessions\".\"completedAt\" DESC LIMIT $3 OFFSET $4","service":"preplyte-api","timestamp":"2026-02-18 11:48:20"}
{"level":"debug","message":"Params: [\"cmlqa69ye0009mz559gk9ledi\",\"COMPLETED\",5,0]","service":"preplyte-api","timestamp":"2026-02-18 11:48:20"}
{"level":"debug","message":"Duration: 7ms","service":"preplyte-api","timestamp":"2026-02-18 11:48:20"}
{"level":"debug","message":"Query: SELECT \"public\".\"lms_enrollments\".\"id\", \"public\".\"lms_enrollments\".\"courseId\" FROM \"public\".\"lms_enrollments\" WHERE \"public\".\"lms_enrollments\".\"userId\" = $1 OFFSET $2","service":"preplyte-api","timestamp":"2026-02-18 11:48:20"}
{"level":"debug","message":"Params: [\"cmlqa69ye0009mz559gk9ledi\",0]","service":"preplyte-api","timestamp":"2026-02-18 11:48:20"}
{"level":"debug","message":"Duration: 8ms","service":"preplyte-api","timestamp":"2026-02-18 11:48:20"}
{"level":"debug","message":"Query: SELECT \"public\".\"lms_enrollments\".\"id\", \"public\".\"lms_enrollments\".\"userId\", \"public\".\"lms_enrollments\".\"courseId\", \"public\".\"lms_enrollments\".\"status\"::text, \"public\".\"lms_enrollments\".\"completedModules\", \"public\".\"lms_enrollments\".\"completedTopics\", \"public\".\"lms_enrollments\".\"progressPercent\", \"public\".\"lms_enrollments\".\"totalPointsEarned\", \"public\".\"lms_enrollments\".\"moduleTestPointsEarned\", \"public\".\"lms_enrollments\".\"finalTestPointsEarned\", \"public\".\"lms_enrollments\".\"finalTestAttempted\", \"public\".\"lms_enrollments\".\"finalTestPassed\", \"public\".\"lms_enrollments\".\"finalTestScore\", \"public\".\"lms_enrollments\".\"finalTestMarks\", \"public\".\"lms_enrollments\".\"enrolledAt\", \"public\".\"lms_enrollments\".\"startedAt\", \"public\".\"lms_enrollments\".\"completedAt\", \"public\".\"lms_enrollments\".\"lastAccessedAt\", \"public\".\"lms_enrollments\".\"certificateUrl\", \"public\".\"lms_enrollments\".\"certificateIssuedAt\", \"public\".\"lms_enrollments\".\"createdAt\", \"public\".\"lms_enrollments\".\"updatedAt\" FROM \"public\".\"lms_enrollments\" WHERE \"public\".\"lms_enrollments\".\"userId\" = $1 OFFSET $2","service":"preplyte-api","timestamp":"2026-02-18 11:48:20"}
{"level":"debug","message":"Params: [\"cmlqa69ye0009mz559gk9ledi\",0]","service":"preplyte-api","timestamp":"2026-02-18 11:48:20"}
{"level":"debug","message":"Duration: 9ms","service":"preplyte-api","timestamp":"2026-02-18 11:48:20"}
{"level":"debug","message":"Query: SELECT \"public\".\"lms_enrollments\".\"id\", \"public\".\"lms_enrollments\".\"userId\", \"public\".\"lms_enrollments\".\"courseId\", \"public\".\"lms_enrollments\".\"status\"::text, \"public\".\"lms_enrollments\".\"completedModules\", \"public\".\"lms_enrollments\".\"completedTopics\", \"public\".\"lms_enrollments\".\"progressPercent\", \"public\".\"lms_enrollments\".\"totalPointsEarned\", \"public\".\"lms_enrollments\".\"moduleTestPointsEarned\", \"public\".\"lms_enrollments\".\"finalTestPointsEarned\", \"public\".\"lms_enrollments\".\"finalTestAttempted\", \"public\".\"lms_enrollments\".\"finalTestPassed\", \"public\".\"lms_enrollments\".\"finalTestScore\", \"public\".\"lms_enrollments\".\"finalTestMarks\", \"public\".\"lms_enrollments\".\"enrolledAt\", \"public\".\"lms_enrollments\".\"startedAt\", \"public\".\"lms_enrollments\".\"completedAt\", \"public\".\"lms_enrollments\".\"lastAccessedAt\", \"public\".\"lms_enrollments\".\"certificateUrl\", \"public\".\"lms_enrollments\".\"certificateIssuedAt\", \"public\".\"lms_enrollments\".\"createdAt\", \"public\".\"lms_enrollments\".\"updatedAt\" FROM \"public\".\"lms_enrollments\" WHERE \"public\".\"lms_enrollments\".\"userId\" = $1 ORDER BY \"public\".\"lms_enrollments\".\"lastAccessedAt\" DESC OFFSET $2","service":"preplyte-api","timestamp":"2026-02-18 11:48:20"}
{"level":"debug","message":"Params: [\"cmlqa69ye0009mz559gk9ledi\",0]","service":"preplyte-api","timestamp":"2026-02-18 11:48:20"}
{"level":"debug","message":"Duration: 8ms","service":"preplyte-api","timestamp":"2026-02-18 11:48:20"}
{"level":"debug","message":"Query: SELECT \"public\".\"lms_enrollments\".\"id\", \"public\".\"lms_enrollments\".\"userId\", \"public\".\"lms_enrollments\".\"courseId\", \"public\".\"lms_enrollments\".\"status\"::text, \"public\".\"lms_enrollments\".\"completedModules\", \"public\".\"lms_enrollments\".\"completedTopics\", \"public\".\"lms_enrollments\".\"progressPercent\", \"public\".\"lms_enrollments\".\"totalPointsEarned\", \"public\".\"lms_enrollments\".\"moduleTestPointsEarned\", \"public\".\"lms_enrollments\".\"finalTestPointsEarned\", \"public\".\"lms_enrollments\".\"finalTestAttempted\", \"public\".\"lms_enrollments\".\"finalTestPassed\", \"public\".\"lms_enrollments\".\"finalTestScore\", \"public\".\"lms_enrollments\".\"finalTestMarks\", \"public\".\"lms_enrollments\".\"enrolledAt\", \"public\".\"lms_enrollments\".\"startedAt\", \"public\".\"lms_enrollments\".\"completedAt\", \"public\".\"lms_enrollments\".\"lastAccessedAt\", \"public\".\"lms_enrollments\".\"certificateUrl\", \"public\".\"lms_enrollments\".\"certificateIssuedAt\", \"public\".\"lms_enrollments\".\"createdAt\", \"public\".\"lms_enrollments\".\"updatedAt\" FROM \"public\".\"lms_enrollments\" WHERE (\"public\".\"lms_enrollments\".\"userId\" = $1 AND \"public\".\"lms_enrollments\".\"enrolledAt\" >= $2) ORDER BY \"public\".\"lms_enrollments\".\"enrolledAt\" DESC LIMIT $3 OFFSET $4","service":"preplyte-api","timestamp":"2026-02-18 11:48:20"}
{"level":"debug","message":"Params: [\"cmlqa69ye0009mz559gk9ledi\",\"2026-01-18 18:30:00 UTC\",5,0]","service":"preplyte-api","timestamp":"2026-02-18 11:48:20"}
{"level":"debug","message":"Duration: 9ms","service":"preplyte-api","timestamp":"2026-02-18 11:48:20"}
{"level":"debug","message":"Query: SELECT \"public\".\"mock_drive_registrations\".\"id\", \"public\".\"mock_drive_registrations\".\"mockDriveId\", \"public\".\"mock_drive_registrations\".\"userId\", \"public\".\"mock_drive_registrations\".\"status\"::text, \"public\".\"mock_drive_registrations\".\"eligibilityCheckResult\", \"public\".\"mock_drive_registrations\".\"adminNotes\", \"public\".\"mock_drive_registrations\".\"batchId\", \"public\".\"mock_drive_registrations\".\"registeredAt\", \"public\".\"mock_drive_registrations\".\"reviewedAt\", \"public\".\"mock_drive_registrations\".\"reviewedBy\", \"public\".\"mock_drive_registrations\".\"createdAt\", \"public\".\"mock_drive_registrations\".\"updatedAt\" FROM \"public\".\"mock_drive_registrations\" LEFT JOIN \"public\".\"mock_drives\" AS \"orderby_1\" ON (\"orderby_1\".\"id\") = (\"public\".\"mock_drive_registrations\".\"mockDriveId\") LEFT JOIN \"public\".\"mock_drives\" AS \"j1\" ON (\"j1\".\"id\") = (\"public\".\"mock_drive_registrations\".\"mockDriveId\") WHERE (\"public\".\"mock_drive_registrations\".\"userId\" = $1 AND \"public\".\"mock_drive_registrations\".\"status\" = CAST($2::text AS \"public\".\"MockDriveRegistrationStatus\") AND (\"j1\".\"status\" IN (CAST($3::text AS \"public\".\"MockDriveStatus\"),CAST($4::text AS \"public\".\"MockDriveStatus\"),CAST($5::text AS \"public\".\"MockDriveStatus\")) AND \"j1\".\"driveStartDate\" > $6 AND (\"j1\".\"id\" IS NOT NULL))) ORDER BY \"orderby_1\".\"driveStartDate\" ASC LIMIT $7 OFFSET $8","service":"preplyte-api","timestamp":"2026-02-18 11:48:20"}
{"level":"debug","message":"Params: [\"cmlqa69ye0009mz559gk9ledi\",\"APPROVED\",\"PUBLISHED\",\"REGISTRATION_OPEN\",\"REGISTRATION_CLOSED\",\"2026-02-18 06:18:20.511 UTC\",5,0]","service":"preplyte-api","timestamp":"2026-02-18 11:48:20"}
{"level":"debug","message":"Duration: 18ms","service":"preplyte-api","timestamp":"2026-02-18 11:48:20"}
{"level":"debug","message":"Query: SELECT COUNT(*) FROM (SELECT \"public\".\"lms_module_progress\".\"id\" FROM \"public\".\"lms_module_progress\" WHERE (\"public\".\"lms_module_progress\".\"userId\" = $1 AND \"public\".\"lms_module_progress\".\"testPassed\" = $2) OFFSET $3) AS \"sub\"","service":"preplyte-api","timestamp":"2026-02-18 11:48:20"}
{"level":"debug","message":"Params: [\"cmlqa69ye0009mz559gk9ledi\",true,0]","service":"preplyte-api","timestamp":"2026-02-18 11:48:20"}
{"level":"debug","message":"Duration: 8ms","service":"preplyte-api","timestamp":"2026-02-18 11:48:20"}
{"level":"debug","message":"Query: SELECT \"public\".\"lms_module_progress\".\"id\", \"public\".\"lms_module_progress\".\"userId\", \"public\".\"lms_module_progress\".\"moduleId\", \"public\".\"lms_module_progress\".\"status\"::text, \"public\".\"lms_module_progress\".\"completedTopics\", \"public\".\"lms_module_progress\".\"totalTopics\", \"public\".\"lms_module_progress\".\"progressPercent\", \"public\".\"lms_module_progress\".\"testAttempted\", \"public\".\"lms_module_progress\".\"testPassed\", \"public\".\"lms_module_progress\".\"testScore\", \"public\".\"lms_module_progress\".\"testAttempts\", \"public\".\"lms_module_progress\".\"pointsEarned\", \"public\".\"lms_module_progress\".\"timeSpentMinutes\", \"public\".\"lms_module_progress\".\"startedAt\", \"public\".\"lms_module_progress\".\"completedAt\", \"public\".\"lms_module_progress\".\"createdAt\", \"public\".\"lms_module_progress\".\"updatedAt\" FROM \"public\".\"lms_module_progress\" WHERE (\"public\".\"lms_module_progress\".\"userId\" = $1 AND \"public\".\"lms_module_progress\".\"status\" = CAST($2::text AS \"public\".\"LmsModuleStatus\") AND \"public\".\"lms_module_progress\".\"completedAt\" >= $3) ORDER BY \"public\".\"lms_module_progress\".\"completedAt\" DESC LIMIT $4 OFFSET $5","service":"preplyte-api","timestamp":"2026-02-18 11:48:20"}
{"level":"debug","message":"Params: [\"cmlqa69ye0009mz559gk9ledi\",\"COMPLETED\",\"2026-01-18 18:30:00 UTC\",5,0]","service":"preplyte-api","timestamp":"2026-02-18 11:48:20"}
{"level":"debug","message":"Duration: 10ms","service":"preplyte-api","timestamp":"2026-02-18 11:48:20"}
{"level":"debug","message":"Query: SELECT \"public\".\"lms_courses\".\"id\", \"public\".\"lms_courses\".\"categoryId\", \"public\".\"lms_courses\".\"title\", \"public\".\"lms_courses\".\"slug\", \"public\".\"lms_courses\".\"shortDescription\", \"public\".\"lms_courses\".\"description\", \"public\".\"lms_courses\".\"thumbnailUrl\", \"public\".\"lms_courses\".\"previewVideoUrl\", \"public\".\"lms_courses\".\"totalModules\", \"public\".\"lms_courses\".\"totalTopics\", \"public\".\"lms_courses\".\"totalPoints\", \"public\".\"lms_courses\".\"totalHours\", \"public\".\"lms_courses\".\"price\", \"public\".\"lms_courses\".\"discountPrice\", \"public\".\"lms_courses\".\"currency\", \"public\".\"lms_courses\".\"status\"::text, \"public\".\"lms_courses\".\"isActive\", \"public\".\"lms_courses\".\"certificateEnabled\", \"public\".\"lms_courses\".\"passingPercentage\", \"public\".\"lms_courses\".\"tags\", \"public\".\"lms_courses\".\"difficulty\"::text, \"public\".\"lms_courses\".\"instructor\", \"public\".\"lms_courses\".\"language\", \"public\".\"lms_courses\".\"averageRating\", \"public\".\"lms_courses\".\"ratingsCount\", \"public\".\"lms_courses\".\"createdAt\", \"public\".\"lms_courses\".\"updatedAt\", \"public\".\"lms_courses\".\"publishedAt\", COALESCE(\"aggr_selection_0_LmsEnrollment\".\"_aggr_count_enrollments\", 0) AS \"_aggr_count_enrollments\" FROM \"public\".\"lms_courses\" LEFT JOIN (SELECT \"public\".\"lms_enrollments\".\"courseId\", COUNT(*) AS \"orderby_aggregator\" FROM \"public\".\"lms_enrollments\" WHERE 1=1 GROUP BY \"public\".\"lms_enrollments\".\"courseId\") AS \"orderby_1_LmsEnrollment\" ON (\"public\".\"lms_courses\".\"id\" = \"orderby_1_LmsEnrollment\".\"courseId\") LEFT JOIN (SELECT \"public\".\"lms_enrollments\".\"courseId\", COUNT(*) AS \"_aggr_count_enrollments\" FROM \"public\".\"lms_enrollments\" WHERE 1=1 GROUP BY \"public\".\"lms_enrollments\".\"courseId\") AS \"aggr_selection_0_LmsEnrollment\" ON (\"public\".\"lms_courses\".\"id\" = \"aggr_selection_0_LmsEnrollment\".\"courseId\") WHERE (1=1 AND \"public\".\"lms_courses\".\"status\" = CAST($1::text AS \"public\".\"LmsCourseStatus\") AND \"public\".\"lms_courses\".\"isActive\" = $2) ORDER BY COALESCE(\"orderby_1_LmsEnrollment\".\"orderby_aggregator\", $3) DESC, \"public\".\"lms_courses\".\"averageRating\" DESC LIMIT $4 OFFSET $5","service":"preplyte-api","timestamp":"2026-02-18 11:48:20"}
{"level":"debug","message":"Params: [\"PUBLISHED\",true,0,5,0]","service":"preplyte-api","timestamp":"2026-02-18 11:48:20"}
{"level":"debug","message":"Duration: 22ms","service":"preplyte-api","timestamp":"2026-02-18 11:48:20"}
{"level":"debug","message":"Query: SELECT \"public\".\"lms_test_attempts\".\"id\", \"public\".\"lms_test_attempts\".\"userId\", \"public\".\"lms_test_attempts\".\"moduleTestId\", \"public\".\"lms_test_attempts\".\"finalTestId\", \"public\".\"lms_test_attempts\".\"testType\"::text, \"public\".\"lms_test_attempts\".\"status\"::text, \"public\".\"lms_test_attempts\".\"attemptNumber\", \"public\".\"lms_test_attempts\".\"totalQuestions\", \"public\".\"lms_test_attempts\".\"correctAnswers\", \"public\".\"lms_test_attempts\".\"wrongAnswers\", \"public\".\"lms_test_attempts\".\"unanswered\", \"public\".\"lms_test_attempts\".\"score\", \"public\".\"lms_test_attempts\".\"pointsEarned\", \"public\".\"lms_test_attempts\".\"marksObtained\", \"public\".\"lms_test_attempts\".\"totalMarks\", \"public\".\"lms_test_attempts\".\"isPassed\", \"public\".\"lms_test_attempts\".\"timeLimitMinutes\", \"public\".\"lms_test_attempts\".\"timeSpentSeconds\", \"public\".\"lms_test_attempts\".\"startedAt\", \"public\".\"lms_test_attempts\".\"completedAt\", \"public\".\"lms_test_attempts\".\"expiresAt\", \"public\".\"lms_test_attempts\".\"createdAt\", \"public\".\"lms_test_attempts\".\"updatedAt\" FROM \"public\".\"lms_test_attempts\" WHERE (\"public\".\"lms_test_attempts\".\"userId\" = $1 AND \"public\".\"lms_test_attempts\".\"status\" = CAST($2::text AS \"public\".\"LmsTestAttemptStatus\") AND \"public\".\"lms_test_attempts\".\"isPassed\" = $3 AND \"public\".\"lms_test_attempts\".\"completedAt\" >= $4) ORDER BY \"public\".\"lms_test_attempts\".\"completedAt\" DESC LIMIT $5 OFFSET $6","service":"preplyte-api","timestamp":"2026-02-18 11:48:20"}
{"level":"debug","message":"Params: [\"cmlqa69ye0009mz559gk9ledi\",\"COMPLETED\",true,\"2026-01-18 18:30:00 UTC\",5,0]","service":"preplyte-api","timestamp":"2026-02-18 11:48:20"}
{"level":"debug","message":"Duration: 9ms","service":"preplyte-api","timestamp":"2026-02-18 11:48:20"}
{"level":"debug","message":"Query: SELECT \"public\".\"lms_categories\".\"id\", \"public\".\"lms_categories\".\"name\" FROM \"public\".\"lms_categories\" WHERE \"public\".\"lms_categories\".\"id\" IN ($1) OFFSET $2","service":"preplyte-api","timestamp":"2026-02-18 11:48:20"}
{"level":"debug","message":"Params: [\"cmlq4lrae0003ail99wlb2luj\",0]","service":"preplyte-api","timestamp":"2026-02-18 11:48:20"}
{"level":"debug","message":"Duration: 9ms","service":"preplyte-api","timestamp":"2026-02-18 11:48:20"}
{"level":"debug","message":"Query: SELECT \"public\".\"lms_enrollments\".\"id\", \"public\".\"lms_enrollments\".\"userId\", \"public\".\"lms_enrollments\".\"courseId\", \"public\".\"lms_enrollments\".\"status\"::text, \"public\".\"lms_enrollments\".\"completedModules\", \"public\".\"lms_enrollments\".\"completedTopics\", \"public\".\"lms_enrollments\".\"progressPercent\", \"public\".\"lms_enrollments\".\"totalPointsEarned\", \"public\".\"lms_enrollments\".\"moduleTestPointsEarned\", \"public\".\"lms_enrollments\".\"finalTestPointsEarned\", \"public\".\"lms_enrollments\".\"finalTestAttempted\", \"public\".\"lms_enrollments\".\"finalTestPassed\", \"public\".\"lms_enrollments\".\"finalTestScore\", \"public\".\"lms_enrollments\".\"finalTestMarks\", \"public\".\"lms_enrollments\".\"enrolledAt\", \"public\".\"lms_enrollments\".\"startedAt\", \"public\".\"lms_enrollments\".\"completedAt\", \"public\".\"lms_enrollments\".\"lastAccessedAt\", \"public\".\"lms_enrollments\".\"certificateUrl\", \"public\".\"lms_enrollments\".\"certificateIssuedAt\", \"public\".\"lms_enrollments\".\"createdAt\", \"public\".\"lms_enrollments\".\"updatedAt\" FROM \"public\".\"lms_enrollments\" WHERE (\"public\".\"lms_enrollments\".\"userId\" = $1 AND \"public\".\"lms_enrollments\".\"status\" = CAST($2::text AS \"public\".\"LmsEnrollmentStatus\") AND \"public\".\"lms_enrollments\".\"completedAt\" >= $3) ORDER BY \"public\".\"lms_enrollments\".\"completedAt\" DESC LIMIT $4 OFFSET $5","service":"preplyte-api","timestamp":"2026-02-18 11:48:20"}
{"level":"debug","message":"Params: [\"cmlqa69ye0009mz559gk9ledi\",\"COMPLETED\",\"2026-01-18 18:30:00 UTC\",5,0]","service":"preplyte-api","timestamp":"2026-02-18 11:48:20"}
{"level":"debug","message":"Duration: 2ms","service":"preplyte-api","timestamp":"2026-02-18 11:48:20"}
{"level":"info","message":"\u001b[0mGET /api/dashboard/student \u001b[32m200\u001b[0m 131.680 ms - 752\u001b[0m","service":"preplyte-api","timestamp":"2026-02-18 11:48:20"}
{"level":"debug","message":"Query: SELECT \"public\".\"users\".\"id\", \"public\".\"users\".\"email\", \"public\".\"users\".\"role\"::text, \"public\".\"users\".\"instituteId\", \"public\".\"users\".\"isActive\", \"public\".\"users\".\"tokenVersion\" FROM \"public\".\"users\" WHERE (\"public\".\"users\".\"id\" = $1 AND 1=1) LIMIT $2 OFFSET $3","service":"preplyte-api","timestamp":"2026-02-18 11:48:23"}
{"level":"debug","message":"Params: [\"cmlqa69ye0009mz559gk9ledi\",1,0]","service":"preplyte-api","timestamp":"2026-02-18 11:48:23"}
{"level":"debug","message":"Duration: 8ms","service":"preplyte-api","timestamp":"2026-02-18 11:48:23"}
{"level":"info","message":"\u001b[0mGET /api/leaderboard/config \u001b[32m200\u001b[0m 14.366 ms - 1012\u001b[0m","service":"preplyte-api","timestamp":"2026-02-18 11:48:23"}
{"level":"debug","message":"Query: SELECT \"public\".\"users\".\"id\", \"public\".\"users\".\"email\", \"public\".\"users\".\"role\"::text, \"public\".\"users\".\"instituteId\", \"public\".\"users\".\"isActive\", \"public\".\"users\".\"tokenVersion\" FROM \"public\".\"users\" WHERE (\"public\".\"users\".\"id\" = $1 AND 1=1) LIMIT $2 OFFSET $3","service":"preplyte-api","timestamp":"2026-02-18 11:48:23"}
{"level":"debug","message":"Params: [\"cmlqa69ye0009mz559gk9ledi\",1,0]","service":"preplyte-api","timestamp":"2026-02-18 11:48:23"}
{"level":"debug","message":"Duration: 0ms","service":"preplyte-api","timestamp":"2026-02-18 11:48:23"}
{"category":"overall","level":"info","limit":20,"message":"[LeaderboardService] Fetching leaderboard","page":1,"scope":"global","service":"preplyte-api","timestamp":"2026-02-18 11:48:23","userId":"cmlqa69ye0009mz559gk9ledi"}
{"level":"debug","message":"Query: SELECT SUM(\"public\".\"ai_interview_feedbacks\".\"overallScore\"), \"public\".\"ai_interview_feedbacks\".\"userId\" FROM \"public\".\"ai_interview_feedbacks\" WHERE 1=1 GROUP BY \"public\".\"ai_interview_feedbacks\".\"userId\" OFFSET $1","service":"preplyte-api","timestamp":"2026-02-18 11:48:23"}
{"level":"debug","message":"Params: [0]","service":"preplyte-api","timestamp":"2026-02-18 11:48:23"}
{"level":"debug","message":"Duration: 1ms","service":"preplyte-api","timestamp":"2026-02-18 11:48:23"}
{"level":"debug","message":"Query: SELECT SUM(\"public\".\"lms_enrollments\".\"totalPointsEarned\"), \"public\".\"lms_enrollments\".\"userId\" FROM \"public\".\"lms_enrollments\" WHERE 1=1 GROUP BY \"public\".\"lms_enrollments\".\"userId\" OFFSET $1","service":"preplyte-api","timestamp":"2026-02-18 11:48:23"}
{"level":"debug","message":"Params: [0]","service":"preplyte-api","timestamp":"2026-02-18 11:48:23"}
{"level":"debug","message":"Duration: 2ms","service":"preplyte-api","timestamp":"2026-02-18 11:48:23"}
{"level":"debug","message":"Query: SELECT SUM(\"public\".\"aptitude_practice_sessions\".\"totalCorrect\"), \"public\".\"aptitude_practice_sessions\".\"userId\" FROM \"public\".\"aptitude_practice_sessions\" WHERE \"public\".\"aptitude_practice_sessions\".\"completedAt\" IS NOT NULL GROUP BY \"public\".\"aptitude_practice_sessions\".\"userId\" OFFSET $1","service":"preplyte-api","timestamp":"2026-02-18 11:48:23"}
{"level":"debug","message":"Params: [0]","service":"preplyte-api","timestamp":"2026-02-18 11:48:23"}
{"level":"debug","message":"Duration: 7ms","service":"preplyte-api","timestamp":"2026-02-18 11:48:23"}
{"level":"debug","message":"Query: SELECT SUM(\"public\".\"machine_practice_sessions\".\"totalSolved\"), \"public\".\"machine_practice_sessions\".\"userId\" FROM \"public\".\"machine_practice_sessions\" WHERE \"public\".\"machine_practice_sessions\".\"completedAt\" IS NOT NULL GROUP BY \"public\".\"machine_practice_sessions\".\"userId\" OFFSET $1","service":"preplyte-api","timestamp":"2026-02-18 11:48:23"}
{"level":"debug","message":"Params: [0]","service":"preplyte-api","timestamp":"2026-02-18 11:48:23"}
{"level":"debug","message":"Duration: 7ms","service":"preplyte-api","timestamp":"2026-02-18 11:48:23"}
{"level":"debug","message":"Query: SELECT SUM(\"public\".\"mock_drive_attempts\".\"totalScore\"), \"public\".\"mock_drive_attempts\".\"userId\" FROM \"public\".\"mock_drive_attempts\" WHERE \"public\".\"mock_drive_attempts\".\"status\" IN (CAST($1::text AS \"public\".\"MockDriveAttemptStatus\"),CAST($2::text AS \"public\".\"MockDriveAttemptStatus\")) GROUP BY \"public\".\"mock_drive_attempts\".\"userId\" OFFSET $3","service":"preplyte-api","timestamp":"2026-02-18 11:48:23"}
{"level":"debug","message":"Params: [\"COMPLETED\",\"TIMED_OUT\",0]","service":"preplyte-api","timestamp":"2026-02-18 11:48:23"}
{"level":"debug","message":"Duration: 11ms","service":"preplyte-api","timestamp":"2026-02-18 11:48:23"}
{"level":"debug","message":"Query: SELECT \"public\".\"users\".\"id\", \"public\".\"users\".\"name\", \"public\".\"users\".\"profilePictureUrl\", \"public\".\"users\".\"instituteId\" FROM \"public\".\"users\" WHERE \"public\".\"users\".\"id\" IN ($1) OFFSET $2","service":"preplyte-api","timestamp":"2026-02-18 11:48:23"}
{"level":"debug","message":"Params: [\"cmlq4h9or004p9qehngr7b15o\",0]","service":"preplyte-api","timestamp":"2026-02-18 11:48:23"}
{"level":"debug","message":"Duration: 10ms","service":"preplyte-api","timestamp":"2026-02-18 11:48:23"}
{"level":"debug","message":"Query: SELECT \"public\".\"student_profiles\".\"id\", \"public\".\"student_profiles\".\"fullName\", \"public\".\"student_profiles\".\"departmentId\", \"public\".\"student_profiles\".\"userId\" FROM \"public\".\"student_profiles\" WHERE \"public\".\"student_profiles\".\"userId\" IN ($1) OFFSET $2","service":"preplyte-api","timestamp":"2026-02-18 11:48:23"}
{"level":"debug","message":"Params: [\"cmlq4h9or004p9qehngr7b15o\",0]","service":"preplyte-api","timestamp":"2026-02-18 11:48:23"}
{"level":"debug","message":"Duration: 11ms","service":"preplyte-api","timestamp":"2026-02-18 11:48:23"}
{"level":"debug","message":"Query: SELECT \"public\".\"departments\".\"id\", \"public\".\"departments\".\"name\" FROM \"public\".\"departments\" WHERE \"public\".\"departments\".\"id\" IN ($1) OFFSET $2","service":"preplyte-api","timestamp":"2026-02-18 11:48:23"}
{"level":"debug","message":"Params: [\"cmlq8n2sa0001s9ls3j4u6ytv\",0]","service":"preplyte-api","timestamp":"2026-02-18 11:48:23"}
{"level":"debug","message":"Duration: 5ms","service":"preplyte-api","timestamp":"2026-02-18 11:48:23"}
{"level":"debug","message":"Query: SELECT \"public\".\"institutes\".\"id\", \"public\".\"institutes\".\"name\" FROM \"public\".\"institutes\" WHERE \"public\".\"institutes\".\"id\" IN ($1) OFFSET $2","service":"preplyte-api","timestamp":"2026-02-18 11:48:23"}
{"level":"debug","message":"Params: [\"c1d2e3f4g5h6i7j8k9l0\",0]","service":"preplyte-api","timestamp":"2026-02-18 11:48:23"}
{"level":"debug","message":"Duration: 4ms","service":"preplyte-api","timestamp":"2026-02-18 11:48:23"}
{"level":"debug","message":"Query: SELECT SUM(\"totalSolved\") FROM (SELECT \"public\".\"machine_practice_sessions\".\"totalSolved\" FROM \"public\".\"machine_practice_sessions\" WHERE (\"public\".\"machine_practice_sessions\".\"userId\" = $1 AND \"public\".\"machine_practice_sessions\".\"completedAt\" IS NOT NULL) OFFSET $2) AS \"sub\"","service":"preplyte-api","timestamp":"2026-02-18 11:48:23"}
{"level":"debug","message":"Params: [\"cmlqa69ye0009mz559gk9ledi\",0]","service":"preplyte-api","timestamp":"2026-02-18 11:48:23"}
{"level":"debug","message":"Duration: 1ms","service":"preplyte-api","timestamp":"2026-02-18 11:48:23"}
{"level":"debug","message":"Query: SELECT SUM(\"totalPointsEarned\") FROM (SELECT \"public\".\"lms_enrollments\".\"totalPointsEarned\" FROM \"public\".\"lms_enrollments\" WHERE \"public\".\"lms_enrollments\".\"userId\" = $1 OFFSET $2) AS \"sub\"","service":"preplyte-api","timestamp":"2026-02-18 11:48:23"}
{"level":"debug","message":"Params: [\"cmlqa69ye0009mz559gk9ledi\",0]","service":"preplyte-api","timestamp":"2026-02-18 11:48:23"}
{"level":"debug","message":"Duration: 2ms","service":"preplyte-api","timestamp":"2026-02-18 11:48:23"}
{"level":"debug","message":"Query: SELECT SUM(\"overallScore\") FROM (SELECT \"public\".\"ai_interview_feedbacks\".\"overallScore\" FROM \"public\".\"ai_interview_feedbacks\" WHERE \"public\".\"ai_interview_feedbacks\".\"userId\" = $1 OFFSET $2) AS \"sub\"","service":"preplyte-api","timestamp":"2026-02-18 11:48:23"}
{"level":"debug","message":"Params: [\"cmlqa69ye0009mz559gk9ledi\",0]","service":"preplyte-api","timestamp":"2026-02-18 11:48:23"}
{"level":"debug","message":"Duration: 7ms","service":"preplyte-api","timestamp":"2026-02-18 11:48:23"}
{"level":"debug","message":"Query: SELECT SUM(\"totalCorrect\") FROM (SELECT \"public\".\"aptitude_practice_sessions\".\"totalCorrect\" FROM \"public\".\"aptitude_practice_sessions\" WHERE (\"public\".\"aptitude_practice_sessions\".\"userId\" = $1 AND \"public\".\"aptitude_practice_sessions\".\"completedAt\" IS NOT NULL) OFFSET $2) AS \"sub\"","service":"preplyte-api","timestamp":"2026-02-18 11:48:23"}
{"level":"debug","message":"Params: [\"cmlqa69ye0009mz559gk9ledi\",0]","service":"preplyte-api","timestamp":"2026-02-18 11:48:23"}
{"level":"debug","message":"Duration: 8ms","service":"preplyte-api","timestamp":"2026-02-18 11:48:23"}
{"level":"debug","message":"Query: SELECT SUM(\"totalScore\") FROM (SELECT \"public\".\"mock_drive_attempts\".\"totalScore\" FROM \"public\".\"mock_drive_attempts\" WHERE (\"public\".\"mock_drive_attempts\".\"userId\" = $1 AND \"public\".\"mock_drive_attempts\".\"status\" IN (CAST($2::text AS \"public\".\"MockDriveAttemptStatus\"),CAST($3::text AS \"public\".\"MockDriveAttemptStatus\"))) OFFSET $4) AS \"sub\"","service":"preplyte-api","timestamp":"2026-02-18 11:48:23"}
{"level":"debug","message":"Params: [\"cmlqa69ye0009mz559gk9ledi\",\"COMPLETED\",\"TIMED_OUT\",0]","service":"preplyte-api","timestamp":"2026-02-18 11:48:23"}
{"level":"debug","message":"Duration: 17ms","service":"preplyte-api","timestamp":"2026-02-18 11:48:23"}
{"level":"info","message":"\u001b[0mGET /api/leaderboard?scope=global&category=overall&page=1&limit=20 \u001b[32m200\u001b[0m 103.922 ms - 720\u001b[0m","service":"preplyte-api","timestamp":"2026-02-18 11:48:23"}
{"level":"debug","message":"Query: SELECT \"public\".\"users\".\"id\", \"public\".\"users\".\"email\", \"public\".\"users\".\"role\"::text, \"public\".\"users\".\"instituteId\", \"public\".\"users\".\"isActive\", \"public\".\"users\".\"tokenVersion\" FROM \"public\".\"users\" WHERE (\"public\".\"users\".\"id\" = $1 AND 1=1) LIMIT $2 OFFSET $3","service":"preplyte-api","timestamp":"2026-02-18 11:48:23"}
{"level":"debug","message":"Params: [\"cmlqa69ye0009mz559gk9ledi\",1,0]","service":"preplyte-api","timestamp":"2026-02-18 11:48:23"}
{"level":"debug","message":"Duration: 6ms","service":"preplyte-api","timestamp":"2026-02-18 11:48:23"}
{"level":"debug","message":"Query: SELECT SUM(\"totalCorrect\") FROM (SELECT \"public\".\"aptitude_practice_sessions\".\"totalCorrect\" FROM \"public\".\"aptitude_practice_sessions\" WHERE (\"public\".\"aptitude_practice_sessions\".\"userId\" = $1 AND \"public\".\"aptitude_practice_sessions\".\"completedAt\" IS NOT NULL) OFFSET $2) AS \"sub\"","service":"preplyte-api","timestamp":"2026-02-18 11:48:23"}
{"level":"debug","message":"Params: [\"cmlqa69ye0009mz559gk9ledi\",0]","service":"preplyte-api","timestamp":"2026-02-18 11:48:23"}
{"level":"debug","message":"Duration: 1ms","service":"preplyte-api","timestamp":"2026-02-18 11:48:23"}
{"level":"debug","message":"Query: SELECT SUM(\"totalPointsEarned\") FROM (SELECT \"public\".\"lms_enrollments\".\"totalPointsEarned\" FROM \"public\".\"lms_enrollments\" WHERE \"public\".\"lms_enrollments\".\"userId\" = $1 OFFSET $2) AS \"sub\"","service":"preplyte-api","timestamp":"2026-02-18 11:48:23"}
{"level":"debug","message":"Params: [\"cmlqa69ye0009mz559gk9ledi\",0]","service":"preplyte-api","timestamp":"2026-02-18 11:48:23"}
{"level":"debug","message":"Duration: 1ms","service":"preplyte-api","timestamp":"2026-02-18 11:48:23"}
{"level":"debug","message":"Query: SELECT SUM(\"overallScore\") FROM (SELECT \"public\".\"ai_interview_feedbacks\".\"overallScore\" FROM \"public\".\"ai_interview_feedbacks\" WHERE \"public\".\"ai_interview_feedbacks\".\"userId\" = $1 OFFSET $2) AS \"sub\"","service":"preplyte-api","timestamp":"2026-02-18 11:48:23"}
{"level":"debug","message":"Params: [\"cmlqa69ye0009mz559gk9ledi\",0]","service":"preplyte-api","timestamp":"2026-02-18 11:48:23"}
{"level":"debug","message":"Duration: 6ms","service":"preplyte-api","timestamp":"2026-02-18 11:48:23"}
{"level":"debug","message":"Query: SELECT SUM(\"totalSolved\") FROM (SELECT \"public\".\"machine_practice_sessions\".\"totalSolved\" FROM \"public\".\"machine_practice_sessions\" WHERE (\"public\".\"machine_practice_sessions\".\"userId\" = $1 AND \"public\".\"machine_practice_sessions\".\"completedAt\" IS NOT NULL) OFFSET $2) AS \"sub\"","service":"preplyte-api","timestamp":"2026-02-18 11:48:23"}
{"level":"debug","message":"Params: [\"cmlqa69ye0009mz559gk9ledi\",0]","service":"preplyte-api","timestamp":"2026-02-18 11:48:23"}
{"level":"debug","message":"Duration: 6ms","service":"preplyte-api","timestamp":"2026-02-18 11:48:23"}
{"level":"debug","message":"Query: SELECT SUM(\"totalScore\") FROM (SELECT \"public\".\"mock_drive_attempts\".\"totalScore\" FROM \"public\".\"mock_drive_attempts\" WHERE (\"public\".\"mock_drive_attempts\".\"userId\" = $1 AND \"public\".\"mock_drive_attempts\".\"status\" IN (CAST($2::text AS \"public\".\"MockDriveAttemptStatus\"),CAST($3::text AS \"public\".\"MockDriveAttemptStatus\"))) OFFSET $4) AS \"sub\"","service":"preplyte-api","timestamp":"2026-02-18 11:48:23"}
{"level":"debug","message":"Params: [\"cmlqa69ye0009mz559gk9ledi\",\"COMPLETED\",\"TIMED_OUT\",0]","service":"preplyte-api","timestamp":"2026-02-18 11:48:23"}
{"level":"debug","message":"Duration: 11ms","service":"preplyte-api","timestamp":"2026-02-18 11:48:23"}
{"level":"info","message":"\u001b[0mGET /api/leaderboard/my-scores \u001b[32m200\u001b[0m 29.352 ms - 144\u001b[0m","service":"preplyte-api","timestamp":"2026-02-18 11:48:23"}
{"level":"debug","message":"Query: SELECT 1","service":"preplyte-api","timestamp":"2026-02-18 11:48:48"}
{"level":"debug","message":"Params: []","service":"preplyte-api","timestamp":"2026-02-18 11:48:48"}
{"level":"debug","message":"Duration: 0ms","service":"preplyte-api","timestamp":"2026-02-18 11:48:48"}
{"level":"debug","message":"Query: SELECT \"public\".\"users\".\"id\", \"public\".\"users\".\"email\", \"public\".\"users\".\"role\"::text, \"public\".\"users\".\"instituteId\", \"public\".\"users\".\"isActive\", \"public\".\"users\".\"tokenVersion\" FROM \"public\".\"users\" WHERE (\"public\".\"users\".\"id\" = $1 AND 1=1) LIMIT $2 OFFSET $3","service":"preplyte-api","timestamp":"2026-02-18 11:48:48"}
{"level":"debug","message":"Params: [\"cmlq4h9or004p9qehngr7b15o\",1,0]","service":"preplyte-api","timestamp":"2026-02-18 11:48:48"}
{"level":"debug","message":"Duration: 0ms","service":"preplyte-api","timestamp":"2026-02-18 11:48:48"}
{"category":"overall","level":"info","limit":20,"message":"[LeaderboardService] Fetching leaderboard","page":1,"scope":"institute","service":"preplyte-api","timestamp":"2026-02-18 11:48:48","userId":"cmlq4h9or004p9qehngr7b15o"}
{"level":"debug","message":"Query: SELECT 1","service":"preplyte-api","timestamp":"2026-02-18 11:48:48"}
{"level":"debug","message":"Params: []","service":"preplyte-api","timestamp":"2026-02-18 11:48:48"}
{"level":"debug","message":"Duration: 1ms","service":"preplyte-api","timestamp":"2026-02-18 11:48:48"}
{"level":"debug","message":"Query: SELECT 1","service":"preplyte-api","timestamp":"2026-02-18 11:48:48"}
{"level":"debug","message":"Params: []","service":"preplyte-api","timestamp":"2026-02-18 11:48:48"}
{"level":"debug","message":"Duration: 1ms","service":"preplyte-api","timestamp":"2026-02-18 11:48:48"}
{"level":"debug","message":"Query: SELECT 1","service":"preplyte-api","timestamp":"2026-02-18 11:48:48"}
{"level":"debug","message":"Params: []","service":"preplyte-api","timestamp":"2026-02-18 11:48:48"}
{"level":"debug","message":"Duration: 1ms","service":"preplyte-api","timestamp":"2026-02-18 11:48:48"}
{"level":"debug","message":"Query: SELECT 1","service":"preplyte-api","timestamp":"2026-02-18 11:48:48"}
{"level":"debug","message":"Params: []","service":"preplyte-api","timestamp":"2026-02-18 11:48:48"}
{"level":"debug","message":"Duration: 0ms","service":"preplyte-api","timestamp":"2026-02-18 11:48:48"}
{"level":"debug","message":"Query: SELECT SUM(\"public\".\"lms_enrollments\".\"totalPointsEarned\"), \"public\".\"lms_enrollments\".\"userId\" FROM \"public\".\"lms_enrollments\" LEFT JOIN \"public\".\"users\" AS \"j1\" ON (\"j1\".\"id\") = (\"public\".\"lms_enrollments\".\"userId\") WHERE (\"j1\".\"instituteId\" = $1 AND (\"j1\".\"id\" IS NOT NULL)) GROUP BY \"public\".\"lms_enrollments\".\"userId\" OFFSET $2","service":"preplyte-api","timestamp":"2026-02-18 11:48:48"}
{"level":"debug","message":"Params: [\"c1d2e3f4g5h6i7j8k9l0\",0]","service":"preplyte-api","timestamp":"2026-02-18 11:48:48"}
{"level":"debug","message":"Duration: 3ms","service":"preplyte-api","timestamp":"2026-02-18 11:48:48"}
{"level":"debug","message":"Query: SELECT SUM(\"public\".\"ai_interview_feedbacks\".\"overallScore\"), \"public\".\"ai_interview_feedbacks\".\"userId\" FROM \"public\".\"ai_interview_feedbacks\" LEFT JOIN \"public\".\"users\" AS \"j1\" ON (\"j1\".\"id\") = (\"public\".\"ai_interview_feedbacks\".\"userId\") WHERE (\"j1\".\"instituteId\" = $1 AND (\"j1\".\"id\" IS NOT NULL)) GROUP BY \"public\".\"ai_interview_feedbacks\".\"userId\" OFFSET $2","service":"preplyte-api","timestamp":"2026-02-18 11:48:48"}
{"level":"debug","message":"Params: [\"c1d2e3f4g5h6i7j8k9l0\",0]","service":"preplyte-api","timestamp":"2026-02-18 11:48:48"}
{"level":"debug","message":"Duration: 2ms","service":"preplyte-api","timestamp":"2026-02-18 11:48:48"}
{"level":"debug","message":"Query: SELECT SUM(\"public\".\"aptitude_practice_sessions\".\"totalCorrect\"), \"public\".\"aptitude_practice_sessions\".\"userId\" FROM \"public\".\"aptitude_practice_sessions\" LEFT JOIN \"public\".\"users\" AS \"j1\" ON (\"j1\".\"id\") = (\"public\".\"aptitude_practice_sessions\".\"userId\") WHERE (\"public\".\"aptitude_practice_sessions\".\"completedAt\" IS NOT NULL AND (\"j1\".\"instituteId\" = $1 AND (\"j1\".\"id\" IS NOT NULL))) GROUP BY \"public\".\"aptitude_practice_sessions\".\"userId\" OFFSET $2","service":"preplyte-api","timestamp":"2026-02-18 11:48:48"}
{"level":"debug","message":"Params: [\"c1d2e3f4g5h6i7j8k9l0\",0]","service":"preplyte-api","timestamp":"2026-02-18 11:48:48"}
{"level":"debug","message":"Duration: 2ms","service":"preplyte-api","timestamp":"2026-02-18 11:48:48"}
{"level":"debug","message":"Query: SELECT SUM(\"public\".\"machine_practice_sessions\".\"totalSolved\"), \"public\".\"machine_practice_sessions\".\"userId\" FROM \"public\".\"machine_practice_sessions\" LEFT JOIN \"public\".\"users\" AS \"j1\" ON (\"j1\".\"id\") = (\"public\".\"machine_practice_sessions\".\"userId\") WHERE (\"public\".\"machine_practice_sessions\".\"completedAt\" IS NOT NULL AND (\"j1\".\"instituteId\" = $1 AND (\"j1\".\"id\" IS NOT NULL))) GROUP BY \"public\".\"machine_practice_sessions\".\"userId\" OFFSET $2","service":"preplyte-api","timestamp":"2026-02-18 11:48:48"}
{"level":"debug","message":"Params: [\"c1d2e3f4g5h6i7j8k9l0\",0]","service":"preplyte-api","timestamp":"2026-02-18 11:48:48"}
{"level":"debug","message":"Duration: 9ms","service":"preplyte-api","timestamp":"2026-02-18 11:48:48"}
{"level":"debug","message":"Query: SELECT SUM(\"public\".\"mock_drive_attempts\".\"totalScore\"), \"public\".\"mock_drive_attempts\".\"userId\" FROM \"public\".\"mock_drive_attempts\" LEFT JOIN \"public\".\"users\" AS \"j1\" ON (\"j1\".\"id\") = (\"public\".\"mock_drive_attempts\".\"userId\") WHERE (\"public\".\"mock_drive_attempts\".\"status\" IN (CAST($1::text AS \"public\".\"MockDriveAttemptStatus\"),CAST($2::text AS \"public\".\"MockDriveAttemptStatus\")) AND (\"j1\".\"instituteId\" = $3 AND (\"j1\".\"id\" IS NOT NULL))) GROUP BY \"public\".\"mock_drive_attempts\".\"userId\" OFFSET $4","service":"preplyte-api","timestamp":"2026-02-18 11:48:48"}
{"level":"debug","message":"Params: [\"COMPLETED\",\"TIMED_OUT\",\"c1d2e3f4g5h6i7j8k9l0\",0]","service":"preplyte-api","timestamp":"2026-02-18 11:48:48"}
{"level":"debug","message":"Duration: 19ms","service":"preplyte-api","timestamp":"2026-02-18 11:48:48"}
{"level":"debug","message":"Query: SELECT \"public\".\"users\".\"id\", \"public\".\"users\".\"name\", \"public\".\"users\".\"profilePictureUrl\", \"public\".\"users\".\"instituteId\" FROM \"public\".\"users\" WHERE \"public\".\"users\".\"id\" IN ($1) OFFSET $2","service":"preplyte-api","timestamp":"2026-02-18 11:48:48"}
{"level":"debug","message":"Params: [\"cmlq4h9or004p9qehngr7b15o\",0]","service":"preplyte-api","timestamp":"2026-02-18 11:48:48"}
{"level":"debug","message":"Duration: 1ms","service":"preplyte-api","timestamp":"2026-02-18 11:48:48"}
{"level":"debug","message":"Query: SELECT \"public\".\"student_profiles\".\"id\", \"public\".\"student_profiles\".\"fullName\", \"public\".\"student_profiles\".\"departmentId\", \"public\".\"student_profiles\".\"userId\" FROM \"public\".\"student_profiles\" WHERE \"public\".\"student_profiles\".\"userId\" IN ($1) OFFSET $2","service":"preplyte-api","timestamp":"2026-02-18 11:48:48"}
{"level":"debug","message":"Params: [\"cmlq4h9or004p9qehngr7b15o\",0]","service":"preplyte-api","timestamp":"2026-02-18 11:48:48"}
{"level":"debug","message":"Duration: 14ms","service":"preplyte-api","timestamp":"2026-02-18 11:48:48"}
{"level":"debug","message":"Query: SELECT \"public\".\"departments\".\"id\", \"public\".\"departments\".\"name\" FROM \"public\".\"departments\" WHERE \"public\".\"departments\".\"id\" IN ($1) OFFSET $2","service":"preplyte-api","timestamp":"2026-02-18 11:48:48"}
{"level":"debug","message":"Params: [\"cmlq8n2sa0001s9ls3j4u6ytv\",0]","service":"preplyte-api","timestamp":"2026-02-18 11:48:48"}
{"level":"debug","message":"Duration: 12ms","service":"preplyte-api","timestamp":"2026-02-18 11:48:48"}
{"level":"debug","message":"Query: SELECT \"public\".\"institutes\".\"id\", \"public\".\"institutes\".\"name\" FROM \"public\".\"institutes\" WHERE \"public\".\"institutes\".\"id\" IN ($1) OFFSET $2","service":"preplyte-api","timestamp":"2026-02-18 11:48:48"}
{"level":"debug","message":"Params: [\"c1d2e3f4g5h6i7j8k9l0\",0]","service":"preplyte-api","timestamp":"2026-02-18 11:48:48"}
{"level":"debug","message":"Duration: 8ms","service":"preplyte-api","timestamp":"2026-02-18 11:48:48"}
{"level":"debug","message":"Query: SELECT SUM(\"totalSolved\") FROM (SELECT \"public\".\"machine_practice_sessions\".\"totalSolved\" FROM \"public\".\"machine_practice_sessions\" WHERE (\"public\".\"machine_practice_sessions\".\"userId\" = $1 AND \"public\".\"machine_practice_sessions\".\"completedAt\" IS NOT NULL) OFFSET $2) AS \"sub\"","service":"preplyte-api","timestamp":"2026-02-18 11:48:48"}
{"level":"debug","message":"Params: [\"cmlq4h9or004p9qehngr7b15o\",0]","service":"preplyte-api","timestamp":"2026-02-18 11:48:48"}
{"level":"debug","message":"Duration: 1ms","service":"preplyte-api","timestamp":"2026-02-18 11:48:48"}
{"level":"debug","message":"Query: SELECT SUM(\"totalScore\") FROM (SELECT \"public\".\"mock_drive_attempts\".\"totalScore\" FROM \"public\".\"mock_drive_attempts\" WHERE (\"public\".\"mock_drive_attempts\".\"userId\" = $1 AND \"public\".\"mock_drive_attempts\".\"status\" IN (CAST($2::text AS \"public\".\"MockDriveAttemptStatus\"),CAST($3::text AS \"public\".\"MockDriveAttemptStatus\"))) OFFSET $4) AS \"sub\"","service":"preplyte-api","timestamp":"2026-02-18 11:48:48"}
{"level":"debug","message":"Params: [\"cmlq4h9or004p9qehngr7b15o\",\"COMPLETED\",\"TIMED_OUT\",0]","service":"preplyte-api","timestamp":"2026-02-18 11:48:48"}
{"level":"debug","message":"Duration: 1ms","service":"preplyte-api","timestamp":"2026-02-18 11:48:48"}
{"level":"debug","message":"Query: SELECT SUM(\"overallScore\") FROM (SELECT \"public\".\"ai_interview_feedbacks\".\"overallScore\" FROM \"public\".\"ai_interview_feedbacks\" WHERE \"public\".\"ai_interview_feedbacks\".\"userId\" = $1 OFFSET $2) AS \"sub\"","service":"preplyte-api","timestamp":"2026-02-18 11:48:48"}
{"level":"debug","message":"Params: [\"cmlq4h9or004p9qehngr7b15o\",0]","service":"preplyte-api","timestamp":"2026-02-18 11:48:48"}
{"level":"debug","message":"Duration: 1ms","service":"preplyte-api","timestamp":"2026-02-18 11:48:48"}
{"level":"debug","message":"Query: SELECT SUM(\"totalPointsEarned\") FROM (SELECT \"public\".\"lms_enrollments\".\"totalPointsEarned\" FROM \"public\".\"lms_enrollments\" WHERE \"public\".\"lms_enrollments\".\"userId\" = $1 OFFSET $2) AS \"sub\"","service":"preplyte-api","timestamp":"2026-02-18 11:48:48"}
{"level":"debug","message":"Params: [\"cmlq4h9or004p9qehngr7b15o\",0]","service":"preplyte-api","timestamp":"2026-02-18 11:48:48"}
{"level":"debug","message":"Duration: 2ms","service":"preplyte-api","timestamp":"2026-02-18 11:48:48"}
{"level":"debug","message":"Query: SELECT SUM(\"totalCorrect\") FROM (SELECT \"public\".\"aptitude_practice_sessions\".\"totalCorrect\" FROM \"public\".\"aptitude_practice_sessions\" WHERE (\"public\".\"aptitude_practice_sessions\".\"userId\" = $1 AND \"public\".\"aptitude_practice_sessions\".\"completedAt\" IS NOT NULL) OFFSET $2) AS \"sub\"","service":"preplyte-api","timestamp":"2026-02-18 11:48:48"}
{"level":"debug","message":"Params: [\"cmlq4h9or004p9qehngr7b15o\",0]","service":"preplyte-api","timestamp":"2026-02-18 11:48:48"}
{"level":"debug","message":"Duration: 7ms","service":"preplyte-api","timestamp":"2026-02-18 11:48:48"}
{"level":"info","message":"\u001b[0mGET /api/leaderboard?scope=institute&category=overall&page=1&limit=20 \u001b[32m200\u001b[0m 120.661 ms - 718\u001b[0m","service":"preplyte-api","timestamp":"2026-02-18 11:48:48"}
{"level":"debug","message":"Query: SELECT \"public\".\"users\".\"id\", \"public\".\"users\".\"email\", \"public\".\"users\".\"role\"::text, \"public\".\"users\".\"instituteId\", \"public\".\"users\".\"isActive\", \"public\".\"users\".\"tokenVersion\" FROM \"public\".\"users\" WHERE (\"public\".\"users\".\"id\" = $1 AND 1=1) LIMIT $2 OFFSET $3","service":"preplyte-api","timestamp":"2026-02-18 11:48:49"}
{"level":"debug","message":"Params: [\"cmlq4h9or004p9qehngr7b15o\",1,0]","service":"preplyte-api","timestamp":"2026-02-18 11:48:49"}
{"level":"debug","message":"Duration: 1ms","service":"preplyte-api","timestamp":"2026-02-18 11:48:49"}
{"category":"overall","level":"info","limit":20,"message":"[LeaderboardService] Fetching leaderboard","page":1,"scope":"global","service":"preplyte-api","timestamp":"2026-02-18 11:48:49","userId":"cmlq4h9or004p9qehngr7b15o"}
{"level":"debug","message":"Query: SELECT SUM(\"public\".\"lms_enrollments\".\"totalPointsEarned\"), \"public\".\"lms_enrollments\".\"userId\" FROM \"public\".\"lms_enrollments\" WHERE 1=1 GROUP BY \"public\".\"lms_enrollments\".\"userId\" OFFSET $1","service":"preplyte-api","timestamp":"2026-02-18 11:48:49"}
{"level":"debug","message":"Params: [0]","service":"preplyte-api","timestamp":"2026-02-18 11:48:49"}
{"level":"debug","message":"Duration: 1ms","service":"preplyte-api","timestamp":"2026-02-18 11:48:49"}
{"level":"debug","message":"Query: SELECT SUM(\"public\".\"ai_interview_feedbacks\".\"overallScore\"), \"public\".\"ai_interview_feedbacks\".\"userId\" FROM \"public\".\"ai_interview_feedbacks\" WHERE 1=1 GROUP BY \"public\".\"ai_interview_feedbacks\".\"userId\" OFFSET $1","service":"preplyte-api","timestamp":"2026-02-18 11:48:49"}
{"level":"debug","message":"Params: [0]","service":"preplyte-api","timestamp":"2026-02-18 11:48:49"}
{"level":"debug","message":"Duration: 0ms","service":"preplyte-api","timestamp":"2026-02-18 11:48:49"}
{"level":"debug","message":"Query: SELECT SUM(\"public\".\"aptitude_practice_sessions\".\"totalCorrect\"), \"public\".\"aptitude_practice_sessions\".\"userId\" FROM \"public\".\"aptitude_practice_sessions\" WHERE \"public\".\"aptitude_practice_sessions\".\"completedAt\" IS NOT NULL GROUP BY \"public\".\"aptitude_practice_sessions\".\"userId\" OFFSET $1","service":"preplyte-api","timestamp":"2026-02-18 11:48:49"}
{"level":"debug","message":"Params: [0]","service":"preplyte-api","timestamp":"2026-02-18 11:48:49"}
{"level":"debug","message":"Duration: 1ms","service":"preplyte-api","timestamp":"2026-02-18 11:48:49"}
{"level":"debug","message":"Query: SELECT SUM(\"public\".\"machine_practice_sessions\".\"totalSolved\"), \"public\".\"machine_practice_sessions\".\"userId\" FROM \"public\".\"machine_practice_sessions\" WHERE \"public\".\"machine_practice_sessions\".\"completedAt\" IS NOT NULL GROUP BY \"public\".\"machine_practice_sessions\".\"userId\" OFFSET $1","service":"preplyte-api","timestamp":"2026-02-18 11:48:49"}
{"level":"debug","message":"Params: [0]","service":"preplyte-api","timestamp":"2026-02-18 11:48:49"}
{"level":"debug","message":"Duration: 1ms","service":"preplyte-api","timestamp":"2026-02-18 11:48:49"}
{"level":"debug","message":"Query: SELECT SUM(\"public\".\"mock_drive_attempts\".\"totalScore\"), \"public\".\"mock_drive_attempts\".\"userId\" FROM \"public\".\"mock_drive_attempts\" WHERE \"public\".\"mock_drive_attempts\".\"status\" IN (CAST($1::text AS \"public\".\"MockDriveAttemptStatus\"),CAST($2::text AS \"public\".\"MockDriveAttemptStatus\")) GROUP BY \"public\".\"mock_drive_attempts\".\"userId\" OFFSET $3","service":"preplyte-api","timestamp":"2026-02-18 11:48:49"}
{"level":"debug","message":"Params: [\"COMPLETED\",\"TIMED_OUT\",0]","service":"preplyte-api","timestamp":"2026-02-18 11:48:49"}
{"level":"debug","message":"Duration: 1ms","service":"preplyte-api","timestamp":"2026-02-18 11:48:49"}
{"level":"debug","message":"Query: SELECT \"public\".\"users\".\"id\", \"public\".\"users\".\"name\", \"public\".\"users\".\"profilePictureUrl\", \"public\".\"users\".\"instituteId\" FROM \"public\".\"users\" WHERE \"public\".\"users\".\"id\" IN ($1) OFFSET $2","service":"preplyte-api","timestamp":"2026-02-18 11:48:49"}
{"level":"debug","message":"Params: [\"cmlq4h9or004p9qehngr7b15o\",0]","service":"preplyte-api","timestamp":"2026-02-18 11:48:49"}
{"level":"debug","message":"Duration: 0ms","service":"preplyte-api","timestamp":"2026-02-18 11:48:49"}
{"level":"debug","message":"Query: SELECT \"public\".\"student_profiles\".\"id\", \"public\".\"student_profiles\".\"fullName\", \"public\".\"student_profiles\".\"departmentId\", \"public\".\"student_profiles\".\"userId\" FROM \"public\".\"student_profiles\" WHERE \"public\".\"student_profiles\".\"userId\" IN ($1) OFFSET $2","service":"preplyte-api","timestamp":"2026-02-18 11:48:49"}
{"level":"debug","message":"Params: [\"cmlq4h9or004p9qehngr7b15o\",0]","service":"preplyte-api","timestamp":"2026-02-18 11:48:49"}
{"level":"debug","message":"Duration: 0ms","service":"preplyte-api","timestamp":"2026-02-18 11:48:49"}
{"level":"debug","message":"Query: SELECT \"public\".\"departments\".\"id\", \"public\".\"departments\".\"name\" FROM \"public\".\"departments\" WHERE \"public\".\"departments\".\"id\" IN ($1) OFFSET $2","service":"preplyte-api","timestamp":"2026-02-18 11:48:49"}
{"level":"debug","message":"Params: [\"cmlq8n2sa0001s9ls3j4u6ytv\",0]","service":"preplyte-api","timestamp":"2026-02-18 11:48:49"}
{"level":"debug","message":"Duration: 0ms","service":"preplyte-api","timestamp":"2026-02-18 11:48:49"}
{"level":"debug","message":"Query: SELECT \"public\".\"institutes\".\"id\", \"public\".\"institutes\".\"name\" FROM \"public\".\"institutes\" WHERE \"public\".\"institutes\".\"id\" IN ($1) OFFSET $2","service":"preplyte-api","timestamp":"2026-02-18 11:48:49"}
{"level":"debug","message":"Params: [\"c1d2e3f4g5h6i7j8k9l0\",0]","service":"preplyte-api","timestamp":"2026-02-18 11:48:49"}
{"level":"debug","message":"Duration: 0ms","service":"preplyte-api","timestamp":"2026-02-18 11:48:49"}
{"level":"debug","message":"Query: SELECT SUM(\"totalPointsEarned\") FROM (SELECT \"public\".\"lms_enrollments\".\"totalPointsEarned\" FROM \"public\".\"lms_enrollments\" WHERE \"public\".\"lms_enrollments\".\"userId\" = $1 OFFSET $2) AS \"sub\"","service":"preplyte-api","timestamp":"2026-02-18 11:48:49"}
{"level":"debug","message":"Params: [\"cmlq4h9or004p9qehngr7b15o\",0]","service":"preplyte-api","timestamp":"2026-02-18 11:48:49"}
{"level":"debug","message":"Duration: 1ms","service":"preplyte-api","timestamp":"2026-02-18 11:48:49"}
{"level":"debug","message":"Query: SELECT SUM(\"totalCorrect\") FROM (SELECT \"public\".\"aptitude_practice_sessions\".\"totalCorrect\" FROM \"public\".\"aptitude_practice_sessions\" WHERE (\"public\".\"aptitude_practice_sessions\".\"userId\" = $1 AND \"public\".\"aptitude_practice_sessions\".\"completedAt\" IS NOT NULL) OFFSET $2) AS \"sub\"","service":"preplyte-api","timestamp":"2026-02-18 11:48:49"}
{"level":"debug","message":"Params: [\"cmlq4h9or004p9qehngr7b15o\",0]","service":"preplyte-api","timestamp":"2026-02-18 11:48:49"}
{"level":"debug","message":"Duration: 1ms","service":"preplyte-api","timestamp":"2026-02-18 11:48:49"}
{"level":"debug","message":"Query: SELECT SUM(\"overallScore\") FROM (SELECT \"public\".\"ai_interview_feedbacks\".\"overallScore\" FROM \"public\".\"ai_interview_feedbacks\" WHERE \"public\".\"ai_interview_feedbacks\".\"userId\" = $1 OFFSET $2) AS \"sub\"","service":"preplyte-api","timestamp":"2026-02-18 11:48:49"}
{"level":"debug","message":"Params: [\"cmlq4h9or004p9qehngr7b15o\",0]","service":"preplyte-api","timestamp":"2026-02-18 11:48:49"}
{"level":"debug","message":"Duration: 1ms","service":"preplyte-api","timestamp":"2026-02-18 11:48:49"}
{"level":"debug","message":"Query: SELECT SUM(\"totalSolved\") FROM (SELECT \"public\".\"machine_practice_sessions\".\"totalSolved\" FROM \"public\".\"machine_practice_sessions\" WHERE (\"public\".\"machine_practice_sessions\".\"userId\" = $1 AND \"public\".\"machine_practice_sessions\".\"completedAt\" IS NOT NULL) OFFSET $2) AS \"sub\"","service":"preplyte-api","timestamp":"2026-02-18 11:48:49"}
{"level":"debug","message":"Params: [\"cmlq4h9or004p9qehngr7b15o\",0]","service":"preplyte-api","timestamp":"2026-02-18 11:48:49"}
{"level":"debug","message":"Duration: 1ms","service":"preplyte-api","timestamp":"2026-02-18 11:48:49"}
{"level":"debug","message":"Query: SELECT SUM(\"totalScore\") FROM (SELECT \"public\".\"mock_drive_attempts\".\"totalScore\" FROM \"public\".\"mock_drive_attempts\" WHERE (\"public\".\"mock_drive_attempts\".\"userId\" = $1 AND \"public\".\"mock_drive_attempts\".\"status\" IN (CAST($2::text AS \"public\".\"MockDriveAttemptStatus\"),CAST($3::text AS \"public\".\"MockDriveAttemptStatus\"))) OFFSET $4) AS \"sub\"","service":"preplyte-api","timestamp":"2026-02-18 11:48:49"}
{"level":"debug","message":"Params: [\"cmlq4h9or004p9qehngr7b15o\",\"COMPLETED\",\"TIMED_OUT\",0]","service":"preplyte-api","timestamp":"2026-02-18 11:48:49"}
{"level":"debug","message":"Duration: 14ms","service":"preplyte-api","timestamp":"2026-02-18 11:48:49"}
{"level":"info","message":"\u001b[0mGET /api/leaderboard?scope=global&category=overall&page=1&limit=20 \u001b[32m200\u001b[0m 73.151 ms - 715\u001b[0m","service":"preplyte-api","timestamp":"2026-02-18 11:48:49"}
{"baseURL":"https://judge0-ce.p.rapidapi.com","level":"info","message":"Judge0 client initialized","service":"preplyte-api","timestamp":"2026-02-18 11:58:27","useRapidAPI":true}
{"level":"info","message":"[TTS] Using Deepgram for text-to-speech","service":"preplyte-api","timestamp":"2026-02-18 11:58:28"}
{"keyLength":39,"keyPrefix":"AIzaSyC7yj...","level":"info","message":"Gemini API Key loaded:","service":"preplyte-api","timestamp":"2026-02-18 11:58:28"}
{"environment":"development","host":"0.0.0.0","level":"info","message":"Starting server...","port":4000,"service":"preplyte-api","timestamp":"2026-02-18 11:58:28"}
{"level":"info","message":"Checking database connection...","service":"preplyte-api","timestamp":"2026-02-18 11:58:28"}
{"level":"debug","message":"Query: SELECT 1","service":"preplyte-api","timestamp":"2026-02-18 11:58:28"}
{"level":"debug","message":"Params: []","service":"preplyte-api","timestamp":"2026-02-18 11:58:28"}
{"level":"debug","message":"Duration: 0ms","service":"preplyte-api","timestamp":"2026-02-18 11:58:28"}
{"level":"info","message":"✅ Database connected successfully","service":"preplyte-api","timestamp":"2026-02-18 11:58:28"}
{"level":"info","message":"[WS Gateway] WebSocket server initialized","path":"/ws/interview/:sessionId","service":"preplyte-api","timestamp":"2026-02-18 11:58:28"}
{"api":"http://localhost:4000/api","environment":"development","health":"http://localhost:4000/health","host":"0.0.0.0","level":"info","message":"🚀 Server running","port":4000,"service":"preplyte-api","timestamp":"2026-02-18 11:58:28","websocket":"ws://localhost:4000/ws/interview/:sessionId"}
{"intervalHours":24,"level":"info","message":"Starting token cleanup scheduler","service":"preplyte-api","timestamp":"2026-02-18 11:58:28"}
{"level":"info","message":"Starting token cleanup job","service":"preplyte-api","timestamp":"2026-02-18 11:58:28"}
{"level":"debug","message":"Query: DELETE FROM \"public\".\"refresh_tokens\" WHERE (\"public\".\"refresh_tokens\".\"expiresAt\" < $1 OR \"public\".\"refresh_tokens\".\"revokedAt\" < $2)","service":"preplyte-api","timestamp":"2026-02-18 11:58:28"}
{"level":"debug","message":"Params: [\"2026-02-18 06:28:28.712 UTC\",\"2026-02-11 06:28:28.712 UTC\"]","service":"preplyte-api","timestamp":"2026-02-18 11:58:28"}
{"level":"debug","message":"Duration: 3ms","service":"preplyte-api","timestamp":"2026-02-18 11:58:28"}
{"count":0,"level":"info","message":"Cleaned up expired tokens","service":"preplyte-api","timestamp":"2026-02-18 11:58:28"}
{"level":"info","message":"Token cleanup completed","service":"preplyte-api","timestamp":"2026-02-18 11:58:28","tokensRemoved":0}
{"level":"debug","message":"Query: SELECT 1","service":"preplyte-api","timestamp":"2026-02-18 11:58:55"}
{"level":"debug","message":"Params: []","service":"preplyte-api","timestamp":"2026-02-18 11:58:55"}
{"level":"debug","message":"Duration: 0ms","service":"preplyte-api","timestamp":"2026-02-18 11:58:55"}
{"level":"debug","message":"Query: SELECT \"public\".\"users\".\"id\", \"public\".\"users\".\"email\", \"public\".\"users\".\"role\"::text, \"public\".\"users\".\"instituteId\", \"public\".\"users\".\"isActive\", \"public\".\"users\".\"tokenVersion\" FROM \"public\".\"users\" WHERE (\"public\".\"users\".\"id\" = $1 AND 1=1) LIMIT $2 OFFSET $3","service":"preplyte-api","timestamp":"2026-02-18 11:58:55"}
{"level":"debug","message":"Params: [\"cmlq4h9or004p9qehngr7b15o\",1,0]","service":"preplyte-api","timestamp":"2026-02-18 11:58:55"}
{"level":"debug","message":"Duration: 7ms","service":"preplyte-api","timestamp":"2026-02-18 11:58:55"}
{"level":"debug","message":"Query: SELECT \"public\".\"UserResume\".\"id\", \"public\".\"UserResume\".\"userId\", \"public\".\"UserResume\".\"templateId\", \"public\".\"UserResume\".\"title\", \"public\".\"UserResume\".\"slug\", \"public\".\"UserResume\".\"personalInfo\", \"public\".\"UserResume\".\"summary\", \"public\".\"UserResume\".\"experience\", \"public\".\"UserResume\".\"education\", \"public\".\"UserResume\".\"skills\", \"public\".\"UserResume\".\"projects\", \"public\".\"UserResume\".\"certifications\", \"public\".\"UserResume\".\"languages\", \"public\".\"UserResume\".\"achievements\", \"public\".\"UserResume\".\"customSections\", \"public\".\"UserResume\".\"sectionOrder\", \"public\".\"UserResume\".\"hiddenSections\", \"public\".\"UserResume\".\"customStyles\", \"public\".\"UserResume\".\"colorScheme\", \"public\".\"UserResume\".\"fontFamily\", \"public\".\"UserResume\".\"isComplete\", \"public\".\"UserResume\".\"lastAtsScore\", \"public\".\"UserResume\".\"createdAt\", \"public\".\"UserResume\".\"updatedAt\" FROM \"public\".\"UserResume\" WHERE \"public\".\"UserResume\".\"userId\" = $1 ORDER BY \"public\".\"UserResume\".\"updatedAt\" DESC LIMIT $2 OFFSET $3","service":"preplyte-api","timestamp":"2026-02-18 11:58:55"}
{"level":"debug","message":"Params: [\"cmlq4h9or004p9qehngr7b15o\",10,0]","service":"preplyte-api","timestamp":"2026-02-18 11:58:55"}
{"level":"debug","message":"Duration: 4ms","service":"preplyte-api","timestamp":"2026-02-18 11:58:55"}
{"level":"debug","message":"Query: SELECT COUNT(*) FROM (SELECT \"public\".\"UserResume\".\"id\" FROM \"public\".\"UserResume\" WHERE \"public\".\"UserResume\".\"userId\" = $1 OFFSET $2) AS \"sub\"","service":"preplyte-api","timestamp":"2026-02-18 11:58:55"}
{"level":"debug","message":"Params: [\"cmlq4h9or004p9qehngr7b15o\",0]","service":"preplyte-api","timestamp":"2026-02-18 11:58:55"}
{"level":"debug","message":"Duration: 3ms","service":"preplyte-api","timestamp":"2026-02-18 11:58:55"}
{"level":"info","message":"\u001b[0mGET /api/resume-builder \u001b[32m200\u001b[0m 80.186 ms - 115\u001b[0m","service":"preplyte-api","timestamp":"2026-02-18 11:58:55"}
{"level":"debug","message":"Query: SELECT 1","service":"preplyte-api","timestamp":"2026-02-18 12:00:27"}
{"level":"debug","message":"Params: []","service":"preplyte-api","timestamp":"2026-02-18 12:00:27"}
{"level":"debug","message":"Duration: 0ms","service":"preplyte-api","timestamp":"2026-02-18 12:00:27"}
{"level":"debug","message":"Query: SELECT \"public\".\"users\".\"id\", \"public\".\"users\".\"email\", \"public\".\"users\".\"role\"::text, \"public\".\"users\".\"instituteId\", \"public\".\"users\".\"isActive\", \"public\".\"users\".\"tokenVersion\" FROM \"public\".\"users\" WHERE (\"public\".\"users\".\"id\" = $1 AND 1=1) LIMIT $2 OFFSET $3","service":"preplyte-api","timestamp":"2026-02-18 12:00:27"}
{"level":"debug","message":"Params: [\"cmlq4h9or004p9qehngr7b15o\",1,0]","service":"preplyte-api","timestamp":"2026-02-18 12:00:27"}
{"level":"debug","message":"Duration: 12ms","service":"preplyte-api","timestamp":"2026-02-18 12:00:27"}
{"level":"info","message":"\u001b[0mPOST /api/resume-builder/ats-check \u001b[32m200\u001b[0m 21030.196 ms - -\u001b[0m","service":"preplyte-api","timestamp":"2026-02-18 12:00:48"}
{"level":"info","message":"\u001b[0mPOST /api/resume-builder/ats-check \u001b[33m401\u001b[0m 3.664 ms - 108\u001b[0m","service":"preplyte-api","timestamp":"2026-02-18 12:03:05"}
{"level":"debug","message":"Query: SELECT 1","service":"preplyte-api","timestamp":"2026-02-18 12:03:06"}
{"level":"debug","message":"Params: []","service":"preplyte-api","timestamp":"2026-02-18 12:03:06"}
{"level":"debug","message":"Duration: 0ms","service":"preplyte-api","timestamp":"2026-02-18 12:03:06"}
{"level":"debug","message":"Query: SELECT \"public\".\"refresh_tokens\".\"id\", \"public\".\"refresh_tokens\".\"token\", \"public\".\"refresh_tokens\".\"userId\", \"public\".\"refresh_tokens\".\"expiresAt\", \"public\".\"refresh_tokens\".\"revokedAt\", \"public\".\"refresh_tokens\".\"userAgent\", \"public\".\"refresh_tokens\".\"ipAddress\", \"public\".\"refresh_tokens\".\"createdAt\" FROM \"public\".\"refresh_tokens\" WHERE (\"public\".\"refresh_tokens\".\"token\" = $1 AND \"public\".\"refresh_tokens\".\"userId\" = $2) LIMIT $3 OFFSET $4","service":"preplyte-api","timestamp":"2026-02-18 12:03:06"}
{"level":"debug","message":"Params: [\"785fed78ad0e47f73e9f0ed712ecfcca8259e613c5c3bc4667851df9f6c1d4f3\",\"cmlq4h9or004p9qehngr7b15o\",1,0]","service":"preplyte-api","timestamp":"2026-02-18 12:03:06"}
{"level":"debug","message":"Duration: 6ms","service":"preplyte-api","timestamp":"2026-02-18 12:03:06"}
{"level":"debug","message":"Query: SELECT \"public\".\"users\".\"id\", \"public\".\"users\".\"email\", \"public\".\"users\".\"password\", \"public\".\"users\".\"name\", \"public\".\"users\".\"role\"::text, \"public\".\"users\".\"isActive\", \"public\".\"users\".\"instituteId\", \"public\".\"users\".\"profilePictureUrl\", \"public\".\"users\".\"googleId\", \"public\".\"users\".\"provider\", \"public\".\"users\".\"avatar\", \"public\".\"users\".\"createdAt\", \"public\".\"users\".\"updatedAt\", \"public\".\"users\".\"lastLoginAt\", \"public\".\"users\".\"tokenVersion\" FROM \"public\".\"users\" WHERE (\"public\".\"users\".\"id\" = $1 AND 1=1) LIMIT $2 OFFSET $3","service":"preplyte-api","timestamp":"2026-02-18 12:03:06"}
{"level":"debug","message":"Params: [\"cmlq4h9or004p9qehngr7b15o\",1,0]","service":"preplyte-api","timestamp":"2026-02-18 12:03:06"}
{"level":"debug","message":"Duration: 2ms","service":"preplyte-api","timestamp":"2026-02-18 12:03:06"}
{"level":"debug","message":"Query: SELECT \"public\".\"institutes\".\"id\", \"public\".\"institutes\".\"name\", \"public\".\"institutes\".\"domain\", \"public\".\"institutes\".\"isActive\" FROM \"public\".\"institutes\" WHERE \"public\".\"institutes\".\"id\" IN ($1) OFFSET $2","service":"preplyte-api","timestamp":"2026-02-18 12:03:06"}
{"level":"debug","message":"Params: [\"c1d2e3f4g5h6i7j8k9l0\",0]","service":"preplyte-api","timestamp":"2026-02-18 12:03:06"}
{"level":"debug","message":"Duration: 7ms","service":"preplyte-api","timestamp":"2026-02-18 12:03:06"}
{"level":"debug","message":"Query: BEGIN","service":"preplyte-api","timestamp":"2026-02-18 12:03:06"}
{"level":"debug","message":"Params: []","service":"preplyte-api","timestamp":"2026-02-18 12:03:06"}
{"level":"debug","message":"Duration: 0ms","service":"preplyte-api","timestamp":"2026-02-18 12:03:06"}
{"level":"debug","message":"Query: UPDATE \"public\".\"refresh_tokens\" SET \"revokedAt\" = $1 WHERE (\"public\".\"refresh_tokens\".\"id\" = $2 AND 1=1) RETURNING \"public\".\"refresh_tokens\".\"id\", \"public\".\"refresh_tokens\".\"token\", \"public\".\"refresh_tokens\".\"userId\", \"public\".\"refresh_tokens\".\"expiresAt\", \"public\".\"refresh_tokens\".\"revokedAt\", \"public\".\"refresh_tokens\".\"userAgent\", \"public\".\"refresh_tokens\".\"ipAddress\", \"public\".\"refresh_tokens\".\"createdAt\"","service":"preplyte-api","timestamp":"2026-02-18 12:03:06"}
{"level":"debug","message":"Params: [\"2026-02-18 06:33:06.230 UTC\",\"cmlrn40eh0001p94nq1rx4rfx\"]","service":"preplyte-api","timestamp":"2026-02-18 12:03:06"}
{"level":"debug","message":"Duration: 2ms","service":"preplyte-api","timestamp":"2026-02-18 12:03:06"}
{"level":"debug","message":"Query: INSERT INTO \"public\".\"refresh_tokens\" (\"id\",\"token\",\"userId\",\"expiresAt\",\"createdAt\") VALUES ($1,$2,$3,$4,$5) RETURNING \"public\".\"refresh_tokens\".\"id\", \"public\".\"refresh_tokens\".\"token\", \"public\".\"refresh_tokens\".\"userId\", \"public\".\"refresh_tokens\".\"expiresAt\", \"public\".\"refresh_tokens\".\"revokedAt\", \"public\".\"refresh_tokens\".\"userAgent\", \"public\".\"refresh_tokens\".\"ipAddress\", \"public\".\"refresh_tokens\".\"createdAt\"","service":"preplyte-api","timestamp":"2026-02-18 12:03:06"}
{"level":"debug","message":"Params: [\"cmlrno79d0001z1aigukjl8hn\",\"823af156454b799e7eebf99c44932b3fb42004c3ab6fefb8cc01554af672c502\",\"cmlq4h9or004p9qehngr7b15o\",\"2026-02-25 06:33:06.230 UTC\",\"2026-02-18 06:33:06.239 UTC\"]","service":"preplyte-api","timestamp":"2026-02-18 12:03:06"}
{"level":"debug","message":"Duration: 2ms","service":"preplyte-api","timestamp":"2026-02-18 12:03:06"}
{"level":"debug","message":"Query: COMMIT","service":"preplyte-api","timestamp":"2026-02-18 12:03:06"}
{"level":"debug","message":"Params: []","service":"preplyte-api","timestamp":"2026-02-18 12:03:06"}
{"level":"debug","message":"Duration: 1ms","service":"preplyte-api","timestamp":"2026-02-18 12:03:06"}
{"level":"info","message":"Token refreshed successfully","service":"preplyte-api","timestamp":"2026-02-18 12:03:06","userId":"cmlq4h9or004p9qehngr7b15o"}
{"level":"info","message":"\u001b[0mPOST /api/auth/refresh \u001b[32m200\u001b[0m 103.688 ms - -\u001b[0m","service":"preplyte-api","timestamp":"2026-02-18 12:03:06"}
{"level":"debug","message":"Query: SELECT \"public\".\"users\".\"id\", \"public\".\"users\".\"email\", \"public\".\"users\".\"role\"::text, \"public\".\"users\".\"instituteId\", \"public\".\"users\".\"isActive\", \"public\".\"users\".\"tokenVersion\" FROM \"public\".\"users\" WHERE (\"public\".\"users\".\"id\" = $1 AND 1=1) LIMIT $2 OFFSET $3","service":"preplyte-api","timestamp":"2026-02-18 12:03:06"}
{"level":"debug","message":"Params: [\"cmlq4h9or004p9qehngr7b15o\",1,0]","service":"preplyte-api","timestamp":"2026-02-18 12:03:06"}
{"level":"debug","message":"Duration: 0ms","service":"preplyte-api","timestamp":"2026-02-18 12:03:06"}
{"level":"info","message":"\u001b[0mPOST /api/resume-builder/ats-check \u001b[32m200\u001b[0m 9629.837 ms - -\u001b[0m","service":"preplyte-api","timestamp":"2026-02-18 12:03:15"}
{"level":"debug","message":"Query: SELECT \"public\".\"users\".\"id\", \"public\".\"users\".\"email\", \"public\".\"users\".\"role\"::text, \"public\".\"users\".\"instituteId\", \"public\".\"users\".\"isActive\", \"public\".\"users\".\"tokenVersion\" FROM \"public\".\"users\" WHERE (\"public\".\"users\".\"id\" = $1 AND 1=1) LIMIT $2 OFFSET $3","service":"preplyte-api","timestamp":"2026-02-18 12:03:58"}
{"level":"debug","message":"Params: [\"cmlq4h9or004p9qehngr7b15o\",1,0]","service":"preplyte-api","timestamp":"2026-02-18 12:03:58"}
{"level":"debug","message":"Duration: 5ms","service":"preplyte-api","timestamp":"2026-02-18 12:03:58"}
{"level":"info","message":"\u001b[0mPOST /api/resume-builder/ats-check \u001b[32m200\u001b[0m 14078.262 ms - -\u001b[0m","service":"preplyte-api","timestamp":"2026-02-18 12:04:12"}
{"level":"debug","message":"Query: SELECT 1","service":"preplyte-api","timestamp":"2026-02-18 12:04:39"}
{"level":"debug","message":"Params: []","service":"preplyte-api","timestamp":"2026-02-18 12:04:39"}
{"level":"debug","message":"Duration: 0ms","service":"preplyte-api","timestamp":"2026-02-18 12:04:39"}
{"level":"debug","message":"Query: SELECT \"public\".\"users\".\"id\", \"public\".\"users\".\"email\", \"public\".\"users\".\"role\"::text, \"public\".\"users\".\"instituteId\", \"public\".\"users\".\"isActive\", \"public\".\"users\".\"tokenVersion\" FROM \"public\".\"users\" WHERE (\"public\".\"users\".\"id\" = $1 AND 1=1) LIMIT $2 OFFSET $3","service":"preplyte-api","timestamp":"2026-02-18 12:04:39"}
{"level":"debug","message":"Params: [\"cmlq4h9or004p9qehngr7b15o\",1,0]","service":"preplyte-api","timestamp":"2026-02-18 12:04:39"}
{"level":"debug","message":"Duration: 0ms","service":"preplyte-api","timestamp":"2026-02-18 12:04:39"}
{"level":"debug","message":"Query: BEGIN","service":"preplyte-api","timestamp":"2026-02-18 12:04:39"}
{"level":"debug","message":"Params: []","service":"preplyte-api","timestamp":"2026-02-18 12:04:39"}
{"level":"debug","message":"Duration: 0ms","service":"preplyte-api","timestamp":"2026-02-18 12:04:39"}
{"level":"debug","message":"Query: UPDATE \"public\".\"refresh_tokens\" SET \"revokedAt\" = $1 WHERE (\"public\".\"refresh_tokens\".\"token\" = $2 AND \"public\".\"refresh_tokens\".\"userId\" = $3 AND \"public\".\"refresh_tokens\".\"revokedAt\" IS NULL)","service":"preplyte-api","timestamp":"2026-02-18 12:04:39"}
{"level":"debug","message":"Params: [\"2026-02-18 06:34:39.569 UTC\",\"823af156454b799e7eebf99c44932b3fb42004c3ab6fefb8cc01554af672c502\",\"cmlq4h9or004p9qehngr7b15o\"]","service":"preplyte-api","timestamp":"2026-02-18 12:04:39"}
{"level":"debug","message":"Duration: 8ms","service":"preplyte-api","timestamp":"2026-02-18 12:04:39"}
{"level":"debug","message":"Query: COMMIT","service":"preplyte-api","timestamp":"2026-02-18 12:04:39"}
{"level":"debug","message":"Params: []","service":"preplyte-api","timestamp":"2026-02-18 12:04:39"}
{"level":"debug","message":"Duration: 3ms","service":"preplyte-api","timestamp":"2026-02-18 12:04:39"}
{"level":"info","message":"User logged out","service":"preplyte-api","timestamp":"2026-02-18 12:04:39","userId":"cmlq4h9or004p9qehngr7b15o"}
{"level":"info","message":"\u001b[0mPOST /api/auth/logout \u001b[32m200\u001b[0m 35.279 ms - 58\u001b[0m","service":"preplyte-api","timestamp":"2026-02-18 12:04:39"}
{"level":"debug","message":"Query: SELECT \"public\".\"users\".\"id\", \"public\".\"users\".\"email\", \"public\".\"users\".\"password\", \"public\".\"users\".\"name\", \"public\".\"users\".\"role\"::text, \"public\".\"users\".\"isActive\", \"public\".\"users\".\"instituteId\", \"public\".\"users\".\"profilePictureUrl\", \"public\".\"users\".\"googleId\", \"public\".\"users\".\"provider\", \"public\".\"users\".\"avatar\", \"public\".\"users\".\"createdAt\", \"public\".\"users\".\"updatedAt\", \"public\".\"users\".\"lastLoginAt\", \"public\".\"users\".\"tokenVersion\" FROM \"public\".\"users\" WHERE (\"public\".\"users\".\"email\" = $1 AND 1=1) LIMIT $2 OFFSET $3","service":"preplyte-api","timestamp":"2026-02-18 12:04:50"}
{"level":"debug","message":"Params: [\"vicharekartik2004@gmail.com\",1,0]","service":"preplyte-api","timestamp":"2026-02-18 12:04:50"}
{"level":"debug","message":"Duration: 1ms","service":"preplyte-api","timestamp":"2026-02-18 12:04:50"}
{"level":"debug","message":"Query: INSERT INTO \"public\".\"refresh_tokens\" (\"id\",\"token\",\"userId\",\"expiresAt\",\"createdAt\") VALUES ($1,$2,$3,$4,$5) RETURNING \"public\".\"refresh_tokens\".\"id\", \"public\".\"refresh_tokens\".\"token\", \"public\".\"refresh_tokens\".\"userId\", \"public\".\"refresh_tokens\".\"expiresAt\", \"public\".\"refresh_tokens\".\"revokedAt\", \"public\".\"refresh_tokens\".\"userAgent\", \"public\".\"refresh_tokens\".\"ipAddress\", \"public\".\"refresh_tokens\".\"createdAt\"","service":"preplyte-api","timestamp":"2026-02-18 12:04:51"}
{"level":"debug","message":"Params: [\"cmlrnqg7b0003z1aiiwsplbeu\",\"71909bf7833f9249d1fa495ee4c29ec344942092996bc589223248222a75efc8\",\"cmlqa69ye0009mz559gk9ledi\",\"2026-02-25 06:34:51.142 UTC\",\"2026-02-18 06:34:51.144 UTC\"]","service":"preplyte-api","timestamp":"2026-02-18 12:04:51"}
{"level":"debug","message":"Duration: 3ms","service":"preplyte-api","timestamp":"2026-02-18 12:04:51"}
{"level":"debug","message":"Query: UPDATE \"public\".\"users\" SET \"lastLoginAt\" = $1, \"updatedAt\" = $2 WHERE (\"public\".\"users\".\"id\" = $3 AND 1=1) RETURNING \"public\".\"users\".\"id\", \"public\".\"users\".\"email\", \"public\".\"users\".\"password\", \"public\".\"users\".\"name\", \"public\".\"users\".\"role\"::text, \"public\".\"users\".\"isActive\", \"public\".\"users\".\"instituteId\", \"public\".\"users\".\"profilePictureUrl\", \"public\".\"users\".\"googleId\", \"public\".\"users\".\"provider\", \"public\".\"users\".\"avatar\", \"public\".\"users\".\"createdAt\", \"public\".\"users\".\"updatedAt\", \"public\".\"users\".\"lastLoginAt\", \"public\".\"users\".\"tokenVersion\"","service":"preplyte-api","timestamp":"2026-02-18 12:04:51"}
{"level":"debug","message":"Params: [\"2026-02-18 06:34:51.142 UTC\",\"2026-02-18 06:34:51.145 UTC\",\"cmlqa69ye0009mz559gk9ledi\"]","service":"preplyte-api","timestamp":"2026-02-18 12:04:51"}
{"level":"debug","message":"Duration: 12ms","service":"preplyte-api","timestamp":"2026-02-18 12:04:51"}
{"level":"info","message":"User logged in","service":"preplyte-api","timestamp":"2026-02-18 12:04:51","userId":"cmlqa69ye0009mz559gk9ledi"}
{"level":"info","message":"\u001b[0mPOST /api/auth/login \u001b[32m200\u001b[0m 609.374 ms - 994\u001b[0m","service":"preplyte-api","timestamp":"2026-02-18 12:04:51"}
{"level":"debug","message":"Query: SELECT \"public\".\"users\".\"id\", \"public\".\"users\".\"email\", \"public\".\"users\".\"role\"::text, \"public\".\"users\".\"instituteId\", \"public\".\"users\".\"isActive\", \"public\".\"users\".\"tokenVersion\" FROM \"public\".\"users\" WHERE (\"public\".\"users\".\"id\" = $1 AND 1=1) LIMIT $2 OFFSET $3","service":"preplyte-api","timestamp":"2026-02-18 12:04:51"}
{"level":"debug","message":"Params: [\"cmlqa69ye0009mz559gk9ledi\",1,0]","service":"preplyte-api","timestamp":"2026-02-18 12:04:51"}
{"level":"debug","message":"Duration: 1ms","service":"preplyte-api","timestamp":"2026-02-18 12:04:51"}
{"level":"debug","message":"[DashboardService] Fetching student dashboard","service":"preplyte-api","timestamp":"2026-02-18 12:04:51","userId":"cmlqa69ye0009mz559gk9ledi"}
{"level":"debug","message":"Query: SELECT \"public\".\"aptitude_practice_sessions\".\"id\", \"public\".\"aptitude_practice_sessions\".\"completedAt\", \"public\".\"aptitude_practice_sessions\".\"totalScore\", \"public\".\"aptitude_practice_sessions\".\"numberOfQuestions\" FROM \"public\".\"aptitude_practice_sessions\" WHERE \"public\".\"aptitude_practice_sessions\".\"userId\" = $1 OFFSET $2","service":"preplyte-api","timestamp":"2026-02-18 12:04:51"}
{"level":"debug","message":"Params: [\"cmlqa69ye0009mz559gk9ledi\",0]","service":"preplyte-api","timestamp":"2026-02-18 12:04:51"}
{"level":"debug","message":"Duration: 8ms","service":"preplyte-api","timestamp":"2026-02-18 12:04:51"}
{"level":"debug","message":"Query: SELECT \"public\".\"machine_practice_sessions\".\"id\", \"public\".\"machine_practice_sessions\".\"completedAt\", \"public\".\"machine_practice_sessions\".\"totalSolved\", \"public\".\"machine_practice_sessions\".\"numberOfQuestions\" FROM \"public\".\"machine_practice_sessions\" WHERE \"public\".\"machine_practice_sessions\".\"userId\" = $1 OFFSET $2","service":"preplyte-api","timestamp":"2026-02-18 12:04:51"}
{"level":"debug","message":"Params: [\"cmlqa69ye0009mz559gk9ledi\",0]","service":"preplyte-api","timestamp":"2026-02-18 12:04:51"}
{"level":"debug","message":"Duration: 9ms","service":"preplyte-api","timestamp":"2026-02-18 12:04:51"}
{"level":"debug","message":"Query: SELECT \"public\".\"ai_interview_sessions\".\"id\", \"public\".\"ai_interview_sessions\".\"status\"::text FROM \"public\".\"ai_interview_sessions\" WHERE \"public\".\"ai_interview_sessions\".\"userId\" = $1 OFFSET $2","service":"preplyte-api","timestamp":"2026-02-18 12:04:51"}
{"level":"debug","message":"Params: [\"cmlqa69ye0009mz559gk9ledi\",0]","service":"preplyte-api","timestamp":"2026-02-18 12:04:51"}
{"level":"debug","message":"Duration: 5ms","service":"preplyte-api","timestamp":"2026-02-18 12:04:51"}
{"level":"debug","message":"Query: SELECT \"public\".\"machine_practice_sessions\".\"id\", \"public\".\"machine_practice_sessions\".\"difficulty\"::text, \"public\".\"machine_practice_sessions\".\"totalSolved\", \"public\".\"machine_practice_sessions\".\"numberOfQuestions\", \"public\".\"machine_practice_sessions\".\"completedAt\" FROM \"public\".\"machine_practice_sessions\" WHERE (\"public\".\"machine_practice_sessions\".\"userId\" = $1 AND \"public\".\"machine_practice_sessions\".\"completedAt\" IS NOT NULL) ORDER BY \"public\".\"machine_practice_sessions\".\"completedAt\" DESC LIMIT $2 OFFSET $3","service":"preplyte-api","timestamp":"2026-02-18 12:04:51"}
{"level":"debug","message":"Params: [\"cmlqa69ye0009mz559gk9ledi\",5,0]","service":"preplyte-api","timestamp":"2026-02-18 12:04:51"}
{"level":"debug","message":"Duration: 5ms","service":"preplyte-api","timestamp":"2026-02-18 12:04:51"}
{"level":"debug","message":"Query: SELECT \"public\".\"aptitude_practice_sessions\".\"id\", \"public\".\"aptitude_practice_sessions\".\"difficulty\"::text, \"public\".\"aptitude_practice_sessions\".\"totalScore\", \"public\".\"aptitude_practice_sessions\".\"numberOfQuestions\", \"public\".\"aptitude_practice_sessions\".\"completedAt\", \"public\".\"aptitude_practice_sessions\".\"questionTypes\"::text[] FROM \"public\".\"aptitude_practice_sessions\" WHERE (\"public\".\"aptitude_practice_sessions\".\"userId\" = $1 AND \"public\".\"aptitude_practice_sessions\".\"completedAt\" IS NOT NULL) ORDER BY \"public\".\"aptitude_practice_sessions\".\"completedAt\" DESC LIMIT $2 OFFSET $3","service":"preplyte-api","timestamp":"2026-02-18 12:04:51"}
{"level":"debug","message":"Params: [\"cmlqa69ye0009mz559gk9ledi\",5,0]","service":"preplyte-api","timestamp":"2026-02-18 12:04:51"}
{"level":"debug","message":"Duration: 4ms","service":"preplyte-api","timestamp":"2026-02-18 12:04:51"}
{"level":"debug","message":"Query: SELECT \"public\".\"lms_enrollments\".\"id\", \"public\".\"lms_enrollments\".\"userId\", \"public\".\"lms_enrollments\".\"courseId\", \"public\".\"lms_enrollments\".\"status\"::text, \"public\".\"lms_enrollments\".\"completedModules\", \"public\".\"lms_enrollments\".\"completedTopics\", \"public\".\"lms_enrollments\".\"progressPercent\", \"public\".\"lms_enrollments\".\"totalPointsEarned\", \"public\".\"lms_enrollments\".\"moduleTestPointsEarned\", \"public\".\"lms_enrollments\".\"finalTestPointsEarned\", \"public\".\"lms_enrollments\".\"finalTestAttempted\", \"public\".\"lms_enrollments\".\"finalTestPassed\", \"public\".\"lms_enrollments\".\"finalTestScore\", \"public\".\"lms_enrollments\".\"finalTestMarks\", \"public\".\"lms_enrollments\".\"enrolledAt\", \"public\".\"lms_enrollments\".\"startedAt\", \"public\".\"lms_enrollments\".\"completedAt\", \"public\".\"lms_enrollments\".\"lastAccessedAt\", \"public\".\"lms_enrollments\".\"certificateUrl\", \"public\".\"lms_enrollments\".\"certificateIssuedAt\", \"public\".\"lms_enrollments\".\"createdAt\", \"public\".\"lms_enrollments\".\"updatedAt\" FROM \"public\".\"lms_enrollments\" WHERE \"public\".\"lms_enrollments\".\"userId\" = $1 ORDER BY \"public\".\"lms_enrollments\".\"lastAccessedAt\" DESC OFFSET $2","service":"preplyte-api","timestamp":"2026-02-18 12:04:51"}
{"level":"debug","message":"Params: [\"cmlqa69ye0009mz559gk9ledi\",0]","service":"preplyte-api","timestamp":"2026-02-18 12:04:51"}
{"level":"debug","message":"Duration: 6ms","service":"preplyte-api","timestamp":"2026-02-18 12:04:51"}
{"level":"debug","message":"Query: SELECT \"public\".\"lms_enrollments\".\"id\", \"public\".\"lms_enrollments\".\"userId\", \"public\".\"lms_enrollments\".\"courseId\", \"public\".\"lms_enrollments\".\"status\"::text, \"public\".\"lms_enrollments\".\"completedModules\", \"public\".\"lms_enrollments\".\"completedTopics\", \"public\".\"lms_enrollments\".\"progressPercent\", \"public\".\"lms_enrollments\".\"totalPointsEarned\", \"public\".\"lms_enrollments\".\"moduleTestPointsEarned\", \"public\".\"lms_enrollments\".\"finalTestPointsEarned\", \"public\".\"lms_enrollments\".\"finalTestAttempted\", \"public\".\"lms_enrollments\".\"finalTestPassed\", \"public\".\"lms_enrollments\".\"finalTestScore\", \"public\".\"lms_enrollments\".\"finalTestMarks\", \"public\".\"lms_enrollments\".\"enrolledAt\", \"public\".\"lms_enrollments\".\"startedAt\", \"public\".\"lms_enrollments\".\"completedAt\", \"public\".\"lms_enrollments\".\"lastAccessedAt\", \"public\".\"lms_enrollments\".\"certificateUrl\", \"public\".\"lms_enrollments\".\"certificateIssuedAt\", \"public\".\"lms_enrollments\".\"createdAt\", \"public\".\"lms_enrollments\".\"updatedAt\" FROM \"public\".\"lms_enrollments\" WHERE (\"public\".\"lms_enrollments\".\"userId\" = $1 AND \"public\".\"lms_enrollments\".\"enrolledAt\" >= $2) ORDER BY \"public\".\"lms_enrollments\".\"enrolledAt\" DESC LIMIT $3 OFFSET $4","service":"preplyte-api","timestamp":"2026-02-18 12:04:51"}
{"level":"debug","message":"Params: [\"cmlqa69ye0009mz559gk9ledi\",\"2026-01-18 18:30:00 UTC\",5,0]","service":"preplyte-api","timestamp":"2026-02-18 12:04:51"}
{"level":"debug","message":"Duration: 10ms","service":"preplyte-api","timestamp":"2026-02-18 12:04:51"}
{"level":"debug","message":"Query: SELECT \"public\".\"lms_enrollments\".\"id\", \"public\".\"lms_enrollments\".\"courseId\" FROM \"public\".\"lms_enrollments\" WHERE \"public\".\"lms_enrollments\".\"userId\" = $1 OFFSET $2","service":"preplyte-api","timestamp":"2026-02-18 12:04:51"}
{"level":"debug","message":"Params: [\"cmlqa69ye0009mz559gk9ledi\",0]","service":"preplyte-api","timestamp":"2026-02-18 12:04:51"}
{"level":"debug","message":"Duration: 4ms","service":"preplyte-api","timestamp":"2026-02-18 12:04:51"}
{"level":"debug","message":"Query: SELECT \"public\".\"ai_interview_sessions\".\"id\", \"public\".\"ai_interview_sessions\".\"difficulty\"::text, \"public\".\"ai_interview_sessions\".\"jobTitle\", \"public\".\"ai_interview_sessions\".\"completedAt\" FROM \"public\".\"ai_interview_sessions\" WHERE (\"public\".\"ai_interview_sessions\".\"userId\" = $1 AND \"public\".\"ai_interview_sessions\".\"status\" = CAST($2::text AS \"public\".\"AiInterviewSessionStatus\")) ORDER BY \"public\".\"ai_interview_sessions\".\"completedAt\" DESC LIMIT $3 OFFSET $4","service":"preplyte-api","timestamp":"2026-02-18 12:04:51"}
{"level":"debug","message":"Params: [\"cmlqa69ye0009mz559gk9ledi\",\"COMPLETED\",5,0]","service":"preplyte-api","timestamp":"2026-02-18 12:04:51"}
{"level":"debug","message":"Duration: 4ms","service":"preplyte-api","timestamp":"2026-02-18 12:04:51"}
{"level":"debug","message":"Query: SELECT \"public\".\"mock_drive_registrations\".\"id\", \"public\".\"mock_drive_registrations\".\"mockDriveId\", \"public\".\"mock_drive_registrations\".\"userId\", \"public\".\"mock_drive_registrations\".\"status\"::text, \"public\".\"mock_drive_registrations\".\"eligibilityCheckResult\", \"public\".\"mock_drive_registrations\".\"adminNotes\", \"public\".\"mock_drive_registrations\".\"batchId\", \"public\".\"mock_drive_registrations\".\"registeredAt\", \"public\".\"mock_drive_registrations\".\"reviewedAt\", \"public\".\"mock_drive_registrations\".\"reviewedBy\", \"public\".\"mock_drive_registrations\".\"createdAt\", \"public\".\"mock_drive_registrations\".\"updatedAt\" FROM \"public\".\"mock_drive_registrations\" LEFT JOIN \"public\".\"mock_drives\" AS \"orderby_1\" ON (\"orderby_1\".\"id\") = (\"public\".\"mock_drive_registrations\".\"mockDriveId\") LEFT JOIN \"public\".\"mock_drives\" AS \"j1\" ON (\"j1\".\"id\") = (\"public\".\"mock_drive_registrations\".\"mockDriveId\") WHERE (\"public\".\"mock_drive_registrations\".\"userId\" = $1 AND \"public\".\"mock_drive_registrations\".\"status\" = CAST($2::text AS \"public\".\"MockDriveRegistrationStatus\") AND (\"j1\".\"status\" IN (CAST($3::text AS \"public\".\"MockDriveStatus\"),CAST($4::text AS \"public\".\"MockDriveStatus\"),CAST($5::text AS \"public\".\"MockDriveStatus\")) AND \"j1\".\"driveStartDate\" > $6 AND (\"j1\".\"id\" IS NOT NULL))) ORDER BY \"orderby_1\".\"driveStartDate\" ASC LIMIT $7 OFFSET $8","service":"preplyte-api","timestamp":"2026-02-18 12:04:51"}
{"level":"debug","message":"Params: [\"cmlqa69ye0009mz559gk9ledi\",\"APPROVED\",\"PUBLISHED\",\"REGISTRATION_OPEN\",\"REGISTRATION_CLOSED\",\"2026-02-18 06:34:51.546 UTC\",5,0]","service":"preplyte-api","timestamp":"2026-02-18 12:04:51"}
{"level":"debug","message":"Duration: 12ms","service":"preplyte-api","timestamp":"2026-02-18 12:04:51"}
{"level":"debug","message":"Query: SELECT \"public\".\"lms_enrollments\".\"id\", \"public\".\"lms_enrollments\".\"userId\", \"public\".\"lms_enrollments\".\"courseId\", \"public\".\"lms_enrollments\".\"status\"::text, \"public\".\"lms_enrollments\".\"completedModules\", \"public\".\"lms_enrollments\".\"completedTopics\", \"public\".\"lms_enrollments\".\"progressPercent\", \"public\".\"lms_enrollments\".\"totalPointsEarned\", \"public\".\"lms_enrollments\".\"moduleTestPointsEarned\", \"public\".\"lms_enrollments\".\"finalTestPointsEarned\", \"public\".\"lms_enrollments\".\"finalTestAttempted\", \"public\".\"lms_enrollments\".\"finalTestPassed\", \"public\".\"lms_enrollments\".\"finalTestScore\", \"public\".\"lms_enrollments\".\"finalTestMarks\", \"public\".\"lms_enrollments\".\"enrolledAt\", \"public\".\"lms_enrollments\".\"startedAt\", \"public\".\"lms_enrollments\".\"completedAt\", \"public\".\"lms_enrollments\".\"lastAccessedAt\", \"public\".\"lms_enrollments\".\"certificateUrl\", \"public\".\"lms_enrollments\".\"certificateIssuedAt\", \"public\".\"lms_enrollments\".\"createdAt\", \"public\".\"lms_enrollments\".\"updatedAt\" FROM \"public\".\"lms_enrollments\" WHERE \"public\".\"lms_enrollments\".\"userId\" = $1 OFFSET $2","service":"preplyte-api","timestamp":"2026-02-18 12:04:51"}
{"level":"debug","message":"Params: [\"cmlqa69ye0009mz559gk9ledi\",0]","service":"preplyte-api","timestamp":"2026-02-18 12:04:51"}
{"level":"debug","message":"Duration: 4ms","service":"preplyte-api","timestamp":"2026-02-18 12:04:51"}
{"level":"debug","message":"Query: SELECT \"public\".\"lms_module_progress\".\"id\", \"public\".\"lms_module_progress\".\"userId\", \"public\".\"lms_module_progress\".\"moduleId\", \"public\".\"lms_module_progress\".\"status\"::text, \"public\".\"lms_module_progress\".\"completedTopics\", \"public\".\"lms_module_progress\".\"totalTopics\", \"public\".\"lms_module_progress\".\"progressPercent\", \"public\".\"lms_module_progress\".\"testAttempted\", \"public\".\"lms_module_progress\".\"testPassed\", \"public\".\"lms_module_progress\".\"testScore\", \"public\".\"lms_module_progress\".\"testAttempts\", \"public\".\"lms_module_progress\".\"pointsEarned\", \"public\".\"lms_module_progress\".\"timeSpentMinutes\", \"public\".\"lms_module_progress\".\"startedAt\", \"public\".\"lms_module_progress\".\"completedAt\", \"public\".\"lms_module_progress\".\"createdAt\", \"public\".\"lms_module_progress\".\"updatedAt\" FROM \"public\".\"lms_module_progress\" WHERE (\"public\".\"lms_module_progress\".\"userId\" = $1 AND \"public\".\"lms_module_progress\".\"status\" = CAST($2::text AS \"public\".\"LmsModuleStatus\") AND \"public\".\"lms_module_progress\".\"completedAt\" >= $3) ORDER BY \"public\".\"lms_module_progress\".\"completedAt\" DESC LIMIT $4 OFFSET $5","service":"preplyte-api","timestamp":"2026-02-18 12:04:51"}
{"level":"debug","message":"Params: [\"cmlqa69ye0009mz559gk9ledi\",\"COMPLETED\",\"2026-01-18 18:30:00 UTC\",5,0]","service":"preplyte-api","timestamp":"2026-02-18 12:04:51"}
{"level":"debug","message":"Duration: 4ms","service":"preplyte-api","timestamp":"2026-02-18 12:04:51"}
{"level":"debug","message":"Query: SELECT COUNT(*) FROM (SELECT \"public\".\"lms_module_progress\".\"id\" FROM \"public\".\"lms_module_progress\" WHERE (\"public\".\"lms_module_progress\".\"userId\" = $1 AND \"public\".\"lms_module_progress\".\"testPassed\" = $2) OFFSET $3) AS \"sub\"","service":"preplyte-api","timestamp":"2026-02-18 12:04:51"}
{"level":"debug","message":"Params: [\"cmlqa69ye0009mz559gk9ledi\",true,0]","service":"preplyte-api","timestamp":"2026-02-18 12:04:51"}
{"level":"debug","message":"Duration: 0ms","service":"preplyte-api","timestamp":"2026-02-18 12:04:51"}
{"level":"debug","message":"Query: SELECT \"public\".\"lms_courses\".\"id\", \"public\".\"lms_courses\".\"categoryId\", \"public\".\"lms_courses\".\"title\", \"public\".\"lms_courses\".\"slug\", \"public\".\"lms_courses\".\"shortDescription\", \"public\".\"lms_courses\".\"description\", \"public\".\"lms_courses\".\"thumbnailUrl\", \"public\".\"lms_courses\".\"previewVideoUrl\", \"public\".\"lms_courses\".\"totalModules\", \"public\".\"lms_courses\".\"totalTopics\", \"public\".\"lms_courses\".\"totalPoints\", \"public\".\"lms_courses\".\"totalHours\", \"public\".\"lms_courses\".\"price\", \"public\".\"lms_courses\".\"discountPrice\", \"public\".\"lms_courses\".\"currency\", \"public\".\"lms_courses\".\"status\"::text, \"public\".\"lms_courses\".\"isActive\", \"public\".\"lms_courses\".\"certificateEnabled\", \"public\".\"lms_courses\".\"passingPercentage\", \"public\".\"lms_courses\".\"tags\", \"public\".\"lms_courses\".\"difficulty\"::text, \"public\".\"lms_courses\".\"instructor\", \"public\".\"lms_courses\".\"language\", \"public\".\"lms_courses\".\"averageRating\", \"public\".\"lms_courses\".\"ratingsCount\", \"public\".\"lms_courses\".\"createdAt\", \"public\".\"lms_courses\".\"updatedAt\", \"public\".\"lms_courses\".\"publishedAt\", COALESCE(\"aggr_selection_0_LmsEnrollment\".\"_aggr_count_enrollments\", 0) AS \"_aggr_count_enrollments\" FROM \"public\".\"lms_courses\" LEFT JOIN (SELECT \"public\".\"lms_enrollments\".\"courseId\", COUNT(*) AS \"orderby_aggregator\" FROM \"public\".\"lms_enrollments\" WHERE 1=1 GROUP BY \"public\".\"lms_enrollments\".\"courseId\") AS \"orderby_1_LmsEnrollment\" ON (\"public\".\"lms_courses\".\"id\" = \"orderby_1_LmsEnrollment\".\"courseId\") LEFT JOIN (SELECT \"public\".\"lms_enrollments\".\"courseId\", COUNT(*) AS \"_aggr_count_enrollments\" FROM \"public\".\"lms_enrollments\" WHERE 1=1 GROUP BY \"public\".\"lms_enrollments\".\"courseId\") AS \"aggr_selection_0_LmsEnrollment\" ON (\"public\".\"lms_courses\".\"id\" = \"aggr_selection_0_LmsEnrollment\".\"courseId\") WHERE (1=1 AND \"public\".\"lms_courses\".\"status\" = CAST($1::text AS \"public\".\"LmsCourseStatus\") AND \"public\".\"lms_courses\".\"isActive\" = $2) ORDER BY COALESCE(\"orderby_1_LmsEnrollment\".\"orderby_aggregator\", $3) DESC, \"public\".\"lms_courses\".\"averageRating\" DESC LIMIT $4 OFFSET $5","service":"preplyte-api","timestamp":"2026-02-18 12:04:51"}
{"level":"debug","message":"Params: [\"PUBLISHED\",true,0,5,0]","service":"preplyte-api","timestamp":"2026-02-18 12:04:51"}
{"level":"debug","message":"Duration: 9ms","service":"preplyte-api","timestamp":"2026-02-18 12:04:51"}
{"level":"debug","message":"Query: SELECT \"public\".\"lms_test_attempts\".\"id\", \"public\".\"lms_test_attempts\".\"userId\", \"public\".\"lms_test_attempts\".\"moduleTestId\", \"public\".\"lms_test_attempts\".\"finalTestId\", \"public\".\"lms_test_attempts\".\"testType\"::text, \"public\".\"lms_test_attempts\".\"status\"::text, \"public\".\"lms_test_attempts\".\"attemptNumber\", \"public\".\"lms_test_attempts\".\"totalQuestions\", \"public\".\"lms_test_attempts\".\"correctAnswers\", \"public\".\"lms_test_attempts\".\"wrongAnswers\", \"public\".\"lms_test_attempts\".\"unanswered\", \"public\".\"lms_test_attempts\".\"score\", \"public\".\"lms_test_attempts\".\"pointsEarned\", \"public\".\"lms_test_attempts\".\"marksObtained\", \"public\".\"lms_test_attempts\".\"totalMarks\", \"public\".\"lms_test_attempts\".\"isPassed\", \"public\".\"lms_test_attempts\".\"timeLimitMinutes\", \"public\".\"lms_test_attempts\".\"timeSpentSeconds\", \"public\".\"lms_test_attempts\".\"startedAt\", \"public\".\"lms_test_attempts\".\"completedAt\", \"public\".\"lms_test_attempts\".\"expiresAt\", \"public\".\"lms_test_attempts\".\"createdAt\", \"public\".\"lms_test_attempts\".\"updatedAt\" FROM \"public\".\"lms_test_attempts\" WHERE (\"public\".\"lms_test_attempts\".\"userId\" = $1 AND \"public\".\"lms_test_attempts\".\"status\" = CAST($2::text AS \"public\".\"LmsTestAttemptStatus\") AND \"public\".\"lms_test_attempts\".\"isPassed\" = $3 AND \"public\".\"lms_test_attempts\".\"completedAt\" >= $4) ORDER BY \"public\".\"lms_test_attempts\".\"completedAt\" DESC LIMIT $5 OFFSET $6","service":"preplyte-api","timestamp":"2026-02-18 12:04:51"}
{"level":"debug","message":"Params: [\"cmlqa69ye0009mz559gk9ledi\",\"COMPLETED\",true,\"2026-01-18 18:30:00 UTC\",5,0]","service":"preplyte-api","timestamp":"2026-02-18 12:04:51"}
{"level":"debug","message":"Duration: 5ms","service":"preplyte-api","timestamp":"2026-02-18 12:04:51"}
{"level":"debug","message":"Query: SELECT \"public\".\"lms_categories\".\"id\", \"public\".\"lms_categories\".\"name\" FROM \"public\".\"lms_categories\" WHERE \"public\".\"lms_categories\".\"id\" IN ($1) OFFSET $2","service":"preplyte-api","timestamp":"2026-02-18 12:04:51"}
{"level":"debug","message":"Params: [\"cmlq4lrae0003ail99wlb2luj\",0]","service":"preplyte-api","timestamp":"2026-02-18 12:04:51"}
{"level":"debug","message":"Duration: 2ms","service":"preplyte-api","timestamp":"2026-02-18 12:04:51"}
{"level":"debug","message":"Query: SELECT \"public\".\"lms_enrollments\".\"id\", \"public\".\"lms_enrollments\".\"userId\", \"public\".\"lms_enrollments\".\"courseId\", \"public\".\"lms_enrollments\".\"status\"::text, \"public\".\"lms_enrollments\".\"completedModules\", \"public\".\"lms_enrollments\".\"completedTopics\", \"public\".\"lms_enrollments\".\"progressPercent\", \"public\".\"lms_enrollments\".\"totalPointsEarned\", \"public\".\"lms_enrollments\".\"moduleTestPointsEarned\", \"public\".\"lms_enrollments\".\"finalTestPointsEarned\", \"public\".\"lms_enrollments\".\"finalTestAttempted\", \"public\".\"lms_enrollments\".\"finalTestPassed\", \"public\".\"lms_enrollments\".\"finalTestScore\", \"public\".\"lms_enrollments\".\"finalTestMarks\", \"public\".\"lms_enrollments\".\"enrolledAt\", \"public\".\"lms_enrollments\".\"startedAt\", \"public\".\"lms_enrollments\".\"completedAt\", \"public\".\"lms_enrollments\".\"lastAccessedAt\", \"public\".\"lms_enrollments\".\"certificateUrl\", \"public\".\"lms_enrollments\".\"certificateIssuedAt\", \"public\".\"lms_enrollments\".\"createdAt\", \"public\".\"lms_enrollments\".\"updatedAt\" FROM \"public\".\"lms_enrollments\" WHERE (\"public\".\"lms_enrollments\".\"userId\" = $1 AND \"public\".\"lms_enrollments\".\"status\" = CAST($2::text AS \"public\".\"LmsEnrollmentStatus\") AND \"public\".\"lms_enrollments\".\"completedAt\" >= $3) ORDER BY \"public\".\"lms_enrollments\".\"completedAt\" DESC LIMIT $4 OFFSET $5","service":"preplyte-api","timestamp":"2026-02-18 12:04:51"}
{"level":"debug","message":"Params: [\"cmlqa69ye0009mz559gk9ledi\",\"COMPLETED\",\"2026-01-18 18:30:00 UTC\",5,0]","service":"preplyte-api","timestamp":"2026-02-18 12:04:51"}
{"level":"debug","message":"Duration: 1ms","service":"preplyte-api","timestamp":"2026-02-18 12:04:51"}
{"level":"info","message":"\u001b[0mGET /api/dashboard/student \u001b[32m200\u001b[0m 150.173 ms - 752\u001b[0m","service":"preplyte-api","timestamp":"2026-02-18 12:04:51"}
{"level":"debug","message":"Query: SELECT \"public\".\"users\".\"id\", \"public\".\"users\".\"email\", \"public\".\"users\".\"role\"::text, \"public\".\"users\".\"instituteId\", \"public\".\"users\".\"isActive\", \"public\".\"users\".\"tokenVersion\" FROM \"public\".\"users\" WHERE (\"public\".\"users\".\"id\" = $1 AND 1=1) LIMIT $2 OFFSET $3","service":"preplyte-api","timestamp":"2026-02-18 12:04:54"}
{"level":"debug","message":"Params: [\"cmlqa69ye0009mz559gk9ledi\",1,0]","service":"preplyte-api","timestamp":"2026-02-18 12:04:54"}
{"level":"debug","message":"Duration: 5ms","service":"preplyte-api","timestamp":"2026-02-18 12:04:54"}
{"level":"debug","message":"Query: SELECT \"public\".\"UserResume\".\"id\", \"public\".\"UserResume\".\"userId\", \"public\".\"UserResume\".\"templateId\", \"public\".\"UserResume\".\"title\", \"public\".\"UserResume\".\"slug\", \"public\".\"UserResume\".\"personalInfo\", \"public\".\"UserResume\".\"summary\", \"public\".\"UserResume\".\"experience\", \"public\".\"UserResume\".\"education\", \"public\".\"UserResume\".\"skills\", \"public\".\"UserResume\".\"projects\", \"public\".\"UserResume\".\"certifications\", \"public\".\"UserResume\".\"languages\", \"public\".\"UserResume\".\"achievements\", \"public\".\"UserResume\".\"customSections\", \"public\".\"UserResume\".\"sectionOrder\", \"public\".\"UserResume\".\"hiddenSections\", \"public\".\"UserResume\".\"customStyles\", \"public\".\"UserResume\".\"colorScheme\", \"public\".\"UserResume\".\"fontFamily\", \"public\".\"UserResume\".\"isComplete\", \"public\".\"UserResume\".\"lastAtsScore\", \"public\".\"UserResume\".\"createdAt\", \"public\".\"UserResume\".\"updatedAt\" FROM \"public\".\"UserResume\" WHERE \"public\".\"UserResume\".\"userId\" = $1 ORDER BY \"public\".\"UserResume\".\"updatedAt\" DESC LIMIT $2 OFFSET $3","service":"preplyte-api","timestamp":"2026-02-18 12:04:54"}
{"level":"debug","message":"Params: [\"cmlqa69ye0009mz559gk9ledi\",10,0]","service":"preplyte-api","timestamp":"2026-02-18 12:04:54"}
{"level":"debug","message":"Duration: 2ms","service":"preplyte-api","timestamp":"2026-02-18 12:04:54"}
{"level":"debug","message":"Query: SELECT COUNT(*) FROM (SELECT \"public\".\"UserResume\".\"id\" FROM \"public\".\"UserResume\" WHERE \"public\".\"UserResume\".\"userId\" = $1 OFFSET $2) AS \"sub\"","service":"preplyte-api","timestamp":"2026-02-18 12:04:54"}
{"level":"debug","message":"Params: [\"cmlqa69ye0009mz559gk9ledi\",0]","service":"preplyte-api","timestamp":"2026-02-18 12:04:54"}
{"level":"debug","message":"Duration: 3ms","service":"preplyte-api","timestamp":"2026-02-18 12:04:54"}
{"level":"info","message":"\u001b[0mGET /api/resume-builder \u001b[36m304\u001b[0m 19.646 ms - -\u001b[0m","service":"preplyte-api","timestamp":"2026-02-18 12:04:54"}
{"level":"debug","message":"Query: SELECT 1","service":"preplyte-api","timestamp":"2026-02-18 12:05:13"}
{"level":"debug","message":"Params: []","service":"preplyte-api","timestamp":"2026-02-18 12:05:13"}
{"level":"debug","message":"Duration: 0ms","service":"preplyte-api","timestamp":"2026-02-18 12:05:13"}
{"level":"debug","message":"Query: SELECT \"public\".\"users\".\"id\", \"public\".\"users\".\"email\", \"public\".\"users\".\"role\"::text, \"public\".\"users\".\"instituteId\", \"public\".\"users\".\"isActive\", \"public\".\"users\".\"tokenVersion\" FROM \"public\".\"users\" WHERE (\"public\".\"users\".\"id\" = $1 AND 1=1) LIMIT $2 OFFSET $3","service":"preplyte-api","timestamp":"2026-02-18 12:05:13"}
{"level":"debug","message":"Params: [\"cmlqa69ye0009mz559gk9ledi\",1,0]","service":"preplyte-api","timestamp":"2026-02-18 12:05:13"}
{"level":"debug","message":"Duration: 10ms","service":"preplyte-api","timestamp":"2026-02-18 12:05:13"}
{"level":"info","message":"\u001b[0mPOST /api/resume-builder/ats-check \u001b[32m200\u001b[0m 19283.090 ms - -\u001b[0m","service":"preplyte-api","timestamp":"2026-02-18 12:05:32"}
{"level":"debug","message":"Query: SELECT 1","service":"preplyte-api","timestamp":"2026-02-18 12:05:48"}
{"level":"debug","message":"Params: []","service":"preplyte-api","timestamp":"2026-02-18 12:05:48"}
{"level":"debug","message":"Duration: 0ms","service":"preplyte-api","timestamp":"2026-02-18 12:05:48"}
{"level":"debug","message":"Query: SELECT \"public\".\"users\".\"id\", \"public\".\"users\".\"email\", \"public\".\"users\".\"role\"::text, \"public\".\"users\".\"instituteId\", \"public\".\"users\".\"isActive\", \"public\".\"users\".\"tokenVersion\" FROM \"public\".\"users\" WHERE (\"public\".\"users\".\"id\" = $1 AND 1=1) LIMIT $2 OFFSET $3","service":"preplyte-api","timestamp":"2026-02-18 12:05:48"}
{"level":"debug","message":"Params: [\"cmlqa69ye0009mz559gk9ledi\",1,0]","service":"preplyte-api","timestamp":"2026-02-18 12:05:48"}
{"level":"debug","message":"Duration: 0ms","service":"preplyte-api","timestamp":"2026-02-18 12:05:48"}
{"level":"info","message":"\u001b[0mPOST /api/resume-builder/ats-check \u001b[32m200\u001b[0m 21774.208 ms - -\u001b[0m","service":"preplyte-api","timestamp":"2026-02-18 12:06:10"}
{"level":"debug","message":"Query: SELECT 1","service":"preplyte-api","timestamp":"2026-02-18 12:06:26"}
{"level":"debug","message":"Params: []","service":"preplyte-api","timestamp":"2026-02-18 12:06:26"}
{"level":"debug","message":"Duration: 0ms","service":"preplyte-api","timestamp":"2026-02-18 12:06:26"}
{"level":"debug","message":"Query: SELECT \"public\".\"users\".\"id\", \"public\".\"users\".\"email\", \"public\".\"users\".\"role\"::text, \"public\".\"users\".\"instituteId\", \"public\".\"users\".\"isActive\", \"public\".\"users\".\"tokenVersion\" FROM \"public\".\"users\" WHERE (\"public\".\"users\".\"id\" = $1 AND 1=1) LIMIT $2 OFFSET $3","service":"preplyte-api","timestamp":"2026-02-18 12:06:26"}
{"level":"debug","message":"Params: [\"cmlqa69ye0009mz559gk9ledi\",1,0]","service":"preplyte-api","timestamp":"2026-02-18 12:06:26"}
{"level":"debug","message":"Duration: 0ms","service":"preplyte-api","timestamp":"2026-02-18 12:06:26"}
{"level":"info","message":"\u001b[0mPOST /api/resume-builder/ats-check \u001b[32m200\u001b[0m 24805.849 ms - -\u001b[0m","service":"preplyte-api","timestamp":"2026-02-18 12:06:51"}
{"level":"debug","message":"Query: SELECT 1","service":"preplyte-api","timestamp":"2026-02-18 12:09:14"}
{"level":"debug","message":"Params: []","service":"preplyte-api","timestamp":"2026-02-18 12:09:14"}
{"level":"debug","message":"Duration: 0ms","service":"preplyte-api","timestamp":"2026-02-18 12:09:14"}
{"level":"debug","message":"Query: SELECT \"public\".\"users\".\"id\", \"public\".\"users\".\"email\", \"public\".\"users\".\"role\"::text, \"public\".\"users\".\"instituteId\", \"public\".\"users\".\"isActive\", \"public\".\"users\".\"tokenVersion\" FROM \"public\".\"users\" WHERE (\"public\".\"users\".\"id\" = $1 AND 1=1) LIMIT $2 OFFSET $3","service":"preplyte-api","timestamp":"2026-02-18 12:09:14"}
{"level":"debug","message":"Params: [\"cmlqa69ye0009mz559gk9ledi\",1,0]","service":"preplyte-api","timestamp":"2026-02-18 12:09:14"}
{"level":"debug","message":"Duration: 0ms","service":"preplyte-api","timestamp":"2026-02-18 12:09:14"}
{"level":"info","message":"\u001b[0mPOST /api/resume-builder/ats-check \u001b[32m200\u001b[0m 19418.062 ms - -\u001b[0m","service":"preplyte-api","timestamp":"2026-02-18 12:09:33"}
{"level":"debug","message":"Query: SELECT \"public\".\"users\".\"id\", \"public\".\"users\".\"email\", \"public\".\"users\".\"role\"::text, \"public\".\"users\".\"instituteId\", \"public\".\"users\".\"isActive\", \"public\".\"users\".\"tokenVersion\" FROM \"public\".\"users\" WHERE (\"public\".\"users\".\"id\" = $1 AND 1=1) LIMIT $2 OFFSET $3","service":"preplyte-api","timestamp":"2026-02-18 12:10:10"}
{"level":"debug","message":"Params: [\"cmlqa69ye0009mz559gk9ledi\",1,0]","service":"preplyte-api","timestamp":"2026-02-18 12:10:10"}
{"level":"debug","message":"Duration: 4ms","service":"preplyte-api","timestamp":"2026-02-18 12:10:10"}
{"level":"info","message":"\u001b[0mPOST /api/resume-builder/ats-check \u001b[32m200\u001b[0m 19320.675 ms - -\u001b[0m","service":"preplyte-api","timestamp":"2026-02-18 12:10:29"}
{"level":"debug","message":"Query: SELECT 1","service":"preplyte-api","timestamp":"2026-02-18 12:14:12"}
{"level":"debug","message":"Params: []","service":"preplyte-api","timestamp":"2026-02-18 12:14:12"}
{"level":"debug","message":"Duration: 0ms","service":"preplyte-api","timestamp":"2026-02-18 12:14:12"}
{"level":"debug","message":"Query: SELECT \"public\".\"users\".\"id\", \"public\".\"users\".\"email\", \"public\".\"users\".\"role\"::text, \"public\".\"users\".\"instituteId\", \"public\".\"users\".\"isActive\", \"public\".\"users\".\"tokenVersion\" FROM \"public\".\"users\" WHERE (\"public\".\"users\".\"id\" = $1 AND 1=1) LIMIT $2 OFFSET $3","service":"preplyte-api","timestamp":"2026-02-18 12:14:12"}
{"level":"debug","message":"Params: [\"cmlqa69ye0009mz559gk9ledi\",1,0]","service":"preplyte-api","timestamp":"2026-02-18 12:14:12"}
{"level":"debug","message":"Duration: 0ms","service":"preplyte-api","timestamp":"2026-02-18 12:14:12"}
{"level":"info","message":"\u001b[0mPOST /api/resume-builder/ats-check \u001b[32m200\u001b[0m 11163.997 ms - -\u001b[0m","service":"preplyte-api","timestamp":"2026-02-18 12:14:23"}
{"level":"debug","message":"Query: SELECT \"public\".\"users\".\"id\", \"public\".\"users\".\"email\", \"public\".\"users\".\"role\"::text, \"public\".\"users\".\"instituteId\", \"public\".\"users\".\"isActive\", \"public\".\"users\".\"tokenVersion\" FROM \"public\".\"users\" WHERE (\"public\".\"users\".\"id\" = $1 AND 1=1) LIMIT $2 OFFSET $3","service":"preplyte-api","timestamp":"2026-02-18 12:17:19"}
{"level":"debug","message":"Params: [\"cmlqa69ye0009mz559gk9ledi\",1,0]","service":"preplyte-api","timestamp":"2026-02-18 12:17:19"}
{"level":"debug","message":"Duration: 7ms","service":"preplyte-api","timestamp":"2026-02-18 12:17:19"}
{"level":"info","message":"\u001b[0mGET /api/leaderboard/config \u001b[32m200\u001b[0m 122.705 ms - 1012\u001b[0m","service":"preplyte-api","timestamp":"2026-02-18 12:17:19"}
{"level":"debug","message":"Query: SELECT \"public\".\"users\".\"id\", \"public\".\"users\".\"email\", \"public\".\"users\".\"role\"::text, \"public\".\"users\".\"instituteId\", \"public\".\"users\".\"isActive\", \"public\".\"users\".\"tokenVersion\" FROM \"public\".\"users\" WHERE (\"public\".\"users\".\"id\" = $1 AND 1=1) LIMIT $2 OFFSET $3","service":"preplyte-api","timestamp":"2026-02-18 12:17:19"}
{"level":"debug","message":"Params: [\"cmlqa69ye0009mz559gk9ledi\",1,0]","service":"preplyte-api","timestamp":"2026-02-18 12:17:19"}
{"level":"debug","message":"Duration: 7ms","service":"preplyte-api","timestamp":"2026-02-18 12:17:19"}
{"level":"debug","message":"Query: SELECT \"public\".\"users\".\"id\", \"public\".\"users\".\"email\", \"public\".\"users\".\"role\"::text, \"public\".\"users\".\"instituteId\", \"public\".\"users\".\"isActive\", \"public\".\"users\".\"tokenVersion\" FROM \"public\".\"users\" WHERE (\"public\".\"users\".\"id\" = $1 AND 1=1) LIMIT $2 OFFSET $3","service":"preplyte-api","timestamp":"2026-02-18 12:17:19"}
{"level":"debug","message":"Params: [\"cmlqa69ye0009mz559gk9ledi\",1,0]","service":"preplyte-api","timestamp":"2026-02-18 12:17:19"}
{"level":"debug","message":"Duration: 9ms","service":"preplyte-api","timestamp":"2026-02-18 12:17:19"}
{"category":"overall","level":"info","limit":20,"message":"[LeaderboardService] Fetching leaderboard","page":1,"scope":"global","service":"preplyte-api","timestamp":"2026-02-18 12:17:19","userId":"cmlqa69ye0009mz559gk9ledi"}
{"level":"debug","message":"Query: SELECT SUM(\"public\".\"machine_practice_sessions\".\"totalSolved\"), \"public\".\"machine_practice_sessions\".\"userId\" FROM \"public\".\"machine_practice_sessions\" WHERE \"public\".\"machine_practice_sessions\".\"completedAt\" IS NOT NULL GROUP BY \"public\".\"machine_practice_sessions\".\"userId\" OFFSET $1","service":"preplyte-api","timestamp":"2026-02-18 12:17:19"}
{"level":"debug","message":"Params: [0]","service":"preplyte-api","timestamp":"2026-02-18 12:17:19"}
{"level":"debug","message":"Duration: 5ms","service":"preplyte-api","timestamp":"2026-02-18 12:17:19"}
{"level":"debug","message":"Query: SELECT SUM(\"public\".\"ai_interview_feedbacks\".\"overallScore\"), \"public\".\"ai_interview_feedbacks\".\"userId\" FROM \"public\".\"ai_interview_feedbacks\" WHERE 1=1 GROUP BY \"public\".\"ai_interview_feedbacks\".\"userId\" OFFSET $1","service":"preplyte-api","timestamp":"2026-02-18 12:17:19"}
{"level":"debug","message":"Params: [0]","service":"preplyte-api","timestamp":"2026-02-18 12:17:19"}
{"level":"debug","message":"Duration: 6ms","service":"preplyte-api","timestamp":"2026-02-18 12:17:19"}
{"level":"debug","message":"Query: SELECT SUM(\"public\".\"lms_enrollments\".\"totalPointsEarned\"), \"public\".\"lms_enrollments\".\"userId\" FROM \"public\".\"lms_enrollments\" WHERE 1=1 GROUP BY \"public\".\"lms_enrollments\".\"userId\" OFFSET $1","service":"preplyte-api","timestamp":"2026-02-18 12:17:19"}
{"level":"debug","message":"Params: [0]","service":"preplyte-api","timestamp":"2026-02-18 12:17:19"}
{"level":"debug","message":"Duration: 7ms","service":"preplyte-api","timestamp":"2026-02-18 12:17:19"}
{"level":"debug","message":"Query: SELECT \"public\".\"users\".\"id\", \"public\".\"users\".\"name\", \"public\".\"users\".\"profilePictureUrl\", \"public\".\"users\".\"instituteId\" FROM \"public\".\"users\" WHERE \"public\".\"users\".\"id\" IN ($1) OFFSET $2","service":"preplyte-api","timestamp":"2026-02-18 12:17:19"}
{"level":"debug","message":"Params: [\"cmlq4h9or004p9qehngr7b15o\",0]","service":"preplyte-api","timestamp":"2026-02-18 12:17:19"}
{"level":"debug","message":"Duration: 0ms","service":"preplyte-api","timestamp":"2026-02-18 12:17:19"}
{"level":"debug","message":"Query: SELECT \"public\".\"student_profiles\".\"id\", \"public\".\"student_profiles\".\"fullName\", \"public\".\"student_profiles\".\"departmentId\", \"public\".\"student_profiles\".\"userId\" FROM \"public\".\"student_profiles\" WHERE \"public\".\"student_profiles\".\"userId\" IN ($1) OFFSET $2","service":"preplyte-api","timestamp":"2026-02-18 12:17:19"}
{"level":"debug","message":"Params: [\"cmlq4h9or004p9qehngr7b15o\",0]","service":"preplyte-api","timestamp":"2026-02-18 12:17:19"}
{"level":"debug","message":"Duration: 9ms","service":"preplyte-api","timestamp":"2026-02-18 12:17:19"}
{"level":"debug","message":"Query: SELECT \"public\".\"departments\".\"id\", \"public\".\"departments\".\"name\" FROM \"public\".\"departments\" WHERE \"public\".\"departments\".\"id\" IN ($1) OFFSET $2","service":"preplyte-api","timestamp":"2026-02-18 12:17:19"}
{"level":"debug","message":"Params: [\"cmlq8n2sa0001s9ls3j4u6ytv\",0]","service":"preplyte-api","timestamp":"2026-02-18 12:17:19"}
{"level":"debug","message":"Duration: 6ms","service":"preplyte-api","timestamp":"2026-02-18 12:17:19"}
{"level":"debug","message":"Query: SELECT \"public\".\"institutes\".\"id\", \"public\".\"institutes\".\"name\" FROM \"public\".\"institutes\" WHERE \"public\".\"institutes\".\"id\" IN ($1) OFFSET $2","service":"preplyte-api","timestamp":"2026-02-18 12:17:19"}
{"level":"debug","message":"Params: [\"c1d2e3f4g5h6i7j8k9l0\",0]","service":"preplyte-api","timestamp":"2026-02-18 12:17:19"}
{"level":"debug","message":"Duration: 4ms","service":"preplyte-api","timestamp":"2026-02-18 12:17:19"}
{"level":"debug","message":"Query: SELECT SUM(\"public\".\"aptitude_practice_sessions\".\"totalCorrect\"), \"public\".\"aptitude_practice_sessions\".\"userId\" FROM \"public\".\"aptitude_practice_sessions\" WHERE \"public\".\"aptitude_practice_sessions\".\"completedAt\" IS NOT NULL GROUP BY \"public\".\"aptitude_practice_sessions\".\"userId\" OFFSET $1","service":"preplyte-api","timestamp":"2026-02-18 12:17:19"}
{"level":"debug","message":"Params: [0]","service":"preplyte-api","timestamp":"2026-02-18 12:17:19"}
{"level":"debug","message":"Duration: 6ms","service":"preplyte-api","timestamp":"2026-02-18 12:17:19"}
{"level":"debug","message":"Query: SELECT SUM(\"public\".\"mock_drive_attempts\".\"totalScore\"), \"public\".\"mock_drive_attempts\".\"userId\" FROM \"public\".\"mock_drive_attempts\" WHERE \"public\".\"mock_drive_attempts\".\"status\" IN (CAST($1::text AS \"public\".\"MockDriveAttemptStatus\"),CAST($2::text AS \"public\".\"MockDriveAttemptStatus\")) GROUP BY \"public\".\"mock_drive_attempts\".\"userId\" OFFSET $3","service":"preplyte-api","timestamp":"2026-02-18 12:17:19"}
{"level":"debug","message":"Params: [\"COMPLETED\",\"TIMED_OUT\",0]","service":"preplyte-api","timestamp":"2026-02-18 12:17:19"}
{"level":"debug","message":"Duration: 11ms","service":"preplyte-api","timestamp":"2026-02-18 12:17:19"}
{"level":"debug","message":"Query: SELECT SUM(\"totalCorrect\") FROM (SELECT \"public\".\"aptitude_practice_sessions\".\"totalCorrect\" FROM \"public\".\"aptitude_practice_sessions\" WHERE (\"public\".\"aptitude_practice_sessions\".\"userId\" = $1 AND \"public\".\"aptitude_practice_sessions\".\"completedAt\" IS NOT NULL) OFFSET $2) AS \"sub\"","service":"preplyte-api","timestamp":"2026-02-18 12:17:19"}
{"level":"debug","message":"Params: [\"cmlqa69ye0009mz559gk9ledi\",0]","service":"preplyte-api","timestamp":"2026-02-18 12:17:19"}
{"level":"debug","message":"Duration: 4ms","service":"preplyte-api","timestamp":"2026-02-18 12:17:19"}
{"level":"debug","message":"Query: SELECT SUM(\"totalPointsEarned\") FROM (SELECT \"public\".\"lms_enrollments\".\"totalPointsEarned\" FROM \"public\".\"lms_enrollments\" WHERE \"public\".\"lms_enrollments\".\"userId\" = $1 OFFSET $2) AS \"sub\"","service":"preplyte-api","timestamp":"2026-02-18 12:17:19"}
{"level":"debug","message":"Params: [\"cmlqa69ye0009mz559gk9ledi\",0]","service":"preplyte-api","timestamp":"2026-02-18 12:17:19"}
{"level":"debug","message":"Duration: 4ms","service":"preplyte-api","timestamp":"2026-02-18 12:17:19"}
{"level":"debug","message":"Query: SELECT SUM(\"totalScore\") FROM (SELECT \"public\".\"mock_drive_attempts\".\"totalScore\" FROM \"public\".\"mock_drive_attempts\" WHERE (\"public\".\"mock_drive_attempts\".\"userId\" = $1 AND \"public\".\"mock_drive_attempts\".\"status\" IN (CAST($2::text AS \"public\".\"MockDriveAttemptStatus\"),CAST($3::text AS \"public\".\"MockDriveAttemptStatus\"))) OFFSET $4) AS \"sub\"","service":"preplyte-api","timestamp":"2026-02-18 12:17:19"}
{"level":"debug","message":"Params: [\"cmlqa69ye0009mz559gk9ledi\",\"COMPLETED\",\"TIMED_OUT\",0]","service":"preplyte-api","timestamp":"2026-02-18 12:17:19"}
{"level":"debug","message":"Duration: 6ms","service":"preplyte-api","timestamp":"2026-02-18 12:17:19"}
{"level":"debug","message":"Query: SELECT SUM(\"totalCorrect\") FROM (SELECT \"public\".\"aptitude_practice_sessions\".\"totalCorrect\" FROM \"public\".\"aptitude_practice_sessions\" WHERE (\"public\".\"aptitude_practice_sessions\".\"userId\" = $1 AND \"public\".\"aptitude_practice_sessions\".\"completedAt\" IS NOT NULL) OFFSET $2) AS \"sub\"","service":"preplyte-api","timestamp":"2026-02-18 12:17:19"}
{"level":"debug","message":"Params: [\"cmlqa69ye0009mz559gk9ledi\",0]","service":"preplyte-api","timestamp":"2026-02-18 12:17:19"}
{"level":"debug","message":"Duration: 6ms","service":"preplyte-api","timestamp":"2026-02-18 12:17:19"}
{"level":"debug","message":"Query: SELECT SUM(\"totalSolved\") FROM (SELECT \"public\".\"machine_practice_sessions\".\"totalSolved\" FROM \"public\".\"machine_practice_sessions\" WHERE (\"public\".\"machine_practice_sessions\".\"userId\" = $1 AND \"public\".\"machine_practice_sessions\".\"completedAt\" IS NOT NULL) OFFSET $2) AS \"sub\"","service":"preplyte-api","timestamp":"2026-02-18 12:17:19"}
{"level":"debug","message":"Params: [\"cmlqa69ye0009mz559gk9ledi\",0]","service":"preplyte-api","timestamp":"2026-02-18 12:17:19"}
{"level":"debug","message":"Duration: 6ms","service":"preplyte-api","timestamp":"2026-02-18 12:17:19"}
{"level":"debug","message":"Query: SELECT SUM(\"totalPointsEarned\") FROM (SELECT \"public\".\"lms_enrollments\".\"totalPointsEarned\" FROM \"public\".\"lms_enrollments\" WHERE \"public\".\"lms_enrollments\".\"userId\" = $1 OFFSET $2) AS \"sub\"","service":"preplyte-api","timestamp":"2026-02-18 12:17:19"}
{"level":"debug","message":"Params: [\"cmlqa69ye0009mz559gk9ledi\",0]","service":"preplyte-api","timestamp":"2026-02-18 12:17:19"}
{"level":"debug","message":"Duration: 6ms","service":"preplyte-api","timestamp":"2026-02-18 12:17:19"}
{"level":"debug","message":"Query: SELECT SUM(\"totalSolved\") FROM (SELECT \"public\".\"machine_practice_sessions\".\"totalSolved\" FROM \"public\".\"machine_practice_sessions\" WHERE (\"public\".\"machine_practice_sessions\".\"userId\" = $1 AND \"public\".\"machine_practice_sessions\".\"completedAt\" IS NOT NULL) OFFSET $2) AS \"sub\"","service":"preplyte-api","timestamp":"2026-02-18 12:17:19"}
{"level":"debug","message":"Params: [\"cmlqa69ye0009mz559gk9ledi\",0]","service":"preplyte-api","timestamp":"2026-02-18 12:17:19"}
{"level":"debug","message":"Duration: 6ms","service":"preplyte-api","timestamp":"2026-02-18 12:17:19"}
{"level":"debug","message":"Query: SELECT SUM(\"overallScore\") FROM (SELECT \"public\".\"ai_interview_feedbacks\".\"overallScore\" FROM \"public\".\"ai_interview_feedbacks\" WHERE \"public\".\"ai_interview_feedbacks\".\"userId\" = $1 OFFSET $2) AS \"sub\"","service":"preplyte-api","timestamp":"2026-02-18 12:17:19"}
{"level":"debug","message":"Params: [\"cmlqa69ye0009mz559gk9ledi\",0]","service":"preplyte-api","timestamp":"2026-02-18 12:17:19"}
{"level":"debug","message":"Duration: 6ms","service":"preplyte-api","timestamp":"2026-02-18 12:17:19"}
{"level":"debug","message":"Query: SELECT SUM(\"overallScore\") FROM (SELECT \"public\".\"ai_interview_feedbacks\".\"overallScore\" FROM \"public\".\"ai_interview_feedbacks\" WHERE \"public\".\"ai_interview_feedbacks\".\"userId\" = $1 OFFSET $2) AS \"sub\"","service":"preplyte-api","timestamp":"2026-02-18 12:17:19"}
{"level":"debug","message":"Params: [\"cmlqa69ye0009mz559gk9ledi\",0]","service":"preplyte-api","timestamp":"2026-02-18 12:17:19"}
{"level":"debug","message":"Duration: 3ms","service":"preplyte-api","timestamp":"2026-02-18 12:17:19"}
{"level":"debug","message":"Query: SELECT SUM(\"totalScore\") FROM (SELECT \"public\".\"mock_drive_attempts\".\"totalScore\" FROM \"public\".\"mock_drive_attempts\" WHERE (\"public\".\"mock_drive_attempts\".\"userId\" = $1 AND \"public\".\"mock_drive_attempts\".\"status\" IN (CAST($2::text AS \"public\".\"MockDriveAttemptStatus\"),CAST($3::text AS \"public\".\"MockDriveAttemptStatus\"))) OFFSET $4) AS \"sub\"","service":"preplyte-api","timestamp":"2026-02-18 12:17:19"}
{"level":"debug","message":"Params: [\"cmlqa69ye0009mz559gk9ledi\",\"COMPLETED\",\"TIMED_OUT\",0]","service":"preplyte-api","timestamp":"2026-02-18 12:17:19"}
{"level":"debug","message":"Duration: 7ms","service":"preplyte-api","timestamp":"2026-02-18 12:17:19"}
{"level":"info","message":"\u001b[0mGET /api/leaderboard?scope=global&category=overall&page=1&limit=20 \u001b[32m200\u001b[0m 227.534 ms - 720\u001b[0m","service":"preplyte-api","timestamp":"2026-02-18 12:17:19"}
{"level":"info","message":"\u001b[0mGET /api/leaderboard/my-scores \u001b[32m200\u001b[0m 224.611 ms - 144\u001b[0m","service":"preplyte-api","timestamp":"2026-02-18 12:17:19"}
{"level":"debug","message":"Query: SELECT 1","service":"preplyte-api","timestamp":"2026-02-18 12:17:40"}
{"level":"debug","message":"Params: []","service":"preplyte-api","timestamp":"2026-02-18 12:17:40"}
{"level":"debug","message":"Duration: 0ms","service":"preplyte-api","timestamp":"2026-02-18 12:17:40"}
{"level":"debug","message":"Query: SELECT \"public\".\"lms_categories\".\"id\", \"public\".\"lms_categories\".\"name\", \"public\".\"lms_categories\".\"slug\", \"public\".\"lms_categories\".\"description\", \"public\".\"lms_categories\".\"iconUrl\", \"public\".\"lms_categories\".\"order\", \"public\".\"lms_categories\".\"isActive\", \"public\".\"lms_categories\".\"createdAt\", \"public\".\"lms_categories\".\"updatedAt\", COALESCE(\"aggr_selection_0_LmsCourse\".\"_aggr_count_courses\", 0) AS \"_aggr_count_courses\" FROM \"public\".\"lms_categories\" LEFT JOIN (SELECT \"public\".\"lms_courses\".\"categoryId\", COUNT(*) AS \"_aggr_count_courses\" FROM \"public\".\"lms_courses\" WHERE (\"public\".\"lms_courses\".\"status\" = CAST($1::text AS \"public\".\"LmsCourseStatus\") AND \"public\".\"lms_courses\".\"isActive\" = $2) GROUP BY \"public\".\"lms_courses\".\"categoryId\") AS \"aggr_selection_0_LmsCourse\" ON (\"public\".\"lms_categories\".\"id\" = \"aggr_selection_0_LmsCourse\".\"categoryId\") WHERE \"public\".\"lms_categories\".\"isActive\" = $3 ORDER BY \"public\".\"lms_categories\".\"order\" ASC OFFSET $4","service":"preplyte-api","timestamp":"2026-02-18 12:17:40"}
{"level":"debug","message":"Params: [\"PUBLISHED\",true,true,0]","service":"preplyte-api","timestamp":"2026-02-18 12:17:40"}
{"level":"debug","message":"Duration: 25ms","service":"preplyte-api","timestamp":"2026-02-18 12:17:40"}
{"level":"info","message":"\u001b[0mGET /api/lms/categories \u001b[36m304\u001b[0m 37.398 ms - -\u001b[0m","service":"preplyte-api","timestamp":"2026-02-18 12:17:40"}
{"level":"debug","message":"Query: SELECT 1","service":"preplyte-api","timestamp":"2026-02-18 12:17:40"}
{"level":"debug","message":"Params: []","service":"preplyte-api","timestamp":"2026-02-18 12:17:40"}
{"level":"debug","message":"Duration: 0ms","service":"preplyte-api","timestamp":"2026-02-18 12:17:40"}
{"level":"debug","message":"Query: SELECT 1","service":"preplyte-api","timestamp":"2026-02-18 12:17:40"}
{"level":"debug","message":"Params: []","service":"preplyte-api","timestamp":"2026-02-18 12:17:40"}
{"level":"debug","message":"Duration: 0ms","service":"preplyte-api","timestamp":"2026-02-18 12:17:40"}
{"level":"debug","message":"Query: SELECT 1","service":"preplyte-api","timestamp":"2026-02-18 12:17:40"}
{"level":"debug","message":"Params: []","service":"preplyte-api","timestamp":"2026-02-18 12:17:40"}
{"level":"debug","message":"Duration: 0ms","service":"preplyte-api","timestamp":"2026-02-18 12:17:40"}
{"level":"debug","message":"Query: SELECT COUNT(*) FROM (SELECT \"public\".\"lms_courses\".\"id\" FROM \"public\".\"lms_courses\" WHERE (\"public\".\"lms_courses\".\"status\" = CAST($1::text AS \"public\".\"LmsCourseStatus\") AND \"public\".\"lms_courses\".\"isActive\" = $2) OFFSET $3) AS \"sub\"","service":"preplyte-api","timestamp":"2026-02-18 12:17:40"}
{"level":"debug","message":"Params: [\"PUBLISHED\",true,0]","service":"preplyte-api","timestamp":"2026-02-18 12:17:40"}
{"level":"debug","message":"Duration: 2ms","service":"preplyte-api","timestamp":"2026-02-18 12:17:40"}
{"level":"debug","message":"Query: SELECT \"public\".\"lms_courses\".\"id\", \"public\".\"lms_courses\".\"instructor\" FROM \"public\".\"lms_courses\" WHERE (\"public\".\"lms_courses\".\"status\" = CAST($1::text AS \"public\".\"LmsCourseStatus\") AND \"public\".\"lms_courses\".\"isActive\" = $2) OFFSET $3","service":"preplyte-api","timestamp":"2026-02-18 12:17:40"}
{"level":"debug","message":"Params: [\"PUBLISHED\",true,0]","service":"preplyte-api","timestamp":"2026-02-18 12:17:40"}
{"level":"debug","message":"Duration: 13ms","service":"preplyte-api","timestamp":"2026-02-18 12:17:40"}
{"level":"debug","message":"Query: SELECT COUNT(*), \"public\".\"lms_enrollments\".\"userId\" FROM \"public\".\"lms_enrollments\" WHERE 1=1 GROUP BY \"public\".\"lms_enrollments\".\"userId\" OFFSET $1","service":"preplyte-api","timestamp":"2026-02-18 12:17:40"}
{"level":"debug","message":"Params: [0]","service":"preplyte-api","timestamp":"2026-02-18 12:17:40"}
{"level":"debug","message":"Duration: 13ms","service":"preplyte-api","timestamp":"2026-02-18 12:17:40"}
{"level":"debug","message":"Query: SELECT AVG(\"progressPercent\") FROM (SELECT \"public\".\"lms_enrollments\".\"progressPercent\" FROM \"public\".\"lms_enrollments\" WHERE \"public\".\"lms_enrollments\".\"status\" = CAST($1::text AS \"public\".\"LmsEnrollmentStatus\") OFFSET $2) AS \"sub\"","service":"preplyte-api","timestamp":"2026-02-18 12:17:40"}
{"level":"debug","message":"Params: [\"COMPLETED\",0]","service":"preplyte-api","timestamp":"2026-02-18 12:17:40"}
{"level":"debug","message":"Duration: 13ms","service":"preplyte-api","timestamp":"2026-02-18 12:17:40"}
{"level":"info","message":"\u001b[0mGET /api/lms/stats \u001b[36m304\u001b[0m 29.442 ms - -\u001b[0m","service":"preplyte-api","timestamp":"2026-02-18 12:17:40"}
{"level":"debug","message":"Query: SELECT \"public\".\"users\".\"id\", \"public\".\"users\".\"email\", \"public\".\"users\".\"role\"::text, \"public\".\"users\".\"instituteId\", \"public\".\"users\".\"isActive\", \"public\".\"users\".\"tokenVersion\" FROM \"public\".\"users\" WHERE (\"public\".\"users\".\"id\" = $1 AND 1=1) LIMIT $2 OFFSET $3","service":"preplyte-api","timestamp":"2026-02-18 12:17:40"}
{"level":"debug","message":"Params: [\"cmlqa69ye0009mz559gk9ledi\",1,0]","service":"preplyte-api","timestamp":"2026-02-18 12:17:40"}
{"level":"debug","message":"Duration: 10ms","service":"preplyte-api","timestamp":"2026-02-18 12:17:40"}
{"level":"debug","message":"Query: SELECT \"public\".\"lms_enrollments\".\"id\", \"public\".\"lms_enrollments\".\"courseId\", \"public\".\"lms_enrollments\".\"progressPercent\" FROM \"public\".\"lms_enrollments\" WHERE \"public\".\"lms_enrollments\".\"userId\" = $1 OFFSET $2","service":"preplyte-api","timestamp":"2026-02-18 12:17:40"}
{"level":"debug","message":"Params: [\"cmlqa69ye0009mz559gk9ledi\",0]","service":"preplyte-api","timestamp":"2026-02-18 12:17:40"}
{"level":"debug","message":"Duration: 1ms","service":"preplyte-api","timestamp":"2026-02-18 12:17:40"}
{"level":"debug","message":"Query: SELECT COUNT(*) FROM (SELECT \"public\".\"lms_courses\".\"id\" FROM \"public\".\"lms_courses\" WHERE (\"public\".\"lms_courses\".\"status\" = CAST($1::text AS \"public\".\"LmsCourseStatus\") AND \"public\".\"lms_courses\".\"isActive\" = $2) OFFSET $3) AS \"sub\"","service":"preplyte-api","timestamp":"2026-02-18 12:17:40"}
{"level":"debug","message":"Params: [\"PUBLISHED\",true,0]","service":"preplyte-api","timestamp":"2026-02-18 12:17:40"}
{"level":"debug","message":"Duration: 8ms","service":"preplyte-api","timestamp":"2026-02-18 12:17:40"}
{"level":"debug","message":"Query: SELECT \"public\".\"lms_courses\".\"id\", \"public\".\"lms_courses\".\"categoryId\", \"public\".\"lms_courses\".\"title\", \"public\".\"lms_courses\".\"slug\", \"public\".\"lms_courses\".\"shortDescription\", \"public\".\"lms_courses\".\"description\", \"public\".\"lms_courses\".\"thumbnailUrl\", \"public\".\"lms_courses\".\"previewVideoUrl\", \"public\".\"lms_courses\".\"totalModules\", \"public\".\"lms_courses\".\"totalTopics\", \"public\".\"lms_courses\".\"totalPoints\", \"public\".\"lms_courses\".\"totalHours\", \"public\".\"lms_courses\".\"price\", \"public\".\"lms_courses\".\"discountPrice\", \"public\".\"lms_courses\".\"currency\", \"public\".\"lms_courses\".\"status\"::text, \"public\".\"lms_courses\".\"isActive\", \"public\".\"lms_courses\".\"certificateEnabled\", \"public\".\"lms_courses\".\"passingPercentage\", \"public\".\"lms_courses\".\"tags\", \"public\".\"lms_courses\".\"difficulty\"::text, \"public\".\"lms_courses\".\"instructor\", \"public\".\"lms_courses\".\"language\", \"public\".\"lms_courses\".\"averageRating\", \"public\".\"lms_courses\".\"ratingsCount\", \"public\".\"lms_courses\".\"createdAt\", \"public\".\"lms_courses\".\"updatedAt\", \"public\".\"lms_courses\".\"publishedAt\", COALESCE(\"aggr_selection_0_LmsEnrollment\".\"_aggr_count_enrollments\", 0) AS \"_aggr_count_enrollments\" FROM \"public\".\"lms_courses\" LEFT JOIN (SELECT \"public\".\"lms_enrollments\".\"courseId\", COUNT(*) AS \"orderby_aggregator\" FROM \"public\".\"lms_enrollments\" WHERE 1=1 GROUP BY \"public\".\"lms_enrollments\".\"courseId\") AS \"orderby_1_LmsEnrollment\" ON (\"public\".\"lms_courses\".\"id\" = \"orderby_1_LmsEnrollment\".\"courseId\") LEFT JOIN (SELECT \"public\".\"lms_enrollments\".\"courseId\", COUNT(*) AS \"_aggr_count_enrollments\" FROM \"public\".\"lms_enrollments\" WHERE 1=1 GROUP BY \"public\".\"lms_enrollments\".\"courseId\") AS \"aggr_selection_0_LmsEnrollment\" ON (\"public\".\"lms_courses\".\"id\" = \"aggr_selection_0_LmsEnrollment\".\"courseId\") WHERE (\"public\".\"lms_courses\".\"status\" = CAST($1::text AS \"public\".\"LmsCourseStatus\") AND \"public\".\"lms_courses\".\"isActive\" = $2) ORDER BY COALESCE(\"orderby_1_LmsEnrollment\".\"orderby_aggregator\", $3) DESC LIMIT $4 OFFSET $5","service":"preplyte-api","timestamp":"2026-02-18 12:17:40"}
{"level":"debug","message":"Params: [\"PUBLISHED\",true,0,12,0]","service":"preplyte-api","timestamp":"2026-02-18 12:17:40"}
{"level":"debug","message":"Duration: 8ms","service":"preplyte-api","timestamp":"2026-02-18 12:17:40"}
{"level":"debug","message":"Query: SELECT \"public\".\"lms_categories\".\"id\", \"public\".\"lms_categories\".\"name\", \"public\".\"lms_categories\".\"slug\" FROM \"public\".\"lms_categories\" WHERE \"public\".\"lms_categories\".\"id\" IN ($1) OFFSET $2","service":"preplyte-api","timestamp":"2026-02-18 12:17:40"}
{"level":"debug","message":"Params: [\"cmlq4lrae0003ail99wlb2luj\",0]","service":"preplyte-api","timestamp":"2026-02-18 12:17:40"}
{"level":"debug","message":"Duration: 7ms","service":"preplyte-api","timestamp":"2026-02-18 12:17:40"}
{"level":"info","message":"\u001b[0mGET /api/lms/courses?page=1&limit=12&priceRange=all&sortBy=popular&search= \u001b[32m200\u001b[0m 48.143 ms - 570\u001b[0m","service":"preplyte-api","timestamp":"2026-02-18 12:17:40"}
{"level":"info","message":"\u001b[0mGET /api/admin/lms/courses?page=1&limit=10&search= \u001b[33m401\u001b[0m 1.986 ms - 108\u001b[0m","service":"preplyte-api","timestamp":"2026-02-18 12:17:45"}
{"level":"debug","message":"Query: SELECT \"public\".\"refresh_tokens\".\"id\", \"public\".\"refresh_tokens\".\"token\", \"public\".\"refresh_tokens\".\"userId\", \"public\".\"refresh_tokens\".\"expiresAt\", \"public\".\"refresh_tokens\".\"revokedAt\", \"public\".\"refresh_tokens\".\"userAgent\", \"public\".\"refresh_tokens\".\"ipAddress\", \"public\".\"refresh_tokens\".\"createdAt\" FROM \"public\".\"refresh_tokens\" WHERE (\"public\".\"refresh_tokens\".\"token\" = $1 AND \"public\".\"refresh_tokens\".\"userId\" = $2) LIMIT $3 OFFSET $4","service":"preplyte-api","timestamp":"2026-02-18 12:17:45"}
{"level":"debug","message":"Params: [\"e1677901be73367e7348354ac1eb05d67d15dc38cc107978b0986e1f89b430f6\",\"cmlq4geyi00019qeh3xpio9yr\",1,0]","service":"preplyte-api","timestamp":"2026-02-18 12:17:45"}
{"level":"debug","message":"Duration: 5ms","service":"preplyte-api","timestamp":"2026-02-18 12:17:45"}
{"level":"debug","message":"Query: SELECT \"public\".\"users\".\"id\", \"public\".\"users\".\"email\", \"public\".\"users\".\"password\", \"public\".\"users\".\"name\", \"public\".\"users\".\"role\"::text, \"public\".\"users\".\"isActive\", \"public\".\"users\".\"instituteId\", \"public\".\"users\".\"profilePictureUrl\", \"public\".\"users\".\"googleId\", \"public\".\"users\".\"provider\", \"public\".\"users\".\"avatar\", \"public\".\"users\".\"createdAt\", \"public\".\"users\".\"updatedAt\", \"public\".\"users\".\"lastLoginAt\", \"public\".\"users\".\"tokenVersion\" FROM \"public\".\"users\" WHERE (\"public\".\"users\".\"id\" = $1 AND 1=1) LIMIT $2 OFFSET $3","service":"preplyte-api","timestamp":"2026-02-18 12:17:45"}
{"level":"debug","message":"Params: [\"cmlq4geyi00019qeh3xpio9yr\",1,0]","service":"preplyte-api","timestamp":"2026-02-18 12:17:45"}
{"level":"debug","message":"Duration: 8ms","service":"preplyte-api","timestamp":"2026-02-18 12:17:45"}
{"level":"debug","message":"Query: BEGIN","service":"preplyte-api","timestamp":"2026-02-18 12:17:45"}
{"level":"debug","message":"Params: []","service":"preplyte-api","timestamp":"2026-02-18 12:17:45"}
{"level":"debug","message":"Duration: 0ms","service":"preplyte-api","timestamp":"2026-02-18 12:17:45"}
{"level":"debug","message":"Query: UPDATE \"public\".\"refresh_tokens\" SET \"revokedAt\" = $1 WHERE (\"public\".\"refresh_tokens\".\"id\" = $2 AND 1=1) RETURNING \"public\".\"refresh_tokens\".\"id\", \"public\".\"refresh_tokens\".\"token\", \"public\".\"refresh_tokens\".\"userId\", \"public\".\"refresh_tokens\".\"expiresAt\", \"public\".\"refresh_tokens\".\"revokedAt\", \"public\".\"refresh_tokens\".\"userAgent\", \"public\".\"refresh_tokens\".\"ipAddress\", \"public\".\"refresh_tokens\".\"createdAt\"","service":"preplyte-api","timestamp":"2026-02-18 12:17:45"}
{"level":"debug","message":"Params: [\"2026-02-18 06:47:45.969 UTC\",\"cmlqzeugx0001118qy6vdowm0\"]","service":"preplyte-api","timestamp":"2026-02-18 12:17:45"}
{"level":"debug","message":"Duration: 2ms","service":"preplyte-api","timestamp":"2026-02-18 12:17:45"}
{"level":"debug","message":"Query: INSERT INTO \"public\".\"refresh_tokens\" (\"id\",\"token\",\"userId\",\"expiresAt\",\"createdAt\") VALUES ($1,$2,$3,$4,$5) RETURNING \"public\".\"refresh_tokens\".\"id\", \"public\".\"refresh_tokens\".\"token\", \"public\".\"refresh_tokens\".\"userId\", \"public\".\"refresh_tokens\".\"expiresAt\", \"public\".\"refresh_tokens\".\"revokedAt\", \"public\".\"refresh_tokens\".\"userAgent\", \"public\".\"refresh_tokens\".\"ipAddress\", \"public\".\"refresh_tokens\".\"createdAt\"","service":"preplyte-api","timestamp":"2026-02-18 12:17:45"}
{"level":"debug","message":"Params: [\"cmlro722c0005z1aijqav5m6q\",\"8f4cbf7a2bc4e41d4da89a7e74e26cd40c93821847526901f3d7effc48696246\",\"cmlq4geyi00019qeh3xpio9yr\",\"2026-02-25 06:47:45.970 UTC\",\"2026-02-18 06:47:45.971 UTC\"]","service":"preplyte-api","timestamp":"2026-02-18 12:17:45"}
{"level":"debug","message":"Duration: 1ms","service":"preplyte-api","timestamp":"2026-02-18 12:17:45"}
{"level":"debug","message":"Query: COMMIT","service":"preplyte-api","timestamp":"2026-02-18 12:17:45"}
{"level":"debug","message":"Params: []","service":"preplyte-api","timestamp":"2026-02-18 12:17:45"}
{"level":"debug","message":"Duration: 1ms","service":"preplyte-api","timestamp":"2026-02-18 12:17:45"}
{"level":"info","message":"Token refreshed successfully","service":"preplyte-api","timestamp":"2026-02-18 12:17:45","userId":"cmlq4geyi00019qeh3xpio9yr"}
{"level":"info","message":"\u001b[0mPOST /api/auth/refresh \u001b[32m200\u001b[0m 36.028 ms - 1020\u001b[0m","service":"preplyte-api","timestamp":"2026-02-18 12:17:45"}
{"level":"debug","message":"Query: SELECT \"public\".\"users\".\"id\", \"public\".\"users\".\"email\", \"public\".\"users\".\"role\"::text, \"public\".\"users\".\"instituteId\", \"public\".\"users\".\"isActive\", \"public\".\"users\".\"tokenVersion\" FROM \"public\".\"users\" WHERE (\"public\".\"users\".\"id\" = $1 AND 1=1) LIMIT $2 OFFSET $3","service":"preplyte-api","timestamp":"2026-02-18 12:17:45"}
{"level":"debug","message":"Params: [\"cmlq4geyi00019qeh3xpio9yr\",1,0]","service":"preplyte-api","timestamp":"2026-02-18 12:17:45"}
{"level":"debug","message":"Duration: 1ms","service":"preplyte-api","timestamp":"2026-02-18 12:17:45"}
{"level":"debug","message":"Query: SELECT \"public\".\"lms_courses\".\"id\", \"public\".\"lms_courses\".\"categoryId\", \"public\".\"lms_courses\".\"title\", \"public\".\"lms_courses\".\"slug\", \"public\".\"lms_courses\".\"shortDescription\", \"public\".\"lms_courses\".\"description\", \"public\".\"lms_courses\".\"thumbnailUrl\", \"public\".\"lms_courses\".\"previewVideoUrl\", \"public\".\"lms_courses\".\"totalModules\", \"public\".\"lms_courses\".\"totalTopics\", \"public\".\"lms_courses\".\"totalPoints\", \"public\".\"lms_courses\".\"totalHours\", \"public\".\"lms_courses\".\"price\", \"public\".\"lms_courses\".\"discountPrice\", \"public\".\"lms_courses\".\"currency\", \"public\".\"lms_courses\".\"status\"::text, \"public\".\"lms_courses\".\"isActive\", \"public\".\"lms_courses\".\"certificateEnabled\", \"public\".\"lms_courses\".\"passingPercentage\", \"public\".\"lms_courses\".\"tags\", \"public\".\"lms_courses\".\"difficulty\"::text, \"public\".\"lms_courses\".\"instructor\", \"public\".\"lms_courses\".\"language\", \"public\".\"lms_courses\".\"averageRating\", \"public\".\"lms_courses\".\"ratingsCount\", \"public\".\"lms_courses\".\"createdAt\", \"public\".\"lms_courses\".\"updatedAt\", \"public\".\"lms_courses\".\"publishedAt\", COALESCE(\"aggr_selection_0_LmsModule\".\"_aggr_count_modules\", 0) AS \"_aggr_count_modules\", COALESCE(\"aggr_selection_1_LmsEnrollment\".\"_aggr_count_enrollments\", 0) AS \"_aggr_count_enrollments\" FROM \"public\".\"lms_courses\" LEFT JOIN (SELECT \"public\".\"lms_modules\".\"courseId\", COUNT(*) AS \"_aggr_count_modules\" FROM \"public\".\"lms_modules\" WHERE 1=1 GROUP BY \"public\".\"lms_modules\".\"courseId\") AS \"aggr_selection_0_LmsModule\" ON (\"public\".\"lms_courses\".\"id\" = \"aggr_selection_0_LmsModule\".\"courseId\") LEFT JOIN (SELECT \"public\".\"lms_enrollments\".\"courseId\", COUNT(*) AS \"_aggr_count_enrollments\" FROM \"public\".\"lms_enrollments\" WHERE 1=1 GROUP BY \"public\".\"lms_enrollments\".\"courseId\") AS \"aggr_selection_1_LmsEnrollment\" ON (\"public\".\"lms_courses\".\"id\" = \"aggr_selection_1_LmsEnrollment\".\"courseId\") WHERE 1=1 ORDER BY \"public\".\"lms_courses\".\"createdAt\" DESC OFFSET $1","service":"preplyte-api","timestamp":"2026-02-18 12:17:46"}
{"level":"debug","message":"Params: [0]","service":"preplyte-api","timestamp":"2026-02-18 12:17:46"}
{"level":"debug","message":"Duration: 8ms","service":"preplyte-api","timestamp":"2026-02-18 12:17:46"}
{"level":"debug","message":"Query: SELECT \"public\".\"lms_categories\".\"id\", \"public\".\"lms_categories\".\"name\", \"public\".\"lms_categories\".\"slug\", \"public\".\"lms_categories\".\"description\", \"public\".\"lms_categories\".\"iconUrl\", \"public\".\"lms_categories\".\"order\", \"public\".\"lms_categories\".\"isActive\", \"public\".\"lms_categories\".\"createdAt\", \"public\".\"lms_categories\".\"updatedAt\" FROM \"public\".\"lms_categories\" WHERE \"public\".\"lms_categories\".\"id\" IN ($1) OFFSET $2","service":"preplyte-api","timestamp":"2026-02-18 12:17:46"}
{"level":"debug","message":"Params: [\"cmlq4lrae0003ail99wlb2luj\",0]","service":"preplyte-api","timestamp":"2026-02-18 12:17:46"}
{"level":"debug","message":"Duration: 0ms","service":"preplyte-api","timestamp":"2026-02-18 12:17:46"}
{"level":"info","message":"\u001b[0mGET /api/admin/lms/courses?page=1&limit=10&search= \u001b[36m304\u001b[0m 21.399 ms - -\u001b[0m","service":"preplyte-api","timestamp":"2026-02-18 12:17:46"}
{"level":"debug","message":"Query: SELECT \"public\".\"users\".\"id\", \"public\".\"users\".\"email\", \"public\".\"users\".\"role\"::text, \"public\".\"users\".\"instituteId\", \"public\".\"users\".\"isActive\", \"public\".\"users\".\"tokenVersion\" FROM \"public\".\"users\" WHERE (\"public\".\"users\".\"id\" = $1 AND 1=1) LIMIT $2 OFFSET $3","service":"preplyte-api","timestamp":"2026-02-18 12:17:51"}
{"level":"debug","message":"Params: [\"cmlq4geyi00019qeh3xpio9yr\",1,0]","service":"preplyte-api","timestamp":"2026-02-18 12:17:51"}
{"level":"debug","message":"Duration: 0ms","service":"preplyte-api","timestamp":"2026-02-18 12:17:51"}
{"level":"debug","message":"Query: SELECT \"public\".\"lms_courses\".\"id\", \"public\".\"lms_courses\".\"categoryId\", \"public\".\"lms_courses\".\"title\", \"public\".\"lms_courses\".\"slug\", \"public\".\"lms_courses\".\"shortDescription\", \"public\".\"lms_courses\".\"description\", \"public\".\"lms_courses\".\"thumbnailUrl\", \"public\".\"lms_courses\".\"previewVideoUrl\", \"public\".\"lms_courses\".\"totalModules\", \"public\".\"lms_courses\".\"totalTopics\", \"public\".\"lms_courses\".\"totalPoints\", \"public\".\"lms_courses\".\"totalHours\", \"public\".\"lms_courses\".\"price\", \"public\".\"lms_courses\".\"discountPrice\", \"public\".\"lms_courses\".\"currency\", \"public\".\"lms_courses\".\"status\"::text, \"public\".\"lms_courses\".\"isActive\", \"public\".\"lms_courses\".\"certificateEnabled\", \"public\".\"lms_courses\".\"passingPercentage\", \"public\".\"lms_courses\".\"tags\", \"public\".\"lms_courses\".\"difficulty\"::text, \"public\".\"lms_courses\".\"instructor\", \"public\".\"lms_courses\".\"language\", \"public\".\"lms_courses\".\"averageRating\", \"public\".\"lms_courses\".\"ratingsCount\", \"public\".\"lms_courses\".\"createdAt\", \"public\".\"lms_courses\".\"updatedAt\", \"public\".\"lms_courses\".\"publishedAt\", COALESCE(\"aggr_selection_0_LmsEnrollment\".\"_aggr_count_enrollments\", 0) AS \"_aggr_count_enrollments\" FROM \"public\".\"lms_courses\" LEFT JOIN (SELECT \"public\".\"lms_enrollments\".\"courseId\", COUNT(*) AS \"_aggr_count_enrollments\" FROM \"public\".\"lms_enrollments\" WHERE 1=1 GROUP BY \"public\".\"lms_enrollments\".\"courseId\") AS \"aggr_selection_0_LmsEnrollment\" ON (\"public\".\"lms_courses\".\"id\" = \"aggr_selection_0_LmsEnrollment\".\"courseId\") WHERE (\"public\".\"lms_courses\".\"id\" = $1 AND 1=1) LIMIT $2 OFFSET $3","service":"preplyte-api","timestamp":"2026-02-18 12:17:51"}
{"level":"debug","message":"Params: [\"cmlq4mwy70005ail9oqvo554e\",1,0]","service":"preplyte-api","timestamp":"2026-02-18 12:17:52"}
{"level":"debug","message":"Duration: 1ms","service":"preplyte-api","timestamp":"2026-02-18 12:17:52"}
{"level":"debug","message":"Query: SELECT \"public\".\"lms_categories\".\"id\", \"public\".\"lms_categories\".\"name\", \"public\".\"lms_categories\".\"slug\", \"public\".\"lms_categories\".\"description\", \"public\".\"lms_categories\".\"iconUrl\", \"public\".\"lms_categories\".\"order\", \"public\".\"lms_categories\".\"isActive\", \"public\".\"lms_categories\".\"createdAt\", \"public\".\"lms_categories\".\"updatedAt\" FROM \"public\".\"lms_categories\" WHERE \"public\".\"lms_categories\".\"id\" IN ($1) OFFSET $2","service":"preplyte-api","timestamp":"2026-02-18 12:17:52"}
{"level":"debug","message":"Params: [\"cmlq4lrae0003ail99wlb2luj\",0]","service":"preplyte-api","timestamp":"2026-02-18 12:17:52"}
{"level":"debug","message":"Duration: 0ms","service":"preplyte-api","timestamp":"2026-02-18 12:17:52"}
{"level":"debug","message":"Query: SELECT \"public\".\"lms_modules\".\"id\", \"public\".\"lms_modules\".\"courseId\", \"public\".\"lms_modules\".\"title\", \"public\".\"lms_modules\".\"shortDescription\", \"public\".\"lms_modules\".\"description\", \"public\".\"lms_modules\".\"order\", \"public\".\"lms_modules\".\"totalTopics\", \"public\".\"lms_modules\".\"points\", \"public\".\"lms_modules\".\"estimatedMinutes\", \"public\".\"lms_modules\".\"isActive\", \"public\".\"lms_modules\".\"createdAt\", \"public\".\"lms_modules\".\"updatedAt\" FROM \"public\".\"lms_modules\" WHERE \"public\".\"lms_modules\".\"courseId\" IN ($1) ORDER BY \"public\".\"lms_modules\".\"order\" ASC OFFSET $2","service":"preplyte-api","timestamp":"2026-02-18 12:17:52"}
{"level":"debug","message":"Params: [\"cmlq4mwy70005ail9oqvo554e\",0]","service":"preplyte-api","timestamp":"2026-02-18 12:17:52"}
{"level":"debug","message":"Duration: 1ms","service":"preplyte-api","timestamp":"2026-02-18 12:17:52"}
{"level":"debug","message":"Query: SELECT \"public\".\"lms_topics\".\"id\", \"public\".\"lms_topics\".\"moduleId\", \"public\".\"lms_topics\".\"title\", \"public\".\"lms_topics\".\"description\", \"public\".\"lms_topics\".\"order\", \"public\".\"lms_topics\".\"theoryContent\", \"public\".\"lms_topics\".\"videoUrl\", \"public\".\"lms_topics\".\"videoDuration\", \"public\".\"lms_topics\".\"estimatedMinutes\", \"public\".\"lms_topics\".\"resources\", \"public\".\"lms_topics\".\"isActive\", \"public\".\"lms_topics\".\"createdAt\", \"public\".\"lms_topics\".\"updatedAt\" FROM \"public\".\"lms_topics\" WHERE \"public\".\"lms_topics\".\"moduleId\" IN ($1) ORDER BY \"public\".\"lms_topics\".\"order\" ASC OFFSET $2","service":"preplyte-api","timestamp":"2026-02-18 12:17:52"}
{"level":"debug","message":"Params: [\"cmlq4o74o000cail9p6dp7mym\",0]","service":"preplyte-api","timestamp":"2026-02-18 12:17:52"}
{"level":"debug","message":"Duration: 5ms","service":"preplyte-api","timestamp":"2026-02-18 12:17:52"}
{"level":"debug","message":"Query: SELECT \"public\".\"lms_module_tests\".\"id\", \"public\".\"lms_module_tests\".\"moduleId\", \"public\".\"lms_module_tests\".\"title\", \"public\".\"lms_module_tests\".\"instructions\", \"public\".\"lms_module_tests\".\"totalQuestions\", \"public\".\"lms_module_tests\".\"passingScore\", \"public\".\"lms_module_tests\".\"timeLimitMinutes\", \"public\".\"lms_module_tests\".\"maxAttempts\", \"public\".\"lms_module_tests\".\"pointsPerQuestion\", \"public\".\"lms_module_tests\".\"totalPoints\", \"public\".\"lms_module_tests\".\"isActive\", \"public\".\"lms_module_tests\".\"createdAt\", \"public\".\"lms_module_tests\".\"updatedAt\" FROM \"public\".\"lms_module_tests\" WHERE \"public\".\"lms_module_tests\".\"moduleId\" IN ($1) OFFSET $2","service":"preplyte-api","timestamp":"2026-02-18 12:17:52"}
{"level":"debug","message":"Params: [\"cmlq4o74o000cail9p6dp7mym\",0]","service":"preplyte-api","timestamp":"2026-02-18 12:17:52"}
{"level":"debug","message":"Duration: 2ms","service":"preplyte-api","timestamp":"2026-02-18 12:17:52"}
{"level":"debug","message":"Query: SELECT \"public\".\"lms_final_tests\".\"id\", \"public\".\"lms_final_tests\".\"courseId\", \"public\".\"lms_final_tests\".\"title\", \"public\".\"lms_final_tests\".\"instructions\", \"public\".\"lms_final_tests\".\"totalQuestions\", \"public\".\"lms_final_tests\".\"passingScore\", \"public\".\"lms_final_tests\".\"timeLimitMinutes\", \"public\".\"lms_final_tests\".\"pointsPerQuestion\", \"public\".\"lms_final_tests\".\"totalPoints\", \"public\".\"lms_final_tests\".\"maxAttempts\", \"public\".\"lms_final_tests\".\"isActive\", \"public\".\"lms_final_tests\".\"createdAt\", \"public\".\"lms_final_tests\".\"updatedAt\" FROM \"public\".\"lms_final_tests\" WHERE \"public\".\"lms_final_tests\".\"courseId\" IN ($1) OFFSET $2","service":"preplyte-api","timestamp":"2026-02-18 12:17:52"}
{"level":"debug","message":"Params: [\"cmlq4mwy70005ail9oqvo554e\",0]","service":"preplyte-api","timestamp":"2026-02-18 12:17:52"}
{"level":"debug","message":"Duration: 2ms","service":"preplyte-api","timestamp":"2026-02-18 12:17:52"}
{"level":"debug","message":"Query: SELECT \"public\".\"lms_test_questions\".\"id\", \"public\".\"lms_test_questions\".\"moduleTestId\", \"public\".\"lms_test_questions\".\"finalTestId\", \"public\".\"lms_test_questions\".\"questionText\", \"public\".\"lms_test_questions\".\"explanation\", \"public\".\"lms_test_questions\".\"order\", \"public\".\"lms_test_questions\".\"points\", \"public\".\"lms_test_questions\".\"isActive\", \"public\".\"lms_test_questions\".\"createdAt\", \"public\".\"lms_test_questions\".\"updatedAt\" FROM \"public\".\"lms_test_questions\" WHERE \"public\".\"lms_test_questions\".\"finalTestId\" IN ($1) ORDER BY \"public\".\"lms_test_questions\".\"order\" ASC OFFSET $2","service":"preplyte-api","timestamp":"2026-02-18 12:17:52"}
{"level":"debug","message":"Params: [\"cmlq4mwy70006ail9x0zgfcf2\",0]","service":"preplyte-api","timestamp":"2026-02-18 12:17:52"}
{"level":"debug","message":"Duration: 7ms","service":"preplyte-api","timestamp":"2026-02-18 12:17:52"}
{"level":"debug","message":"Query: SELECT \"public\".\"lms_test_options\".\"id\", \"public\".\"lms_test_options\".\"questionId\", \"public\".\"lms_test_options\".\"text\", \"public\".\"lms_test_options\".\"isCorrect\", \"public\".\"lms_test_options\".\"order\", \"public\".\"lms_test_options\".\"createdAt\", \"public\".\"lms_test_options\".\"updatedAt\" FROM \"public\".\"lms_test_options\" WHERE \"public\".\"lms_test_options\".\"questionId\" IN ($1) ORDER BY \"public\".\"lms_test_options\".\"order\" ASC OFFSET $2","service":"preplyte-api","timestamp":"2026-02-18 12:17:52"}
{"level":"debug","message":"Params: [\"cmlq4mwy70007ail94rc4gh4x\",0]","service":"preplyte-api","timestamp":"2026-02-18 12:17:52"}
{"level":"debug","message":"Duration: 4ms","service":"preplyte-api","timestamp":"2026-02-18 12:17:52"}
{"level":"info","message":"\u001b[0mGET /api/admin/lms/courses/cmlq4mwy70005ail9oqvo554e \u001b[36m304\u001b[0m 42.038 ms - -\u001b[0m","service":"preplyte-api","timestamp":"2026-02-18 12:17:52"}
{"level":"debug","message":"Query: SELECT \"public\".\"users\".\"id\", \"public\".\"users\".\"email\", \"public\".\"users\".\"role\"::text, \"public\".\"users\".\"instituteId\", \"public\".\"users\".\"isActive\", \"public\".\"users\".\"tokenVersion\" FROM \"public\".\"users\" WHERE (\"public\".\"users\".\"id\" = $1 AND 1=1) LIMIT $2 OFFSET $3","service":"preplyte-api","timestamp":"2026-02-18 12:17:52"}
{"level":"debug","message":"Params: [\"cmlq4geyi00019qeh3xpio9yr\",1,0]","service":"preplyte-api","timestamp":"2026-02-18 12:17:52"}
{"level":"debug","message":"Duration: 0ms","service":"preplyte-api","timestamp":"2026-02-18 12:17:52"}
{"level":"debug","message":"Query: SELECT \"public\".\"lms_categories\".\"id\", \"public\".\"lms_categories\".\"name\", \"public\".\"lms_categories\".\"slug\", \"public\".\"lms_categories\".\"description\", \"public\".\"lms_categories\".\"iconUrl\", \"public\".\"lms_categories\".\"order\", \"public\".\"lms_categories\".\"isActive\", \"public\".\"lms_categories\".\"createdAt\", \"public\".\"lms_categories\".\"updatedAt\", COALESCE(\"aggr_selection_0_LmsCourse\".\"_aggr_count_courses\", 0) AS \"_aggr_count_courses\" FROM \"public\".\"lms_categories\" LEFT JOIN (SELECT \"public\".\"lms_courses\".\"categoryId\", COUNT(*) AS \"_aggr_count_courses\" FROM \"public\".\"lms_courses\" WHERE 1=1 GROUP BY \"public\".\"lms_courses\".\"categoryId\") AS \"aggr_selection_0_LmsCourse\" ON (\"public\".\"lms_categories\".\"id\" = \"aggr_selection_0_LmsCourse\".\"categoryId\") WHERE 1=1 ORDER BY \"public\".\"lms_categories\".\"order\" ASC OFFSET $1","service":"preplyte-api","timestamp":"2026-02-18 12:17:52"}
{"level":"debug","message":"Params: [0]","service":"preplyte-api","timestamp":"2026-02-18 12:17:52"}
{"level":"debug","message":"Duration: 1ms","service":"preplyte-api","timestamp":"2026-02-18 12:17:52"}
{"level":"info","message":"\u001b[0mGET /api/admin/lms/categories \u001b[36m304\u001b[0m 9.938 ms - -\u001b[0m","service":"preplyte-api","timestamp":"2026-02-18 12:17:52"}
{"level":"debug","message":"Query: SELECT 1","service":"preplyte-api","timestamp":"2026-02-18 12:18:19"}
{"level":"debug","message":"Params: []","service":"preplyte-api","timestamp":"2026-02-18 12:18:19"}
{"level":"debug","message":"Duration: 0ms","service":"preplyte-api","timestamp":"2026-02-18 12:18:19"}
{"level":"debug","message":"Query: SELECT \"public\".\"users\".\"id\", \"public\".\"users\".\"email\", \"public\".\"users\".\"role\"::text, \"public\".\"users\".\"instituteId\", \"public\".\"users\".\"isActive\", \"public\".\"users\".\"tokenVersion\" FROM \"public\".\"users\" WHERE (\"public\".\"users\".\"id\" = $1 AND 1=1) LIMIT $2 OFFSET $3","service":"preplyte-api","timestamp":"2026-02-18 12:18:19"}
{"level":"debug","message":"Params: [\"cmlq4geyi00019qeh3xpio9yr\",1,0]","service":"preplyte-api","timestamp":"2026-02-18 12:18:19"}
{"level":"debug","message":"Duration: 0ms","service":"preplyte-api","timestamp":"2026-02-18 12:18:19"}
{"level":"debug","message":"Query: SELECT \"public\".\"lms_courses\".\"id\", \"public\".\"lms_courses\".\"categoryId\", \"public\".\"lms_courses\".\"title\", \"public\".\"lms_courses\".\"slug\", \"public\".\"lms_courses\".\"shortDescription\", \"public\".\"lms_courses\".\"description\", \"public\".\"lms_courses\".\"thumbnailUrl\", \"public\".\"lms_courses\".\"previewVideoUrl\", \"public\".\"lms_courses\".\"totalModules\", \"public\".\"lms_courses\".\"totalTopics\", \"public\".\"lms_courses\".\"totalPoints\", \"public\".\"lms_courses\".\"totalHours\", \"public\".\"lms_courses\".\"price\", \"public\".\"lms_courses\".\"discountPrice\", \"public\".\"lms_courses\".\"currency\", \"public\".\"lms_courses\".\"status\"::text, \"public\".\"lms_courses\".\"isActive\", \"public\".\"lms_courses\".\"certificateEnabled\", \"public\".\"lms_courses\".\"passingPercentage\", \"public\".\"lms_courses\".\"tags\", \"public\".\"lms_courses\".\"difficulty\"::text, \"public\".\"lms_courses\".\"instructor\", \"public\".\"lms_courses\".\"language\", \"public\".\"lms_courses\".\"averageRating\", \"public\".\"lms_courses\".\"ratingsCount\", \"public\".\"lms_courses\".\"createdAt\", \"public\".\"lms_courses\".\"updatedAt\", \"public\".\"lms_courses\".\"publishedAt\", COALESCE(\"aggr_selection_0_LmsEnrollment\".\"_aggr_count_enrollments\", 0) AS \"_aggr_count_enrollments\" FROM \"public\".\"lms_courses\" LEFT JOIN (SELECT \"public\".\"lms_enrollments\".\"courseId\", COUNT(*) AS \"_aggr_count_enrollments\" FROM \"public\".\"lms_enrollments\" WHERE 1=1 GROUP BY \"public\".\"lms_enrollments\".\"courseId\") AS \"aggr_selection_0_LmsEnrollment\" ON (\"public\".\"lms_courses\".\"id\" = \"aggr_selection_0_LmsEnrollment\".\"courseId\") WHERE (\"public\".\"lms_courses\".\"id\" = $1 AND 1=1) LIMIT $2 OFFSET $3","service":"preplyte-api","timestamp":"2026-02-18 12:18:19"}
{"level":"debug","message":"Params: [\"cmlq4mwy70005ail9oqvo554e\",1,0]","service":"preplyte-api","timestamp":"2026-02-18 12:18:19"}
{"level":"debug","message":"Duration: 0ms","service":"preplyte-api","timestamp":"2026-02-18 12:18:19"}
{"level":"debug","message":"Query: SELECT \"public\".\"lms_categories\".\"id\", \"public\".\"lms_categories\".\"name\", \"public\".\"lms_categories\".\"slug\", \"public\".\"lms_categories\".\"description\", \"public\".\"lms_categories\".\"iconUrl\", \"public\".\"lms_categories\".\"order\", \"public\".\"lms_categories\".\"isActive\", \"public\".\"lms_categories\".\"createdAt\", \"public\".\"lms_categories\".\"updatedAt\" FROM \"public\".\"lms_categories\" WHERE \"public\".\"lms_categories\".\"id\" IN ($1) OFFSET $2","service":"preplyte-api","timestamp":"2026-02-18 12:18:19"}
{"level":"debug","message":"Params: [\"cmlq4lrae0003ail99wlb2luj\",0]","service":"preplyte-api","timestamp":"2026-02-18 12:18:19"}
{"level":"debug","message":"Duration: 0ms","service":"preplyte-api","timestamp":"2026-02-18 12:18:19"}
{"level":"debug","message":"Query: SELECT \"public\".\"lms_modules\".\"id\", \"public\".\"lms_modules\".\"courseId\", \"public\".\"lms_modules\".\"title\", \"public\".\"lms_modules\".\"shortDescription\", \"public\".\"lms_modules\".\"description\", \"public\".\"lms_modules\".\"order\", \"public\".\"lms_modules\".\"totalTopics\", \"public\".\"lms_modules\".\"points\", \"public\".\"lms_modules\".\"estimatedMinutes\", \"public\".\"lms_modules\".\"isActive\", \"public\".\"lms_modules\".\"createdAt\", \"public\".\"lms_modules\".\"updatedAt\" FROM \"public\".\"lms_modules\" WHERE \"public\".\"lms_modules\".\"courseId\" IN ($1) ORDER BY \"public\".\"lms_modules\".\"order\" ASC OFFSET $2","service":"preplyte-api","timestamp":"2026-02-18 12:18:19"}
{"level":"debug","message":"Params: [\"cmlq4mwy70005ail9oqvo554e\",0]","service":"preplyte-api","timestamp":"2026-02-18 12:18:19"}
{"level":"debug","message":"Duration: 0ms","service":"preplyte-api","timestamp":"2026-02-18 12:18:19"}
{"level":"debug","message":"Query: SELECT \"public\".\"lms_topics\".\"id\", \"public\".\"lms_topics\".\"moduleId\", \"public\".\"lms_topics\".\"title\", \"public\".\"lms_topics\".\"description\", \"public\".\"lms_topics\".\"order\", \"public\".\"lms_topics\".\"theoryContent\", \"public\".\"lms_topics\".\"videoUrl\", \"public\".\"lms_topics\".\"videoDuration\", \"public\".\"lms_topics\".\"estimatedMinutes\", \"public\".\"lms_topics\".\"resources\", \"public\".\"lms_topics\".\"isActive\", \"public\".\"lms_topics\".\"createdAt\", \"public\".\"lms_topics\".\"updatedAt\" FROM \"public\".\"lms_topics\" WHERE \"public\".\"lms_topics\".\"moduleId\" IN ($1) ORDER BY \"public\".\"lms_topics\".\"order\" ASC OFFSET $2","service":"preplyte-api","timestamp":"2026-02-18 12:18:19"}
{"level":"debug","message":"Params: [\"cmlq4o74o000cail9p6dp7mym\",0]","service":"preplyte-api","timestamp":"2026-02-18 12:18:19"}
{"level":"debug","message":"Duration: 0ms","service":"preplyte-api","timestamp":"2026-02-18 12:18:19"}
{"level":"debug","message":"Query: SELECT \"public\".\"lms_module_tests\".\"id\", \"public\".\"lms_module_tests\".\"moduleId\", \"public\".\"lms_module_tests\".\"title\", \"public\".\"lms_module_tests\".\"instructions\", \"public\".\"lms_module_tests\".\"totalQuestions\", \"public\".\"lms_module_tests\".\"passingScore\", \"public\".\"lms_module_tests\".\"timeLimitMinutes\", \"public\".\"lms_module_tests\".\"maxAttempts\", \"public\".\"lms_module_tests\".\"pointsPerQuestion\", \"public\".\"lms_module_tests\".\"totalPoints\", \"public\".\"lms_module_tests\".\"isActive\", \"public\".\"lms_module_tests\".\"createdAt\", \"public\".\"lms_module_tests\".\"updatedAt\" FROM \"public\".\"lms_module_tests\" WHERE \"public\".\"lms_module_tests\".\"moduleId\" IN ($1) OFFSET $2","service":"preplyte-api","timestamp":"2026-02-18 12:18:19"}
{"level":"debug","message":"Params: [\"cmlq4o74o000cail9p6dp7mym\",0]","service":"preplyte-api","timestamp":"2026-02-18 12:18:19"}
{"level":"debug","message":"Duration: 0ms","service":"preplyte-api","timestamp":"2026-02-18 12:18:19"}
{"level":"debug","message":"Query: SELECT \"public\".\"lms_final_tests\".\"id\", \"public\".\"lms_final_tests\".\"courseId\", \"public\".\"lms_final_tests\".\"title\", \"public\".\"lms_final_tests\".\"instructions\", \"public\".\"lms_final_tests\".\"totalQuestions\", \"public\".\"lms_final_tests\".\"passingScore\", \"public\".\"lms_final_tests\".\"timeLimitMinutes\", \"public\".\"lms_final_tests\".\"pointsPerQuestion\", \"public\".\"lms_final_tests\".\"totalPoints\", \"public\".\"lms_final_tests\".\"maxAttempts\", \"public\".\"lms_final_tests\".\"isActive\", \"public\".\"lms_final_tests\".\"createdAt\", \"public\".\"lms_final_tests\".\"updatedAt\" FROM \"public\".\"lms_final_tests\" WHERE \"public\".\"lms_final_tests\".\"courseId\" IN ($1) OFFSET $2","service":"preplyte-api","timestamp":"2026-02-18 12:18:19"}
{"level":"debug","message":"Params: [\"cmlq4mwy70005ail9oqvo554e\",0]","service":"preplyte-api","timestamp":"2026-02-18 12:18:19"}
{"level":"debug","message":"Duration: 0ms","service":"preplyte-api","timestamp":"2026-02-18 12:18:19"}
{"level":"debug","message":"Query: SELECT \"public\".\"lms_test_questions\".\"id\", \"public\".\"lms_test_questions\".\"moduleTestId\", \"public\".\"lms_test_questions\".\"finalTestId\", \"public\".\"lms_test_questions\".\"questionText\", \"public\".\"lms_test_questions\".\"explanation\", \"public\".\"lms_test_questions\".\"order\", \"public\".\"lms_test_questions\".\"points\", \"public\".\"lms_test_questions\".\"isActive\", \"public\".\"lms_test_questions\".\"createdAt\", \"public\".\"lms_test_questions\".\"updatedAt\" FROM \"public\".\"lms_test_questions\" WHERE \"public\".\"lms_test_questions\".\"finalTestId\" IN ($1) ORDER BY \"public\".\"lms_test_questions\".\"order\" ASC OFFSET $2","service":"preplyte-api","timestamp":"2026-02-18 12:18:19"}
{"level":"debug","message":"Params: [\"cmlq4mwy70006ail9x0zgfcf2\",0]","service":"preplyte-api","timestamp":"2026-02-18 12:18:19"}
{"level":"debug","message":"Duration: 0ms","service":"preplyte-api","timestamp":"2026-02-18 12:18:19"}
{"level":"debug","message":"Query: SELECT \"public\".\"lms_test_options\".\"id\", \"public\".\"lms_test_options\".\"questionId\", \"public\".\"lms_test_options\".\"text\", \"public\".\"lms_test_options\".\"isCorrect\", \"public\".\"lms_test_options\".\"order\", \"public\".\"lms_test_options\".\"createdAt\", \"public\".\"lms_test_options\".\"updatedAt\" FROM \"public\".\"lms_test_options\" WHERE \"public\".\"lms_test_options\".\"questionId\" IN ($1) ORDER BY \"public\".\"lms_test_options\".\"order\" ASC OFFSET $2","service":"preplyte-api","timestamp":"2026-02-18 12:18:19"}
{"level":"debug","message":"Params: [\"cmlq4mwy70007ail94rc4gh4x\",0]","service":"preplyte-api","timestamp":"2026-02-18 12:18:19"}
{"level":"debug","message":"Duration: 0ms","service":"preplyte-api","timestamp":"2026-02-18 12:18:19"}
{"level":"debug","message":"Query: SELECT \"public\".\"lms_courses\".\"id\", \"public\".\"lms_courses\".\"categoryId\", \"public\".\"lms_courses\".\"title\", \"public\".\"lms_courses\".\"slug\", \"public\".\"lms_courses\".\"shortDescription\", \"public\".\"lms_courses\".\"description\", \"public\".\"lms_courses\".\"thumbnailUrl\", \"public\".\"lms_courses\".\"previewVideoUrl\", \"public\".\"lms_courses\".\"totalModules\", \"public\".\"lms_courses\".\"totalTopics\", \"public\".\"lms_courses\".\"totalPoints\", \"public\".\"lms_courses\".\"totalHours\", \"public\".\"lms_courses\".\"price\", \"public\".\"lms_courses\".\"discountPrice\", \"public\".\"lms_courses\".\"currency\", \"public\".\"lms_courses\".\"status\"::text, \"public\".\"lms_courses\".\"isActive\", \"public\".\"lms_courses\".\"certificateEnabled\", \"public\".\"lms_courses\".\"passingPercentage\", \"public\".\"lms_courses\".\"tags\", \"public\".\"lms_courses\".\"difficulty\"::text, \"public\".\"lms_courses\".\"instructor\", \"public\".\"lms_courses\".\"language\", \"public\".\"lms_courses\".\"averageRating\", \"public\".\"lms_courses\".\"ratingsCount\", \"public\".\"lms_courses\".\"createdAt\", \"public\".\"lms_courses\".\"updatedAt\", \"public\".\"lms_courses\".\"publishedAt\" FROM \"public\".\"lms_courses\" WHERE (\"public\".\"lms_courses\".\"slug\" = $1 AND 1=1) LIMIT $2 OFFSET $3","service":"preplyte-api","timestamp":"2026-02-18 12:18:19"}
{"level":"debug","message":"Params: [\"python\",1,0]","service":"preplyte-api","timestamp":"2026-02-18 12:18:19"}
{"level":"debug","message":"Duration: 1ms","service":"preplyte-api","timestamp":"2026-02-18 12:18:19"}
{"level":"debug","message":"Query: BEGIN","service":"preplyte-api","timestamp":"2026-02-18 12:18:19"}
{"level":"debug","message":"Params: []","service":"preplyte-api","timestamp":"2026-02-18 12:18:19"}
{"level":"debug","message":"Duration: 0ms","service":"preplyte-api","timestamp":"2026-02-18 12:18:19"}
{"level":"debug","message":"Query: UPDATE \"public\".\"lms_courses\" SET \"title\" = $1, \"slug\" = $2, \"categoryId\" = $3, \"shortDescription\" = $4, \"description\" = $5, \"thumbnailUrl\" = $6, \"previewVideoUrl\" = $7, \"price\" = $8, \"discountPrice\" = $9, \"currency\" = $10, \"status\" = CAST($11::text AS \"public\".\"LmsCourseStatus\"), \"isActive\" = $12, \"certificateEnabled\" = $13, \"passingPercentage\" = $14, \"tags\" = $15, \"difficulty\" = CAST($16::text AS \"public\".\"DifficultyLevel\"), \"instructor\" = $17, \"language\" = $18, \"updatedAt\" = $19 WHERE (\"public\".\"lms_courses\".\"id\" = $20 AND 1=1) RETURNING \"public\".\"lms_courses\".\"id\", \"public\".\"lms_courses\".\"categoryId\", \"public\".\"lms_courses\".\"title\", \"public\".\"lms_courses\".\"slug\", \"public\".\"lms_courses\".\"shortDescription\", \"public\".\"lms_courses\".\"description\", \"public\".\"lms_courses\".\"thumbnailUrl\", \"public\".\"lms_courses\".\"previewVideoUrl\", \"public\".\"lms_courses\".\"totalModules\", \"public\".\"lms_courses\".\"totalTopics\", \"public\".\"lms_courses\".\"totalPoints\", \"public\".\"lms_courses\".\"totalHours\", \"public\".\"lms_courses\".\"price\", \"public\".\"lms_courses\".\"discountPrice\", \"public\".\"lms_courses\".\"currency\", \"public\".\"lms_courses\".\"status\"::text, \"public\".\"lms_courses\".\"isActive\", \"public\".\"lms_courses\".\"certificateEnabled\", \"public\".\"lms_courses\".\"passingPercentage\", \"public\".\"lms_courses\".\"tags\", \"public\".\"lms_courses\".\"difficulty\"::text, \"public\".\"lms_courses\".\"instructor\", \"public\".\"lms_courses\".\"language\", \"public\".\"lms_courses\".\"averageRating\", \"public\".\"lms_courses\".\"ratingsCount\", \"public\".\"lms_courses\".\"createdAt\", \"public\".\"lms_courses\".\"updatedAt\", \"public\".\"lms_courses\".\"publishedAt\"","service":"preplyte-api","timestamp":"2026-02-18 12:18:19"}
{"level":"debug","message":"Params: [\"python\",\"python\",\"cmlq4lrae0003ail99wlb2luj\",\"dxvc \",\"csfergdfb\",null,null,1000,5,\"INR\",\"PUBLISHED\",true,false,70,[\"HTML\",\"CSS\",\"JavaScript\",\"React\",\"Node.js\"],\"EASY\",\"Prathamesh Gaikwad\",\"English\",\"2026-02-18 06:48:19.288 UTC\",\"cmlq4mwy70005ail9oqvo554e\"]","service":"preplyte-api","timestamp":"2026-02-18 12:18:19"}
{"level":"debug","message":"Duration: 4ms","service":"preplyte-api","timestamp":"2026-02-18 12:18:19"}
{"level":"debug","message":"Query: SELECT \"public\".\"lms_courses\".\"id\", \"public\".\"lms_courses\".\"categoryId\", \"public\".\"lms_courses\".\"title\", \"public\".\"lms_courses\".\"slug\", \"public\".\"lms_courses\".\"shortDescription\", \"public\".\"lms_courses\".\"description\", \"public\".\"lms_courses\".\"thumbnailUrl\", \"public\".\"lms_courses\".\"previewVideoUrl\", \"public\".\"lms_courses\".\"totalModules\", \"public\".\"lms_courses\".\"totalTopics\", \"public\".\"lms_courses\".\"totalPoints\", \"public\".\"lms_courses\".\"totalHours\", \"public\".\"lms_courses\".\"price\", \"public\".\"lms_courses\".\"discountPrice\", \"public\".\"lms_courses\".\"currency\", \"public\".\"lms_courses\".\"status\"::text, \"public\".\"lms_courses\".\"isActive\", \"public\".\"lms_courses\".\"certificateEnabled\", \"public\".\"lms_courses\".\"passingPercentage\", \"public\".\"lms_courses\".\"tags\", \"public\".\"lms_courses\".\"difficulty\"::text, \"public\".\"lms_courses\".\"instructor\", \"public\".\"lms_courses\".\"language\", \"public\".\"lms_courses\".\"averageRating\", \"public\".\"lms_courses\".\"ratingsCount\", \"public\".\"lms_courses\".\"createdAt\", \"public\".\"lms_courses\".\"updatedAt\", \"public\".\"lms_courses\".\"publishedAt\" FROM \"public\".\"lms_courses\" WHERE \"public\".\"lms_courses\".\"id\" = $1 LIMIT $2 OFFSET $3","service":"preplyte-api","timestamp":"2026-02-18 12:18:19"}
{"level":"debug","message":"Params: [\"cmlq4mwy70005ail9oqvo554e\",1,0]","service":"preplyte-api","timestamp":"2026-02-18 12:18:19"}
{"level":"debug","message":"Duration: 1ms","service":"preplyte-api","timestamp":"2026-02-18 12:18:19"}
{"level":"debug","message":"Query: SELECT \"public\".\"lms_categories\".\"id\", \"public\".\"lms_categories\".\"name\", \"public\".\"lms_categories\".\"slug\", \"public\".\"lms_categories\".\"description\", \"public\".\"lms_categories\".\"iconUrl\", \"public\".\"lms_categories\".\"order\", \"public\".\"lms_categories\".\"isActive\", \"public\".\"lms_categories\".\"createdAt\", \"public\".\"lms_categories\".\"updatedAt\" FROM \"public\".\"lms_categories\" WHERE \"public\".\"lms_categories\".\"id\" IN ($1) OFFSET $2","service":"preplyte-api","timestamp":"2026-02-18 12:18:19"}
{"level":"debug","message":"Params: [\"cmlq4lrae0003ail99wlb2luj\",0]","service":"preplyte-api","timestamp":"2026-02-18 12:18:19"}
{"level":"debug","message":"Duration: 0ms","service":"preplyte-api","timestamp":"2026-02-18 12:18:19"}
{"level":"debug","message":"Query: UPDATE \"public\".\"lms_final_tests\" SET \"title\" = $1, \"totalQuestions\" = $2, \"passingScore\" = $3, \"timeLimitMinutes\" = $4, \"maxAttempts\" = $5, \"pointsPerQuestion\" = $6, \"isActive\" = $7, \"totalPoints\" = $8, \"updatedAt\" = $9 WHERE (\"public\".\"lms_final_tests\".\"id\" = $10 AND 1=1) RETURNING \"public\".\"lms_final_tests\".\"id\", \"public\".\"lms_final_tests\".\"courseId\", \"public\".\"lms_final_tests\".\"title\", \"public\".\"lms_final_tests\".\"instructions\", \"public\".\"lms_final_tests\".\"totalQuestions\", \"public\".\"lms_final_tests\".\"passingScore\", \"public\".\"lms_final_tests\".\"timeLimitMinutes\", \"public\".\"lms_final_tests\".\"pointsPerQuestion\", \"public\".\"lms_final_tests\".\"totalPoints\", \"public\".\"lms_final_tests\".\"maxAttempts\", \"public\".\"lms_final_tests\".\"isActive\", \"public\".\"lms_final_tests\".\"createdAt\", \"public\".\"lms_final_tests\".\"updatedAt\"","service":"preplyte-api","timestamp":"2026-02-18 12:18:19"}
{"level":"debug","message":"Params: [\"Final Examination\",10,60,30,1,10,true,100,\"2026-02-18 06:48:19.308 UTC\",\"cmlq4mwy70006ail9x0zgfcf2\"]","service":"preplyte-api","timestamp":"2026-02-18 12:18:19"}
{"level":"debug","message":"Duration: 2ms","service":"preplyte-api","timestamp":"2026-02-18 12:18:19"}
{"level":"debug","message":"Query: UPDATE \"public\".\"lms_test_questions\" SET \"questionText\" = $1, \"explanation\" = $2, \"order\" = $3, \"points\" = $4, \"isActive\" = $5, \"updatedAt\" = $6 WHERE (\"public\".\"lms_test_questions\".\"id\" = $7 AND 1=1) RETURNING \"public\".\"lms_test_questions\".\"id\", \"public\".\"lms_test_questions\".\"moduleTestId\", \"public\".\"lms_test_questions\".\"finalTestId\", \"public\".\"lms_test_questions\".\"questionText\", \"public\".\"lms_test_questions\".\"explanation\", \"public\".\"lms_test_questions\".\"order\", \"public\".\"lms_test_questions\".\"points\", \"public\".\"lms_test_questions\".\"isActive\", \"public\".\"lms_test_questions\".\"createdAt\", \"public\".\"lms_test_questions\".\"updatedAt\"","service":"preplyte-api","timestamp":"2026-02-18 12:18:19"}
{"level":"debug","message":"Params: [\"What is python\",\"\",1,1,true,\"2026-02-18 06:48:19.314 UTC\",\"cmlq4mwy70007ail94rc4gh4x\"]","service":"preplyte-api","timestamp":"2026-02-18 12:18:19"}
{"level":"debug","message":"Duration: 1ms","service":"preplyte-api","timestamp":"2026-02-18 12:18:19"}
{"level":"debug","message":"Query: SELECT \"public\".\"lms_test_options\".\"id\", \"public\".\"lms_test_options\".\"questionId\", \"public\".\"lms_test_options\".\"text\", \"public\".\"lms_test_options\".\"isCorrect\", \"public\".\"lms_test_options\".\"order\", \"public\".\"lms_test_options\".\"createdAt\", \"public\".\"lms_test_options\".\"updatedAt\" FROM \"public\".\"lms_test_options\" WHERE \"public\".\"lms_test_options\".\"questionId\" = $1 OFFSET $2","service":"preplyte-api","timestamp":"2026-02-18 12:18:19"}
{"level":"debug","message":"Params: [\"cmlq4mwy70007ail94rc4gh4x\",0]","service":"preplyte-api","timestamp":"2026-02-18 12:18:19"}
{"level":"debug","message":"Duration: 1ms","service":"preplyte-api","timestamp":"2026-02-18 12:18:19"}
{"level":"debug","message":"Query: UPDATE \"public\".\"lms_test_options\" SET \"text\" = $1, \"isCorrect\" = $2, \"order\" = $3, \"updatedAt\" = $4 WHERE (\"public\".\"lms_test_options\".\"id\" = $5 AND 1=1) RETURNING \"public\".\"lms_test_options\".\"id\", \"public\".\"lms_test_options\".\"questionId\", \"public\".\"lms_test_options\".\"text\", \"public\".\"lms_test_options\".\"isCorrect\", \"public\".\"lms_test_options\".\"order\", \"public\".\"lms_test_options\".\"createdAt\", \"public\".\"lms_test_options\".\"updatedAt\"","service":"preplyte-api","timestamp":"2026-02-18 12:18:19"}
{"level":"debug","message":"Params: [\"coding language\",true,1,\"2026-02-18 06:48:19.324 UTC\",\"cmlq8tgkj0007zjj95f5wjbz8\"]","service":"preplyte-api","timestamp":"2026-02-18 12:18:19"}
{"level":"debug","message":"Duration: 1ms","service":"preplyte-api","timestamp":"2026-02-18 12:18:19"}
{"level":"debug","message":"Query: UPDATE \"public\".\"lms_test_options\" SET \"text\" = $1, \"isCorrect\" = $2, \"order\" = $3, \"updatedAt\" = $4 WHERE (\"public\".\"lms_test_options\".\"id\" = $5 AND 1=1) RETURNING \"public\".\"lms_test_options\".\"id\", \"public\".\"lms_test_options\".\"questionId\", \"public\".\"lms_test_options\".\"text\", \"public\".\"lms_test_options\".\"isCorrect\", \"public\".\"lms_test_options\".\"order\", \"public\".\"lms_test_options\".\"createdAt\", \"public\".\"lms_test_options\".\"updatedAt\"","service":"preplyte-api","timestamp":"2026-02-18 12:18:19"}
{"level":"debug","message":"Params: [\"snake\",false,2,\"2026-02-18 06:48:19.329 UTC\",\"cmlq8tgkj0008zjj9gsgfezmb\"]","service":"preplyte-api","timestamp":"2026-02-18 12:18:19"}
{"level":"debug","message":"Duration: 0ms","service":"preplyte-api","timestamp":"2026-02-18 12:18:19"}
{"level":"debug","message":"Query: UPDATE \"public\".\"lms_modules\" SET \"title\" = $1, \"shortDescription\" = $2, \"description\" = $3, \"order\" = $4, \"points\" = $5, \"estimatedMinutes\" = $6, \"isActive\" = $7, \"totalTopics\" = $8, \"updatedAt\" = $9 WHERE (\"public\".\"lms_modules\".\"id\" = $10 AND 1=1) RETURNING \"public\".\"lms_modules\".\"id\", \"public\".\"lms_modules\".\"courseId\", \"public\".\"lms_modules\".\"title\", \"public\".\"lms_modules\".\"shortDescription\", \"public\".\"lms_modules\".\"description\", \"public\".\"lms_modules\".\"order\", \"public\".\"lms_modules\".\"totalTopics\", \"public\".\"lms_modules\".\"points\", \"public\".\"lms_modules\".\"estimatedMinutes\", \"public\".\"lms_modules\".\"isActive\", \"public\".\"lms_modules\".\"createdAt\", \"public\".\"lms_modules\".\"updatedAt\"","service":"preplyte-api","timestamp":"2026-02-18 12:18:19"}
{"level":"debug","message":"Params: [\"Variables\",\"szdxc\",\"fesrgfbc asdwer\",1,70,0,true,1,\"2026-02-18 06:48:19.333 UTC\",\"cmlq4o74o000cail9p6dp7mym\"]","service":"preplyte-api","timestamp":"2026-02-18 12:18:19"}
{"level":"debug","message":"Duration: 1ms","service":"preplyte-api","timestamp":"2026-02-18 12:18:19"}
{"level":"debug","message":"Query: DELETE FROM \"public\".\"lms_module_tests\" WHERE \"public\".\"lms_module_tests\".\"moduleId\" = $1","service":"preplyte-api","timestamp":"2026-02-18 12:18:19"}
{"level":"debug","message":"Params: [\"cmlq4o74o000cail9p6dp7mym\"]","service":"preplyte-api","timestamp":"2026-02-18 12:18:19"}
{"level":"debug","message":"Duration: 1ms","service":"preplyte-api","timestamp":"2026-02-18 12:18:19"}
{"level":"debug","message":"Query: UPDATE \"public\".\"lms_topics\" SET \"title\" = $1, \"description\" = $2, \"order\" = $3, \"theoryContent\" = $4, \"videoUrl\" = $5, \"videoDuration\" = $6, \"estimatedMinutes\" = $7, \"isActive\" = $8, \"resources\" = $9, \"updatedAt\" = $10 WHERE (\"public\".\"lms_topics\".\"id\" = $11 AND 1=1) RETURNING \"public\".\"lms_topics\".\"id\", \"public\".\"lms_topics\".\"moduleId\", \"public\".\"lms_topics\".\"title\", \"public\".\"lms_topics\".\"description\", \"public\".\"lms_topics\".\"order\", \"public\".\"lms_topics\".\"theoryContent\", \"public\".\"lms_topics\".\"videoUrl\", \"public\".\"lms_topics\".\"videoDuration\", \"public\".\"lms_topics\".\"estimatedMinutes\", \"public\".\"lms_topics\".\"resources\", \"public\".\"lms_topics\".\"isActive\", \"public\".\"lms_topics\".\"createdAt\", \"public\".\"lms_topics\".\"updatedAt\"","service":"preplyte-api","timestamp":"2026-02-18 12:18:19"}
{"level":"debug","message":"Params: [\"int\",null,1,\"oiwefhsdjvkn\",null,null,10,true,[{\"name\":\"Quotation 5.pdf\",\"url\":\"https://res.cloudinary.com/dnrs8h818/image/upload/v1771356217/lms-resources/lms-resources/1771356210389_Quotation_5_pdf.pdf\",\"type\":\"pdf\"}],\"2026-02-18 06:48:19.341 UTC\",\"cmlq4o74z000eail9n55rp3yl\"]","service":"preplyte-api","timestamp":"2026-02-18 12:18:19"}
{"level":"debug","message":"Duration: 1ms","service":"preplyte-api","timestamp":"2026-02-18 12:18:19"}
{"level":"debug","message":"Query: COMMIT","service":"preplyte-api","timestamp":"2026-02-18 12:18:19"}
{"level":"debug","message":"Params: []","service":"preplyte-api","timestamp":"2026-02-18 12:18:19"}
{"level":"debug","message":"Duration: 0ms","service":"preplyte-api","timestamp":"2026-02-18 12:18:19"}
{"level":"debug","message":"Query: SELECT \"public\".\"lms_courses\".\"id\", \"public\".\"lms_courses\".\"categoryId\", \"public\".\"lms_courses\".\"title\", \"public\".\"lms_courses\".\"slug\", \"public\".\"lms_courses\".\"shortDescription\", \"public\".\"lms_courses\".\"description\", \"public\".\"lms_courses\".\"thumbnailUrl\", \"public\".\"lms_courses\".\"previewVideoUrl\", \"public\".\"lms_courses\".\"totalModules\", \"public\".\"lms_courses\".\"totalTopics\", \"public\".\"lms_courses\".\"totalPoints\", \"public\".\"lms_courses\".\"totalHours\", \"public\".\"lms_courses\".\"price\", \"public\".\"lms_courses\".\"discountPrice\", \"public\".\"lms_courses\".\"currency\", \"public\".\"lms_courses\".\"status\"::text, \"public\".\"lms_courses\".\"isActive\", \"public\".\"lms_courses\".\"certificateEnabled\", \"public\".\"lms_courses\".\"passingPercentage\", \"public\".\"lms_courses\".\"tags\", \"public\".\"lms_courses\".\"difficulty\"::text, \"public\".\"lms_courses\".\"instructor\", \"public\".\"lms_courses\".\"language\", \"public\".\"lms_courses\".\"averageRating\", \"public\".\"lms_courses\".\"ratingsCount\", \"public\".\"lms_courses\".\"createdAt\", \"public\".\"lms_courses\".\"updatedAt\", \"public\".\"lms_courses\".\"publishedAt\" FROM \"public\".\"lms_courses\" WHERE (\"public\".\"lms_courses\".\"id\" = $1 AND 1=1) LIMIT $2 OFFSET $3","service":"preplyte-api","timestamp":"2026-02-18 12:18:19"}
{"level":"debug","message":"Params: [\"cmlq4mwy70005ail9oqvo554e\",1,0]","service":"preplyte-api","timestamp":"2026-02-18 12:18:19"}
{"level":"debug","message":"Duration: 1ms","service":"preplyte-api","timestamp":"2026-02-18 12:18:19"}
{"level":"debug","message":"Query: SELECT \"public\".\"lms_modules\".\"id\", \"public\".\"lms_modules\".\"courseId\", \"public\".\"lms_modules\".\"title\", \"public\".\"lms_modules\".\"shortDescription\", \"public\".\"lms_modules\".\"description\", \"public\".\"lms_modules\".\"order\", \"public\".\"lms_modules\".\"totalTopics\", \"public\".\"lms_modules\".\"points\", \"public\".\"lms_modules\".\"estimatedMinutes\", \"public\".\"lms_modules\".\"isActive\", \"public\".\"lms_modules\".\"createdAt\", \"public\".\"lms_modules\".\"updatedAt\" FROM \"public\".\"lms_modules\" WHERE \"public\".\"lms_modules\".\"courseId\" IN ($1) OFFSET $2","service":"preplyte-api","timestamp":"2026-02-18 12:18:19"}
{"level":"debug","message":"Params: [\"cmlq4mwy70005ail9oqvo554e\",0]","service":"preplyte-api","timestamp":"2026-02-18 12:18:19"}
{"level":"debug","message":"Duration: 0ms","service":"preplyte-api","timestamp":"2026-02-18 12:18:19"}
{"level":"debug","message":"Query: SELECT \"public\".\"lms_topics\".\"id\", \"public\".\"lms_topics\".\"moduleId\", \"public\".\"lms_topics\".\"title\", \"public\".\"lms_topics\".\"description\", \"public\".\"lms_topics\".\"order\", \"public\".\"lms_topics\".\"theoryContent\", \"public\".\"lms_topics\".\"videoUrl\", \"public\".\"lms_topics\".\"videoDuration\", \"public\".\"lms_topics\".\"estimatedMinutes\", \"public\".\"lms_topics\".\"resources\", \"public\".\"lms_topics\".\"isActive\", \"public\".\"lms_topics\".\"createdAt\", \"public\".\"lms_topics\".\"updatedAt\" FROM \"public\".\"lms_topics\" WHERE \"public\".\"lms_topics\".\"moduleId\" IN ($1) OFFSET $2","service":"preplyte-api","timestamp":"2026-02-18 12:18:19"}
{"level":"debug","message":"Params: [\"cmlq4o74o000cail9p6dp7mym\",0]","service":"preplyte-api","timestamp":"2026-02-18 12:18:19"}
{"level":"debug","message":"Duration: 0ms","service":"preplyte-api","timestamp":"2026-02-18 12:18:19"}
{"level":"debug","message":"Query: SELECT \"public\".\"lms_module_tests\".\"id\", \"public\".\"lms_module_tests\".\"moduleId\", \"public\".\"lms_module_tests\".\"title\", \"public\".\"lms_module_tests\".\"instructions\", \"public\".\"lms_module_tests\".\"totalQuestions\", \"public\".\"lms_module_tests\".\"passingScore\", \"public\".\"lms_module_tests\".\"timeLimitMinutes\", \"public\".\"lms_module_tests\".\"maxAttempts\", \"public\".\"lms_module_tests\".\"pointsPerQuestion\", \"public\".\"lms_module_tests\".\"totalPoints\", \"public\".\"lms_module_tests\".\"isActive\", \"public\".\"lms_module_tests\".\"createdAt\", \"public\".\"lms_module_tests\".\"updatedAt\" FROM \"public\".\"lms_module_tests\" WHERE \"public\".\"lms_module_tests\".\"moduleId\" IN ($1) OFFSET $2","service":"preplyte-api","timestamp":"2026-02-18 12:18:19"}
{"level":"debug","message":"Params: [\"cmlq4o74o000cail9p6dp7mym\",0]","service":"preplyte-api","timestamp":"2026-02-18 12:18:19"}
{"level":"debug","message":"Duration: 0ms","service":"preplyte-api","timestamp":"2026-02-18 12:18:19"}
{"level":"debug","message":"Query: SELECT \"public\".\"lms_final_tests\".\"id\", \"public\".\"lms_final_tests\".\"courseId\", \"public\".\"lms_final_tests\".\"title\", \"public\".\"lms_final_tests\".\"instructions\", \"public\".\"lms_final_tests\".\"totalQuestions\", \"public\".\"lms_final_tests\".\"passingScore\", \"public\".\"lms_final_tests\".\"timeLimitMinutes\", \"public\".\"lms_final_tests\".\"pointsPerQuestion\", \"public\".\"lms_final_tests\".\"totalPoints\", \"public\".\"lms_final_tests\".\"maxAttempts\", \"public\".\"lms_final_tests\".\"isActive\", \"public\".\"lms_final_tests\".\"createdAt\", \"public\".\"lms_final_tests\".\"updatedAt\" FROM \"public\".\"lms_final_tests\" WHERE \"public\".\"lms_final_tests\".\"courseId\" IN ($1) OFFSET $2","service":"preplyte-api","timestamp":"2026-02-18 12:18:19"}
{"level":"debug","message":"Params: [\"cmlq4mwy70005ail9oqvo554e\",0]","service":"preplyte-api","timestamp":"2026-02-18 12:18:19"}
{"level":"debug","message":"Duration: 0ms","service":"preplyte-api","timestamp":"2026-02-18 12:18:19"}
{"level":"debug","message":"Query: UPDATE \"public\".\"lms_courses\" SET \"totalModules\" = $1, \"totalTopics\" = $2, \"totalPoints\" = $3, \"totalHours\" = $4, \"updatedAt\" = $5 WHERE (\"public\".\"lms_courses\".\"id\" = $6 AND 1=1) RETURNING \"public\".\"lms_courses\".\"id\", \"public\".\"lms_courses\".\"categoryId\", \"public\".\"lms_courses\".\"title\", \"public\".\"lms_courses\".\"slug\", \"public\".\"lms_courses\".\"shortDescription\", \"public\".\"lms_courses\".\"description\", \"public\".\"lms_courses\".\"thumbnailUrl\", \"public\".\"lms_courses\".\"previewVideoUrl\", \"public\".\"lms_courses\".\"totalModules\", \"public\".\"lms_courses\".\"totalTopics\", \"public\".\"lms_courses\".\"totalPoints\", \"public\".\"lms_courses\".\"totalHours\", \"public\".\"lms_courses\".\"price\", \"public\".\"lms_courses\".\"discountPrice\", \"public\".\"lms_courses\".\"currency\", \"public\".\"lms_courses\".\"status\"::text, \"public\".\"lms_courses\".\"isActive\", \"public\".\"lms_courses\".\"certificateEnabled\", \"public\".\"lms_courses\".\"passingPercentage\", \"public\".\"lms_courses\".\"tags\", \"public\".\"lms_courses\".\"difficulty\"::text, \"public\".\"lms_courses\".\"instructor\", \"public\".\"lms_courses\".\"language\", \"public\".\"lms_courses\".\"averageRating\", \"public\".\"lms_courses\".\"ratingsCount\", \"public\".\"lms_courses\".\"createdAt\", \"public\".\"lms_courses\".\"updatedAt\", \"public\".\"lms_courses\".\"publishedAt\"","service":"preplyte-api","timestamp":"2026-02-18 12:18:19"}
{"level":"debug","message":"Params: [1,1,170,0.67,\"2026-02-18 06:48:19.361 UTC\",\"cmlq4mwy70005ail9oqvo554e\"]","service":"preplyte-api","timestamp":"2026-02-18 12:18:19"}
{"level":"debug","message":"Duration: 1ms","service":"preplyte-api","timestamp":"2026-02-18 12:18:19"}
{"level":"debug","message":"Query: SELECT \"public\".\"lms_courses\".\"id\", \"public\".\"lms_courses\".\"categoryId\", \"public\".\"lms_courses\".\"title\", \"public\".\"lms_courses\".\"slug\", \"public\".\"lms_courses\".\"shortDescription\", \"public\".\"lms_courses\".\"description\", \"public\".\"lms_courses\".\"thumbnailUrl\", \"public\".\"lms_courses\".\"previewVideoUrl\", \"public\".\"lms_courses\".\"totalModules\", \"public\".\"lms_courses\".\"totalTopics\", \"public\".\"lms_courses\".\"totalPoints\", \"public\".\"lms_courses\".\"totalHours\", \"public\".\"lms_courses\".\"price\", \"public\".\"lms_courses\".\"discountPrice\", \"public\".\"lms_courses\".\"currency\", \"public\".\"lms_courses\".\"status\"::text, \"public\".\"lms_courses\".\"isActive\", \"public\".\"lms_courses\".\"certificateEnabled\", \"public\".\"lms_courses\".\"passingPercentage\", \"public\".\"lms_courses\".\"tags\", \"public\".\"lms_courses\".\"difficulty\"::text, \"public\".\"lms_courses\".\"instructor\", \"public\".\"lms_courses\".\"language\", \"public\".\"lms_courses\".\"averageRating\", \"public\".\"lms_courses\".\"ratingsCount\", \"public\".\"lms_courses\".\"createdAt\", \"public\".\"lms_courses\".\"updatedAt\", \"public\".\"lms_courses\".\"publishedAt\", COALESCE(\"aggr_selection_0_LmsEnrollment\".\"_aggr_count_enrollments\", 0) AS \"_aggr_count_enrollments\" FROM \"public\".\"lms_courses\" LEFT JOIN (SELECT \"public\".\"lms_enrollments\".\"courseId\", COUNT(*) AS \"_aggr_count_enrollments\" FROM \"public\".\"lms_enrollments\" WHERE 1=1 GROUP BY \"public\".\"lms_enrollments\".\"courseId\") AS \"aggr_selection_0_LmsEnrollment\" ON (\"public\".\"lms_courses\".\"id\" = \"aggr_selection_0_LmsEnrollment\".\"courseId\") WHERE (\"public\".\"lms_courses\".\"id\" = $1 AND 1=1) LIMIT $2 OFFSET $3","service":"preplyte-api","timestamp":"2026-02-18 12:18:19"}
{"level":"debug","message":"Params: [\"cmlq4mwy70005ail9oqvo554e\",1,0]","service":"preplyte-api","timestamp":"2026-02-18 12:18:19"}
{"level":"debug","message":"Duration: 1ms","service":"preplyte-api","timestamp":"2026-02-18 12:18:19"}
{"level":"debug","message":"Query: SELECT \"public\".\"lms_categories\".\"id\", \"public\".\"lms_categories\".\"name\", \"public\".\"lms_categories\".\"slug\", \"public\".\"lms_categories\".\"description\", \"public\".\"lms_categories\".\"iconUrl\", \"public\".\"lms_categories\".\"order\", \"public\".\"lms_categories\".\"isActive\", \"public\".\"lms_categories\".\"createdAt\", \"public\".\"lms_categories\".\"updatedAt\" FROM \"public\".\"lms_categories\" WHERE \"public\".\"lms_categories\".\"id\" IN ($1) OFFSET $2","service":"preplyte-api","timestamp":"2026-02-18 12:18:19"}
{"level":"debug","message":"Params: [\"cmlq4lrae0003ail99wlb2luj\",0]","service":"preplyte-api","timestamp":"2026-02-18 12:18:19"}
{"level":"debug","message":"Duration: 0ms","service":"preplyte-api","timestamp":"2026-02-18 12:18:19"}
{"level":"debug","message":"Query: SELECT \"public\".\"lms_modules\".\"id\", \"public\".\"lms_modules\".\"courseId\", \"public\".\"lms_modules\".\"title\", \"public\".\"lms_modules\".\"shortDescription\", \"public\".\"lms_modules\".\"description\", \"public\".\"lms_modules\".\"order\", \"public\".\"lms_modules\".\"totalTopics\", \"public\".\"lms_modules\".\"points\", \"public\".\"lms_modules\".\"estimatedMinutes\", \"public\".\"lms_modules\".\"isActive\", \"public\".\"lms_modules\".\"createdAt\", \"public\".\"lms_modules\".\"updatedAt\" FROM \"public\".\"lms_modules\" WHERE \"public\".\"lms_modules\".\"courseId\" IN ($1) ORDER BY \"public\".\"lms_modules\".\"order\" ASC OFFSET $2","service":"preplyte-api","timestamp":"2026-02-18 12:18:19"}
{"level":"debug","message":"Params: [\"cmlq4mwy70005ail9oqvo554e\",0]","service":"preplyte-api","timestamp":"2026-02-18 12:18:19"}
{"level":"debug","message":"Duration: 0ms","service":"preplyte-api","timestamp":"2026-02-18 12:18:19"}
{"level":"debug","message":"Query: SELECT \"public\".\"lms_topics\".\"id\", \"public\".\"lms_topics\".\"moduleId\", \"public\".\"lms_topics\".\"title\", \"public\".\"lms_topics\".\"description\", \"public\".\"lms_topics\".\"order\", \"public\".\"lms_topics\".\"theoryContent\", \"public\".\"lms_topics\".\"videoUrl\", \"public\".\"lms_topics\".\"videoDuration\", \"public\".\"lms_topics\".\"estimatedMinutes\", \"public\".\"lms_topics\".\"resources\", \"public\".\"lms_topics\".\"isActive\", \"public\".\"lms_topics\".\"createdAt\", \"public\".\"lms_topics\".\"updatedAt\" FROM \"public\".\"lms_topics\" WHERE \"public\".\"lms_topics\".\"moduleId\" IN ($1) ORDER BY \"public\".\"lms_topics\".\"order\" ASC OFFSET $2","service":"preplyte-api","timestamp":"2026-02-18 12:18:19"}
{"level":"debug","message":"Params: [\"cmlq4o74o000cail9p6dp7mym\",0]","service":"preplyte-api","timestamp":"2026-02-18 12:18:19"}
{"level":"debug","message":"Duration: 0ms","service":"preplyte-api","timestamp":"2026-02-18 12:18:19"}
{"level":"debug","message":"Query: SELECT \"public\".\"lms_module_tests\".\"id\", \"public\".\"lms_module_tests\".\"moduleId\", \"public\".\"lms_module_tests\".\"title\", \"public\".\"lms_module_tests\".\"instructions\", \"public\".\"lms_module_tests\".\"totalQuestions\", \"public\".\"lms_module_tests\".\"passingScore\", \"public\".\"lms_module_tests\".\"timeLimitMinutes\", \"public\".\"lms_module_tests\".\"maxAttempts\", \"public\".\"lms_module_tests\".\"pointsPerQuestion\", \"public\".\"lms_module_tests\".\"totalPoints\", \"public\".\"lms_module_tests\".\"isActive\", \"public\".\"lms_module_tests\".\"createdAt\", \"public\".\"lms_module_tests\".\"updatedAt\" FROM \"public\".\"lms_module_tests\" WHERE \"public\".\"lms_module_tests\".\"moduleId\" IN ($1) OFFSET $2","service":"preplyte-api","timestamp":"2026-02-18 12:18:19"}
{"level":"debug","message":"Params: [\"cmlq4o74o000cail9p6dp7mym\",0]","service":"preplyte-api","timestamp":"2026-02-18 12:18:19"}
{"level":"debug","message":"Duration: 0ms","service":"preplyte-api","timestamp":"2026-02-18 12:18:19"}
{"level":"debug","message":"Query: SELECT \"public\".\"lms_final_tests\".\"id\", \"public\".\"lms_final_tests\".\"courseId\", \"public\".\"lms_final_tests\".\"title\", \"public\".\"lms_final_tests\".\"instructions\", \"public\".\"lms_final_tests\".\"totalQuestions\", \"public\".\"lms_final_tests\".\"passingScore\", \"public\".\"lms_final_tests\".\"timeLimitMinutes\", \"public\".\"lms_final_tests\".\"pointsPerQuestion\", \"public\".\"lms_final_tests\".\"totalPoints\", \"public\".\"lms_final_tests\".\"maxAttempts\", \"public\".\"lms_final_tests\".\"isActive\", \"public\".\"lms_final_tests\".\"createdAt\", \"public\".\"lms_final_tests\".\"updatedAt\" FROM \"public\".\"lms_final_tests\" WHERE \"public\".\"lms_final_tests\".\"courseId\" IN ($1) OFFSET $2","service":"preplyte-api","timestamp":"2026-02-18 12:18:19"}
{"level":"debug","message":"Params: [\"cmlq4mwy70005ail9oqvo554e\",0]","service":"preplyte-api","timestamp":"2026-02-18 12:18:19"}
{"level":"debug","message":"Duration: 0ms","service":"preplyte-api","timestamp":"2026-02-18 12:18:19"}
{"level":"debug","message":"Query: SELECT \"public\".\"lms_test_questions\".\"id\", \"public\".\"lms_test_questions\".\"moduleTestId\", \"public\".\"lms_test_questions\".\"finalTestId\", \"public\".\"lms_test_questions\".\"questionText\", \"public\".\"lms_test_questions\".\"explanation\", \"public\".\"lms_test_questions\".\"order\", \"public\".\"lms_test_questions\".\"points\", \"public\".\"lms_test_questions\".\"isActive\", \"public\".\"lms_test_questions\".\"createdAt\", \"public\".\"lms_test_questions\".\"updatedAt\" FROM \"public\".\"lms_test_questions\" WHERE \"public\".\"lms_test_questions\".\"finalTestId\" IN ($1) ORDER BY \"public\".\"lms_test_questions\".\"order\" ASC OFFSET $2","service":"preplyte-api","timestamp":"2026-02-18 12:18:19"}
{"level":"debug","message":"Params: [\"cmlq4mwy70006ail9x0zgfcf2\",0]","service":"preplyte-api","timestamp":"2026-02-18 12:18:19"}
{"level":"debug","message":"Duration: 0ms","service":"preplyte-api","timestamp":"2026-02-18 12:18:19"}
{"level":"debug","message":"Query: SELECT \"public\".\"lms_test_options\".\"id\", \"public\".\"lms_test_options\".\"questionId\", \"public\".\"lms_test_options\".\"text\", \"public\".\"lms_test_options\".\"isCorrect\", \"public\".\"lms_test_options\".\"order\", \"public\".\"lms_test_options\".\"createdAt\", \"public\".\"lms_test_options\".\"updatedAt\" FROM \"public\".\"lms_test_options\" WHERE \"public\".\"lms_test_options\".\"questionId\" IN ($1) ORDER BY \"public\".\"lms_test_options\".\"order\" ASC OFFSET $2","service":"preplyte-api","timestamp":"2026-02-18 12:18:19"}
{"level":"debug","message":"Params: [\"cmlq4mwy70007ail94rc4gh4x\",0]","service":"preplyte-api","timestamp":"2026-02-18 12:18:19"}
{"level":"debug","message":"Duration: 0ms","service":"preplyte-api","timestamp":"2026-02-18 12:18:19"}
{"level":"info","message":"\u001b[0mPATCH /api/admin/lms/courses/cmlq4mwy70005ail9oqvo554e \u001b[32m200\u001b[0m 176.094 ms - -\u001b[0m","service":"preplyte-api","timestamp":"2026-02-18 12:18:19"}
{"level":"debug","message":"Query: SELECT \"public\".\"users\".\"id\", \"public\".\"users\".\"email\", \"public\".\"users\".\"role\"::text, \"public\".\"users\".\"instituteId\", \"public\".\"users\".\"isActive\", \"public\".\"users\".\"tokenVersion\" FROM \"public\".\"users\" WHERE (\"public\".\"users\".\"id\" = $1 AND 1=1) LIMIT $2 OFFSET $3","service":"preplyte-api","timestamp":"2026-02-18 12:18:19"}
{"level":"debug","message":"Params: [\"cmlq4geyi00019qeh3xpio9yr\",1,0]","service":"preplyte-api","timestamp":"2026-02-18 12:18:19"}
{"level":"debug","message":"Duration: 0ms","service":"preplyte-api","timestamp":"2026-02-18 12:18:19"}
{"level":"debug","message":"Query: SELECT \"public\".\"lms_courses\".\"id\", \"public\".\"lms_courses\".\"categoryId\", \"public\".\"lms_courses\".\"title\", \"public\".\"lms_courses\".\"slug\", \"public\".\"lms_courses\".\"shortDescription\", \"public\".\"lms_courses\".\"description\", \"public\".\"lms_courses\".\"thumbnailUrl\", \"public\".\"lms_courses\".\"previewVideoUrl\", \"public\".\"lms_courses\".\"totalModules\", \"public\".\"lms_courses\".\"totalTopics\", \"public\".\"lms_courses\".\"totalPoints\", \"public\".\"lms_courses\".\"totalHours\", \"public\".\"lms_courses\".\"price\", \"public\".\"lms_courses\".\"discountPrice\", \"public\".\"lms_courses\".\"currency\", \"public\".\"lms_courses\".\"status\"::text, \"public\".\"lms_courses\".\"isActive\", \"public\".\"lms_courses\".\"certificateEnabled\", \"public\".\"lms_courses\".\"passingPercentage\", \"public\".\"lms_courses\".\"tags\", \"public\".\"lms_courses\".\"difficulty\"::text, \"public\".\"lms_courses\".\"instructor\", \"public\".\"lms_courses\".\"language\", \"public\".\"lms_courses\".\"averageRating\", \"public\".\"lms_courses\".\"ratingsCount\", \"public\".\"lms_courses\".\"createdAt\", \"public\".\"lms_courses\".\"updatedAt\", \"public\".\"lms_courses\".\"publishedAt\", COALESCE(\"aggr_selection_0_LmsEnrollment\".\"_aggr_count_enrollments\", 0) AS \"_aggr_count_enrollments\" FROM \"public\".\"lms_courses\" LEFT JOIN (SELECT \"public\".\"lms_enrollments\".\"courseId\", COUNT(*) AS \"_aggr_count_enrollments\" FROM \"public\".\"lms_enrollments\" WHERE 1=1 GROUP BY \"public\".\"lms_enrollments\".\"courseId\") AS \"aggr_selection_0_LmsEnrollment\" ON (\"public\".\"lms_courses\".\"id\" = \"aggr_selection_0_LmsEnrollment\".\"courseId\") WHERE (\"public\".\"lms_courses\".\"id\" = $1 AND 1=1) LIMIT $2 OFFSET $3","service":"preplyte-api","timestamp":"2026-02-18 12:18:19"}
{"level":"debug","message":"Params: [\"cmlq4mwy70005ail9oqvo554e\",1,0]","service":"preplyte-api","timestamp":"2026-02-18 12:18:19"}
{"level":"debug","message":"Duration: 0ms","service":"preplyte-api","timestamp":"2026-02-18 12:18:19"}
{"level":"debug","message":"Query: SELECT \"public\".\"lms_categories\".\"id\", \"public\".\"lms_categories\".\"name\", \"public\".\"lms_categories\".\"slug\", \"public\".\"lms_categories\".\"description\", \"public\".\"lms_categories\".\"iconUrl\", \"public\".\"lms_categories\".\"order\", \"public\".\"lms_categories\".\"isActive\", \"public\".\"lms_categories\".\"createdAt\", \"public\".\"lms_categories\".\"updatedAt\" FROM \"public\".\"lms_categories\" WHERE \"public\".\"lms_categories\".\"id\" IN ($1) OFFSET $2","service":"preplyte-api","timestamp":"2026-02-18 12:18:19"}
{"level":"debug","message":"Params: [\"cmlq4lrae0003ail99wlb2luj\",0]","service":"preplyte-api","timestamp":"2026-02-18 12:18:19"}
{"level":"debug","message":"Duration: 0ms","service":"preplyte-api","timestamp":"2026-02-18 12:18:19"}
{"level":"debug","message":"Query: SELECT \"public\".\"lms_modules\".\"id\", \"public\".\"lms_modules\".\"courseId\", \"public\".\"lms_modules\".\"title\", \"public\".\"lms_modules\".\"shortDescription\", \"public\".\"lms_modules\".\"description\", \"public\".\"lms_modules\".\"order\", \"public\".\"lms_modules\".\"totalTopics\", \"public\".\"lms_modules\".\"points\", \"public\".\"lms_modules\".\"estimatedMinutes\", \"public\".\"lms_modules\".\"isActive\", \"public\".\"lms_modules\".\"createdAt\", \"public\".\"lms_modules\".\"updatedAt\" FROM \"public\".\"lms_modules\" WHERE \"public\".\"lms_modules\".\"courseId\" IN ($1) ORDER BY \"public\".\"lms_modules\".\"order\" ASC OFFSET $2","service":"preplyte-api","timestamp":"2026-02-18 12:18:19"}
{"level":"debug","message":"Params: [\"cmlq4mwy70005ail9oqvo554e\",0]","service":"preplyte-api","timestamp":"2026-02-18 12:18:19"}
{"level":"debug","message":"Duration: 0ms","service":"preplyte-api","timestamp":"2026-02-18 12:18:19"}
{"level":"debug","message":"Query: SELECT \"public\".\"lms_topics\".\"id\", \"public\".\"lms_topics\".\"moduleId\", \"public\".\"lms_topics\".\"title\", \"public\".\"lms_topics\".\"description\", \"public\".\"lms_topics\".\"order\", \"public\".\"lms_topics\".\"theoryContent\", \"public\".\"lms_topics\".\"videoUrl\", \"public\".\"lms_topics\".\"videoDuration\", \"public\".\"lms_topics\".\"estimatedMinutes\", \"public\".\"lms_topics\".\"resources\", \"public\".\"lms_topics\".\"isActive\", \"public\".\"lms_topics\".\"createdAt\", \"public\".\"lms_topics\".\"updatedAt\" FROM \"public\".\"lms_topics\" WHERE \"public\".\"lms_topics\".\"moduleId\" IN ($1) ORDER BY \"public\".\"lms_topics\".\"order\" ASC OFFSET $2","service":"preplyte-api","timestamp":"2026-02-18 12:18:19"}
{"level":"debug","message":"Params: [\"cmlq4o74o000cail9p6dp7mym\",0]","service":"preplyte-api","timestamp":"2026-02-18 12:18:19"}
{"level":"debug","message":"Duration: 0ms","service":"preplyte-api","timestamp":"2026-02-18 12:18:19"}
{"level":"debug","message":"Query: SELECT \"public\".\"lms_module_tests\".\"id\", \"public\".\"lms_module_tests\".\"moduleId\", \"public\".\"lms_module_tests\".\"title\", \"public\".\"lms_module_tests\".\"instructions\", \"public\".\"lms_module_tests\".\"totalQuestions\", \"public\".\"lms_module_tests\".\"passingScore\", \"public\".\"lms_module_tests\".\"timeLimitMinutes\", \"public\".\"lms_module_tests\".\"maxAttempts\", \"public\".\"lms_module_tests\".\"pointsPerQuestion\", \"public\".\"lms_module_tests\".\"totalPoints\", \"public\".\"lms_module_tests\".\"isActive\", \"public\".\"lms_module_tests\".\"createdAt\", \"public\".\"lms_module_tests\".\"updatedAt\" FROM \"public\".\"lms_module_tests\" WHERE \"public\".\"lms_module_tests\".\"moduleId\" IN ($1) OFFSET $2","service":"preplyte-api","timestamp":"2026-02-18 12:18:19"}
{"level":"debug","message":"Params: [\"cmlq4o74o000cail9p6dp7mym\",0]","service":"preplyte-api","timestamp":"2026-02-18 12:18:19"}
{"level":"debug","message":"Duration: 0ms","service":"preplyte-api","timestamp":"2026-02-18 12:18:19"}
{"level":"debug","message":"Query: SELECT \"public\".\"lms_final_tests\".\"id\", \"public\".\"lms_final_tests\".\"courseId\", \"public\".\"lms_final_tests\".\"title\", \"public\".\"lms_final_tests\".\"instructions\", \"public\".\"lms_final_tests\".\"totalQuestions\", \"public\".\"lms_final_tests\".\"passingScore\", \"public\".\"lms_final_tests\".\"timeLimitMinutes\", \"public\".\"lms_final_tests\".\"pointsPerQuestion\", \"public\".\"lms_final_tests\".\"totalPoints\", \"public\".\"lms_final_tests\".\"maxAttempts\", \"public\".\"lms_final_tests\".\"isActive\", \"public\".\"lms_final_tests\".\"createdAt\", \"public\".\"lms_final_tests\".\"updatedAt\" FROM \"public\".\"lms_final_tests\" WHERE \"public\".\"lms_final_tests\".\"courseId\" IN ($1) OFFSET $2","service":"preplyte-api","timestamp":"2026-02-18 12:18:19"}
{"level":"debug","message":"Params: [\"cmlq4mwy70005ail9oqvo554e\",0]","service":"preplyte-api","timestamp":"2026-02-18 12:18:19"}
{"level":"debug","message":"Duration: 0ms","service":"preplyte-api","timestamp":"2026-02-18 12:18:19"}
{"level":"debug","message":"Query: SELECT \"public\".\"lms_test_questions\".\"id\", \"public\".\"lms_test_questions\".\"moduleTestId\", \"public\".\"lms_test_questions\".\"finalTestId\", \"public\".\"lms_test_questions\".\"questionText\", \"public\".\"lms_test_questions\".\"explanation\", \"public\".\"lms_test_questions\".\"order\", \"public\".\"lms_test_questions\".\"points\", \"public\".\"lms_test_questions\".\"isActive\", \"public\".\"lms_test_questions\".\"createdAt\", \"public\".\"lms_test_questions\".\"updatedAt\" FROM \"public\".\"lms_test_questions\" WHERE \"public\".\"lms_test_questions\".\"finalTestId\" IN ($1) ORDER BY \"public\".\"lms_test_questions\".\"order\" ASC OFFSET $2","service":"preplyte-api","timestamp":"2026-02-18 12:18:19"}
{"level":"debug","message":"Params: [\"cmlq4mwy70006ail9x0zgfcf2\",0]","service":"preplyte-api","timestamp":"2026-02-18 12:18:19"}
{"level":"debug","message":"Duration: 0ms","service":"preplyte-api","timestamp":"2026-02-18 12:18:19"}
{"level":"debug","message":"Query: SELECT \"public\".\"lms_test_options\".\"id\", \"public\".\"lms_test_options\".\"questionId\", \"public\".\"lms_test_options\".\"text\", \"public\".\"lms_test_options\".\"isCorrect\", \"public\".\"lms_test_options\".\"order\", \"public\".\"lms_test_options\".\"createdAt\", \"public\".\"lms_test_options\".\"updatedAt\" FROM \"public\".\"lms_test_options\" WHERE \"public\".\"lms_test_options\".\"questionId\" IN ($1) ORDER BY \"public\".\"lms_test_options\".\"order\" ASC OFFSET $2","service":"preplyte-api","timestamp":"2026-02-18 12:18:19"}
{"level":"debug","message":"Params: [\"cmlq4mwy70007ail94rc4gh4x\",0]","service":"preplyte-api","timestamp":"2026-02-18 12:18:19"}
{"level":"debug","message":"Duration: 0ms","service":"preplyte-api","timestamp":"2026-02-18 12:18:19"}
{"level":"info","message":"\u001b[0mGET /api/admin/lms/courses/cmlq4mwy70005ail9oqvo554e \u001b[32m200\u001b[0m 25.715 ms - -\u001b[0m","service":"preplyte-api","timestamp":"2026-02-18 12:18:19"}
{"level":"debug","message":"Query: SELECT \"public\".\"users\".\"id\", \"public\".\"users\".\"email\", \"public\".\"users\".\"role\"::text, \"public\".\"users\".\"instituteId\", \"public\".\"users\".\"isActive\", \"public\".\"users\".\"tokenVersion\" FROM \"public\".\"users\" WHERE (\"public\".\"users\".\"id\" = $1 AND 1=1) LIMIT $2 OFFSET $3","service":"preplyte-api","timestamp":"2026-02-18 12:18:19"}
{"level":"debug","message":"Params: [\"cmlq4geyi00019qeh3xpio9yr\",1,0]","service":"preplyte-api","timestamp":"2026-02-18 12:18:19"}
{"level":"debug","message":"Duration: 0ms","service":"preplyte-api","timestamp":"2026-02-18 12:18:19"}
{"level":"debug","message":"Query: SELECT \"public\".\"lms_courses\".\"id\", \"public\".\"lms_courses\".\"categoryId\", \"public\".\"lms_courses\".\"title\", \"public\".\"lms_courses\".\"slug\", \"public\".\"lms_courses\".\"shortDescription\", \"public\".\"lms_courses\".\"description\", \"public\".\"lms_courses\".\"thumbnailUrl\", \"public\".\"lms_courses\".\"previewVideoUrl\", \"public\".\"lms_courses\".\"totalModules\", \"public\".\"lms_courses\".\"totalTopics\", \"public\".\"lms_courses\".\"totalPoints\", \"public\".\"lms_courses\".\"totalHours\", \"public\".\"lms_courses\".\"price\", \"public\".\"lms_courses\".\"discountPrice\", \"public\".\"lms_courses\".\"currency\", \"public\".\"lms_courses\".\"status\"::text, \"public\".\"lms_courses\".\"isActive\", \"public\".\"lms_courses\".\"certificateEnabled\", \"public\".\"lms_courses\".\"passingPercentage\", \"public\".\"lms_courses\".\"tags\", \"public\".\"lms_courses\".\"difficulty\"::text, \"public\".\"lms_courses\".\"instructor\", \"public\".\"lms_courses\".\"language\", \"public\".\"lms_courses\".\"averageRating\", \"public\".\"lms_courses\".\"ratingsCount\", \"public\".\"lms_courses\".\"createdAt\", \"public\".\"lms_courses\".\"updatedAt\", \"public\".\"lms_courses\".\"publishedAt\", COALESCE(\"aggr_selection_0_LmsEnrollment\".\"_aggr_count_enrollments\", 0) AS \"_aggr_count_enrollments\" FROM \"public\".\"lms_courses\" LEFT JOIN (SELECT \"public\".\"lms_enrollments\".\"courseId\", COUNT(*) AS \"_aggr_count_enrollments\" FROM \"public\".\"lms_enrollments\" WHERE 1=1 GROUP BY \"public\".\"lms_enrollments\".\"courseId\") AS \"aggr_selection_0_LmsEnrollment\" ON (\"public\".\"lms_courses\".\"id\" = \"aggr_selection_0_LmsEnrollment\".\"courseId\") WHERE (\"public\".\"lms_courses\".\"id\" = $1 AND 1=1) LIMIT $2 OFFSET $3","service":"preplyte-api","timestamp":"2026-02-18 12:18:19"}
{"level":"debug","message":"Params: [\"cmlq4mwy70005ail9oqvo554e\",1,0]","service":"preplyte-api","timestamp":"2026-02-18 12:18:19"}
{"level":"debug","message":"Duration: 0ms","service":"preplyte-api","timestamp":"2026-02-18 12:18:19"}
{"level":"debug","message":"Query: SELECT \"public\".\"lms_categories\".\"id\", \"public\".\"lms_categories\".\"name\", \"public\".\"lms_categories\".\"slug\", \"public\".\"lms_categories\".\"description\", \"public\".\"lms_categories\".\"iconUrl\", \"public\".\"lms_categories\".\"order\", \"public\".\"lms_categories\".\"isActive\", \"public\".\"lms_categories\".\"createdAt\", \"public\".\"lms_categories\".\"updatedAt\" FROM \"public\".\"lms_categories\" WHERE \"public\".\"lms_categories\".\"id\" IN ($1) OFFSET $2","service":"preplyte-api","timestamp":"2026-02-18 12:18:19"}
{"level":"debug","message":"Params: [\"cmlq4lrae0003ail99wlb2luj\",0]","service":"preplyte-api","timestamp":"2026-02-18 12:18:19"}
{"level":"debug","message":"Duration: 0ms","service":"preplyte-api","timestamp":"2026-02-18 12:18:19"}
{"level":"debug","message":"Query: SELECT \"public\".\"lms_modules\".\"id\", \"public\".\"lms_modules\".\"courseId\", \"public\".\"lms_modules\".\"title\", \"public\".\"lms_modules\".\"shortDescription\", \"public\".\"lms_modules\".\"description\", \"public\".\"lms_modules\".\"order\", \"public\".\"lms_modules\".\"totalTopics\", \"public\".\"lms_modules\".\"points\", \"public\".\"lms_modules\".\"estimatedMinutes\", \"public\".\"lms_modules\".\"isActive\", \"public\".\"lms_modules\".\"createdAt\", \"public\".\"lms_modules\".\"updatedAt\" FROM \"public\".\"lms_modules\" WHERE \"public\".\"lms_modules\".\"courseId\" IN ($1) ORDER BY \"public\".\"lms_modules\".\"order\" ASC OFFSET $2","service":"preplyte-api","timestamp":"2026-02-18 12:18:19"}
{"level":"debug","message":"Params: [\"cmlq4mwy70005ail9oqvo554e\",0]","service":"preplyte-api","timestamp":"2026-02-18 12:18:19"}
{"level":"debug","message":"Duration: 0ms","service":"preplyte-api","timestamp":"2026-02-18 12:18:19"}
{"level":"debug","message":"Query: SELECT \"public\".\"lms_topics\".\"id\", \"public\".\"lms_topics\".\"moduleId\", \"public\".\"lms_topics\".\"title\", \"public\".\"lms_topics\".\"description\", \"public\".\"lms_topics\".\"order\", \"public\".\"lms_topics\".\"theoryContent\", \"public\".\"lms_topics\".\"videoUrl\", \"public\".\"lms_topics\".\"videoDuration\", \"public\".\"lms_topics\".\"estimatedMinutes\", \"public\".\"lms_topics\".\"resources\", \"public\".\"lms_topics\".\"isActive\", \"public\".\"lms_topics\".\"createdAt\", \"public\".\"lms_topics\".\"updatedAt\" FROM \"public\".\"lms_topics\" WHERE \"public\".\"lms_topics\".\"moduleId\" IN ($1) ORDER BY \"public\".\"lms_topics\".\"order\" ASC OFFSET $2","service":"preplyte-api","timestamp":"2026-02-18 12:18:19"}
{"level":"debug","message":"Params: [\"cmlq4o74o000cail9p6dp7mym\",0]","service":"preplyte-api","timestamp":"2026-02-18 12:18:19"}
{"level":"debug","message":"Duration: 0ms","service":"preplyte-api","timestamp":"2026-02-18 12:18:19"}
{"level":"debug","message":"Query: SELECT \"public\".\"lms_module_tests\".\"id\", \"public\".\"lms_module_tests\".\"moduleId\", \"public\".\"lms_module_tests\".\"title\", \"public\".\"lms_module_tests\".\"instructions\", \"public\".\"lms_module_tests\".\"totalQuestions\", \"public\".\"lms_module_tests\".\"passingScore\", \"public\".\"lms_module_tests\".\"timeLimitMinutes\", \"public\".\"lms_module_tests\".\"maxAttempts\", \"public\".\"lms_module_tests\".\"pointsPerQuestion\", \"public\".\"lms_module_tests\".\"totalPoints\", \"public\".\"lms_module_tests\".\"isActive\", \"public\".\"lms_module_tests\".\"createdAt\", \"public\".\"lms_module_tests\".\"updatedAt\" FROM \"public\".\"lms_module_tests\" WHERE \"public\".\"lms_module_tests\".\"moduleId\" IN ($1) OFFSET $2","service":"preplyte-api","timestamp":"2026-02-18 12:18:19"}
{"level":"debug","message":"Params: [\"cmlq4o74o000cail9p6dp7mym\",0]","service":"preplyte-api","timestamp":"2026-02-18 12:18:19"}
{"level":"debug","message":"Duration: 0ms","service":"preplyte-api","timestamp":"2026-02-18 12:18:19"}
{"level":"debug","message":"Query: SELECT \"public\".\"lms_final_tests\".\"id\", \"public\".\"lms_final_tests\".\"courseId\", \"public\".\"lms_final_tests\".\"title\", \"public\".\"lms_final_tests\".\"instructions\", \"public\".\"lms_final_tests\".\"totalQuestions\", \"public\".\"lms_final_tests\".\"passingScore\", \"public\".\"lms_final_tests\".\"timeLimitMinutes\", \"public\".\"lms_final_tests\".\"pointsPerQuestion\", \"public\".\"lms_final_tests\".\"totalPoints\", \"public\".\"lms_final_tests\".\"maxAttempts\", \"public\".\"lms_final_tests\".\"isActive\", \"public\".\"lms_final_tests\".\"createdAt\", \"public\".\"lms_final_tests\".\"updatedAt\" FROM \"public\".\"lms_final_tests\" WHERE \"public\".\"lms_final_tests\".\"courseId\" IN ($1) OFFSET $2","service":"preplyte-api","timestamp":"2026-02-18 12:18:19"}
{"level":"debug","message":"Params: [\"cmlq4mwy70005ail9oqvo554e\",0]","service":"preplyte-api","timestamp":"2026-02-18 12:18:19"}
{"level":"debug","message":"Duration: 0ms","service":"preplyte-api","timestamp":"2026-02-18 12:18:19"}
{"level":"debug","message":"Query: SELECT \"public\".\"lms_test_questions\".\"id\", \"public\".\"lms_test_questions\".\"moduleTestId\", \"public\".\"lms_test_questions\".\"finalTestId\", \"public\".\"lms_test_questions\".\"questionText\", \"public\".\"lms_test_questions\".\"explanation\", \"public\".\"lms_test_questions\".\"order\", \"public\".\"lms_test_questions\".\"points\", \"public\".\"lms_test_questions\".\"isActive\", \"public\".\"lms_test_questions\".\"createdAt\", \"public\".\"lms_test_questions\".\"updatedAt\" FROM \"public\".\"lms_test_questions\" WHERE \"public\".\"lms_test_questions\".\"finalTestId\" IN ($1) ORDER BY \"public\".\"lms_test_questions\".\"order\" ASC OFFSET $2","service":"preplyte-api","timestamp":"2026-02-18 12:18:19"}
{"level":"debug","message":"Params: [\"cmlq4mwy70006ail9x0zgfcf2\",0]","service":"preplyte-api","timestamp":"2026-02-18 12:18:19"}
{"level":"debug","message":"Duration: 0ms","service":"preplyte-api","timestamp":"2026-02-18 12:18:19"}
{"level":"debug","message":"Query: SELECT \"public\".\"lms_test_options\".\"id\", \"public\".\"lms_test_options\".\"questionId\", \"public\".\"lms_test_options\".\"text\", \"public\".\"lms_test_options\".\"isCorrect\", \"public\".\"lms_test_options\".\"order\", \"public\".\"lms_test_options\".\"createdAt\", \"public\".\"lms_test_options\".\"updatedAt\" FROM \"public\".\"lms_test_options\" WHERE \"public\".\"lms_test_options\".\"questionId\" IN ($1) ORDER BY \"public\".\"lms_test_options\".\"order\" ASC OFFSET $2","service":"preplyte-api","timestamp":"2026-02-18 12:18:19"}
{"level":"debug","message":"Params: [\"cmlq4mwy70007ail94rc4gh4x\",0]","service":"preplyte-api","timestamp":"2026-02-18 12:18:19"}
{"level":"debug","message":"Duration: 0ms","service":"preplyte-api","timestamp":"2026-02-18 12:18:19"}
{"level":"info","message":"\u001b[0mGET /api/admin/lms/courses/cmlq4mwy70005ail9oqvo554e \u001b[36m304\u001b[0m 30.403 ms - -\u001b[0m","service":"preplyte-api","timestamp":"2026-02-18 12:18:19"}
{"level":"debug","message":"Query: SELECT \"public\".\"users\".\"id\", \"public\".\"users\".\"email\", \"public\".\"users\".\"role\"::text, \"public\".\"users\".\"instituteId\", \"public\".\"users\".\"isActive\", \"public\".\"users\".\"tokenVersion\" FROM \"public\".\"users\" WHERE (\"public\".\"users\".\"id\" = $1 AND 1=1) LIMIT $2 OFFSET $3","service":"preplyte-api","timestamp":"2026-02-18 12:18:21"}
{"level":"debug","message":"Params: [\"cmlq4geyi00019qeh3xpio9yr\",1,0]","service":"preplyte-api","timestamp":"2026-02-18 12:18:21"}
{"level":"debug","message":"Duration: 0ms","service":"preplyte-api","timestamp":"2026-02-18 12:18:21"}
{"level":"debug","message":"Query: SELECT \"public\".\"lms_courses\".\"id\", \"public\".\"lms_courses\".\"categoryId\", \"public\".\"lms_courses\".\"title\", \"public\".\"lms_courses\".\"slug\", \"public\".\"lms_courses\".\"shortDescription\", \"public\".\"lms_courses\".\"description\", \"public\".\"lms_courses\".\"thumbnailUrl\", \"public\".\"lms_courses\".\"previewVideoUrl\", \"public\".\"lms_courses\".\"totalModules\", \"public\".\"lms_courses\".\"totalTopics\", \"public\".\"lms_courses\".\"totalPoints\", \"public\".\"lms_courses\".\"totalHours\", \"public\".\"lms_courses\".\"price\", \"public\".\"lms_courses\".\"discountPrice\", \"public\".\"lms_courses\".\"currency\", \"public\".\"lms_courses\".\"status\"::text, \"public\".\"lms_courses\".\"isActive\", \"public\".\"lms_courses\".\"certificateEnabled\", \"public\".\"lms_courses\".\"passingPercentage\", \"public\".\"lms_courses\".\"tags\", \"public\".\"lms_courses\".\"difficulty\"::text, \"public\".\"lms_courses\".\"instructor\", \"public\".\"lms_courses\".\"language\", \"public\".\"lms_courses\".\"averageRating\", \"public\".\"lms_courses\".\"ratingsCount\", \"public\".\"lms_courses\".\"createdAt\", \"public\".\"lms_courses\".\"updatedAt\", \"public\".\"lms_courses\".\"publishedAt\", COALESCE(\"aggr_selection_0_LmsModule\".\"_aggr_count_modules\", 0) AS \"_aggr_count_modules\", COALESCE(\"aggr_selection_1_LmsEnrollment\".\"_aggr_count_enrollments\", 0) AS \"_aggr_count_enrollments\" FROM \"public\".\"lms_courses\" LEFT JOIN (SELECT \"public\".\"lms_modules\".\"courseId\", COUNT(*) AS \"_aggr_count_modules\" FROM \"public\".\"lms_modules\" WHERE 1=1 GROUP BY \"public\".\"lms_modules\".\"courseId\") AS \"aggr_selection_0_LmsModule\" ON (\"public\".\"lms_courses\".\"id\" = \"aggr_selection_0_LmsModule\".\"courseId\") LEFT JOIN (SELECT \"public\".\"lms_enrollments\".\"courseId\", COUNT(*) AS \"_aggr_count_enrollments\" FROM \"public\".\"lms_enrollments\" WHERE 1=1 GROUP BY \"public\".\"lms_enrollments\".\"courseId\") AS \"aggr_selection_1_LmsEnrollment\" ON (\"public\".\"lms_courses\".\"id\" = \"aggr_selection_1_LmsEnrollment\".\"courseId\") WHERE 1=1 ORDER BY \"public\".\"lms_courses\".\"createdAt\" DESC OFFSET $1","service":"preplyte-api","timestamp":"2026-02-18 12:18:21"}
{"level":"debug","message":"Params: [0]","service":"preplyte-api","timestamp":"2026-02-18 12:18:21"}
{"level":"debug","message":"Duration: 1ms","service":"preplyte-api","timestamp":"2026-02-18 12:18:21"}
{"level":"debug","message":"Query: SELECT \"public\".\"lms_categories\".\"id\", \"public\".\"lms_categories\".\"name\", \"public\".\"lms_categories\".\"slug\", \"public\".\"lms_categories\".\"description\", \"public\".\"lms_categories\".\"iconUrl\", \"public\".\"lms_categories\".\"order\", \"public\".\"lms_categories\".\"isActive\", \"public\".\"lms_categories\".\"createdAt\", \"public\".\"lms_categories\".\"updatedAt\" FROM \"public\".\"lms_categories\" WHERE \"public\".\"lms_categories\".\"id\" IN ($1) OFFSET $2","service":"preplyte-api","timestamp":"2026-02-18 12:18:21"}
{"level":"debug","message":"Params: [\"cmlq4lrae0003ail99wlb2luj\",0]","service":"preplyte-api","timestamp":"2026-02-18 12:18:21"}
{"level":"debug","message":"Duration: 0ms","service":"preplyte-api","timestamp":"2026-02-18 12:18:21"}
{"level":"info","message":"\u001b[0mGET /api/admin/lms/courses?page=1&limit=10&search= \u001b[32m200\u001b[0m 8.944 ms - 957\u001b[0m","service":"preplyte-api","timestamp":"2026-02-18 12:18:21"}
{"level":"debug","message":"Query: SELECT 1","service":"preplyte-api","timestamp":"2026-02-18 12:18:26"}
{"level":"debug","message":"Params: []","service":"preplyte-api","timestamp":"2026-02-18 12:18:26"}
{"level":"debug","message":"Duration: 0ms","service":"preplyte-api","timestamp":"2026-02-18 12:18:26"}
{"level":"debug","message":"Query: SELECT 1","service":"preplyte-api","timestamp":"2026-02-18 12:18:26"}
{"level":"debug","message":"Params: []","service":"preplyte-api","timestamp":"2026-02-18 12:18:26"}
{"level":"debug","message":"Duration: 1ms","service":"preplyte-api","timestamp":"2026-02-18 12:18:26"}
{"level":"debug","message":"Query: SELECT \"public\".\"lms_categories\".\"id\", \"public\".\"lms_categories\".\"name\", \"public\".\"lms_categories\".\"slug\", \"public\".\"lms_categories\".\"description\", \"public\".\"lms_categories\".\"iconUrl\", \"public\".\"lms_categories\".\"order\", \"public\".\"lms_categories\".\"isActive\", \"public\".\"lms_categories\".\"createdAt\", \"public\".\"lms_categories\".\"updatedAt\", COALESCE(\"aggr_selection_0_LmsCourse\".\"_aggr_count_courses\", 0) AS \"_aggr_count_courses\" FROM \"public\".\"lms_categories\" LEFT JOIN (SELECT \"public\".\"lms_courses\".\"categoryId\", COUNT(*) AS \"_aggr_count_courses\" FROM \"public\".\"lms_courses\" WHERE (\"public\".\"lms_courses\".\"status\" = CAST($1::text AS \"public\".\"LmsCourseStatus\") AND \"public\".\"lms_courses\".\"isActive\" = $2) GROUP BY \"public\".\"lms_courses\".\"categoryId\") AS \"aggr_selection_0_LmsCourse\" ON (\"public\".\"lms_categories\".\"id\" = \"aggr_selection_0_LmsCourse\".\"categoryId\") WHERE \"public\".\"lms_categories\".\"isActive\" = $3 ORDER BY \"public\".\"lms_categories\".\"order\" ASC OFFSET $4","service":"preplyte-api","timestamp":"2026-02-18 12:18:26"}
{"level":"debug","message":"Params: [\"PUBLISHED\",true,true,0]","service":"preplyte-api","timestamp":"2026-02-18 12:18:26"}
{"level":"debug","message":"Duration: 2ms","service":"preplyte-api","timestamp":"2026-02-18 12:18:26"}
{"level":"debug","message":"Query: SELECT 1","service":"preplyte-api","timestamp":"2026-02-18 12:18:26"}
{"level":"debug","message":"Params: []","service":"preplyte-api","timestamp":"2026-02-18 12:18:26"}
{"level":"debug","message":"Duration: 1ms","service":"preplyte-api","timestamp":"2026-02-18 12:18:26"}
{"level":"debug","message":"Query: SELECT 1","service":"preplyte-api","timestamp":"2026-02-18 12:18:26"}
{"level":"debug","message":"Params: []","service":"preplyte-api","timestamp":"2026-02-18 12:18:26"}
{"level":"debug","message":"Duration: 1ms","service":"preplyte-api","timestamp":"2026-02-18 12:18:26"}
{"level":"debug","message":"Query: SELECT COUNT(*) FROM (SELECT \"public\".\"lms_courses\".\"id\" FROM \"public\".\"lms_courses\" WHERE (\"public\".\"lms_courses\".\"status\" = CAST($1::text AS \"public\".\"LmsCourseStatus\") AND \"public\".\"lms_courses\".\"isActive\" = $2) OFFSET $3) AS \"sub\"","service":"preplyte-api","timestamp":"2026-02-18 12:18:26"}
{"level":"debug","message":"Params: [\"PUBLISHED\",true,0]","service":"preplyte-api","timestamp":"2026-02-18 12:18:26"}
{"level":"debug","message":"Duration: 1ms","service":"preplyte-api","timestamp":"2026-02-18 12:18:26"}
{"level":"debug","message":"Query: SELECT COUNT(*), \"public\".\"lms_enrollments\".\"userId\" FROM \"public\".\"lms_enrollments\" WHERE 1=1 GROUP BY \"public\".\"lms_enrollments\".\"userId\" OFFSET $1","service":"preplyte-api","timestamp":"2026-02-18 12:18:26"}
{"level":"debug","message":"Params: [0]","service":"preplyte-api","timestamp":"2026-02-18 12:18:26"}
{"level":"debug","message":"Duration: 1ms","service":"preplyte-api","timestamp":"2026-02-18 12:18:26"}
{"level":"debug","message":"Query: SELECT AVG(\"progressPercent\") FROM (SELECT \"public\".\"lms_enrollments\".\"progressPercent\" FROM \"public\".\"lms_enrollments\" WHERE \"public\".\"lms_enrollments\".\"status\" = CAST($1::text AS \"public\".\"LmsEnrollmentStatus\") OFFSET $2) AS \"sub\"","service":"preplyte-api","timestamp":"2026-02-18 12:18:26"}
{"level":"debug","message":"Params: [\"COMPLETED\",0]","service":"preplyte-api","timestamp":"2026-02-18 12:18:26"}
{"level":"debug","message":"Duration: 6ms","service":"preplyte-api","timestamp":"2026-02-18 12:18:26"}
{"level":"debug","message":"Query: SELECT \"public\".\"lms_courses\".\"id\", \"public\".\"lms_courses\".\"instructor\" FROM \"public\".\"lms_courses\" WHERE (\"public\".\"lms_courses\".\"status\" = CAST($1::text AS \"public\".\"LmsCourseStatus\") AND \"public\".\"lms_courses\".\"isActive\" = $2) OFFSET $3","service":"preplyte-api","timestamp":"2026-02-18 12:18:26"}
{"level":"debug","message":"Params: [\"PUBLISHED\",true,0]","service":"preplyte-api","timestamp":"2026-02-18 12:18:26"}
{"level":"debug","message":"Duration: 7ms","service":"preplyte-api","timestamp":"2026-02-18 12:18:26"}
{"level":"info","message":"\u001b[0mGET /api/lms/categories \u001b[36m304\u001b[0m 21.661 ms - -\u001b[0m","service":"preplyte-api","timestamp":"2026-02-18 12:18:26"}
{"level":"info","message":"\u001b[0mGET /api/lms/stats \u001b[36m304\u001b[0m 21.402 ms - -\u001b[0m","service":"preplyte-api","timestamp":"2026-02-18 12:18:26"}
{"level":"debug","message":"Query: SELECT \"public\".\"users\".\"id\", \"public\".\"users\".\"email\", \"public\".\"users\".\"role\"::text, \"public\".\"users\".\"instituteId\", \"public\".\"users\".\"isActive\", \"public\".\"users\".\"tokenVersion\" FROM \"public\".\"users\" WHERE (\"public\".\"users\".\"id\" = $1 AND 1=1) LIMIT $2 OFFSET $3","service":"preplyte-api","timestamp":"2026-02-18 12:18:26"}
{"level":"debug","message":"Params: [\"cmlqa69ye0009mz559gk9ledi\",1,0]","service":"preplyte-api","timestamp":"2026-02-18 12:18:26"}
{"level":"debug","message":"Duration: 7ms","service":"preplyte-api","timestamp":"2026-02-18 12:18:26"}
{"level":"debug","message":"Query: SELECT \"public\".\"users\".\"id\", \"public\".\"users\".\"email\", \"public\".\"users\".\"role\"::text, \"public\".\"users\".\"instituteId\", \"public\".\"users\".\"isActive\", \"public\".\"users\".\"tokenVersion\" FROM \"public\".\"users\" WHERE (\"public\".\"users\".\"id\" = $1 AND 1=1) LIMIT $2 OFFSET $3","service":"preplyte-api","timestamp":"2026-02-18 12:18:26"}
{"level":"debug","message":"Params: [\"cmlqa69ye0009mz559gk9ledi\",1,0]","service":"preplyte-api","timestamp":"2026-02-18 12:18:26"}
{"level":"debug","message":"Duration: 6ms","service":"preplyte-api","timestamp":"2026-02-18 12:18:26"}
{"level":"debug","message":"Query: SELECT \"public\".\"lms_enrollments\".\"id\", \"public\".\"lms_enrollments\".\"courseId\", \"public\".\"lms_enrollments\".\"progressPercent\" FROM \"public\".\"lms_enrollments\" WHERE \"public\".\"lms_enrollments\".\"userId\" = $1 OFFSET $2","service":"preplyte-api","timestamp":"2026-02-18 12:18:26"}
{"level":"debug","message":"Params: [\"cmlqa69ye0009mz559gk9ledi\",0]","service":"preplyte-api","timestamp":"2026-02-18 12:18:26"}
{"level":"debug","message":"Duration: 1ms","service":"preplyte-api","timestamp":"2026-02-18 12:18:26"}
{"level":"debug","message":"Query: SELECT \"public\".\"lms_enrollments\".\"id\", \"public\".\"lms_enrollments\".\"courseId\", \"public\".\"lms_enrollments\".\"progressPercent\" FROM \"public\".\"lms_enrollments\" WHERE \"public\".\"lms_enrollments\".\"userId\" = $1 OFFSET $2","service":"preplyte-api","timestamp":"2026-02-18 12:18:26"}
{"level":"debug","message":"Params: [\"cmlqa69ye0009mz559gk9ledi\",0]","service":"preplyte-api","timestamp":"2026-02-18 12:18:26"}
{"level":"debug","message":"Duration: 1ms","service":"preplyte-api","timestamp":"2026-02-18 12:18:26"}
{"level":"debug","message":"Query: SELECT COUNT(*) FROM (SELECT \"public\".\"lms_courses\".\"id\" FROM \"public\".\"lms_courses\" WHERE (\"public\".\"lms_courses\".\"status\" = CAST($1::text AS \"public\".\"LmsCourseStatus\") AND \"public\".\"lms_courses\".\"isActive\" = $2) OFFSET $3) AS \"sub\"","service":"preplyte-api","timestamp":"2026-02-18 12:18:26"}
{"level":"debug","message":"Params: [\"PUBLISHED\",true,0]","service":"preplyte-api","timestamp":"2026-02-18 12:18:26"}
{"level":"debug","message":"Duration: 0ms","service":"preplyte-api","timestamp":"2026-02-18 12:18:26"}
{"level":"debug","message":"Query: SELECT COUNT(*) FROM (SELECT \"public\".\"lms_courses\".\"id\" FROM \"public\".\"lms_courses\" WHERE (\"public\".\"lms_courses\".\"status\" = CAST($1::text AS \"public\".\"LmsCourseStatus\") AND \"public\".\"lms_courses\".\"isActive\" = $2) OFFSET $3) AS \"sub\"","service":"preplyte-api","timestamp":"2026-02-18 12:18:26"}
{"level":"debug","message":"Params: [\"PUBLISHED\",true,0]","service":"preplyte-api","timestamp":"2026-02-18 12:18:26"}
{"level":"debug","message":"Duration: 0ms","service":"preplyte-api","timestamp":"2026-02-18 12:18:26"}
{"level":"debug","message":"Query: SELECT \"public\".\"lms_courses\".\"id\", \"public\".\"lms_courses\".\"categoryId\", \"public\".\"lms_courses\".\"title\", \"public\".\"lms_courses\".\"slug\", \"public\".\"lms_courses\".\"shortDescription\", \"public\".\"lms_courses\".\"description\", \"public\".\"lms_courses\".\"thumbnailUrl\", \"public\".\"lms_courses\".\"previewVideoUrl\", \"public\".\"lms_courses\".\"totalModules\", \"public\".\"lms_courses\".\"totalTopics\", \"public\".\"lms_courses\".\"totalPoints\", \"public\".\"lms_courses\".\"totalHours\", \"public\".\"lms_courses\".\"price\", \"public\".\"lms_courses\".\"discountPrice\", \"public\".\"lms_courses\".\"currency\", \"public\".\"lms_courses\".\"status\"::text, \"public\".\"lms_courses\".\"isActive\", \"public\".\"lms_courses\".\"certificateEnabled\", \"public\".\"lms_courses\".\"passingPercentage\", \"public\".\"lms_courses\".\"tags\", \"public\".\"lms_courses\".\"difficulty\"::text, \"public\".\"lms_courses\".\"instructor\", \"public\".\"lms_courses\".\"language\", \"public\".\"lms_courses\".\"averageRating\", \"public\".\"lms_courses\".\"ratingsCount\", \"public\".\"lms_courses\".\"createdAt\", \"public\".\"lms_courses\".\"updatedAt\", \"public\".\"lms_courses\".\"publishedAt\", COALESCE(\"aggr_selection_0_LmsEnrollment\".\"_aggr_count_enrollments\", 0) AS \"_aggr_count_enrollments\" FROM \"public\".\"lms_courses\" LEFT JOIN (SELECT \"public\".\"lms_enrollments\".\"courseId\", COUNT(*) AS \"orderby_aggregator\" FROM \"public\".\"lms_enrollments\" WHERE 1=1 GROUP BY \"public\".\"lms_enrollments\".\"courseId\") AS \"orderby_1_LmsEnrollment\" ON (\"public\".\"lms_courses\".\"id\" = \"orderby_1_LmsEnrollment\".\"courseId\") LEFT JOIN (SELECT \"public\".\"lms_enrollments\".\"courseId\", COUNT(*) AS \"_aggr_count_enrollments\" FROM \"public\".\"lms_enrollments\" WHERE 1=1 GROUP BY \"public\".\"lms_enrollments\".\"courseId\") AS \"aggr_selection_0_LmsEnrollment\" ON (\"public\".\"lms_courses\".\"id\" = \"aggr_selection_0_LmsEnrollment\".\"courseId\") WHERE (\"public\".\"lms_courses\".\"status\" = CAST($1::text AS \"public\".\"LmsCourseStatus\") AND \"public\".\"lms_courses\".\"isActive\" = $2) ORDER BY COALESCE(\"orderby_1_LmsEnrollment\".\"orderby_aggregator\", $3) DESC LIMIT $4 OFFSET $5","service":"preplyte-api","timestamp":"2026-02-18 12:18:26"}
{"level":"debug","message":"Params: [\"PUBLISHED\",true,0,12,0]","service":"preplyte-api","timestamp":"2026-02-18 12:18:26"}
{"level":"debug","message":"Duration: 2ms","service":"preplyte-api","timestamp":"2026-02-18 12:18:26"}
{"level":"debug","message":"Query: SELECT \"public\".\"lms_categories\".\"id\", \"public\".\"lms_categories\".\"name\", \"public\".\"lms_categories\".\"slug\" FROM \"public\".\"lms_categories\" WHERE \"public\".\"lms_categories\".\"id\" IN ($1) OFFSET $2","service":"preplyte-api","timestamp":"2026-02-18 12:18:26"}
{"level":"debug","message":"Params: [\"cmlq4lrae0003ail99wlb2luj\",0]","service":"preplyte-api","timestamp":"2026-02-18 12:18:26"}
{"level":"debug","message":"Duration: 4ms","service":"preplyte-api","timestamp":"2026-02-18 12:18:26"}
{"level":"debug","message":"Query: SELECT \"public\".\"lms_courses\".\"id\", \"public\".\"lms_courses\".\"categoryId\", \"public\".\"lms_courses\".\"title\", \"public\".\"lms_courses\".\"slug\", \"public\".\"lms_courses\".\"shortDescription\", \"public\".\"lms_courses\".\"description\", \"public\".\"lms_courses\".\"thumbnailUrl\", \"public\".\"lms_courses\".\"previewVideoUrl\", \"public\".\"lms_courses\".\"totalModules\", \"public\".\"lms_courses\".\"totalTopics\", \"public\".\"lms_courses\".\"totalPoints\", \"public\".\"lms_courses\".\"totalHours\", \"public\".\"lms_courses\".\"price\", \"public\".\"lms_courses\".\"discountPrice\", \"public\".\"lms_courses\".\"currency\", \"public\".\"lms_courses\".\"status\"::text, \"public\".\"lms_courses\".\"isActive\", \"public\".\"lms_courses\".\"certificateEnabled\", \"public\".\"lms_courses\".\"passingPercentage\", \"public\".\"lms_courses\".\"tags\", \"public\".\"lms_courses\".\"difficulty\"::text, \"public\".\"lms_courses\".\"instructor\", \"public\".\"lms_courses\".\"language\", \"public\".\"lms_courses\".\"averageRating\", \"public\".\"lms_courses\".\"ratingsCount\", \"public\".\"lms_courses\".\"createdAt\", \"public\".\"lms_courses\".\"updatedAt\", \"public\".\"lms_courses\".\"publishedAt\", COALESCE(\"aggr_selection_0_LmsEnrollment\".\"_aggr_count_enrollments\", 0) AS \"_aggr_count_enrollments\" FROM \"public\".\"lms_courses\" LEFT JOIN (SELECT \"public\".\"lms_enrollments\".\"courseId\", COUNT(*) AS \"orderby_aggregator\" FROM \"public\".\"lms_enrollments\" WHERE 1=1 GROUP BY \"public\".\"lms_enrollments\".\"courseId\") AS \"orderby_1_LmsEnrollment\" ON (\"public\".\"lms_courses\".\"id\" = \"orderby_1_LmsEnrollment\".\"courseId\") LEFT JOIN (SELECT \"public\".\"lms_enrollments\".\"courseId\", COUNT(*) AS \"_aggr_count_enrollments\" FROM \"public\".\"lms_enrollments\" WHERE 1=1 GROUP BY \"public\".\"lms_enrollments\".\"courseId\") AS \"aggr_selection_0_LmsEnrollment\" ON (\"public\".\"lms_courses\".\"id\" = \"aggr_selection_0_LmsEnrollment\".\"courseId\") WHERE (\"public\".\"lms_courses\".\"status\" = CAST($1::text AS \"public\".\"LmsCourseStatus\") AND \"public\".\"lms_courses\".\"isActive\" = $2) ORDER BY COALESCE(\"orderby_1_LmsEnrollment\".\"orderby_aggregator\", $3) DESC LIMIT $4 OFFSET $5","service":"preplyte-api","timestamp":"2026-02-18 12:18:26"}
{"level":"debug","message":"Params: [\"PUBLISHED\",true,0,12,0]","service":"preplyte-api","timestamp":"2026-02-18 12:18:26"}
{"level":"debug","message":"Duration: 7ms","service":"preplyte-api","timestamp":"2026-02-18 12:18:26"}
{"level":"info","message":"\u001b[0mGET /api/lms/courses?page=1&limit=12&priceRange=all&sortBy=popular&search= \u001b[32m200\u001b[0m 47.334 ms - 570\u001b[0m","service":"preplyte-api","timestamp":"2026-02-18 12:18:26"}
{"level":"debug","message":"Query: SELECT \"public\".\"lms_categories\".\"id\", \"public\".\"lms_categories\".\"name\", \"public\".\"lms_categories\".\"slug\" FROM \"public\".\"lms_categories\" WHERE \"public\".\"lms_categories\".\"id\" IN ($1) OFFSET $2","service":"preplyte-api","timestamp":"2026-02-18 12:18:26"}
{"level":"debug","message":"Params: [\"cmlq4lrae0003ail99wlb2luj\",0]","service":"preplyte-api","timestamp":"2026-02-18 12:18:26"}
{"level":"debug","message":"Duration: 5ms","service":"preplyte-api","timestamp":"2026-02-18 12:18:26"}
{"level":"info","message":"\u001b[0mGET /api/lms/courses?page=1&limit=12&priceRange=all&sortBy=popular \u001b[32m200\u001b[0m 51.357 ms - 570\u001b[0m","service":"preplyte-api","timestamp":"2026-02-18 12:18:26"}
{"level":"debug","message":"Query: SELECT \"public\".\"users\".\"id\", \"public\".\"users\".\"email\", \"public\".\"users\".\"role\"::text, \"public\".\"users\".\"instituteId\", \"public\".\"users\".\"isActive\", \"public\".\"users\".\"tokenVersion\" FROM \"public\".\"users\" WHERE (\"public\".\"users\".\"id\" = $1 AND 1=1) LIMIT $2 OFFSET $3","service":"preplyte-api","timestamp":"2026-02-18 12:18:40"}
{"level":"debug","message":"Params: [\"cmlqa69ye0009mz559gk9ledi\",1,0]","service":"preplyte-api","timestamp":"2026-02-18 12:18:40"}
{"level":"debug","message":"Duration: 7ms","service":"preplyte-api","timestamp":"2026-02-18 12:18:40"}
{"level":"debug","message":"Query: SELECT \"public\".\"lms_courses\".\"id\", \"public\".\"lms_courses\".\"categoryId\", \"public\".\"lms_courses\".\"title\", \"public\".\"lms_courses\".\"slug\", \"public\".\"lms_courses\".\"shortDescription\", \"public\".\"lms_courses\".\"description\", \"public\".\"lms_courses\".\"thumbnailUrl\", \"public\".\"lms_courses\".\"previewVideoUrl\", \"public\".\"lms_courses\".\"totalModules\", \"public\".\"lms_courses\".\"totalTopics\", \"public\".\"lms_courses\".\"totalPoints\", \"public\".\"lms_courses\".\"totalHours\", \"public\".\"lms_courses\".\"price\", \"public\".\"lms_courses\".\"discountPrice\", \"public\".\"lms_courses\".\"currency\", \"public\".\"lms_courses\".\"status\"::text, \"public\".\"lms_courses\".\"isActive\", \"public\".\"lms_courses\".\"certificateEnabled\", \"public\".\"lms_courses\".\"passingPercentage\", \"public\".\"lms_courses\".\"tags\", \"public\".\"lms_courses\".\"difficulty\"::text, \"public\".\"lms_courses\".\"instructor\", \"public\".\"lms_courses\".\"language\", \"public\".\"lms_courses\".\"averageRating\", \"public\".\"lms_courses\".\"ratingsCount\", \"public\".\"lms_courses\".\"createdAt\", \"public\".\"lms_courses\".\"updatedAt\", \"public\".\"lms_courses\".\"publishedAt\", COALESCE(\"aggr_selection_0_LmsEnrollment\".\"_aggr_count_enrollments\", 0) AS \"_aggr_count_enrollments\" FROM \"public\".\"lms_courses\" LEFT JOIN (SELECT \"public\".\"lms_enrollments\".\"courseId\", COUNT(*) AS \"_aggr_count_enrollments\" FROM \"public\".\"lms_enrollments\" WHERE 1=1 GROUP BY \"public\".\"lms_enrollments\".\"courseId\") AS \"aggr_selection_0_LmsEnrollment\" ON (\"public\".\"lms_courses\".\"id\" = \"aggr_selection_0_LmsEnrollment\".\"courseId\") WHERE (\"public\".\"lms_courses\".\"slug\" = $1 AND 1=1) LIMIT $2 OFFSET $3","service":"preplyte-api","timestamp":"2026-02-18 12:18:40"}
{"level":"debug","message":"Params: [\"python\",1,0]","service":"preplyte-api","timestamp":"2026-02-18 12:18:40"}
{"level":"debug","message":"Duration: 1ms","service":"preplyte-api","timestamp":"2026-02-18 12:18:40"}
{"level":"debug","message":"Query: SELECT \"public\".\"lms_categories\".\"id\", \"public\".\"lms_categories\".\"name\", \"public\".\"lms_categories\".\"slug\", \"public\".\"lms_categories\".\"description\", \"public\".\"lms_categories\".\"iconUrl\", \"public\".\"lms_categories\".\"order\", \"public\".\"lms_categories\".\"isActive\", \"public\".\"lms_categories\".\"createdAt\", \"public\".\"lms_categories\".\"updatedAt\" FROM \"public\".\"lms_categories\" WHERE \"public\".\"lms_categories\".\"id\" IN ($1) OFFSET $2","service":"preplyte-api","timestamp":"2026-02-18 12:18:40"}
{"level":"debug","message":"Params: [\"cmlq4lrae0003ail99wlb2luj\",0]","service":"preplyte-api","timestamp":"2026-02-18 12:18:40"}
{"level":"debug","message":"Duration: 1ms","service":"preplyte-api","timestamp":"2026-02-18 12:18:40"}
{"level":"debug","message":"Query: SELECT \"public\".\"lms_modules\".\"id\", \"public\".\"lms_modules\".\"courseId\", \"public\".\"lms_modules\".\"title\", \"public\".\"lms_modules\".\"shortDescription\", \"public\".\"lms_modules\".\"description\", \"public\".\"lms_modules\".\"order\", \"public\".\"lms_modules\".\"totalTopics\", \"public\".\"lms_modules\".\"points\", \"public\".\"lms_modules\".\"estimatedMinutes\", \"public\".\"lms_modules\".\"isActive\", \"public\".\"lms_modules\".\"createdAt\", \"public\".\"lms_modules\".\"updatedAt\" FROM \"public\".\"lms_modules\" WHERE (\"public\".\"lms_modules\".\"isActive\" = $1 AND \"public\".\"lms_modules\".\"courseId\" IN ($2)) ORDER BY \"public\".\"lms_modules\".\"order\" ASC OFFSET $3","service":"preplyte-api","timestamp":"2026-02-18 12:18:40"}
{"level":"debug","message":"Params: [true,\"cmlq4mwy70005ail9oqvo554e\",0]","service":"preplyte-api","timestamp":"2026-02-18 12:18:40"}
{"level":"debug","message":"Duration: 7ms","service":"preplyte-api","timestamp":"2026-02-18 12:18:40"}
{"level":"debug","message":"Query: SELECT \"public\".\"lms_topics\".\"id\", \"public\".\"lms_topics\".\"title\", \"public\".\"lms_topics\".\"order\", \"public\".\"lms_topics\".\"estimatedMinutes\", \"public\".\"lms_topics\".\"videoUrl\", \"public\".\"lms_topics\".\"moduleId\" FROM \"public\".\"lms_topics\" WHERE (\"public\".\"lms_topics\".\"isActive\" = $1 AND \"public\".\"lms_topics\".\"moduleId\" IN ($2)) ORDER BY \"public\".\"lms_topics\".\"order\" ASC OFFSET $3","service":"preplyte-api","timestamp":"2026-02-18 12:18:40"}
{"level":"debug","message":"Params: [true,\"cmlq4o74o000cail9p6dp7mym\",0]","service":"preplyte-api","timestamp":"2026-02-18 12:18:40"}
{"level":"debug","message":"Duration: 8ms","service":"preplyte-api","timestamp":"2026-02-18 12:18:40"}
{"level":"debug","message":"Query: SELECT \"public\".\"lms_module_tests\".\"id\", \"public\".\"lms_module_tests\".\"title\", \"public\".\"lms_module_tests\".\"instructions\", \"public\".\"lms_module_tests\".\"totalQuestions\", \"public\".\"lms_module_tests\".\"timeLimitMinutes\", \"public\".\"lms_module_tests\".\"passingScore\", \"public\".\"lms_module_tests\".\"maxAttempts\", \"public\".\"lms_module_tests\".\"pointsPerQuestion\", \"public\".\"lms_module_tests\".\"totalPoints\", \"public\".\"lms_module_tests\".\"isActive\", \"public\".\"lms_module_tests\".\"moduleId\" FROM \"public\".\"lms_module_tests\" WHERE \"public\".\"lms_module_tests\".\"moduleId\" IN ($1) OFFSET $2","service":"preplyte-api","timestamp":"2026-02-18 12:18:40"}
{"level":"debug","message":"Params: [\"cmlq4o74o000cail9p6dp7mym\",0]","service":"preplyte-api","timestamp":"2026-02-18 12:18:40"}
{"level":"debug","message":"Duration: 3ms","service":"preplyte-api","timestamp":"2026-02-18 12:18:40"}
{"level":"debug","message":"Query: SELECT \"public\".\"lms_final_tests\".\"id\", \"public\".\"lms_final_tests\".\"courseId\", \"public\".\"lms_final_tests\".\"title\", \"public\".\"lms_final_tests\".\"instructions\", \"public\".\"lms_final_tests\".\"totalQuestions\", \"public\".\"lms_final_tests\".\"passingScore\", \"public\".\"lms_final_tests\".\"timeLimitMinutes\", \"public\".\"lms_final_tests\".\"pointsPerQuestion\", \"public\".\"lms_final_tests\".\"totalPoints\", \"public\".\"lms_final_tests\".\"maxAttempts\", \"public\".\"lms_final_tests\".\"isActive\", \"public\".\"lms_final_tests\".\"createdAt\", \"public\".\"lms_final_tests\".\"updatedAt\" FROM \"public\".\"lms_final_tests\" WHERE \"public\".\"lms_final_tests\".\"courseId\" IN ($1) OFFSET $2","service":"preplyte-api","timestamp":"2026-02-18 12:18:40"}
{"level":"debug","message":"Params: [\"cmlq4mwy70005ail9oqvo554e\",0]","service":"preplyte-api","timestamp":"2026-02-18 12:18:40"}
{"level":"debug","message":"Duration: 5ms","service":"preplyte-api","timestamp":"2026-02-18 12:18:40"}
{"level":"debug","message":"Query: SELECT \"public\".\"lms_course_feedbacks\".\"id\", \"public\".\"lms_course_feedbacks\".\"userId\", \"public\".\"lms_course_feedbacks\".\"courseId\", \"public\".\"lms_course_feedbacks\".\"rating\", \"public\".\"lms_course_feedbacks\".\"comment\", \"public\".\"lms_course_feedbacks\".\"createdAt\", \"public\".\"lms_course_feedbacks\".\"updatedAt\" FROM \"public\".\"lms_course_feedbacks\" WHERE \"public\".\"lms_course_feedbacks\".\"courseId\" IN ($1) ORDER BY \"public\".\"lms_course_feedbacks\".\"createdAt\" DESC LIMIT $2 OFFSET $3","service":"preplyte-api","timestamp":"2026-02-18 12:18:40"}
{"level":"debug","message":"Params: [\"cmlq4mwy70005ail9oqvo554e\",5,0]","service":"preplyte-api","timestamp":"2026-02-18 12:18:40"}
{"level":"debug","message":"Duration: 9ms","service":"preplyte-api","timestamp":"2026-02-18 12:18:40"}
{"level":"debug","message":"Query: SELECT \"public\".\"users\".\"id\", \"public\".\"users\".\"name\" FROM \"public\".\"users\" WHERE \"public\".\"users\".\"id\" IN ($1) OFFSET $2","service":"preplyte-api","timestamp":"2026-02-18 12:18:40"}
{"level":"debug","message":"Params: [\"cmlq4h9or004p9qehngr7b15o\",0]","service":"preplyte-api","timestamp":"2026-02-18 12:18:40"}
{"level":"debug","message":"Duration: 0ms","service":"preplyte-api","timestamp":"2026-02-18 12:18:40"}
{"level":"debug","message":"Query: SELECT \"public\".\"student_profiles\".\"id\", \"public\".\"student_profiles\".\"fullName\", \"public\".\"student_profiles\".\"userId\" FROM \"public\".\"student_profiles\" WHERE \"public\".\"student_profiles\".\"userId\" IN ($1) OFFSET $2","service":"preplyte-api","timestamp":"2026-02-18 12:18:40"}
{"level":"debug","message":"Params: [\"cmlq4h9or004p9qehngr7b15o\",0]","service":"preplyte-api","timestamp":"2026-02-18 12:18:40"}
{"level":"debug","message":"Duration: 8ms","service":"preplyte-api","timestamp":"2026-02-18 12:18:40"}
{"level":"debug","message":"Query: SELECT \"public\".\"lms_course_feedbacks\".\"id\", \"public\".\"lms_course_feedbacks\".\"userId\", \"public\".\"lms_course_feedbacks\".\"courseId\", \"public\".\"lms_course_feedbacks\".\"rating\", \"public\".\"lms_course_feedbacks\".\"comment\", \"public\".\"lms_course_feedbacks\".\"createdAt\", \"public\".\"lms_course_feedbacks\".\"updatedAt\" FROM \"public\".\"lms_course_feedbacks\" WHERE ((\"public\".\"lms_course_feedbacks\".\"userId\" = $1 AND \"public\".\"lms_course_feedbacks\".\"courseId\" = $2) AND 1=1) LIMIT $3 OFFSET $4","service":"preplyte-api","timestamp":"2026-02-18 12:18:40"}
{"level":"debug","message":"Params: [\"cmlqa69ye0009mz559gk9ledi\",\"cmlq4mwy70005ail9oqvo554e\",1,0]","service":"preplyte-api","timestamp":"2026-02-18 12:18:40"}
{"level":"debug","message":"Duration: 1ms","service":"preplyte-api","timestamp":"2026-02-18 12:18:40"}
{"level":"debug","message":"Query: SELECT \"public\".\"lms_enrollments\".\"id\", \"public\".\"lms_enrollments\".\"userId\", \"public\".\"lms_enrollments\".\"courseId\", \"public\".\"lms_enrollments\".\"status\"::text, \"public\".\"lms_enrollments\".\"completedModules\", \"public\".\"lms_enrollments\".\"completedTopics\", \"public\".\"lms_enrollments\".\"progressPercent\", \"public\".\"lms_enrollments\".\"totalPointsEarned\", \"public\".\"lms_enrollments\".\"moduleTestPointsEarned\", \"public\".\"lms_enrollments\".\"finalTestPointsEarned\", \"public\".\"lms_enrollments\".\"finalTestAttempted\", \"public\".\"lms_enrollments\".\"finalTestPassed\", \"public\".\"lms_enrollments\".\"finalTestScore\", \"public\".\"lms_enrollments\".\"finalTestMarks\", \"public\".\"lms_enrollments\".\"enrolledAt\", \"public\".\"lms_enrollments\".\"startedAt\", \"public\".\"lms_enrollments\".\"completedAt\", \"public\".\"lms_enrollments\".\"lastAccessedAt\", \"public\".\"lms_enrollments\".\"certificateUrl\", \"public\".\"lms_enrollments\".\"certificateIssuedAt\", \"public\".\"lms_enrollments\".\"createdAt\", \"public\".\"lms_enrollments\".\"updatedAt\" FROM \"public\".\"lms_enrollments\" WHERE ((\"public\".\"lms_enrollments\".\"userId\" = $1 AND \"public\".\"lms_enrollments\".\"courseId\" = $2) AND 1=1) LIMIT $3 OFFSET $4","service":"preplyte-api","timestamp":"2026-02-18 12:18:40"}
{"level":"debug","message":"Params: [\"cmlqa69ye0009mz559gk9ledi\",\"cmlq4mwy70005ail9oqvo554e\",1,0]","service":"preplyte-api","timestamp":"2026-02-18 12:18:40"}
{"level":"debug","message":"Duration: 1ms","service":"preplyte-api","timestamp":"2026-02-18 12:18:40"}
{"level":"info","message":"\u001b[0mGET /api/lms/courses/python \u001b[32m200\u001b[0m 74.456 ms - -\u001b[0m","service":"preplyte-api","timestamp":"2026-02-18 12:18:40"}
{"level":"debug","message":"Query: SELECT \"public\".\"users\".\"id\", \"public\".\"users\".\"email\", \"public\".\"users\".\"role\"::text, \"public\".\"users\".\"instituteId\", \"public\".\"users\".\"isActive\", \"public\".\"users\".\"tokenVersion\" FROM \"public\".\"users\" WHERE (\"public\".\"users\".\"id\" = $1 AND 1=1) LIMIT $2 OFFSET $3","service":"preplyte-api","timestamp":"2026-02-18 12:18:40"}
{"level":"debug","message":"Params: [\"cmlqa69ye0009mz559gk9ledi\",1,0]","service":"preplyte-api","timestamp":"2026-02-18 12:18:40"}
{"level":"debug","message":"Duration: 0ms","service":"preplyte-api","timestamp":"2026-02-18 12:18:40"}
{"level":"debug","message":"Query: SELECT \"public\".\"lms_courses\".\"id\" FROM \"public\".\"lms_courses\" WHERE (\"public\".\"lms_courses\".\"slug\" = $1 AND 1=1) LIMIT $2 OFFSET $3","service":"preplyte-api","timestamp":"2026-02-18 12:18:40"}
{"level":"debug","message":"Params: [\"python\",1,0]","service":"preplyte-api","timestamp":"2026-02-18 12:18:40"}
{"level":"debug","message":"Duration: 0ms","service":"preplyte-api","timestamp":"2026-02-18 12:18:40"}
{"level":"debug","message":"Query: SELECT COUNT(*) FROM (SELECT \"public\".\"lms_course_comments\".\"id\" FROM \"public\".\"lms_course_comments\" WHERE (\"public\".\"lms_course_comments\".\"courseId\" = $1 AND \"public\".\"lms_course_comments\".\"parentId\" IS NULL) OFFSET $2) AS \"sub\"","service":"preplyte-api","timestamp":"2026-02-18 12:18:40"}
{"level":"debug","message":"Params: [\"cmlq4mwy70005ail9oqvo554e\",0]","service":"preplyte-api","timestamp":"2026-02-18 12:18:40"}
{"level":"debug","message":"Duration: 4ms","service":"preplyte-api","timestamp":"2026-02-18 12:18:40"}
{"level":"debug","message":"Query: SELECT \"public\".\"lms_course_comments\".\"id\", \"public\".\"lms_course_comments\".\"userId\", \"public\".\"lms_course_comments\".\"courseId\", \"public\".\"lms_course_comments\".\"comment\", \"public\".\"lms_course_comments\".\"parentId\", \"public\".\"lms_course_comments\".\"createdAt\", \"public\".\"lms_course_comments\".\"updatedAt\", COALESCE(\"aggr_selection_0_LmsCourseCommentLike\".\"_aggr_count_likes\", 0) AS \"_aggr_count_likes\", COALESCE(\"aggr_selection_1_LmsCourseComment\".\"_aggr_count_replies\", 0) AS \"_aggr_count_replies\" FROM \"public\".\"lms_course_comments\" LEFT JOIN (SELECT \"public\".\"lms_course_comment_likes\".\"commentId\", COUNT(*) AS \"_aggr_count_likes\" FROM \"public\".\"lms_course_comment_likes\" WHERE 1=1 GROUP BY \"public\".\"lms_course_comment_likes\".\"commentId\") AS \"aggr_selection_0_LmsCourseCommentLike\" ON (\"public\".\"lms_course_comments\".\"id\" = \"aggr_selection_0_LmsCourseCommentLike\".\"commentId\") LEFT JOIN (SELECT \"public\".\"lms_course_comments\".\"parentId\", COUNT(*) AS \"_aggr_count_replies\" FROM \"public\".\"lms_course_comments\" WHERE 1=1 GROUP BY \"public\".\"lms_course_comments\".\"parentId\") AS \"aggr_selection_1_LmsCourseComment\" ON (\"public\".\"lms_course_comments\".\"id\" = \"aggr_selection_1_LmsCourseComment\".\"parentId\") WHERE (\"public\".\"lms_course_comments\".\"courseId\" = $1 AND \"public\".\"lms_course_comments\".\"parentId\" IS NULL) ORDER BY \"public\".\"lms_course_comments\".\"createdAt\" DESC LIMIT $2 OFFSET $3","service":"preplyte-api","timestamp":"2026-02-18 12:18:40"}
{"level":"debug","message":"Params: [\"cmlq4mwy70005ail9oqvo554e\",10,0]","service":"preplyte-api","timestamp":"2026-02-18 12:18:40"}
{"level":"debug","message":"Duration: 9ms","service":"preplyte-api","timestamp":"2026-02-18 12:18:40"}
{"level":"debug","message":"Query: SELECT \"public\".\"users\".\"id\", \"public\".\"users\".\"name\" FROM \"public\".\"users\" WHERE \"public\".\"users\".\"id\" IN ($1) OFFSET $2","service":"preplyte-api","timestamp":"2026-02-18 12:18:40"}
{"level":"debug","message":"Params: [\"cmlq4h9or004p9qehngr7b15o\",0]","service":"preplyte-api","timestamp":"2026-02-18 12:18:40"}
{"level":"debug","message":"Duration: 0ms","service":"preplyte-api","timestamp":"2026-02-18 12:18:40"}
{"level":"debug","message":"Query: SELECT \"public\".\"student_profiles\".\"id\", \"public\".\"student_profiles\".\"fullName\", \"public\".\"student_profiles\".\"userId\" FROM \"public\".\"student_profiles\" WHERE \"public\".\"student_profiles\".\"userId\" IN ($1) OFFSET $2","service":"preplyte-api","timestamp":"2026-02-18 12:18:40"}
{"level":"debug","message":"Params: [\"cmlq4h9or004p9qehngr7b15o\",0]","service":"preplyte-api","timestamp":"2026-02-18 12:18:40"}
{"level":"debug","message":"Duration: 0ms","service":"preplyte-api","timestamp":"2026-02-18 12:18:40"}
{"level":"debug","message":"Query: SELECT \"public\".\"lms_course_comment_likes\".\"id\", \"public\".\"lms_course_comment_likes\".\"userId\", \"public\".\"lms_course_comment_likes\".\"commentId\", \"public\".\"lms_course_comment_likes\".\"createdAt\" FROM \"public\".\"lms_course_comment_likes\" WHERE (\"public\".\"lms_course_comment_likes\".\"userId\" = $1 AND \"public\".\"lms_course_comment_likes\".\"commentId\" IN ($2,$3,$4,$5,$6,$7,$8,$9,$10)) OFFSET $11","service":"preplyte-api","timestamp":"2026-02-18 12:18:40"}
{"level":"debug","message":"Params: [\"cmlqa69ye0009mz559gk9ledi\",\"cmlq5sn2c0001112romjapni7\",\"cmlq5opc9000bqztr8ebsvttl\",\"cmlq5m3nj0009qztr8gl1p4kh\",\"cmlq5e7cq0005qztryyulidsu\",\"cmlq5dyi40003qztrfehqvl27\",\"cmlq4w3iu0008pprqcghfag7o\",\"cmlq4vr3g0001pprqjsp7r01y\",\"cmlq4swfs000327jmadzcylnh\",\"cmlq4sjyu000127jmnbnfta0x\",0]","service":"preplyte-api","timestamp":"2026-02-18 12:18:40"}
{"level":"debug","message":"Duration: 0ms","service":"preplyte-api","timestamp":"2026-02-18 12:18:40"}
{"level":"debug","message":"Query: SELECT \"public\".\"lms_course_comments\".\"id\", \"public\".\"lms_course_comments\".\"userId\", \"public\".\"lms_course_comments\".\"courseId\", \"public\".\"lms_course_comments\".\"comment\", \"public\".\"lms_course_comments\".\"parentId\", \"public\".\"lms_course_comments\".\"createdAt\", \"public\".\"lms_course_comments\".\"updatedAt\", COALESCE(\"aggr_selection_0_LmsCourseCommentLike\".\"_aggr_count_likes\", 0) AS \"_aggr_count_likes\" FROM \"public\".\"lms_course_comments\" LEFT JOIN (SELECT \"public\".\"lms_course_comment_likes\".\"commentId\", COUNT(*) AS \"_aggr_count_likes\" FROM \"public\".\"lms_course_comment_likes\" WHERE 1=1 GROUP BY \"public\".\"lms_course_comment_likes\".\"commentId\") AS \"aggr_selection_0_LmsCourseCommentLike\" ON (\"public\".\"lms_course_comments\".\"id\" = \"aggr_selection_0_LmsCourseCommentLike\".\"commentId\") WHERE \"public\".\"lms_course_comments\".\"parentId\" IN ($1,$2,$3,$4,$5,$6,$7,$8,$9) ORDER BY \"public\".\"lms_course_comments\".\"createdAt\" ASC OFFSET $10","service":"preplyte-api","timestamp":"2026-02-18 12:18:40"}
{"level":"debug","message":"Params: [\"cmlq5sn2c0001112romjapni7\",\"cmlq5opc9000bqztr8ebsvttl\",\"cmlq5m3nj0009qztr8gl1p4kh\",\"cmlq5e7cq0005qztryyulidsu\",\"cmlq5dyi40003qztrfehqvl27\",\"cmlq4w3iu0008pprqcghfag7o\",\"cmlq4vr3g0001pprqjsp7r01y\",\"cmlq4swfs000327jmadzcylnh\",\"cmlq4sjyu000127jmnbnfta0x\",0]","service":"preplyte-api","timestamp":"2026-02-18 12:18:40"}
{"level":"debug","message":"Duration: 1ms","service":"preplyte-api","timestamp":"2026-02-18 12:18:40"}
{"level":"debug","message":"Query: SELECT \"public\".\"users\".\"id\", \"public\".\"users\".\"name\" FROM \"public\".\"users\" WHERE \"public\".\"users\".\"id\" IN ($1,$2) OFFSET $3","service":"preplyte-api","timestamp":"2026-02-18 12:18:40"}
{"level":"debug","message":"Params: [\"cmlq4h9am004n9qehxiu60hj2\",\"cmlq4h9or004p9qehngr7b15o\",0]","service":"preplyte-api","timestamp":"2026-02-18 12:18:40"}
{"level":"debug","message":"Duration: 0ms","service":"preplyte-api","timestamp":"2026-02-18 12:18:40"}
{"level":"debug","message":"Query: SELECT \"public\".\"student_profiles\".\"id\", \"public\".\"student_profiles\".\"fullName\", \"public\".\"student_profiles\".\"userId\" FROM \"public\".\"student_profiles\" WHERE \"public\".\"student_profiles\".\"userId\" IN ($1,$2) OFFSET $3","service":"preplyte-api","timestamp":"2026-02-18 12:18:40"}
{"level":"debug","message":"Params: [\"cmlq4h9or004p9qehngr7b15o\",\"cmlq4h9am004n9qehxiu60hj2\",0]","service":"preplyte-api","timestamp":"2026-02-18 12:18:40"}
{"level":"debug","message":"Duration: 0ms","service":"preplyte-api","timestamp":"2026-02-18 12:18:40"}
{"level":"debug","message":"Query: SELECT \"public\".\"lms_course_comment_likes\".\"id\", \"public\".\"lms_course_comment_likes\".\"userId\", \"public\".\"lms_course_comment_likes\".\"commentId\", \"public\".\"lms_course_comment_likes\".\"createdAt\" FROM \"public\".\"lms_course_comment_likes\" WHERE (\"public\".\"lms_course_comment_likes\".\"userId\" = $1 AND \"public\".\"lms_course_comment_likes\".\"commentId\" IN ($2,$3)) OFFSET $4","service":"preplyte-api","timestamp":"2026-02-18 12:18:40"}
{"level":"debug","message":"Params: [\"cmlqa69ye0009mz559gk9ledi\",\"cmlq7ukeu000b8dv8yty4qy02\",\"cmlq7sa8z00038dv8jfaa61vc\",0]","service":"preplyte-api","timestamp":"2026-02-18 12:18:40"}
{"level":"debug","message":"Duration: 0ms","service":"preplyte-api","timestamp":"2026-02-18 12:18:40"}
{"level":"info","message":"\u001b[0mGET /api/lms/courses/python/comments \u001b[36m304\u001b[0m 35.497 ms - -\u001b[0m","service":"preplyte-api","timestamp":"2026-02-18 12:18:40"}
{"level":"info","message":"\u001b[0mPOST /api/lms/courses/python/enroll \u001b[33m401\u001b[0m 3.203 ms - 108\u001b[0m","service":"preplyte-api","timestamp":"2026-02-18 12:21:50"}
{"level":"debug","message":"Query: SELECT 1","service":"preplyte-api","timestamp":"2026-02-18 12:21:50"}
{"level":"debug","message":"Params: []","service":"preplyte-api","timestamp":"2026-02-18 12:21:50"}
{"level":"debug","message":"Duration: 0ms","service":"preplyte-api","timestamp":"2026-02-18 12:21:50"}
{"level":"debug","message":"Query: SELECT \"public\".\"refresh_tokens\".\"id\", \"public\".\"refresh_tokens\".\"token\", \"public\".\"refresh_tokens\".\"userId\", \"public\".\"refresh_tokens\".\"expiresAt\", \"public\".\"refresh_tokens\".\"revokedAt\", \"public\".\"refresh_tokens\".\"userAgent\", \"public\".\"refresh_tokens\".\"ipAddress\", \"public\".\"refresh_tokens\".\"createdAt\" FROM \"public\".\"refresh_tokens\" WHERE (\"public\".\"refresh_tokens\".\"token\" = $1 AND \"public\".\"refresh_tokens\".\"userId\" = $2) LIMIT $3 OFFSET $4","service":"preplyte-api","timestamp":"2026-02-18 12:21:50"}
{"level":"debug","message":"Params: [\"71909bf7833f9249d1fa495ee4c29ec344942092996bc589223248222a75efc8\",\"cmlqa69ye0009mz559gk9ledi\",1,0]","service":"preplyte-api","timestamp":"2026-02-18 12:21:50"}
{"level":"debug","message":"Duration: 9ms","service":"preplyte-api","timestamp":"2026-02-18 12:21:50"}
{"level":"debug","message":"Query: SELECT \"public\".\"users\".\"id\", \"public\".\"users\".\"email\", \"public\".\"users\".\"password\", \"public\".\"users\".\"name\", \"public\".\"users\".\"role\"::text, \"public\".\"users\".\"isActive\", \"public\".\"users\".\"instituteId\", \"public\".\"users\".\"profilePictureUrl\", \"public\".\"users\".\"googleId\", \"public\".\"users\".\"provider\", \"public\".\"users\".\"avatar\", \"public\".\"users\".\"createdAt\", \"public\".\"users\".\"updatedAt\", \"public\".\"users\".\"lastLoginAt\", \"public\".\"users\".\"tokenVersion\" FROM \"public\".\"users\" WHERE (\"public\".\"users\".\"id\" = $1 AND 1=1) LIMIT $2 OFFSET $3","service":"preplyte-api","timestamp":"2026-02-18 12:21:50"}
{"level":"debug","message":"Params: [\"cmlqa69ye0009mz559gk9ledi\",1,0]","service":"preplyte-api","timestamp":"2026-02-18 12:21:50"}
{"level":"debug","message":"Duration: 1ms","service":"preplyte-api","timestamp":"2026-02-18 12:21:50"}
{"level":"debug","message":"Query: BEGIN","service":"preplyte-api","timestamp":"2026-02-18 12:21:50"}
{"level":"debug","message":"Params: []","service":"preplyte-api","timestamp":"2026-02-18 12:21:50"}
{"level":"debug","message":"Duration: 0ms","service":"preplyte-api","timestamp":"2026-02-18 12:21:50"}
{"level":"debug","message":"Query: UPDATE \"public\".\"refresh_tokens\" SET \"revokedAt\" = $1 WHERE (\"public\".\"refresh_tokens\".\"id\" = $2 AND 1=1) RETURNING \"public\".\"refresh_tokens\".\"id\", \"public\".\"refresh_tokens\".\"token\", \"public\".\"refresh_tokens\".\"userId\", \"public\".\"refresh_tokens\".\"expiresAt\", \"public\".\"refresh_tokens\".\"revokedAt\", \"public\".\"refresh_tokens\".\"userAgent\", \"public\".\"refresh_tokens\".\"ipAddress\", \"public\".\"refresh_tokens\".\"createdAt\"","service":"preplyte-api","timestamp":"2026-02-18 12:21:50"}
{"level":"debug","message":"Params: [\"2026-02-18 06:51:50.644 UTC\",\"cmlrnqg7b0003z1aiiwsplbeu\"]","service":"preplyte-api","timestamp":"2026-02-18 12:21:50"}
{"level":"debug","message":"Duration: 1ms","service":"preplyte-api","timestamp":"2026-02-18 12:21:50"}
{"level":"debug","message":"Query: INSERT INTO \"public\".\"refresh_tokens\" (\"id\",\"token\",\"userId\",\"expiresAt\",\"createdAt\") VALUES ($1,$2,$3,$4,$5) RETURNING \"public\".\"refresh_tokens\".\"id\", \"public\".\"refresh_tokens\".\"token\", \"public\".\"refresh_tokens\".\"userId\", \"public\".\"refresh_tokens\".\"expiresAt\", \"public\".\"refresh_tokens\".\"revokedAt\", \"public\".\"refresh_tokens\".\"userAgent\", \"public\".\"refresh_tokens\".\"ipAddress\", \"public\".\"refresh_tokens\".\"createdAt\"","service":"preplyte-api","timestamp":"2026-02-18 12:21:50"}
{"level":"debug","message":"Params: [\"cmlrocauu0008z1aibxcyu4df\",\"a45c72c1d884bf462961b1dbd9dba16c67b7a48e8a972405665169db0a3482b1\",\"cmlqa69ye0009mz559gk9ledi\",\"2026-02-25 06:51:50.644 UTC\",\"2026-02-18 06:51:50.646 UTC\"]","service":"preplyte-api","timestamp":"2026-02-18 12:21:50"}
{"level":"debug","message":"Duration: 1ms","service":"preplyte-api","timestamp":"2026-02-18 12:21:50"}
{"level":"debug","message":"Query: COMMIT","service":"preplyte-api","timestamp":"2026-02-18 12:21:50"}
{"level":"debug","message":"Params: []","service":"preplyte-api","timestamp":"2026-02-18 12:21:50"}
{"level":"debug","message":"Duration: 1ms","service":"preplyte-api","timestamp":"2026-02-18 12:21:50"}
{"level":"info","message":"Token refreshed successfully","service":"preplyte-api","timestamp":"2026-02-18 12:21:50","userId":"cmlqa69ye0009mz559gk9ledi"}
{"level":"info","message":"\u001b[0mPOST /api/auth/refresh \u001b[32m200\u001b[0m 40.218 ms - 1006\u001b[0m","service":"preplyte-api","timestamp":"2026-02-18 12:21:50"}
{"level":"debug","message":"Query: SELECT \"public\".\"users\".\"id\", \"public\".\"users\".\"email\", \"public\".\"users\".\"role\"::text, \"public\".\"users\".\"instituteId\", \"public\".\"users\".\"isActive\", \"public\".\"users\".\"tokenVersion\" FROM \"public\".\"users\" WHERE (\"public\".\"users\".\"id\" = $1 AND 1=1) LIMIT $2 OFFSET $3","service":"preplyte-api","timestamp":"2026-02-18 12:21:50"}
{"level":"debug","message":"Params: [\"cmlqa69ye0009mz559gk9ledi\",1,0]","service":"preplyte-api","timestamp":"2026-02-18 12:21:50"}
{"level":"debug","message":"Duration: 0ms","service":"preplyte-api","timestamp":"2026-02-18 12:21:50"}
{"level":"debug","message":"Query: SELECT \"public\".\"lms_courses\".\"id\", \"public\".\"lms_courses\".\"categoryId\", \"public\".\"lms_courses\".\"title\", \"public\".\"lms_courses\".\"slug\", \"public\".\"lms_courses\".\"shortDescription\", \"public\".\"lms_courses\".\"description\", \"public\".\"lms_courses\".\"thumbnailUrl\", \"public\".\"lms_courses\".\"previewVideoUrl\", \"public\".\"lms_courses\".\"totalModules\", \"public\".\"lms_courses\".\"totalTopics\", \"public\".\"lms_courses\".\"totalPoints\", \"public\".\"lms_courses\".\"totalHours\", \"public\".\"lms_courses\".\"price\", \"public\".\"lms_courses\".\"discountPrice\", \"public\".\"lms_courses\".\"currency\", \"public\".\"lms_courses\".\"status\"::text, \"public\".\"lms_courses\".\"isActive\", \"public\".\"lms_courses\".\"certificateEnabled\", \"public\".\"lms_courses\".\"passingPercentage\", \"public\".\"lms_courses\".\"tags\", \"public\".\"lms_courses\".\"difficulty\"::text, \"public\".\"lms_courses\".\"instructor\", \"public\".\"lms_courses\".\"language\", \"public\".\"lms_courses\".\"averageRating\", \"public\".\"lms_courses\".\"ratingsCount\", \"public\".\"lms_courses\".\"createdAt\", \"public\".\"lms_courses\".\"updatedAt\", \"public\".\"lms_courses\".\"publishedAt\" FROM \"public\".\"lms_courses\" WHERE (\"public\".\"lms_courses\".\"slug\" = $1 AND 1=1) LIMIT $2 OFFSET $3","service":"preplyte-api","timestamp":"2026-02-18 12:21:50"}
{"level":"debug","message":"Params: [\"python\",1,0]","service":"preplyte-api","timestamp":"2026-02-18 12:21:50"}
{"level":"debug","message":"Duration: 1ms","service":"preplyte-api","timestamp":"2026-02-18 12:21:50"}
{"level":"debug","message":"Query: SELECT \"public\".\"lms_modules\".\"id\", \"public\".\"lms_modules\".\"courseId\", \"public\".\"lms_modules\".\"title\", \"public\".\"lms_modules\".\"shortDescription\", \"public\".\"lms_modules\".\"description\", \"public\".\"lms_modules\".\"order\", \"public\".\"lms_modules\".\"totalTopics\", \"public\".\"lms_modules\".\"points\", \"public\".\"lms_modules\".\"estimatedMinutes\", \"public\".\"lms_modules\".\"isActive\", \"public\".\"lms_modules\".\"createdAt\", \"public\".\"lms_modules\".\"updatedAt\" FROM \"public\".\"lms_modules\" WHERE (\"public\".\"lms_modules\".\"isActive\" = $1 AND \"public\".\"lms_modules\".\"courseId\" IN ($2)) ORDER BY \"public\".\"lms_modules\".\"order\" ASC OFFSET $3","service":"preplyte-api","timestamp":"2026-02-18 12:21:50"}
{"level":"debug","message":"Params: [true,\"cmlq4mwy70005ail9oqvo554e\",0]","service":"preplyte-api","timestamp":"2026-02-18 12:21:50"}
{"level":"debug","message":"Duration: 0ms","service":"preplyte-api","timestamp":"2026-02-18 12:21:50"}
{"level":"debug","message":"Query: SELECT \"public\".\"lms_topics\".\"id\", \"public\".\"lms_topics\".\"moduleId\", \"public\".\"lms_topics\".\"title\", \"public\".\"lms_topics\".\"description\", \"public\".\"lms_topics\".\"order\", \"public\".\"lms_topics\".\"theoryContent\", \"public\".\"lms_topics\".\"videoUrl\", \"public\".\"lms_topics\".\"videoDuration\", \"public\".\"lms_topics\".\"estimatedMinutes\", \"public\".\"lms_topics\".\"resources\", \"public\".\"lms_topics\".\"isActive\", \"public\".\"lms_topics\".\"createdAt\", \"public\".\"lms_topics\".\"updatedAt\" FROM \"public\".\"lms_topics\" WHERE (\"public\".\"lms_topics\".\"isActive\" = $1 AND \"public\".\"lms_topics\".\"moduleId\" IN ($2)) ORDER BY \"public\".\"lms_topics\".\"order\" ASC OFFSET $3","service":"preplyte-api","timestamp":"2026-02-18 12:21:50"}
{"level":"debug","message":"Params: [true,\"cmlq4o74o000cail9p6dp7mym\",0]","service":"preplyte-api","timestamp":"2026-02-18 12:21:50"}
{"level":"debug","message":"Duration: 1ms","service":"preplyte-api","timestamp":"2026-02-18 12:21:50"}
{"level":"debug","message":"Query: SELECT \"public\".\"lms_enrollments\".\"id\", \"public\".\"lms_enrollments\".\"userId\", \"public\".\"lms_enrollments\".\"courseId\", \"public\".\"lms_enrollments\".\"status\"::text, \"public\".\"lms_enrollments\".\"completedModules\", \"public\".\"lms_enrollments\".\"completedTopics\", \"public\".\"lms_enrollments\".\"progressPercent\", \"public\".\"lms_enrollments\".\"totalPointsEarned\", \"public\".\"lms_enrollments\".\"moduleTestPointsEarned\", \"public\".\"lms_enrollments\".\"finalTestPointsEarned\", \"public\".\"lms_enrollments\".\"finalTestAttempted\", \"public\".\"lms_enrollments\".\"finalTestPassed\", \"public\".\"lms_enrollments\".\"finalTestScore\", \"public\".\"lms_enrollments\".\"finalTestMarks\", \"public\".\"lms_enrollments\".\"enrolledAt\", \"public\".\"lms_enrollments\".\"startedAt\", \"public\".\"lms_enrollments\".\"completedAt\", \"public\".\"lms_enrollments\".\"lastAccessedAt\", \"public\".\"lms_enrollments\".\"certificateUrl\", \"public\".\"lms_enrollments\".\"certificateIssuedAt\", \"public\".\"lms_enrollments\".\"createdAt\", \"public\".\"lms_enrollments\".\"updatedAt\" FROM \"public\".\"lms_enrollments\" WHERE ((\"public\".\"lms_enrollments\".\"userId\" = $1 AND \"public\".\"lms_enrollments\".\"courseId\" = $2) AND 1=1) LIMIT $3 OFFSET $4","service":"preplyte-api","timestamp":"2026-02-18 12:21:50"}
{"level":"debug","message":"Params: [\"cmlqa69ye0009mz559gk9ledi\",\"cmlq4mwy70005ail9oqvo554e\",1,0]","service":"preplyte-api","timestamp":"2026-02-18 12:21:50"}
{"level":"debug","message":"Duration: 1ms","service":"preplyte-api","timestamp":"2026-02-18 12:21:50"}
{"level":"debug","message":"Query: BEGIN","service":"preplyte-api","timestamp":"2026-02-18 12:21:50"}
{"level":"debug","message":"Params: []","service":"preplyte-api","timestamp":"2026-02-18 12:21:50"}
{"level":"debug","message":"Duration: 0ms","service":"preplyte-api","timestamp":"2026-02-18 12:21:50"}
{"level":"debug","message":"Query: INSERT INTO \"public\".\"lms_enrollments\" (\"id\",\"userId\",\"courseId\",\"status\",\"completedModules\",\"completedTopics\",\"progressPercent\",\"totalPointsEarned\",\"moduleTestPointsEarned\",\"finalTestPointsEarned\",\"finalTestAttempted\",\"finalTestPassed\",\"enrolledAt\",\"createdAt\",\"updatedAt\") VALUES ($1,$2,$3,CAST($4::text AS \"public\".\"LmsEnrollmentStatus\"),$5,$6,$7,$8,$9,$10,$11,$12,$13,$14,$15) RETURNING \"public\".\"lms_enrollments\".\"id\", \"public\".\"lms_enrollments\".\"userId\", \"public\".\"lms_enrollments\".\"courseId\", \"public\".\"lms_enrollments\".\"status\"::text, \"public\".\"lms_enrollments\".\"completedModules\", \"public\".\"lms_enrollments\".\"completedTopics\", \"public\".\"lms_enrollments\".\"progressPercent\", \"public\".\"lms_enrollments\".\"totalPointsEarned\", \"public\".\"lms_enrollments\".\"moduleTestPointsEarned\", \"public\".\"lms_enrollments\".\"finalTestPointsEarned\", \"public\".\"lms_enrollments\".\"finalTestAttempted\", \"public\".\"lms_enrollments\".\"finalTestPassed\", \"public\".\"lms_enrollments\".\"finalTestScore\", \"public\".\"lms_enrollments\".\"finalTestMarks\", \"public\".\"lms_enrollments\".\"enrolledAt\", \"public\".\"lms_enrollments\".\"startedAt\", \"public\".\"lms_enrollments\".\"completedAt\", \"public\".\"lms_enrollments\".\"lastAccessedAt\", \"public\".\"lms_enrollments\".\"certificateUrl\", \"public\".\"lms_enrollments\".\"certificateIssuedAt\", \"public\".\"lms_enrollments\".\"createdAt\", \"public\".\"lms_enrollments\".\"updatedAt\"","service":"preplyte-api","timestamp":"2026-02-18 12:21:50"}
{"level":"debug","message":"Params: [\"cmlrocawm000bz1aip5vy4ico\",\"cmlqa69ye0009mz559gk9ledi\",\"cmlq4mwy70005ail9oqvo554e\",\"ACTIVE\",0,0,0,0,0,0,false,false,\"2026-02-18 06:51:50.709 UTC\",\"2026-02-18 06:51:50.710 UTC\",\"2026-02-18 06:51:50.710 UTC\"]","service":"preplyte-api","timestamp":"2026-02-18 12:21:50"}
{"level":"debug","message":"Duration: 3ms","service":"preplyte-api","timestamp":"2026-02-18 12:21:50"}
{"level":"debug","message":"Query: INSERT INTO \"public\".\"lms_module_progress\" (\"testAttempted\",\"testPassed\",\"createdAt\",\"timeSpentMinutes\",\"pointsEarned\",\"status\",\"moduleId\",\"totalTopics\",\"userId\",\"completedTopics\",\"progressPercent\",\"updatedAt\",\"testAttempts\",\"id\") VALUES ($1,$2,$3,$4,$5,CAST($6::text AS \"public\".\"LmsModuleStatus\"),$7,$8,$9,$10,$11,$12,$13,$14)","service":"preplyte-api","timestamp":"2026-02-18 12:21:50"}
{"level":"debug","message":"Params: [false,false,\"2026-02-18 06:51:50.718 UTC\",0,0,\"AVAILABLE\",\"cmlq4o74o000cail9p6dp7mym\",1,\"cmlqa69ye0009mz559gk9ledi\",0,0,\"2026-02-18 06:51:50.718 UTC\",0,\"cmlrocawt000cz1ai7dpkeobs\"]","service":"preplyte-api","timestamp":"2026-02-18 12:21:50"}
{"level":"debug","message":"Duration: 2ms","service":"preplyte-api","timestamp":"2026-02-18 12:21:50"}
{"level":"debug","message":"Query: INSERT INTO \"public\".\"lms_topic_progress\" (\"createdAt\",\"userId\",\"topicId\",\"videoWatched\",\"status\",\"id\",\"timeSpentMinutes\",\"updatedAt\",\"theoryCompleted\",\"videoProgress\") VALUES ($1,$2,$3,$4,CAST($5::text AS \"public\".\"LmsTopicStatus\"),$6,$7,$8,$9,$10)","service":"preplyte-api","timestamp":"2026-02-18 12:21:50"}
{"level":"debug","message":"Params: [\"2026-02-18 06:51:50.725 UTC\",\"cmlqa69ye0009mz559gk9ledi\",\"cmlq4o74z000eail9n55rp3yl\",false,\"NOT_STARTED\",\"cmlrocax1000dz1aifcc00qbf\",0,\"2026-02-18 06:51:50.725 UTC\",false,0]","service":"preplyte-api","timestamp":"2026-02-18 12:21:50"}
{"level":"debug","message":"Duration: 2ms","service":"preplyte-api","timestamp":"2026-02-18 12:21:50"}
{"level":"debug","message":"Query: COMMIT","service":"preplyte-api","timestamp":"2026-02-18 12:21:50"}
{"level":"debug","message":"Params: []","service":"preplyte-api","timestamp":"2026-02-18 12:21:50"}
{"level":"debug","message":"Duration: 0ms","service":"preplyte-api","timestamp":"2026-02-18 12:21:50"}
{"level":"info","message":"\u001b[0mPOST /api/lms/courses/python/enroll \u001b[32m201\u001b[0m 67.133 ms - 744\u001b[0m","service":"preplyte-api","timestamp":"2026-02-18 12:21:50"}
{"level":"debug","message":"Query: SELECT \"public\".\"users\".\"id\", \"public\".\"users\".\"email\", \"public\".\"users\".\"role\"::text, \"public\".\"users\".\"instituteId\", \"public\".\"users\".\"isActive\", \"public\".\"users\".\"tokenVersion\" FROM \"public\".\"users\" WHERE (\"public\".\"users\".\"id\" = $1 AND 1=1) LIMIT $2 OFFSET $3","service":"preplyte-api","timestamp":"2026-02-18 12:21:50"}
{"level":"debug","message":"Params: [\"cmlqa69ye0009mz559gk9ledi\",1,0]","service":"preplyte-api","timestamp":"2026-02-18 12:21:50"}
{"level":"debug","message":"Duration: 0ms","service":"preplyte-api","timestamp":"2026-02-18 12:21:50"}
{"level":"debug","message":"Query: SELECT \"public\".\"lms_courses\".\"id\", \"public\".\"lms_courses\".\"categoryId\", \"public\".\"lms_courses\".\"title\", \"public\".\"lms_courses\".\"slug\", \"public\".\"lms_courses\".\"shortDescription\", \"public\".\"lms_courses\".\"description\", \"public\".\"lms_courses\".\"thumbnailUrl\", \"public\".\"lms_courses\".\"previewVideoUrl\", \"public\".\"lms_courses\".\"totalModules\", \"public\".\"lms_courses\".\"totalTopics\", \"public\".\"lms_courses\".\"totalPoints\", \"public\".\"lms_courses\".\"totalHours\", \"public\".\"lms_courses\".\"price\", \"public\".\"lms_courses\".\"discountPrice\", \"public\".\"lms_courses\".\"currency\", \"public\".\"lms_courses\".\"status\"::text, \"public\".\"lms_courses\".\"isActive\", \"public\".\"lms_courses\".\"certificateEnabled\", \"public\".\"lms_courses\".\"passingPercentage\", \"public\".\"lms_courses\".\"tags\", \"public\".\"lms_courses\".\"difficulty\"::text, \"public\".\"lms_courses\".\"instructor\", \"public\".\"lms_courses\".\"language\", \"public\".\"lms_courses\".\"averageRating\", \"public\".\"lms_courses\".\"ratingsCount\", \"public\".\"lms_courses\".\"createdAt\", \"public\".\"lms_courses\".\"updatedAt\", \"public\".\"lms_courses\".\"publishedAt\", COALESCE(\"aggr_selection_0_LmsEnrollment\".\"_aggr_count_enrollments\", 0) AS \"_aggr_count_enrollments\" FROM \"public\".\"lms_courses\" LEFT JOIN (SELECT \"public\".\"lms_enrollments\".\"courseId\", COUNT(*) AS \"_aggr_count_enrollments\" FROM \"public\".\"lms_enrollments\" WHERE 1=1 GROUP BY \"public\".\"lms_enrollments\".\"courseId\") AS \"aggr_selection_0_LmsEnrollment\" ON (\"public\".\"lms_courses\".\"id\" = \"aggr_selection_0_LmsEnrollment\".\"courseId\") WHERE (\"public\".\"lms_courses\".\"slug\" = $1 AND 1=1) LIMIT $2 OFFSET $3","service":"preplyte-api","timestamp":"2026-02-18 12:21:50"}
{"level":"debug","message":"Params: [\"python\",1,0]","service":"preplyte-api","timestamp":"2026-02-18 12:21:50"}
{"level":"debug","message":"Duration: 1ms","service":"preplyte-api","timestamp":"2026-02-18 12:21:50"}
{"level":"debug","message":"Query: SELECT \"public\".\"lms_categories\".\"id\", \"public\".\"lms_categories\".\"name\", \"public\".\"lms_categories\".\"slug\", \"public\".\"lms_categories\".\"description\", \"public\".\"lms_categories\".\"iconUrl\", \"public\".\"lms_categories\".\"order\", \"public\".\"lms_categories\".\"isActive\", \"public\".\"lms_categories\".\"createdAt\", \"public\".\"lms_categories\".\"updatedAt\" FROM \"public\".\"lms_categories\" WHERE \"public\".\"lms_categories\".\"id\" IN ($1) OFFSET $2","service":"preplyte-api","timestamp":"2026-02-18 12:21:50"}
{"level":"debug","message":"Params: [\"cmlq4lrae0003ail99wlb2luj\",0]","service":"preplyte-api","timestamp":"2026-02-18 12:21:50"}
{"level":"debug","message":"Duration: 0ms","service":"preplyte-api","timestamp":"2026-02-18 12:21:50"}
{"level":"debug","message":"Query: SELECT \"public\".\"lms_modules\".\"id\", \"public\".\"lms_modules\".\"courseId\", \"public\".\"lms_modules\".\"title\", \"public\".\"lms_modules\".\"shortDescription\", \"public\".\"lms_modules\".\"description\", \"public\".\"lms_modules\".\"order\", \"public\".\"lms_modules\".\"totalTopics\", \"public\".\"lms_modules\".\"points\", \"public\".\"lms_modules\".\"estimatedMinutes\", \"public\".\"lms_modules\".\"isActive\", \"public\".\"lms_modules\".\"createdAt\", \"public\".\"lms_modules\".\"updatedAt\" FROM \"public\".\"lms_modules\" WHERE (\"public\".\"lms_modules\".\"isActive\" = $1 AND \"public\".\"lms_modules\".\"courseId\" IN ($2)) ORDER BY \"public\".\"lms_modules\".\"order\" ASC OFFSET $3","service":"preplyte-api","timestamp":"2026-02-18 12:21:50"}
{"level":"debug","message":"Params: [true,\"cmlq4mwy70005ail9oqvo554e\",0]","service":"preplyte-api","timestamp":"2026-02-18 12:21:50"}
{"level":"debug","message":"Duration: 0ms","service":"preplyte-api","timestamp":"2026-02-18 12:21:50"}
{"level":"debug","message":"Query: SELECT \"public\".\"lms_topics\".\"id\", \"public\".\"lms_topics\".\"title\", \"public\".\"lms_topics\".\"order\", \"public\".\"lms_topics\".\"estimatedMinutes\", \"public\".\"lms_topics\".\"videoUrl\", \"public\".\"lms_topics\".\"moduleId\" FROM \"public\".\"lms_topics\" WHERE (\"public\".\"lms_topics\".\"isActive\" = $1 AND \"public\".\"lms_topics\".\"moduleId\" IN ($2)) ORDER BY \"public\".\"lms_topics\".\"order\" ASC OFFSET $3","service":"preplyte-api","timestamp":"2026-02-18 12:21:50"}
{"level":"debug","message":"Params: [true,\"cmlq4o74o000cail9p6dp7mym\",0]","service":"preplyte-api","timestamp":"2026-02-18 12:21:50"}
{"level":"debug","message":"Duration: 0ms","service":"preplyte-api","timestamp":"2026-02-18 12:21:50"}
{"level":"debug","message":"Query: SELECT \"public\".\"lms_module_tests\".\"id\", \"public\".\"lms_module_tests\".\"title\", \"public\".\"lms_module_tests\".\"instructions\", \"public\".\"lms_module_tests\".\"totalQuestions\", \"public\".\"lms_module_tests\".\"timeLimitMinutes\", \"public\".\"lms_module_tests\".\"passingScore\", \"public\".\"lms_module_tests\".\"maxAttempts\", \"public\".\"lms_module_tests\".\"pointsPerQuestion\", \"public\".\"lms_module_tests\".\"totalPoints\", \"public\".\"lms_module_tests\".\"isActive\", \"public\".\"lms_module_tests\".\"moduleId\" FROM \"public\".\"lms_module_tests\" WHERE \"public\".\"lms_module_tests\".\"moduleId\" IN ($1) OFFSET $2","service":"preplyte-api","timestamp":"2026-02-18 12:21:50"}
{"level":"debug","message":"Params: [\"cmlq4o74o000cail9p6dp7mym\",0]","service":"preplyte-api","timestamp":"2026-02-18 12:21:50"}
{"level":"debug","message":"Duration: 0ms","service":"preplyte-api","timestamp":"2026-02-18 12:21:50"}
{"level":"debug","message":"Query: SELECT \"public\".\"lms_final_tests\".\"id\", \"public\".\"lms_final_tests\".\"courseId\", \"public\".\"lms_final_tests\".\"title\", \"public\".\"lms_final_tests\".\"instructions\", \"public\".\"lms_final_tests\".\"totalQuestions\", \"public\".\"lms_final_tests\".\"passingScore\", \"public\".\"lms_final_tests\".\"timeLimitMinutes\", \"public\".\"lms_final_tests\".\"pointsPerQuestion\", \"public\".\"lms_final_tests\".\"totalPoints\", \"public\".\"lms_final_tests\".\"maxAttempts\", \"public\".\"lms_final_tests\".\"isActive\", \"public\".\"lms_final_tests\".\"createdAt\", \"public\".\"lms_final_tests\".\"updatedAt\" FROM \"public\".\"lms_final_tests\" WHERE \"public\".\"lms_final_tests\".\"courseId\" IN ($1) OFFSET $2","service":"preplyte-api","timestamp":"2026-02-18 12:21:50"}
{"level":"debug","message":"Params: [\"cmlq4mwy70005ail9oqvo554e\",0]","service":"preplyte-api","timestamp":"2026-02-18 12:21:50"}
{"level":"debug","message":"Duration: 0ms","service":"preplyte-api","timestamp":"2026-02-18 12:21:50"}
{"level":"debug","message":"Query: SELECT \"public\".\"lms_course_feedbacks\".\"id\", \"public\".\"lms_course_feedbacks\".\"userId\", \"public\".\"lms_course_feedbacks\".\"courseId\", \"public\".\"lms_course_feedbacks\".\"rating\", \"public\".\"lms_course_feedbacks\".\"comment\", \"public\".\"lms_course_feedbacks\".\"createdAt\", \"public\".\"lms_course_feedbacks\".\"updatedAt\" FROM \"public\".\"lms_course_feedbacks\" WHERE \"public\".\"lms_course_feedbacks\".\"courseId\" IN ($1) ORDER BY \"public\".\"lms_course_feedbacks\".\"createdAt\" DESC LIMIT $2 OFFSET $3","service":"preplyte-api","timestamp":"2026-02-18 12:21:50"}
{"level":"debug","message":"Params: [\"cmlq4mwy70005ail9oqvo554e\",5,0]","service":"preplyte-api","timestamp":"2026-02-18 12:21:50"}
{"level":"debug","message":"Duration: 0ms","service":"preplyte-api","timestamp":"2026-02-18 12:21:50"}
{"level":"debug","message":"Query: SELECT \"public\".\"users\".\"id\", \"public\".\"users\".\"name\" FROM \"public\".\"users\" WHERE \"public\".\"users\".\"id\" IN ($1) OFFSET $2","service":"preplyte-api","timestamp":"2026-02-18 12:21:50"}
{"level":"debug","message":"Params: [\"cmlq4h9or004p9qehngr7b15o\",0]","service":"preplyte-api","timestamp":"2026-02-18 12:21:50"}
{"level":"debug","message":"Duration: 0ms","service":"preplyte-api","timestamp":"2026-02-18 12:21:50"}
{"level":"debug","message":"Query: SELECT \"public\".\"student_profiles\".\"id\", \"public\".\"student_profiles\".\"fullName\", \"public\".\"student_profiles\".\"userId\" FROM \"public\".\"student_profiles\" WHERE \"public\".\"student_profiles\".\"userId\" IN ($1) OFFSET $2","service":"preplyte-api","timestamp":"2026-02-18 12:21:50"}
{"level":"debug","message":"Params: [\"cmlq4h9or004p9qehngr7b15o\",0]","service":"preplyte-api","timestamp":"2026-02-18 12:21:50"}
{"level":"debug","message":"Duration: 0ms","service":"preplyte-api","timestamp":"2026-02-18 12:21:50"}
{"level":"debug","message":"Query: SELECT \"public\".\"lms_enrollments\".\"id\", \"public\".\"lms_enrollments\".\"userId\", \"public\".\"lms_enrollments\".\"courseId\", \"public\".\"lms_enrollments\".\"status\"::text, \"public\".\"lms_enrollments\".\"completedModules\", \"public\".\"lms_enrollments\".\"completedTopics\", \"public\".\"lms_enrollments\".\"progressPercent\", \"public\".\"lms_enrollments\".\"totalPointsEarned\", \"public\".\"lms_enrollments\".\"moduleTestPointsEarned\", \"public\".\"lms_enrollments\".\"finalTestPointsEarned\", \"public\".\"lms_enrollments\".\"finalTestAttempted\", \"public\".\"lms_enrollments\".\"finalTestPassed\", \"public\".\"lms_enrollments\".\"finalTestScore\", \"public\".\"lms_enrollments\".\"finalTestMarks\", \"public\".\"lms_enrollments\".\"enrolledAt\", \"public\".\"lms_enrollments\".\"startedAt\", \"public\".\"lms_enrollments\".\"completedAt\", \"public\".\"lms_enrollments\".\"lastAccessedAt\", \"public\".\"lms_enrollments\".\"certificateUrl\", \"public\".\"lms_enrollments\".\"certificateIssuedAt\", \"public\".\"lms_enrollments\".\"createdAt\", \"public\".\"lms_enrollments\".\"updatedAt\" FROM \"public\".\"lms_enrollments\" WHERE ((\"public\".\"lms_enrollments\".\"userId\" = $1 AND \"public\".\"lms_enrollments\".\"courseId\" = $2) AND 1=1) LIMIT $3 OFFSET $4","service":"preplyte-api","timestamp":"2026-02-18 12:21:50"}
{"level":"debug","message":"Params: [\"cmlqa69ye0009mz559gk9ledi\",\"cmlq4mwy70005ail9oqvo554e\",1,0]","service":"preplyte-api","timestamp":"2026-02-18 12:21:50"}
{"level":"debug","message":"Duration: 0ms","service":"preplyte-api","timestamp":"2026-02-18 12:21:50"}
{"level":"debug","message":"Query: SELECT 1","service":"preplyte-api","timestamp":"2026-02-18 12:21:50"}
{"level":"debug","message":"Params: []","service":"preplyte-api","timestamp":"2026-02-18 12:21:50"}
{"level":"debug","message":"Duration: 0ms","service":"preplyte-api","timestamp":"2026-02-18 12:21:50"}
{"level":"debug","message":"Query: SELECT \"public\".\"lms_course_feedbacks\".\"id\", \"public\".\"lms_course_feedbacks\".\"userId\", \"public\".\"lms_course_feedbacks\".\"courseId\", \"public\".\"lms_course_feedbacks\".\"rating\", \"public\".\"lms_course_feedbacks\".\"comment\", \"public\".\"lms_course_feedbacks\".\"createdAt\", \"public\".\"lms_course_feedbacks\".\"updatedAt\" FROM \"public\".\"lms_course_feedbacks\" WHERE ((\"public\".\"lms_course_feedbacks\".\"userId\" = $1 AND \"public\".\"lms_course_feedbacks\".\"courseId\" = $2) AND 1=1) LIMIT $3 OFFSET $4","service":"preplyte-api","timestamp":"2026-02-18 12:21:50"}
{"level":"debug","message":"Params: [\"cmlqa69ye0009mz559gk9ledi\",\"cmlq4mwy70005ail9oqvo554e\",1,0]","service":"preplyte-api","timestamp":"2026-02-18 12:21:50"}
{"level":"debug","message":"Duration: 4ms","service":"preplyte-api","timestamp":"2026-02-18 12:21:50"}
{"level":"debug","message":"Query: SELECT \"public\".\"lms_module_progress\".\"id\", \"public\".\"lms_module_progress\".\"userId\", \"public\".\"lms_module_progress\".\"moduleId\", \"public\".\"lms_module_progress\".\"status\"::text, \"public\".\"lms_module_progress\".\"completedTopics\", \"public\".\"lms_module_progress\".\"totalTopics\", \"public\".\"lms_module_progress\".\"progressPercent\", \"public\".\"lms_module_progress\".\"testAttempted\", \"public\".\"lms_module_progress\".\"testPassed\", \"public\".\"lms_module_progress\".\"testScore\", \"public\".\"lms_module_progress\".\"testAttempts\", \"public\".\"lms_module_progress\".\"pointsEarned\", \"public\".\"lms_module_progress\".\"timeSpentMinutes\", \"public\".\"lms_module_progress\".\"startedAt\", \"public\".\"lms_module_progress\".\"completedAt\", \"public\".\"lms_module_progress\".\"createdAt\", \"public\".\"lms_module_progress\".\"updatedAt\" FROM \"public\".\"lms_module_progress\" WHERE (\"public\".\"lms_module_progress\".\"userId\" = $1 AND \"public\".\"lms_module_progress\".\"moduleId\" IN ($2)) OFFSET $3","service":"preplyte-api","timestamp":"2026-02-18 12:21:50"}
{"level":"debug","message":"Params: [\"cmlqa69ye0009mz559gk9ledi\",\"cmlq4o74o000cail9p6dp7mym\",0]","service":"preplyte-api","timestamp":"2026-02-18 12:21:50"}
{"level":"debug","message":"Duration: 4ms","service":"preplyte-api","timestamp":"2026-02-18 12:21:50"}
{"level":"debug","message":"Query: SELECT \"public\".\"lms_topic_progress\".\"id\", \"public\".\"lms_topic_progress\".\"userId\", \"public\".\"lms_topic_progress\".\"topicId\", \"public\".\"lms_topic_progress\".\"status\"::text, \"public\".\"lms_topic_progress\".\"theoryCompleted\", \"public\".\"lms_topic_progress\".\"videoWatched\", \"public\".\"lms_topic_progress\".\"videoProgress\", \"public\".\"lms_topic_progress\".\"timeSpentMinutes\", \"public\".\"lms_topic_progress\".\"startedAt\", \"public\".\"lms_topic_progress\".\"completedAt\", \"public\".\"lms_topic_progress\".\"createdAt\", \"public\".\"lms_topic_progress\".\"updatedAt\" FROM \"public\".\"lms_topic_progress\" WHERE (\"public\".\"lms_topic_progress\".\"userId\" = $1 AND \"public\".\"lms_topic_progress\".\"topicId\" IN ($2)) OFFSET $3","service":"preplyte-api","timestamp":"2026-02-18 12:21:50"}
{"level":"debug","message":"Params: [\"cmlqa69ye0009mz559gk9ledi\",\"cmlq4o74z000eail9n55rp3yl\",0]","service":"preplyte-api","timestamp":"2026-02-18 12:21:50"}
{"level":"debug","message":"Duration: 5ms","service":"preplyte-api","timestamp":"2026-02-18 12:21:50"}
{"level":"info","message":"\u001b[0mGET /api/lms/courses/python \u001b[32m200\u001b[0m 59.059 ms - -\u001b[0m","service":"preplyte-api","timestamp":"2026-02-18 12:21:50"}
{"level":"debug","message":"Query: SELECT \"public\".\"users\".\"id\", \"public\".\"users\".\"email\", \"public\".\"users\".\"role\"::text, \"public\".\"users\".\"instituteId\", \"public\".\"users\".\"isActive\", \"public\".\"users\".\"tokenVersion\" FROM \"public\".\"users\" WHERE (\"public\".\"users\".\"id\" = $1 AND 1=1) LIMIT $2 OFFSET $3","service":"preplyte-api","timestamp":"2026-02-18 12:21:59"}
{"level":"debug","message":"Params: [\"cmlqa69ye0009mz559gk9ledi\",1,0]","service":"preplyte-api","timestamp":"2026-02-18 12:21:59"}
{"level":"debug","message":"Duration: 0ms","service":"preplyte-api","timestamp":"2026-02-18 12:21:59"}
{"level":"debug","message":"Query: SELECT \"public\".\"lms_courses\".\"id\", \"public\".\"lms_courses\".\"title\", \"public\".\"lms_courses\".\"slug\" FROM \"public\".\"lms_courses\" WHERE (\"public\".\"lms_courses\".\"slug\" = $1 AND 1=1) LIMIT $2 OFFSET $3","service":"preplyte-api","timestamp":"2026-02-18 12:21:59"}
{"level":"debug","message":"Params: [\"python\",1,0]","service":"preplyte-api","timestamp":"2026-02-18 12:21:59"}
{"level":"debug","message":"Duration: 1ms","service":"preplyte-api","timestamp":"2026-02-18 12:21:59"}
{"level":"debug","message":"Query: SELECT \"public\".\"lms_enrollments\".\"id\", \"public\".\"lms_enrollments\".\"userId\", \"public\".\"lms_enrollments\".\"courseId\", \"public\".\"lms_enrollments\".\"status\"::text, \"public\".\"lms_enrollments\".\"completedModules\", \"public\".\"lms_enrollments\".\"completedTopics\", \"public\".\"lms_enrollments\".\"progressPercent\", \"public\".\"lms_enrollments\".\"totalPointsEarned\", \"public\".\"lms_enrollments\".\"moduleTestPointsEarned\", \"public\".\"lms_enrollments\".\"finalTestPointsEarned\", \"public\".\"lms_enrollments\".\"finalTestAttempted\", \"public\".\"lms_enrollments\".\"finalTestPassed\", \"public\".\"lms_enrollments\".\"finalTestScore\", \"public\".\"lms_enrollments\".\"finalTestMarks\", \"public\".\"lms_enrollments\".\"enrolledAt\", \"public\".\"lms_enrollments\".\"startedAt\", \"public\".\"lms_enrollments\".\"completedAt\", \"public\".\"lms_enrollments\".\"lastAccessedAt\", \"public\".\"lms_enrollments\".\"certificateUrl\", \"public\".\"lms_enrollments\".\"certificateIssuedAt\", \"public\".\"lms_enrollments\".\"createdAt\", \"public\".\"lms_enrollments\".\"updatedAt\" FROM \"public\".\"lms_enrollments\" WHERE ((\"public\".\"lms_enrollments\".\"userId\" = $1 AND \"public\".\"lms_enrollments\".\"courseId\" = $2) AND 1=1) LIMIT $3 OFFSET $4","service":"preplyte-api","timestamp":"2026-02-18 12:21:59"}
{"level":"debug","message":"Params: [\"cmlqa69ye0009mz559gk9ledi\",\"cmlq4mwy70005ail9oqvo554e\",1,0]","service":"preplyte-api","timestamp":"2026-02-18 12:21:59"}
{"level":"debug","message":"Duration: 0ms","service":"preplyte-api","timestamp":"2026-02-18 12:21:59"}
{"level":"debug","message":"Query: SELECT \"public\".\"lms_modules\".\"id\", \"public\".\"lms_modules\".\"courseId\", \"public\".\"lms_modules\".\"title\", \"public\".\"lms_modules\".\"shortDescription\", \"public\".\"lms_modules\".\"description\", \"public\".\"lms_modules\".\"order\", \"public\".\"lms_modules\".\"totalTopics\", \"public\".\"lms_modules\".\"points\", \"public\".\"lms_modules\".\"estimatedMinutes\", \"public\".\"lms_modules\".\"isActive\", \"public\".\"lms_modules\".\"createdAt\", \"public\".\"lms_modules\".\"updatedAt\" FROM \"public\".\"lms_modules\" WHERE (\"public\".\"lms_modules\".\"courseId\" = $1 AND \"public\".\"lms_modules\".\"order\" = $2 AND \"public\".\"lms_modules\".\"isActive\" = $3) LIMIT $4 OFFSET $5","service":"preplyte-api","timestamp":"2026-02-18 12:21:59"}
{"level":"debug","message":"Params: [\"cmlq4mwy70005ail9oqvo554e\",1,true,1,0]","service":"preplyte-api","timestamp":"2026-02-18 12:21:59"}
{"level":"debug","message":"Duration: 5ms","service":"preplyte-api","timestamp":"2026-02-18 12:21:59"}
{"level":"debug","message":"Query: SELECT \"public\".\"lms_topics\".\"id\", \"public\".\"lms_topics\".\"moduleId\", \"public\".\"lms_topics\".\"title\", \"public\".\"lms_topics\".\"description\", \"public\".\"lms_topics\".\"order\", \"public\".\"lms_topics\".\"theoryContent\", \"public\".\"lms_topics\".\"videoUrl\", \"public\".\"lms_topics\".\"videoDuration\", \"public\".\"lms_topics\".\"estimatedMinutes\", \"public\".\"lms_topics\".\"resources\", \"public\".\"lms_topics\".\"isActive\", \"public\".\"lms_topics\".\"createdAt\", \"public\".\"lms_topics\".\"updatedAt\" FROM \"public\".\"lms_topics\" WHERE (\"public\".\"lms_topics\".\"isActive\" = $1 AND \"public\".\"lms_topics\".\"moduleId\" IN ($2)) ORDER BY \"public\".\"lms_topics\".\"order\" ASC OFFSET $3","service":"preplyte-api","timestamp":"2026-02-18 12:21:59"}
{"level":"debug","message":"Params: [true,\"cmlq4o74o000cail9p6dp7mym\",0]","service":"preplyte-api","timestamp":"2026-02-18 12:21:59"}
{"level":"debug","message":"Duration: 5ms","service":"preplyte-api","timestamp":"2026-02-18 12:21:59"}
{"level":"debug","message":"Query: SELECT \"public\".\"lms_module_tests\".\"id\", \"public\".\"lms_module_tests\".\"moduleId\", \"public\".\"lms_module_tests\".\"title\", \"public\".\"lms_module_tests\".\"instructions\", \"public\".\"lms_module_tests\".\"totalQuestions\", \"public\".\"lms_module_tests\".\"passingScore\", \"public\".\"lms_module_tests\".\"timeLimitMinutes\", \"public\".\"lms_module_tests\".\"maxAttempts\", \"public\".\"lms_module_tests\".\"pointsPerQuestion\", \"public\".\"lms_module_tests\".\"totalPoints\", \"public\".\"lms_module_tests\".\"isActive\", \"public\".\"lms_module_tests\".\"createdAt\", \"public\".\"lms_module_tests\".\"updatedAt\" FROM \"public\".\"lms_module_tests\" WHERE \"public\".\"lms_module_tests\".\"moduleId\" IN ($1) OFFSET $2","service":"preplyte-api","timestamp":"2026-02-18 12:21:59"}
{"level":"debug","message":"Params: [\"cmlq4o74o000cail9p6dp7mym\",0]","service":"preplyte-api","timestamp":"2026-02-18 12:21:59"}
{"level":"debug","message":"Duration: 4ms","service":"preplyte-api","timestamp":"2026-02-18 12:21:59"}
{"level":"debug","message":"Query: SELECT \"public\".\"lms_module_progress\".\"id\", \"public\".\"lms_module_progress\".\"userId\", \"public\".\"lms_module_progress\".\"moduleId\", \"public\".\"lms_module_progress\".\"status\"::text, \"public\".\"lms_module_progress\".\"completedTopics\", \"public\".\"lms_module_progress\".\"totalTopics\", \"public\".\"lms_module_progress\".\"progressPercent\", \"public\".\"lms_module_progress\".\"testAttempted\", \"public\".\"lms_module_progress\".\"testPassed\", \"public\".\"lms_module_progress\".\"testScore\", \"public\".\"lms_module_progress\".\"testAttempts\", \"public\".\"lms_module_progress\".\"pointsEarned\", \"public\".\"lms_module_progress\".\"timeSpentMinutes\", \"public\".\"lms_module_progress\".\"startedAt\", \"public\".\"lms_module_progress\".\"completedAt\", \"public\".\"lms_module_progress\".\"createdAt\", \"public\".\"lms_module_progress\".\"updatedAt\" FROM \"public\".\"lms_module_progress\" WHERE ((\"public\".\"lms_module_progress\".\"userId\" = $1 AND \"public\".\"lms_module_progress\".\"moduleId\" = $2) AND 1=1) LIMIT $3 OFFSET $4","service":"preplyte-api","timestamp":"2026-02-18 12:21:59"}
{"level":"debug","message":"Params: [\"cmlqa69ye0009mz559gk9ledi\",\"cmlq4o74o000cail9p6dp7mym\",1,0]","service":"preplyte-api","timestamp":"2026-02-18 12:21:59"}
{"level":"debug","message":"Duration: 1ms","service":"preplyte-api","timestamp":"2026-02-18 12:21:59"}
{"level":"debug","message":"Query: SELECT \"public\".\"lms_topic_progress\".\"id\", \"public\".\"lms_topic_progress\".\"userId\", \"public\".\"lms_topic_progress\".\"topicId\", \"public\".\"lms_topic_progress\".\"status\"::text, \"public\".\"lms_topic_progress\".\"theoryCompleted\", \"public\".\"lms_topic_progress\".\"videoWatched\", \"public\".\"lms_topic_progress\".\"videoProgress\", \"public\".\"lms_topic_progress\".\"timeSpentMinutes\", \"public\".\"lms_topic_progress\".\"startedAt\", \"public\".\"lms_topic_progress\".\"completedAt\", \"public\".\"lms_topic_progress\".\"createdAt\", \"public\".\"lms_topic_progress\".\"updatedAt\" FROM \"public\".\"lms_topic_progress\" WHERE (\"public\".\"lms_topic_progress\".\"userId\" = $1 AND \"public\".\"lms_topic_progress\".\"topicId\" IN ($2)) OFFSET $3","service":"preplyte-api","timestamp":"2026-02-18 12:21:59"}
{"level":"debug","message":"Params: [\"cmlqa69ye0009mz559gk9ledi\",\"cmlq4o74z000eail9n55rp3yl\",0]","service":"preplyte-api","timestamp":"2026-02-18 12:21:59"}
{"level":"debug","message":"Duration: 0ms","service":"preplyte-api","timestamp":"2026-02-18 12:21:59"}
{"level":"info","message":"\u001b[0mGET /api/lms/courses/python/modules/1 \u001b[32m200\u001b[0m 46.177 ms - -\u001b[0m","service":"preplyte-api","timestamp":"2026-02-18 12:21:59"}
{"level":"debug","message":"Query: SELECT 1","service":"preplyte-api","timestamp":"2026-02-18 12:22:06"}
{"level":"debug","message":"Params: []","service":"preplyte-api","timestamp":"2026-02-18 12:22:06"}
{"level":"debug","message":"Duration: 0ms","service":"preplyte-api","timestamp":"2026-02-18 12:22:06"}
{"level":"debug","message":"Query: SELECT \"public\".\"users\".\"id\", \"public\".\"users\".\"email\", \"public\".\"users\".\"role\"::text, \"public\".\"users\".\"instituteId\", \"public\".\"users\".\"isActive\", \"public\".\"users\".\"tokenVersion\" FROM \"public\".\"users\" WHERE (\"public\".\"users\".\"id\" = $1 AND 1=1) LIMIT $2 OFFSET $3","service":"preplyte-api","timestamp":"2026-02-18 12:22:06"}
{"level":"debug","message":"Params: [\"cmlqa69ye0009mz559gk9ledi\",1,0]","service":"preplyte-api","timestamp":"2026-02-18 12:22:06"}
{"level":"debug","message":"Duration: 0ms","service":"preplyte-api","timestamp":"2026-02-18 12:22:06"}
{"level":"debug","message":"Query: SELECT \"public\".\"lms_courses\".\"id\", \"public\".\"lms_courses\".\"title\", \"public\".\"lms_courses\".\"slug\" FROM \"public\".\"lms_courses\" WHERE (\"public\".\"lms_courses\".\"slug\" = $1 AND 1=1) LIMIT $2 OFFSET $3","service":"preplyte-api","timestamp":"2026-02-18 12:22:06"}
{"level":"debug","message":"Params: [\"python\",1,0]","service":"preplyte-api","timestamp":"2026-02-18 12:22:06"}
{"level":"debug","message":"Duration: 0ms","service":"preplyte-api","timestamp":"2026-02-18 12:22:06"}
{"level":"debug","message":"Query: SELECT \"public\".\"lms_enrollments\".\"id\", \"public\".\"lms_enrollments\".\"userId\", \"public\".\"lms_enrollments\".\"courseId\", \"public\".\"lms_enrollments\".\"status\"::text, \"public\".\"lms_enrollments\".\"completedModules\", \"public\".\"lms_enrollments\".\"completedTopics\", \"public\".\"lms_enrollments\".\"progressPercent\", \"public\".\"lms_enrollments\".\"totalPointsEarned\", \"public\".\"lms_enrollments\".\"moduleTestPointsEarned\", \"public\".\"lms_enrollments\".\"finalTestPointsEarned\", \"public\".\"lms_enrollments\".\"finalTestAttempted\", \"public\".\"lms_enrollments\".\"finalTestPassed\", \"public\".\"lms_enrollments\".\"finalTestScore\", \"public\".\"lms_enrollments\".\"finalTestMarks\", \"public\".\"lms_enrollments\".\"enrolledAt\", \"public\".\"lms_enrollments\".\"startedAt\", \"public\".\"lms_enrollments\".\"completedAt\", \"public\".\"lms_enrollments\".\"lastAccessedAt\", \"public\".\"lms_enrollments\".\"certificateUrl\", \"public\".\"lms_enrollments\".\"certificateIssuedAt\", \"public\".\"lms_enrollments\".\"createdAt\", \"public\".\"lms_enrollments\".\"updatedAt\" FROM \"public\".\"lms_enrollments\" WHERE ((\"public\".\"lms_enrollments\".\"userId\" = $1 AND \"public\".\"lms_enrollments\".\"courseId\" = $2) AND 1=1) LIMIT $3 OFFSET $4","service":"preplyte-api","timestamp":"2026-02-18 12:22:06"}
{"level":"debug","message":"Params: [\"cmlqa69ye0009mz559gk9ledi\",\"cmlq4mwy70005ail9oqvo554e\",1,0]","service":"preplyte-api","timestamp":"2026-02-18 12:22:06"}
{"level":"debug","message":"Duration: 1ms","service":"preplyte-api","timestamp":"2026-02-18 12:22:06"}
{"level":"debug","message":"Query: SELECT \"public\".\"lms_modules\".\"id\", \"public\".\"lms_modules\".\"courseId\", \"public\".\"lms_modules\".\"title\", \"public\".\"lms_modules\".\"shortDescription\", \"public\".\"lms_modules\".\"description\", \"public\".\"lms_modules\".\"order\", \"public\".\"lms_modules\".\"totalTopics\", \"public\".\"lms_modules\".\"points\", \"public\".\"lms_modules\".\"estimatedMinutes\", \"public\".\"lms_modules\".\"isActive\", \"public\".\"lms_modules\".\"createdAt\", \"public\".\"lms_modules\".\"updatedAt\" FROM \"public\".\"lms_modules\" WHERE (\"public\".\"lms_modules\".\"courseId\" = $1 AND \"public\".\"lms_modules\".\"order\" = $2 AND \"public\".\"lms_modules\".\"isActive\" = $3) LIMIT $4 OFFSET $5","service":"preplyte-api","timestamp":"2026-02-18 12:22:06"}
{"level":"debug","message":"Params: [\"cmlq4mwy70005ail9oqvo554e\",1,true,1,0]","service":"preplyte-api","timestamp":"2026-02-18 12:22:06"}
{"level":"debug","message":"Duration: 0ms","service":"preplyte-api","timestamp":"2026-02-18 12:22:06"}
{"level":"debug","message":"Query: SELECT \"public\".\"lms_topics\".\"id\", \"public\".\"lms_topics\".\"moduleId\", \"public\".\"lms_topics\".\"title\", \"public\".\"lms_topics\".\"description\", \"public\".\"lms_topics\".\"order\", \"public\".\"lms_topics\".\"theoryContent\", \"public\".\"lms_topics\".\"videoUrl\", \"public\".\"lms_topics\".\"videoDuration\", \"public\".\"lms_topics\".\"estimatedMinutes\", \"public\".\"lms_topics\".\"resources\", \"public\".\"lms_topics\".\"isActive\", \"public\".\"lms_topics\".\"createdAt\", \"public\".\"lms_topics\".\"updatedAt\" FROM \"public\".\"lms_topics\" WHERE (\"public\".\"lms_topics\".\"isActive\" = $1 AND \"public\".\"lms_topics\".\"moduleId\" IN ($2)) ORDER BY \"public\".\"lms_topics\".\"order\" ASC OFFSET $3","service":"preplyte-api","timestamp":"2026-02-18 12:22:06"}
{"level":"debug","message":"Params: [true,\"cmlq4o74o000cail9p6dp7mym\",0]","service":"preplyte-api","timestamp":"2026-02-18 12:22:06"}
{"level":"debug","message":"Duration: 0ms","service":"preplyte-api","timestamp":"2026-02-18 12:22:06"}
{"level":"debug","message":"Query: SELECT \"public\".\"lms_module_progress\".\"id\", \"public\".\"lms_module_progress\".\"userId\", \"public\".\"lms_module_progress\".\"moduleId\", \"public\".\"lms_module_progress\".\"status\"::text, \"public\".\"lms_module_progress\".\"completedTopics\", \"public\".\"lms_module_progress\".\"totalTopics\", \"public\".\"lms_module_progress\".\"progressPercent\", \"public\".\"lms_module_progress\".\"testAttempted\", \"public\".\"lms_module_progress\".\"testPassed\", \"public\".\"lms_module_progress\".\"testScore\", \"public\".\"lms_module_progress\".\"testAttempts\", \"public\".\"lms_module_progress\".\"pointsEarned\", \"public\".\"lms_module_progress\".\"timeSpentMinutes\", \"public\".\"lms_module_progress\".\"startedAt\", \"public\".\"lms_module_progress\".\"completedAt\", \"public\".\"lms_module_progress\".\"createdAt\", \"public\".\"lms_module_progress\".\"updatedAt\" FROM \"public\".\"lms_module_progress\" WHERE ((\"public\".\"lms_module_progress\".\"userId\" = $1 AND \"public\".\"lms_module_progress\".\"moduleId\" = $2) AND 1=1) LIMIT $3 OFFSET $4","service":"preplyte-api","timestamp":"2026-02-18 12:22:06"}
{"level":"debug","message":"Params: [\"cmlqa69ye0009mz559gk9ledi\",\"cmlq4o74o000cail9p6dp7mym\",1,0]","service":"preplyte-api","timestamp":"2026-02-18 12:22:06"}
{"level":"debug","message":"Duration: 0ms","service":"preplyte-api","timestamp":"2026-02-18 12:22:06"}
{"level":"debug","message":"Query: SELECT \"public\".\"lms_topic_progress\".\"id\", \"public\".\"lms_topic_progress\".\"userId\", \"public\".\"lms_topic_progress\".\"topicId\", \"public\".\"lms_topic_progress\".\"status\"::text, \"public\".\"lms_topic_progress\".\"theoryCompleted\", \"public\".\"lms_topic_progress\".\"videoWatched\", \"public\".\"lms_topic_progress\".\"videoProgress\", \"public\".\"lms_topic_progress\".\"timeSpentMinutes\", \"public\".\"lms_topic_progress\".\"startedAt\", \"public\".\"lms_topic_progress\".\"completedAt\", \"public\".\"lms_topic_progress\".\"createdAt\", \"public\".\"lms_topic_progress\".\"updatedAt\" FROM \"public\".\"lms_topic_progress\" WHERE ((\"public\".\"lms_topic_progress\".\"userId\" = $1 AND \"public\".\"lms_topic_progress\".\"topicId\" = $2) AND 1=1) LIMIT $3 OFFSET $4","service":"preplyte-api","timestamp":"2026-02-18 12:22:06"}
{"level":"debug","message":"Params: [\"cmlqa69ye0009mz559gk9ledi\",\"cmlq4o74z000eail9n55rp3yl\",1,0]","service":"preplyte-api","timestamp":"2026-02-18 12:22:06"}
{"level":"debug","message":"Duration: 1ms","service":"preplyte-api","timestamp":"2026-02-18 12:22:06"}
{"level":"debug","message":"Query: UPDATE \"public\".\"lms_topic_progress\" SET \"status\" = CAST($1::text AS \"public\".\"LmsTopicStatus\"), \"startedAt\" = $2, \"updatedAt\" = $3 WHERE (\"public\".\"lms_topic_progress\".\"id\" = $4 AND 1=1) RETURNING \"public\".\"lms_topic_progress\".\"id\", \"public\".\"lms_topic_progress\".\"userId\", \"public\".\"lms_topic_progress\".\"topicId\", \"public\".\"lms_topic_progress\".\"status\"::text, \"public\".\"lms_topic_progress\".\"theoryCompleted\", \"public\".\"lms_topic_progress\".\"videoWatched\", \"public\".\"lms_topic_progress\".\"videoProgress\", \"public\".\"lms_topic_progress\".\"timeSpentMinutes\", \"public\".\"lms_topic_progress\".\"startedAt\", \"public\".\"lms_topic_progress\".\"completedAt\", \"public\".\"lms_topic_progress\".\"createdAt\", \"public\".\"lms_topic_progress\".\"updatedAt\"","service":"preplyte-api","timestamp":"2026-02-18 12:22:06"}
{"level":"debug","message":"Params: [\"IN_PROGRESS\",\"2026-02-18 06:52:06.598 UTC\",\"2026-02-18 06:52:06.599 UTC\",\"cmlrocax1000dz1aifcc00qbf\"]","service":"preplyte-api","timestamp":"2026-02-18 12:22:06"}
{"level":"debug","message":"Duration: 4ms","service":"preplyte-api","timestamp":"2026-02-18 12:22:06"}
{"level":"debug","message":"Query: UPDATE \"public\".\"lms_enrollments\" SET \"lastAccessedAt\" = $1, \"updatedAt\" = $2 WHERE (\"public\".\"lms_enrollments\".\"id\" = $3 AND 1=1) RETURNING \"public\".\"lms_enrollments\".\"id\", \"public\".\"lms_enrollments\".\"userId\", \"public\".\"lms_enrollments\".\"courseId\", \"public\".\"lms_enrollments\".\"status\"::text, \"public\".\"lms_enrollments\".\"completedModules\", \"public\".\"lms_enrollments\".\"completedTopics\", \"public\".\"lms_enrollments\".\"progressPercent\", \"public\".\"lms_enrollments\".\"totalPointsEarned\", \"public\".\"lms_enrollments\".\"moduleTestPointsEarned\", \"public\".\"lms_enrollments\".\"finalTestPointsEarned\", \"public\".\"lms_enrollments\".\"finalTestAttempted\", \"public\".\"lms_enrollments\".\"finalTestPassed\", \"public\".\"lms_enrollments\".\"finalTestScore\", \"public\".\"lms_enrollments\".\"finalTestMarks\", \"public\".\"lms_enrollments\".\"enrolledAt\", \"public\".\"lms_enrollments\".\"startedAt\", \"public\".\"lms_enrollments\".\"completedAt\", \"public\".\"lms_enrollments\".\"lastAccessedAt\", \"public\".\"lms_enrollments\".\"certificateUrl\", \"public\".\"lms_enrollments\".\"certificateIssuedAt\", \"public\".\"lms_enrollments\".\"createdAt\", \"public\".\"lms_enrollments\".\"updatedAt\"","service":"preplyte-api","timestamp":"2026-02-18 12:22:06"}
{"level":"debug","message":"Params: [\"2026-02-18 06:52:06.607 UTC\",\"2026-02-18 06:52:06.609 UTC\",\"cmlrocawm000bz1aip5vy4ico\"]","service":"preplyte-api","timestamp":"2026-02-18 12:22:06"}
{"level":"debug","message":"Duration: 1ms","service":"preplyte-api","timestamp":"2026-02-18 12:22:06"}
{"level":"info","message":"\u001b[0mGET /api/lms/courses/python/modules/1/topics/1 \u001b[32m200\u001b[0m 90.958 ms - -\u001b[0m","service":"preplyte-api","timestamp":"2026-02-18 12:22:06"}
{"level":"debug","message":"Query: SELECT \"public\".\"users\".\"id\", \"public\".\"users\".\"email\", \"public\".\"users\".\"role\"::text, \"public\".\"users\".\"instituteId\", \"public\".\"users\".\"isActive\", \"public\".\"users\".\"tokenVersion\" FROM \"public\".\"users\" WHERE (\"public\".\"users\".\"id\" = $1 AND 1=1) LIMIT $2 OFFSET $3","service":"preplyte-api","timestamp":"2026-02-18 12:22:08"}
{"level":"debug","message":"Params: [\"cmlqa69ye0009mz559gk9ledi\",1,0]","service":"preplyte-api","timestamp":"2026-02-18 12:22:08"}
{"level":"debug","message":"Duration: 1ms","service":"preplyte-api","timestamp":"2026-02-18 12:22:08"}
{"level":"debug","message":"Query: SELECT \"public\".\"lms_courses\".\"id\" FROM \"public\".\"lms_courses\" WHERE (\"public\".\"lms_courses\".\"slug\" = $1 AND 1=1) LIMIT $2 OFFSET $3","service":"preplyte-api","timestamp":"2026-02-18 12:22:08"}
{"level":"debug","message":"Params: [\"python\",1,0]","service":"preplyte-api","timestamp":"2026-02-18 12:22:08"}
{"level":"debug","message":"Duration: 0ms","service":"preplyte-api","timestamp":"2026-02-18 12:22:08"}
{"level":"debug","message":"Query: SELECT \"public\".\"lms_modules\".\"id\", \"public\".\"lms_modules\".\"courseId\", \"public\".\"lms_modules\".\"title\", \"public\".\"lms_modules\".\"shortDescription\", \"public\".\"lms_modules\".\"description\", \"public\".\"lms_modules\".\"order\", \"public\".\"lms_modules\".\"totalTopics\", \"public\".\"lms_modules\".\"points\", \"public\".\"lms_modules\".\"estimatedMinutes\", \"public\".\"lms_modules\".\"isActive\", \"public\".\"lms_modules\".\"createdAt\", \"public\".\"lms_modules\".\"updatedAt\" FROM \"public\".\"lms_modules\" WHERE (\"public\".\"lms_modules\".\"courseId\" = $1 AND \"public\".\"lms_modules\".\"order\" = $2) LIMIT $3 OFFSET $4","service":"preplyte-api","timestamp":"2026-02-18 12:22:08"}
{"level":"debug","message":"Params: [\"cmlq4mwy70005ail9oqvo554e\",1,1,0]","service":"preplyte-api","timestamp":"2026-02-18 12:22:08"}
{"level":"debug","message":"Duration: 2ms","service":"preplyte-api","timestamp":"2026-02-18 12:22:08"}
{"level":"debug","message":"Query: SELECT \"public\".\"lms_topics\".\"id\", \"public\".\"lms_topics\".\"moduleId\", \"public\".\"lms_topics\".\"title\", \"public\".\"lms_topics\".\"description\", \"public\".\"lms_topics\".\"order\", \"public\".\"lms_topics\".\"theoryContent\", \"public\".\"lms_topics\".\"videoUrl\", \"public\".\"lms_topics\".\"videoDuration\", \"public\".\"lms_topics\".\"estimatedMinutes\", \"public\".\"lms_topics\".\"resources\", \"public\".\"lms_topics\".\"isActive\", \"public\".\"lms_topics\".\"createdAt\", \"public\".\"lms_topics\".\"updatedAt\" FROM \"public\".\"lms_topics\" WHERE \"public\".\"lms_topics\".\"moduleId\" IN ($1) ORDER BY \"public\".\"lms_topics\".\"order\" ASC OFFSET $2","service":"preplyte-api","timestamp":"2026-02-18 12:22:08"}
{"level":"debug","message":"Params: [\"cmlq4o74o000cail9p6dp7mym\",0]","service":"preplyte-api","timestamp":"2026-02-18 12:22:08"}
{"level":"debug","message":"Duration: 1ms","service":"preplyte-api","timestamp":"2026-02-18 12:22:08"}
{"level":"debug","message":"Query: SELECT \"public\".\"lms_module_progress\".\"id\", \"public\".\"lms_module_progress\".\"userId\", \"public\".\"lms_module_progress\".\"moduleId\", \"public\".\"lms_module_progress\".\"status\"::text, \"public\".\"lms_module_progress\".\"completedTopics\", \"public\".\"lms_module_progress\".\"totalTopics\", \"public\".\"lms_module_progress\".\"progressPercent\", \"public\".\"lms_module_progress\".\"testAttempted\", \"public\".\"lms_module_progress\".\"testPassed\", \"public\".\"lms_module_progress\".\"testScore\", \"public\".\"lms_module_progress\".\"testAttempts\", \"public\".\"lms_module_progress\".\"pointsEarned\", \"public\".\"lms_module_progress\".\"timeSpentMinutes\", \"public\".\"lms_module_progress\".\"startedAt\", \"public\".\"lms_module_progress\".\"completedAt\", \"public\".\"lms_module_progress\".\"createdAt\", \"public\".\"lms_module_progress\".\"updatedAt\" FROM \"public\".\"lms_module_progress\" WHERE ((\"public\".\"lms_module_progress\".\"userId\" = $1 AND \"public\".\"lms_module_progress\".\"moduleId\" = $2) AND 1=1) LIMIT $3 OFFSET $4","service":"preplyte-api","timestamp":"2026-02-18 12:22:08"}
{"level":"debug","message":"Params: [\"cmlqa69ye0009mz559gk9ledi\",\"cmlq4o74o000cail9p6dp7mym\",1,0]","service":"preplyte-api","timestamp":"2026-02-18 12:22:08"}
{"level":"debug","message":"Duration: 0ms","service":"preplyte-api","timestamp":"2026-02-18 12:22:08"}
{"level":"debug","message":"Query: INSERT INTO \"public\".\"lms_topic_progress\" (\"id\",\"userId\",\"topicId\",\"status\",\"theoryCompleted\",\"videoWatched\",\"videoProgress\",\"timeSpentMinutes\",\"startedAt\",\"createdAt\",\"updatedAt\") VALUES ($1,$2,$3,CAST($4::text AS \"public\".\"LmsTopicStatus\"),$5,$6,$7,$8,$9,$10,$11) ON CONFLICT (\"userId\",\"topicId\") DO UPDATE SET \"theoryCompleted\" = $12, \"updatedAt\" = $13 WHERE ((\"public\".\"lms_topic_progress\".\"userId\" = $14 AND \"public\".\"lms_topic_progress\".\"topicId\" = $15) AND 1=1) RETURNING \"public\".\"lms_topic_progress\".\"id\", \"public\".\"lms_topic_progress\".\"userId\", \"public\".\"lms_topic_progress\".\"topicId\", \"public\".\"lms_topic_progress\".\"status\"::text, \"public\".\"lms_topic_progress\".\"theoryCompleted\", \"public\".\"lms_topic_progress\".\"videoWatched\", \"public\".\"lms_topic_progress\".\"videoProgress\", \"public\".\"lms_topic_progress\".\"timeSpentMinutes\", \"public\".\"lms_topic_progress\".\"startedAt\", \"public\".\"lms_topic_progress\".\"completedAt\", \"public\".\"lms_topic_progress\".\"createdAt\", \"public\".\"lms_topic_progress\".\"updatedAt\"","service":"preplyte-api","timestamp":"2026-02-18 12:22:08"}
{"level":"debug","message":"Params: [\"cmlrocoy1000fz1aimqyllc6b\",\"cmlqa69ye0009mz559gk9ledi\",\"cmlq4o74z000eail9n55rp3yl\",\"IN_PROGRESS\",true,false,0,0,\"2026-02-18 06:52:08.903 UTC\",\"2026-02-18 06:52:08.905 UTC\",\"2026-02-18 06:52:08.905 UTC\",true,\"2026-02-18 06:52:08.905 UTC\",\"cmlqa69ye0009mz559gk9ledi\",\"cmlq4o74z000eail9n55rp3yl\"]","service":"preplyte-api","timestamp":"2026-02-18 12:22:08"}
{"level":"debug","message":"Duration: 3ms","service":"preplyte-api","timestamp":"2026-02-18 12:22:08"}
{"level":"debug","message":"Query: UPDATE \"public\".\"lms_topic_progress\" SET \"status\" = CAST($1::text AS \"public\".\"LmsTopicStatus\"), \"completedAt\" = $2, \"updatedAt\" = $3 WHERE (\"public\".\"lms_topic_progress\".\"id\" = $4 AND 1=1) RETURNING \"public\".\"lms_topic_progress\".\"id\", \"public\".\"lms_topic_progress\".\"userId\", \"public\".\"lms_topic_progress\".\"topicId\", \"public\".\"lms_topic_progress\".\"status\"::text, \"public\".\"lms_topic_progress\".\"theoryCompleted\", \"public\".\"lms_topic_progress\".\"videoWatched\", \"public\".\"lms_topic_progress\".\"videoProgress\", \"public\".\"lms_topic_progress\".\"timeSpentMinutes\", \"public\".\"lms_topic_progress\".\"startedAt\", \"public\".\"lms_topic_progress\".\"completedAt\", \"public\".\"lms_topic_progress\".\"createdAt\", \"public\".\"lms_topic_progress\".\"updatedAt\"","service":"preplyte-api","timestamp":"2026-02-18 12:22:08"}
{"level":"debug","message":"Params: [\"COMPLETED\",\"2026-02-18 06:52:08.915 UTC\",\"2026-02-18 06:52:08.917 UTC\",\"cmlrocax1000dz1aifcc00qbf\"]","service":"preplyte-api","timestamp":"2026-02-18 12:22:08"}
{"level":"debug","message":"Duration: 2ms","service":"preplyte-api","timestamp":"2026-02-18 12:22:08"}
{"level":"debug","message":"Query: SELECT \"public\".\"lms_modules\".\"id\", \"public\".\"lms_modules\".\"courseId\", \"public\".\"lms_modules\".\"title\", \"public\".\"lms_modules\".\"shortDescription\", \"public\".\"lms_modules\".\"description\", \"public\".\"lms_modules\".\"order\", \"public\".\"lms_modules\".\"totalTopics\", \"public\".\"lms_modules\".\"points\", \"public\".\"lms_modules\".\"estimatedMinutes\", \"public\".\"lms_modules\".\"isActive\", \"public\".\"lms_modules\".\"createdAt\", \"public\".\"lms_modules\".\"updatedAt\" FROM \"public\".\"lms_modules\" WHERE (\"public\".\"lms_modules\".\"id\" = $1 AND 1=1) LIMIT $2 OFFSET $3","service":"preplyte-api","timestamp":"2026-02-18 12:22:08"}
{"level":"debug","message":"Params: [\"cmlq4o74o000cail9p6dp7mym\",1,0]","service":"preplyte-api","timestamp":"2026-02-18 12:22:08"}
{"level":"debug","message":"Duration: 1ms","service":"preplyte-api","timestamp":"2026-02-18 12:22:08"}
{"level":"debug","message":"Query: SELECT \"public\".\"lms_topics\".\"id\", \"public\".\"lms_topics\".\"moduleId\", \"public\".\"lms_topics\".\"title\", \"public\".\"lms_topics\".\"description\", \"public\".\"lms_topics\".\"order\", \"public\".\"lms_topics\".\"theoryContent\", \"public\".\"lms_topics\".\"videoUrl\", \"public\".\"lms_topics\".\"videoDuration\", \"public\".\"lms_topics\".\"estimatedMinutes\", \"public\".\"lms_topics\".\"resources\", \"public\".\"lms_topics\".\"isActive\", \"public\".\"lms_topics\".\"createdAt\", \"public\".\"lms_topics\".\"updatedAt\" FROM \"public\".\"lms_topics\" WHERE (\"public\".\"lms_topics\".\"isActive\" = $1 AND \"public\".\"lms_topics\".\"moduleId\" IN ($2)) OFFSET $3","service":"preplyte-api","timestamp":"2026-02-18 12:22:08"}
{"level":"debug","message":"Params: [true,\"cmlq4o74o000cail9p6dp7mym\",0]","service":"preplyte-api","timestamp":"2026-02-18 12:22:08"}
{"level":"debug","message":"Duration: 1ms","service":"preplyte-api","timestamp":"2026-02-18 12:22:08"}
{"level":"debug","message":"Query: SELECT \"public\".\"lms_courses\".\"id\" FROM \"public\".\"lms_courses\" WHERE \"public\".\"lms_courses\".\"id\" IN ($1) OFFSET $2","service":"preplyte-api","timestamp":"2026-02-18 12:22:08"}
{"level":"debug","message":"Params: [\"cmlq4mwy70005ail9oqvo554e\",0]","service":"preplyte-api","timestamp":"2026-02-18 12:22:08"}
{"level":"debug","message":"Duration: 1ms","service":"preplyte-api","timestamp":"2026-02-18 12:22:08"}
{"level":"debug","message":"Query: SELECT \"public\".\"lms_module_tests\".\"id\", \"public\".\"lms_module_tests\".\"moduleId\", \"public\".\"lms_module_tests\".\"title\", \"public\".\"lms_module_tests\".\"instructions\", \"public\".\"lms_module_tests\".\"totalQuestions\", \"public\".\"lms_module_tests\".\"passingScore\", \"public\".\"lms_module_tests\".\"timeLimitMinutes\", \"public\".\"lms_module_tests\".\"maxAttempts\", \"public\".\"lms_module_tests\".\"pointsPerQuestion\", \"public\".\"lms_module_tests\".\"totalPoints\", \"public\".\"lms_module_tests\".\"isActive\", \"public\".\"lms_module_tests\".\"createdAt\", \"public\".\"lms_module_tests\".\"updatedAt\" FROM \"public\".\"lms_module_tests\" WHERE \"public\".\"lms_module_tests\".\"moduleId\" IN ($1) OFFSET $2","service":"preplyte-api","timestamp":"2026-02-18 12:22:08"}
{"level":"debug","message":"Params: [\"cmlq4o74o000cail9p6dp7mym\",0]","service":"preplyte-api","timestamp":"2026-02-18 12:22:08"}
{"level":"debug","message":"Duration: 0ms","service":"preplyte-api","timestamp":"2026-02-18 12:22:08"}
{"level":"debug","message":"Query: SELECT \"public\".\"lms_module_progress\".\"id\", \"public\".\"lms_module_progress\".\"userId\", \"public\".\"lms_module_progress\".\"moduleId\", \"public\".\"lms_module_progress\".\"status\"::text, \"public\".\"lms_module_progress\".\"completedTopics\", \"public\".\"lms_module_progress\".\"totalTopics\", \"public\".\"lms_module_progress\".\"progressPercent\", \"public\".\"lms_module_progress\".\"testAttempted\", \"public\".\"lms_module_progress\".\"testPassed\", \"public\".\"lms_module_progress\".\"testScore\", \"public\".\"lms_module_progress\".\"testAttempts\", \"public\".\"lms_module_progress\".\"pointsEarned\", \"public\".\"lms_module_progress\".\"timeSpentMinutes\", \"public\".\"lms_module_progress\".\"startedAt\", \"public\".\"lms_module_progress\".\"completedAt\", \"public\".\"lms_module_progress\".\"createdAt\", \"public\".\"lms_module_progress\".\"updatedAt\" FROM \"public\".\"lms_module_progress\" WHERE ((\"public\".\"lms_module_progress\".\"userId\" = $1 AND \"public\".\"lms_module_progress\".\"moduleId\" = $2) AND 1=1) LIMIT $3 OFFSET $4","service":"preplyte-api","timestamp":"2026-02-18 12:22:08"}
{"level":"debug","message":"Params: [\"cmlqa69ye0009mz559gk9ledi\",\"cmlq4o74o000cail9p6dp7mym\",1,0]","service":"preplyte-api","timestamp":"2026-02-18 12:22:08"}
{"level":"debug","message":"Duration: 0ms","service":"preplyte-api","timestamp":"2026-02-18 12:22:08"}
{"level":"debug","message":"Query: SELECT COUNT(*) FROM (SELECT \"public\".\"lms_topic_progress\".\"id\" FROM \"public\".\"lms_topic_progress\" WHERE (\"public\".\"lms_topic_progress\".\"userId\" = $1 AND \"public\".\"lms_topic_progress\".\"topicId\" IN ($2) AND \"public\".\"lms_topic_progress\".\"status\" = CAST($3::text AS \"public\".\"LmsTopicStatus\")) OFFSET $4) AS \"sub\"","service":"preplyte-api","timestamp":"2026-02-18 12:22:08"}
{"level":"debug","message":"Params: [\"cmlqa69ye0009mz559gk9ledi\",\"cmlq4o74z000eail9n55rp3yl\",\"COMPLETED\",0]","service":"preplyte-api","timestamp":"2026-02-18 12:22:08"}
{"level":"debug","message":"Duration: 1ms","service":"preplyte-api","timestamp":"2026-02-18 12:22:08"}
{"level":"debug","message":"Query: UPDATE \"public\".\"lms_module_progress\" SET \"completedTopics\" = $1, \"progressPercent\" = $2, \"status\" = CAST($3::text AS \"public\".\"LmsModuleStatus\"), \"completedAt\" = $4, \"updatedAt\" = $5 WHERE ((\"public\".\"lms_module_progress\".\"userId\" = $6 AND \"public\".\"lms_module_progress\".\"moduleId\" = $7) AND 1=1) RETURNING \"public\".\"lms_module_progress\".\"id\", \"public\".\"lms_module_progress\".\"userId\", \"public\".\"lms_module_progress\".\"moduleId\", \"public\".\"lms_module_progress\".\"status\"::text, \"public\".\"lms_module_progress\".\"completedTopics\", \"public\".\"lms_module_progress\".\"totalTopics\", \"public\".\"lms_module_progress\".\"progressPercent\", \"public\".\"lms_module_progress\".\"testAttempted\", \"public\".\"lms_module_progress\".\"testPassed\", \"public\".\"lms_module_progress\".\"testScore\", \"public\".\"lms_module_progress\".\"testAttempts\", \"public\".\"lms_module_progress\".\"pointsEarned\", \"public\".\"lms_module_progress\".\"timeSpentMinutes\", \"public\".\"lms_module_progress\".\"startedAt\", \"public\".\"lms_module_progress\".\"completedAt\", \"public\".\"lms_module_progress\".\"createdAt\", \"public\".\"lms_module_progress\".\"updatedAt\"","service":"preplyte-api","timestamp":"2026-02-18 12:22:08"}
{"level":"debug","message":"Params: [1,100,\"COMPLETED\",\"2026-02-18 06:52:08.945 UTC\",\"2026-02-18 06:52:08.947 UTC\",\"cmlqa69ye0009mz559gk9ledi\",\"cmlq4o74o000cail9p6dp7mym\"]","service":"preplyte-api","timestamp":"2026-02-18 12:22:08"}
{"level":"debug","message":"Duration: 1ms","service":"preplyte-api","timestamp":"2026-02-18 12:22:08"}
{"level":"debug","message":"Query: SELECT \"public\".\"lms_modules\".\"id\", \"public\".\"lms_modules\".\"courseId\", \"public\".\"lms_modules\".\"title\", \"public\".\"lms_modules\".\"shortDescription\", \"public\".\"lms_modules\".\"description\", \"public\".\"lms_modules\".\"order\", \"public\".\"lms_modules\".\"totalTopics\", \"public\".\"lms_modules\".\"points\", \"public\".\"lms_modules\".\"estimatedMinutes\", \"public\".\"lms_modules\".\"isActive\", \"public\".\"lms_modules\".\"createdAt\", \"public\".\"lms_modules\".\"updatedAt\" FROM \"public\".\"lms_modules\" WHERE (\"public\".\"lms_modules\".\"courseId\" = $1 AND \"public\".\"lms_modules\".\"order\" = $2 AND \"public\".\"lms_modules\".\"isActive\" = $3) LIMIT $4 OFFSET $5","service":"preplyte-api","timestamp":"2026-02-18 12:22:08"}
{"level":"debug","message":"Params: [\"cmlq4mwy70005ail9oqvo554e\",2,true,1,0]","service":"preplyte-api","timestamp":"2026-02-18 12:22:08"}
{"level":"debug","message":"Duration: 0ms","service":"preplyte-api","timestamp":"2026-02-18 12:22:08"}
{"level":"debug","message":"Query: SELECT \"public\".\"lms_courses\".\"id\", \"public\".\"lms_courses\".\"categoryId\", \"public\".\"lms_courses\".\"title\", \"public\".\"lms_courses\".\"slug\", \"public\".\"lms_courses\".\"shortDescription\", \"public\".\"lms_courses\".\"description\", \"public\".\"lms_courses\".\"thumbnailUrl\", \"public\".\"lms_courses\".\"previewVideoUrl\", \"public\".\"lms_courses\".\"totalModules\", \"public\".\"lms_courses\".\"totalTopics\", \"public\".\"lms_courses\".\"totalPoints\", \"public\".\"lms_courses\".\"totalHours\", \"public\".\"lms_courses\".\"price\", \"public\".\"lms_courses\".\"discountPrice\", \"public\".\"lms_courses\".\"currency\", \"public\".\"lms_courses\".\"status\"::text, \"public\".\"lms_courses\".\"isActive\", \"public\".\"lms_courses\".\"certificateEnabled\", \"public\".\"lms_courses\".\"passingPercentage\", \"public\".\"lms_courses\".\"tags\", \"public\".\"lms_courses\".\"difficulty\"::text, \"public\".\"lms_courses\".\"instructor\", \"public\".\"lms_courses\".\"language\", \"public\".\"lms_courses\".\"averageRating\", \"public\".\"lms_courses\".\"ratingsCount\", \"public\".\"lms_courses\".\"createdAt\", \"public\".\"lms_courses\".\"updatedAt\", \"public\".\"lms_courses\".\"publishedAt\" FROM \"public\".\"lms_courses\" WHERE (\"public\".\"lms_courses\".\"id\" = $1 AND 1=1) LIMIT $2 OFFSET $3","service":"preplyte-api","timestamp":"2026-02-18 12:22:08"}
{"level":"debug","message":"Params: [\"cmlq4mwy70005ail9oqvo554e\",1,0]","service":"preplyte-api","timestamp":"2026-02-18 12:22:08"}
{"level":"debug","message":"Duration: 1ms","service":"preplyte-api","timestamp":"2026-02-18 12:22:08"}
{"level":"debug","message":"Query: SELECT \"public\".\"lms_modules\".\"id\", \"public\".\"lms_modules\".\"courseId\", \"public\".\"lms_modules\".\"title\", \"public\".\"lms_modules\".\"shortDescription\", \"public\".\"lms_modules\".\"description\", \"public\".\"lms_modules\".\"order\", \"public\".\"lms_modules\".\"totalTopics\", \"public\".\"lms_modules\".\"points\", \"public\".\"lms_modules\".\"estimatedMinutes\", \"public\".\"lms_modules\".\"isActive\", \"public\".\"lms_modules\".\"createdAt\", \"public\".\"lms_modules\".\"updatedAt\" FROM \"public\".\"lms_modules\" WHERE (\"public\".\"lms_modules\".\"isActive\" = $1 AND \"public\".\"lms_modules\".\"courseId\" IN ($2)) OFFSET $3","service":"preplyte-api","timestamp":"2026-02-18 12:22:08"}
{"level":"debug","message":"Params: [true,\"cmlq4mwy70005ail9oqvo554e\",0]","service":"preplyte-api","timestamp":"2026-02-18 12:22:08"}
{"level":"debug","message":"Duration: 0ms","service":"preplyte-api","timestamp":"2026-02-18 12:22:08"}
{"level":"debug","message":"Query: SELECT \"public\".\"lms_topics\".\"id\", \"public\".\"lms_topics\".\"moduleId\", \"public\".\"lms_topics\".\"title\", \"public\".\"lms_topics\".\"description\", \"public\".\"lms_topics\".\"order\", \"public\".\"lms_topics\".\"theoryContent\", \"public\".\"lms_topics\".\"videoUrl\", \"public\".\"lms_topics\".\"videoDuration\", \"public\".\"lms_topics\".\"estimatedMinutes\", \"public\".\"lms_topics\".\"resources\", \"public\".\"lms_topics\".\"isActive\", \"public\".\"lms_topics\".\"createdAt\", \"public\".\"lms_topics\".\"updatedAt\" FROM \"public\".\"lms_topics\" WHERE (\"public\".\"lms_topics\".\"isActive\" = $1 AND \"public\".\"lms_topics\".\"moduleId\" IN ($2)) OFFSET $3","service":"preplyte-api","timestamp":"2026-02-18 12:22:08"}
{"level":"debug","message":"Params: [true,\"cmlq4o74o000cail9p6dp7mym\",0]","service":"preplyte-api","timestamp":"2026-02-18 12:22:08"}
{"level":"debug","message":"Duration: 0ms","service":"preplyte-api","timestamp":"2026-02-18 12:22:08"}
{"level":"debug","message":"Query: SELECT COUNT(*) FROM (SELECT \"public\".\"lms_topic_progress\".\"id\" FROM \"public\".\"lms_topic_progress\" WHERE (\"public\".\"lms_topic_progress\".\"userId\" = $1 AND \"public\".\"lms_topic_progress\".\"topicId\" IN ($2) AND \"public\".\"lms_topic_progress\".\"status\" = CAST($3::text AS \"public\".\"LmsTopicStatus\")) OFFSET $4) AS \"sub\"","service":"preplyte-api","timestamp":"2026-02-18 12:22:08"}
{"level":"debug","message":"Params: [\"cmlqa69ye0009mz559gk9ledi\",\"cmlq4o74z000eail9n55rp3yl\",\"COMPLETED\",0]","service":"preplyte-api","timestamp":"2026-02-18 12:22:08"}
{"level":"debug","message":"Duration: 0ms","service":"preplyte-api","timestamp":"2026-02-18 12:22:08"}
{"level":"debug","message":"Query: SELECT COUNT(*) FROM (SELECT \"public\".\"lms_module_progress\".\"id\" FROM \"public\".\"lms_module_progress\" WHERE (\"public\".\"lms_module_progress\".\"userId\" = $1 AND \"public\".\"lms_module_progress\".\"moduleId\" IN ($2) AND \"public\".\"lms_module_progress\".\"status\" = CAST($3::text AS \"public\".\"LmsModuleStatus\")) OFFSET $4) AS \"sub\"","service":"preplyte-api","timestamp":"2026-02-18 12:22:08"}
{"level":"debug","message":"Params: [\"cmlqa69ye0009mz559gk9ledi\",\"cmlq4o74o000cail9p6dp7mym\",\"COMPLETED\",0]","service":"preplyte-api","timestamp":"2026-02-18 12:22:08"}
{"level":"debug","message":"Duration: 1ms","service":"preplyte-api","timestamp":"2026-02-18 12:22:08"}
{"level":"debug","message":"Query: SELECT \"public\".\"lms_enrollments\".\"id\", \"public\".\"lms_enrollments\".\"userId\", \"public\".\"lms_enrollments\".\"courseId\", \"public\".\"lms_enrollments\".\"status\"::text, \"public\".\"lms_enrollments\".\"completedModules\", \"public\".\"lms_enrollments\".\"completedTopics\", \"public\".\"lms_enrollments\".\"progressPercent\", \"public\".\"lms_enrollments\".\"totalPointsEarned\", \"public\".\"lms_enrollments\".\"moduleTestPointsEarned\", \"public\".\"lms_enrollments\".\"finalTestPointsEarned\", \"public\".\"lms_enrollments\".\"finalTestAttempted\", \"public\".\"lms_enrollments\".\"finalTestPassed\", \"public\".\"lms_enrollments\".\"finalTestScore\", \"public\".\"lms_enrollments\".\"finalTestMarks\", \"public\".\"lms_enrollments\".\"enrolledAt\", \"public\".\"lms_enrollments\".\"startedAt\", \"public\".\"lms_enrollments\".\"completedAt\", \"public\".\"lms_enrollments\".\"lastAccessedAt\", \"public\".\"lms_enrollments\".\"certificateUrl\", \"public\".\"lms_enrollments\".\"certificateIssuedAt\", \"public\".\"lms_enrollments\".\"createdAt\", \"public\".\"lms_enrollments\".\"updatedAt\" FROM \"public\".\"lms_enrollments\" WHERE ((\"public\".\"lms_enrollments\".\"userId\" = $1 AND \"public\".\"lms_enrollments\".\"courseId\" = $2) AND 1=1) LIMIT $3 OFFSET $4","service":"preplyte-api","timestamp":"2026-02-18 12:22:08"}
{"level":"debug","message":"Params: [\"cmlqa69ye0009mz559gk9ledi\",\"cmlq4mwy70005ail9oqvo554e\",1,0]","service":"preplyte-api","timestamp":"2026-02-18 12:22:08"}
{"level":"debug","message":"Duration: 0ms","service":"preplyte-api","timestamp":"2026-02-18 12:22:08"}
{"level":"debug","message":"Query: UPDATE \"public\".\"lms_enrollments\" SET \"completedTopics\" = $1, \"completedModules\" = $2, \"progressPercent\" = $3, \"startedAt\" = $4, \"updatedAt\" = $5 WHERE ((\"public\".\"lms_enrollments\".\"userId\" = $6 AND \"public\".\"lms_enrollments\".\"courseId\" = $7) AND 1=1) RETURNING \"public\".\"lms_enrollments\".\"id\", \"public\".\"lms_enrollments\".\"userId\", \"public\".\"lms_enrollments\".\"courseId\", \"public\".\"lms_enrollments\".\"status\"::text, \"public\".\"lms_enrollments\".\"completedModules\", \"public\".\"lms_enrollments\".\"completedTopics\", \"public\".\"lms_enrollments\".\"progressPercent\", \"public\".\"lms_enrollments\".\"totalPointsEarned\", \"public\".\"lms_enrollments\".\"moduleTestPointsEarned\", \"public\".\"lms_enrollments\".\"finalTestPointsEarned\", \"public\".\"lms_enrollments\".\"finalTestAttempted\", \"public\".\"lms_enrollments\".\"finalTestPassed\", \"public\".\"lms_enrollments\".\"finalTestScore\", \"public\".\"lms_enrollments\".\"finalTestMarks\", \"public\".\"lms_enrollments\".\"enrolledAt\", \"public\".\"lms_enrollments\".\"startedAt\", \"public\".\"lms_enrollments\".\"completedAt\", \"public\".\"lms_enrollments\".\"lastAccessedAt\", \"public\".\"lms_enrollments\".\"certificateUrl\", \"public\".\"lms_enrollments\".\"certificateIssuedAt\", \"public\".\"lms_enrollments\".\"createdAt\", \"public\".\"lms_enrollments\".\"updatedAt\"","service":"preplyte-api","timestamp":"2026-02-18 12:22:08"}
{"level":"debug","message":"Params: [1,1,100,\"2026-02-18 06:52:08.974 UTC\",\"2026-02-18 06:52:08.976 UTC\",\"cmlqa69ye0009mz559gk9ledi\",\"cmlq4mwy70005ail9oqvo554e\"]","service":"preplyte-api","timestamp":"2026-02-18 12:22:08"}
{"level":"debug","message":"Duration: 1ms","service":"preplyte-api","timestamp":"2026-02-18 12:22:08"}
{"level":"info","message":"\u001b[0mPATCH /api/lms/courses/python/modules/1/topics/1/progress \u001b[32m200\u001b[0m 110.858 ms - 437\u001b[0m","service":"preplyte-api","timestamp":"2026-02-18 12:22:08"}
{"level":"debug","message":"Query: SELECT \"public\".\"users\".\"id\", \"public\".\"users\".\"email\", \"public\".\"users\".\"role\"::text, \"public\".\"users\".\"instituteId\", \"public\".\"users\".\"isActive\", \"public\".\"users\".\"tokenVersion\" FROM \"public\".\"users\" WHERE (\"public\".\"users\".\"id\" = $1 AND 1=1) LIMIT $2 OFFSET $3","service":"preplyte-api","timestamp":"2026-02-18 12:22:08"}
{"level":"debug","message":"Params: [\"cmlqa69ye0009mz559gk9ledi\",1,0]","service":"preplyte-api","timestamp":"2026-02-18 12:22:08"}
{"level":"debug","message":"Duration: 0ms","service":"preplyte-api","timestamp":"2026-02-18 12:22:08"}
{"level":"debug","message":"Query: SELECT \"public\".\"lms_courses\".\"id\", \"public\".\"lms_courses\".\"title\", \"public\".\"lms_courses\".\"slug\" FROM \"public\".\"lms_courses\" WHERE (\"public\".\"lms_courses\".\"slug\" = $1 AND 1=1) LIMIT $2 OFFSET $3","service":"preplyte-api","timestamp":"2026-02-18 12:22:08"}
{"level":"debug","message":"Params: [\"python\",1,0]","service":"preplyte-api","timestamp":"2026-02-18 12:22:08"}
{"level":"debug","message":"Duration: 0ms","service":"preplyte-api","timestamp":"2026-02-18 12:22:08"}
{"level":"debug","message":"Query: SELECT \"public\".\"lms_enrollments\".\"id\", \"public\".\"lms_enrollments\".\"userId\", \"public\".\"lms_enrollments\".\"courseId\", \"public\".\"lms_enrollments\".\"status\"::text, \"public\".\"lms_enrollments\".\"completedModules\", \"public\".\"lms_enrollments\".\"completedTopics\", \"public\".\"lms_enrollments\".\"progressPercent\", \"public\".\"lms_enrollments\".\"totalPointsEarned\", \"public\".\"lms_enrollments\".\"moduleTestPointsEarned\", \"public\".\"lms_enrollments\".\"finalTestPointsEarned\", \"public\".\"lms_enrollments\".\"finalTestAttempted\", \"public\".\"lms_enrollments\".\"finalTestPassed\", \"public\".\"lms_enrollments\".\"finalTestScore\", \"public\".\"lms_enrollments\".\"finalTestMarks\", \"public\".\"lms_enrollments\".\"enrolledAt\", \"public\".\"lms_enrollments\".\"startedAt\", \"public\".\"lms_enrollments\".\"completedAt\", \"public\".\"lms_enrollments\".\"lastAccessedAt\", \"public\".\"lms_enrollments\".\"certificateUrl\", \"public\".\"lms_enrollments\".\"certificateIssuedAt\", \"public\".\"lms_enrollments\".\"createdAt\", \"public\".\"lms_enrollments\".\"updatedAt\" FROM \"public\".\"lms_enrollments\" WHERE ((\"public\".\"lms_enrollments\".\"userId\" = $1 AND \"public\".\"lms_enrollments\".\"courseId\" = $2) AND 1=1) LIMIT $3 OFFSET $4","service":"preplyte-api","timestamp":"2026-02-18 12:22:08"}
{"level":"debug","message":"Params: [\"cmlqa69ye0009mz559gk9ledi\",\"cmlq4mwy70005ail9oqvo554e\",1,0]","service":"preplyte-api","timestamp":"2026-02-18 12:22:08"}
{"level":"debug","message":"Duration: 0ms","service":"preplyte-api","timestamp":"2026-02-18 12:22:08"}
{"level":"debug","message":"Query: SELECT \"public\".\"lms_modules\".\"id\", \"public\".\"lms_modules\".\"courseId\", \"public\".\"lms_modules\".\"title\", \"public\".\"lms_modules\".\"shortDescription\", \"public\".\"lms_modules\".\"description\", \"public\".\"lms_modules\".\"order\", \"public\".\"lms_modules\".\"totalTopics\", \"public\".\"lms_modules\".\"points\", \"public\".\"lms_modules\".\"estimatedMinutes\", \"public\".\"lms_modules\".\"isActive\", \"public\".\"lms_modules\".\"createdAt\", \"public\".\"lms_modules\".\"updatedAt\" FROM \"public\".\"lms_modules\" WHERE (\"public\".\"lms_modules\".\"courseId\" = $1 AND \"public\".\"lms_modules\".\"order\" = $2 AND \"public\".\"lms_modules\".\"isActive\" = $3) LIMIT $4 OFFSET $5","service":"preplyte-api","timestamp":"2026-02-18 12:22:08"}
{"level":"debug","message":"Params: [\"cmlq4mwy70005ail9oqvo554e\",1,true,1,0]","service":"preplyte-api","timestamp":"2026-02-18 12:22:08"}
{"level":"debug","message":"Duration: 0ms","service":"preplyte-api","timestamp":"2026-02-18 12:22:08"}
{"level":"debug","message":"Query: SELECT \"public\".\"lms_topics\".\"id\", \"public\".\"lms_topics\".\"moduleId\", \"public\".\"lms_topics\".\"title\", \"public\".\"lms_topics\".\"description\", \"public\".\"lms_topics\".\"order\", \"public\".\"lms_topics\".\"theoryContent\", \"public\".\"lms_topics\".\"videoUrl\", \"public\".\"lms_topics\".\"videoDuration\", \"public\".\"lms_topics\".\"estimatedMinutes\", \"public\".\"lms_topics\".\"resources\", \"public\".\"lms_topics\".\"isActive\", \"public\".\"lms_topics\".\"createdAt\", \"public\".\"lms_topics\".\"updatedAt\" FROM \"public\".\"lms_topics\" WHERE (\"public\".\"lms_topics\".\"isActive\" = $1 AND \"public\".\"lms_topics\".\"moduleId\" IN ($2)) ORDER BY \"public\".\"lms_topics\".\"order\" ASC OFFSET $3","service":"preplyte-api","timestamp":"2026-02-18 12:22:08"}
{"level":"debug","message":"Params: [true,\"cmlq4o74o000cail9p6dp7mym\",0]","service":"preplyte-api","timestamp":"2026-02-18 12:22:08"}
{"level":"debug","message":"Duration: 0ms","service":"preplyte-api","timestamp":"2026-02-18 12:22:08"}
{"level":"debug","message":"Query: SELECT \"public\".\"lms_module_progress\".\"id\", \"public\".\"lms_module_progress\".\"userId\", \"public\".\"lms_module_progress\".\"moduleId\", \"public\".\"lms_module_progress\".\"status\"::text, \"public\".\"lms_module_progress\".\"completedTopics\", \"public\".\"lms_module_progress\".\"totalTopics\", \"public\".\"lms_module_progress\".\"progressPercent\", \"public\".\"lms_module_progress\".\"testAttempted\", \"public\".\"lms_module_progress\".\"testPassed\", \"public\".\"lms_module_progress\".\"testScore\", \"public\".\"lms_module_progress\".\"testAttempts\", \"public\".\"lms_module_progress\".\"pointsEarned\", \"public\".\"lms_module_progress\".\"timeSpentMinutes\", \"public\".\"lms_module_progress\".\"startedAt\", \"public\".\"lms_module_progress\".\"completedAt\", \"public\".\"lms_module_progress\".\"createdAt\", \"public\".\"lms_module_progress\".\"updatedAt\" FROM \"public\".\"lms_module_progress\" WHERE ((\"public\".\"lms_module_progress\".\"userId\" = $1 AND \"public\".\"lms_module_progress\".\"moduleId\" = $2) AND 1=1) LIMIT $3 OFFSET $4","service":"preplyte-api","timestamp":"2026-02-18 12:22:09"}
{"level":"debug","message":"Params: [\"cmlqa69ye0009mz559gk9ledi\",\"cmlq4o74o000cail9p6dp7mym\",1,0]","service":"preplyte-api","timestamp":"2026-02-18 12:22:09"}
{"level":"debug","message":"Duration: 0ms","service":"preplyte-api","timestamp":"2026-02-18 12:22:09"}
{"level":"debug","message":"Query: SELECT \"public\".\"lms_topic_progress\".\"id\", \"public\".\"lms_topic_progress\".\"userId\", \"public\".\"lms_topic_progress\".\"topicId\", \"public\".\"lms_topic_progress\".\"status\"::text, \"public\".\"lms_topic_progress\".\"theoryCompleted\", \"public\".\"lms_topic_progress\".\"videoWatched\", \"public\".\"lms_topic_progress\".\"videoProgress\", \"public\".\"lms_topic_progress\".\"timeSpentMinutes\", \"public\".\"lms_topic_progress\".\"startedAt\", \"public\".\"lms_topic_progress\".\"completedAt\", \"public\".\"lms_topic_progress\".\"createdAt\", \"public\".\"lms_topic_progress\".\"updatedAt\" FROM \"public\".\"lms_topic_progress\" WHERE ((\"public\".\"lms_topic_progress\".\"userId\" = $1 AND \"public\".\"lms_topic_progress\".\"topicId\" = $2) AND 1=1) LIMIT $3 OFFSET $4","service":"preplyte-api","timestamp":"2026-02-18 12:22:09"}
{"level":"debug","message":"Params: [\"cmlqa69ye0009mz559gk9ledi\",\"cmlq4o74z000eail9n55rp3yl\",1,0]","service":"preplyte-api","timestamp":"2026-02-18 12:22:09"}
{"level":"debug","message":"Duration: 0ms","service":"preplyte-api","timestamp":"2026-02-18 12:22:09"}
{"level":"debug","message":"Query: UPDATE \"public\".\"lms_enrollments\" SET \"lastAccessedAt\" = $1, \"updatedAt\" = $2 WHERE (\"public\".\"lms_enrollments\".\"id\" = $3 AND 1=1) RETURNING \"public\".\"lms_enrollments\".\"id\", \"public\".\"lms_enrollments\".\"userId\", \"public\".\"lms_enrollments\".\"courseId\", \"public\".\"lms_enrollments\".\"status\"::text, \"public\".\"lms_enrollments\".\"completedModules\", \"public\".\"lms_enrollments\".\"completedTopics\", \"public\".\"lms_enrollments\".\"progressPercent\", \"public\".\"lms_enrollments\".\"totalPointsEarned\", \"public\".\"lms_enrollments\".\"moduleTestPointsEarned\", \"public\".\"lms_enrollments\".\"finalTestPointsEarned\", \"public\".\"lms_enrollments\".\"finalTestAttempted\", \"public\".\"lms_enrollments\".\"finalTestPassed\", \"public\".\"lms_enrollments\".\"finalTestScore\", \"public\".\"lms_enrollments\".\"finalTestMarks\", \"public\".\"lms_enrollments\".\"enrolledAt\", \"public\".\"lms_enrollments\".\"startedAt\", \"public\".\"lms_enrollments\".\"completedAt\", \"public\".\"lms_enrollments\".\"lastAccessedAt\", \"public\".\"lms_enrollments\".\"certificateUrl\", \"public\".\"lms_enrollments\".\"certificateIssuedAt\", \"public\".\"lms_enrollments\".\"createdAt\", \"public\".\"lms_enrollments\".\"updatedAt\"","service":"preplyte-api","timestamp":"2026-02-18 12:22:09"}
{"level":"debug","message":"Params: [\"2026-02-18 06:52:09.011 UTC\",\"2026-02-18 06:52:09.013 UTC\",\"cmlrocawm000bz1aip5vy4ico\"]","service":"preplyte-api","timestamp":"2026-02-18 12:22:09"}
{"level":"debug","message":"Duration: 0ms","service":"preplyte-api","timestamp":"2026-02-18 12:22:09"}
{"level":"info","message":"\u001b[0mGET /api/lms/courses/python/modules/1/topics/1 \u001b[32m200\u001b[0m 32.266 ms - -\u001b[0m","service":"preplyte-api","timestamp":"2026-02-18 12:22:09"}
{"level":"debug","message":"Query: SELECT \"public\".\"users\".\"id\", \"public\".\"users\".\"email\", \"public\".\"users\".\"role\"::text, \"public\".\"users\".\"instituteId\", \"public\".\"users\".\"isActive\", \"public\".\"users\".\"tokenVersion\" FROM \"public\".\"users\" WHERE (\"public\".\"users\".\"id\" = $1 AND 1=1) LIMIT $2 OFFSET $3","service":"preplyte-api","timestamp":"2026-02-18 12:22:10"}
{"level":"debug","message":"Params: [\"cmlqa69ye0009mz559gk9ledi\",1,0]","service":"preplyte-api","timestamp":"2026-02-18 12:22:10"}
{"level":"debug","message":"Duration: 0ms","service":"preplyte-api","timestamp":"2026-02-18 12:22:10"}
{"level":"debug","message":"Query: SELECT \"public\".\"lms_courses\".\"id\", \"public\".\"lms_courses\".\"title\", \"public\".\"lms_courses\".\"slug\" FROM \"public\".\"lms_courses\" WHERE (\"public\".\"lms_courses\".\"slug\" = $1 AND 1=1) LIMIT $2 OFFSET $3","service":"preplyte-api","timestamp":"2026-02-18 12:22:10"}
{"level":"debug","message":"Params: [\"python\",1,0]","service":"preplyte-api","timestamp":"2026-02-18 12:22:10"}
{"level":"debug","message":"Duration: 0ms","service":"preplyte-api","timestamp":"2026-02-18 12:22:10"}
{"level":"debug","message":"Query: SELECT \"public\".\"lms_enrollments\".\"id\", \"public\".\"lms_enrollments\".\"userId\", \"public\".\"lms_enrollments\".\"courseId\", \"public\".\"lms_enrollments\".\"status\"::text, \"public\".\"lms_enrollments\".\"completedModules\", \"public\".\"lms_enrollments\".\"completedTopics\", \"public\".\"lms_enrollments\".\"progressPercent\", \"public\".\"lms_enrollments\".\"totalPointsEarned\", \"public\".\"lms_enrollments\".\"moduleTestPointsEarned\", \"public\".\"lms_enrollments\".\"finalTestPointsEarned\", \"public\".\"lms_enrollments\".\"finalTestAttempted\", \"public\".\"lms_enrollments\".\"finalTestPassed\", \"public\".\"lms_enrollments\".\"finalTestScore\", \"public\".\"lms_enrollments\".\"finalTestMarks\", \"public\".\"lms_enrollments\".\"enrolledAt\", \"public\".\"lms_enrollments\".\"startedAt\", \"public\".\"lms_enrollments\".\"completedAt\", \"public\".\"lms_enrollments\".\"lastAccessedAt\", \"public\".\"lms_enrollments\".\"certificateUrl\", \"public\".\"lms_enrollments\".\"certificateIssuedAt\", \"public\".\"lms_enrollments\".\"createdAt\", \"public\".\"lms_enrollments\".\"updatedAt\" FROM \"public\".\"lms_enrollments\" WHERE ((\"public\".\"lms_enrollments\".\"userId\" = $1 AND \"public\".\"lms_enrollments\".\"courseId\" = $2) AND 1=1) LIMIT $3 OFFSET $4","service":"preplyte-api","timestamp":"2026-02-18 12:22:10"}
{"level":"debug","message":"Params: [\"cmlqa69ye0009mz559gk9ledi\",\"cmlq4mwy70005ail9oqvo554e\",1,0]","service":"preplyte-api","timestamp":"2026-02-18 12:22:10"}
{"level":"debug","message":"Duration: 0ms","service":"preplyte-api","timestamp":"2026-02-18 12:22:10"}
{"level":"debug","message":"Query: SELECT \"public\".\"lms_modules\".\"id\", \"public\".\"lms_modules\".\"courseId\", \"public\".\"lms_modules\".\"title\", \"public\".\"lms_modules\".\"shortDescription\", \"public\".\"lms_modules\".\"description\", \"public\".\"lms_modules\".\"order\", \"public\".\"lms_modules\".\"totalTopics\", \"public\".\"lms_modules\".\"points\", \"public\".\"lms_modules\".\"estimatedMinutes\", \"public\".\"lms_modules\".\"isActive\", \"public\".\"lms_modules\".\"createdAt\", \"public\".\"lms_modules\".\"updatedAt\" FROM \"public\".\"lms_modules\" WHERE (\"public\".\"lms_modules\".\"courseId\" = $1 AND \"public\".\"lms_modules\".\"order\" = $2 AND \"public\".\"lms_modules\".\"isActive\" = $3) LIMIT $4 OFFSET $5","service":"preplyte-api","timestamp":"2026-02-18 12:22:10"}
{"level":"debug","message":"Params: [\"cmlq4mwy70005ail9oqvo554e\",1,true,1,0]","service":"preplyte-api","timestamp":"2026-02-18 12:22:10"}
{"level":"debug","message":"Duration: 0ms","service":"preplyte-api","timestamp":"2026-02-18 12:22:10"}
{"level":"debug","message":"Query: SELECT \"public\".\"lms_topics\".\"id\", \"public\".\"lms_topics\".\"moduleId\", \"public\".\"lms_topics\".\"title\", \"public\".\"lms_topics\".\"description\", \"public\".\"lms_topics\".\"order\", \"public\".\"lms_topics\".\"theoryContent\", \"public\".\"lms_topics\".\"videoUrl\", \"public\".\"lms_topics\".\"videoDuration\", \"public\".\"lms_topics\".\"estimatedMinutes\", \"public\".\"lms_topics\".\"resources\", \"public\".\"lms_topics\".\"isActive\", \"public\".\"lms_topics\".\"createdAt\", \"public\".\"lms_topics\".\"updatedAt\" FROM \"public\".\"lms_topics\" WHERE (\"public\".\"lms_topics\".\"isActive\" = $1 AND \"public\".\"lms_topics\".\"moduleId\" IN ($2)) ORDER BY \"public\".\"lms_topics\".\"order\" ASC OFFSET $3","service":"preplyte-api","timestamp":"2026-02-18 12:22:10"}
{"level":"debug","message":"Params: [true,\"cmlq4o74o000cail9p6dp7mym\",0]","service":"preplyte-api","timestamp":"2026-02-18 12:22:10"}
{"level":"debug","message":"Duration: 0ms","service":"preplyte-api","timestamp":"2026-02-18 12:22:10"}
{"level":"debug","message":"Query: SELECT \"public\".\"lms_module_tests\".\"id\", \"public\".\"lms_module_tests\".\"moduleId\", \"public\".\"lms_module_tests\".\"title\", \"public\".\"lms_module_tests\".\"instructions\", \"public\".\"lms_module_tests\".\"totalQuestions\", \"public\".\"lms_module_tests\".\"passingScore\", \"public\".\"lms_module_tests\".\"timeLimitMinutes\", \"public\".\"lms_module_tests\".\"maxAttempts\", \"public\".\"lms_module_tests\".\"pointsPerQuestion\", \"public\".\"lms_module_tests\".\"totalPoints\", \"public\".\"lms_module_tests\".\"isActive\", \"public\".\"lms_module_tests\".\"createdAt\", \"public\".\"lms_module_tests\".\"updatedAt\" FROM \"public\".\"lms_module_tests\" WHERE \"public\".\"lms_module_tests\".\"moduleId\" IN ($1) OFFSET $2","service":"preplyte-api","timestamp":"2026-02-18 12:22:10"}
{"level":"debug","message":"Params: [\"cmlq4o74o000cail9p6dp7mym\",0]","service":"preplyte-api","timestamp":"2026-02-18 12:22:10"}
{"level":"debug","message":"Duration: 0ms","service":"preplyte-api","timestamp":"2026-02-18 12:22:10"}
{"level":"debug","message":"Query: SELECT \"public\".\"lms_module_progress\".\"id\", \"public\".\"lms_module_progress\".\"userId\", \"public\".\"lms_module_progress\".\"moduleId\", \"public\".\"lms_module_progress\".\"status\"::text, \"public\".\"lms_module_progress\".\"completedTopics\", \"public\".\"lms_module_progress\".\"totalTopics\", \"public\".\"lms_module_progress\".\"progressPercent\", \"public\".\"lms_module_progress\".\"testAttempted\", \"public\".\"lms_module_progress\".\"testPassed\", \"public\".\"lms_module_progress\".\"testScore\", \"public\".\"lms_module_progress\".\"testAttempts\", \"public\".\"lms_module_progress\".\"pointsEarned\", \"public\".\"lms_module_progress\".\"timeSpentMinutes\", \"public\".\"lms_module_progress\".\"startedAt\", \"public\".\"lms_module_progress\".\"completedAt\", \"public\".\"lms_module_progress\".\"createdAt\", \"public\".\"lms_module_progress\".\"updatedAt\" FROM \"public\".\"lms_module_progress\" WHERE ((\"public\".\"lms_module_progress\".\"userId\" = $1 AND \"public\".\"lms_module_progress\".\"moduleId\" = $2) AND 1=1) LIMIT $3 OFFSET $4","service":"preplyte-api","timestamp":"2026-02-18 12:22:10"}
{"level":"debug","message":"Params: [\"cmlqa69ye0009mz559gk9ledi\",\"cmlq4o74o000cail9p6dp7mym\",1,0]","service":"preplyte-api","timestamp":"2026-02-18 12:22:10"}
{"level":"debug","message":"Duration: 0ms","service":"preplyte-api","timestamp":"2026-02-18 12:22:10"}
{"level":"debug","message":"Query: SELECT \"public\".\"lms_topic_progress\".\"id\", \"public\".\"lms_topic_progress\".\"userId\", \"public\".\"lms_topic_progress\".\"topicId\", \"public\".\"lms_topic_progress\".\"status\"::text, \"public\".\"lms_topic_progress\".\"theoryCompleted\", \"public\".\"lms_topic_progress\".\"videoWatched\", \"public\".\"lms_topic_progress\".\"videoProgress\", \"public\".\"lms_topic_progress\".\"timeSpentMinutes\", \"public\".\"lms_topic_progress\".\"startedAt\", \"public\".\"lms_topic_progress\".\"completedAt\", \"public\".\"lms_topic_progress\".\"createdAt\", \"public\".\"lms_topic_progress\".\"updatedAt\" FROM \"public\".\"lms_topic_progress\" WHERE (\"public\".\"lms_topic_progress\".\"userId\" = $1 AND \"public\".\"lms_topic_progress\".\"topicId\" IN ($2)) OFFSET $3","service":"preplyte-api","timestamp":"2026-02-18 12:22:10"}
{"level":"debug","message":"Params: [\"cmlqa69ye0009mz559gk9ledi\",\"cmlq4o74z000eail9n55rp3yl\",0]","service":"preplyte-api","timestamp":"2026-02-18 12:22:10"}
{"level":"debug","message":"Duration: 0ms","service":"preplyte-api","timestamp":"2026-02-18 12:22:10"}
{"level":"info","message":"\u001b[0mGET /api/lms/courses/python/modules/1 \u001b[32m200\u001b[0m 25.371 ms - -\u001b[0m","service":"preplyte-api","timestamp":"2026-02-18 12:22:10"}
{"level":"debug","message":"Query: SELECT \"public\".\"users\".\"id\", \"public\".\"users\".\"email\", \"public\".\"users\".\"role\"::text, \"public\".\"users\".\"instituteId\", \"public\".\"users\".\"isActive\", \"public\".\"users\".\"tokenVersion\" FROM \"public\".\"users\" WHERE (\"public\".\"users\".\"id\" = $1 AND 1=1) LIMIT $2 OFFSET $3","service":"preplyte-api","timestamp":"2026-02-18 12:22:14"}
{"level":"debug","message":"Params: [\"cmlqa69ye0009mz559gk9ledi\",1,0]","service":"preplyte-api","timestamp":"2026-02-18 12:22:14"}
{"level":"debug","message":"Duration: 0ms","service":"preplyte-api","timestamp":"2026-02-18 12:22:14"}
{"level":"debug","message":"Query: SELECT \"public\".\"lms_courses\".\"id\", \"public\".\"lms_courses\".\"title\", \"public\".\"lms_courses\".\"slug\" FROM \"public\".\"lms_courses\" WHERE (\"public\".\"lms_courses\".\"slug\" = $1 AND 1=1) LIMIT $2 OFFSET $3","service":"preplyte-api","timestamp":"2026-02-18 12:22:14"}
{"level":"debug","message":"Params: [\"python\",1,0]","service":"preplyte-api","timestamp":"2026-02-18 12:22:14"}
{"level":"debug","message":"Duration: 0ms","service":"preplyte-api","timestamp":"2026-02-18 12:22:14"}
{"level":"debug","message":"Query: SELECT \"public\".\"lms_enrollments\".\"id\", \"public\".\"lms_enrollments\".\"userId\", \"public\".\"lms_enrollments\".\"courseId\", \"public\".\"lms_enrollments\".\"status\"::text, \"public\".\"lms_enrollments\".\"completedModules\", \"public\".\"lms_enrollments\".\"completedTopics\", \"public\".\"lms_enrollments\".\"progressPercent\", \"public\".\"lms_enrollments\".\"totalPointsEarned\", \"public\".\"lms_enrollments\".\"moduleTestPointsEarned\", \"public\".\"lms_enrollments\".\"finalTestPointsEarned\", \"public\".\"lms_enrollments\".\"finalTestAttempted\", \"public\".\"lms_enrollments\".\"finalTestPassed\", \"public\".\"lms_enrollments\".\"finalTestScore\", \"public\".\"lms_enrollments\".\"finalTestMarks\", \"public\".\"lms_enrollments\".\"enrolledAt\", \"public\".\"lms_enrollments\".\"startedAt\", \"public\".\"lms_enrollments\".\"completedAt\", \"public\".\"lms_enrollments\".\"lastAccessedAt\", \"public\".\"lms_enrollments\".\"certificateUrl\", \"public\".\"lms_enrollments\".\"certificateIssuedAt\", \"public\".\"lms_enrollments\".\"createdAt\", \"public\".\"lms_enrollments\".\"updatedAt\" FROM \"public\".\"lms_enrollments\" WHERE ((\"public\".\"lms_enrollments\".\"userId\" = $1 AND \"public\".\"lms_enrollments\".\"courseId\" = $2) AND 1=1) LIMIT $3 OFFSET $4","service":"preplyte-api","timestamp":"2026-02-18 12:22:14"}
{"level":"debug","message":"Params: [\"cmlqa69ye0009mz559gk9ledi\",\"cmlq4mwy70005ail9oqvo554e\",1,0]","service":"preplyte-api","timestamp":"2026-02-18 12:22:14"}
{"level":"debug","message":"Duration: 1ms","service":"preplyte-api","timestamp":"2026-02-18 12:22:14"}
{"level":"debug","message":"Query: SELECT \"public\".\"lms_modules\".\"id\", \"public\".\"lms_modules\".\"courseId\", \"public\".\"lms_modules\".\"title\", \"public\".\"lms_modules\".\"shortDescription\", \"public\".\"lms_modules\".\"description\", \"public\".\"lms_modules\".\"order\", \"public\".\"lms_modules\".\"totalTopics\", \"public\".\"lms_modules\".\"points\", \"public\".\"lms_modules\".\"estimatedMinutes\", \"public\".\"lms_modules\".\"isActive\", \"public\".\"lms_modules\".\"createdAt\", \"public\".\"lms_modules\".\"updatedAt\" FROM \"public\".\"lms_modules\" WHERE (\"public\".\"lms_modules\".\"courseId\" = $1 AND \"public\".\"lms_modules\".\"order\" = $2 AND \"public\".\"lms_modules\".\"isActive\" = $3) LIMIT $4 OFFSET $5","service":"preplyte-api","timestamp":"2026-02-18 12:22:14"}
{"level":"debug","message":"Params: [\"cmlq4mwy70005ail9oqvo554e\",2,true,1,0]","service":"preplyte-api","timestamp":"2026-02-18 12:22:14"}
{"level":"debug","message":"Duration: 0ms","service":"preplyte-api","timestamp":"2026-02-18 12:22:14"}
{"code":"MODULE_NOT_FOUND","ip":"127.0.0.1","level":"warn","message":"Operational error Module not found","method":"GET","path":"/api/lms/courses/python/modules/2","requestId":"ef13e68d-df2f-44b5-86b8-cc54807946cf","service":"preplyte-api","timestamp":"2026-02-18 12:22:14","userAgent":"Mozilla/5.0 (Windows NT 10.0; Win64; x64) AppleWebKit/537.36 (KHTML, like Gecko) Chrome/145.0.0.0 Safari/537.36 Edg/145.0.0.0","userId":"cmlqa69ye0009mz559gk9ledi"}
{"level":"info","message":"\u001b[0mGET /api/lms/courses/python/modules/2 \u001b[33m404\u001b[0m 22.495 ms - 133\u001b[0m","service":"preplyte-api","timestamp":"2026-02-18 12:22:14"}
{"level":"debug","message":"Query: SELECT \"public\".\"users\".\"id\", \"public\".\"users\".\"email\", \"public\".\"users\".\"role\"::text, \"public\".\"users\".\"instituteId\", \"public\".\"users\".\"isActive\", \"public\".\"users\".\"tokenVersion\" FROM \"public\".\"users\" WHERE (\"public\".\"users\".\"id\" = $1 AND 1=1) LIMIT $2 OFFSET $3","service":"preplyte-api","timestamp":"2026-02-18 12:22:15"}
{"level":"debug","message":"Params: [\"cmlqa69ye0009mz559gk9ledi\",1,0]","service":"preplyte-api","timestamp":"2026-02-18 12:22:15"}
{"level":"debug","message":"Duration: 0ms","service":"preplyte-api","timestamp":"2026-02-18 12:22:15"}
{"level":"debug","message":"Query: SELECT \"public\".\"lms_courses\".\"id\", \"public\".\"lms_courses\".\"title\", \"public\".\"lms_courses\".\"slug\" FROM \"public\".\"lms_courses\" WHERE (\"public\".\"lms_courses\".\"slug\" = $1 AND 1=1) LIMIT $2 OFFSET $3","service":"preplyte-api","timestamp":"2026-02-18 12:22:15"}
{"level":"debug","message":"Params: [\"python\",1,0]","service":"preplyte-api","timestamp":"2026-02-18 12:22:15"}
{"level":"debug","message":"Duration: 0ms","service":"preplyte-api","timestamp":"2026-02-18 12:22:15"}
{"level":"debug","message":"Query: SELECT \"public\".\"lms_enrollments\".\"id\", \"public\".\"lms_enrollments\".\"userId\", \"public\".\"lms_enrollments\".\"courseId\", \"public\".\"lms_enrollments\".\"status\"::text, \"public\".\"lms_enrollments\".\"completedModules\", \"public\".\"lms_enrollments\".\"completedTopics\", \"public\".\"lms_enrollments\".\"progressPercent\", \"public\".\"lms_enrollments\".\"totalPointsEarned\", \"public\".\"lms_enrollments\".\"moduleTestPointsEarned\", \"public\".\"lms_enrollments\".\"finalTestPointsEarned\", \"public\".\"lms_enrollments\".\"finalTestAttempted\", \"public\".\"lms_enrollments\".\"finalTestPassed\", \"public\".\"lms_enrollments\".\"finalTestScore\", \"public\".\"lms_enrollments\".\"finalTestMarks\", \"public\".\"lms_enrollments\".\"enrolledAt\", \"public\".\"lms_enrollments\".\"startedAt\", \"public\".\"lms_enrollments\".\"completedAt\", \"public\".\"lms_enrollments\".\"lastAccessedAt\", \"public\".\"lms_enrollments\".\"certificateUrl\", \"public\".\"lms_enrollments\".\"certificateIssuedAt\", \"public\".\"lms_enrollments\".\"createdAt\", \"public\".\"lms_enrollments\".\"updatedAt\" FROM \"public\".\"lms_enrollments\" WHERE ((\"public\".\"lms_enrollments\".\"userId\" = $1 AND \"public\".\"lms_enrollments\".\"courseId\" = $2) AND 1=1) LIMIT $3 OFFSET $4","service":"preplyte-api","timestamp":"2026-02-18 12:22:15"}
{"level":"debug","message":"Params: [\"cmlqa69ye0009mz559gk9ledi\",\"cmlq4mwy70005ail9oqvo554e\",1,0]","service":"preplyte-api","timestamp":"2026-02-18 12:22:15"}
{"level":"debug","message":"Duration: 0ms","service":"preplyte-api","timestamp":"2026-02-18 12:22:15"}
{"level":"debug","message":"Query: SELECT \"public\".\"lms_modules\".\"id\", \"public\".\"lms_modules\".\"courseId\", \"public\".\"lms_modules\".\"title\", \"public\".\"lms_modules\".\"shortDescription\", \"public\".\"lms_modules\".\"description\", \"public\".\"lms_modules\".\"order\", \"public\".\"lms_modules\".\"totalTopics\", \"public\".\"lms_modules\".\"points\", \"public\".\"lms_modules\".\"estimatedMinutes\", \"public\".\"lms_modules\".\"isActive\", \"public\".\"lms_modules\".\"createdAt\", \"public\".\"lms_modules\".\"updatedAt\" FROM \"public\".\"lms_modules\" WHERE (\"public\".\"lms_modules\".\"courseId\" = $1 AND \"public\".\"lms_modules\".\"order\" = $2 AND \"public\".\"lms_modules\".\"isActive\" = $3) LIMIT $4 OFFSET $5","service":"preplyte-api","timestamp":"2026-02-18 12:22:15"}
{"level":"debug","message":"Params: [\"cmlq4mwy70005ail9oqvo554e\",2,true,1,0]","service":"preplyte-api","timestamp":"2026-02-18 12:22:15"}
{"level":"debug","message":"Duration: 0ms","service":"preplyte-api","timestamp":"2026-02-18 12:22:15"}
{"code":"MODULE_NOT_FOUND","ip":"127.0.0.1","level":"warn","message":"Operational error Module not found","method":"GET","path":"/api/lms/courses/python/modules/2","requestId":"031d786e-b7d8-468f-a156-0687a210ccd6","service":"preplyte-api","timestamp":"2026-02-18 12:22:15","userAgent":"Mozilla/5.0 (Windows NT 10.0; Win64; x64) AppleWebKit/537.36 (KHTML, like Gecko) Chrome/145.0.0.0 Safari/537.36 Edg/145.0.0.0","userId":"cmlqa69ye0009mz559gk9ledi"}
{"level":"info","message":"\u001b[0mGET /api/lms/courses/python/modules/2 \u001b[33m404\u001b[0m 17.139 ms - 133\u001b[0m","service":"preplyte-api","timestamp":"2026-02-18 12:22:15"}
{"level":"debug","message":"Query: SELECT \"public\".\"users\".\"id\", \"public\".\"users\".\"email\", \"public\".\"users\".\"role\"::text, \"public\".\"users\".\"instituteId\", \"public\".\"users\".\"isActive\", \"public\".\"users\".\"tokenVersion\" FROM \"public\".\"users\" WHERE (\"public\".\"users\".\"id\" = $1 AND 1=1) LIMIT $2 OFFSET $3","service":"preplyte-api","timestamp":"2026-02-18 12:22:16"}
{"level":"debug","message":"Params: [\"cmlqa69ye0009mz559gk9ledi\",1,0]","service":"preplyte-api","timestamp":"2026-02-18 12:22:16"}
{"level":"debug","message":"Duration: 0ms","service":"preplyte-api","timestamp":"2026-02-18 12:22:16"}
{"level":"debug","message":"Query: SELECT \"public\".\"users\".\"id\", \"public\".\"users\".\"email\", \"public\".\"users\".\"role\"::text, \"public\".\"users\".\"instituteId\", \"public\".\"users\".\"isActive\", \"public\".\"users\".\"tokenVersion\" FROM \"public\".\"users\" WHERE (\"public\".\"users\".\"id\" = $1 AND 1=1) LIMIT $2 OFFSET $3","service":"preplyte-api","timestamp":"2026-02-18 12:22:16"}
{"level":"debug","message":"Params: [\"cmlqa69ye0009mz559gk9ledi\",1,0]","service":"preplyte-api","timestamp":"2026-02-18 12:22:16"}
{"level":"debug","message":"Duration: 0ms","service":"preplyte-api","timestamp":"2026-02-18 12:22:16"}
{"level":"debug","message":"Query: SELECT \"public\".\"lms_courses\".\"id\" FROM \"public\".\"lms_courses\" WHERE (\"public\".\"lms_courses\".\"slug\" = $1 AND 1=1) LIMIT $2 OFFSET $3","service":"preplyte-api","timestamp":"2026-02-18 12:22:16"}
{"level":"debug","message":"Params: [\"python\",1,0]","service":"preplyte-api","timestamp":"2026-02-18 12:22:16"}
{"level":"debug","message":"Duration: 0ms","service":"preplyte-api","timestamp":"2026-02-18 12:22:16"}
{"level":"debug","message":"Query: SELECT 1","service":"preplyte-api","timestamp":"2026-02-18 12:22:16"}
{"level":"debug","message":"Params: []","service":"preplyte-api","timestamp":"2026-02-18 12:22:16"}
{"level":"debug","message":"Duration: 0ms","service":"preplyte-api","timestamp":"2026-02-18 12:22:16"}
{"level":"debug","message":"Query: SELECT \"public\".\"lms_courses\".\"id\", \"public\".\"lms_courses\".\"categoryId\", \"public\".\"lms_courses\".\"title\", \"public\".\"lms_courses\".\"slug\", \"public\".\"lms_courses\".\"shortDescription\", \"public\".\"lms_courses\".\"description\", \"public\".\"lms_courses\".\"thumbnailUrl\", \"public\".\"lms_courses\".\"previewVideoUrl\", \"public\".\"lms_courses\".\"totalModules\", \"public\".\"lms_courses\".\"totalTopics\", \"public\".\"lms_courses\".\"totalPoints\", \"public\".\"lms_courses\".\"totalHours\", \"public\".\"lms_courses\".\"price\", \"public\".\"lms_courses\".\"discountPrice\", \"public\".\"lms_courses\".\"currency\", \"public\".\"lms_courses\".\"status\"::text, \"public\".\"lms_courses\".\"isActive\", \"public\".\"lms_courses\".\"certificateEnabled\", \"public\".\"lms_courses\".\"passingPercentage\", \"public\".\"lms_courses\".\"tags\", \"public\".\"lms_courses\".\"difficulty\"::text, \"public\".\"lms_courses\".\"instructor\", \"public\".\"lms_courses\".\"language\", \"public\".\"lms_courses\".\"averageRating\", \"public\".\"lms_courses\".\"ratingsCount\", \"public\".\"lms_courses\".\"createdAt\", \"public\".\"lms_courses\".\"updatedAt\", \"public\".\"lms_courses\".\"publishedAt\", COALESCE(\"aggr_selection_0_LmsEnrollment\".\"_aggr_count_enrollments\", 0) AS \"_aggr_count_enrollments\" FROM \"public\".\"lms_courses\" LEFT JOIN (SELECT \"public\".\"lms_enrollments\".\"courseId\", COUNT(*) AS \"_aggr_count_enrollments\" FROM \"public\".\"lms_enrollments\" WHERE 1=1 GROUP BY \"public\".\"lms_enrollments\".\"courseId\") AS \"aggr_selection_0_LmsEnrollment\" ON (\"public\".\"lms_courses\".\"id\" = \"aggr_selection_0_LmsEnrollment\".\"courseId\") WHERE (\"public\".\"lms_courses\".\"slug\" = $1 AND 1=1) LIMIT $2 OFFSET $3","service":"preplyte-api","timestamp":"2026-02-18 12:22:16"}
{"level":"debug","message":"Params: [\"python\",1,0]","service":"preplyte-api","timestamp":"2026-02-18 12:22:16"}
{"level":"debug","message":"Duration: 1ms","service":"preplyte-api","timestamp":"2026-02-18 12:22:16"}
{"level":"debug","message":"Query: SELECT \"public\".\"lms_categories\".\"id\", \"public\".\"lms_categories\".\"name\", \"public\".\"lms_categories\".\"slug\", \"public\".\"lms_categories\".\"description\", \"public\".\"lms_categories\".\"iconUrl\", \"public\".\"lms_categories\".\"order\", \"public\".\"lms_categories\".\"isActive\", \"public\".\"lms_categories\".\"createdAt\", \"public\".\"lms_categories\".\"updatedAt\" FROM \"public\".\"lms_categories\" WHERE \"public\".\"lms_categories\".\"id\" IN ($1) OFFSET $2","service":"preplyte-api","timestamp":"2026-02-18 12:22:16"}
{"level":"debug","message":"Params: [\"cmlq4lrae0003ail99wlb2luj\",0]","service":"preplyte-api","timestamp":"2026-02-18 12:22:16"}
{"level":"debug","message":"Duration: 0ms","service":"preplyte-api","timestamp":"2026-02-18 12:22:16"}
{"level":"debug","message":"Query: SELECT \"public\".\"lms_modules\".\"id\", \"public\".\"lms_modules\".\"courseId\", \"public\".\"lms_modules\".\"title\", \"public\".\"lms_modules\".\"shortDescription\", \"public\".\"lms_modules\".\"description\", \"public\".\"lms_modules\".\"order\", \"public\".\"lms_modules\".\"totalTopics\", \"public\".\"lms_modules\".\"points\", \"public\".\"lms_modules\".\"estimatedMinutes\", \"public\".\"lms_modules\".\"isActive\", \"public\".\"lms_modules\".\"createdAt\", \"public\".\"lms_modules\".\"updatedAt\" FROM \"public\".\"lms_modules\" WHERE (\"public\".\"lms_modules\".\"isActive\" = $1 AND \"public\".\"lms_modules\".\"courseId\" IN ($2)) ORDER BY \"public\".\"lms_modules\".\"order\" ASC OFFSET $3","service":"preplyte-api","timestamp":"2026-02-18 12:22:16"}
{"level":"debug","message":"Params: [true,\"cmlq4mwy70005ail9oqvo554e\",0]","service":"preplyte-api","timestamp":"2026-02-18 12:22:16"}
{"level":"debug","message":"Duration: 0ms","service":"preplyte-api","timestamp":"2026-02-18 12:22:16"}
{"level":"debug","message":"Query: SELECT \"public\".\"lms_topics\".\"id\", \"public\".\"lms_topics\".\"title\", \"public\".\"lms_topics\".\"order\", \"public\".\"lms_topics\".\"estimatedMinutes\", \"public\".\"lms_topics\".\"videoUrl\", \"public\".\"lms_topics\".\"moduleId\" FROM \"public\".\"lms_topics\" WHERE (\"public\".\"lms_topics\".\"isActive\" = $1 AND \"public\".\"lms_topics\".\"moduleId\" IN ($2)) ORDER BY \"public\".\"lms_topics\".\"order\" ASC OFFSET $3","service":"preplyte-api","timestamp":"2026-02-18 12:22:16"}
{"level":"debug","message":"Params: [true,\"cmlq4o74o000cail9p6dp7mym\",0]","service":"preplyte-api","timestamp":"2026-02-18 12:22:16"}
{"level":"debug","message":"Duration: 0ms","service":"preplyte-api","timestamp":"2026-02-18 12:22:16"}
{"level":"debug","message":"Query: SELECT \"public\".\"lms_module_tests\".\"id\", \"public\".\"lms_module_tests\".\"title\", \"public\".\"lms_module_tests\".\"instructions\", \"public\".\"lms_module_tests\".\"totalQuestions\", \"public\".\"lms_module_tests\".\"timeLimitMinutes\", \"public\".\"lms_module_tests\".\"passingScore\", \"public\".\"lms_module_tests\".\"maxAttempts\", \"public\".\"lms_module_tests\".\"pointsPerQuestion\", \"public\".\"lms_module_tests\".\"totalPoints\", \"public\".\"lms_module_tests\".\"isActive\", \"public\".\"lms_module_tests\".\"moduleId\" FROM \"public\".\"lms_module_tests\" WHERE \"public\".\"lms_module_tests\".\"moduleId\" IN ($1) OFFSET $2","service":"preplyte-api","timestamp":"2026-02-18 12:22:16"}
{"level":"debug","message":"Params: [\"cmlq4o74o000cail9p6dp7mym\",0]","service":"preplyte-api","timestamp":"2026-02-18 12:22:16"}
{"level":"debug","message":"Duration: 0ms","service":"preplyte-api","timestamp":"2026-02-18 12:22:16"}
{"level":"debug","message":"Query: SELECT \"public\".\"lms_final_tests\".\"id\", \"public\".\"lms_final_tests\".\"courseId\", \"public\".\"lms_final_tests\".\"title\", \"public\".\"lms_final_tests\".\"instructions\", \"public\".\"lms_final_tests\".\"totalQuestions\", \"public\".\"lms_final_tests\".\"passingScore\", \"public\".\"lms_final_tests\".\"timeLimitMinutes\", \"public\".\"lms_final_tests\".\"pointsPerQuestion\", \"public\".\"lms_final_tests\".\"totalPoints\", \"public\".\"lms_final_tests\".\"maxAttempts\", \"public\".\"lms_final_tests\".\"isActive\", \"public\".\"lms_final_tests\".\"createdAt\", \"public\".\"lms_final_tests\".\"updatedAt\" FROM \"public\".\"lms_final_tests\" WHERE \"public\".\"lms_final_tests\".\"courseId\" IN ($1) OFFSET $2","service":"preplyte-api","timestamp":"2026-02-18 12:22:16"}
{"level":"debug","message":"Params: [\"cmlq4mwy70005ail9oqvo554e\",0]","service":"preplyte-api","timestamp":"2026-02-18 12:22:16"}
{"level":"debug","message":"Duration: 0ms","service":"preplyte-api","timestamp":"2026-02-18 12:22:16"}
{"level":"debug","message":"Query: SELECT \"public\".\"lms_course_feedbacks\".\"id\", \"public\".\"lms_course_feedbacks\".\"userId\", \"public\".\"lms_course_feedbacks\".\"courseId\", \"public\".\"lms_course_feedbacks\".\"rating\", \"public\".\"lms_course_feedbacks\".\"comment\", \"public\".\"lms_course_feedbacks\".\"createdAt\", \"public\".\"lms_course_feedbacks\".\"updatedAt\" FROM \"public\".\"lms_course_feedbacks\" WHERE \"public\".\"lms_course_feedbacks\".\"courseId\" IN ($1) ORDER BY \"public\".\"lms_course_feedbacks\".\"createdAt\" DESC LIMIT $2 OFFSET $3","service":"preplyte-api","timestamp":"2026-02-18 12:22:16"}
{"level":"debug","message":"Params: [\"cmlq4mwy70005ail9oqvo554e\",5,0]","service":"preplyte-api","timestamp":"2026-02-18 12:22:16"}
{"level":"debug","message":"Duration: 0ms","service":"preplyte-api","timestamp":"2026-02-18 12:22:16"}
{"level":"debug","message":"Query: SELECT \"public\".\"users\".\"id\", \"public\".\"users\".\"name\" FROM \"public\".\"users\" WHERE \"public\".\"users\".\"id\" IN ($1) OFFSET $2","service":"preplyte-api","timestamp":"2026-02-18 12:22:16"}
{"level":"debug","message":"Params: [\"cmlq4h9or004p9qehngr7b15o\",0]","service":"preplyte-api","timestamp":"2026-02-18 12:22:16"}
{"level":"debug","message":"Duration: 0ms","service":"preplyte-api","timestamp":"2026-02-18 12:22:16"}
{"level":"debug","message":"Query: SELECT \"public\".\"student_profiles\".\"id\", \"public\".\"student_profiles\".\"fullName\", \"public\".\"student_profiles\".\"userId\" FROM \"public\".\"student_profiles\" WHERE \"public\".\"student_profiles\".\"userId\" IN ($1) OFFSET $2","service":"preplyte-api","timestamp":"2026-02-18 12:22:16"}
{"level":"debug","message":"Params: [\"cmlq4h9or004p9qehngr7b15o\",0]","service":"preplyte-api","timestamp":"2026-02-18 12:22:16"}
{"level":"debug","message":"Duration: 0ms","service":"preplyte-api","timestamp":"2026-02-18 12:22:16"}
{"level":"debug","message":"Query: SELECT 1","service":"preplyte-api","timestamp":"2026-02-18 12:22:16"}
{"level":"debug","message":"Params: []","service":"preplyte-api","timestamp":"2026-02-18 12:22:16"}
{"level":"debug","message":"Duration: 0ms","service":"preplyte-api","timestamp":"2026-02-18 12:22:16"}
{"level":"debug","message":"Query: SELECT 1","service":"preplyte-api","timestamp":"2026-02-18 12:22:16"}
{"level":"debug","message":"Params: []","service":"preplyte-api","timestamp":"2026-02-18 12:22:16"}
{"level":"debug","message":"Duration: 0ms","service":"preplyte-api","timestamp":"2026-02-18 12:22:16"}
{"level":"debug","message":"Query: SELECT COUNT(*) FROM (SELECT \"public\".\"lms_course_comments\".\"id\" FROM \"public\".\"lms_course_comments\" WHERE (\"public\".\"lms_course_comments\".\"courseId\" = $1 AND \"public\".\"lms_course_comments\".\"parentId\" IS NULL) OFFSET $2) AS \"sub\"","service":"preplyte-api","timestamp":"2026-02-18 12:22:16"}
{"level":"debug","message":"Params: [\"cmlq4mwy70005ail9oqvo554e\",0]","service":"preplyte-api","timestamp":"2026-02-18 12:22:16"}
{"level":"debug","message":"Duration: 1ms","service":"preplyte-api","timestamp":"2026-02-18 12:22:16"}
{"level":"debug","message":"Query: SELECT \"public\".\"lms_enrollments\".\"id\", \"public\".\"lms_enrollments\".\"userId\", \"public\".\"lms_enrollments\".\"courseId\", \"public\".\"lms_enrollments\".\"status\"::text, \"public\".\"lms_enrollments\".\"completedModules\", \"public\".\"lms_enrollments\".\"completedTopics\", \"public\".\"lms_enrollments\".\"progressPercent\", \"public\".\"lms_enrollments\".\"totalPointsEarned\", \"public\".\"lms_enrollments\".\"moduleTestPointsEarned\", \"public\".\"lms_enrollments\".\"finalTestPointsEarned\", \"public\".\"lms_enrollments\".\"finalTestAttempted\", \"public\".\"lms_enrollments\".\"finalTestPassed\", \"public\".\"lms_enrollments\".\"finalTestScore\", \"public\".\"lms_enrollments\".\"finalTestMarks\", \"public\".\"lms_enrollments\".\"enrolledAt\", \"public\".\"lms_enrollments\".\"startedAt\", \"public\".\"lms_enrollments\".\"completedAt\", \"public\".\"lms_enrollments\".\"lastAccessedAt\", \"public\".\"lms_enrollments\".\"certificateUrl\", \"public\".\"lms_enrollments\".\"certificateIssuedAt\", \"public\".\"lms_enrollments\".\"createdAt\", \"public\".\"lms_enrollments\".\"updatedAt\" FROM \"public\".\"lms_enrollments\" WHERE ((\"public\".\"lms_enrollments\".\"userId\" = $1 AND \"public\".\"lms_enrollments\".\"courseId\" = $2) AND 1=1) LIMIT $3 OFFSET $4","service":"preplyte-api","timestamp":"2026-02-18 12:22:16"}
{"level":"debug","message":"Params: [\"cmlqa69ye0009mz559gk9ledi\",\"cmlq4mwy70005ail9oqvo554e\",1,0]","service":"preplyte-api","timestamp":"2026-02-18 12:22:16"}
{"level":"debug","message":"Duration: 1ms","service":"preplyte-api","timestamp":"2026-02-18 12:22:16"}
{"level":"debug","message":"Query: SELECT \"public\".\"lms_course_comments\".\"id\", \"public\".\"lms_course_comments\".\"userId\", \"public\".\"lms_course_comments\".\"courseId\", \"public\".\"lms_course_comments\".\"comment\", \"public\".\"lms_course_comments\".\"parentId\", \"public\".\"lms_course_comments\".\"createdAt\", \"public\".\"lms_course_comments\".\"updatedAt\", COALESCE(\"aggr_selection_0_LmsCourseCommentLike\".\"_aggr_count_likes\", 0) AS \"_aggr_count_likes\", COALESCE(\"aggr_selection_1_LmsCourseComment\".\"_aggr_count_replies\", 0) AS \"_aggr_count_replies\" FROM \"public\".\"lms_course_comments\" LEFT JOIN (SELECT \"public\".\"lms_course_comment_likes\".\"commentId\", COUNT(*) AS \"_aggr_count_likes\" FROM \"public\".\"lms_course_comment_likes\" WHERE 1=1 GROUP BY \"public\".\"lms_course_comment_likes\".\"commentId\") AS \"aggr_selection_0_LmsCourseCommentLike\" ON (\"public\".\"lms_course_comments\".\"id\" = \"aggr_selection_0_LmsCourseCommentLike\".\"commentId\") LEFT JOIN (SELECT \"public\".\"lms_course_comments\".\"parentId\", COUNT(*) AS \"_aggr_count_replies\" FROM \"public\".\"lms_course_comments\" WHERE 1=1 GROUP BY \"public\".\"lms_course_comments\".\"parentId\") AS \"aggr_selection_1_LmsCourseComment\" ON (\"public\".\"lms_course_comments\".\"id\" = \"aggr_selection_1_LmsCourseComment\".\"parentId\") WHERE (\"public\".\"lms_course_comments\".\"courseId\" = $1 AND \"public\".\"lms_course_comments\".\"parentId\" IS NULL) ORDER BY \"public\".\"lms_course_comments\".\"createdAt\" DESC LIMIT $2 OFFSET $3","service":"preplyte-api","timestamp":"2026-02-18 12:22:16"}
{"level":"debug","message":"Params: [\"cmlq4mwy70005ail9oqvo554e\",10,0]","service":"preplyte-api","timestamp":"2026-02-18 12:22:16"}
{"level":"debug","message":"Duration: 6ms","service":"preplyte-api","timestamp":"2026-02-18 12:22:16"}
{"level":"debug","message":"Query: SELECT \"public\".\"lms_course_feedbacks\".\"id\", \"public\".\"lms_course_feedbacks\".\"userId\", \"public\".\"lms_course_feedbacks\".\"courseId\", \"public\".\"lms_course_feedbacks\".\"rating\", \"public\".\"lms_course_feedbacks\".\"comment\", \"public\".\"lms_course_feedbacks\".\"createdAt\", \"public\".\"lms_course_feedbacks\".\"updatedAt\" FROM \"public\".\"lms_course_feedbacks\" WHERE ((\"public\".\"lms_course_feedbacks\".\"userId\" = $1 AND \"public\".\"lms_course_feedbacks\".\"courseId\" = $2) AND 1=1) LIMIT $3 OFFSET $4","service":"preplyte-api","timestamp":"2026-02-18 12:22:16"}
{"level":"debug","message":"Params: [\"cmlqa69ye0009mz559gk9ledi\",\"cmlq4mwy70005ail9oqvo554e\",1,0]","service":"preplyte-api","timestamp":"2026-02-18 12:22:16"}
{"level":"debug","message":"Duration: 6ms","service":"preplyte-api","timestamp":"2026-02-18 12:22:16"}
{"level":"debug","message":"Query: SELECT \"public\".\"users\".\"id\", \"public\".\"users\".\"name\" FROM \"public\".\"users\" WHERE \"public\".\"users\".\"id\" IN ($1) OFFSET $2","service":"preplyte-api","timestamp":"2026-02-18 12:22:16"}
{"level":"debug","message":"Params: [\"cmlq4h9or004p9qehngr7b15o\",0]","service":"preplyte-api","timestamp":"2026-02-18 12:22:16"}
{"level":"debug","message":"Duration: 1ms","service":"preplyte-api","timestamp":"2026-02-18 12:22:16"}
{"level":"debug","message":"Query: SELECT \"public\".\"student_profiles\".\"id\", \"public\".\"student_profiles\".\"fullName\", \"public\".\"student_profiles\".\"userId\" FROM \"public\".\"student_profiles\" WHERE \"public\".\"student_profiles\".\"userId\" IN ($1) OFFSET $2","service":"preplyte-api","timestamp":"2026-02-18 12:22:16"}
{"level":"debug","message":"Params: [\"cmlq4h9or004p9qehngr7b15o\",0]","service":"preplyte-api","timestamp":"2026-02-18 12:22:16"}
{"level":"debug","message":"Duration: 7ms","service":"preplyte-api","timestamp":"2026-02-18 12:22:16"}
{"level":"debug","message":"Query: SELECT \"public\".\"lms_course_comment_likes\".\"id\", \"public\".\"lms_course_comment_likes\".\"userId\", \"public\".\"lms_course_comment_likes\".\"commentId\", \"public\".\"lms_course_comment_likes\".\"createdAt\" FROM \"public\".\"lms_course_comment_likes\" WHERE (\"public\".\"lms_course_comment_likes\".\"userId\" = $1 AND \"public\".\"lms_course_comment_likes\".\"commentId\" IN ($2,$3,$4,$5,$6,$7,$8,$9,$10)) OFFSET $11","service":"preplyte-api","timestamp":"2026-02-18 12:22:16"}
{"level":"debug","message":"Params: [\"cmlqa69ye0009mz559gk9ledi\",\"cmlq5sn2c0001112romjapni7\",\"cmlq5opc9000bqztr8ebsvttl\",\"cmlq5m3nj0009qztr8gl1p4kh\",\"cmlq5e7cq0005qztryyulidsu\",\"cmlq5dyi40003qztrfehqvl27\",\"cmlq4w3iu0008pprqcghfag7o\",\"cmlq4vr3g0001pprqjsp7r01y\",\"cmlq4swfs000327jmadzcylnh\",\"cmlq4sjyu000127jmnbnfta0x\",0]","service":"preplyte-api","timestamp":"2026-02-18 12:22:16"}
{"level":"debug","message":"Duration: 0ms","service":"preplyte-api","timestamp":"2026-02-18 12:22:16"}
{"level":"debug","message":"Query: SELECT \"public\".\"lms_course_comments\".\"id\", \"public\".\"lms_course_comments\".\"userId\", \"public\".\"lms_course_comments\".\"courseId\", \"public\".\"lms_course_comments\".\"comment\", \"public\".\"lms_course_comments\".\"parentId\", \"public\".\"lms_course_comments\".\"createdAt\", \"public\".\"lms_course_comments\".\"updatedAt\", COALESCE(\"aggr_selection_0_LmsCourseCommentLike\".\"_aggr_count_likes\", 0) AS \"_aggr_count_likes\" FROM \"public\".\"lms_course_comments\" LEFT JOIN (SELECT \"public\".\"lms_course_comment_likes\".\"commentId\", COUNT(*) AS \"_aggr_count_likes\" FROM \"public\".\"lms_course_comment_likes\" WHERE 1=1 GROUP BY \"public\".\"lms_course_comment_likes\".\"commentId\") AS \"aggr_selection_0_LmsCourseCommentLike\" ON (\"public\".\"lms_course_comments\".\"id\" = \"aggr_selection_0_LmsCourseCommentLike\".\"commentId\") WHERE \"public\".\"lms_course_comments\".\"parentId\" IN ($1,$2,$3,$4,$5,$6,$7,$8,$9) ORDER BY \"public\".\"lms_course_comments\".\"createdAt\" ASC OFFSET $10","service":"preplyte-api","timestamp":"2026-02-18 12:22:16"}
{"level":"debug","message":"Params: [\"cmlq5sn2c0001112romjapni7\",\"cmlq5opc9000bqztr8ebsvttl\",\"cmlq5m3nj0009qztr8gl1p4kh\",\"cmlq5e7cq0005qztryyulidsu\",\"cmlq5dyi40003qztrfehqvl27\",\"cmlq4w3iu0008pprqcghfag7o\",\"cmlq4vr3g0001pprqjsp7r01y\",\"cmlq4swfs000327jmadzcylnh\",\"cmlq4sjyu000127jmnbnfta0x\",0]","service":"preplyte-api","timestamp":"2026-02-18 12:22:16"}
{"level":"debug","message":"Duration: 2ms","service":"preplyte-api","timestamp":"2026-02-18 12:22:16"}
{"level":"debug","message":"Query: SELECT \"public\".\"lms_module_progress\".\"id\", \"public\".\"lms_module_progress\".\"userId\", \"public\".\"lms_module_progress\".\"moduleId\", \"public\".\"lms_module_progress\".\"status\"::text, \"public\".\"lms_module_progress\".\"completedTopics\", \"public\".\"lms_module_progress\".\"totalTopics\", \"public\".\"lms_module_progress\".\"progressPercent\", \"public\".\"lms_module_progress\".\"testAttempted\", \"public\".\"lms_module_progress\".\"testPassed\", \"public\".\"lms_module_progress\".\"testScore\", \"public\".\"lms_module_progress\".\"testAttempts\", \"public\".\"lms_module_progress\".\"pointsEarned\", \"public\".\"lms_module_progress\".\"timeSpentMinutes\", \"public\".\"lms_module_progress\".\"startedAt\", \"public\".\"lms_module_progress\".\"completedAt\", \"public\".\"lms_module_progress\".\"createdAt\", \"public\".\"lms_module_progress\".\"updatedAt\" FROM \"public\".\"lms_module_progress\" WHERE (\"public\".\"lms_module_progress\".\"userId\" = $1 AND \"public\".\"lms_module_progress\".\"moduleId\" IN ($2)) OFFSET $3","service":"preplyte-api","timestamp":"2026-02-18 12:22:16"}
{"level":"debug","message":"Params: [\"cmlqa69ye0009mz559gk9ledi\",\"cmlq4o74o000cail9p6dp7mym\",0]","service":"preplyte-api","timestamp":"2026-02-18 12:22:16"}
{"level":"debug","message":"Duration: 5ms","service":"preplyte-api","timestamp":"2026-02-18 12:22:16"}
{"level":"debug","message":"Query: SELECT \"public\".\"users\".\"id\", \"public\".\"users\".\"name\" FROM \"public\".\"users\" WHERE \"public\".\"users\".\"id\" IN ($1,$2) OFFSET $3","service":"preplyte-api","timestamp":"2026-02-18 12:22:16"}
{"level":"debug","message":"Params: [\"cmlq4h9am004n9qehxiu60hj2\",\"cmlq4h9or004p9qehngr7b15o\",0]","service":"preplyte-api","timestamp":"2026-02-18 12:22:16"}
{"level":"debug","message":"Duration: 1ms","service":"preplyte-api","timestamp":"2026-02-18 12:22:16"}
{"level":"debug","message":"Query: SELECT \"public\".\"student_profiles\".\"id\", \"public\".\"student_profiles\".\"fullName\", \"public\".\"student_profiles\".\"userId\" FROM \"public\".\"student_profiles\" WHERE \"public\".\"student_profiles\".\"userId\" IN ($1,$2) OFFSET $3","service":"preplyte-api","timestamp":"2026-02-18 12:22:16"}
{"level":"debug","message":"Params: [\"cmlq4h9or004p9qehngr7b15o\",\"cmlq4h9am004n9qehxiu60hj2\",0]","service":"preplyte-api","timestamp":"2026-02-18 12:22:16"}
{"level":"debug","message":"Duration: 0ms","service":"preplyte-api","timestamp":"2026-02-18 12:22:16"}
{"level":"debug","message":"Query: SELECT \"public\".\"lms_course_comment_likes\".\"id\", \"public\".\"lms_course_comment_likes\".\"userId\", \"public\".\"lms_course_comment_likes\".\"commentId\", \"public\".\"lms_course_comment_likes\".\"createdAt\" FROM \"public\".\"lms_course_comment_likes\" WHERE (\"public\".\"lms_course_comment_likes\".\"userId\" = $1 AND \"public\".\"lms_course_comment_likes\".\"commentId\" IN ($2,$3)) OFFSET $4","service":"preplyte-api","timestamp":"2026-02-18 12:22:16"}
{"level":"debug","message":"Params: [\"cmlqa69ye0009mz559gk9ledi\",\"cmlq7ukeu000b8dv8yty4qy02\",\"cmlq7sa8z00038dv8jfaa61vc\",0]","service":"preplyte-api","timestamp":"2026-02-18 12:22:16"}
{"level":"debug","message":"Duration: 0ms","service":"preplyte-api","timestamp":"2026-02-18 12:22:16"}
{"level":"info","message":"\u001b[0mGET /api/lms/courses/python/comments \u001b[36m304\u001b[0m 58.952 ms - -\u001b[0m","service":"preplyte-api","timestamp":"2026-02-18 12:22:16"}
{"level":"debug","message":"Query: SELECT \"public\".\"lms_topic_progress\".\"id\", \"public\".\"lms_topic_progress\".\"userId\", \"public\".\"lms_topic_progress\".\"topicId\", \"public\".\"lms_topic_progress\".\"status\"::text, \"public\".\"lms_topic_progress\".\"theoryCompleted\", \"public\".\"lms_topic_progress\".\"videoWatched\", \"public\".\"lms_topic_progress\".\"videoProgress\", \"public\".\"lms_topic_progress\".\"timeSpentMinutes\", \"public\".\"lms_topic_progress\".\"startedAt\", \"public\".\"lms_topic_progress\".\"completedAt\", \"public\".\"lms_topic_progress\".\"createdAt\", \"public\".\"lms_topic_progress\".\"updatedAt\" FROM \"public\".\"lms_topic_progress\" WHERE (\"public\".\"lms_topic_progress\".\"userId\" = $1 AND \"public\".\"lms_topic_progress\".\"topicId\" IN ($2)) OFFSET $3","service":"preplyte-api","timestamp":"2026-02-18 12:22:16"}
{"level":"debug","message":"Params: [\"cmlqa69ye0009mz559gk9ledi\",\"cmlq4o74z000eail9n55rp3yl\",0]","service":"preplyte-api","timestamp":"2026-02-18 12:22:16"}
{"level":"debug","message":"Duration: 0ms","service":"preplyte-api","timestamp":"2026-02-18 12:22:16"}
{"level":"info","message":"\u001b[0mGET /api/lms/courses/python \u001b[32m200\u001b[0m 62.292 ms - -\u001b[0m","service":"preplyte-api","timestamp":"2026-02-18 12:22:16"}
{"level":"debug","message":"Query: SELECT \"public\".\"users\".\"id\", \"public\".\"users\".\"email\", \"public\".\"users\".\"role\"::text, \"public\".\"users\".\"instituteId\", \"public\".\"users\".\"isActive\", \"public\".\"users\".\"tokenVersion\" FROM \"public\".\"users\" WHERE (\"public\".\"users\".\"id\" = $1 AND 1=1) LIMIT $2 OFFSET $3","service":"preplyte-api","timestamp":"2026-02-18 12:22:39"}
{"level":"debug","message":"Params: [\"cmlqa69ye0009mz559gk9ledi\",1,0]","service":"preplyte-api","timestamp":"2026-02-18 12:22:39"}
{"level":"debug","message":"Duration: 9ms","service":"preplyte-api","timestamp":"2026-02-18 12:22:39"}
{"level":"info","message":"\u001b[0mGET /api/leaderboard/config \u001b[36m304\u001b[0m 82.663 ms - -\u001b[0m","service":"preplyte-api","timestamp":"2026-02-18 12:22:39"}
{"level":"debug","message":"Query: SELECT \"public\".\"users\".\"id\", \"public\".\"users\".\"email\", \"public\".\"users\".\"role\"::text, \"public\".\"users\".\"instituteId\", \"public\".\"users\".\"isActive\", \"public\".\"users\".\"tokenVersion\" FROM \"public\".\"users\" WHERE (\"public\".\"users\".\"id\" = $1 AND 1=1) LIMIT $2 OFFSET $3","service":"preplyte-api","timestamp":"2026-02-18 12:22:39"}
{"level":"debug","message":"Params: [\"cmlqa69ye0009mz559gk9ledi\",1,0]","service":"preplyte-api","timestamp":"2026-02-18 12:22:39"}
{"level":"debug","message":"Duration: 9ms","service":"preplyte-api","timestamp":"2026-02-18 12:22:39"}
{"category":"overall","level":"info","limit":20,"message":"[LeaderboardService] Fetching leaderboard","page":1,"scope":"global","service":"preplyte-api","timestamp":"2026-02-18 12:22:39","userId":"cmlqa69ye0009mz559gk9ledi"}
{"level":"debug","message":"Query: SELECT \"public\".\"users\".\"id\", \"public\".\"users\".\"email\", \"public\".\"users\".\"role\"::text, \"public\".\"users\".\"instituteId\", \"public\".\"users\".\"isActive\", \"public\".\"users\".\"tokenVersion\" FROM \"public\".\"users\" WHERE (\"public\".\"users\".\"id\" = $1 AND 1=1) LIMIT $2 OFFSET $3","service":"preplyte-api","timestamp":"2026-02-18 12:22:39"}
{"level":"debug","message":"Params: [\"cmlqa69ye0009mz559gk9ledi\",1,0]","service":"preplyte-api","timestamp":"2026-02-18 12:22:39"}
{"level":"debug","message":"Duration: 7ms","service":"preplyte-api","timestamp":"2026-02-18 12:22:39"}
{"level":"debug","message":"Query: SELECT SUM(\"public\".\"aptitude_practice_sessions\".\"totalCorrect\"), \"public\".\"aptitude_practice_sessions\".\"userId\" FROM \"public\".\"aptitude_practice_sessions\" WHERE \"public\".\"aptitude_practice_sessions\".\"completedAt\" IS NOT NULL GROUP BY \"public\".\"aptitude_practice_sessions\".\"userId\" OFFSET $1","service":"preplyte-api","timestamp":"2026-02-18 12:22:39"}
{"level":"debug","message":"Params: [0]","service":"preplyte-api","timestamp":"2026-02-18 12:22:39"}
{"level":"debug","message":"Duration: 9ms","service":"preplyte-api","timestamp":"2026-02-18 12:22:39"}
{"level":"debug","message":"Query: SELECT SUM(\"public\".\"machine_practice_sessions\".\"totalSolved\"), \"public\".\"machine_practice_sessions\".\"userId\" FROM \"public\".\"machine_practice_sessions\" WHERE \"public\".\"machine_practice_sessions\".\"completedAt\" IS NOT NULL GROUP BY \"public\".\"machine_practice_sessions\".\"userId\" OFFSET $1","service":"preplyte-api","timestamp":"2026-02-18 12:22:39"}
{"level":"debug","message":"Params: [0]","service":"preplyte-api","timestamp":"2026-02-18 12:22:39"}
{"level":"debug","message":"Duration: 9ms","service":"preplyte-api","timestamp":"2026-02-18 12:22:39"}
{"level":"debug","message":"Query: SELECT SUM(\"public\".\"lms_enrollments\".\"totalPointsEarned\"), \"public\".\"lms_enrollments\".\"userId\" FROM \"public\".\"lms_enrollments\" WHERE 1=1 GROUP BY \"public\".\"lms_enrollments\".\"userId\" OFFSET $1","service":"preplyte-api","timestamp":"2026-02-18 12:22:39"}
{"level":"debug","message":"Params: [0]","service":"preplyte-api","timestamp":"2026-02-18 12:22:39"}
{"level":"debug","message":"Duration: 14ms","service":"preplyte-api","timestamp":"2026-02-18 12:22:39"}
{"level":"debug","message":"Query: SELECT \"public\".\"users\".\"id\", \"public\".\"users\".\"name\", \"public\".\"users\".\"profilePictureUrl\", \"public\".\"users\".\"instituteId\" FROM \"public\".\"users\" WHERE \"public\".\"users\".\"id\" IN ($1,$2) OFFSET $3","service":"preplyte-api","timestamp":"2026-02-18 12:22:39"}
{"level":"debug","message":"Params: [\"cmlq4h9or004p9qehngr7b15o\",\"cmlqa69ye0009mz559gk9ledi\",0]","service":"preplyte-api","timestamp":"2026-02-18 12:22:39"}
{"level":"debug","message":"Duration: 1ms","service":"preplyte-api","timestamp":"2026-02-18 12:22:39"}
{"level":"debug","message":"Query: SELECT \"public\".\"student_profiles\".\"id\", \"public\".\"student_profiles\".\"fullName\", \"public\".\"student_profiles\".\"departmentId\", \"public\".\"student_profiles\".\"userId\" FROM \"public\".\"student_profiles\" WHERE \"public\".\"student_profiles\".\"userId\" IN ($1,$2) OFFSET $3","service":"preplyte-api","timestamp":"2026-02-18 12:22:39"}
{"level":"debug","message":"Params: [\"cmlqa69ye0009mz559gk9ledi\",\"cmlq4h9or004p9qehngr7b15o\",0]","service":"preplyte-api","timestamp":"2026-02-18 12:22:39"}
{"level":"debug","message":"Duration: 12ms","service":"preplyte-api","timestamp":"2026-02-18 12:22:39"}
{"level":"debug","message":"Query: SELECT \"public\".\"departments\".\"id\", \"public\".\"departments\".\"name\" FROM \"public\".\"departments\" WHERE \"public\".\"departments\".\"id\" IN ($1) OFFSET $2","service":"preplyte-api","timestamp":"2026-02-18 12:22:39"}
{"level":"debug","message":"Params: [\"cmlq8n2sa0001s9ls3j4u6ytv\",0]","service":"preplyte-api","timestamp":"2026-02-18 12:22:39"}
{"level":"debug","message":"Duration: 6ms","service":"preplyte-api","timestamp":"2026-02-18 12:22:39"}
{"level":"debug","message":"Query: SELECT \"public\".\"institutes\".\"id\", \"public\".\"institutes\".\"name\" FROM \"public\".\"institutes\" WHERE \"public\".\"institutes\".\"id\" IN ($1) OFFSET $2","service":"preplyte-api","timestamp":"2026-02-18 12:22:39"}
{"level":"debug","message":"Params: [\"c1d2e3f4g5h6i7j8k9l0\",0]","service":"preplyte-api","timestamp":"2026-02-18 12:22:39"}
{"level":"debug","message":"Duration: 5ms","service":"preplyte-api","timestamp":"2026-02-18 12:22:39"}
{"level":"debug","message":"Query: SELECT SUM(\"public\".\"ai_interview_feedbacks\".\"overallScore\"), \"public\".\"ai_interview_feedbacks\".\"userId\" FROM \"public\".\"ai_interview_feedbacks\" WHERE 1=1 GROUP BY \"public\".\"ai_interview_feedbacks\".\"userId\" OFFSET $1","service":"preplyte-api","timestamp":"2026-02-18 12:22:39"}
{"level":"debug","message":"Params: [0]","service":"preplyte-api","timestamp":"2026-02-18 12:22:39"}
{"level":"debug","message":"Duration: 7ms","service":"preplyte-api","timestamp":"2026-02-18 12:22:39"}
{"level":"debug","message":"Query: SELECT SUM(\"totalCorrect\") FROM (SELECT \"public\".\"aptitude_practice_sessions\".\"totalCorrect\" FROM \"public\".\"aptitude_practice_sessions\" WHERE (\"public\".\"aptitude_practice_sessions\".\"userId\" = $1 AND \"public\".\"aptitude_practice_sessions\".\"completedAt\" IS NOT NULL) OFFSET $2) AS \"sub\"","service":"preplyte-api","timestamp":"2026-02-18 12:22:39"}
{"level":"debug","message":"Params: [\"cmlqa69ye0009mz559gk9ledi\",0]","service":"preplyte-api","timestamp":"2026-02-18 12:22:39"}
{"level":"debug","message":"Duration: 4ms","service":"preplyte-api","timestamp":"2026-02-18 12:22:39"}
{"level":"debug","message":"Query: SELECT SUM(\"public\".\"mock_drive_attempts\".\"totalScore\"), \"public\".\"mock_drive_attempts\".\"userId\" FROM \"public\".\"mock_drive_attempts\" WHERE \"public\".\"mock_drive_attempts\".\"status\" IN (CAST($1::text AS \"public\".\"MockDriveAttemptStatus\"),CAST($2::text AS \"public\".\"MockDriveAttemptStatus\")) GROUP BY \"public\".\"mock_drive_attempts\".\"userId\" OFFSET $3","service":"preplyte-api","timestamp":"2026-02-18 12:22:39"}
{"level":"debug","message":"Params: [\"COMPLETED\",\"TIMED_OUT\",0]","service":"preplyte-api","timestamp":"2026-02-18 12:22:39"}
{"level":"debug","message":"Duration: 11ms","service":"preplyte-api","timestamp":"2026-02-18 12:22:39"}
{"level":"debug","message":"Query: SELECT SUM(\"overallScore\") FROM (SELECT \"public\".\"ai_interview_feedbacks\".\"overallScore\" FROM \"public\".\"ai_interview_feedbacks\" WHERE \"public\".\"ai_interview_feedbacks\".\"userId\" = $1 OFFSET $2) AS \"sub\"","service":"preplyte-api","timestamp":"2026-02-18 12:22:39"}
{"level":"debug","message":"Params: [\"cmlqa69ye0009mz559gk9ledi\",0]","service":"preplyte-api","timestamp":"2026-02-18 12:22:39"}
{"level":"debug","message":"Duration: 3ms","service":"preplyte-api","timestamp":"2026-02-18 12:22:39"}
{"level":"debug","message":"Query: SELECT SUM(\"overallScore\") FROM (SELECT \"public\".\"ai_interview_feedbacks\".\"overallScore\" FROM \"public\".\"ai_interview_feedbacks\" WHERE \"public\".\"ai_interview_feedbacks\".\"userId\" = $1 OFFSET $2) AS \"sub\"","service":"preplyte-api","timestamp":"2026-02-18 12:22:39"}
{"level":"debug","message":"Params: [\"cmlqa69ye0009mz559gk9ledi\",0]","service":"preplyte-api","timestamp":"2026-02-18 12:22:39"}
{"level":"debug","message":"Duration: 0ms","service":"preplyte-api","timestamp":"2026-02-18 12:22:39"}
{"level":"debug","message":"Query: SELECT SUM(\"totalPointsEarned\") FROM (SELECT \"public\".\"lms_enrollments\".\"totalPointsEarned\" FROM \"public\".\"lms_enrollments\" WHERE \"public\".\"lms_enrollments\".\"userId\" = $1 OFFSET $2) AS \"sub\"","service":"preplyte-api","timestamp":"2026-02-18 12:22:39"}
{"level":"debug","message":"Params: [\"cmlqa69ye0009mz559gk9ledi\",0]","service":"preplyte-api","timestamp":"2026-02-18 12:22:39"}
{"level":"debug","message":"Duration: 0ms","service":"preplyte-api","timestamp":"2026-02-18 12:22:39"}
{"level":"debug","message":"Query: SELECT SUM(\"totalSolved\") FROM (SELECT \"public\".\"machine_practice_sessions\".\"totalSolved\" FROM \"public\".\"machine_practice_sessions\" WHERE (\"public\".\"machine_practice_sessions\".\"userId\" = $1 AND \"public\".\"machine_practice_sessions\".\"completedAt\" IS NOT NULL) OFFSET $2) AS \"sub\"","service":"preplyte-api","timestamp":"2026-02-18 12:22:39"}
{"level":"debug","message":"Params: [\"cmlqa69ye0009mz559gk9ledi\",0]","service":"preplyte-api","timestamp":"2026-02-18 12:22:39"}
{"level":"debug","message":"Duration: 2ms","service":"preplyte-api","timestamp":"2026-02-18 12:22:39"}
{"level":"debug","message":"Query: SELECT SUM(\"totalCorrect\") FROM (SELECT \"public\".\"aptitude_practice_sessions\".\"totalCorrect\" FROM \"public\".\"aptitude_practice_sessions\" WHERE (\"public\".\"aptitude_practice_sessions\".\"userId\" = $1 AND \"public\".\"aptitude_practice_sessions\".\"completedAt\" IS NOT NULL) OFFSET $2) AS \"sub\"","service":"preplyte-api","timestamp":"2026-02-18 12:22:39"}
{"level":"debug","message":"Params: [\"cmlqa69ye0009mz559gk9ledi\",0]","service":"preplyte-api","timestamp":"2026-02-18 12:22:39"}
{"level":"debug","message":"Duration: 3ms","service":"preplyte-api","timestamp":"2026-02-18 12:22:39"}
{"level":"debug","message":"Query: SELECT SUM(\"totalScore\") FROM (SELECT \"public\".\"mock_drive_attempts\".\"totalScore\" FROM \"public\".\"mock_drive_attempts\" WHERE (\"public\".\"mock_drive_attempts\".\"userId\" = $1 AND \"public\".\"mock_drive_attempts\".\"status\" IN (CAST($2::text AS \"public\".\"MockDriveAttemptStatus\"),CAST($3::text AS \"public\".\"MockDriveAttemptStatus\"))) OFFSET $4) AS \"sub\"","service":"preplyte-api","timestamp":"2026-02-18 12:22:39"}
{"level":"debug","message":"Params: [\"cmlqa69ye0009mz559gk9ledi\",\"COMPLETED\",\"TIMED_OUT\",0]","service":"preplyte-api","timestamp":"2026-02-18 12:22:39"}
{"level":"debug","message":"Duration: 5ms","service":"preplyte-api","timestamp":"2026-02-18 12:22:39"}
{"level":"debug","message":"Query: SELECT SUM(\"totalScore\") FROM (SELECT \"public\".\"mock_drive_attempts\".\"totalScore\" FROM \"public\".\"mock_drive_attempts\" WHERE (\"public\".\"mock_drive_attempts\".\"userId\" = $1 AND \"public\".\"mock_drive_attempts\".\"status\" IN (CAST($2::text AS \"public\".\"MockDriveAttemptStatus\"),CAST($3::text AS \"public\".\"MockDriveAttemptStatus\"))) OFFSET $4) AS \"sub\"","service":"preplyte-api","timestamp":"2026-02-18 12:22:39"}
{"level":"debug","message":"Params: [\"cmlqa69ye0009mz559gk9ledi\",\"COMPLETED\",\"TIMED_OUT\",0]","service":"preplyte-api","timestamp":"2026-02-18 12:22:39"}
{"level":"debug","message":"Duration: 4ms","service":"preplyte-api","timestamp":"2026-02-18 12:22:39"}
{"level":"debug","message":"Query: SELECT SUM(\"totalPointsEarned\") FROM (SELECT \"public\".\"lms_enrollments\".\"totalPointsEarned\" FROM \"public\".\"lms_enrollments\" WHERE \"public\".\"lms_enrollments\".\"userId\" = $1 OFFSET $2) AS \"sub\"","service":"preplyte-api","timestamp":"2026-02-18 12:22:39"}
{"level":"debug","message":"Params: [\"cmlqa69ye0009mz559gk9ledi\",0]","service":"preplyte-api","timestamp":"2026-02-18 12:22:39"}
{"level":"debug","message":"Duration: 4ms","service":"preplyte-api","timestamp":"2026-02-18 12:22:39"}
{"level":"debug","message":"Query: SELECT SUM(\"totalSolved\") FROM (SELECT \"public\".\"machine_practice_sessions\".\"totalSolved\" FROM \"public\".\"machine_practice_sessions\" WHERE (\"public\".\"machine_practice_sessions\".\"userId\" = $1 AND \"public\".\"machine_practice_sessions\".\"completedAt\" IS NOT NULL) OFFSET $2) AS \"sub\"","service":"preplyte-api","timestamp":"2026-02-18 12:22:39"}
{"level":"debug","message":"Params: [\"cmlqa69ye0009mz559gk9ledi\",0]","service":"preplyte-api","timestamp":"2026-02-18 12:22:39"}
{"level":"debug","message":"Duration: 2ms","service":"preplyte-api","timestamp":"2026-02-18 12:22:39"}
{"level":"info","message":"\u001b[0mGET /api/leaderboard?scope=global&category=overall&page=1&limit=20 \u001b[32m200\u001b[0m 193.658 ms - 720\u001b[0m","service":"preplyte-api","timestamp":"2026-02-18 12:22:39"}
{"level":"info","message":"\u001b[0mGET /api/leaderboard/my-scores \u001b[36m304\u001b[0m 192.695 ms - -\u001b[0m","service":"preplyte-api","timestamp":"2026-02-18 12:22:39"}
{"level":"info","message":"\u001b[0mGET /api/leaderboard/config \u001b[33m401\u001b[0m 1.454 ms - 108\u001b[0m","service":"preplyte-api","timestamp":"2026-02-18 12:22:43"}
{"level":"info","message":"\u001b[0mGET /api/leaderboard?scope=global&category=overall&page=1&limit=20 \u001b[33m401\u001b[0m 1.875 ms - 108\u001b[0m","service":"preplyte-api","timestamp":"2026-02-18 12:22:43"}
{"level":"info","message":"\u001b[0mGET /api/leaderboard/my-scores \u001b[33m401\u001b[0m 3.048 ms - 108\u001b[0m","service":"preplyte-api","timestamp":"2026-02-18 12:22:43"}
{"level":"debug","message":"Query: SELECT \"public\".\"refresh_tokens\".\"id\", \"public\".\"refresh_tokens\".\"token\", \"public\".\"refresh_tokens\".\"userId\", \"public\".\"refresh_tokens\".\"expiresAt\", \"public\".\"refresh_tokens\".\"revokedAt\", \"public\".\"refresh_tokens\".\"userAgent\", \"public\".\"refresh_tokens\".\"ipAddress\", \"public\".\"refresh_tokens\".\"createdAt\" FROM \"public\".\"refresh_tokens\" WHERE (\"public\".\"refresh_tokens\".\"token\" = $1 AND \"public\".\"refresh_tokens\".\"userId\" = $2) LIMIT $3 OFFSET $4","service":"preplyte-api","timestamp":"2026-02-18 12:22:43"}
{"level":"debug","message":"Params: [\"71909bf7833f9249d1fa495ee4c29ec344942092996bc589223248222a75efc8\",\"cmlqa69ye0009mz559gk9ledi\",1,0]","service":"preplyte-api","timestamp":"2026-02-18 12:22:43"}
{"level":"debug","message":"Duration: 8ms","service":"preplyte-api","timestamp":"2026-02-18 12:22:43"}
{"level":"warn","message":"Refresh token reuse detected","revokedAt":"2026-02-18T06:51:50.644Z","service":"preplyte-api","timestamp":"2026-02-18 12:22:43","tokenId":"cmlrnqg7b0003z1aiiwsplbeu","userId":"cmlqa69ye0009mz559gk9ledi"}
{"level":"debug","message":"Query: BEGIN","service":"preplyte-api","timestamp":"2026-02-18 12:22:43"}
{"level":"debug","message":"Params: []","service":"preplyte-api","timestamp":"2026-02-18 12:22:43"}
{"level":"debug","message":"Duration: 0ms","service":"preplyte-api","timestamp":"2026-02-18 12:22:43"}
{"level":"debug","message":"Query: UPDATE \"public\".\"refresh_tokens\" SET \"revokedAt\" = $1 WHERE (\"public\".\"refresh_tokens\".\"userId\" = $2 AND \"public\".\"refresh_tokens\".\"revokedAt\" IS NULL)","service":"preplyte-api","timestamp":"2026-02-18 12:22:43"}
{"level":"debug","message":"Params: [\"2026-02-18 06:52:43.297 UTC\",\"cmlqa69ye0009mz559gk9ledi\"]","service":"preplyte-api","timestamp":"2026-02-18 12:22:43"}
{"level":"debug","message":"Duration: 7ms","service":"preplyte-api","timestamp":"2026-02-18 12:22:43"}
{"level":"debug","message":"Query: COMMIT","service":"preplyte-api","timestamp":"2026-02-18 12:22:43"}
{"level":"debug","message":"Params: []","service":"preplyte-api","timestamp":"2026-02-18 12:22:43"}
{"level":"debug","message":"Duration: 1ms","service":"preplyte-api","timestamp":"2026-02-18 12:22:43"}
{"level":"debug","message":"Query: UPDATE \"public\".\"users\" SET \"tokenVersion\" = (\"public\".\"users\".\"tokenVersion\" + $1), \"updatedAt\" = $2 WHERE (\"public\".\"users\".\"id\" = $3 AND 1=1) RETURNING \"public\".\"users\".\"id\", \"public\".\"users\".\"email\", \"public\".\"users\".\"password\", \"public\".\"users\".\"name\", \"public\".\"users\".\"role\"::text, \"public\".\"users\".\"isActive\", \"public\".\"users\".\"instituteId\", \"public\".\"users\".\"profilePictureUrl\", \"public\".\"users\".\"googleId\", \"public\".\"users\".\"provider\", \"public\".\"users\".\"avatar\", \"public\".\"users\".\"createdAt\", \"public\".\"users\".\"updatedAt\", \"public\".\"users\".\"lastLoginAt\", \"public\".\"users\".\"tokenVersion\"","service":"preplyte-api","timestamp":"2026-02-18 12:22:43"}
{"level":"debug","message":"Params: [1,\"2026-02-18 06:52:43.298 UTC\",\"cmlqa69ye0009mz559gk9ledi\"]","service":"preplyte-api","timestamp":"2026-02-18 12:22:43"}
{"level":"debug","message":"Duration: 11ms","service":"preplyte-api","timestamp":"2026-02-18 12:22:43"}
{"level":"info","message":"User logged out from all devices","service":"preplyte-api","timestamp":"2026-02-18 12:22:43","userId":"cmlqa69ye0009mz559gk9ledi"}
{"code":"UNAUTHORIZED","ip":"127.0.0.1","level":"warn","message":"Operational error Token reuse detected. All sessions have been revoked for security.","method":"POST","path":"/api/auth/refresh","requestId":"mlrodfgx-9fde56bdcab16c43","service":"preplyte-api","timestamp":"2026-02-18 12:22:43","userAgent":"Mozilla/5.0 (Windows NT 10.0; Win64; x64) AppleWebKit/537.36 (KHTML, like Gecko) Chrome/145.0.0.0 Safari/537.36 Edg/145.0.0.0"}
{"level":"info","message":"\u001b[0mPOST /api/auth/refresh \u001b[33m401\u001b[0m 34.124 ms - 168\u001b[0m","service":"preplyte-api","timestamp":"2026-02-18 12:22:43"}
{"level":"info","message":"\u001b[0mGET /api/leaderboard?scope=global&category=overall&page=1&limit=20 \u001b[33m401\u001b[0m 0.629 ms - 85\u001b[0m","service":"preplyte-api","timestamp":"2026-02-18 12:22:44"}
{"level":"info","message":"\u001b[0mGET /api/leaderboard/my-scores \u001b[33m401\u001b[0m 0.607 ms - 85\u001b[0m","service":"preplyte-api","timestamp":"2026-02-18 12:22:44"}
{"level":"info","message":"\u001b[0mGET /api/leaderboard/config \u001b[33m401\u001b[0m 0.804 ms - 85\u001b[0m","service":"preplyte-api","timestamp":"2026-02-18 12:22:44"}
{"level":"debug","message":"Query: SELECT 1","service":"preplyte-api","timestamp":"2026-02-18 12:22:57"}
{"level":"debug","message":"Params: []","service":"preplyte-api","timestamp":"2026-02-18 12:22:57"}
{"level":"debug","message":"Duration: 0ms","service":"preplyte-api","timestamp":"2026-02-18 12:22:57"}
{"level":"debug","message":"Query: SELECT \"public\".\"users\".\"id\", \"public\".\"users\".\"email\", \"public\".\"users\".\"password\", \"public\".\"users\".\"name\", \"public\".\"users\".\"role\"::text, \"public\".\"users\".\"isActive\", \"public\".\"users\".\"instituteId\", \"public\".\"users\".\"profilePictureUrl\", \"public\".\"users\".\"googleId\", \"public\".\"users\".\"provider\", \"public\".\"users\".\"avatar\", \"public\".\"users\".\"createdAt\", \"public\".\"users\".\"updatedAt\", \"public\".\"users\".\"lastLoginAt\", \"public\".\"users\".\"tokenVersion\" FROM \"public\".\"users\" WHERE (\"public\".\"users\".\"email\" = $1 AND 1=1) LIMIT $2 OFFSET $3","service":"preplyte-api","timestamp":"2026-02-18 12:22:57"}
{"level":"debug","message":"Params: [\"vicharekartik2004@gmail.com\",1,0]","service":"preplyte-api","timestamp":"2026-02-18 12:22:57"}
{"level":"debug","message":"Duration: 0ms","service":"preplyte-api","timestamp":"2026-02-18 12:22:57"}
{"level":"debug","message":"Query: SELECT 1","service":"preplyte-api","timestamp":"2026-02-18 12:22:57"}
{"level":"debug","message":"Params: []","service":"preplyte-api","timestamp":"2026-02-18 12:22:57"}
{"level":"debug","message":"Duration: 0ms","service":"preplyte-api","timestamp":"2026-02-18 12:22:57"}
{"level":"debug","message":"Query: INSERT INTO \"public\".\"refresh_tokens\" (\"id\",\"token\",\"userId\",\"expiresAt\",\"createdAt\") VALUES ($1,$2,$3,$4,$5) RETURNING \"public\".\"refresh_tokens\".\"id\", \"public\".\"refresh_tokens\".\"token\", \"public\".\"refresh_tokens\".\"userId\", \"public\".\"refresh_tokens\".\"expiresAt\", \"public\".\"refresh_tokens\".\"revokedAt\", \"public\".\"refresh_tokens\".\"userAgent\", \"public\".\"refresh_tokens\".\"ipAddress\", \"public\".\"refresh_tokens\".\"createdAt\"","service":"preplyte-api","timestamp":"2026-02-18 12:22:57"}
{"level":"debug","message":"Params: [\"cmlrodqnu000hz1aihkwm424u\",\"058f56073e1bb5a28914603c8340ef69bc760d095e231d7cd8ddc5d65fd53229\",\"cmlqa69ye0009mz559gk9ledi\",\"2026-02-25 06:52:57.784 UTC\",\"2026-02-18 06:52:57.786 UTC\"]","service":"preplyte-api","timestamp":"2026-02-18 12:22:57"}
{"level":"debug","message":"Duration: 5ms","service":"preplyte-api","timestamp":"2026-02-18 12:22:57"}
{"level":"debug","message":"Query: UPDATE \"public\".\"users\" SET \"lastLoginAt\" = $1, \"updatedAt\" = $2 WHERE (\"public\".\"users\".\"id\" = $3 AND 1=1) RETURNING \"public\".\"users\".\"id\", \"public\".\"users\".\"email\", \"public\".\"users\".\"password\", \"public\".\"users\".\"name\", \"public\".\"users\".\"role\"::text, \"public\".\"users\".\"isActive\", \"public\".\"users\".\"instituteId\", \"public\".\"users\".\"profilePictureUrl\", \"public\".\"users\".\"googleId\", \"public\".\"users\".\"provider\", \"public\".\"users\".\"avatar\", \"public\".\"users\".\"createdAt\", \"public\".\"users\".\"updatedAt\", \"public\".\"users\".\"lastLoginAt\", \"public\".\"users\".\"tokenVersion\"","service":"preplyte-api","timestamp":"2026-02-18 12:22:57"}
{"level":"debug","message":"Params: [\"2026-02-18 06:52:57.785 UTC\",\"2026-02-18 06:52:57.787 UTC\",\"cmlqa69ye0009mz559gk9ledi\"]","service":"preplyte-api","timestamp":"2026-02-18 12:22:57"}
{"level":"debug","message":"Duration: 7ms","service":"preplyte-api","timestamp":"2026-02-18 12:22:57"}
{"level":"info","message":"User logged in","service":"preplyte-api","timestamp":"2026-02-18 12:22:57","userId":"cmlqa69ye0009mz559gk9ledi"}
{"level":"info","message":"\u001b[0mPOST /api/auth/login \u001b[32m200\u001b[0m 571.670 ms - 994\u001b[0m","service":"preplyte-api","timestamp":"2026-02-18 12:22:57"}
{"level":"debug","message":"Query: SELECT \"public\".\"users\".\"id\", \"public\".\"users\".\"email\", \"public\".\"users\".\"role\"::text, \"public\".\"users\".\"instituteId\", \"public\".\"users\".\"isActive\", \"public\".\"users\".\"tokenVersion\" FROM \"public\".\"users\" WHERE (\"public\".\"users\".\"id\" = $1 AND 1=1) LIMIT $2 OFFSET $3","service":"preplyte-api","timestamp":"2026-02-18 12:23:02"}
{"level":"debug","message":"Params: [\"cmlqa69ye0009mz559gk9ledi\",1,0]","service":"preplyte-api","timestamp":"2026-02-18 12:23:02"}
{"level":"debug","message":"Duration: 2ms","service":"preplyte-api","timestamp":"2026-02-18 12:23:02"}
{"level":"debug","message":"[DashboardService] Fetching student dashboard","service":"preplyte-api","timestamp":"2026-02-18 12:23:02","userId":"cmlqa69ye0009mz559gk9ledi"}
{"level":"debug","message":"Query: SELECT 1","service":"preplyte-api","timestamp":"2026-02-18 12:23:02"}
{"level":"debug","message":"Params: []","service":"preplyte-api","timestamp":"2026-02-18 12:23:02"}
{"level":"debug","message":"Duration: 0ms","service":"preplyte-api","timestamp":"2026-02-18 12:23:02"}
{"level":"debug","message":"Query: SELECT 1","service":"preplyte-api","timestamp":"2026-02-18 12:23:02"}
{"level":"debug","message":"Params: []","service":"preplyte-api","timestamp":"2026-02-18 12:23:02"}
{"level":"debug","message":"Duration: 0ms","service":"preplyte-api","timestamp":"2026-02-18 12:23:02"}
{"level":"debug","message":"Query: SELECT 1","service":"preplyte-api","timestamp":"2026-02-18 12:23:02"}
{"level":"debug","message":"Params: []","service":"preplyte-api","timestamp":"2026-02-18 12:23:02"}
{"level":"debug","message":"Duration: 0ms","service":"preplyte-api","timestamp":"2026-02-18 12:23:02"}
{"level":"debug","message":"Query: SELECT 1","service":"preplyte-api","timestamp":"2026-02-18 12:23:02"}
{"level":"debug","message":"Params: []","service":"preplyte-api","timestamp":"2026-02-18 12:23:02"}
{"level":"debug","message":"Duration: 0ms","service":"preplyte-api","timestamp":"2026-02-18 12:23:02"}
{"level":"debug","message":"Query: SELECT 1","service":"preplyte-api","timestamp":"2026-02-18 12:23:02"}
{"level":"debug","message":"Params: []","service":"preplyte-api","timestamp":"2026-02-18 12:23:02"}
{"level":"debug","message":"Duration: 0ms","service":"preplyte-api","timestamp":"2026-02-18 12:23:02"}
{"level":"debug","message":"Query: SELECT 1","service":"preplyte-api","timestamp":"2026-02-18 12:23:02"}
{"level":"debug","message":"Params: []","service":"preplyte-api","timestamp":"2026-02-18 12:23:02"}
{"level":"debug","message":"Duration: 0ms","service":"preplyte-api","timestamp":"2026-02-18 12:23:02"}
{"level":"debug","message":"Query: SELECT 1","service":"preplyte-api","timestamp":"2026-02-18 12:23:02"}
{"level":"debug","message":"Params: []","service":"preplyte-api","timestamp":"2026-02-18 12:23:02"}
{"level":"debug","message":"Duration: 0ms","service":"preplyte-api","timestamp":"2026-02-18 12:23:02"}
{"level":"debug","message":"Query: SELECT 1","service":"preplyte-api","timestamp":"2026-02-18 12:23:02"}
{"level":"debug","message":"Params: []","service":"preplyte-api","timestamp":"2026-02-18 12:23:02"}
{"level":"debug","message":"Duration: 0ms","service":"preplyte-api","timestamp":"2026-02-18 12:23:02"}
{"level":"debug","message":"Query: SELECT \"public\".\"lms_enrollments\".\"id\", \"public\".\"lms_enrollments\".\"courseId\" FROM \"public\".\"lms_enrollments\" WHERE \"public\".\"lms_enrollments\".\"userId\" = $1 OFFSET $2","service":"preplyte-api","timestamp":"2026-02-18 12:23:02"}
{"level":"debug","message":"Params: [\"cmlqa69ye0009mz559gk9ledi\",0]","service":"preplyte-api","timestamp":"2026-02-18 12:23:02"}
{"level":"debug","message":"Duration: 2ms","service":"preplyte-api","timestamp":"2026-02-18 12:23:02"}
{"level":"debug","message":"Query: SELECT \"public\".\"machine_practice_sessions\".\"id\", \"public\".\"machine_practice_sessions\".\"difficulty\"::text, \"public\".\"machine_practice_sessions\".\"totalSolved\", \"public\".\"machine_practice_sessions\".\"numberOfQuestions\", \"public\".\"machine_practice_sessions\".\"completedAt\" FROM \"public\".\"machine_practice_sessions\" WHERE (\"public\".\"machine_practice_sessions\".\"userId\" = $1 AND \"public\".\"machine_practice_sessions\".\"completedAt\" IS NOT NULL) ORDER BY \"public\".\"machine_practice_sessions\".\"completedAt\" DESC LIMIT $2 OFFSET $3","service":"preplyte-api","timestamp":"2026-02-18 12:23:02"}
{"level":"debug","message":"Params: [\"cmlqa69ye0009mz559gk9ledi\",5,0]","service":"preplyte-api","timestamp":"2026-02-18 12:23:02"}
{"level":"debug","message":"Duration: 3ms","service":"preplyte-api","timestamp":"2026-02-18 12:23:02"}
{"level":"debug","message":"Query: SELECT \"public\".\"aptitude_practice_sessions\".\"id\", \"public\".\"aptitude_practice_sessions\".\"completedAt\", \"public\".\"aptitude_practice_sessions\".\"totalScore\", \"public\".\"aptitude_practice_sessions\".\"numberOfQuestions\" FROM \"public\".\"aptitude_practice_sessions\" WHERE \"public\".\"aptitude_practice_sessions\".\"userId\" = $1 OFFSET $2","service":"preplyte-api","timestamp":"2026-02-18 12:23:02"}
{"level":"debug","message":"Params: [\"cmlqa69ye0009mz559gk9ledi\",0]","service":"preplyte-api","timestamp":"2026-02-18 12:23:02"}
{"level":"debug","message":"Duration: 8ms","service":"preplyte-api","timestamp":"2026-02-18 12:23:02"}
{"level":"debug","message":"Query: SELECT \"public\".\"machine_practice_sessions\".\"id\", \"public\".\"machine_practice_sessions\".\"completedAt\", \"public\".\"machine_practice_sessions\".\"totalSolved\", \"public\".\"machine_practice_sessions\".\"numberOfQuestions\" FROM \"public\".\"machine_practice_sessions\" WHERE \"public\".\"machine_practice_sessions\".\"userId\" = $1 OFFSET $2","service":"preplyte-api","timestamp":"2026-02-18 12:23:02"}
{"level":"debug","message":"Params: [\"cmlqa69ye0009mz559gk9ledi\",0]","service":"preplyte-api","timestamp":"2026-02-18 12:23:02"}
{"level":"debug","message":"Duration: 8ms","service":"preplyte-api","timestamp":"2026-02-18 12:23:02"}
{"level":"debug","message":"Query: SELECT \"public\".\"aptitude_practice_sessions\".\"id\", \"public\".\"aptitude_practice_sessions\".\"difficulty\"::text, \"public\".\"aptitude_practice_sessions\".\"totalScore\", \"public\".\"aptitude_practice_sessions\".\"numberOfQuestions\", \"public\".\"aptitude_practice_sessions\".\"completedAt\", \"public\".\"aptitude_practice_sessions\".\"questionTypes\"::text[] FROM \"public\".\"aptitude_practice_sessions\" WHERE (\"public\".\"aptitude_practice_sessions\".\"userId\" = $1 AND \"public\".\"aptitude_practice_sessions\".\"completedAt\" IS NOT NULL) ORDER BY \"public\".\"aptitude_practice_sessions\".\"completedAt\" DESC LIMIT $2 OFFSET $3","service":"preplyte-api","timestamp":"2026-02-18 12:23:02"}
{"level":"debug","message":"Params: [\"cmlqa69ye0009mz559gk9ledi\",5,0]","service":"preplyte-api","timestamp":"2026-02-18 12:23:02"}
{"level":"debug","message":"Duration: 7ms","service":"preplyte-api","timestamp":"2026-02-18 12:23:02"}
{"level":"debug","message":"Query: SELECT \"public\".\"ai_interview_sessions\".\"id\", \"public\".\"ai_interview_sessions\".\"status\"::text FROM \"public\".\"ai_interview_sessions\" WHERE \"public\".\"ai_interview_sessions\".\"userId\" = $1 OFFSET $2","service":"preplyte-api","timestamp":"2026-02-18 12:23:02"}
{"level":"debug","message":"Params: [\"cmlqa69ye0009mz559gk9ledi\",0]","service":"preplyte-api","timestamp":"2026-02-18 12:23:02"}
{"level":"debug","message":"Duration: 6ms","service":"preplyte-api","timestamp":"2026-02-18 12:23:02"}
{"level":"debug","message":"Query: SELECT \"public\".\"ai_interview_sessions\".\"id\", \"public\".\"ai_interview_sessions\".\"difficulty\"::text, \"public\".\"ai_interview_sessions\".\"jobTitle\", \"public\".\"ai_interview_sessions\".\"completedAt\" FROM \"public\".\"ai_interview_sessions\" WHERE (\"public\".\"ai_interview_sessions\".\"userId\" = $1 AND \"public\".\"ai_interview_sessions\".\"status\" = CAST($2::text AS \"public\".\"AiInterviewSessionStatus\")) ORDER BY \"public\".\"ai_interview_sessions\".\"completedAt\" DESC LIMIT $3 OFFSET $4","service":"preplyte-api","timestamp":"2026-02-18 12:23:02"}
{"level":"debug","message":"Params: [\"cmlqa69ye0009mz559gk9ledi\",\"COMPLETED\",5,0]","service":"preplyte-api","timestamp":"2026-02-18 12:23:02"}
{"level":"debug","message":"Duration: 8ms","service":"preplyte-api","timestamp":"2026-02-18 12:23:02"}
{"level":"debug","message":"Query: SELECT \"public\".\"lms_enrollments\".\"id\", \"public\".\"lms_enrollments\".\"userId\", \"public\".\"lms_enrollments\".\"courseId\", \"public\".\"lms_enrollments\".\"status\"::text, \"public\".\"lms_enrollments\".\"completedModules\", \"public\".\"lms_enrollments\".\"completedTopics\", \"public\".\"lms_enrollments\".\"progressPercent\", \"public\".\"lms_enrollments\".\"totalPointsEarned\", \"public\".\"lms_enrollments\".\"moduleTestPointsEarned\", \"public\".\"lms_enrollments\".\"finalTestPointsEarned\", \"public\".\"lms_enrollments\".\"finalTestAttempted\", \"public\".\"lms_enrollments\".\"finalTestPassed\", \"public\".\"lms_enrollments\".\"finalTestScore\", \"public\".\"lms_enrollments\".\"finalTestMarks\", \"public\".\"lms_enrollments\".\"enrolledAt\", \"public\".\"lms_enrollments\".\"startedAt\", \"public\".\"lms_enrollments\".\"completedAt\", \"public\".\"lms_enrollments\".\"lastAccessedAt\", \"public\".\"lms_enrollments\".\"certificateUrl\", \"public\".\"lms_enrollments\".\"certificateIssuedAt\", \"public\".\"lms_enrollments\".\"createdAt\", \"public\".\"lms_enrollments\".\"updatedAt\" FROM \"public\".\"lms_enrollments\" WHERE \"public\".\"lms_enrollments\".\"userId\" = $1 OFFSET $2","service":"preplyte-api","timestamp":"2026-02-18 12:23:02"}
{"level":"debug","message":"Params: [\"cmlqa69ye0009mz559gk9ledi\",0]","service":"preplyte-api","timestamp":"2026-02-18 12:23:02"}
{"level":"debug","message":"Duration: 8ms","service":"preplyte-api","timestamp":"2026-02-18 12:23:02"}
{"level":"debug","message":"Query: SELECT \"public\".\"lms_enrollments\".\"id\", \"public\".\"lms_enrollments\".\"userId\", \"public\".\"lms_enrollments\".\"courseId\", \"public\".\"lms_enrollments\".\"status\"::text, \"public\".\"lms_enrollments\".\"completedModules\", \"public\".\"lms_enrollments\".\"completedTopics\", \"public\".\"lms_enrollments\".\"progressPercent\", \"public\".\"lms_enrollments\".\"totalPointsEarned\", \"public\".\"lms_enrollments\".\"moduleTestPointsEarned\", \"public\".\"lms_enrollments\".\"finalTestPointsEarned\", \"public\".\"lms_enrollments\".\"finalTestAttempted\", \"public\".\"lms_enrollments\".\"finalTestPassed\", \"public\".\"lms_enrollments\".\"finalTestScore\", \"public\".\"lms_enrollments\".\"finalTestMarks\", \"public\".\"lms_enrollments\".\"enrolledAt\", \"public\".\"lms_enrollments\".\"startedAt\", \"public\".\"lms_enrollments\".\"completedAt\", \"public\".\"lms_enrollments\".\"lastAccessedAt\", \"public\".\"lms_enrollments\".\"certificateUrl\", \"public\".\"lms_enrollments\".\"certificateIssuedAt\", \"public\".\"lms_enrollments\".\"createdAt\", \"public\".\"lms_enrollments\".\"updatedAt\" FROM \"public\".\"lms_enrollments\" WHERE (\"public\".\"lms_enrollments\".\"userId\" = $1 AND \"public\".\"lms_enrollments\".\"enrolledAt\" >= $2) ORDER BY \"public\".\"lms_enrollments\".\"enrolledAt\" DESC LIMIT $3 OFFSET $4","service":"preplyte-api","timestamp":"2026-02-18 12:23:02"}
{"level":"debug","message":"Params: [\"cmlqa69ye0009mz559gk9ledi\",\"2026-01-18 18:30:00 UTC\",5,0]","service":"preplyte-api","timestamp":"2026-02-18 12:23:02"}
{"level":"debug","message":"Duration: 10ms","service":"preplyte-api","timestamp":"2026-02-18 12:23:02"}
{"level":"debug","message":"Query: SELECT \"public\".\"lms_enrollments\".\"id\", \"public\".\"lms_enrollments\".\"userId\", \"public\".\"lms_enrollments\".\"courseId\", \"public\".\"lms_enrollments\".\"status\"::text, \"public\".\"lms_enrollments\".\"completedModules\", \"public\".\"lms_enrollments\".\"completedTopics\", \"public\".\"lms_enrollments\".\"progressPercent\", \"public\".\"lms_enrollments\".\"totalPointsEarned\", \"public\".\"lms_enrollments\".\"moduleTestPointsEarned\", \"public\".\"lms_enrollments\".\"finalTestPointsEarned\", \"public\".\"lms_enrollments\".\"finalTestAttempted\", \"public\".\"lms_enrollments\".\"finalTestPassed\", \"public\".\"lms_enrollments\".\"finalTestScore\", \"public\".\"lms_enrollments\".\"finalTestMarks\", \"public\".\"lms_enrollments\".\"enrolledAt\", \"public\".\"lms_enrollments\".\"startedAt\", \"public\".\"lms_enrollments\".\"completedAt\", \"public\".\"lms_enrollments\".\"lastAccessedAt\", \"public\".\"lms_enrollments\".\"certificateUrl\", \"public\".\"lms_enrollments\".\"certificateIssuedAt\", \"public\".\"lms_enrollments\".\"createdAt\", \"public\".\"lms_enrollments\".\"updatedAt\" FROM \"public\".\"lms_enrollments\" WHERE \"public\".\"lms_enrollments\".\"userId\" = $1 ORDER BY \"public\".\"lms_enrollments\".\"lastAccessedAt\" DESC OFFSET $2","service":"preplyte-api","timestamp":"2026-02-18 12:23:02"}
{"level":"debug","message":"Params: [\"cmlqa69ye0009mz559gk9ledi\",0]","service":"preplyte-api","timestamp":"2026-02-18 12:23:02"}
{"level":"debug","message":"Duration: 10ms","service":"preplyte-api","timestamp":"2026-02-18 12:23:02"}
{"level":"debug","message":"Query: SELECT \"public\".\"lms_courses\".\"id\", \"public\".\"lms_courses\".\"totalHours\", \"public\".\"lms_courses\".\"totalPoints\" FROM \"public\".\"lms_courses\" WHERE \"public\".\"lms_courses\".\"id\" IN ($1) OFFSET $2","service":"preplyte-api","timestamp":"2026-02-18 12:23:02"}
{"level":"debug","message":"Params: [\"cmlq4mwy70005ail9oqvo554e\",0]","service":"preplyte-api","timestamp":"2026-02-18 12:23:02"}
{"level":"debug","message":"Duration: 14ms","service":"preplyte-api","timestamp":"2026-02-18 12:23:02"}
{"level":"debug","message":"Query: SELECT \"public\".\"lms_courses\".\"id\", \"public\".\"lms_courses\".\"title\", \"public\".\"lms_courses\".\"slug\" FROM \"public\".\"lms_courses\" WHERE \"public\".\"lms_courses\".\"id\" IN ($1) OFFSET $2","service":"preplyte-api","timestamp":"2026-02-18 12:23:02"}
{"level":"debug","message":"Params: [\"cmlq4mwy70005ail9oqvo554e\",0]","service":"preplyte-api","timestamp":"2026-02-18 12:23:02"}
{"level":"debug","message":"Duration: 15ms","service":"preplyte-api","timestamp":"2026-02-18 12:23:02"}
{"level":"debug","message":"Query: SELECT \"public\".\"lms_courses\".\"id\", \"public\".\"lms_courses\".\"categoryId\", \"public\".\"lms_courses\".\"title\", \"public\".\"lms_courses\".\"slug\", \"public\".\"lms_courses\".\"shortDescription\", \"public\".\"lms_courses\".\"description\", \"public\".\"lms_courses\".\"thumbnailUrl\", \"public\".\"lms_courses\".\"previewVideoUrl\", \"public\".\"lms_courses\".\"totalModules\", \"public\".\"lms_courses\".\"totalTopics\", \"public\".\"lms_courses\".\"totalPoints\", \"public\".\"lms_courses\".\"totalHours\", \"public\".\"lms_courses\".\"price\", \"public\".\"lms_courses\".\"discountPrice\", \"public\".\"lms_courses\".\"currency\", \"public\".\"lms_courses\".\"status\"::text, \"public\".\"lms_courses\".\"isActive\", \"public\".\"lms_courses\".\"certificateEnabled\", \"public\".\"lms_courses\".\"passingPercentage\", \"public\".\"lms_courses\".\"tags\", \"public\".\"lms_courses\".\"difficulty\"::text, \"public\".\"lms_courses\".\"instructor\", \"public\".\"lms_courses\".\"language\", \"public\".\"lms_courses\".\"averageRating\", \"public\".\"lms_courses\".\"ratingsCount\", \"public\".\"lms_courses\".\"createdAt\", \"public\".\"lms_courses\".\"updatedAt\", \"public\".\"lms_courses\".\"publishedAt\" FROM \"public\".\"lms_courses\" WHERE \"public\".\"lms_courses\".\"id\" IN ($1) OFFSET $2","service":"preplyte-api","timestamp":"2026-02-18 12:23:02"}
{"level":"debug","message":"Params: [\"cmlq4mwy70005ail9oqvo554e\",0]","service":"preplyte-api","timestamp":"2026-02-18 12:23:02"}
{"level":"debug","message":"Duration: 15ms","service":"preplyte-api","timestamp":"2026-02-18 12:23:02"}
{"level":"debug","message":"Query: SELECT \"public\".\"lms_categories\".\"id\", \"public\".\"lms_categories\".\"name\" FROM \"public\".\"lms_categories\" WHERE \"public\".\"lms_categories\".\"id\" IN ($1) OFFSET $2","service":"preplyte-api","timestamp":"2026-02-18 12:23:02"}
{"level":"debug","message":"Params: [\"cmlq4lrae0003ail99wlb2luj\",0]","service":"preplyte-api","timestamp":"2026-02-18 12:23:02"}
{"level":"debug","message":"Duration: 12ms","service":"preplyte-api","timestamp":"2026-02-18 12:23:02"}
{"level":"debug","message":"Query: SELECT \"public\".\"lms_courses\".\"id\", \"public\".\"lms_courses\".\"categoryId\", \"public\".\"lms_courses\".\"title\", \"public\".\"lms_courses\".\"slug\", \"public\".\"lms_courses\".\"shortDescription\", \"public\".\"lms_courses\".\"description\", \"public\".\"lms_courses\".\"thumbnailUrl\", \"public\".\"lms_courses\".\"previewVideoUrl\", \"public\".\"lms_courses\".\"totalModules\", \"public\".\"lms_courses\".\"totalTopics\", \"public\".\"lms_courses\".\"totalPoints\", \"public\".\"lms_courses\".\"totalHours\", \"public\".\"lms_courses\".\"price\", \"public\".\"lms_courses\".\"discountPrice\", \"public\".\"lms_courses\".\"currency\", \"public\".\"lms_courses\".\"status\"::text, \"public\".\"lms_courses\".\"isActive\", \"public\".\"lms_courses\".\"certificateEnabled\", \"public\".\"lms_courses\".\"passingPercentage\", \"public\".\"lms_courses\".\"tags\", \"public\".\"lms_courses\".\"difficulty\"::text, \"public\".\"lms_courses\".\"instructor\", \"public\".\"lms_courses\".\"language\", \"public\".\"lms_courses\".\"averageRating\", \"public\".\"lms_courses\".\"ratingsCount\", \"public\".\"lms_courses\".\"createdAt\", \"public\".\"lms_courses\".\"updatedAt\", \"public\".\"lms_courses\".\"publishedAt\", COALESCE(\"aggr_selection_0_LmsEnrollment\".\"_aggr_count_enrollments\", 0) AS \"_aggr_count_enrollments\" FROM \"public\".\"lms_courses\" LEFT JOIN (SELECT \"public\".\"lms_enrollments\".\"courseId\", COUNT(*) AS \"orderby_aggregator\" FROM \"public\".\"lms_enrollments\" WHERE 1=1 GROUP BY \"public\".\"lms_enrollments\".\"courseId\") AS \"orderby_1_LmsEnrollment\" ON (\"public\".\"lms_courses\".\"id\" = \"orderby_1_LmsEnrollment\".\"courseId\") LEFT JOIN (SELECT \"public\".\"lms_enrollments\".\"courseId\", COUNT(*) AS \"_aggr_count_enrollments\" FROM \"public\".\"lms_enrollments\" WHERE 1=1 GROUP BY \"public\".\"lms_enrollments\".\"courseId\") AS \"aggr_selection_0_LmsEnrollment\" ON (\"public\".\"lms_courses\".\"id\" = \"aggr_selection_0_LmsEnrollment\".\"courseId\") WHERE (\"public\".\"lms_courses\".\"id\" NOT IN ($1) AND \"public\".\"lms_courses\".\"status\" = CAST($2::text AS \"public\".\"LmsCourseStatus\") AND \"public\".\"lms_courses\".\"isActive\" = $3) ORDER BY COALESCE(\"orderby_1_LmsEnrollment\".\"orderby_aggregator\", $4) DESC, \"public\".\"lms_courses\".\"averageRating\" DESC LIMIT $5 OFFSET $6","service":"preplyte-api","timestamp":"2026-02-18 12:23:02"}
{"level":"debug","message":"Params: [\"cmlq4mwy70005ail9oqvo554e\",\"PUBLISHED\",true,0,5,0]","service":"preplyte-api","timestamp":"2026-02-18 12:23:02"}
{"level":"debug","message":"Duration: 5ms","service":"preplyte-api","timestamp":"2026-02-18 12:23:02"}
{"level":"debug","message":"Query: SELECT COUNT(*) FROM (SELECT \"public\".\"lms_module_progress\".\"id\" FROM \"public\".\"lms_module_progress\" WHERE (\"public\".\"lms_module_progress\".\"userId\" = $1 AND \"public\".\"lms_module_progress\".\"testPassed\" = $2) OFFSET $3) AS \"sub\"","service":"preplyte-api","timestamp":"2026-02-18 12:23:02"}
{"level":"debug","message":"Params: [\"cmlqa69ye0009mz559gk9ledi\",true,0]","service":"preplyte-api","timestamp":"2026-02-18 12:23:02"}
{"level":"debug","message":"Duration: 6ms","service":"preplyte-api","timestamp":"2026-02-18 12:23:02"}
{"level":"debug","message":"Query: SELECT \"public\".\"lms_module_progress\".\"id\", \"public\".\"lms_module_progress\".\"userId\", \"public\".\"lms_module_progress\".\"moduleId\", \"public\".\"lms_module_progress\".\"status\"::text, \"public\".\"lms_module_progress\".\"completedTopics\", \"public\".\"lms_module_progress\".\"totalTopics\", \"public\".\"lms_module_progress\".\"progressPercent\", \"public\".\"lms_module_progress\".\"testAttempted\", \"public\".\"lms_module_progress\".\"testPassed\", \"public\".\"lms_module_progress\".\"testScore\", \"public\".\"lms_module_progress\".\"testAttempts\", \"public\".\"lms_module_progress\".\"pointsEarned\", \"public\".\"lms_module_progress\".\"timeSpentMinutes\", \"public\".\"lms_module_progress\".\"startedAt\", \"public\".\"lms_module_progress\".\"completedAt\", \"public\".\"lms_module_progress\".\"createdAt\", \"public\".\"lms_module_progress\".\"updatedAt\" FROM \"public\".\"lms_module_progress\" WHERE (\"public\".\"lms_module_progress\".\"userId\" = $1 AND \"public\".\"lms_module_progress\".\"status\" = CAST($2::text AS \"public\".\"LmsModuleStatus\") AND \"public\".\"lms_module_progress\".\"completedAt\" >= $3) ORDER BY \"public\".\"lms_module_progress\".\"completedAt\" DESC LIMIT $4 OFFSET $5","service":"preplyte-api","timestamp":"2026-02-18 12:23:02"}
{"level":"debug","message":"Params: [\"cmlqa69ye0009mz559gk9ledi\",\"COMPLETED\",\"2026-01-18 18:30:00 UTC\",5,0]","service":"preplyte-api","timestamp":"2026-02-18 12:23:02"}
{"level":"debug","message":"Duration: 7ms","service":"preplyte-api","timestamp":"2026-02-18 12:23:02"}
{"level":"debug","message":"Query: SELECT \"public\".\"lms_modules\".\"id\", \"public\".\"lms_modules\".\"courseId\", \"public\".\"lms_modules\".\"title\", \"public\".\"lms_modules\".\"shortDescription\", \"public\".\"lms_modules\".\"description\", \"public\".\"lms_modules\".\"order\", \"public\".\"lms_modules\".\"totalTopics\", \"public\".\"lms_modules\".\"points\", \"public\".\"lms_modules\".\"estimatedMinutes\", \"public\".\"lms_modules\".\"isActive\", \"public\".\"lms_modules\".\"createdAt\", \"public\".\"lms_modules\".\"updatedAt\" FROM \"public\".\"lms_modules\" WHERE \"public\".\"lms_modules\".\"id\" IN ($1) OFFSET $2","service":"preplyte-api","timestamp":"2026-02-18 12:23:02"}
{"level":"debug","message":"Params: [\"cmlq4o74o000cail9p6dp7mym\",0]","service":"preplyte-api","timestamp":"2026-02-18 12:23:02"}
{"level":"debug","message":"Duration: 11ms","service":"preplyte-api","timestamp":"2026-02-18 12:23:02"}
{"level":"debug","message":"Query: SELECT \"public\".\"lms_courses\".\"id\", \"public\".\"lms_courses\".\"title\", \"public\".\"lms_courses\".\"slug\" FROM \"public\".\"lms_courses\" WHERE \"public\".\"lms_courses\".\"id\" IN ($1) OFFSET $2","service":"preplyte-api","timestamp":"2026-02-18 12:23:02"}
{"level":"debug","message":"Params: [\"cmlq4mwy70005ail9oqvo554e\",0]","service":"preplyte-api","timestamp":"2026-02-18 12:23:02"}
{"level":"debug","message":"Duration: 1ms","service":"preplyte-api","timestamp":"2026-02-18 12:23:02"}
{"level":"debug","message":"Query: SELECT \"public\".\"lms_test_attempts\".\"id\", \"public\".\"lms_test_attempts\".\"userId\", \"public\".\"lms_test_attempts\".\"moduleTestId\", \"public\".\"lms_test_attempts\".\"finalTestId\", \"public\".\"lms_test_attempts\".\"testType\"::text, \"public\".\"lms_test_attempts\".\"status\"::text, \"public\".\"lms_test_attempts\".\"attemptNumber\", \"public\".\"lms_test_attempts\".\"totalQuestions\", \"public\".\"lms_test_attempts\".\"correctAnswers\", \"public\".\"lms_test_attempts\".\"wrongAnswers\", \"public\".\"lms_test_attempts\".\"unanswered\", \"public\".\"lms_test_attempts\".\"score\", \"public\".\"lms_test_attempts\".\"pointsEarned\", \"public\".\"lms_test_attempts\".\"marksObtained\", \"public\".\"lms_test_attempts\".\"totalMarks\", \"public\".\"lms_test_attempts\".\"isPassed\", \"public\".\"lms_test_attempts\".\"timeLimitMinutes\", \"public\".\"lms_test_attempts\".\"timeSpentSeconds\", \"public\".\"lms_test_attempts\".\"startedAt\", \"public\".\"lms_test_attempts\".\"completedAt\", \"public\".\"lms_test_attempts\".\"expiresAt\", \"public\".\"lms_test_attempts\".\"createdAt\", \"public\".\"lms_test_attempts\".\"updatedAt\" FROM \"public\".\"lms_test_attempts\" WHERE (\"public\".\"lms_test_attempts\".\"userId\" = $1 AND \"public\".\"lms_test_attempts\".\"status\" = CAST($2::text AS \"public\".\"LmsTestAttemptStatus\") AND \"public\".\"lms_test_attempts\".\"isPassed\" = $3 AND \"public\".\"lms_test_attempts\".\"completedAt\" >= $4) ORDER BY \"public\".\"lms_test_attempts\".\"completedAt\" DESC LIMIT $5 OFFSET $6","service":"preplyte-api","timestamp":"2026-02-18 12:23:02"}
{"level":"debug","message":"Params: [\"cmlqa69ye0009mz559gk9ledi\",\"COMPLETED\",true,\"2026-01-18 18:30:00 UTC\",5,0]","service":"preplyte-api","timestamp":"2026-02-18 12:23:02"}
{"level":"debug","message":"Duration: 14ms","service":"preplyte-api","timestamp":"2026-02-18 12:23:02"}
{"level":"debug","message":"Query: SELECT \"public\".\"mock_drive_registrations\".\"id\", \"public\".\"mock_drive_registrations\".\"mockDriveId\", \"public\".\"mock_drive_registrations\".\"userId\", \"public\".\"mock_drive_registrations\".\"status\"::text, \"public\".\"mock_drive_registrations\".\"eligibilityCheckResult\", \"public\".\"mock_drive_registrations\".\"adminNotes\", \"public\".\"mock_drive_registrations\".\"batchId\", \"public\".\"mock_drive_registrations\".\"registeredAt\", \"public\".\"mock_drive_registrations\".\"reviewedAt\", \"public\".\"mock_drive_registrations\".\"reviewedBy\", \"public\".\"mock_drive_registrations\".\"createdAt\", \"public\".\"mock_drive_registrations\".\"updatedAt\" FROM \"public\".\"mock_drive_registrations\" LEFT JOIN \"public\".\"mock_drives\" AS \"orderby_1\" ON (\"orderby_1\".\"id\") = (\"public\".\"mock_drive_registrations\".\"mockDriveId\") LEFT JOIN \"public\".\"mock_drives\" AS \"j1\" ON (\"j1\".\"id\") = (\"public\".\"mock_drive_registrations\".\"mockDriveId\") WHERE (\"public\".\"mock_drive_registrations\".\"userId\" = $1 AND \"public\".\"mock_drive_registrations\".\"status\" = CAST($2::text AS \"public\".\"MockDriveRegistrationStatus\") AND (\"j1\".\"status\" IN (CAST($3::text AS \"public\".\"MockDriveStatus\"),CAST($4::text AS \"public\".\"MockDriveStatus\"),CAST($5::text AS \"public\".\"MockDriveStatus\")) AND \"j1\".\"driveStartDate\" > $6 AND (\"j1\".\"id\" IS NOT NULL))) ORDER BY \"orderby_1\".\"driveStartDate\" ASC LIMIT $7 OFFSET $8","service":"preplyte-api","timestamp":"2026-02-18 12:23:02"}
{"level":"debug","message":"Params: [\"cmlqa69ye0009mz559gk9ledi\",\"APPROVED\",\"PUBLISHED\",\"REGISTRATION_OPEN\",\"REGISTRATION_CLOSED\",\"2026-02-18 06:53:02.826 UTC\",5,0]","service":"preplyte-api","timestamp":"2026-02-18 12:23:02"}
{"level":"debug","message":"Duration: 22ms","service":"preplyte-api","timestamp":"2026-02-18 12:23:02"}
{"level":"debug","message":"Query: SELECT \"public\".\"lms_enrollments\".\"id\", \"public\".\"lms_enrollments\".\"userId\", \"public\".\"lms_enrollments\".\"courseId\", \"public\".\"lms_enrollments\".\"status\"::text, \"public\".\"lms_enrollments\".\"completedModules\", \"public\".\"lms_enrollments\".\"completedTopics\", \"public\".\"lms_enrollments\".\"progressPercent\", \"public\".\"lms_enrollments\".\"totalPointsEarned\", \"public\".\"lms_enrollments\".\"moduleTestPointsEarned\", \"public\".\"lms_enrollments\".\"finalTestPointsEarned\", \"public\".\"lms_enrollments\".\"finalTestAttempted\", \"public\".\"lms_enrollments\".\"finalTestPassed\", \"public\".\"lms_enrollments\".\"finalTestScore\", \"public\".\"lms_enrollments\".\"finalTestMarks\", \"public\".\"lms_enrollments\".\"enrolledAt\", \"public\".\"lms_enrollments\".\"startedAt\", \"public\".\"lms_enrollments\".\"completedAt\", \"public\".\"lms_enrollments\".\"lastAccessedAt\", \"public\".\"lms_enrollments\".\"certificateUrl\", \"public\".\"lms_enrollments\".\"certificateIssuedAt\", \"public\".\"lms_enrollments\".\"createdAt\", \"public\".\"lms_enrollments\".\"updatedAt\" FROM \"public\".\"lms_enrollments\" WHERE (\"public\".\"lms_enrollments\".\"userId\" = $1 AND \"public\".\"lms_enrollments\".\"status\" = CAST($2::text AS \"public\".\"LmsEnrollmentStatus\") AND \"public\".\"lms_enrollments\".\"completedAt\" >= $3) ORDER BY \"public\".\"lms_enrollments\".\"completedAt\" DESC LIMIT $4 OFFSET $5","service":"preplyte-api","timestamp":"2026-02-18 12:23:02"}
{"level":"debug","message":"Params: [\"cmlqa69ye0009mz559gk9ledi\",\"COMPLETED\",\"2026-01-18 18:30:00 UTC\",5,0]","service":"preplyte-api","timestamp":"2026-02-18 12:23:02"}
{"level":"debug","message":"Duration: 2ms","service":"preplyte-api","timestamp":"2026-02-18 12:23:02"}
{"level":"info","message":"\u001b[0mGET /api/dashboard/student \u001b[32m200\u001b[0m 145.396 ms - -\u001b[0m","service":"preplyte-api","timestamp":"2026-02-18 12:23:02"}
{"level":"debug","message":"Query: SELECT 1","service":"preplyte-api","timestamp":"2026-02-18 12:23:21"}
{"level":"debug","message":"Params: []","service":"preplyte-api","timestamp":"2026-02-18 12:23:21"}
{"level":"debug","message":"Duration: 0ms","service":"preplyte-api","timestamp":"2026-02-18 12:23:21"}
{"level":"debug","message":"Query: SELECT 1","service":"preplyte-api","timestamp":"2026-02-18 12:23:21"}
{"level":"debug","message":"Params: []","service":"preplyte-api","timestamp":"2026-02-18 12:23:21"}
{"level":"debug","message":"Duration: 0ms","service":"preplyte-api","timestamp":"2026-02-18 12:23:21"}
{"level":"debug","message":"Query: SELECT 1","service":"preplyte-api","timestamp":"2026-02-18 12:23:21"}
{"level":"debug","message":"Params: []","service":"preplyte-api","timestamp":"2026-02-18 12:23:21"}
{"level":"debug","message":"Duration: 0ms","service":"preplyte-api","timestamp":"2026-02-18 12:23:21"}
{"level":"debug","message":"Query: SELECT \"public\".\"users\".\"id\", \"public\".\"users\".\"email\", \"public\".\"users\".\"role\"::text, \"public\".\"users\".\"instituteId\", \"public\".\"users\".\"isActive\", \"public\".\"users\".\"tokenVersion\" FROM \"public\".\"users\" WHERE (\"public\".\"users\".\"id\" = $1 AND 1=1) LIMIT $2 OFFSET $3","service":"preplyte-api","timestamp":"2026-02-18 12:23:21"}
{"level":"debug","message":"Params: [\"cmlqa69ye0009mz559gk9ledi\",1,0]","service":"preplyte-api","timestamp":"2026-02-18 12:23:21"}
{"level":"debug","message":"Duration: 1ms","service":"preplyte-api","timestamp":"2026-02-18 12:23:21"}
{"level":"debug","message":"Query: SELECT \"public\".\"users\".\"id\", \"public\".\"users\".\"email\", \"public\".\"users\".\"role\"::text, \"public\".\"users\".\"instituteId\", \"public\".\"users\".\"isActive\", \"public\".\"users\".\"tokenVersion\" FROM \"public\".\"users\" WHERE (\"public\".\"users\".\"id\" = $1 AND 1=1) LIMIT $2 OFFSET $3","service":"preplyte-api","timestamp":"2026-02-18 12:23:21"}
{"level":"debug","message":"Params: [\"cmlqa69ye0009mz559gk9ledi\",1,0]","service":"preplyte-api","timestamp":"2026-02-18 12:23:21"}
{"level":"debug","message":"Duration: 11ms","service":"preplyte-api","timestamp":"2026-02-18 12:23:21"}
{"level":"debug","message":"Query: SELECT \"public\".\"users\".\"id\", \"public\".\"users\".\"email\", \"public\".\"users\".\"role\"::text, \"public\".\"users\".\"instituteId\", \"public\".\"users\".\"isActive\", \"public\".\"users\".\"tokenVersion\" FROM \"public\".\"users\" WHERE (\"public\".\"users\".\"id\" = $1 AND 1=1) LIMIT $2 OFFSET $3","service":"preplyte-api","timestamp":"2026-02-18 12:23:21"}
{"level":"debug","message":"Params: [\"cmlqa69ye0009mz559gk9ledi\",1,0]","service":"preplyte-api","timestamp":"2026-02-18 12:23:21"}
{"level":"debug","message":"Duration: 12ms","service":"preplyte-api","timestamp":"2026-02-18 12:23:21"}
{"level":"info","message":"\u001b[0mGET /api/leaderboard/config \u001b[36m304\u001b[0m 33.657 ms - -\u001b[0m","service":"preplyte-api","timestamp":"2026-02-18 12:23:21"}
{"category":"overall","level":"info","limit":20,"message":"[LeaderboardService] Fetching leaderboard","page":1,"scope":"global","service":"preplyte-api","timestamp":"2026-02-18 12:23:21","userId":"cmlqa69ye0009mz559gk9ledi"}
{"level":"debug","message":"Query: SELECT 1","service":"preplyte-api","timestamp":"2026-02-18 12:23:21"}
{"level":"debug","message":"Params: []","service":"preplyte-api","timestamp":"2026-02-18 12:23:21"}
{"level":"debug","message":"Duration: 0ms","service":"preplyte-api","timestamp":"2026-02-18 12:23:21"}
{"level":"debug","message":"Query: SELECT 1","service":"preplyte-api","timestamp":"2026-02-18 12:23:21"}
{"level":"debug","message":"Params: []","service":"preplyte-api","timestamp":"2026-02-18 12:23:21"}
{"level":"debug","message":"Duration: 1ms","service":"preplyte-api","timestamp":"2026-02-18 12:23:21"}
{"level":"debug","message":"Query: SELECT SUM(\"overallScore\") FROM (SELECT \"public\".\"ai_interview_feedbacks\".\"overallScore\" FROM \"public\".\"ai_interview_feedbacks\" WHERE \"public\".\"ai_interview_feedbacks\".\"userId\" = $1 OFFSET $2) AS \"sub\"","service":"preplyte-api","timestamp":"2026-02-18 12:23:21"}
{"level":"debug","message":"Params: [\"cmlqa69ye0009mz559gk9ledi\",0]","service":"preplyte-api","timestamp":"2026-02-18 12:23:21"}
{"level":"debug","message":"Duration: 0ms","service":"preplyte-api","timestamp":"2026-02-18 12:23:21"}
{"level":"debug","message":"Query: SELECT SUM(\"totalSolved\") FROM (SELECT \"public\".\"machine_practice_sessions\".\"totalSolved\" FROM \"public\".\"machine_practice_sessions\" WHERE (\"public\".\"machine_practice_sessions\".\"userId\" = $1 AND \"public\".\"machine_practice_sessions\".\"completedAt\" IS NOT NULL) OFFSET $2) AS \"sub\"","service":"preplyte-api","timestamp":"2026-02-18 12:23:21"}
{"level":"debug","message":"Params: [\"cmlqa69ye0009mz559gk9ledi\",0]","service":"preplyte-api","timestamp":"2026-02-18 12:23:21"}
{"level":"debug","message":"Duration: 2ms","service":"preplyte-api","timestamp":"2026-02-18 12:23:21"}
{"level":"debug","message":"Query: SELECT SUM(\"totalScore\") FROM (SELECT \"public\".\"mock_drive_attempts\".\"totalScore\" FROM \"public\".\"mock_drive_attempts\" WHERE (\"public\".\"mock_drive_attempts\".\"userId\" = $1 AND \"public\".\"mock_drive_attempts\".\"status\" IN (CAST($2::text AS \"public\".\"MockDriveAttemptStatus\"),CAST($3::text AS \"public\".\"MockDriveAttemptStatus\"))) OFFSET $4) AS \"sub\"","service":"preplyte-api","timestamp":"2026-02-18 12:23:21"}
{"level":"debug","message":"Params: [\"cmlqa69ye0009mz559gk9ledi\",\"COMPLETED\",\"TIMED_OUT\",0]","service":"preplyte-api","timestamp":"2026-02-18 12:23:21"}
{"level":"debug","message":"Duration: 2ms","service":"preplyte-api","timestamp":"2026-02-18 12:23:21"}
{"level":"debug","message":"Query: SELECT SUM(\"totalCorrect\") FROM (SELECT \"public\".\"aptitude_practice_sessions\".\"totalCorrect\" FROM \"public\".\"aptitude_practice_sessions\" WHERE (\"public\".\"aptitude_practice_sessions\".\"userId\" = $1 AND \"public\".\"aptitude_practice_sessions\".\"completedAt\" IS NOT NULL) OFFSET $2) AS \"sub\"","service":"preplyte-api","timestamp":"2026-02-18 12:23:21"}
{"level":"debug","message":"Params: [\"cmlqa69ye0009mz559gk9ledi\",0]","service":"preplyte-api","timestamp":"2026-02-18 12:23:21"}
{"level":"debug","message":"Duration: 9ms","service":"preplyte-api","timestamp":"2026-02-18 12:23:21"}
{"level":"debug","message":"Query: SELECT 1","service":"preplyte-api","timestamp":"2026-02-18 12:23:21"}
{"level":"debug","message":"Params: []","service":"preplyte-api","timestamp":"2026-02-18 12:23:21"}
{"level":"debug","message":"Duration: 1ms","service":"preplyte-api","timestamp":"2026-02-18 12:23:21"}
{"level":"debug","message":"Query: SELECT SUM(\"public\".\"machine_practice_sessions\".\"totalSolved\"), \"public\".\"machine_practice_sessions\".\"userId\" FROM \"public\".\"machine_practice_sessions\" WHERE \"public\".\"machine_practice_sessions\".\"completedAt\" IS NOT NULL GROUP BY \"public\".\"machine_practice_sessions\".\"userId\" OFFSET $1","service":"preplyte-api","timestamp":"2026-02-18 12:23:22"}
{"level":"debug","message":"Params: [0]","service":"preplyte-api","timestamp":"2026-02-18 12:23:22"}
{"level":"debug","message":"Duration: 1ms","service":"preplyte-api","timestamp":"2026-02-18 12:23:22"}
{"level":"debug","message":"Query: SELECT SUM(\"public\".\"lms_enrollments\".\"totalPointsEarned\"), \"public\".\"lms_enrollments\".\"userId\" FROM \"public\".\"lms_enrollments\" WHERE 1=1 GROUP BY \"public\".\"lms_enrollments\".\"userId\" OFFSET $1","service":"preplyte-api","timestamp":"2026-02-18 12:23:22"}
{"level":"debug","message":"Params: [0]","service":"preplyte-api","timestamp":"2026-02-18 12:23:22"}
{"level":"debug","message":"Duration: 1ms","service":"preplyte-api","timestamp":"2026-02-18 12:23:22"}
{"level":"debug","message":"Query: SELECT SUM(\"public\".\"ai_interview_feedbacks\".\"overallScore\"), \"public\".\"ai_interview_feedbacks\".\"userId\" FROM \"public\".\"ai_interview_feedbacks\" WHERE 1=1 GROUP BY \"public\".\"ai_interview_feedbacks\".\"userId\" OFFSET $1","service":"preplyte-api","timestamp":"2026-02-18 12:23:22"}
{"level":"debug","message":"Params: [0]","service":"preplyte-api","timestamp":"2026-02-18 12:23:22"}
{"level":"debug","message":"Duration: 2ms","service":"preplyte-api","timestamp":"2026-02-18 12:23:22"}
{"level":"debug","message":"Query: SELECT SUM(\"public\".\"aptitude_practice_sessions\".\"totalCorrect\"), \"public\".\"aptitude_practice_sessions\".\"userId\" FROM \"public\".\"aptitude_practice_sessions\" WHERE \"public\".\"aptitude_practice_sessions\".\"completedAt\" IS NOT NULL GROUP BY \"public\".\"aptitude_practice_sessions\".\"userId\" OFFSET $1","service":"preplyte-api","timestamp":"2026-02-18 12:23:22"}
{"level":"debug","message":"Params: [0]","service":"preplyte-api","timestamp":"2026-02-18 12:23:22"}
{"level":"debug","message":"Duration: 3ms","service":"preplyte-api","timestamp":"2026-02-18 12:23:22"}
{"level":"debug","message":"Query: SELECT SUM(\"totalPointsEarned\") FROM (SELECT \"public\".\"lms_enrollments\".\"totalPointsEarned\" FROM \"public\".\"lms_enrollments\" WHERE \"public\".\"lms_enrollments\".\"userId\" = $1 OFFSET $2) AS \"sub\"","service":"preplyte-api","timestamp":"2026-02-18 12:23:22"}
{"level":"debug","message":"Params: [\"cmlqa69ye0009mz559gk9ledi\",0]","service":"preplyte-api","timestamp":"2026-02-18 12:23:22"}
{"level":"debug","message":"Duration: 15ms","service":"preplyte-api","timestamp":"2026-02-18 12:23:22"}
{"level":"debug","message":"Query: SELECT SUM(\"public\".\"mock_drive_attempts\".\"totalScore\"), \"public\".\"mock_drive_attempts\".\"userId\" FROM \"public\".\"mock_drive_attempts\" WHERE \"public\".\"mock_drive_attempts\".\"status\" IN (CAST($1::text AS \"public\".\"MockDriveAttemptStatus\"),CAST($2::text AS \"public\".\"MockDriveAttemptStatus\")) GROUP BY \"public\".\"mock_drive_attempts\".\"userId\" OFFSET $3","service":"preplyte-api","timestamp":"2026-02-18 12:23:22"}
{"level":"debug","message":"Params: [\"COMPLETED\",\"TIMED_OUT\",0]","service":"preplyte-api","timestamp":"2026-02-18 12:23:22"}
{"level":"debug","message":"Duration: 2ms","service":"preplyte-api","timestamp":"2026-02-18 12:23:22"}
{"level":"info","message":"\u001b[0mGET /api/leaderboard/my-scores \u001b[36m304\u001b[0m 67.162 ms - -\u001b[0m","service":"preplyte-api","timestamp":"2026-02-18 12:23:22"}
{"level":"debug","message":"Query: SELECT \"public\".\"users\".\"id\", \"public\".\"users\".\"name\", \"public\".\"users\".\"profilePictureUrl\", \"public\".\"users\".\"instituteId\" FROM \"public\".\"users\" WHERE \"public\".\"users\".\"id\" IN ($1,$2) OFFSET $3","service":"preplyte-api","timestamp":"2026-02-18 12:23:22"}
{"level":"debug","message":"Params: [\"cmlq4h9or004p9qehngr7b15o\",\"cmlqa69ye0009mz559gk9ledi\",0]","service":"preplyte-api","timestamp":"2026-02-18 12:23:22"}
{"level":"debug","message":"Duration: 2ms","service":"preplyte-api","timestamp":"2026-02-18 12:23:22"}
{"level":"debug","message":"Query: SELECT \"public\".\"student_profiles\".\"id\", \"public\".\"student_profiles\".\"fullName\", \"public\".\"student_profiles\".\"departmentId\", \"public\".\"student_profiles\".\"userId\" FROM \"public\".\"student_profiles\" WHERE \"public\".\"student_profiles\".\"userId\" IN ($1,$2) OFFSET $3","service":"preplyte-api","timestamp":"2026-02-18 12:23:22"}
{"level":"debug","message":"Params: [\"cmlqa69ye0009mz559gk9ledi\",\"cmlq4h9or004p9qehngr7b15o\",0]","service":"preplyte-api","timestamp":"2026-02-18 12:23:22"}
{"level":"debug","message":"Duration: 7ms","service":"preplyte-api","timestamp":"2026-02-18 12:23:22"}
{"level":"debug","message":"Query: SELECT \"public\".\"departments\".\"id\", \"public\".\"departments\".\"name\" FROM \"public\".\"departments\" WHERE \"public\".\"departments\".\"id\" IN ($1) OFFSET $2","service":"preplyte-api","timestamp":"2026-02-18 12:23:22"}
{"level":"debug","message":"Params: [\"cmlq8n2sa0001s9ls3j4u6ytv\",0]","service":"preplyte-api","timestamp":"2026-02-18 12:23:22"}
{"level":"debug","message":"Duration: 5ms","service":"preplyte-api","timestamp":"2026-02-18 12:23:22"}
{"level":"debug","message":"Query: SELECT \"public\".\"institutes\".\"id\", \"public\".\"institutes\".\"name\" FROM \"public\".\"institutes\" WHERE \"public\".\"institutes\".\"id\" IN ($1) OFFSET $2","service":"preplyte-api","timestamp":"2026-02-18 12:23:22"}
{"level":"debug","message":"Params: [\"c1d2e3f4g5h6i7j8k9l0\",0]","service":"preplyte-api","timestamp":"2026-02-18 12:23:22"}
{"level":"debug","message":"Duration: 6ms","service":"preplyte-api","timestamp":"2026-02-18 12:23:22"}
{"level":"debug","message":"Query: SELECT SUM(\"overallScore\") FROM (SELECT \"public\".\"ai_interview_feedbacks\".\"overallScore\" FROM \"public\".\"ai_interview_feedbacks\" WHERE \"public\".\"ai_interview_feedbacks\".\"userId\" = $1 OFFSET $2) AS \"sub\"","service":"preplyte-api","timestamp":"2026-02-18 12:23:22"}
{"level":"debug","message":"Params: [\"cmlqa69ye0009mz559gk9ledi\",0]","service":"preplyte-api","timestamp":"2026-02-18 12:23:22"}
{"level":"debug","message":"Duration: 0ms","service":"preplyte-api","timestamp":"2026-02-18 12:23:22"}
{"level":"debug","message":"Query: SELECT SUM(\"totalSolved\") FROM (SELECT \"public\".\"machine_practice_sessions\".\"totalSolved\" FROM \"public\".\"machine_practice_sessions\" WHERE (\"public\".\"machine_practice_sessions\".\"userId\" = $1 AND \"public\".\"machine_practice_sessions\".\"completedAt\" IS NOT NULL) OFFSET $2) AS \"sub\"","service":"preplyte-api","timestamp":"2026-02-18 12:23:22"}
{"level":"debug","message":"Params: [\"cmlqa69ye0009mz559gk9ledi\",0]","service":"preplyte-api","timestamp":"2026-02-18 12:23:22"}
{"level":"debug","message":"Duration: 6ms","service":"preplyte-api","timestamp":"2026-02-18 12:23:22"}
{"level":"debug","message":"Query: SELECT SUM(\"totalCorrect\") FROM (SELECT \"public\".\"aptitude_practice_sessions\".\"totalCorrect\" FROM \"public\".\"aptitude_practice_sessions\" WHERE (\"public\".\"aptitude_practice_sessions\".\"userId\" = $1 AND \"public\".\"aptitude_practice_sessions\".\"completedAt\" IS NOT NULL) OFFSET $2) AS \"sub\"","service":"preplyte-api","timestamp":"2026-02-18 12:23:22"}
{"level":"debug","message":"Params: [\"cmlqa69ye0009mz559gk9ledi\",0]","service":"preplyte-api","timestamp":"2026-02-18 12:23:22"}
{"level":"debug","message":"Duration: 6ms","service":"preplyte-api","timestamp":"2026-02-18 12:23:22"}
{"level":"debug","message":"Query: SELECT SUM(\"totalPointsEarned\") FROM (SELECT \"public\".\"lms_enrollments\".\"totalPointsEarned\" FROM \"public\".\"lms_enrollments\" WHERE \"public\".\"lms_enrollments\".\"userId\" = $1 OFFSET $2) AS \"sub\"","service":"preplyte-api","timestamp":"2026-02-18 12:23:22"}
{"level":"debug","message":"Params: [\"cmlqa69ye0009mz559gk9ledi\",0]","service":"preplyte-api","timestamp":"2026-02-18 12:23:22"}
{"level":"debug","message":"Duration: 10ms","service":"preplyte-api","timestamp":"2026-02-18 12:23:22"}
{"level":"debug","message":"Query: SELECT SUM(\"totalScore\") FROM (SELECT \"public\".\"mock_drive_attempts\".\"totalScore\" FROM \"public\".\"mock_drive_attempts\" WHERE (\"public\".\"mock_drive_attempts\".\"userId\" = $1 AND \"public\".\"mock_drive_attempts\".\"status\" IN (CAST($2::text AS \"public\".\"MockDriveAttemptStatus\"),CAST($3::text AS \"public\".\"MockDriveAttemptStatus\"))) OFFSET $4) AS \"sub\"","service":"preplyte-api","timestamp":"2026-02-18 12:23:22"}
{"level":"debug","message":"Params: [\"cmlqa69ye0009mz559gk9ledi\",\"COMPLETED\",\"TIMED_OUT\",0]","service":"preplyte-api","timestamp":"2026-02-18 12:23:22"}
{"level":"debug","message":"Duration: 11ms","service":"preplyte-api","timestamp":"2026-02-18 12:23:22"}
{"level":"info","message":"\u001b[0mGET /api/leaderboard?scope=global&category=overall&page=1&limit=20 \u001b[32m200\u001b[0m 115.384 ms - 720\u001b[0m","service":"preplyte-api","timestamp":"2026-02-18 12:23:22"}
{"level":"debug","message":"Query: SELECT \"public\".\"lms_categories\".\"id\", \"public\".\"lms_categories\".\"name\", \"public\".\"lms_categories\".\"slug\", \"public\".\"lms_categories\".\"description\", \"public\".\"lms_categories\".\"iconUrl\", \"public\".\"lms_categories\".\"order\", \"public\".\"lms_categories\".\"isActive\", \"public\".\"lms_categories\".\"createdAt\", \"public\".\"lms_categories\".\"updatedAt\", COALESCE(\"aggr_selection_0_LmsCourse\".\"_aggr_count_courses\", 0) AS \"_aggr_count_courses\" FROM \"public\".\"lms_categories\" LEFT JOIN (SELECT \"public\".\"lms_courses\".\"categoryId\", COUNT(*) AS \"_aggr_count_courses\" FROM \"public\".\"lms_courses\" WHERE (\"public\".\"lms_courses\".\"status\" = CAST($1::text AS \"public\".\"LmsCourseStatus\") AND \"public\".\"lms_courses\".\"isActive\" = $2) GROUP BY \"public\".\"lms_courses\".\"categoryId\") AS \"aggr_selection_0_LmsCourse\" ON (\"public\".\"lms_categories\".\"id\" = \"aggr_selection_0_LmsCourse\".\"categoryId\") WHERE \"public\".\"lms_categories\".\"isActive\" = $3 ORDER BY \"public\".\"lms_categories\".\"order\" ASC OFFSET $4","service":"preplyte-api","timestamp":"2026-02-18 12:23:32"}
{"level":"debug","message":"Params: [\"PUBLISHED\",true,true,0]","service":"preplyte-api","timestamp":"2026-02-18 12:23:32"}
{"level":"debug","message":"Duration: 7ms","service":"preplyte-api","timestamp":"2026-02-18 12:23:32"}
{"level":"info","message":"\u001b[0mGET /api/lms/categories \u001b[36m304\u001b[0m 11.137 ms - -\u001b[0m","service":"preplyte-api","timestamp":"2026-02-18 12:23:32"}
{"level":"debug","message":"Query: SELECT COUNT(*) FROM (SELECT \"public\".\"lms_courses\".\"id\" FROM \"public\".\"lms_courses\" WHERE (\"public\".\"lms_courses\".\"status\" = CAST($1::text AS \"public\".\"LmsCourseStatus\") AND \"public\".\"lms_courses\".\"isActive\" = $2) OFFSET $3) AS \"sub\"","service":"preplyte-api","timestamp":"2026-02-18 12:23:32"}
{"level":"debug","message":"Params: [\"PUBLISHED\",true,0]","service":"preplyte-api","timestamp":"2026-02-18 12:23:32"}
{"level":"debug","message":"Duration: 1ms","service":"preplyte-api","timestamp":"2026-02-18 12:23:32"}
{"level":"debug","message":"Query: SELECT COUNT(*), \"public\".\"lms_enrollments\".\"userId\" FROM \"public\".\"lms_enrollments\" WHERE 1=1 GROUP BY \"public\".\"lms_enrollments\".\"userId\" OFFSET $1","service":"preplyte-api","timestamp":"2026-02-18 12:23:32"}
{"level":"debug","message":"Params: [0]","service":"preplyte-api","timestamp":"2026-02-18 12:23:32"}
{"level":"debug","message":"Duration: 1ms","service":"preplyte-api","timestamp":"2026-02-18 12:23:32"}
{"level":"debug","message":"Query: SELECT AVG(\"progressPercent\") FROM (SELECT \"public\".\"lms_enrollments\".\"progressPercent\" FROM \"public\".\"lms_enrollments\" WHERE \"public\".\"lms_enrollments\".\"status\" = CAST($1::text AS \"public\".\"LmsEnrollmentStatus\") OFFSET $2) AS \"sub\"","service":"preplyte-api","timestamp":"2026-02-18 12:23:32"}
{"level":"debug","message":"Params: [\"COMPLETED\",0]","service":"preplyte-api","timestamp":"2026-02-18 12:23:32"}
{"level":"debug","message":"Duration: 7ms","service":"preplyte-api","timestamp":"2026-02-18 12:23:32"}
{"level":"debug","message":"Query: SELECT \"public\".\"lms_courses\".\"id\", \"public\".\"lms_courses\".\"instructor\" FROM \"public\".\"lms_courses\" WHERE (\"public\".\"lms_courses\".\"status\" = CAST($1::text AS \"public\".\"LmsCourseStatus\") AND \"public\".\"lms_courses\".\"isActive\" = $2) OFFSET $3","service":"preplyte-api","timestamp":"2026-02-18 12:23:32"}
{"level":"debug","message":"Params: [\"PUBLISHED\",true,0]","service":"preplyte-api","timestamp":"2026-02-18 12:23:32"}
{"level":"debug","message":"Duration: 7ms","service":"preplyte-api","timestamp":"2026-02-18 12:23:32"}
{"level":"info","message":"\u001b[0mGET /api/lms/stats \u001b[32m200\u001b[0m 12.633 ms - 148\u001b[0m","service":"preplyte-api","timestamp":"2026-02-18 12:23:32"}
{"level":"debug","message":"Query: SELECT \"public\".\"users\".\"id\", \"public\".\"users\".\"email\", \"public\".\"users\".\"role\"::text, \"public\".\"users\".\"instituteId\", \"public\".\"users\".\"isActive\", \"public\".\"users\".\"tokenVersion\" FROM \"public\".\"users\" WHERE (\"public\".\"users\".\"id\" = $1 AND 1=1) LIMIT $2 OFFSET $3","service":"preplyte-api","timestamp":"2026-02-18 12:23:32"}
{"level":"debug","message":"Params: [\"cmlqa69ye0009mz559gk9ledi\",1,0]","service":"preplyte-api","timestamp":"2026-02-18 12:23:32"}
{"level":"debug","message":"Duration: 0ms","service":"preplyte-api","timestamp":"2026-02-18 12:23:32"}
{"level":"debug","message":"Query: SELECT \"public\".\"lms_enrollments\".\"id\", \"public\".\"lms_enrollments\".\"courseId\", \"public\".\"lms_enrollments\".\"progressPercent\" FROM \"public\".\"lms_enrollments\" WHERE \"public\".\"lms_enrollments\".\"userId\" = $1 OFFSET $2","service":"preplyte-api","timestamp":"2026-02-18 12:23:32"}
{"level":"debug","message":"Params: [\"cmlqa69ye0009mz559gk9ledi\",0]","service":"preplyte-api","timestamp":"2026-02-18 12:23:32"}
{"level":"debug","message":"Duration: 1ms","service":"preplyte-api","timestamp":"2026-02-18 12:23:32"}
{"level":"debug","message":"Query: SELECT \"public\".\"lms_courses\".\"id\", \"public\".\"lms_courses\".\"categoryId\", \"public\".\"lms_courses\".\"title\", \"public\".\"lms_courses\".\"slug\", \"public\".\"lms_courses\".\"shortDescription\", \"public\".\"lms_courses\".\"description\", \"public\".\"lms_courses\".\"thumbnailUrl\", \"public\".\"lms_courses\".\"previewVideoUrl\", \"public\".\"lms_courses\".\"totalModules\", \"public\".\"lms_courses\".\"totalTopics\", \"public\".\"lms_courses\".\"totalPoints\", \"public\".\"lms_courses\".\"totalHours\", \"public\".\"lms_courses\".\"price\", \"public\".\"lms_courses\".\"discountPrice\", \"public\".\"lms_courses\".\"currency\", \"public\".\"lms_courses\".\"status\"::text, \"public\".\"lms_courses\".\"isActive\", \"public\".\"lms_courses\".\"certificateEnabled\", \"public\".\"lms_courses\".\"passingPercentage\", \"public\".\"lms_courses\".\"tags\", \"public\".\"lms_courses\".\"difficulty\"::text, \"public\".\"lms_courses\".\"instructor\", \"public\".\"lms_courses\".\"language\", \"public\".\"lms_courses\".\"averageRating\", \"public\".\"lms_courses\".\"ratingsCount\", \"public\".\"lms_courses\".\"createdAt\", \"public\".\"lms_courses\".\"updatedAt\", \"public\".\"lms_courses\".\"publishedAt\", COALESCE(\"aggr_selection_0_LmsEnrollment\".\"_aggr_count_enrollments\", 0) AS \"_aggr_count_enrollments\" FROM \"public\".\"lms_courses\" LEFT JOIN (SELECT \"public\".\"lms_enrollments\".\"courseId\", COUNT(*) AS \"orderby_aggregator\" FROM \"public\".\"lms_enrollments\" WHERE 1=1 GROUP BY \"public\".\"lms_enrollments\".\"courseId\") AS \"orderby_1_LmsEnrollment\" ON (\"public\".\"lms_courses\".\"id\" = \"orderby_1_LmsEnrollment\".\"courseId\") LEFT JOIN (SELECT \"public\".\"lms_enrollments\".\"courseId\", COUNT(*) AS \"_aggr_count_enrollments\" FROM \"public\".\"lms_enrollments\" WHERE 1=1 GROUP BY \"public\".\"lms_enrollments\".\"courseId\") AS \"aggr_selection_0_LmsEnrollment\" ON (\"public\".\"lms_courses\".\"id\" = \"aggr_selection_0_LmsEnrollment\".\"courseId\") WHERE (\"public\".\"lms_courses\".\"status\" = CAST($1::text AS \"public\".\"LmsCourseStatus\") AND \"public\".\"lms_courses\".\"isActive\" = $2) ORDER BY COALESCE(\"orderby_1_LmsEnrollment\".\"orderby_aggregator\", $3) DESC LIMIT $4 OFFSET $5","service":"preplyte-api","timestamp":"2026-02-18 12:23:32"}
{"level":"debug","message":"Params: [\"PUBLISHED\",true,0,12,0]","service":"preplyte-api","timestamp":"2026-02-18 12:23:32"}
{"level":"debug","message":"Duration: 2ms","service":"preplyte-api","timestamp":"2026-02-18 12:23:32"}
{"level":"debug","message":"Query: SELECT COUNT(*) FROM (SELECT \"public\".\"lms_courses\".\"id\" FROM \"public\".\"lms_courses\" WHERE (\"public\".\"lms_courses\".\"status\" = CAST($1::text AS \"public\".\"LmsCourseStatus\") AND \"public\".\"lms_courses\".\"isActive\" = $2) OFFSET $3) AS \"sub\"","service":"preplyte-api","timestamp":"2026-02-18 12:23:32"}
{"level":"debug","message":"Params: [\"PUBLISHED\",true,0]","service":"preplyte-api","timestamp":"2026-02-18 12:23:32"}
{"level":"debug","message":"Duration: 9ms","service":"preplyte-api","timestamp":"2026-02-18 12:23:32"}
{"level":"debug","message":"Query: SELECT \"public\".\"lms_categories\".\"id\", \"public\".\"lms_categories\".\"name\", \"public\".\"lms_categories\".\"slug\" FROM \"public\".\"lms_categories\" WHERE \"public\".\"lms_categories\".\"id\" IN ($1) OFFSET $2","service":"preplyte-api","timestamp":"2026-02-18 12:23:32"}
{"level":"debug","message":"Params: [\"cmlq4lrae0003ail99wlb2luj\",0]","service":"preplyte-api","timestamp":"2026-02-18 12:23:32"}
{"level":"debug","message":"Duration: 7ms","service":"preplyte-api","timestamp":"2026-02-18 12:23:32"}
{"level":"info","message":"\u001b[0mGET /api/lms/courses?page=1&limit=12&priceRange=all&sortBy=popular&search= \u001b[32m200\u001b[0m 27.049 ms - 594\u001b[0m","service":"preplyte-api","timestamp":"2026-02-18 12:23:32"}
{"level":"debug","message":"Query: SELECT 1","service":"preplyte-api","timestamp":"2026-02-18 12:23:39"}
{"level":"debug","message":"Params: []","service":"preplyte-api","timestamp":"2026-02-18 12:23:39"}
{"level":"debug","message":"Duration: 0ms","service":"preplyte-api","timestamp":"2026-02-18 12:23:39"}
{"level":"debug","message":"Query: SELECT \"public\".\"users\".\"id\", \"public\".\"users\".\"email\", \"public\".\"users\".\"role\"::text, \"public\".\"users\".\"instituteId\", \"public\".\"users\".\"isActive\", \"public\".\"users\".\"tokenVersion\" FROM \"public\".\"users\" WHERE (\"public\".\"users\".\"id\" = $1 AND 1=1) LIMIT $2 OFFSET $3","service":"preplyte-api","timestamp":"2026-02-18 12:23:39"}
{"level":"debug","message":"Params: [\"cmlqa69ye0009mz559gk9ledi\",1,0]","service":"preplyte-api","timestamp":"2026-02-18 12:23:39"}
{"level":"debug","message":"Duration: 0ms","service":"preplyte-api","timestamp":"2026-02-18 12:23:39"}
{"level":"debug","message":"Query: SELECT \"public\".\"lms_courses\".\"id\", \"public\".\"lms_courses\".\"categoryId\", \"public\".\"lms_courses\".\"title\", \"public\".\"lms_courses\".\"slug\", \"public\".\"lms_courses\".\"shortDescription\", \"public\".\"lms_courses\".\"description\", \"public\".\"lms_courses\".\"thumbnailUrl\", \"public\".\"lms_courses\".\"previewVideoUrl\", \"public\".\"lms_courses\".\"totalModules\", \"public\".\"lms_courses\".\"totalTopics\", \"public\".\"lms_courses\".\"totalPoints\", \"public\".\"lms_courses\".\"totalHours\", \"public\".\"lms_courses\".\"price\", \"public\".\"lms_courses\".\"discountPrice\", \"public\".\"lms_courses\".\"currency\", \"public\".\"lms_courses\".\"status\"::text, \"public\".\"lms_courses\".\"isActive\", \"public\".\"lms_courses\".\"certificateEnabled\", \"public\".\"lms_courses\".\"passingPercentage\", \"public\".\"lms_courses\".\"tags\", \"public\".\"lms_courses\".\"difficulty\"::text, \"public\".\"lms_courses\".\"instructor\", \"public\".\"lms_courses\".\"language\", \"public\".\"lms_courses\".\"averageRating\", \"public\".\"lms_courses\".\"ratingsCount\", \"public\".\"lms_courses\".\"createdAt\", \"public\".\"lms_courses\".\"updatedAt\", \"public\".\"lms_courses\".\"publishedAt\", COALESCE(\"aggr_selection_0_LmsEnrollment\".\"_aggr_count_enrollments\", 0) AS \"_aggr_count_enrollments\" FROM \"public\".\"lms_courses\" LEFT JOIN (SELECT \"public\".\"lms_enrollments\".\"courseId\", COUNT(*) AS \"_aggr_count_enrollments\" FROM \"public\".\"lms_enrollments\" WHERE 1=1 GROUP BY \"public\".\"lms_enrollments\".\"courseId\") AS \"aggr_selection_0_LmsEnrollment\" ON (\"public\".\"lms_courses\".\"id\" = \"aggr_selection_0_LmsEnrollment\".\"courseId\") WHERE (\"public\".\"lms_courses\".\"slug\" = $1 AND 1=1) LIMIT $2 OFFSET $3","service":"preplyte-api","timestamp":"2026-02-18 12:23:39"}
{"level":"debug","message":"Params: [\"python\",1,0]","service":"preplyte-api","timestamp":"2026-02-18 12:23:39"}
{"level":"debug","message":"Duration: 1ms","service":"preplyte-api","timestamp":"2026-02-18 12:23:39"}
{"level":"debug","message":"Query: SELECT \"public\".\"lms_categories\".\"id\", \"public\".\"lms_categories\".\"name\", \"public\".\"lms_categories\".\"slug\", \"public\".\"lms_categories\".\"description\", \"public\".\"lms_categories\".\"iconUrl\", \"public\".\"lms_categories\".\"order\", \"public\".\"lms_categories\".\"isActive\", \"public\".\"lms_categories\".\"createdAt\", \"public\".\"lms_categories\".\"updatedAt\" FROM \"public\".\"lms_categories\" WHERE \"public\".\"lms_categories\".\"id\" IN ($1) OFFSET $2","service":"preplyte-api","timestamp":"2026-02-18 12:23:39"}
{"level":"debug","message":"Params: [\"cmlq4lrae0003ail99wlb2luj\",0]","service":"preplyte-api","timestamp":"2026-02-18 12:23:39"}
{"level":"debug","message":"Duration: 0ms","service":"preplyte-api","timestamp":"2026-02-18 12:23:39"}
{"level":"debug","message":"Query: SELECT \"public\".\"lms_modules\".\"id\", \"public\".\"lms_modules\".\"courseId\", \"public\".\"lms_modules\".\"title\", \"public\".\"lms_modules\".\"shortDescription\", \"public\".\"lms_modules\".\"description\", \"public\".\"lms_modules\".\"order\", \"public\".\"lms_modules\".\"totalTopics\", \"public\".\"lms_modules\".\"points\", \"public\".\"lms_modules\".\"estimatedMinutes\", \"public\".\"lms_modules\".\"isActive\", \"public\".\"lms_modules\".\"createdAt\", \"public\".\"lms_modules\".\"updatedAt\" FROM \"public\".\"lms_modules\" WHERE (\"public\".\"lms_modules\".\"isActive\" = $1 AND \"public\".\"lms_modules\".\"courseId\" IN ($2)) ORDER BY \"public\".\"lms_modules\".\"order\" ASC OFFSET $3","service":"preplyte-api","timestamp":"2026-02-18 12:23:40"}
{"level":"debug","message":"Params: [true,\"cmlq4mwy70005ail9oqvo554e\",0]","service":"preplyte-api","timestamp":"2026-02-18 12:23:40"}
{"level":"debug","message":"Duration: 4ms","service":"preplyte-api","timestamp":"2026-02-18 12:23:40"}
{"level":"debug","message":"Query: SELECT \"public\".\"lms_topics\".\"id\", \"public\".\"lms_topics\".\"title\", \"public\".\"lms_topics\".\"order\", \"public\".\"lms_topics\".\"estimatedMinutes\", \"public\".\"lms_topics\".\"videoUrl\", \"public\".\"lms_topics\".\"moduleId\" FROM \"public\".\"lms_topics\" WHERE (\"public\".\"lms_topics\".\"isActive\" = $1 AND \"public\".\"lms_topics\".\"moduleId\" IN ($2)) ORDER BY \"public\".\"lms_topics\".\"order\" ASC OFFSET $3","service":"preplyte-api","timestamp":"2026-02-18 12:23:40"}
{"level":"debug","message":"Params: [true,\"cmlq4o74o000cail9p6dp7mym\",0]","service":"preplyte-api","timestamp":"2026-02-18 12:23:40"}
{"level":"debug","message":"Duration: 5ms","service":"preplyte-api","timestamp":"2026-02-18 12:23:40"}
{"level":"debug","message":"Query: SELECT \"public\".\"lms_module_tests\".\"id\", \"public\".\"lms_module_tests\".\"title\", \"public\".\"lms_module_tests\".\"instructions\", \"public\".\"lms_module_tests\".\"totalQuestions\", \"public\".\"lms_module_tests\".\"timeLimitMinutes\", \"public\".\"lms_module_tests\".\"passingScore\", \"public\".\"lms_module_tests\".\"maxAttempts\", \"public\".\"lms_module_tests\".\"pointsPerQuestion\", \"public\".\"lms_module_tests\".\"totalPoints\", \"public\".\"lms_module_tests\".\"isActive\", \"public\".\"lms_module_tests\".\"moduleId\" FROM \"public\".\"lms_module_tests\" WHERE \"public\".\"lms_module_tests\".\"moduleId\" IN ($1) OFFSET $2","service":"preplyte-api","timestamp":"2026-02-18 12:23:40"}
{"level":"debug","message":"Params: [\"cmlq4o74o000cail9p6dp7mym\",0]","service":"preplyte-api","timestamp":"2026-02-18 12:23:40"}
{"level":"debug","message":"Duration: 3ms","service":"preplyte-api","timestamp":"2026-02-18 12:23:40"}
{"level":"debug","message":"Query: SELECT \"public\".\"lms_final_tests\".\"id\", \"public\".\"lms_final_tests\".\"courseId\", \"public\".\"lms_final_tests\".\"title\", \"public\".\"lms_final_tests\".\"instructions\", \"public\".\"lms_final_tests\".\"totalQuestions\", \"public\".\"lms_final_tests\".\"passingScore\", \"public\".\"lms_final_tests\".\"timeLimitMinutes\", \"public\".\"lms_final_tests\".\"pointsPerQuestion\", \"public\".\"lms_final_tests\".\"totalPoints\", \"public\".\"lms_final_tests\".\"maxAttempts\", \"public\".\"lms_final_tests\".\"isActive\", \"public\".\"lms_final_tests\".\"createdAt\", \"public\".\"lms_final_tests\".\"updatedAt\" FROM \"public\".\"lms_final_tests\" WHERE \"public\".\"lms_final_tests\".\"courseId\" IN ($1) OFFSET $2","service":"preplyte-api","timestamp":"2026-02-18 12:23:40"}
{"level":"debug","message":"Params: [\"cmlq4mwy70005ail9oqvo554e\",0]","service":"preplyte-api","timestamp":"2026-02-18 12:23:40"}
{"level":"debug","message":"Duration: 3ms","service":"preplyte-api","timestamp":"2026-02-18 12:23:40"}
{"level":"debug","message":"Query: SELECT \"public\".\"lms_course_feedbacks\".\"id\", \"public\".\"lms_course_feedbacks\".\"userId\", \"public\".\"lms_course_feedbacks\".\"courseId\", \"public\".\"lms_course_feedbacks\".\"rating\", \"public\".\"lms_course_feedbacks\".\"comment\", \"public\".\"lms_course_feedbacks\".\"createdAt\", \"public\".\"lms_course_feedbacks\".\"updatedAt\" FROM \"public\".\"lms_course_feedbacks\" WHERE \"public\".\"lms_course_feedbacks\".\"courseId\" IN ($1) ORDER BY \"public\".\"lms_course_feedbacks\".\"createdAt\" DESC LIMIT $2 OFFSET $3","service":"preplyte-api","timestamp":"2026-02-18 12:23:40"}
{"level":"debug","message":"Params: [\"cmlq4mwy70005ail9oqvo554e\",5,0]","service":"preplyte-api","timestamp":"2026-02-18 12:23:40"}
{"level":"debug","message":"Duration: 4ms","service":"preplyte-api","timestamp":"2026-02-18 12:23:40"}
{"level":"debug","message":"Query: SELECT \"public\".\"users\".\"id\", \"public\".\"users\".\"name\" FROM \"public\".\"users\" WHERE \"public\".\"users\".\"id\" IN ($1) OFFSET $2","service":"preplyte-api","timestamp":"2026-02-18 12:23:40"}
{"level":"debug","message":"Params: [\"cmlq4h9or004p9qehngr7b15o\",0]","service":"preplyte-api","timestamp":"2026-02-18 12:23:40"}
{"level":"debug","message":"Duration: 0ms","service":"preplyte-api","timestamp":"2026-02-18 12:23:40"}
{"level":"debug","message":"Query: SELECT \"public\".\"student_profiles\".\"id\", \"public\".\"student_profiles\".\"fullName\", \"public\".\"student_profiles\".\"userId\" FROM \"public\".\"student_profiles\" WHERE \"public\".\"student_profiles\".\"userId\" IN ($1) OFFSET $2","service":"preplyte-api","timestamp":"2026-02-18 12:23:40"}
{"level":"debug","message":"Params: [\"cmlq4h9or004p9qehngr7b15o\",0]","service":"preplyte-api","timestamp":"2026-02-18 12:23:40"}
{"level":"debug","message":"Duration: 0ms","service":"preplyte-api","timestamp":"2026-02-18 12:23:40"}
{"level":"debug","message":"Query: SELECT 1","service":"preplyte-api","timestamp":"2026-02-18 12:23:40"}
{"level":"debug","message":"Params: []","service":"preplyte-api","timestamp":"2026-02-18 12:23:40"}
{"level":"debug","message":"Duration: 0ms","service":"preplyte-api","timestamp":"2026-02-18 12:23:40"}
{"level":"debug","message":"Query: SELECT \"public\".\"lms_course_feedbacks\".\"id\", \"public\".\"lms_course_feedbacks\".\"userId\", \"public\".\"lms_course_feedbacks\".\"courseId\", \"public\".\"lms_course_feedbacks\".\"rating\", \"public\".\"lms_course_feedbacks\".\"comment\", \"public\".\"lms_course_feedbacks\".\"createdAt\", \"public\".\"lms_course_feedbacks\".\"updatedAt\" FROM \"public\".\"lms_course_feedbacks\" WHERE ((\"public\".\"lms_course_feedbacks\".\"userId\" = $1 AND \"public\".\"lms_course_feedbacks\".\"courseId\" = $2) AND 1=1) LIMIT $3 OFFSET $4","service":"preplyte-api","timestamp":"2026-02-18 12:23:40"}
{"level":"debug","message":"Params: [\"cmlqa69ye0009mz559gk9ledi\",\"cmlq4mwy70005ail9oqvo554e\",1,0]","service":"preplyte-api","timestamp":"2026-02-18 12:23:40"}
{"level":"debug","message":"Duration: 1ms","service":"preplyte-api","timestamp":"2026-02-18 12:23:40"}
{"level":"debug","message":"Query: SELECT \"public\".\"lms_enrollments\".\"id\", \"public\".\"lms_enrollments\".\"userId\", \"public\".\"lms_enrollments\".\"courseId\", \"public\".\"lms_enrollments\".\"status\"::text, \"public\".\"lms_enrollments\".\"completedModules\", \"public\".\"lms_enrollments\".\"completedTopics\", \"public\".\"lms_enrollments\".\"progressPercent\", \"public\".\"lms_enrollments\".\"totalPointsEarned\", \"public\".\"lms_enrollments\".\"moduleTestPointsEarned\", \"public\".\"lms_enrollments\".\"finalTestPointsEarned\", \"public\".\"lms_enrollments\".\"finalTestAttempted\", \"public\".\"lms_enrollments\".\"finalTestPassed\", \"public\".\"lms_enrollments\".\"finalTestScore\", \"public\".\"lms_enrollments\".\"finalTestMarks\", \"public\".\"lms_enrollments\".\"enrolledAt\", \"public\".\"lms_enrollments\".\"startedAt\", \"public\".\"lms_enrollments\".\"completedAt\", \"public\".\"lms_enrollments\".\"lastAccessedAt\", \"public\".\"lms_enrollments\".\"certificateUrl\", \"public\".\"lms_enrollments\".\"certificateIssuedAt\", \"public\".\"lms_enrollments\".\"createdAt\", \"public\".\"lms_enrollments\".\"updatedAt\" FROM \"public\".\"lms_enrollments\" WHERE ((\"public\".\"lms_enrollments\".\"userId\" = $1 AND \"public\".\"lms_enrollments\".\"courseId\" = $2) AND 1=1) LIMIT $3 OFFSET $4","service":"preplyte-api","timestamp":"2026-02-18 12:23:40"}
{"level":"debug","message":"Params: [\"cmlqa69ye0009mz559gk9ledi\",\"cmlq4mwy70005ail9oqvo554e\",1,0]","service":"preplyte-api","timestamp":"2026-02-18 12:23:40"}
{"level":"debug","message":"Duration: 1ms","service":"preplyte-api","timestamp":"2026-02-18 12:23:40"}
{"level":"debug","message":"Query: SELECT \"public\".\"lms_module_progress\".\"id\", \"public\".\"lms_module_progress\".\"userId\", \"public\".\"lms_module_progress\".\"moduleId\", \"public\".\"lms_module_progress\".\"status\"::text, \"public\".\"lms_module_progress\".\"completedTopics\", \"public\".\"lms_module_progress\".\"totalTopics\", \"public\".\"lms_module_progress\".\"progressPercent\", \"public\".\"lms_module_progress\".\"testAttempted\", \"public\".\"lms_module_progress\".\"testPassed\", \"public\".\"lms_module_progress\".\"testScore\", \"public\".\"lms_module_progress\".\"testAttempts\", \"public\".\"lms_module_progress\".\"pointsEarned\", \"public\".\"lms_module_progress\".\"timeSpentMinutes\", \"public\".\"lms_module_progress\".\"startedAt\", \"public\".\"lms_module_progress\".\"completedAt\", \"public\".\"lms_module_progress\".\"createdAt\", \"public\".\"lms_module_progress\".\"updatedAt\" FROM \"public\".\"lms_module_progress\" WHERE (\"public\".\"lms_module_progress\".\"userId\" = $1 AND \"public\".\"lms_module_progress\".\"moduleId\" IN ($2)) OFFSET $3","service":"preplyte-api","timestamp":"2026-02-18 12:23:40"}
{"level":"debug","message":"Params: [\"cmlqa69ye0009mz559gk9ledi\",\"cmlq4o74o000cail9p6dp7mym\",0]","service":"preplyte-api","timestamp":"2026-02-18 12:23:40"}
{"level":"debug","message":"Duration: 5ms","service":"preplyte-api","timestamp":"2026-02-18 12:23:40"}
{"level":"debug","message":"Query: SELECT \"public\".\"lms_topic_progress\".\"id\", \"public\".\"lms_topic_progress\".\"userId\", \"public\".\"lms_topic_progress\".\"topicId\", \"public\".\"lms_topic_progress\".\"status\"::text, \"public\".\"lms_topic_progress\".\"theoryCompleted\", \"public\".\"lms_topic_progress\".\"videoWatched\", \"public\".\"lms_topic_progress\".\"videoProgress\", \"public\".\"lms_topic_progress\".\"timeSpentMinutes\", \"public\".\"lms_topic_progress\".\"startedAt\", \"public\".\"lms_topic_progress\".\"completedAt\", \"public\".\"lms_topic_progress\".\"createdAt\", \"public\".\"lms_topic_progress\".\"updatedAt\" FROM \"public\".\"lms_topic_progress\" WHERE (\"public\".\"lms_topic_progress\".\"userId\" = $1 AND \"public\".\"lms_topic_progress\".\"topicId\" IN ($2)) OFFSET $3","service":"preplyte-api","timestamp":"2026-02-18 12:23:40"}
{"level":"debug","message":"Params: [\"cmlqa69ye0009mz559gk9ledi\",\"cmlq4o74z000eail9n55rp3yl\",0]","service":"preplyte-api","timestamp":"2026-02-18 12:23:40"}
{"level":"debug","message":"Duration: 7ms","service":"preplyte-api","timestamp":"2026-02-18 12:23:40"}
{"level":"info","message":"\u001b[0mGET /api/lms/courses/python \u001b[36m304\u001b[0m 67.438 ms - -\u001b[0m","service":"preplyte-api","timestamp":"2026-02-18 12:23:40"}
{"level":"debug","message":"Query: SELECT \"public\".\"users\".\"id\", \"public\".\"users\".\"email\", \"public\".\"users\".\"role\"::text, \"public\".\"users\".\"instituteId\", \"public\".\"users\".\"isActive\", \"public\".\"users\".\"tokenVersion\" FROM \"public\".\"users\" WHERE (\"public\".\"users\".\"id\" = $1 AND 1=1) LIMIT $2 OFFSET $3","service":"preplyte-api","timestamp":"2026-02-18 12:23:40"}
{"level":"debug","message":"Params: [\"cmlqa69ye0009mz559gk9ledi\",1,0]","service":"preplyte-api","timestamp":"2026-02-18 12:23:40"}
{"level":"debug","message":"Duration: 5ms","service":"preplyte-api","timestamp":"2026-02-18 12:23:40"}
{"level":"debug","message":"Query: SELECT \"public\".\"lms_courses\".\"id\" FROM \"public\".\"lms_courses\" WHERE (\"public\".\"lms_courses\".\"slug\" = $1 AND 1=1) LIMIT $2 OFFSET $3","service":"preplyte-api","timestamp":"2026-02-18 12:23:40"}
{"level":"debug","message":"Params: [\"python\",1,0]","service":"preplyte-api","timestamp":"2026-02-18 12:23:40"}
{"level":"debug","message":"Duration: 1ms","service":"preplyte-api","timestamp":"2026-02-18 12:23:40"}
{"level":"debug","message":"Query: SELECT COUNT(*) FROM (SELECT \"public\".\"lms_course_comments\".\"id\" FROM \"public\".\"lms_course_comments\" WHERE (\"public\".\"lms_course_comments\".\"courseId\" = $1 AND \"public\".\"lms_course_comments\".\"parentId\" IS NULL) OFFSET $2) AS \"sub\"","service":"preplyte-api","timestamp":"2026-02-18 12:23:40"}
{"level":"debug","message":"Params: [\"cmlq4mwy70005ail9oqvo554e\",0]","service":"preplyte-api","timestamp":"2026-02-18 12:23:40"}
{"level":"debug","message":"Duration: 4ms","service":"preplyte-api","timestamp":"2026-02-18 12:23:40"}
{"level":"debug","message":"Query: SELECT \"public\".\"lms_course_comments\".\"id\", \"public\".\"lms_course_comments\".\"userId\", \"public\".\"lms_course_comments\".\"courseId\", \"public\".\"lms_course_comments\".\"comment\", \"public\".\"lms_course_comments\".\"parentId\", \"public\".\"lms_course_comments\".\"createdAt\", \"public\".\"lms_course_comments\".\"updatedAt\", COALESCE(\"aggr_selection_0_LmsCourseCommentLike\".\"_aggr_count_likes\", 0) AS \"_aggr_count_likes\", COALESCE(\"aggr_selection_1_LmsCourseComment\".\"_aggr_count_replies\", 0) AS \"_aggr_count_replies\" FROM \"public\".\"lms_course_comments\" LEFT JOIN (SELECT \"public\".\"lms_course_comment_likes\".\"commentId\", COUNT(*) AS \"_aggr_count_likes\" FROM \"public\".\"lms_course_comment_likes\" WHERE 1=1 GROUP BY \"public\".\"lms_course_comment_likes\".\"commentId\") AS \"aggr_selection_0_LmsCourseCommentLike\" ON (\"public\".\"lms_course_comments\".\"id\" = \"aggr_selection_0_LmsCourseCommentLike\".\"commentId\") LEFT JOIN (SELECT \"public\".\"lms_course_comments\".\"parentId\", COUNT(*) AS \"_aggr_count_replies\" FROM \"public\".\"lms_course_comments\" WHERE 1=1 GROUP BY \"public\".\"lms_course_comments\".\"parentId\") AS \"aggr_selection_1_LmsCourseComment\" ON (\"public\".\"lms_course_comments\".\"id\" = \"aggr_selection_1_LmsCourseComment\".\"parentId\") WHERE (\"public\".\"lms_course_comments\".\"courseId\" = $1 AND \"public\".\"lms_course_comments\".\"parentId\" IS NULL) ORDER BY \"public\".\"lms_course_comments\".\"createdAt\" DESC LIMIT $2 OFFSET $3","service":"preplyte-api","timestamp":"2026-02-18 12:23:40"}
{"level":"debug","message":"Params: [\"cmlq4mwy70005ail9oqvo554e\",10,0]","service":"preplyte-api","timestamp":"2026-02-18 12:23:40"}
{"level":"debug","message":"Duration: 8ms","service":"preplyte-api","timestamp":"2026-02-18 12:23:40"}
{"level":"debug","message":"Query: SELECT \"public\".\"users\".\"id\", \"public\".\"users\".\"name\" FROM \"public\".\"users\" WHERE \"public\".\"users\".\"id\" IN ($1) OFFSET $2","service":"preplyte-api","timestamp":"2026-02-18 12:23:40"}
{"level":"debug","message":"Params: [\"cmlq4h9or004p9qehngr7b15o\",0]","service":"preplyte-api","timestamp":"2026-02-18 12:23:40"}
{"level":"debug","message":"Duration: 0ms","service":"preplyte-api","timestamp":"2026-02-18 12:23:40"}
{"level":"debug","message":"Query: SELECT \"public\".\"student_profiles\".\"id\", \"public\".\"student_profiles\".\"fullName\", \"public\".\"student_profiles\".\"userId\" FROM \"public\".\"student_profiles\" WHERE \"public\".\"student_profiles\".\"userId\" IN ($1) OFFSET $2","service":"preplyte-api","timestamp":"2026-02-18 12:23:40"}
{"level":"debug","message":"Params: [\"cmlq4h9or004p9qehngr7b15o\",0]","service":"preplyte-api","timestamp":"2026-02-18 12:23:40"}
{"level":"debug","message":"Duration: 0ms","service":"preplyte-api","timestamp":"2026-02-18 12:23:40"}
{"level":"debug","message":"Query: SELECT \"public\".\"lms_course_comment_likes\".\"id\", \"public\".\"lms_course_comment_likes\".\"userId\", \"public\".\"lms_course_comment_likes\".\"commentId\", \"public\".\"lms_course_comment_likes\".\"createdAt\" FROM \"public\".\"lms_course_comment_likes\" WHERE (\"public\".\"lms_course_comment_likes\".\"userId\" = $1 AND \"public\".\"lms_course_comment_likes\".\"commentId\" IN ($2,$3,$4,$5,$6,$7,$8,$9,$10)) OFFSET $11","service":"preplyte-api","timestamp":"2026-02-18 12:23:40"}
{"level":"debug","message":"Params: [\"cmlqa69ye0009mz559gk9ledi\",\"cmlq5sn2c0001112romjapni7\",\"cmlq5opc9000bqztr8ebsvttl\",\"cmlq5m3nj0009qztr8gl1p4kh\",\"cmlq5e7cq0005qztryyulidsu\",\"cmlq5dyi40003qztrfehqvl27\",\"cmlq4w3iu0008pprqcghfag7o\",\"cmlq4vr3g0001pprqjsp7r01y\",\"cmlq4swfs000327jmadzcylnh\",\"cmlq4sjyu000127jmnbnfta0x\",0]","service":"preplyte-api","timestamp":"2026-02-18 12:23:40"}
{"level":"debug","message":"Duration: 0ms","service":"preplyte-api","timestamp":"2026-02-18 12:23:40"}
{"level":"debug","message":"Query: SELECT \"public\".\"lms_course_comments\".\"id\", \"public\".\"lms_course_comments\".\"userId\", \"public\".\"lms_course_comments\".\"courseId\", \"public\".\"lms_course_comments\".\"comment\", \"public\".\"lms_course_comments\".\"parentId\", \"public\".\"lms_course_comments\".\"createdAt\", \"public\".\"lms_course_comments\".\"updatedAt\", COALESCE(\"aggr_selection_0_LmsCourseCommentLike\".\"_aggr_count_likes\", 0) AS \"_aggr_count_likes\" FROM \"public\".\"lms_course_comments\" LEFT JOIN (SELECT \"public\".\"lms_course_comment_likes\".\"commentId\", COUNT(*) AS \"_aggr_count_likes\" FROM \"public\".\"lms_course_comment_likes\" WHERE 1=1 GROUP BY \"public\".\"lms_course_comment_likes\".\"commentId\") AS \"aggr_selection_0_LmsCourseCommentLike\" ON (\"public\".\"lms_course_comments\".\"id\" = \"aggr_selection_0_LmsCourseCommentLike\".\"commentId\") WHERE \"public\".\"lms_course_comments\".\"parentId\" IN ($1,$2,$3,$4,$5,$6,$7,$8,$9) ORDER BY \"public\".\"lms_course_comments\".\"createdAt\" ASC OFFSET $10","service":"preplyte-api","timestamp":"2026-02-18 12:23:40"}
{"level":"debug","message":"Params: [\"cmlq5sn2c0001112romjapni7\",\"cmlq5opc9000bqztr8ebsvttl\",\"cmlq5m3nj0009qztr8gl1p4kh\",\"cmlq5e7cq0005qztryyulidsu\",\"cmlq5dyi40003qztrfehqvl27\",\"cmlq4w3iu0008pprqcghfag7o\",\"cmlq4vr3g0001pprqjsp7r01y\",\"cmlq4swfs000327jmadzcylnh\",\"cmlq4sjyu000127jmnbnfta0x\",0]","service":"preplyte-api","timestamp":"2026-02-18 12:23:40"}
{"level":"debug","message":"Duration: 1ms","service":"preplyte-api","timestamp":"2026-02-18 12:23:40"}
{"level":"debug","message":"Query: SELECT \"public\".\"users\".\"id\", \"public\".\"users\".\"name\" FROM \"public\".\"users\" WHERE \"public\".\"users\".\"id\" IN ($1,$2) OFFSET $3","service":"preplyte-api","timestamp":"2026-02-18 12:23:40"}
{"level":"debug","message":"Params: [\"cmlq4h9am004n9qehxiu60hj2\",\"cmlq4h9or004p9qehngr7b15o\",0]","service":"preplyte-api","timestamp":"2026-02-18 12:23:40"}
{"level":"debug","message":"Duration: 0ms","service":"preplyte-api","timestamp":"2026-02-18 12:23:40"}
{"level":"debug","message":"Query: SELECT \"public\".\"student_profiles\".\"id\", \"public\".\"student_profiles\".\"fullName\", \"public\".\"student_profiles\".\"userId\" FROM \"public\".\"student_profiles\" WHERE \"public\".\"student_profiles\".\"userId\" IN ($1,$2) OFFSET $3","service":"preplyte-api","timestamp":"2026-02-18 12:23:40"}
{"level":"debug","message":"Params: [\"cmlq4h9or004p9qehngr7b15o\",\"cmlq4h9am004n9qehxiu60hj2\",0]","service":"preplyte-api","timestamp":"2026-02-18 12:23:40"}
{"level":"debug","message":"Duration: 0ms","service":"preplyte-api","timestamp":"2026-02-18 12:23:40"}
{"level":"debug","message":"Query: SELECT \"public\".\"lms_course_comment_likes\".\"id\", \"public\".\"lms_course_comment_likes\".\"userId\", \"public\".\"lms_course_comment_likes\".\"commentId\", \"public\".\"lms_course_comment_likes\".\"createdAt\" FROM \"public\".\"lms_course_comment_likes\" WHERE (\"public\".\"lms_course_comment_likes\".\"userId\" = $1 AND \"public\".\"lms_course_comment_likes\".\"commentId\" IN ($2,$3)) OFFSET $4","service":"preplyte-api","timestamp":"2026-02-18 12:23:40"}
{"level":"debug","message":"Params: [\"cmlqa69ye0009mz559gk9ledi\",\"cmlq7ukeu000b8dv8yty4qy02\",\"cmlq7sa8z00038dv8jfaa61vc\",0]","service":"preplyte-api","timestamp":"2026-02-18 12:23:40"}
{"level":"debug","message":"Duration: 0ms","service":"preplyte-api","timestamp":"2026-02-18 12:23:40"}
{"level":"info","message":"\u001b[0mGET /api/lms/courses/python/comments \u001b[36m304\u001b[0m 39.655 ms - -\u001b[0m","service":"preplyte-api","timestamp":"2026-02-18 12:23:40"}
{"level":"debug","message":"Query: SELECT \"public\".\"users\".\"id\", \"public\".\"users\".\"email\", \"public\".\"users\".\"role\"::text, \"public\".\"users\".\"instituteId\", \"public\".\"users\".\"isActive\", \"public\".\"users\".\"tokenVersion\" FROM \"public\".\"users\" WHERE (\"public\".\"users\".\"id\" = $1 AND 1=1) LIMIT $2 OFFSET $3","service":"preplyte-api","timestamp":"2026-02-18 12:23:47"}
{"level":"debug","message":"Params: [\"cmlqa69ye0009mz559gk9ledi\",1,0]","service":"preplyte-api","timestamp":"2026-02-18 12:23:47"}
{"level":"debug","message":"Duration: 1ms","service":"preplyte-api","timestamp":"2026-02-18 12:23:47"}
{"level":"debug","message":"Query: SELECT \"public\".\"lms_courses\".\"id\", \"public\".\"lms_courses\".\"categoryId\", \"public\".\"lms_courses\".\"title\", \"public\".\"lms_courses\".\"slug\", \"public\".\"lms_courses\".\"shortDescription\", \"public\".\"lms_courses\".\"description\", \"public\".\"lms_courses\".\"thumbnailUrl\", \"public\".\"lms_courses\".\"previewVideoUrl\", \"public\".\"lms_courses\".\"totalModules\", \"public\".\"lms_courses\".\"totalTopics\", \"public\".\"lms_courses\".\"totalPoints\", \"public\".\"lms_courses\".\"totalHours\", \"public\".\"lms_courses\".\"price\", \"public\".\"lms_courses\".\"discountPrice\", \"public\".\"lms_courses\".\"currency\", \"public\".\"lms_courses\".\"status\"::text, \"public\".\"lms_courses\".\"isActive\", \"public\".\"lms_courses\".\"certificateEnabled\", \"public\".\"lms_courses\".\"passingPercentage\", \"public\".\"lms_courses\".\"tags\", \"public\".\"lms_courses\".\"difficulty\"::text, \"public\".\"lms_courses\".\"instructor\", \"public\".\"lms_courses\".\"language\", \"public\".\"lms_courses\".\"averageRating\", \"public\".\"lms_courses\".\"ratingsCount\", \"public\".\"lms_courses\".\"createdAt\", \"public\".\"lms_courses\".\"updatedAt\", \"public\".\"lms_courses\".\"publishedAt\" FROM \"public\".\"lms_courses\" WHERE (\"public\".\"lms_courses\".\"slug\" = $1 AND 1=1) LIMIT $2 OFFSET $3","service":"preplyte-api","timestamp":"2026-02-18 12:23:47"}
{"level":"debug","message":"Params: [\"python\",1,0]","service":"preplyte-api","timestamp":"2026-02-18 12:23:47"}
{"level":"debug","message":"Duration: 1ms","service":"preplyte-api","timestamp":"2026-02-18 12:23:47"}
{"level":"debug","message":"Query: SELECT \"public\".\"lms_final_tests\".\"id\", \"public\".\"lms_final_tests\".\"courseId\", \"public\".\"lms_final_tests\".\"title\", \"public\".\"lms_final_tests\".\"instructions\", \"public\".\"lms_final_tests\".\"totalQuestions\", \"public\".\"lms_final_tests\".\"passingScore\", \"public\".\"lms_final_tests\".\"timeLimitMinutes\", \"public\".\"lms_final_tests\".\"pointsPerQuestion\", \"public\".\"lms_final_tests\".\"totalPoints\", \"public\".\"lms_final_tests\".\"maxAttempts\", \"public\".\"lms_final_tests\".\"isActive\", \"public\".\"lms_final_tests\".\"createdAt\", \"public\".\"lms_final_tests\".\"updatedAt\" FROM \"public\".\"lms_final_tests\" WHERE \"public\".\"lms_final_tests\".\"courseId\" IN ($1) OFFSET $2","service":"preplyte-api","timestamp":"2026-02-18 12:23:47"}
{"level":"debug","message":"Params: [\"cmlq4mwy70005ail9oqvo554e\",0]","service":"preplyte-api","timestamp":"2026-02-18 12:23:47"}
{"level":"debug","message":"Duration: 0ms","service":"preplyte-api","timestamp":"2026-02-18 12:23:47"}
{"level":"debug","message":"Query: SELECT \"public\".\"lms_test_questions\".\"id\", \"public\".\"lms_test_questions\".\"moduleTestId\", \"public\".\"lms_test_questions\".\"finalTestId\", \"public\".\"lms_test_questions\".\"questionText\", \"public\".\"lms_test_questions\".\"explanation\", \"public\".\"lms_test_questions\".\"order\", \"public\".\"lms_test_questions\".\"points\", \"public\".\"lms_test_questions\".\"isActive\", \"public\".\"lms_test_questions\".\"createdAt\", \"public\".\"lms_test_questions\".\"updatedAt\" FROM \"public\".\"lms_test_questions\" WHERE (\"public\".\"lms_test_questions\".\"isActive\" = $1 AND \"public\".\"lms_test_questions\".\"finalTestId\" IN ($2)) ORDER BY \"public\".\"lms_test_questions\".\"order\" ASC OFFSET $3","service":"preplyte-api","timestamp":"2026-02-18 12:23:47"}
{"level":"debug","message":"Params: [true,\"cmlq4mwy70006ail9x0zgfcf2\",0]","service":"preplyte-api","timestamp":"2026-02-18 12:23:47"}
{"level":"debug","message":"Duration: 7ms","service":"preplyte-api","timestamp":"2026-02-18 12:23:47"}
{"level":"debug","message":"Query: SELECT \"public\".\"lms_test_options\".\"id\", \"public\".\"lms_test_options\".\"questionId\", \"public\".\"lms_test_options\".\"text\", \"public\".\"lms_test_options\".\"isCorrect\", \"public\".\"lms_test_options\".\"order\", \"public\".\"lms_test_options\".\"createdAt\", \"public\".\"lms_test_options\".\"updatedAt\" FROM \"public\".\"lms_test_options\" WHERE \"public\".\"lms_test_options\".\"questionId\" IN ($1) ORDER BY \"public\".\"lms_test_options\".\"order\" ASC OFFSET $2","service":"preplyte-api","timestamp":"2026-02-18 12:23:47"}
{"level":"debug","message":"Params: [\"cmlq4mwy70007ail94rc4gh4x\",0]","service":"preplyte-api","timestamp":"2026-02-18 12:23:47"}
{"level":"debug","message":"Duration: 3ms","service":"preplyte-api","timestamp":"2026-02-18 12:23:47"}
{"level":"debug","message":"Query: SELECT \"public\".\"lms_modules\".\"id\", \"public\".\"lms_modules\".\"courseId\", \"public\".\"lms_modules\".\"title\", \"public\".\"lms_modules\".\"shortDescription\", \"public\".\"lms_modules\".\"description\", \"public\".\"lms_modules\".\"order\", \"public\".\"lms_modules\".\"totalTopics\", \"public\".\"lms_modules\".\"points\", \"public\".\"lms_modules\".\"estimatedMinutes\", \"public\".\"lms_modules\".\"isActive\", \"public\".\"lms_modules\".\"createdAt\", \"public\".\"lms_modules\".\"updatedAt\" FROM \"public\".\"lms_modules\" WHERE (\"public\".\"lms_modules\".\"isActive\" = $1 AND \"public\".\"lms_modules\".\"courseId\" IN ($2)) OFFSET $3","service":"preplyte-api","timestamp":"2026-02-18 12:23:47"}
{"level":"debug","message":"Params: [true,\"cmlq4mwy70005ail9oqvo554e\",0]","service":"preplyte-api","timestamp":"2026-02-18 12:23:47"}
{"level":"debug","message":"Duration: 0ms","service":"preplyte-api","timestamp":"2026-02-18 12:23:47"}
{"level":"debug","message":"Query: SELECT \"public\".\"lms_enrollments\".\"id\", \"public\".\"lms_enrollments\".\"userId\", \"public\".\"lms_enrollments\".\"courseId\", \"public\".\"lms_enrollments\".\"status\"::text, \"public\".\"lms_enrollments\".\"completedModules\", \"public\".\"lms_enrollments\".\"completedTopics\", \"public\".\"lms_enrollments\".\"progressPercent\", \"public\".\"lms_enrollments\".\"totalPointsEarned\", \"public\".\"lms_enrollments\".\"moduleTestPointsEarned\", \"public\".\"lms_enrollments\".\"finalTestPointsEarned\", \"public\".\"lms_enrollments\".\"finalTestAttempted\", \"public\".\"lms_enrollments\".\"finalTestPassed\", \"public\".\"lms_enrollments\".\"finalTestScore\", \"public\".\"lms_enrollments\".\"finalTestMarks\", \"public\".\"lms_enrollments\".\"enrolledAt\", \"public\".\"lms_enrollments\".\"startedAt\", \"public\".\"lms_enrollments\".\"completedAt\", \"public\".\"lms_enrollments\".\"lastAccessedAt\", \"public\".\"lms_enrollments\".\"certificateUrl\", \"public\".\"lms_enrollments\".\"certificateIssuedAt\", \"public\".\"lms_enrollments\".\"createdAt\", \"public\".\"lms_enrollments\".\"updatedAt\" FROM \"public\".\"lms_enrollments\" WHERE ((\"public\".\"lms_enrollments\".\"userId\" = $1 AND \"public\".\"lms_enrollments\".\"courseId\" = $2) AND 1=1) LIMIT $3 OFFSET $4","service":"preplyte-api","timestamp":"2026-02-18 12:23:47"}
{"level":"debug","message":"Params: [\"cmlqa69ye0009mz559gk9ledi\",\"cmlq4mwy70005ail9oqvo554e\",1,0]","service":"preplyte-api","timestamp":"2026-02-18 12:23:47"}
{"level":"debug","message":"Duration: 1ms","service":"preplyte-api","timestamp":"2026-02-18 12:23:47"}
{"level":"debug","message":"Query: SELECT COUNT(*) FROM (SELECT \"public\".\"lms_module_progress\".\"id\" FROM \"public\".\"lms_module_progress\" WHERE (\"public\".\"lms_module_progress\".\"userId\" = $1 AND \"public\".\"lms_module_progress\".\"moduleId\" IN ($2) AND \"public\".\"lms_module_progress\".\"status\" = CAST($3::text AS \"public\".\"LmsModuleStatus\")) OFFSET $4) AS \"sub\"","service":"preplyte-api","timestamp":"2026-02-18 12:23:47"}
{"level":"debug","message":"Params: [\"cmlqa69ye0009mz559gk9ledi\",\"cmlq4o74o000cail9p6dp7mym\",\"COMPLETED\",0]","service":"preplyte-api","timestamp":"2026-02-18 12:23:47"}
{"level":"debug","message":"Duration: 6ms","service":"preplyte-api","timestamp":"2026-02-18 12:23:47"}
{"level":"debug","message":"Query: INSERT INTO \"public\".\"lms_test_attempts\" (\"id\",\"userId\",\"finalTestId\",\"testType\",\"status\",\"attemptNumber\",\"totalQuestions\",\"correctAnswers\",\"wrongAnswers\",\"unanswered\",\"score\",\"pointsEarned\",\"marksObtained\",\"totalMarks\",\"isPassed\",\"timeLimitMinutes\",\"timeSpentSeconds\",\"startedAt\",\"expiresAt\",\"createdAt\",\"updatedAt\") VALUES ($1,$2,$3,CAST($4::text AS \"public\".\"LmsTestType\"),CAST($5::text AS \"public\".\"LmsTestAttemptStatus\"),$6,$7,$8,$9,$10,$11,$12,$13,$14,$15,$16,$17,$18,$19,$20,$21) RETURNING \"public\".\"lms_test_attempts\".\"id\", \"public\".\"lms_test_attempts\".\"userId\", \"public\".\"lms_test_attempts\".\"moduleTestId\", \"public\".\"lms_test_attempts\".\"finalTestId\", \"public\".\"lms_test_attempts\".\"testType\"::text, \"public\".\"lms_test_attempts\".\"status\"::text, \"public\".\"lms_test_attempts\".\"attemptNumber\", \"public\".\"lms_test_attempts\".\"totalQuestions\", \"public\".\"lms_test_attempts\".\"correctAnswers\", \"public\".\"lms_test_attempts\".\"wrongAnswers\", \"public\".\"lms_test_attempts\".\"unanswered\", \"public\".\"lms_test_attempts\".\"score\", \"public\".\"lms_test_attempts\".\"pointsEarned\", \"public\".\"lms_test_attempts\".\"marksObtained\", \"public\".\"lms_test_attempts\".\"totalMarks\", \"public\".\"lms_test_attempts\".\"isPassed\", \"public\".\"lms_test_attempts\".\"timeLimitMinutes\", \"public\".\"lms_test_attempts\".\"timeSpentSeconds\", \"public\".\"lms_test_attempts\".\"startedAt\", \"public\".\"lms_test_attempts\".\"completedAt\", \"public\".\"lms_test_attempts\".\"expiresAt\", \"public\".\"lms_test_attempts\".\"createdAt\", \"public\".\"lms_test_attempts\".\"updatedAt\"","service":"preplyte-api","timestamp":"2026-02-18 12:23:47"}
{"level":"debug","message":"Params: [\"cmlroetd8000jz1aiz58zqf39\",\"cmlqa69ye0009mz559gk9ledi\",\"cmlq4mwy70006ail9x0zgfcf2\",\"FINAL_TEST\",\"IN_PROGRESS\",1,1,0,0,0,0,0,0,100,false,30,0,\"2026-02-18 06:53:47.947 UTC\",\"2026-02-18 07:23:47.947 UTC\",\"2026-02-18 06:53:47.949 UTC\",\"2026-02-18 06:53:47.949 UTC\"]","service":"preplyte-api","timestamp":"2026-02-18 12:23:47"}
{"level":"debug","message":"Duration: 5ms","service":"preplyte-api","timestamp":"2026-02-18 12:23:47"}
{"level":"info","message":"\u001b[0mPOST /api/lms/courses/python/final-test/start \u001b[32m200\u001b[0m 49.169 ms - 542\u001b[0m","service":"preplyte-api","timestamp":"2026-02-18 12:23:47"}
{"level":"debug","message":"Query: SELECT \"public\".\"users\".\"id\", \"public\".\"users\".\"email\", \"public\".\"users\".\"role\"::text, \"public\".\"users\".\"instituteId\", \"public\".\"users\".\"isActive\", \"public\".\"users\".\"tokenVersion\" FROM \"public\".\"users\" WHERE (\"public\".\"users\".\"id\" = $1 AND 1=1) LIMIT $2 OFFSET $3","service":"preplyte-api","timestamp":"2026-02-18 12:23:52"}
{"level":"debug","message":"Params: [\"cmlqa69ye0009mz559gk9ledi\",1,0]","service":"preplyte-api","timestamp":"2026-02-18 12:23:52"}
{"level":"debug","message":"Duration: 0ms","service":"preplyte-api","timestamp":"2026-02-18 12:23:52"}
{"level":"debug","message":"Query: SELECT \"public\".\"lms_courses\".\"id\", \"public\".\"lms_courses\".\"categoryId\", \"public\".\"lms_courses\".\"title\", \"public\".\"lms_courses\".\"slug\", \"public\".\"lms_courses\".\"shortDescription\", \"public\".\"lms_courses\".\"description\", \"public\".\"lms_courses\".\"thumbnailUrl\", \"public\".\"lms_courses\".\"previewVideoUrl\", \"public\".\"lms_courses\".\"totalModules\", \"public\".\"lms_courses\".\"totalTopics\", \"public\".\"lms_courses\".\"totalPoints\", \"public\".\"lms_courses\".\"totalHours\", \"public\".\"lms_courses\".\"price\", \"public\".\"lms_courses\".\"discountPrice\", \"public\".\"lms_courses\".\"currency\", \"public\".\"lms_courses\".\"status\"::text, \"public\".\"lms_courses\".\"isActive\", \"public\".\"lms_courses\".\"certificateEnabled\", \"public\".\"lms_courses\".\"passingPercentage\", \"public\".\"lms_courses\".\"tags\", \"public\".\"lms_courses\".\"difficulty\"::text, \"public\".\"lms_courses\".\"instructor\", \"public\".\"lms_courses\".\"language\", \"public\".\"lms_courses\".\"averageRating\", \"public\".\"lms_courses\".\"ratingsCount\", \"public\".\"lms_courses\".\"createdAt\", \"public\".\"lms_courses\".\"updatedAt\", \"public\".\"lms_courses\".\"publishedAt\" FROM \"public\".\"lms_courses\" WHERE (\"public\".\"lms_courses\".\"slug\" = $1 AND 1=1) LIMIT $2 OFFSET $3","service":"preplyte-api","timestamp":"2026-02-18 12:23:52"}
{"level":"debug","message":"Params: [\"python\",1,0]","service":"preplyte-api","timestamp":"2026-02-18 12:23:52"}
{"level":"debug","message":"Duration: 0ms","service":"preplyte-api","timestamp":"2026-02-18 12:23:52"}
{"level":"debug","message":"Query: SELECT \"public\".\"lms_final_tests\".\"id\", \"public\".\"lms_final_tests\".\"courseId\", \"public\".\"lms_final_tests\".\"title\", \"public\".\"lms_final_tests\".\"instructions\", \"public\".\"lms_final_tests\".\"totalQuestions\", \"public\".\"lms_final_tests\".\"passingScore\", \"public\".\"lms_final_tests\".\"timeLimitMinutes\", \"public\".\"lms_final_tests\".\"pointsPerQuestion\", \"public\".\"lms_final_tests\".\"totalPoints\", \"public\".\"lms_final_tests\".\"maxAttempts\", \"public\".\"lms_final_tests\".\"isActive\", \"public\".\"lms_final_tests\".\"createdAt\", \"public\".\"lms_final_tests\".\"updatedAt\" FROM \"public\".\"lms_final_tests\" WHERE \"public\".\"lms_final_tests\".\"courseId\" IN ($1) OFFSET $2","service":"preplyte-api","timestamp":"2026-02-18 12:23:52"}
{"level":"debug","message":"Params: [\"cmlq4mwy70005ail9oqvo554e\",0]","service":"preplyte-api","timestamp":"2026-02-18 12:23:52"}
{"level":"debug","message":"Duration: 0ms","service":"preplyte-api","timestamp":"2026-02-18 12:23:52"}
{"level":"debug","message":"Query: SELECT \"public\".\"lms_test_questions\".\"id\", \"public\".\"lms_test_questions\".\"moduleTestId\", \"public\".\"lms_test_questions\".\"finalTestId\", \"public\".\"lms_test_questions\".\"questionText\", \"public\".\"lms_test_questions\".\"explanation\", \"public\".\"lms_test_questions\".\"order\", \"public\".\"lms_test_questions\".\"points\", \"public\".\"lms_test_questions\".\"isActive\", \"public\".\"lms_test_questions\".\"createdAt\", \"public\".\"lms_test_questions\".\"updatedAt\" FROM \"public\".\"lms_test_questions\" WHERE \"public\".\"lms_test_questions\".\"finalTestId\" IN ($1) OFFSET $2","service":"preplyte-api","timestamp":"2026-02-18 12:23:52"}
{"level":"debug","message":"Params: [\"cmlq4mwy70006ail9x0zgfcf2\",0]","service":"preplyte-api","timestamp":"2026-02-18 12:23:52"}
{"level":"debug","message":"Duration: 1ms","service":"preplyte-api","timestamp":"2026-02-18 12:23:52"}
{"level":"debug","message":"Query: SELECT \"public\".\"lms_test_options\".\"id\", \"public\".\"lms_test_options\".\"questionId\", \"public\".\"lms_test_options\".\"text\", \"public\".\"lms_test_options\".\"isCorrect\", \"public\".\"lms_test_options\".\"order\", \"public\".\"lms_test_options\".\"createdAt\", \"public\".\"lms_test_options\".\"updatedAt\" FROM \"public\".\"lms_test_options\" WHERE \"public\".\"lms_test_options\".\"questionId\" IN ($1) OFFSET $2","service":"preplyte-api","timestamp":"2026-02-18 12:23:52"}
{"level":"debug","message":"Params: [\"cmlq4mwy70007ail94rc4gh4x\",0]","service":"preplyte-api","timestamp":"2026-02-18 12:23:52"}
{"level":"debug","message":"Duration: 1ms","service":"preplyte-api","timestamp":"2026-02-18 12:23:52"}
{"level":"debug","message":"Query: SELECT \"public\".\"lms_course_feedbacks\".\"id\", \"public\".\"lms_course_feedbacks\".\"userId\", \"public\".\"lms_course_feedbacks\".\"courseId\", \"public\".\"lms_course_feedbacks\".\"rating\", \"public\".\"lms_course_feedbacks\".\"comment\", \"public\".\"lms_course_feedbacks\".\"createdAt\", \"public\".\"lms_course_feedbacks\".\"updatedAt\" FROM \"public\".\"lms_course_feedbacks\" WHERE ((\"public\".\"lms_course_feedbacks\".\"userId\" = $1 AND \"public\".\"lms_course_feedbacks\".\"courseId\" = $2) AND 1=1) LIMIT $3 OFFSET $4","service":"preplyte-api","timestamp":"2026-02-18 12:23:52"}
{"level":"debug","message":"Params: [\"cmlqa69ye0009mz559gk9ledi\",\"cmlq4mwy70005ail9oqvo554e\",1,0]","service":"preplyte-api","timestamp":"2026-02-18 12:23:52"}
{"level":"debug","message":"Duration: 0ms","service":"preplyte-api","timestamp":"2026-02-18 12:23:52"}
{"level":"debug","message":"Query: SELECT \"public\".\"lms_test_attempts\".\"id\", \"public\".\"lms_test_attempts\".\"userId\", \"public\".\"lms_test_attempts\".\"moduleTestId\", \"public\".\"lms_test_attempts\".\"finalTestId\", \"public\".\"lms_test_attempts\".\"testType\"::text, \"public\".\"lms_test_attempts\".\"status\"::text, \"public\".\"lms_test_attempts\".\"attemptNumber\", \"public\".\"lms_test_attempts\".\"totalQuestions\", \"public\".\"lms_test_attempts\".\"correctAnswers\", \"public\".\"lms_test_attempts\".\"wrongAnswers\", \"public\".\"lms_test_attempts\".\"unanswered\", \"public\".\"lms_test_attempts\".\"score\", \"public\".\"lms_test_attempts\".\"pointsEarned\", \"public\".\"lms_test_attempts\".\"marksObtained\", \"public\".\"lms_test_attempts\".\"totalMarks\", \"public\".\"lms_test_attempts\".\"isPassed\", \"public\".\"lms_test_attempts\".\"timeLimitMinutes\", \"public\".\"lms_test_attempts\".\"timeSpentSeconds\", \"public\".\"lms_test_attempts\".\"startedAt\", \"public\".\"lms_test_attempts\".\"completedAt\", \"public\".\"lms_test_attempts\".\"expiresAt\", \"public\".\"lms_test_attempts\".\"createdAt\", \"public\".\"lms_test_attempts\".\"updatedAt\" FROM \"public\".\"lms_test_attempts\" WHERE (\"public\".\"lms_test_attempts\".\"userId\" = $1 AND \"public\".\"lms_test_attempts\".\"finalTestId\" = $2 AND \"public\".\"lms_test_attempts\".\"status\" = CAST($3::text AS \"public\".\"LmsTestAttemptStatus\")) LIMIT $4 OFFSET $5","service":"preplyte-api","timestamp":"2026-02-18 12:23:52"}
{"level":"debug","message":"Params: [\"cmlqa69ye0009mz559gk9ledi\",\"cmlq4mwy70006ail9x0zgfcf2\",\"IN_PROGRESS\",1,0]","service":"preplyte-api","timestamp":"2026-02-18 12:23:52"}
{"level":"debug","message":"Duration: 8ms","service":"preplyte-api","timestamp":"2026-02-18 12:23:52"}
{"level":"debug","message":"Query: BEGIN","service":"preplyte-api","timestamp":"2026-02-18 12:23:52"}
{"level":"debug","message":"Params: []","service":"preplyte-api","timestamp":"2026-02-18 12:23:52"}
{"level":"debug","message":"Duration: 0ms","service":"preplyte-api","timestamp":"2026-02-18 12:23:52"}
{"level":"debug","message":"Query: INSERT INTO \"public\".\"lms_test_responses\" (\"answeredAt\",\"attemptId\",\"updatedAt\",\"questionId\",\"pointsAwarded\",\"createdAt\",\"isCorrect\",\"selectedOptionId\",\"id\") VALUES ($1,$2,$3,$4,$5,$6,$7,$8,$9)","service":"preplyte-api","timestamp":"2026-02-18 12:23:52"}
{"level":"debug","message":"Params: [\"2026-02-18 06:53:52.648 UTC\",\"cmlroetd8000jz1aiz58zqf39\",\"2026-02-18 06:53:52.654 UTC\",\"cmlq4mwy70007ail94rc4gh4x\",1,\"2026-02-18 06:53:52.654 UTC\",true,\"cmlq8tgkj0007zjj95f5wjbz8\",\"cmlroewzy000lz1aif97xhxi4\"]","service":"preplyte-api","timestamp":"2026-02-18 12:23:52"}
{"level":"debug","message":"Duration: 6ms","service":"preplyte-api","timestamp":"2026-02-18 12:23:52"}
{"level":"debug","message":"Query: UPDATE \"public\".\"lms_test_attempts\" SET \"status\" = CAST($1::text AS \"public\".\"LmsTestAttemptStatus\"), \"correctAnswers\" = $2, \"wrongAnswers\" = $3, \"unanswered\" = $4, \"score\" = $5, \"pointsEarned\" = $6, \"marksObtained\" = $7, \"isPassed\" = $8, \"timeSpentSeconds\" = $9, \"completedAt\" = $10, \"updatedAt\" = $11 WHERE (\"public\".\"lms_test_attempts\".\"id\" = $12 AND 1=1) RETURNING \"public\".\"lms_test_attempts\".\"id\", \"public\".\"lms_test_attempts\".\"userId\", \"public\".\"lms_test_attempts\".\"moduleTestId\", \"public\".\"lms_test_attempts\".\"finalTestId\", \"public\".\"lms_test_attempts\".\"testType\"::text, \"public\".\"lms_test_attempts\".\"status\"::text, \"public\".\"lms_test_attempts\".\"attemptNumber\", \"public\".\"lms_test_attempts\".\"totalQuestions\", \"public\".\"lms_test_attempts\".\"correctAnswers\", \"public\".\"lms_test_attempts\".\"wrongAnswers\", \"public\".\"lms_test_attempts\".\"unanswered\", \"public\".\"lms_test_attempts\".\"score\", \"public\".\"lms_test_attempts\".\"pointsEarned\", \"public\".\"lms_test_attempts\".\"marksObtained\", \"public\".\"lms_test_attempts\".\"totalMarks\", \"public\".\"lms_test_attempts\".\"isPassed\", \"public\".\"lms_test_attempts\".\"timeLimitMinutes\", \"public\".\"lms_test_attempts\".\"timeSpentSeconds\", \"public\".\"lms_test_attempts\".\"startedAt\", \"public\".\"lms_test_attempts\".\"completedAt\", \"public\".\"lms_test_attempts\".\"expiresAt\", \"public\".\"lms_test_attempts\".\"createdAt\", \"public\".\"lms_test_attempts\".\"updatedAt\"","service":"preplyte-api","timestamp":"2026-02-18 12:23:52"}
{"level":"debug","message":"Params: [\"COMPLETED\",1,0,0,100,1,1,true,4,\"2026-02-18 06:53:52.663 UTC\",\"2026-02-18 06:53:52.666 UTC\",\"cmlroetd8000jz1aiz58zqf39\"]","service":"preplyte-api","timestamp":"2026-02-18 12:23:52"}
{"level":"debug","message":"Duration: 2ms","service":"preplyte-api","timestamp":"2026-02-18 12:23:52"}
{"level":"debug","message":"Query: UPDATE \"public\".\"lms_enrollments\" SET \"finalTestAttempted\" = $1, \"finalTestScore\" = $2, \"finalTestMarks\" = $3, \"finalTestPointsEarned\" = $4, \"totalPointsEarned\" = (\"public\".\"lms_enrollments\".\"totalPointsEarned\" + $5), \"finalTestPassed\" = $6, \"status\" = CAST($7::text AS \"public\".\"LmsEnrollmentStatus\"), \"completedAt\" = $8, \"certificateUrl\" = $9, \"certificateIssuedAt\" = $10, \"updatedAt\" = $11 WHERE ((\"public\".\"lms_enrollments\".\"userId\" = $12 AND \"public\".\"lms_enrollments\".\"courseId\" = $13) AND 1=1) RETURNING \"public\".\"lms_enrollments\".\"id\", \"public\".\"lms_enrollments\".\"userId\", \"public\".\"lms_enrollments\".\"courseId\", \"public\".\"lms_enrollments\".\"status\"::text, \"public\".\"lms_enrollments\".\"completedModules\", \"public\".\"lms_enrollments\".\"completedTopics\", \"public\".\"lms_enrollments\".\"progressPercent\", \"public\".\"lms_enrollments\".\"totalPointsEarned\", \"public\".\"lms_enrollments\".\"moduleTestPointsEarned\", \"public\".\"lms_enrollments\".\"finalTestPointsEarned\", \"public\".\"lms_enrollments\".\"finalTestAttempted\", \"public\".\"lms_enrollments\".\"finalTestPassed\", \"public\".\"lms_enrollments\".\"finalTestScore\", \"public\".\"lms_enrollments\".\"finalTestMarks\", \"public\".\"lms_enrollments\".\"enrolledAt\", \"public\".\"lms_enrollments\".\"startedAt\", \"public\".\"lms_enrollments\".\"completedAt\", \"public\".\"lms_enrollments\".\"lastAccessedAt\", \"public\".\"lms_enrollments\".\"certificateUrl\", \"public\".\"lms_enrollments\".\"certificateIssuedAt\", \"public\".\"lms_enrollments\".\"createdAt\", \"public\".\"lms_enrollments\".\"updatedAt\"","service":"preplyte-api","timestamp":"2026-02-18 12:23:52"}
{"level":"debug","message":"Params: [true,100,1,1,1,true,\"COMPLETED\",\"2026-02-18 06:53:52.671 UTC\",\"https://certificates.example.com/cert-python-cmlqa69ye0009mz559gk9ledi-1771397632671.pdf\",\"2026-02-18 06:53:52.671 UTC\",\"2026-02-18 06:53:52.673 UTC\",\"cmlqa69ye0009mz559gk9ledi\",\"cmlq4mwy70005ail9oqvo554e\"]","service":"preplyte-api","timestamp":"2026-02-18 12:23:52"}
{"level":"debug","message":"Duration: 2ms","service":"preplyte-api","timestamp":"2026-02-18 12:23:52"}
{"level":"debug","message":"Query: COMMIT","service":"preplyte-api","timestamp":"2026-02-18 12:23:52"}
{"level":"debug","message":"Params: []","service":"preplyte-api","timestamp":"2026-02-18 12:23:52"}
{"level":"debug","message":"Duration: 0ms","service":"preplyte-api","timestamp":"2026-02-18 12:23:52"}
{"level":"info","message":"\u001b[0mPOST /api/lms/courses/python/final-test/submit \u001b[32m200\u001b[0m 80.109 ms - 559\u001b[0m","service":"preplyte-api","timestamp":"2026-02-18 12:23:52"}
{"level":"debug","message":"Query: SELECT \"public\".\"users\".\"id\", \"public\".\"users\".\"email\", \"public\".\"users\".\"role\"::text, \"public\".\"users\".\"instituteId\", \"public\".\"users\".\"isActive\", \"public\".\"users\".\"tokenVersion\" FROM \"public\".\"users\" WHERE (\"public\".\"users\".\"id\" = $1 AND 1=1) LIMIT $2 OFFSET $3","service":"preplyte-api","timestamp":"2026-02-18 12:23:52"}
{"level":"debug","message":"Params: [\"cmlqa69ye0009mz559gk9ledi\",1,0]","service":"preplyte-api","timestamp":"2026-02-18 12:23:52"}
{"level":"debug","message":"Duration: 1ms","service":"preplyte-api","timestamp":"2026-02-18 12:23:52"}
{"level":"debug","message":"Query: SELECT \"public\".\"lms_courses\".\"id\", \"public\".\"lms_courses\".\"categoryId\", \"public\".\"lms_courses\".\"title\", \"public\".\"lms_courses\".\"slug\", \"public\".\"lms_courses\".\"shortDescription\", \"public\".\"lms_courses\".\"description\", \"public\".\"lms_courses\".\"thumbnailUrl\", \"public\".\"lms_courses\".\"previewVideoUrl\", \"public\".\"lms_courses\".\"totalModules\", \"public\".\"lms_courses\".\"totalTopics\", \"public\".\"lms_courses\".\"totalPoints\", \"public\".\"lms_courses\".\"totalHours\", \"public\".\"lms_courses\".\"price\", \"public\".\"lms_courses\".\"discountPrice\", \"public\".\"lms_courses\".\"currency\", \"public\".\"lms_courses\".\"status\"::text, \"public\".\"lms_courses\".\"isActive\", \"public\".\"lms_courses\".\"certificateEnabled\", \"public\".\"lms_courses\".\"passingPercentage\", \"public\".\"lms_courses\".\"tags\", \"public\".\"lms_courses\".\"difficulty\"::text, \"public\".\"lms_courses\".\"instructor\", \"public\".\"lms_courses\".\"language\", \"public\".\"lms_courses\".\"averageRating\", \"public\".\"lms_courses\".\"ratingsCount\", \"public\".\"lms_courses\".\"createdAt\", \"public\".\"lms_courses\".\"updatedAt\", \"public\".\"lms_courses\".\"publishedAt\", COALESCE(\"aggr_selection_0_LmsEnrollment\".\"_aggr_count_enrollments\", 0) AS \"_aggr_count_enrollments\" FROM \"public\".\"lms_courses\" LEFT JOIN (SELECT \"public\".\"lms_enrollments\".\"courseId\", COUNT(*) AS \"_aggr_count_enrollments\" FROM \"public\".\"lms_enrollments\" WHERE 1=1 GROUP BY \"public\".\"lms_enrollments\".\"courseId\") AS \"aggr_selection_0_LmsEnrollment\" ON (\"public\".\"lms_courses\".\"id\" = \"aggr_selection_0_LmsEnrollment\".\"courseId\") WHERE (\"public\".\"lms_courses\".\"slug\" = $1 AND 1=1) LIMIT $2 OFFSET $3","service":"preplyte-api","timestamp":"2026-02-18 12:23:52"}
{"level":"debug","message":"Params: [\"python\",1,0]","service":"preplyte-api","timestamp":"2026-02-18 12:23:52"}
{"level":"debug","message":"Duration: 1ms","service":"preplyte-api","timestamp":"2026-02-18 12:23:52"}
{"level":"debug","message":"Query: SELECT \"public\".\"lms_categories\".\"id\", \"public\".\"lms_categories\".\"name\", \"public\".\"lms_categories\".\"slug\", \"public\".\"lms_categories\".\"description\", \"public\".\"lms_categories\".\"iconUrl\", \"public\".\"lms_categories\".\"order\", \"public\".\"lms_categories\".\"isActive\", \"public\".\"lms_categories\".\"createdAt\", \"public\".\"lms_categories\".\"updatedAt\" FROM \"public\".\"lms_categories\" WHERE \"public\".\"lms_categories\".\"id\" IN ($1) OFFSET $2","service":"preplyte-api","timestamp":"2026-02-18 12:23:52"}
{"level":"debug","message":"Params: [\"cmlq4lrae0003ail99wlb2luj\",0]","service":"preplyte-api","timestamp":"2026-02-18 12:23:52"}
{"level":"debug","message":"Duration: 0ms","service":"preplyte-api","timestamp":"2026-02-18 12:23:52"}
{"level":"debug","message":"Query: SELECT \"public\".\"lms_modules\".\"id\", \"public\".\"lms_modules\".\"courseId\", \"public\".\"lms_modules\".\"title\", \"public\".\"lms_modules\".\"shortDescription\", \"public\".\"lms_modules\".\"description\", \"public\".\"lms_modules\".\"order\", \"public\".\"lms_modules\".\"totalTopics\", \"public\".\"lms_modules\".\"points\", \"public\".\"lms_modules\".\"estimatedMinutes\", \"public\".\"lms_modules\".\"isActive\", \"public\".\"lms_modules\".\"createdAt\", \"public\".\"lms_modules\".\"updatedAt\" FROM \"public\".\"lms_modules\" WHERE (\"public\".\"lms_modules\".\"isActive\" = $1 AND \"public\".\"lms_modules\".\"courseId\" IN ($2)) ORDER BY \"public\".\"lms_modules\".\"order\" ASC OFFSET $3","service":"preplyte-api","timestamp":"2026-02-18 12:23:52"}
{"level":"debug","message":"Params: [true,\"cmlq4mwy70005ail9oqvo554e\",0]","service":"preplyte-api","timestamp":"2026-02-18 12:23:52"}
{"level":"debug","message":"Duration: 0ms","service":"preplyte-api","timestamp":"2026-02-18 12:23:52"}
{"level":"debug","message":"Query: SELECT \"public\".\"lms_topics\".\"id\", \"public\".\"lms_topics\".\"title\", \"public\".\"lms_topics\".\"order\", \"public\".\"lms_topics\".\"estimatedMinutes\", \"public\".\"lms_topics\".\"videoUrl\", \"public\".\"lms_topics\".\"moduleId\" FROM \"public\".\"lms_topics\" WHERE (\"public\".\"lms_topics\".\"isActive\" = $1 AND \"public\".\"lms_topics\".\"moduleId\" IN ($2)) ORDER BY \"public\".\"lms_topics\".\"order\" ASC OFFSET $3","service":"preplyte-api","timestamp":"2026-02-18 12:23:52"}
{"level":"debug","message":"Params: [true,\"cmlq4o74o000cail9p6dp7mym\",0]","service":"preplyte-api","timestamp":"2026-02-18 12:23:52"}
{"level":"debug","message":"Duration: 0ms","service":"preplyte-api","timestamp":"2026-02-18 12:23:52"}
{"level":"debug","message":"Query: SELECT \"public\".\"lms_module_tests\".\"id\", \"public\".\"lms_module_tests\".\"title\", \"public\".\"lms_module_tests\".\"instructions\", \"public\".\"lms_module_tests\".\"totalQuestions\", \"public\".\"lms_module_tests\".\"timeLimitMinutes\", \"public\".\"lms_module_tests\".\"passingScore\", \"public\".\"lms_module_tests\".\"maxAttempts\", \"public\".\"lms_module_tests\".\"pointsPerQuestion\", \"public\".\"lms_module_tests\".\"totalPoints\", \"public\".\"lms_module_tests\".\"isActive\", \"public\".\"lms_module_tests\".\"moduleId\" FROM \"public\".\"lms_module_tests\" WHERE \"public\".\"lms_module_tests\".\"moduleId\" IN ($1) OFFSET $2","service":"preplyte-api","timestamp":"2026-02-18 12:23:52"}
{"level":"debug","message":"Params: [\"cmlq4o74o000cail9p6dp7mym\",0]","service":"preplyte-api","timestamp":"2026-02-18 12:23:52"}
{"level":"debug","message":"Duration: 0ms","service":"preplyte-api","timestamp":"2026-02-18 12:23:52"}
{"level":"debug","message":"Query: SELECT \"public\".\"lms_final_tests\".\"id\", \"public\".\"lms_final_tests\".\"courseId\", \"public\".\"lms_final_tests\".\"title\", \"public\".\"lms_final_tests\".\"instructions\", \"public\".\"lms_final_tests\".\"totalQuestions\", \"public\".\"lms_final_tests\".\"passingScore\", \"public\".\"lms_final_tests\".\"timeLimitMinutes\", \"public\".\"lms_final_tests\".\"pointsPerQuestion\", \"public\".\"lms_final_tests\".\"totalPoints\", \"public\".\"lms_final_tests\".\"maxAttempts\", \"public\".\"lms_final_tests\".\"isActive\", \"public\".\"lms_final_tests\".\"createdAt\", \"public\".\"lms_final_tests\".\"updatedAt\" FROM \"public\".\"lms_final_tests\" WHERE \"public\".\"lms_final_tests\".\"courseId\" IN ($1) OFFSET $2","service":"preplyte-api","timestamp":"2026-02-18 12:23:52"}
{"level":"debug","message":"Params: [\"cmlq4mwy70005ail9oqvo554e\",0]","service":"preplyte-api","timestamp":"2026-02-18 12:23:52"}
{"level":"debug","message":"Duration: 0ms","service":"preplyte-api","timestamp":"2026-02-18 12:23:52"}
{"level":"debug","message":"Query: SELECT \"public\".\"lms_course_feedbacks\".\"id\", \"public\".\"lms_course_feedbacks\".\"userId\", \"public\".\"lms_course_feedbacks\".\"courseId\", \"public\".\"lms_course_feedbacks\".\"rating\", \"public\".\"lms_course_feedbacks\".\"comment\", \"public\".\"lms_course_feedbacks\".\"createdAt\", \"public\".\"lms_course_feedbacks\".\"updatedAt\" FROM \"public\".\"lms_course_feedbacks\" WHERE \"public\".\"lms_course_feedbacks\".\"courseId\" IN ($1) ORDER BY \"public\".\"lms_course_feedbacks\".\"createdAt\" DESC LIMIT $2 OFFSET $3","service":"preplyte-api","timestamp":"2026-02-18 12:23:52"}
{"level":"debug","message":"Params: [\"cmlq4mwy70005ail9oqvo554e\",5,0]","service":"preplyte-api","timestamp":"2026-02-18 12:23:52"}
{"level":"debug","message":"Duration: 0ms","service":"preplyte-api","timestamp":"2026-02-18 12:23:52"}
{"level":"debug","message":"Query: SELECT \"public\".\"users\".\"id\", \"public\".\"users\".\"name\" FROM \"public\".\"users\" WHERE \"public\".\"users\".\"id\" IN ($1) OFFSET $2","service":"preplyte-api","timestamp":"2026-02-18 12:23:52"}
{"level":"debug","message":"Params: [\"cmlq4h9or004p9qehngr7b15o\",0]","service":"preplyte-api","timestamp":"2026-02-18 12:23:52"}
{"level":"debug","message":"Duration: 0ms","service":"preplyte-api","timestamp":"2026-02-18 12:23:52"}
{"level":"debug","message":"Query: SELECT \"public\".\"student_profiles\".\"id\", \"public\".\"student_profiles\".\"fullName\", \"public\".\"student_profiles\".\"userId\" FROM \"public\".\"student_profiles\" WHERE \"public\".\"student_profiles\".\"userId\" IN ($1) OFFSET $2","service":"preplyte-api","timestamp":"2026-02-18 12:23:52"}
{"level":"debug","message":"Params: [\"cmlq4h9or004p9qehngr7b15o\",0]","service":"preplyte-api","timestamp":"2026-02-18 12:23:52"}
{"level":"debug","message":"Duration: 1ms","service":"preplyte-api","timestamp":"2026-02-18 12:23:52"}
{"level":"debug","message":"Query: SELECT \"public\".\"lms_enrollments\".\"id\", \"public\".\"lms_enrollments\".\"userId\", \"public\".\"lms_enrollments\".\"courseId\", \"public\".\"lms_enrollments\".\"status\"::text, \"public\".\"lms_enrollments\".\"completedModules\", \"public\".\"lms_enrollments\".\"completedTopics\", \"public\".\"lms_enrollments\".\"progressPercent\", \"public\".\"lms_enrollments\".\"totalPointsEarned\", \"public\".\"lms_enrollments\".\"moduleTestPointsEarned\", \"public\".\"lms_enrollments\".\"finalTestPointsEarned\", \"public\".\"lms_enrollments\".\"finalTestAttempted\", \"public\".\"lms_enrollments\".\"finalTestPassed\", \"public\".\"lms_enrollments\".\"finalTestScore\", \"public\".\"lms_enrollments\".\"finalTestMarks\", \"public\".\"lms_enrollments\".\"enrolledAt\", \"public\".\"lms_enrollments\".\"startedAt\", \"public\".\"lms_enrollments\".\"completedAt\", \"public\".\"lms_enrollments\".\"lastAccessedAt\", \"public\".\"lms_enrollments\".\"certificateUrl\", \"public\".\"lms_enrollments\".\"certificateIssuedAt\", \"public\".\"lms_enrollments\".\"createdAt\", \"public\".\"lms_enrollments\".\"updatedAt\" FROM \"public\".\"lms_enrollments\" WHERE ((\"public\".\"lms_enrollments\".\"userId\" = $1 AND \"public\".\"lms_enrollments\".\"courseId\" = $2) AND 1=1) LIMIT $3 OFFSET $4","service":"preplyte-api","timestamp":"2026-02-18 12:23:52"}
{"level":"debug","message":"Params: [\"cmlqa69ye0009mz559gk9ledi\",\"cmlq4mwy70005ail9oqvo554e\",1,0]","service":"preplyte-api","timestamp":"2026-02-18 12:23:52"}
{"level":"debug","message":"Duration: 1ms","service":"preplyte-api","timestamp":"2026-02-18 12:23:52"}
{"level":"debug","message":"Query: SELECT \"public\".\"lms_course_feedbacks\".\"id\", \"public\".\"lms_course_feedbacks\".\"userId\", \"public\".\"lms_course_feedbacks\".\"courseId\", \"public\".\"lms_course_feedbacks\".\"rating\", \"public\".\"lms_course_feedbacks\".\"comment\", \"public\".\"lms_course_feedbacks\".\"createdAt\", \"public\".\"lms_course_feedbacks\".\"updatedAt\" FROM \"public\".\"lms_course_feedbacks\" WHERE ((\"public\".\"lms_course_feedbacks\".\"userId\" = $1 AND \"public\".\"lms_course_feedbacks\".\"courseId\" = $2) AND 1=1) LIMIT $3 OFFSET $4","service":"preplyte-api","timestamp":"2026-02-18 12:23:52"}
{"level":"debug","message":"Params: [\"cmlqa69ye0009mz559gk9ledi\",\"cmlq4mwy70005ail9oqvo554e\",1,0]","service":"preplyte-api","timestamp":"2026-02-18 12:23:52"}
{"level":"debug","message":"Duration: 12ms","service":"preplyte-api","timestamp":"2026-02-18 12:23:52"}
{"level":"debug","message":"Query: SELECT \"public\".\"lms_module_progress\".\"id\", \"public\".\"lms_module_progress\".\"userId\", \"public\".\"lms_module_progress\".\"moduleId\", \"public\".\"lms_module_progress\".\"status\"::text, \"public\".\"lms_module_progress\".\"completedTopics\", \"public\".\"lms_module_progress\".\"totalTopics\", \"public\".\"lms_module_progress\".\"progressPercent\", \"public\".\"lms_module_progress\".\"testAttempted\", \"public\".\"lms_module_progress\".\"testPassed\", \"public\".\"lms_module_progress\".\"testScore\", \"public\".\"lms_module_progress\".\"testAttempts\", \"public\".\"lms_module_progress\".\"pointsEarned\", \"public\".\"lms_module_progress\".\"timeSpentMinutes\", \"public\".\"lms_module_progress\".\"startedAt\", \"public\".\"lms_module_progress\".\"completedAt\", \"public\".\"lms_module_progress\".\"createdAt\", \"public\".\"lms_module_progress\".\"updatedAt\" FROM \"public\".\"lms_module_progress\" WHERE (\"public\".\"lms_module_progress\".\"userId\" = $1 AND \"public\".\"lms_module_progress\".\"moduleId\" IN ($2)) OFFSET $3","service":"preplyte-api","timestamp":"2026-02-18 12:23:52"}
{"level":"debug","message":"Params: [\"cmlqa69ye0009mz559gk9ledi\",\"cmlq4o74o000cail9p6dp7mym\",0]","service":"preplyte-api","timestamp":"2026-02-18 12:23:52"}
{"level":"debug","message":"Duration: 1ms","service":"preplyte-api","timestamp":"2026-02-18 12:23:52"}
{"level":"debug","message":"Query: SELECT \"public\".\"lms_topic_progress\".\"id\", \"public\".\"lms_topic_progress\".\"userId\", \"public\".\"lms_topic_progress\".\"topicId\", \"public\".\"lms_topic_progress\".\"status\"::text, \"public\".\"lms_topic_progress\".\"theoryCompleted\", \"public\".\"lms_topic_progress\".\"videoWatched\", \"public\".\"lms_topic_progress\".\"videoProgress\", \"public\".\"lms_topic_progress\".\"timeSpentMinutes\", \"public\".\"lms_topic_progress\".\"startedAt\", \"public\".\"lms_topic_progress\".\"completedAt\", \"public\".\"lms_topic_progress\".\"createdAt\", \"public\".\"lms_topic_progress\".\"updatedAt\" FROM \"public\".\"lms_topic_progress\" WHERE (\"public\".\"lms_topic_progress\".\"userId\" = $1 AND \"public\".\"lms_topic_progress\".\"topicId\" IN ($2)) OFFSET $3","service":"preplyte-api","timestamp":"2026-02-18 12:23:52"}
{"level":"debug","message":"Params: [\"cmlqa69ye0009mz559gk9ledi\",\"cmlq4o74z000eail9n55rp3yl\",0]","service":"preplyte-api","timestamp":"2026-02-18 12:23:52"}
{"level":"debug","message":"Duration: 1ms","service":"preplyte-api","timestamp":"2026-02-18 12:23:52"}
{"level":"info","message":"\u001b[0mGET /api/lms/courses/python \u001b[32m200\u001b[0m 71.808 ms - -\u001b[0m","service":"preplyte-api","timestamp":"2026-02-18 12:23:52"}
{"level":"debug","message":"Query: SELECT 1","service":"preplyte-api","timestamp":"2026-02-18 12:23:58"}
{"level":"debug","message":"Params: []","service":"preplyte-api","timestamp":"2026-02-18 12:23:58"}
{"level":"debug","message":"Duration: 0ms","service":"preplyte-api","timestamp":"2026-02-18 12:23:58"}
{"level":"debug","message":"Query: SELECT \"public\".\"users\".\"id\", \"public\".\"users\".\"email\", \"public\".\"users\".\"role\"::text, \"public\".\"users\".\"instituteId\", \"public\".\"users\".\"isActive\", \"public\".\"users\".\"tokenVersion\" FROM \"public\".\"users\" WHERE (\"public\".\"users\".\"id\" = $1 AND 1=1) LIMIT $2 OFFSET $3","service":"preplyte-api","timestamp":"2026-02-18 12:23:58"}
{"level":"debug","message":"Params: [\"cmlqa69ye0009mz559gk9ledi\",1,0]","service":"preplyte-api","timestamp":"2026-02-18 12:23:58"}
{"level":"debug","message":"Duration: 0ms","service":"preplyte-api","timestamp":"2026-02-18 12:23:58"}
{"level":"debug","message":"Query: SELECT \"public\".\"lms_courses\".\"id\", \"public\".\"lms_courses\".\"categoryId\", \"public\".\"lms_courses\".\"title\", \"public\".\"lms_courses\".\"slug\", \"public\".\"lms_courses\".\"shortDescription\", \"public\".\"lms_courses\".\"description\", \"public\".\"lms_courses\".\"thumbnailUrl\", \"public\".\"lms_courses\".\"previewVideoUrl\", \"public\".\"lms_courses\".\"totalModules\", \"public\".\"lms_courses\".\"totalTopics\", \"public\".\"lms_courses\".\"totalPoints\", \"public\".\"lms_courses\".\"totalHours\", \"public\".\"lms_courses\".\"price\", \"public\".\"lms_courses\".\"discountPrice\", \"public\".\"lms_courses\".\"currency\", \"public\".\"lms_courses\".\"status\"::text, \"public\".\"lms_courses\".\"isActive\", \"public\".\"lms_courses\".\"certificateEnabled\", \"public\".\"lms_courses\".\"passingPercentage\", \"public\".\"lms_courses\".\"tags\", \"public\".\"lms_courses\".\"difficulty\"::text, \"public\".\"lms_courses\".\"instructor\", \"public\".\"lms_courses\".\"language\", \"public\".\"lms_courses\".\"averageRating\", \"public\".\"lms_courses\".\"ratingsCount\", \"public\".\"lms_courses\".\"createdAt\", \"public\".\"lms_courses\".\"updatedAt\", \"public\".\"lms_courses\".\"publishedAt\", COALESCE(\"aggr_selection_0_LmsEnrollment\".\"_aggr_count_enrollments\", 0) AS \"_aggr_count_enrollments\" FROM \"public\".\"lms_courses\" LEFT JOIN (SELECT \"public\".\"lms_enrollments\".\"courseId\", COUNT(*) AS \"_aggr_count_enrollments\" FROM \"public\".\"lms_enrollments\" WHERE 1=1 GROUP BY \"public\".\"lms_enrollments\".\"courseId\") AS \"aggr_selection_0_LmsEnrollment\" ON (\"public\".\"lms_courses\".\"id\" = \"aggr_selection_0_LmsEnrollment\".\"courseId\") WHERE (\"public\".\"lms_courses\".\"slug\" = $1 AND 1=1) LIMIT $2 OFFSET $3","service":"preplyte-api","timestamp":"2026-02-18 12:23:58"}
{"level":"debug","message":"Params: [\"python\",1,0]","service":"preplyte-api","timestamp":"2026-02-18 12:23:58"}
{"level":"debug","message":"Duration: 1ms","service":"preplyte-api","timestamp":"2026-02-18 12:23:58"}
{"level":"debug","message":"Query: SELECT \"public\".\"lms_categories\".\"id\", \"public\".\"lms_categories\".\"name\", \"public\".\"lms_categories\".\"slug\", \"public\".\"lms_categories\".\"description\", \"public\".\"lms_categories\".\"iconUrl\", \"public\".\"lms_categories\".\"order\", \"public\".\"lms_categories\".\"isActive\", \"public\".\"lms_categories\".\"createdAt\", \"public\".\"lms_categories\".\"updatedAt\" FROM \"public\".\"lms_categories\" WHERE \"public\".\"lms_categories\".\"id\" IN ($1) OFFSET $2","service":"preplyte-api","timestamp":"2026-02-18 12:23:58"}
{"level":"debug","message":"Params: [\"cmlq4lrae0003ail99wlb2luj\",0]","service":"preplyte-api","timestamp":"2026-02-18 12:23:58"}
{"level":"debug","message":"Duration: 4ms","service":"preplyte-api","timestamp":"2026-02-18 12:23:58"}
{"level":"debug","message":"Query: SELECT \"public\".\"lms_modules\".\"id\", \"public\".\"lms_modules\".\"courseId\", \"public\".\"lms_modules\".\"title\", \"public\".\"lms_modules\".\"shortDescription\", \"public\".\"lms_modules\".\"description\", \"public\".\"lms_modules\".\"order\", \"public\".\"lms_modules\".\"totalTopics\", \"public\".\"lms_modules\".\"points\", \"public\".\"lms_modules\".\"estimatedMinutes\", \"public\".\"lms_modules\".\"isActive\", \"public\".\"lms_modules\".\"createdAt\", \"public\".\"lms_modules\".\"updatedAt\" FROM \"public\".\"lms_modules\" WHERE (\"public\".\"lms_modules\".\"isActive\" = $1 AND \"public\".\"lms_modules\".\"courseId\" IN ($2)) ORDER BY \"public\".\"lms_modules\".\"order\" ASC OFFSET $3","service":"preplyte-api","timestamp":"2026-02-18 12:23:58"}
{"level":"debug","message":"Params: [true,\"cmlq4mwy70005ail9oqvo554e\",0]","service":"preplyte-api","timestamp":"2026-02-18 12:23:58"}
{"level":"debug","message":"Duration: 4ms","service":"preplyte-api","timestamp":"2026-02-18 12:23:58"}
{"level":"debug","message":"Query: SELECT \"public\".\"lms_topics\".\"id\", \"public\".\"lms_topics\".\"title\", \"public\".\"lms_topics\".\"order\", \"public\".\"lms_topics\".\"estimatedMinutes\", \"public\".\"lms_topics\".\"videoUrl\", \"public\".\"lms_topics\".\"moduleId\" FROM \"public\".\"lms_topics\" WHERE (\"public\".\"lms_topics\".\"isActive\" = $1 AND \"public\".\"lms_topics\".\"moduleId\" IN ($2)) ORDER BY \"public\".\"lms_topics\".\"order\" ASC OFFSET $3","service":"preplyte-api","timestamp":"2026-02-18 12:23:58"}
{"level":"debug","message":"Params: [true,\"cmlq4o74o000cail9p6dp7mym\",0]","service":"preplyte-api","timestamp":"2026-02-18 12:23:58"}
{"level":"debug","message":"Duration: 6ms","service":"preplyte-api","timestamp":"2026-02-18 12:23:58"}
{"level":"debug","message":"Query: SELECT \"public\".\"lms_module_tests\".\"id\", \"public\".\"lms_module_tests\".\"title\", \"public\".\"lms_module_tests\".\"instructions\", \"public\".\"lms_module_tests\".\"totalQuestions\", \"public\".\"lms_module_tests\".\"timeLimitMinutes\", \"public\".\"lms_module_tests\".\"passingScore\", \"public\".\"lms_module_tests\".\"maxAttempts\", \"public\".\"lms_module_tests\".\"pointsPerQuestion\", \"public\".\"lms_module_tests\".\"totalPoints\", \"public\".\"lms_module_tests\".\"isActive\", \"public\".\"lms_module_tests\".\"moduleId\" FROM \"public\".\"lms_module_tests\" WHERE \"public\".\"lms_module_tests\".\"moduleId\" IN ($1) OFFSET $2","service":"preplyte-api","timestamp":"2026-02-18 12:23:58"}
{"level":"debug","message":"Params: [\"cmlq4o74o000cail9p6dp7mym\",0]","service":"preplyte-api","timestamp":"2026-02-18 12:23:58"}
{"level":"debug","message":"Duration: 3ms","service":"preplyte-api","timestamp":"2026-02-18 12:23:58"}
{"level":"debug","message":"Query: SELECT \"public\".\"lms_final_tests\".\"id\", \"public\".\"lms_final_tests\".\"courseId\", \"public\".\"lms_final_tests\".\"title\", \"public\".\"lms_final_tests\".\"instructions\", \"public\".\"lms_final_tests\".\"totalQuestions\", \"public\".\"lms_final_tests\".\"passingScore\", \"public\".\"lms_final_tests\".\"timeLimitMinutes\", \"public\".\"lms_final_tests\".\"pointsPerQuestion\", \"public\".\"lms_final_tests\".\"totalPoints\", \"public\".\"lms_final_tests\".\"maxAttempts\", \"public\".\"lms_final_tests\".\"isActive\", \"public\".\"lms_final_tests\".\"createdAt\", \"public\".\"lms_final_tests\".\"updatedAt\" FROM \"public\".\"lms_final_tests\" WHERE \"public\".\"lms_final_tests\".\"courseId\" IN ($1) OFFSET $2","service":"preplyte-api","timestamp":"2026-02-18 12:23:58"}
{"level":"debug","message":"Params: [\"cmlq4mwy70005ail9oqvo554e\",0]","service":"preplyte-api","timestamp":"2026-02-18 12:23:58"}
{"level":"debug","message":"Duration: 2ms","service":"preplyte-api","timestamp":"2026-02-18 12:23:58"}
{"level":"debug","message":"Query: SELECT \"public\".\"lms_course_feedbacks\".\"id\", \"public\".\"lms_course_feedbacks\".\"userId\", \"public\".\"lms_course_feedbacks\".\"courseId\", \"public\".\"lms_course_feedbacks\".\"rating\", \"public\".\"lms_course_feedbacks\".\"comment\", \"public\".\"lms_course_feedbacks\".\"createdAt\", \"public\".\"lms_course_feedbacks\".\"updatedAt\" FROM \"public\".\"lms_course_feedbacks\" WHERE \"public\".\"lms_course_feedbacks\".\"courseId\" IN ($1) ORDER BY \"public\".\"lms_course_feedbacks\".\"createdAt\" DESC LIMIT $2 OFFSET $3","service":"preplyte-api","timestamp":"2026-02-18 12:23:58"}
{"level":"debug","message":"Params: [\"cmlq4mwy70005ail9oqvo554e\",5,0]","service":"preplyte-api","timestamp":"2026-02-18 12:23:58"}
{"level":"debug","message":"Duration: 1ms","service":"preplyte-api","timestamp":"2026-02-18 12:23:58"}
{"level":"debug","message":"Query: SELECT \"public\".\"users\".\"id\", \"public\".\"users\".\"name\" FROM \"public\".\"users\" WHERE \"public\".\"users\".\"id\" IN ($1) OFFSET $2","service":"preplyte-api","timestamp":"2026-02-18 12:23:58"}
{"level":"debug","message":"Params: [\"cmlq4h9or004p9qehngr7b15o\",0]","service":"preplyte-api","timestamp":"2026-02-18 12:23:58"}
{"level":"debug","message":"Duration: 0ms","service":"preplyte-api","timestamp":"2026-02-18 12:23:58"}
{"level":"debug","message":"Query: SELECT \"public\".\"student_profiles\".\"id\", \"public\".\"student_profiles\".\"fullName\", \"public\".\"student_profiles\".\"userId\" FROM \"public\".\"student_profiles\" WHERE \"public\".\"student_profiles\".\"userId\" IN ($1) OFFSET $2","service":"preplyte-api","timestamp":"2026-02-18 12:23:58"}
{"level":"debug","message":"Params: [\"cmlq4h9or004p9qehngr7b15o\",0]","service":"preplyte-api","timestamp":"2026-02-18 12:23:58"}
{"level":"debug","message":"Duration: 7ms","service":"preplyte-api","timestamp":"2026-02-18 12:23:58"}
{"level":"debug","message":"Query: SELECT 1","service":"preplyte-api","timestamp":"2026-02-18 12:23:58"}
{"level":"debug","message":"Params: []","service":"preplyte-api","timestamp":"2026-02-18 12:23:58"}
{"level":"debug","message":"Duration: 0ms","service":"preplyte-api","timestamp":"2026-02-18 12:23:58"}
{"level":"debug","message":"Query: SELECT \"public\".\"lms_course_feedbacks\".\"id\", \"public\".\"lms_course_feedbacks\".\"userId\", \"public\".\"lms_course_feedbacks\".\"courseId\", \"public\".\"lms_course_feedbacks\".\"rating\", \"public\".\"lms_course_feedbacks\".\"comment\", \"public\".\"lms_course_feedbacks\".\"createdAt\", \"public\".\"lms_course_feedbacks\".\"updatedAt\" FROM \"public\".\"lms_course_feedbacks\" WHERE ((\"public\".\"lms_course_feedbacks\".\"userId\" = $1 AND \"public\".\"lms_course_feedbacks\".\"courseId\" = $2) AND 1=1) LIMIT $3 OFFSET $4","service":"preplyte-api","timestamp":"2026-02-18 12:23:58"}
{"level":"debug","message":"Params: [\"cmlqa69ye0009mz559gk9ledi\",\"cmlq4mwy70005ail9oqvo554e\",1,0]","service":"preplyte-api","timestamp":"2026-02-18 12:23:58"}
{"level":"debug","message":"Duration: 0ms","service":"preplyte-api","timestamp":"2026-02-18 12:23:58"}
{"level":"debug","message":"Query: SELECT \"public\".\"lms_enrollments\".\"id\", \"public\".\"lms_enrollments\".\"userId\", \"public\".\"lms_enrollments\".\"courseId\", \"public\".\"lms_enrollments\".\"status\"::text, \"public\".\"lms_enrollments\".\"completedModules\", \"public\".\"lms_enrollments\".\"completedTopics\", \"public\".\"lms_enrollments\".\"progressPercent\", \"public\".\"lms_enrollments\".\"totalPointsEarned\", \"public\".\"lms_enrollments\".\"moduleTestPointsEarned\", \"public\".\"lms_enrollments\".\"finalTestPointsEarned\", \"public\".\"lms_enrollments\".\"finalTestAttempted\", \"public\".\"lms_enrollments\".\"finalTestPassed\", \"public\".\"lms_enrollments\".\"finalTestScore\", \"public\".\"lms_enrollments\".\"finalTestMarks\", \"public\".\"lms_enrollments\".\"enrolledAt\", \"public\".\"lms_enrollments\".\"startedAt\", \"public\".\"lms_enrollments\".\"completedAt\", \"public\".\"lms_enrollments\".\"lastAccessedAt\", \"public\".\"lms_enrollments\".\"certificateUrl\", \"public\".\"lms_enrollments\".\"certificateIssuedAt\", \"public\".\"lms_enrollments\".\"createdAt\", \"public\".\"lms_enrollments\".\"updatedAt\" FROM \"public\".\"lms_enrollments\" WHERE ((\"public\".\"lms_enrollments\".\"userId\" = $1 AND \"public\".\"lms_enrollments\".\"courseId\" = $2) AND 1=1) LIMIT $3 OFFSET $4","service":"preplyte-api","timestamp":"2026-02-18 12:23:58"}
{"level":"debug","message":"Params: [\"cmlqa69ye0009mz559gk9ledi\",\"cmlq4mwy70005ail9oqvo554e\",1,0]","service":"preplyte-api","timestamp":"2026-02-18 12:23:58"}
{"level":"debug","message":"Duration: 1ms","service":"preplyte-api","timestamp":"2026-02-18 12:23:58"}
{"level":"debug","message":"Query: SELECT \"public\".\"lms_module_progress\".\"id\", \"public\".\"lms_module_progress\".\"userId\", \"public\".\"lms_module_progress\".\"moduleId\", \"public\".\"lms_module_progress\".\"status\"::text, \"public\".\"lms_module_progress\".\"completedTopics\", \"public\".\"lms_module_progress\".\"totalTopics\", \"public\".\"lms_module_progress\".\"progressPercent\", \"public\".\"lms_module_progress\".\"testAttempted\", \"public\".\"lms_module_progress\".\"testPassed\", \"public\".\"lms_module_progress\".\"testScore\", \"public\".\"lms_module_progress\".\"testAttempts\", \"public\".\"lms_module_progress\".\"pointsEarned\", \"public\".\"lms_module_progress\".\"timeSpentMinutes\", \"public\".\"lms_module_progress\".\"startedAt\", \"public\".\"lms_module_progress\".\"completedAt\", \"public\".\"lms_module_progress\".\"createdAt\", \"public\".\"lms_module_progress\".\"updatedAt\" FROM \"public\".\"lms_module_progress\" WHERE (\"public\".\"lms_module_progress\".\"userId\" = $1 AND \"public\".\"lms_module_progress\".\"moduleId\" IN ($2)) OFFSET $3","service":"preplyte-api","timestamp":"2026-02-18 12:23:58"}
{"level":"debug","message":"Params: [\"cmlqa69ye0009mz559gk9ledi\",\"cmlq4o74o000cail9p6dp7mym\",0]","service":"preplyte-api","timestamp":"2026-02-18 12:23:58"}
{"level":"debug","message":"Duration: 1ms","service":"preplyte-api","timestamp":"2026-02-18 12:23:58"}
{"level":"debug","message":"Query: SELECT \"public\".\"lms_topic_progress\".\"id\", \"public\".\"lms_topic_progress\".\"userId\", \"public\".\"lms_topic_progress\".\"topicId\", \"public\".\"lms_topic_progress\".\"status\"::text, \"public\".\"lms_topic_progress\".\"theoryCompleted\", \"public\".\"lms_topic_progress\".\"videoWatched\", \"public\".\"lms_topic_progress\".\"videoProgress\", \"public\".\"lms_topic_progress\".\"timeSpentMinutes\", \"public\".\"lms_topic_progress\".\"startedAt\", \"public\".\"lms_topic_progress\".\"completedAt\", \"public\".\"lms_topic_progress\".\"createdAt\", \"public\".\"lms_topic_progress\".\"updatedAt\" FROM \"public\".\"lms_topic_progress\" WHERE (\"public\".\"lms_topic_progress\".\"userId\" = $1 AND \"public\".\"lms_topic_progress\".\"topicId\" IN ($2)) OFFSET $3","service":"preplyte-api","timestamp":"2026-02-18 12:23:58"}
{"level":"debug","message":"Params: [\"cmlqa69ye0009mz559gk9ledi\",\"cmlq4o74z000eail9n55rp3yl\",0]","service":"preplyte-api","timestamp":"2026-02-18 12:23:58"}
{"level":"debug","message":"Duration: 0ms","service":"preplyte-api","timestamp":"2026-02-18 12:23:58"}
{"level":"info","message":"\u001b[0mGET /api/lms/courses/python \u001b[36m304\u001b[0m 66.488 ms - -\u001b[0m","service":"preplyte-api","timestamp":"2026-02-18 12:23:58"}
{"level":"debug","message":"Query: SELECT \"public\".\"users\".\"id\", \"public\".\"users\".\"email\", \"public\".\"users\".\"role\"::text, \"public\".\"users\".\"instituteId\", \"public\".\"users\".\"isActive\", \"public\".\"users\".\"tokenVersion\" FROM \"public\".\"users\" WHERE (\"public\".\"users\".\"id\" = $1 AND 1=1) LIMIT $2 OFFSET $3","service":"preplyte-api","timestamp":"2026-02-18 12:23:58"}
{"level":"debug","message":"Params: [\"cmlqa69ye0009mz559gk9ledi\",1,0]","service":"preplyte-api","timestamp":"2026-02-18 12:23:58"}
{"level":"debug","message":"Duration: 0ms","service":"preplyte-api","timestamp":"2026-02-18 12:23:58"}
{"level":"debug","message":"Query: SELECT \"public\".\"lms_courses\".\"id\", \"public\".\"lms_courses\".\"categoryId\", \"public\".\"lms_courses\".\"title\", \"public\".\"lms_courses\".\"slug\", \"public\".\"lms_courses\".\"shortDescription\", \"public\".\"lms_courses\".\"description\", \"public\".\"lms_courses\".\"thumbnailUrl\", \"public\".\"lms_courses\".\"previewVideoUrl\", \"public\".\"lms_courses\".\"totalModules\", \"public\".\"lms_courses\".\"totalTopics\", \"public\".\"lms_courses\".\"totalPoints\", \"public\".\"lms_courses\".\"totalHours\", \"public\".\"lms_courses\".\"price\", \"public\".\"lms_courses\".\"discountPrice\", \"public\".\"lms_courses\".\"currency\", \"public\".\"lms_courses\".\"status\"::text, \"public\".\"lms_courses\".\"isActive\", \"public\".\"lms_courses\".\"certificateEnabled\", \"public\".\"lms_courses\".\"passingPercentage\", \"public\".\"lms_courses\".\"tags\", \"public\".\"lms_courses\".\"difficulty\"::text, \"public\".\"lms_courses\".\"instructor\", \"public\".\"lms_courses\".\"language\", \"public\".\"lms_courses\".\"averageRating\", \"public\".\"lms_courses\".\"ratingsCount\", \"public\".\"lms_courses\".\"createdAt\", \"public\".\"lms_courses\".\"updatedAt\", \"public\".\"lms_courses\".\"publishedAt\", COALESCE(\"aggr_selection_0_LmsEnrollment\".\"_aggr_count_enrollments\", 0) AS \"_aggr_count_enrollments\" FROM \"public\".\"lms_courses\" LEFT JOIN (SELECT \"public\".\"lms_enrollments\".\"courseId\", COUNT(*) AS \"_aggr_count_enrollments\" FROM \"public\".\"lms_enrollments\" WHERE 1=1 GROUP BY \"public\".\"lms_enrollments\".\"courseId\") AS \"aggr_selection_0_LmsEnrollment\" ON (\"public\".\"lms_courses\".\"id\" = \"aggr_selection_0_LmsEnrollment\".\"courseId\") WHERE (\"public\".\"lms_courses\".\"slug\" = $1 AND 1=1) LIMIT $2 OFFSET $3","service":"preplyte-api","timestamp":"2026-02-18 12:23:58"}
{"level":"debug","message":"Params: [\"python\",1,0]","service":"preplyte-api","timestamp":"2026-02-18 12:23:58"}
{"level":"debug","message":"Duration: 1ms","service":"preplyte-api","timestamp":"2026-02-18 12:23:58"}
{"level":"debug","message":"Query: SELECT \"public\".\"lms_categories\".\"id\", \"public\".\"lms_categories\".\"name\", \"public\".\"lms_categories\".\"slug\", \"public\".\"lms_categories\".\"description\", \"public\".\"lms_categories\".\"iconUrl\", \"public\".\"lms_categories\".\"order\", \"public\".\"lms_categories\".\"isActive\", \"public\".\"lms_categories\".\"createdAt\", \"public\".\"lms_categories\".\"updatedAt\" FROM \"public\".\"lms_categories\" WHERE \"public\".\"lms_categories\".\"id\" IN ($1) OFFSET $2","service":"preplyte-api","timestamp":"2026-02-18 12:23:58"}
{"level":"debug","message":"Params: [\"cmlq4lrae0003ail99wlb2luj\",0]","service":"preplyte-api","timestamp":"2026-02-18 12:23:58"}
{"level":"debug","message":"Duration: 0ms","service":"preplyte-api","timestamp":"2026-02-18 12:23:58"}
{"level":"debug","message":"Query: SELECT \"public\".\"lms_modules\".\"id\", \"public\".\"lms_modules\".\"courseId\", \"public\".\"lms_modules\".\"title\", \"public\".\"lms_modules\".\"shortDescription\", \"public\".\"lms_modules\".\"description\", \"public\".\"lms_modules\".\"order\", \"public\".\"lms_modules\".\"totalTopics\", \"public\".\"lms_modules\".\"points\", \"public\".\"lms_modules\".\"estimatedMinutes\", \"public\".\"lms_modules\".\"isActive\", \"public\".\"lms_modules\".\"createdAt\", \"public\".\"lms_modules\".\"updatedAt\" FROM \"public\".\"lms_modules\" WHERE (\"public\".\"lms_modules\".\"isActive\" = $1 AND \"public\".\"lms_modules\".\"courseId\" IN ($2)) ORDER BY \"public\".\"lms_modules\".\"order\" ASC OFFSET $3","service":"preplyte-api","timestamp":"2026-02-18 12:23:58"}
{"level":"debug","message":"Params: [true,\"cmlq4mwy70005ail9oqvo554e\",0]","service":"preplyte-api","timestamp":"2026-02-18 12:23:58"}
{"level":"debug","message":"Duration: 0ms","service":"preplyte-api","timestamp":"2026-02-18 12:23:58"}
{"level":"debug","message":"Query: SELECT \"public\".\"lms_topics\".\"id\", \"public\".\"lms_topics\".\"title\", \"public\".\"lms_topics\".\"order\", \"public\".\"lms_topics\".\"estimatedMinutes\", \"public\".\"lms_topics\".\"videoUrl\", \"public\".\"lms_topics\".\"moduleId\" FROM \"public\".\"lms_topics\" WHERE (\"public\".\"lms_topics\".\"isActive\" = $1 AND \"public\".\"lms_topics\".\"moduleId\" IN ($2)) ORDER BY \"public\".\"lms_topics\".\"order\" ASC OFFSET $3","service":"preplyte-api","timestamp":"2026-02-18 12:23:58"}
{"level":"debug","message":"Params: [true,\"cmlq4o74o000cail9p6dp7mym\",0]","service":"preplyte-api","timestamp":"2026-02-18 12:23:58"}
{"level":"debug","message":"Duration: 1ms","service":"preplyte-api","timestamp":"2026-02-18 12:23:58"}
{"level":"debug","message":"Query: SELECT \"public\".\"lms_module_tests\".\"id\", \"public\".\"lms_module_tests\".\"title\", \"public\".\"lms_module_tests\".\"instructions\", \"public\".\"lms_module_tests\".\"totalQuestions\", \"public\".\"lms_module_tests\".\"timeLimitMinutes\", \"public\".\"lms_module_tests\".\"passingScore\", \"public\".\"lms_module_tests\".\"maxAttempts\", \"public\".\"lms_module_tests\".\"pointsPerQuestion\", \"public\".\"lms_module_tests\".\"totalPoints\", \"public\".\"lms_module_tests\".\"isActive\", \"public\".\"lms_module_tests\".\"moduleId\" FROM \"public\".\"lms_module_tests\" WHERE \"public\".\"lms_module_tests\".\"moduleId\" IN ($1) OFFSET $2","service":"preplyte-api","timestamp":"2026-02-18 12:23:58"}
{"level":"debug","message":"Params: [\"cmlq4o74o000cail9p6dp7mym\",0]","service":"preplyte-api","timestamp":"2026-02-18 12:23:58"}
{"level":"debug","message":"Duration: 0ms","service":"preplyte-api","timestamp":"2026-02-18 12:23:58"}
{"level":"debug","message":"Query: SELECT \"public\".\"lms_final_tests\".\"id\", \"public\".\"lms_final_tests\".\"courseId\", \"public\".\"lms_final_tests\".\"title\", \"public\".\"lms_final_tests\".\"instructions\", \"public\".\"lms_final_tests\".\"totalQuestions\", \"public\".\"lms_final_tests\".\"passingScore\", \"public\".\"lms_final_tests\".\"timeLimitMinutes\", \"public\".\"lms_final_tests\".\"pointsPerQuestion\", \"public\".\"lms_final_tests\".\"totalPoints\", \"public\".\"lms_final_tests\".\"maxAttempts\", \"public\".\"lms_final_tests\".\"isActive\", \"public\".\"lms_final_tests\".\"createdAt\", \"public\".\"lms_final_tests\".\"updatedAt\" FROM \"public\".\"lms_final_tests\" WHERE \"public\".\"lms_final_tests\".\"courseId\" IN ($1) OFFSET $2","service":"preplyte-api","timestamp":"2026-02-18 12:23:58"}
{"level":"debug","message":"Params: [\"cmlq4mwy70005ail9oqvo554e\",0]","service":"preplyte-api","timestamp":"2026-02-18 12:23:58"}
{"level":"debug","message":"Duration: 0ms","service":"preplyte-api","timestamp":"2026-02-18 12:23:58"}
{"level":"debug","message":"Query: SELECT \"public\".\"lms_course_feedbacks\".\"id\", \"public\".\"lms_course_feedbacks\".\"userId\", \"public\".\"lms_course_feedbacks\".\"courseId\", \"public\".\"lms_course_feedbacks\".\"rating\", \"public\".\"lms_course_feedbacks\".\"comment\", \"public\".\"lms_course_feedbacks\".\"createdAt\", \"public\".\"lms_course_feedbacks\".\"updatedAt\" FROM \"public\".\"lms_course_feedbacks\" WHERE \"public\".\"lms_course_feedbacks\".\"courseId\" IN ($1) ORDER BY \"public\".\"lms_course_feedbacks\".\"createdAt\" DESC LIMIT $2 OFFSET $3","service":"preplyte-api","timestamp":"2026-02-18 12:23:58"}
{"level":"debug","message":"Params: [\"cmlq4mwy70005ail9oqvo554e\",5,0]","service":"preplyte-api","timestamp":"2026-02-18 12:23:58"}
{"level":"debug","message":"Duration: 0ms","service":"preplyte-api","timestamp":"2026-02-18 12:23:58"}
{"level":"debug","message":"Query: SELECT \"public\".\"users\".\"id\", \"public\".\"users\".\"name\" FROM \"public\".\"users\" WHERE \"public\".\"users\".\"id\" IN ($1) OFFSET $2","service":"preplyte-api","timestamp":"2026-02-18 12:23:58"}
{"level":"debug","message":"Params: [\"cmlq4h9or004p9qehngr7b15o\",0]","service":"preplyte-api","timestamp":"2026-02-18 12:23:58"}
{"level":"debug","message":"Duration: 0ms","service":"preplyte-api","timestamp":"2026-02-18 12:23:58"}
{"level":"debug","message":"Query: SELECT \"public\".\"student_profiles\".\"id\", \"public\".\"student_profiles\".\"fullName\", \"public\".\"student_profiles\".\"userId\" FROM \"public\".\"student_profiles\" WHERE \"public\".\"student_profiles\".\"userId\" IN ($1) OFFSET $2","service":"preplyte-api","timestamp":"2026-02-18 12:23:58"}
{"level":"debug","message":"Params: [\"cmlq4h9or004p9qehngr7b15o\",0]","service":"preplyte-api","timestamp":"2026-02-18 12:23:58"}
{"level":"debug","message":"Duration: 1ms","service":"preplyte-api","timestamp":"2026-02-18 12:23:58"}
{"level":"debug","message":"Query: SELECT \"public\".\"lms_course_feedbacks\".\"id\", \"public\".\"lms_course_feedbacks\".\"userId\", \"public\".\"lms_course_feedbacks\".\"courseId\", \"public\".\"lms_course_feedbacks\".\"rating\", \"public\".\"lms_course_feedbacks\".\"comment\", \"public\".\"lms_course_feedbacks\".\"createdAt\", \"public\".\"lms_course_feedbacks\".\"updatedAt\" FROM \"public\".\"lms_course_feedbacks\" WHERE ((\"public\".\"lms_course_feedbacks\".\"userId\" = $1 AND \"public\".\"lms_course_feedbacks\".\"courseId\" = $2) AND 1=1) LIMIT $3 OFFSET $4","service":"preplyte-api","timestamp":"2026-02-18 12:23:58"}
{"level":"debug","message":"Params: [\"cmlqa69ye0009mz559gk9ledi\",\"cmlq4mwy70005ail9oqvo554e\",1,0]","service":"preplyte-api","timestamp":"2026-02-18 12:23:58"}
{"level":"debug","message":"Duration: 0ms","service":"preplyte-api","timestamp":"2026-02-18 12:23:58"}
{"level":"debug","message":"Query: SELECT \"public\".\"lms_enrollments\".\"id\", \"public\".\"lms_enrollments\".\"userId\", \"public\".\"lms_enrollments\".\"courseId\", \"public\".\"lms_enrollments\".\"status\"::text, \"public\".\"lms_enrollments\".\"completedModules\", \"public\".\"lms_enrollments\".\"completedTopics\", \"public\".\"lms_enrollments\".\"progressPercent\", \"public\".\"lms_enrollments\".\"totalPointsEarned\", \"public\".\"lms_enrollments\".\"moduleTestPointsEarned\", \"public\".\"lms_enrollments\".\"finalTestPointsEarned\", \"public\".\"lms_enrollments\".\"finalTestAttempted\", \"public\".\"lms_enrollments\".\"finalTestPassed\", \"public\".\"lms_enrollments\".\"finalTestScore\", \"public\".\"lms_enrollments\".\"finalTestMarks\", \"public\".\"lms_enrollments\".\"enrolledAt\", \"public\".\"lms_enrollments\".\"startedAt\", \"public\".\"lms_enrollments\".\"completedAt\", \"public\".\"lms_enrollments\".\"lastAccessedAt\", \"public\".\"lms_enrollments\".\"certificateUrl\", \"public\".\"lms_enrollments\".\"certificateIssuedAt\", \"public\".\"lms_enrollments\".\"createdAt\", \"public\".\"lms_enrollments\".\"updatedAt\" FROM \"public\".\"lms_enrollments\" WHERE ((\"public\".\"lms_enrollments\".\"userId\" = $1 AND \"public\".\"lms_enrollments\".\"courseId\" = $2) AND 1=1) LIMIT $3 OFFSET $4","service":"preplyte-api","timestamp":"2026-02-18 12:23:58"}
{"level":"debug","message":"Params: [\"cmlqa69ye0009mz559gk9ledi\",\"cmlq4mwy70005ail9oqvo554e\",1,0]","service":"preplyte-api","timestamp":"2026-02-18 12:23:58"}
{"level":"debug","message":"Duration: 0ms","service":"preplyte-api","timestamp":"2026-02-18 12:23:58"}
{"level":"debug","message":"Query: SELECT \"public\".\"lms_module_progress\".\"id\", \"public\".\"lms_module_progress\".\"userId\", \"public\".\"lms_module_progress\".\"moduleId\", \"public\".\"lms_module_progress\".\"status\"::text, \"public\".\"lms_module_progress\".\"completedTopics\", \"public\".\"lms_module_progress\".\"totalTopics\", \"public\".\"lms_module_progress\".\"progressPercent\", \"public\".\"lms_module_progress\".\"testAttempted\", \"public\".\"lms_module_progress\".\"testPassed\", \"public\".\"lms_module_progress\".\"testScore\", \"public\".\"lms_module_progress\".\"testAttempts\", \"public\".\"lms_module_progress\".\"pointsEarned\", \"public\".\"lms_module_progress\".\"timeSpentMinutes\", \"public\".\"lms_module_progress\".\"startedAt\", \"public\".\"lms_module_progress\".\"completedAt\", \"public\".\"lms_module_progress\".\"createdAt\", \"public\".\"lms_module_progress\".\"updatedAt\" FROM \"public\".\"lms_module_progress\" WHERE (\"public\".\"lms_module_progress\".\"userId\" = $1 AND \"public\".\"lms_module_progress\".\"moduleId\" IN ($2)) OFFSET $3","service":"preplyte-api","timestamp":"2026-02-18 12:23:58"}
{"level":"debug","message":"Params: [\"cmlqa69ye0009mz559gk9ledi\",\"cmlq4o74o000cail9p6dp7mym\",0]","service":"preplyte-api","timestamp":"2026-02-18 12:23:58"}
{"level":"debug","message":"Duration: 1ms","service":"preplyte-api","timestamp":"2026-02-18 12:23:58"}
{"level":"debug","message":"Query: SELECT \"public\".\"lms_topic_progress\".\"id\", \"public\".\"lms_topic_progress\".\"userId\", \"public\".\"lms_topic_progress\".\"topicId\", \"public\".\"lms_topic_progress\".\"status\"::text, \"public\".\"lms_topic_progress\".\"theoryCompleted\", \"public\".\"lms_topic_progress\".\"videoWatched\", \"public\".\"lms_topic_progress\".\"videoProgress\", \"public\".\"lms_topic_progress\".\"timeSpentMinutes\", \"public\".\"lms_topic_progress\".\"startedAt\", \"public\".\"lms_topic_progress\".\"completedAt\", \"public\".\"lms_topic_progress\".\"createdAt\", \"public\".\"lms_topic_progress\".\"updatedAt\" FROM \"public\".\"lms_topic_progress\" WHERE (\"public\".\"lms_topic_progress\".\"userId\" = $1 AND \"public\".\"lms_topic_progress\".\"topicId\" IN ($2)) OFFSET $3","service":"preplyte-api","timestamp":"2026-02-18 12:23:58"}
{"level":"debug","message":"Params: [\"cmlqa69ye0009mz559gk9ledi\",\"cmlq4o74z000eail9n55rp3yl\",0]","service":"preplyte-api","timestamp":"2026-02-18 12:23:58"}
{"level":"debug","message":"Duration: 7ms","service":"preplyte-api","timestamp":"2026-02-18 12:23:58"}
{"level":"info","message":"\u001b[0mGET /api/lms/courses/python \u001b[36m304\u001b[0m 56.505 ms - -\u001b[0m","service":"preplyte-api","timestamp":"2026-02-18 12:23:58"}
{"level":"debug","message":"Query: SELECT 1","service":"preplyte-api","timestamp":"2026-02-18 12:24:19"}
{"level":"debug","message":"Params: []","service":"preplyte-api","timestamp":"2026-02-18 12:24:19"}
{"level":"debug","message":"Duration: 0ms","service":"preplyte-api","timestamp":"2026-02-18 12:24:19"}
{"level":"debug","message":"Query: SELECT \"public\".\"users\".\"id\", \"public\".\"users\".\"email\", \"public\".\"users\".\"role\"::text, \"public\".\"users\".\"instituteId\", \"public\".\"users\".\"isActive\", \"public\".\"users\".\"tokenVersion\" FROM \"public\".\"users\" WHERE (\"public\".\"users\".\"id\" = $1 AND 1=1) LIMIT $2 OFFSET $3","service":"preplyte-api","timestamp":"2026-02-18 12:24:19"}
{"level":"debug","message":"Params: [\"cmlqa69ye0009mz559gk9ledi\",1,0]","service":"preplyte-api","timestamp":"2026-02-18 12:24:19"}
{"level":"debug","message":"Duration: 0ms","service":"preplyte-api","timestamp":"2026-02-18 12:24:19"}
{"level":"debug","message":"Query: SELECT \"public\".\"lms_courses\".\"id\", \"public\".\"lms_courses\".\"categoryId\", \"public\".\"lms_courses\".\"title\", \"public\".\"lms_courses\".\"slug\", \"public\".\"lms_courses\".\"shortDescription\", \"public\".\"lms_courses\".\"description\", \"public\".\"lms_courses\".\"thumbnailUrl\", \"public\".\"lms_courses\".\"previewVideoUrl\", \"public\".\"lms_courses\".\"totalModules\", \"public\".\"lms_courses\".\"totalTopics\", \"public\".\"lms_courses\".\"totalPoints\", \"public\".\"lms_courses\".\"totalHours\", \"public\".\"lms_courses\".\"price\", \"public\".\"lms_courses\".\"discountPrice\", \"public\".\"lms_courses\".\"currency\", \"public\".\"lms_courses\".\"status\"::text, \"public\".\"lms_courses\".\"isActive\", \"public\".\"lms_courses\".\"certificateEnabled\", \"public\".\"lms_courses\".\"passingPercentage\", \"public\".\"lms_courses\".\"tags\", \"public\".\"lms_courses\".\"difficulty\"::text, \"public\".\"lms_courses\".\"instructor\", \"public\".\"lms_courses\".\"language\", \"public\".\"lms_courses\".\"averageRating\", \"public\".\"lms_courses\".\"ratingsCount\", \"public\".\"lms_courses\".\"createdAt\", \"public\".\"lms_courses\".\"updatedAt\", \"public\".\"lms_courses\".\"publishedAt\" FROM \"public\".\"lms_courses\" WHERE (\"public\".\"lms_courses\".\"slug\" = $1 AND 1=1) LIMIT $2 OFFSET $3","service":"preplyte-api","timestamp":"2026-02-18 12:24:19"}
{"level":"debug","message":"Params: [\"python\",1,0]","service":"preplyte-api","timestamp":"2026-02-18 12:24:19"}
{"level":"debug","message":"Duration: 1ms","service":"preplyte-api","timestamp":"2026-02-18 12:24:19"}
{"level":"debug","message":"Query: SELECT \"public\".\"lms_enrollments\".\"id\", \"public\".\"lms_enrollments\".\"userId\", \"public\".\"lms_enrollments\".\"courseId\", \"public\".\"lms_enrollments\".\"status\"::text, \"public\".\"lms_enrollments\".\"completedModules\", \"public\".\"lms_enrollments\".\"completedTopics\", \"public\".\"lms_enrollments\".\"progressPercent\", \"public\".\"lms_enrollments\".\"totalPointsEarned\", \"public\".\"lms_enrollments\".\"moduleTestPointsEarned\", \"public\".\"lms_enrollments\".\"finalTestPointsEarned\", \"public\".\"lms_enrollments\".\"finalTestAttempted\", \"public\".\"lms_enrollments\".\"finalTestPassed\", \"public\".\"lms_enrollments\".\"finalTestScore\", \"public\".\"lms_enrollments\".\"finalTestMarks\", \"public\".\"lms_enrollments\".\"enrolledAt\", \"public\".\"lms_enrollments\".\"startedAt\", \"public\".\"lms_enrollments\".\"completedAt\", \"public\".\"lms_enrollments\".\"lastAccessedAt\", \"public\".\"lms_enrollments\".\"certificateUrl\", \"public\".\"lms_enrollments\".\"certificateIssuedAt\", \"public\".\"lms_enrollments\".\"createdAt\", \"public\".\"lms_enrollments\".\"updatedAt\" FROM \"public\".\"lms_enrollments\" WHERE ((\"public\".\"lms_enrollments\".\"userId\" = $1 AND \"public\".\"lms_enrollments\".\"courseId\" = $2) AND 1=1) LIMIT $3 OFFSET $4","service":"preplyte-api","timestamp":"2026-02-18 12:24:19"}
{"level":"debug","message":"Params: [\"cmlqa69ye0009mz559gk9ledi\",\"cmlq4mwy70005ail9oqvo554e\",1,0]","service":"preplyte-api","timestamp":"2026-02-18 12:24:19"}
{"level":"debug","message":"Duration: 0ms","service":"preplyte-api","timestamp":"2026-02-18 12:24:19"}
{"level":"debug","message":"Query: BEGIN","service":"preplyte-api","timestamp":"2026-02-18 12:24:19"}
{"level":"debug","message":"Params: []","service":"preplyte-api","timestamp":"2026-02-18 12:24:19"}
{"level":"debug","message":"Duration: 0ms","service":"preplyte-api","timestamp":"2026-02-18 12:24:19"}
{"level":"debug","message":"Query: SELECT \"public\".\"lms_course_feedbacks\".\"id\" FROM \"public\".\"lms_course_feedbacks\" WHERE ((\"public\".\"lms_course_feedbacks\".\"userId\" = $1 AND \"public\".\"lms_course_feedbacks\".\"courseId\" = $2) AND 1=1) OFFSET $3","service":"preplyte-api","timestamp":"2026-02-18 12:24:19"}
{"level":"debug","message":"Params: [\"cmlqa69ye0009mz559gk9ledi\",\"cmlq4mwy70005ail9oqvo554e\",0]","service":"preplyte-api","timestamp":"2026-02-18 12:24:19"}
{"level":"debug","message":"Duration: 1ms","service":"preplyte-api","timestamp":"2026-02-18 12:24:19"}
{"level":"debug","message":"Query: INSERT INTO \"public\".\"lms_course_feedbacks\" (\"id\",\"userId\",\"courseId\",\"rating\",\"comment\",\"createdAt\",\"updatedAt\") VALUES ($1,$2,$3,$4,$5,$6,$7) RETURNING \"public\".\"lms_course_feedbacks\".\"id\"","service":"preplyte-api","timestamp":"2026-02-18 12:24:19"}
{"level":"debug","message":"Params: [\"cmlrofhv1000oz1ai0h6sjrpz\",\"cmlqa69ye0009mz559gk9ledi\",\"cmlq4mwy70005ail9oqvo554e\",4,\"nice one\",\"2026-02-18 06:54:19.693 UTC\",\"2026-02-18 06:54:19.693 UTC\"]","service":"preplyte-api","timestamp":"2026-02-18 12:24:19"}
{"level":"debug","message":"Duration: 3ms","service":"preplyte-api","timestamp":"2026-02-18 12:24:19"}
{"level":"debug","message":"Query: SELECT \"public\".\"lms_course_feedbacks\".\"id\", \"public\".\"lms_course_feedbacks\".\"userId\", \"public\".\"lms_course_feedbacks\".\"courseId\", \"public\".\"lms_course_feedbacks\".\"rating\", \"public\".\"lms_course_feedbacks\".\"comment\", \"public\".\"lms_course_feedbacks\".\"createdAt\", \"public\".\"lms_course_feedbacks\".\"updatedAt\" FROM \"public\".\"lms_course_feedbacks\" WHERE \"public\".\"lms_course_feedbacks\".\"id\" = $1 LIMIT $2 OFFSET $3","service":"preplyte-api","timestamp":"2026-02-18 12:24:19"}
{"level":"debug","message":"Params: [\"cmlrofhv1000oz1ai0h6sjrpz\",1,0]","service":"preplyte-api","timestamp":"2026-02-18 12:24:19"}
{"level":"debug","message":"Duration: 1ms","service":"preplyte-api","timestamp":"2026-02-18 12:24:19"}
{"level":"debug","message":"Query: SELECT \"public\".\"users\".\"id\", \"public\".\"users\".\"name\" FROM \"public\".\"users\" WHERE \"public\".\"users\".\"id\" IN ($1) OFFSET $2","service":"preplyte-api","timestamp":"2026-02-18 12:24:19"}
{"level":"debug","message":"Params: [\"cmlqa69ye0009mz559gk9ledi\",0]","service":"preplyte-api","timestamp":"2026-02-18 12:24:19"}
{"level":"debug","message":"Duration: 0ms","service":"preplyte-api","timestamp":"2026-02-18 12:24:19"}
{"level":"debug","message":"Query: SELECT \"public\".\"student_profiles\".\"id\", \"public\".\"student_profiles\".\"fullName\", \"public\".\"student_profiles\".\"userId\" FROM \"public\".\"student_profiles\" WHERE \"public\".\"student_profiles\".\"userId\" IN ($1) OFFSET $2","service":"preplyte-api","timestamp":"2026-02-18 12:24:19"}
{"level":"debug","message":"Params: [\"cmlqa69ye0009mz559gk9ledi\",0]","service":"preplyte-api","timestamp":"2026-02-18 12:24:19"}
{"level":"debug","message":"Duration: 1ms","service":"preplyte-api","timestamp":"2026-02-18 12:24:19"}
{"level":"debug","message":"Query: SELECT AVG(\"rating\"), COUNT(\"rating\") FROM (SELECT \"public\".\"lms_course_feedbacks\".\"rating\" FROM \"public\".\"lms_course_feedbacks\" WHERE \"public\".\"lms_course_feedbacks\".\"courseId\" = $1 OFFSET $2) AS \"sub\"","service":"preplyte-api","timestamp":"2026-02-18 12:24:19"}
{"level":"debug","message":"Params: [\"cmlq4mwy70005ail9oqvo554e\",0]","service":"preplyte-api","timestamp":"2026-02-18 12:24:19"}
{"level":"debug","message":"Duration: 5ms","service":"preplyte-api","timestamp":"2026-02-18 12:24:19"}
{"level":"debug","message":"Query: UPDATE \"public\".\"lms_courses\" SET \"averageRating\" = $1, \"ratingsCount\" = $2, \"updatedAt\" = $3 WHERE (\"public\".\"lms_courses\".\"id\" = $4 AND 1=1) RETURNING \"public\".\"lms_courses\".\"id\", \"public\".\"lms_courses\".\"categoryId\", \"public\".\"lms_courses\".\"title\", \"public\".\"lms_courses\".\"slug\", \"public\".\"lms_courses\".\"shortDescription\", \"public\".\"lms_courses\".\"description\", \"public\".\"lms_courses\".\"thumbnailUrl\", \"public\".\"lms_courses\".\"previewVideoUrl\", \"public\".\"lms_courses\".\"totalModules\", \"public\".\"lms_courses\".\"totalTopics\", \"public\".\"lms_courses\".\"totalPoints\", \"public\".\"lms_courses\".\"totalHours\", \"public\".\"lms_courses\".\"price\", \"public\".\"lms_courses\".\"discountPrice\", \"public\".\"lms_courses\".\"currency\", \"public\".\"lms_courses\".\"status\"::text, \"public\".\"lms_courses\".\"isActive\", \"public\".\"lms_courses\".\"certificateEnabled\", \"public\".\"lms_courses\".\"passingPercentage\", \"public\".\"lms_courses\".\"tags\", \"public\".\"lms_courses\".\"difficulty\"::text, \"public\".\"lms_courses\".\"instructor\", \"public\".\"lms_courses\".\"language\", \"public\".\"lms_courses\".\"averageRating\", \"public\".\"lms_courses\".\"ratingsCount\", \"public\".\"lms_courses\".\"createdAt\", \"public\".\"lms_courses\".\"updatedAt\", \"public\".\"lms_courses\".\"publishedAt\"","service":"preplyte-api","timestamp":"2026-02-18 12:24:19"}
{"level":"debug","message":"Params: [4.5,2,\"2026-02-18 06:54:19.727 UTC\",\"cmlq4mwy70005ail9oqvo554e\"]","service":"preplyte-api","timestamp":"2026-02-18 12:24:19"}
{"level":"debug","message":"Duration: 1ms","service":"preplyte-api","timestamp":"2026-02-18 12:24:19"}
{"level":"debug","message":"Query: COMMIT","service":"preplyte-api","timestamp":"2026-02-18 12:24:19"}
{"level":"debug","message":"Params: []","service":"preplyte-api","timestamp":"2026-02-18 12:24:19"}
{"level":"debug","message":"Duration: 1ms","service":"preplyte-api","timestamp":"2026-02-18 12:24:19"}
{"level":"info","message":"\u001b[0mPOST /api/lms/courses/python/feedback \u001b[32m200\u001b[0m 70.925 ms - 234\u001b[0m","service":"preplyte-api","timestamp":"2026-02-18 12:24:19"}
{"level":"debug","message":"Query: SELECT 1","service":"preplyte-api","timestamp":"2026-02-18 12:25:19"}
{"level":"debug","message":"Params: []","service":"preplyte-api","timestamp":"2026-02-18 12:25:19"}
{"level":"debug","message":"Duration: 0ms","service":"preplyte-api","timestamp":"2026-02-18 12:25:19"}
{"level":"debug","message":"Query: SELECT \"public\".\"users\".\"id\", \"public\".\"users\".\"email\", \"public\".\"users\".\"role\"::text, \"public\".\"users\".\"instituteId\", \"public\".\"users\".\"isActive\", \"public\".\"users\".\"tokenVersion\" FROM \"public\".\"users\" WHERE (\"public\".\"users\".\"id\" = $1 AND 1=1) LIMIT $2 OFFSET $3","service":"preplyte-api","timestamp":"2026-02-18 12:25:19"}
{"level":"debug","message":"Params: [\"cmlqa69ye0009mz559gk9ledi\",1,0]","service":"preplyte-api","timestamp":"2026-02-18 12:25:19"}
{"level":"debug","message":"Duration: 0ms","service":"preplyte-api","timestamp":"2026-02-18 12:25:19"}
{"category":"overall","level":"info","limit":20,"message":"[LeaderboardService] Fetching leaderboard","page":1,"scope":"global","service":"preplyte-api","timestamp":"2026-02-18 12:25:19","userId":"cmlqa69ye0009mz559gk9ledi"}
{"level":"debug","message":"Query: SELECT SUM(\"public\".\"lms_enrollments\".\"totalPointsEarned\"), \"public\".\"lms_enrollments\".\"userId\" FROM \"public\".\"lms_enrollments\" WHERE 1=1 GROUP BY \"public\".\"lms_enrollments\".\"userId\" OFFSET $1","service":"preplyte-api","timestamp":"2026-02-18 12:25:19"}
{"level":"debug","message":"Params: [0]","service":"preplyte-api","timestamp":"2026-02-18 12:25:19"}
{"level":"debug","message":"Duration: 0ms","service":"preplyte-api","timestamp":"2026-02-18 12:25:19"}
{"level":"debug","message":"Query: SELECT 1","service":"preplyte-api","timestamp":"2026-02-18 12:25:19"}
{"level":"debug","message":"Params: []","service":"preplyte-api","timestamp":"2026-02-18 12:25:19"}
{"level":"debug","message":"Duration: 0ms","service":"preplyte-api","timestamp":"2026-02-18 12:25:19"}
{"level":"debug","message":"Query: SELECT SUM(\"public\".\"aptitude_practice_sessions\".\"totalCorrect\"), \"public\".\"aptitude_practice_sessions\".\"userId\" FROM \"public\".\"aptitude_practice_sessions\" WHERE \"public\".\"aptitude_practice_sessions\".\"completedAt\" IS NOT NULL GROUP BY \"public\".\"aptitude_practice_sessions\".\"userId\" OFFSET $1","service":"preplyte-api","timestamp":"2026-02-18 12:25:19"}
{"level":"debug","message":"Params: [0]","service":"preplyte-api","timestamp":"2026-02-18 12:25:19"}
{"level":"debug","message":"Duration: 0ms","service":"preplyte-api","timestamp":"2026-02-18 12:25:19"}
{"level":"debug","message":"Query: SELECT SUM(\"public\".\"mock_drive_attempts\".\"totalScore\"), \"public\".\"mock_drive_attempts\".\"userId\" FROM \"public\".\"mock_drive_attempts\" WHERE \"public\".\"mock_drive_attempts\".\"status\" IN (CAST($1::text AS \"public\".\"MockDriveAttemptStatus\"),CAST($2::text AS \"public\".\"MockDriveAttemptStatus\")) GROUP BY \"public\".\"mock_drive_attempts\".\"userId\" OFFSET $3","service":"preplyte-api","timestamp":"2026-02-18 12:25:19"}
{"level":"debug","message":"Params: [\"COMPLETED\",\"TIMED_OUT\",0]","service":"preplyte-api","timestamp":"2026-02-18 12:25:19"}
{"level":"debug","message":"Duration: 0ms","service":"preplyte-api","timestamp":"2026-02-18 12:25:19"}
{"level":"debug","message":"Query: SELECT SUM(\"public\".\"ai_interview_feedbacks\".\"overallScore\"), \"public\".\"ai_interview_feedbacks\".\"userId\" FROM \"public\".\"ai_interview_feedbacks\" WHERE 1=1 GROUP BY \"public\".\"ai_interview_feedbacks\".\"userId\" OFFSET $1","service":"preplyte-api","timestamp":"2026-02-18 12:25:19"}
{"level":"debug","message":"Params: [0]","service":"preplyte-api","timestamp":"2026-02-18 12:25:19"}
{"level":"debug","message":"Duration: 2ms","service":"preplyte-api","timestamp":"2026-02-18 12:25:19"}
{"level":"debug","message":"Query: SELECT SUM(\"public\".\"machine_practice_sessions\".\"totalSolved\"), \"public\".\"machine_practice_sessions\".\"userId\" FROM \"public\".\"machine_practice_sessions\" WHERE \"public\".\"machine_practice_sessions\".\"completedAt\" IS NOT NULL GROUP BY \"public\".\"machine_practice_sessions\".\"userId\" OFFSET $1","service":"preplyte-api","timestamp":"2026-02-18 12:25:19"}
{"level":"debug","message":"Params: [0]","service":"preplyte-api","timestamp":"2026-02-18 12:25:19"}
{"level":"debug","message":"Duration: 4ms","service":"preplyte-api","timestamp":"2026-02-18 12:25:19"}
{"level":"debug","message":"Query: SELECT \"public\".\"users\".\"id\", \"public\".\"users\".\"name\", \"public\".\"users\".\"profilePictureUrl\", \"public\".\"users\".\"instituteId\" FROM \"public\".\"users\" WHERE \"public\".\"users\".\"id\" IN ($1,$2) OFFSET $3","service":"preplyte-api","timestamp":"2026-02-18 12:25:19"}
{"level":"debug","message":"Params: [\"cmlq4h9or004p9qehngr7b15o\",\"cmlqa69ye0009mz559gk9ledi\",0]","service":"preplyte-api","timestamp":"2026-02-18 12:25:19"}
{"level":"debug","message":"Duration: 0ms","service":"preplyte-api","timestamp":"2026-02-18 12:25:19"}
{"level":"debug","message":"Query: SELECT \"public\".\"student_profiles\".\"id\", \"public\".\"student_profiles\".\"fullName\", \"public\".\"student_profiles\".\"departmentId\", \"public\".\"student_profiles\".\"userId\" FROM \"public\".\"student_profiles\" WHERE \"public\".\"student_profiles\".\"userId\" IN ($1,$2) OFFSET $3","service":"preplyte-api","timestamp":"2026-02-18 12:25:19"}
{"level":"debug","message":"Params: [\"cmlqa69ye0009mz559gk9ledi\",\"cmlq4h9or004p9qehngr7b15o\",0]","service":"preplyte-api","timestamp":"2026-02-18 12:25:19"}
{"level":"debug","message":"Duration: 0ms","service":"preplyte-api","timestamp":"2026-02-18 12:25:19"}
{"level":"debug","message":"Query: SELECT \"public\".\"departments\".\"id\", \"public\".\"departments\".\"name\" FROM \"public\".\"departments\" WHERE \"public\".\"departments\".\"id\" IN ($1) OFFSET $2","service":"preplyte-api","timestamp":"2026-02-18 12:25:19"}
{"level":"debug","message":"Params: [\"cmlq8n2sa0001s9ls3j4u6ytv\",0]","service":"preplyte-api","timestamp":"2026-02-18 12:25:19"}
{"level":"debug","message":"Duration: 0ms","service":"preplyte-api","timestamp":"2026-02-18 12:25:19"}
{"level":"debug","message":"Query: SELECT \"public\".\"institutes\".\"id\", \"public\".\"institutes\".\"name\" FROM \"public\".\"institutes\" WHERE \"public\".\"institutes\".\"id\" IN ($1) OFFSET $2","service":"preplyte-api","timestamp":"2026-02-18 12:25:19"}
{"level":"debug","message":"Params: [\"c1d2e3f4g5h6i7j8k9l0\",0]","service":"preplyte-api","timestamp":"2026-02-18 12:25:19"}
{"level":"debug","message":"Duration: 0ms","service":"preplyte-api","timestamp":"2026-02-18 12:25:19"}
{"level":"debug","message":"Query: SELECT 1","service":"preplyte-api","timestamp":"2026-02-18 12:25:19"}
{"level":"debug","message":"Params: []","service":"preplyte-api","timestamp":"2026-02-18 12:25:19"}
{"level":"debug","message":"Duration: 0ms","service":"preplyte-api","timestamp":"2026-02-18 12:25:19"}
{"level":"debug","message":"Query: SELECT 1","service":"preplyte-api","timestamp":"2026-02-18 12:25:19"}
{"level":"debug","message":"Params: []","service":"preplyte-api","timestamp":"2026-02-18 12:25:19"}
{"level":"debug","message":"Duration: 0ms","service":"preplyte-api","timestamp":"2026-02-18 12:25:19"}
{"level":"debug","message":"Query: SELECT 1","service":"preplyte-api","timestamp":"2026-02-18 12:25:19"}
{"level":"debug","message":"Params: []","service":"preplyte-api","timestamp":"2026-02-18 12:25:19"}
{"level":"debug","message":"Duration: 0ms","service":"preplyte-api","timestamp":"2026-02-18 12:25:19"}
{"level":"debug","message":"Query: SELECT SUM(\"totalPointsEarned\") FROM (SELECT \"public\".\"lms_enrollments\".\"totalPointsEarned\" FROM \"public\".\"lms_enrollments\" WHERE \"public\".\"lms_enrollments\".\"userId\" = $1 OFFSET $2) AS \"sub\"","service":"preplyte-api","timestamp":"2026-02-18 12:25:19"}
{"level":"debug","message":"Params: [\"cmlqa69ye0009mz559gk9ledi\",0]","service":"preplyte-api","timestamp":"2026-02-18 12:25:19"}
{"level":"debug","message":"Duration: 0ms","service":"preplyte-api","timestamp":"2026-02-18 12:25:19"}
{"level":"debug","message":"Query: SELECT SUM(\"totalCorrect\") FROM (SELECT \"public\".\"aptitude_practice_sessions\".\"totalCorrect\" FROM \"public\".\"aptitude_practice_sessions\" WHERE (\"public\".\"aptitude_practice_sessions\".\"userId\" = $1 AND \"public\".\"aptitude_practice_sessions\".\"completedAt\" IS NOT NULL) OFFSET $2) AS \"sub\"","service":"preplyte-api","timestamp":"2026-02-18 12:25:19"}
{"level":"debug","message":"Params: [\"cmlqa69ye0009mz559gk9ledi\",0]","service":"preplyte-api","timestamp":"2026-02-18 12:25:19"}
{"level":"debug","message":"Duration: 0ms","service":"preplyte-api","timestamp":"2026-02-18 12:25:19"}
{"level":"debug","message":"Query: SELECT SUM(\"overallScore\") FROM (SELECT \"public\".\"ai_interview_feedbacks\".\"overallScore\" FROM \"public\".\"ai_interview_feedbacks\" WHERE \"public\".\"ai_interview_feedbacks\".\"userId\" = $1 OFFSET $2) AS \"sub\"","service":"preplyte-api","timestamp":"2026-02-18 12:25:19"}
{"level":"debug","message":"Params: [\"cmlqa69ye0009mz559gk9ledi\",0]","service":"preplyte-api","timestamp":"2026-02-18 12:25:19"}
{"level":"debug","message":"Duration: 0ms","service":"preplyte-api","timestamp":"2026-02-18 12:25:19"}
{"level":"debug","message":"Query: SELECT SUM(\"totalSolved\") FROM (SELECT \"public\".\"machine_practice_sessions\".\"totalSolved\" FROM \"public\".\"machine_practice_sessions\" WHERE (\"public\".\"machine_practice_sessions\".\"userId\" = $1 AND \"public\".\"machine_practice_sessions\".\"completedAt\" IS NOT NULL) OFFSET $2) AS \"sub\"","service":"preplyte-api","timestamp":"2026-02-18 12:25:19"}
{"level":"debug","message":"Params: [\"cmlqa69ye0009mz559gk9ledi\",0]","service":"preplyte-api","timestamp":"2026-02-18 12:25:19"}
{"level":"debug","message":"Duration: 4ms","service":"preplyte-api","timestamp":"2026-02-18 12:25:19"}
{"level":"debug","message":"Query: SELECT SUM(\"totalScore\") FROM (SELECT \"public\".\"mock_drive_attempts\".\"totalScore\" FROM \"public\".\"mock_drive_attempts\" WHERE (\"public\".\"mock_drive_attempts\".\"userId\" = $1 AND \"public\".\"mock_drive_attempts\".\"status\" IN (CAST($2::text AS \"public\".\"MockDriveAttemptStatus\"),CAST($3::text AS \"public\".\"MockDriveAttemptStatus\"))) OFFSET $4) AS \"sub\"","service":"preplyte-api","timestamp":"2026-02-18 12:25:19"}
{"level":"debug","message":"Params: [\"cmlqa69ye0009mz559gk9ledi\",\"COMPLETED\",\"TIMED_OUT\",0]","service":"preplyte-api","timestamp":"2026-02-18 12:25:19"}
{"level":"debug","message":"Duration: 7ms","service":"preplyte-api","timestamp":"2026-02-18 12:25:19"}
{"level":"info","message":"\u001b[0mGET /api/leaderboard?scope=global&category=overall&page=1&limit=20 \u001b[32m200\u001b[0m 63.968 ms - 910\u001b[0m","service":"preplyte-api","timestamp":"2026-02-18 12:25:19"}
{"level":"debug","message":"Query: SELECT \"public\".\"users\".\"id\", \"public\".\"users\".\"email\", \"public\".\"users\".\"role\"::text, \"public\".\"users\".\"instituteId\", \"public\".\"users\".\"isActive\", \"public\".\"users\".\"tokenVersion\" FROM \"public\".\"users\" WHERE (\"public\".\"users\".\"id\" = $1 AND 1=1) LIMIT $2 OFFSET $3","service":"preplyte-api","timestamp":"2026-02-18 12:25:19"}
{"level":"debug","message":"Params: [\"cmlqa69ye0009mz559gk9ledi\",1,0]","service":"preplyte-api","timestamp":"2026-02-18 12:25:19"}
{"level":"debug","message":"Duration: 6ms","service":"preplyte-api","timestamp":"2026-02-18 12:25:19"}
{"level":"debug","message":"Query: SELECT SUM(\"totalCorrect\") FROM (SELECT \"public\".\"aptitude_practice_sessions\".\"totalCorrect\" FROM \"public\".\"aptitude_practice_sessions\" WHERE (\"public\".\"aptitude_practice_sessions\".\"userId\" = $1 AND \"public\".\"aptitude_practice_sessions\".\"completedAt\" IS NOT NULL) OFFSET $2) AS \"sub\"","service":"preplyte-api","timestamp":"2026-02-18 12:25:19"}
{"level":"debug","message":"Params: [\"cmlqa69ye0009mz559gk9ledi\",0]","service":"preplyte-api","timestamp":"2026-02-18 12:25:19"}
{"level":"debug","message":"Duration: 0ms","service":"preplyte-api","timestamp":"2026-02-18 12:25:19"}
{"level":"debug","message":"Query: SELECT SUM(\"overallScore\") FROM (SELECT \"public\".\"ai_interview_feedbacks\".\"overallScore\" FROM \"public\".\"ai_interview_feedbacks\" WHERE \"public\".\"ai_interview_feedbacks\".\"userId\" = $1 OFFSET $2) AS \"sub\"","service":"preplyte-api","timestamp":"2026-02-18 12:25:19"}
{"level":"debug","message":"Params: [\"cmlqa69ye0009mz559gk9ledi\",0]","service":"preplyte-api","timestamp":"2026-02-18 12:25:19"}
{"level":"debug","message":"Duration: 0ms","service":"preplyte-api","timestamp":"2026-02-18 12:25:19"}
{"level":"debug","message":"Query: SELECT SUM(\"totalScore\") FROM (SELECT \"public\".\"mock_drive_attempts\".\"totalScore\" FROM \"public\".\"mock_drive_attempts\" WHERE (\"public\".\"mock_drive_attempts\".\"userId\" = $1 AND \"public\".\"mock_drive_attempts\".\"status\" IN (CAST($2::text AS \"public\".\"MockDriveAttemptStatus\"),CAST($3::text AS \"public\".\"MockDriveAttemptStatus\"))) OFFSET $4) AS \"sub\"","service":"preplyte-api","timestamp":"2026-02-18 12:25:19"}
{"level":"debug","message":"Params: [\"cmlqa69ye0009mz559gk9ledi\",\"COMPLETED\",\"TIMED_OUT\",0]","service":"preplyte-api","timestamp":"2026-02-18 12:25:19"}
{"level":"debug","message":"Duration: 0ms","service":"preplyte-api","timestamp":"2026-02-18 12:25:19"}
{"level":"debug","message":"Query: SELECT SUM(\"totalPointsEarned\") FROM (SELECT \"public\".\"lms_enrollments\".\"totalPointsEarned\" FROM \"public\".\"lms_enrollments\" WHERE \"public\".\"lms_enrollments\".\"userId\" = $1 OFFSET $2) AS \"sub\"","service":"preplyte-api","timestamp":"2026-02-18 12:25:19"}
{"level":"debug","message":"Params: [\"cmlqa69ye0009mz559gk9ledi\",0]","service":"preplyte-api","timestamp":"2026-02-18 12:25:19"}
{"level":"debug","message":"Duration: 0ms","service":"preplyte-api","timestamp":"2026-02-18 12:25:19"}
{"level":"debug","message":"Query: SELECT SUM(\"totalSolved\") FROM (SELECT \"public\".\"machine_practice_sessions\".\"totalSolved\" FROM \"public\".\"machine_practice_sessions\" WHERE (\"public\".\"machine_practice_sessions\".\"userId\" = $1 AND \"public\".\"machine_practice_sessions\".\"completedAt\" IS NOT NULL) OFFSET $2) AS \"sub\"","service":"preplyte-api","timestamp":"2026-02-18 12:25:19"}
{"level":"debug","message":"Params: [\"cmlqa69ye0009mz559gk9ledi\",0]","service":"preplyte-api","timestamp":"2026-02-18 12:25:19"}
{"level":"debug","message":"Duration: 5ms","service":"preplyte-api","timestamp":"2026-02-18 12:25:19"}
{"level":"info","message":"\u001b[0mGET /api/leaderboard/my-scores \u001b[32m200\u001b[0m 22.260 ms - 144\u001b[0m","service":"preplyte-api","timestamp":"2026-02-18 12:25:19"}
{"level":"debug","message":"Query: SELECT \"public\".\"users\".\"id\", \"public\".\"users\".\"email\", \"public\".\"users\".\"role\"::text, \"public\".\"users\".\"instituteId\", \"public\".\"users\".\"isActive\", \"public\".\"users\".\"tokenVersion\" FROM \"public\".\"users\" WHERE (\"public\".\"users\".\"id\" = $1 AND 1=1) LIMIT $2 OFFSET $3","service":"preplyte-api","timestamp":"2026-02-18 12:25:31"}
{"level":"debug","message":"Params: [\"cmlqa69ye0009mz559gk9ledi\",1,0]","service":"preplyte-api","timestamp":"2026-02-18 12:25:31"}
{"level":"debug","message":"Duration: 1ms","service":"preplyte-api","timestamp":"2026-02-18 12:25:31"}
{"category":"lms","level":"info","limit":20,"message":"[LeaderboardService] Fetching leaderboard","page":1,"scope":"global","service":"preplyte-api","timestamp":"2026-02-18 12:25:31","userId":"cmlqa69ye0009mz559gk9ledi"}
{"level":"debug","message":"Query: SELECT SUM(\"public\".\"lms_enrollments\".\"totalPointsEarned\"), \"public\".\"lms_enrollments\".\"userId\" FROM \"public\".\"lms_enrollments\" WHERE 1=1 GROUP BY \"public\".\"lms_enrollments\".\"userId\" OFFSET $1","service":"preplyte-api","timestamp":"2026-02-18 12:25:31"}
{"level":"debug","message":"Params: [0]","service":"preplyte-api","timestamp":"2026-02-18 12:25:31"}
{"level":"debug","message":"Duration: 1ms","service":"preplyte-api","timestamp":"2026-02-18 12:25:31"}
{"level":"debug","message":"Query: SELECT \"public\".\"users\".\"id\", \"public\".\"users\".\"name\", \"public\".\"users\".\"profilePictureUrl\", \"public\".\"users\".\"instituteId\" FROM \"public\".\"users\" WHERE \"public\".\"users\".\"id\" IN ($1,$2) OFFSET $3","service":"preplyte-api","timestamp":"2026-02-18 12:25:31"}
{"level":"debug","message":"Params: [\"cmlq4h9or004p9qehngr7b15o\",\"cmlqa69ye0009mz559gk9ledi\",0]","service":"preplyte-api","timestamp":"2026-02-18 12:25:31"}
{"level":"debug","message":"Duration: 0ms","service":"preplyte-api","timestamp":"2026-02-18 12:25:31"}
{"level":"debug","message":"Query: SELECT \"public\".\"student_profiles\".\"id\", \"public\".\"student_profiles\".\"fullName\", \"public\".\"student_profiles\".\"departmentId\", \"public\".\"student_profiles\".\"userId\" FROM \"public\".\"student_profiles\" WHERE \"public\".\"student_profiles\".\"userId\" IN ($1,$2) OFFSET $3","service":"preplyte-api","timestamp":"2026-02-18 12:25:31"}
{"level":"debug","message":"Params: [\"cmlqa69ye0009mz559gk9ledi\",\"cmlq4h9or004p9qehngr7b15o\",0]","service":"preplyte-api","timestamp":"2026-02-18 12:25:31"}
{"level":"debug","message":"Duration: 6ms","service":"preplyte-api","timestamp":"2026-02-18 12:25:31"}
{"level":"debug","message":"Query: SELECT \"public\".\"departments\".\"id\", \"public\".\"departments\".\"name\" FROM \"public\".\"departments\" WHERE \"public\".\"departments\".\"id\" IN ($1) OFFSET $2","service":"preplyte-api","timestamp":"2026-02-18 12:25:31"}
{"level":"debug","message":"Params: [\"cmlq8n2sa0001s9ls3j4u6ytv\",0]","service":"preplyte-api","timestamp":"2026-02-18 12:25:31"}
{"level":"debug","message":"Duration: 3ms","service":"preplyte-api","timestamp":"2026-02-18 12:25:31"}
{"level":"debug","message":"Query: SELECT \"public\".\"institutes\".\"id\", \"public\".\"institutes\".\"name\" FROM \"public\".\"institutes\" WHERE \"public\".\"institutes\".\"id\" IN ($1) OFFSET $2","service":"preplyte-api","timestamp":"2026-02-18 12:25:31"}
{"level":"debug","message":"Params: [\"c1d2e3f4g5h6i7j8k9l0\",0]","service":"preplyte-api","timestamp":"2026-02-18 12:25:31"}
{"level":"debug","message":"Duration: 2ms","service":"preplyte-api","timestamp":"2026-02-18 12:25:31"}
{"level":"debug","message":"Query: SELECT SUM(\"totalPointsEarned\") FROM (SELECT \"public\".\"lms_enrollments\".\"totalPointsEarned\" FROM \"public\".\"lms_enrollments\" WHERE \"public\".\"lms_enrollments\".\"userId\" = $1 OFFSET $2) AS \"sub\"","service":"preplyte-api","timestamp":"2026-02-18 12:25:31"}
{"level":"debug","message":"Params: [\"cmlqa69ye0009mz559gk9ledi\",0]","service":"preplyte-api","timestamp":"2026-02-18 12:25:31"}
{"level":"debug","message":"Duration: 0ms","service":"preplyte-api","timestamp":"2026-02-18 12:25:31"}
{"level":"debug","message":"Query: SELECT SUM(\"totalSolved\") FROM (SELECT \"public\".\"machine_practice_sessions\".\"totalSolved\" FROM \"public\".\"machine_practice_sessions\" WHERE (\"public\".\"machine_practice_sessions\".\"userId\" = $1 AND \"public\".\"machine_practice_sessions\".\"completedAt\" IS NOT NULL) OFFSET $2) AS \"sub\"","service":"preplyte-api","timestamp":"2026-02-18 12:25:31"}
{"level":"debug","message":"Params: [\"cmlqa69ye0009mz559gk9ledi\",0]","service":"preplyte-api","timestamp":"2026-02-18 12:25:31"}
{"level":"debug","message":"Duration: 0ms","service":"preplyte-api","timestamp":"2026-02-18 12:25:31"}
{"level":"debug","message":"Query: SELECT SUM(\"totalScore\") FROM (SELECT \"public\".\"mock_drive_attempts\".\"totalScore\" FROM \"public\".\"mock_drive_attempts\" WHERE (\"public\".\"mock_drive_attempts\".\"userId\" = $1 AND \"public\".\"mock_drive_attempts\".\"status\" IN (CAST($2::text AS \"public\".\"MockDriveAttemptStatus\"),CAST($3::text AS \"public\".\"MockDriveAttemptStatus\"))) OFFSET $4) AS \"sub\"","service":"preplyte-api","timestamp":"2026-02-18 12:25:31"}
{"level":"debug","message":"Params: [\"cmlqa69ye0009mz559gk9ledi\",\"COMPLETED\",\"TIMED_OUT\",0]","service":"preplyte-api","timestamp":"2026-02-18 12:25:31"}
{"level":"debug","message":"Duration: 0ms","service":"preplyte-api","timestamp":"2026-02-18 12:25:31"}
{"level":"debug","message":"Query: SELECT SUM(\"totalCorrect\") FROM (SELECT \"public\".\"aptitude_practice_sessions\".\"totalCorrect\" FROM \"public\".\"aptitude_practice_sessions\" WHERE (\"public\".\"aptitude_practice_sessions\".\"userId\" = $1 AND \"public\".\"aptitude_practice_sessions\".\"completedAt\" IS NOT NULL) OFFSET $2) AS \"sub\"","service":"preplyte-api","timestamp":"2026-02-18 12:25:31"}
{"level":"debug","message":"Params: [\"cmlqa69ye0009mz559gk9ledi\",0]","service":"preplyte-api","timestamp":"2026-02-18 12:25:31"}
{"level":"debug","message":"Duration: 3ms","service":"preplyte-api","timestamp":"2026-02-18 12:25:31"}
{"level":"debug","message":"Query: SELECT SUM(\"overallScore\") FROM (SELECT \"public\".\"ai_interview_feedbacks\".\"overallScore\" FROM \"public\".\"ai_interview_feedbacks\" WHERE \"public\".\"ai_interview_feedbacks\".\"userId\" = $1 OFFSET $2) AS \"sub\"","service":"preplyte-api","timestamp":"2026-02-18 12:25:31"}
{"level":"debug","message":"Params: [\"cmlqa69ye0009mz559gk9ledi\",0]","service":"preplyte-api","timestamp":"2026-02-18 12:25:31"}
{"level":"debug","message":"Duration: 3ms","service":"preplyte-api","timestamp":"2026-02-18 12:25:31"}
{"level":"info","message":"\u001b[0mGET /api/leaderboard?scope=global&category=lms&page=1&limit=20 \u001b[32m200\u001b[0m 56.835 ms - 910\u001b[0m","service":"preplyte-api","timestamp":"2026-02-18 12:25:31"}
{"level":"debug","message":"Query: SELECT 1","service":"preplyte-api","timestamp":"2026-02-18 12:26:59"}
{"level":"debug","message":"Params: []","service":"preplyte-api","timestamp":"2026-02-18 12:26:59"}
{"level":"debug","message":"Duration: 0ms","service":"preplyte-api","timestamp":"2026-02-18 12:26:59"}
{"level":"debug","message":"Query: SELECT \"public\".\"users\".\"id\", \"public\".\"users\".\"email\", \"public\".\"users\".\"role\"::text, \"public\".\"users\".\"instituteId\", \"public\".\"users\".\"isActive\", \"public\".\"users\".\"tokenVersion\" FROM \"public\".\"users\" WHERE (\"public\".\"users\".\"id\" = $1 AND 1=1) LIMIT $2 OFFSET $3","service":"preplyte-api","timestamp":"2026-02-18 12:26:59"}
{"level":"debug","message":"Params: [\"cmlqa69ye0009mz559gk9ledi\",1,0]","service":"preplyte-api","timestamp":"2026-02-18 12:26:59"}
{"level":"debug","message":"Duration: 1ms","service":"preplyte-api","timestamp":"2026-02-18 12:26:59"}
{"level":"debug","message":"Query: BEGIN","service":"preplyte-api","timestamp":"2026-02-18 12:26:59"}
{"level":"debug","message":"Params: []","service":"preplyte-api","timestamp":"2026-02-18 12:26:59"}
{"level":"debug","message":"Duration: 0ms","service":"preplyte-api","timestamp":"2026-02-18 12:26:59"}
{"level":"debug","message":"Query: UPDATE \"public\".\"refresh_tokens\" SET \"revokedAt\" = $1 WHERE (\"public\".\"refresh_tokens\".\"token\" = $2 AND \"public\".\"refresh_tokens\".\"userId\" = $3 AND \"public\".\"refresh_tokens\".\"revokedAt\" IS NULL)","service":"preplyte-api","timestamp":"2026-02-18 12:26:59"}
{"level":"debug","message":"Params: [\"2026-02-18 06:56:59.234 UTC\",\"058f56073e1bb5a28914603c8340ef69bc760d095e231d7cd8ddc5d65fd53229\",\"cmlqa69ye0009mz559gk9ledi\"]","service":"preplyte-api","timestamp":"2026-02-18 12:26:59"}
{"level":"debug","message":"Duration: 9ms","service":"preplyte-api","timestamp":"2026-02-18 12:26:59"}
{"level":"debug","message":"Query: COMMIT","service":"preplyte-api","timestamp":"2026-02-18 12:26:59"}
{"level":"debug","message":"Params: []","service":"preplyte-api","timestamp":"2026-02-18 12:26:59"}
{"level":"debug","message":"Duration: 4ms","service":"preplyte-api","timestamp":"2026-02-18 12:26:59"}
{"level":"info","message":"User logged out","service":"preplyte-api","timestamp":"2026-02-18 12:26:59","userId":"cmlqa69ye0009mz559gk9ledi"}
{"level":"info","message":"\u001b[0mPOST /api/auth/logout \u001b[32m200\u001b[0m 33.496 ms - 58\u001b[0m","service":"preplyte-api","timestamp":"2026-02-18 12:26:59"}
{"level":"debug","message":"Query: SELECT 1","service":"preplyte-api","timestamp":"2026-02-18 12:27:18"}
{"level":"debug","message":"Params: []","service":"preplyte-api","timestamp":"2026-02-18 12:27:18"}
{"level":"debug","message":"Duration: 0ms","service":"preplyte-api","timestamp":"2026-02-18 12:27:18"}
{"level":"debug","message":"Query: SELECT \"public\".\"users\".\"id\", \"public\".\"users\".\"email\", \"public\".\"users\".\"password\", \"public\".\"users\".\"name\", \"public\".\"users\".\"role\"::text, \"public\".\"users\".\"isActive\", \"public\".\"users\".\"instituteId\", \"public\".\"users\".\"profilePictureUrl\", \"public\".\"users\".\"googleId\", \"public\".\"users\".\"provider\", \"public\".\"users\".\"avatar\", \"public\".\"users\".\"createdAt\", \"public\".\"users\".\"updatedAt\", \"public\".\"users\".\"lastLoginAt\", \"public\".\"users\".\"tokenVersion\" FROM \"public\".\"users\" WHERE (\"public\".\"users\".\"email\" = $1 AND 1=1) LIMIT $2 OFFSET $3","service":"preplyte-api","timestamp":"2026-02-18 12:27:18"}
{"level":"debug","message":"Params: [\"vu1f2223082@pvppcoe.ac.in\",1,0]","service":"preplyte-api","timestamp":"2026-02-18 12:27:18"}
{"level":"debug","message":"Duration: 1ms","service":"preplyte-api","timestamp":"2026-02-18 12:27:18"}
{"level":"debug","message":"Query: SELECT \"public\".\"institutes\".\"id\", \"public\".\"institutes\".\"name\", \"public\".\"institutes\".\"domain\", \"public\".\"institutes\".\"isActive\" FROM \"public\".\"institutes\" WHERE \"public\".\"institutes\".\"id\" IN ($1) OFFSET $2","service":"preplyte-api","timestamp":"2026-02-18 12:27:18"}
{"level":"debug","message":"Params: [\"c1d2e3f4g5h6i7j8k9l0\",0]","service":"preplyte-api","timestamp":"2026-02-18 12:27:18"}
{"level":"debug","message":"Duration: 3ms","service":"preplyte-api","timestamp":"2026-02-18 12:27:18"}
{"level":"debug","message":"Query: SELECT 1","service":"preplyte-api","timestamp":"2026-02-18 12:27:19"}
{"level":"debug","message":"Params: []","service":"preplyte-api","timestamp":"2026-02-18 12:27:19"}
{"level":"debug","message":"Duration: 0ms","service":"preplyte-api","timestamp":"2026-02-18 12:27:19"}
{"level":"debug","message":"Query: INSERT INTO \"public\".\"refresh_tokens\" (\"id\",\"token\",\"userId\",\"expiresAt\",\"createdAt\") VALUES ($1,$2,$3,$4,$5) RETURNING \"public\".\"refresh_tokens\".\"id\", \"public\".\"refresh_tokens\".\"token\", \"public\".\"refresh_tokens\".\"userId\", \"public\".\"refresh_tokens\".\"expiresAt\", \"public\".\"refresh_tokens\".\"revokedAt\", \"public\".\"refresh_tokens\".\"userAgent\", \"public\".\"refresh_tokens\".\"ipAddress\", \"public\".\"refresh_tokens\".\"createdAt\"","service":"preplyte-api","timestamp":"2026-02-18 12:27:19"}
{"level":"debug","message":"Params: [\"cmlrojcar000qz1aiao0xp2tj\",\"7aa32e57ea1d3f662b6cf60d33cd26eb06465d539bd0ecb0032fbc05f25e0e46\",\"cmlq4h9or004p9qehngr7b15o\",\"2026-02-25 06:57:19.105 UTC\",\"2026-02-18 06:57:19.108 UTC\"]","service":"preplyte-api","timestamp":"2026-02-18 12:27:19"}
{"level":"debug","message":"Duration: 3ms","service":"preplyte-api","timestamp":"2026-02-18 12:27:19"}
{"level":"debug","message":"Query: UPDATE \"public\".\"users\" SET \"lastLoginAt\" = $1, \"updatedAt\" = $2 WHERE (\"public\".\"users\".\"id\" = $3 AND 1=1) RETURNING \"public\".\"users\".\"id\", \"public\".\"users\".\"email\", \"public\".\"users\".\"password\", \"public\".\"users\".\"name\", \"public\".\"users\".\"role\"::text, \"public\".\"users\".\"isActive\", \"public\".\"users\".\"instituteId\", \"public\".\"users\".\"profilePictureUrl\", \"public\".\"users\".\"googleId\", \"public\".\"users\".\"provider\", \"public\".\"users\".\"avatar\", \"public\".\"users\".\"createdAt\", \"public\".\"users\".\"updatedAt\", \"public\".\"users\".\"lastLoginAt\", \"public\".\"users\".\"tokenVersion\"","service":"preplyte-api","timestamp":"2026-02-18 12:27:19"}
{"level":"debug","message":"Params: [\"2026-02-18 06:57:19.106 UTC\",\"2026-02-18 06:57:19.108 UTC\",\"cmlq4h9or004p9qehngr7b15o\"]","service":"preplyte-api","timestamp":"2026-02-18 12:27:19"}
{"level":"debug","message":"Duration: 3ms","service":"preplyte-api","timestamp":"2026-02-18 12:27:19"}
{"level":"info","message":"User logged in","service":"preplyte-api","timestamp":"2026-02-18 12:27:19","userId":"cmlq4h9or004p9qehngr7b15o"}
{"level":"info","message":"\u001b[0mPOST /api/auth/login \u001b[32m200\u001b[0m 503.843 ms - -\u001b[0m","service":"preplyte-api","timestamp":"2026-02-18 12:27:19"}
{"level":"debug","message":"Query: SELECT 1","service":"preplyte-api","timestamp":"2026-02-18 12:27:49"}
{"level":"debug","message":"Params: []","service":"preplyte-api","timestamp":"2026-02-18 12:27:49"}
{"level":"debug","message":"Duration: 0ms","service":"preplyte-api","timestamp":"2026-02-18 12:27:49"}
{"level":"debug","message":"Query: SELECT \"public\".\"users\".\"id\", \"public\".\"users\".\"email\", \"public\".\"users\".\"role\"::text, \"public\".\"users\".\"instituteId\", \"public\".\"users\".\"isActive\", \"public\".\"users\".\"tokenVersion\" FROM \"public\".\"users\" WHERE (\"public\".\"users\".\"id\" = $1 AND 1=1) LIMIT $2 OFFSET $3","service":"preplyte-api","timestamp":"2026-02-18 12:27:49"}
{"level":"debug","message":"Params: [\"cmlq4h9or004p9qehngr7b15o\",1,0]","service":"preplyte-api","timestamp":"2026-02-18 12:27:49"}
{"level":"debug","message":"Duration: 0ms","service":"preplyte-api","timestamp":"2026-02-18 12:27:49"}
{"level":"debug","message":"Query: SELECT SUM(\"totalPointsEarned\") FROM (SELECT \"public\".\"lms_enrollments\".\"totalPointsEarned\" FROM \"public\".\"lms_enrollments\" WHERE \"public\".\"lms_enrollments\".\"userId\" = $1 OFFSET $2) AS \"sub\"","service":"preplyte-api","timestamp":"2026-02-18 12:27:49"}
{"level":"debug","message":"Params: [\"cmlq4h9or004p9qehngr7b15o\",0]","service":"preplyte-api","timestamp":"2026-02-18 12:27:49"}
{"level":"debug","message":"Duration: 1ms","service":"preplyte-api","timestamp":"2026-02-18 12:27:49"}
{"level":"debug","message":"Query: SELECT SUM(\"totalSolved\") FROM (SELECT \"public\".\"machine_practice_sessions\".\"totalSolved\" FROM \"public\".\"machine_practice_sessions\" WHERE (\"public\".\"machine_practice_sessions\".\"userId\" = $1 AND \"public\".\"machine_practice_sessions\".\"completedAt\" IS NOT NULL) OFFSET $2) AS \"sub\"","service":"preplyte-api","timestamp":"2026-02-18 12:27:50"}
{"level":"debug","message":"Params: [\"cmlq4h9or004p9qehngr7b15o\",0]","service":"preplyte-api","timestamp":"2026-02-18 12:27:50"}
{"level":"debug","message":"Duration: 4ms","service":"preplyte-api","timestamp":"2026-02-18 12:27:50"}
{"level":"debug","message":"Query: SELECT SUM(\"totalCorrect\") FROM (SELECT \"public\".\"aptitude_practice_sessions\".\"totalCorrect\" FROM \"public\".\"aptitude_practice_sessions\" WHERE (\"public\".\"aptitude_practice_sessions\".\"userId\" = $1 AND \"public\".\"aptitude_practice_sessions\".\"completedAt\" IS NOT NULL) OFFSET $2) AS \"sub\"","service":"preplyte-api","timestamp":"2026-02-18 12:27:50"}
{"level":"debug","message":"Params: [\"cmlq4h9or004p9qehngr7b15o\",0]","service":"preplyte-api","timestamp":"2026-02-18 12:27:50"}
{"level":"debug","message":"Duration: 4ms","service":"preplyte-api","timestamp":"2026-02-18 12:27:50"}
{"level":"debug","message":"Query: SELECT SUM(\"totalScore\") FROM (SELECT \"public\".\"mock_drive_attempts\".\"totalScore\" FROM \"public\".\"mock_drive_attempts\" WHERE (\"public\".\"mock_drive_attempts\".\"userId\" = $1 AND \"public\".\"mock_drive_attempts\".\"status\" IN (CAST($2::text AS \"public\".\"MockDriveAttemptStatus\"),CAST($3::text AS \"public\".\"MockDriveAttemptStatus\"))) OFFSET $4) AS \"sub\"","service":"preplyte-api","timestamp":"2026-02-18 12:27:50"}
{"level":"debug","message":"Params: [\"cmlq4h9or004p9qehngr7b15o\",\"COMPLETED\",\"TIMED_OUT\",0]","service":"preplyte-api","timestamp":"2026-02-18 12:27:50"}
{"level":"debug","message":"Duration: 8ms","service":"preplyte-api","timestamp":"2026-02-18 12:27:50"}
{"level":"debug","message":"Query: SELECT \"public\".\"users\".\"id\", \"public\".\"users\".\"email\", \"public\".\"users\".\"role\"::text, \"public\".\"users\".\"instituteId\", \"public\".\"users\".\"isActive\", \"public\".\"users\".\"tokenVersion\" FROM \"public\".\"users\" WHERE (\"public\".\"users\".\"id\" = $1 AND 1=1) LIMIT $2 OFFSET $3","service":"preplyte-api","timestamp":"2026-02-18 12:27:50"}
{"level":"debug","message":"Params: [\"cmlq4h9or004p9qehngr7b15o\",1,0]","service":"preplyte-api","timestamp":"2026-02-18 12:27:50"}
{"level":"debug","message":"Duration: 5ms","service":"preplyte-api","timestamp":"2026-02-18 12:27:50"}
{"level":"debug","message":"Query: SELECT SUM(\"overallScore\") FROM (SELECT \"public\".\"ai_interview_feedbacks\".\"overallScore\" FROM \"public\".\"ai_interview_feedbacks\" WHERE \"public\".\"ai_interview_feedbacks\".\"userId\" = $1 OFFSET $2) AS \"sub\"","service":"preplyte-api","timestamp":"2026-02-18 12:27:50"}
{"level":"debug","message":"Params: [\"cmlq4h9or004p9qehngr7b15o\",0]","service":"preplyte-api","timestamp":"2026-02-18 12:27:50"}
{"level":"debug","message":"Duration: 3ms","service":"preplyte-api","timestamp":"2026-02-18 12:27:50"}
{"category":"lms","level":"info","limit":20,"message":"[LeaderboardService] Fetching leaderboard","page":1,"scope":"global","service":"preplyte-api","timestamp":"2026-02-18 12:27:50","userId":"cmlq4h9or004p9qehngr7b15o"}
{"level":"info","message":"\u001b[0mGET /api/leaderboard/my-scores \u001b[36m304\u001b[0m 138.343 ms - -\u001b[0m","service":"preplyte-api","timestamp":"2026-02-18 12:27:50"}
{"level":"debug","message":"Query: SELECT SUM(\"public\".\"lms_enrollments\".\"totalPointsEarned\"), \"public\".\"lms_enrollments\".\"userId\" FROM \"public\".\"lms_enrollments\" WHERE 1=1 GROUP BY \"public\".\"lms_enrollments\".\"userId\" OFFSET $1","service":"preplyte-api","timestamp":"2026-02-18 12:27:50"}
{"level":"debug","message":"Params: [0]","service":"preplyte-api","timestamp":"2026-02-18 12:27:50"}
{"level":"debug","message":"Duration: 8ms","service":"preplyte-api","timestamp":"2026-02-18 12:27:50"}
{"level":"debug","message":"Query: SELECT \"public\".\"users\".\"id\", \"public\".\"users\".\"name\", \"public\".\"users\".\"profilePictureUrl\", \"public\".\"users\".\"instituteId\" FROM \"public\".\"users\" WHERE \"public\".\"users\".\"id\" IN ($1,$2) OFFSET $3","service":"preplyte-api","timestamp":"2026-02-18 12:27:50"}
{"level":"debug","message":"Params: [\"cmlq4h9or004p9qehngr7b15o\",\"cmlqa69ye0009mz559gk9ledi\",0]","service":"preplyte-api","timestamp":"2026-02-18 12:27:50"}
{"level":"debug","message":"Duration: 9ms","service":"preplyte-api","timestamp":"2026-02-18 12:27:50"}
{"level":"debug","message":"Query: SELECT \"public\".\"student_profiles\".\"id\", \"public\".\"student_profiles\".\"fullName\", \"public\".\"student_profiles\".\"departmentId\", \"public\".\"student_profiles\".\"userId\" FROM \"public\".\"student_profiles\" WHERE \"public\".\"student_profiles\".\"userId\" IN ($1,$2) OFFSET $3","service":"preplyte-api","timestamp":"2026-02-18 12:27:50"}
{"level":"debug","message":"Params: [\"cmlqa69ye0009mz559gk9ledi\",\"cmlq4h9or004p9qehngr7b15o\",0]","service":"preplyte-api","timestamp":"2026-02-18 12:27:50"}
{"level":"debug","message":"Duration: 12ms","service":"preplyte-api","timestamp":"2026-02-18 12:27:50"}
{"level":"debug","message":"Query: SELECT \"public\".\"departments\".\"id\", \"public\".\"departments\".\"name\" FROM \"public\".\"departments\" WHERE \"public\".\"departments\".\"id\" IN ($1) OFFSET $2","service":"preplyte-api","timestamp":"2026-02-18 12:27:50"}
{"level":"debug","message":"Params: [\"cmlq8n2sa0001s9ls3j4u6ytv\",0]","service":"preplyte-api","timestamp":"2026-02-18 12:27:50"}
{"level":"debug","message":"Duration: 7ms","service":"preplyte-api","timestamp":"2026-02-18 12:27:50"}
{"level":"debug","message":"Query: SELECT \"public\".\"institutes\".\"id\", \"public\".\"institutes\".\"name\" FROM \"public\".\"institutes\" WHERE \"public\".\"institutes\".\"id\" IN ($1) OFFSET $2","service":"preplyte-api","timestamp":"2026-02-18 12:27:50"}
{"level":"debug","message":"Params: [\"c1d2e3f4g5h6i7j8k9l0\",0]","service":"preplyte-api","timestamp":"2026-02-18 12:27:50"}
{"level":"debug","message":"Duration: 8ms","service":"preplyte-api","timestamp":"2026-02-18 12:27:50"}
{"level":"debug","message":"Query: SELECT SUM(\"totalPointsEarned\") FROM (SELECT \"public\".\"lms_enrollments\".\"totalPointsEarned\" FROM \"public\".\"lms_enrollments\" WHERE \"public\".\"lms_enrollments\".\"userId\" = $1 OFFSET $2) AS \"sub\"","service":"preplyte-api","timestamp":"2026-02-18 12:27:50"}
{"level":"debug","message":"Params: [\"cmlq4h9or004p9qehngr7b15o\",0]","service":"preplyte-api","timestamp":"2026-02-18 12:27:50"}
{"level":"debug","message":"Duration: 1ms","service":"preplyte-api","timestamp":"2026-02-18 12:27:50"}
{"level":"debug","message":"Query: SELECT SUM(\"totalCorrect\") FROM (SELECT \"public\".\"aptitude_practice_sessions\".\"totalCorrect\" FROM \"public\".\"aptitude_practice_sessions\" WHERE (\"public\".\"aptitude_practice_sessions\".\"userId\" = $1 AND \"public\".\"aptitude_practice_sessions\".\"completedAt\" IS NOT NULL) OFFSET $2) AS \"sub\"","service":"preplyte-api","timestamp":"2026-02-18 12:27:50"}
{"level":"debug","message":"Params: [\"cmlq4h9or004p9qehngr7b15o\",0]","service":"preplyte-api","timestamp":"2026-02-18 12:27:50"}
{"level":"debug","message":"Duration: 7ms","service":"preplyte-api","timestamp":"2026-02-18 12:27:50"}
{"level":"debug","message":"Query: SELECT SUM(\"overallScore\") FROM (SELECT \"public\".\"ai_interview_feedbacks\".\"overallScore\" FROM \"public\".\"ai_interview_feedbacks\" WHERE \"public\".\"ai_interview_feedbacks\".\"userId\" = $1 OFFSET $2) AS \"sub\"","service":"preplyte-api","timestamp":"2026-02-18 12:27:50"}
{"level":"debug","message":"Params: [\"cmlq4h9or004p9qehngr7b15o\",0]","service":"preplyte-api","timestamp":"2026-02-18 12:27:50"}
{"level":"debug","message":"Duration: 7ms","service":"preplyte-api","timestamp":"2026-02-18 12:27:50"}
{"level":"debug","message":"Query: SELECT SUM(\"totalSolved\") FROM (SELECT \"public\".\"machine_practice_sessions\".\"totalSolved\" FROM \"public\".\"machine_practice_sessions\" WHERE (\"public\".\"machine_practice_sessions\".\"userId\" = $1 AND \"public\".\"machine_practice_sessions\".\"completedAt\" IS NOT NULL) OFFSET $2) AS \"sub\"","service":"preplyte-api","timestamp":"2026-02-18 12:27:50"}
{"level":"debug","message":"Params: [\"cmlq4h9or004p9qehngr7b15o\",0]","service":"preplyte-api","timestamp":"2026-02-18 12:27:50"}
{"level":"debug","message":"Duration: 7ms","service":"preplyte-api","timestamp":"2026-02-18 12:27:50"}
{"level":"debug","message":"Query: SELECT SUM(\"totalScore\") FROM (SELECT \"public\".\"mock_drive_attempts\".\"totalScore\" FROM \"public\".\"mock_drive_attempts\" WHERE (\"public\".\"mock_drive_attempts\".\"userId\" = $1 AND \"public\".\"mock_drive_attempts\".\"status\" IN (CAST($2::text AS \"public\".\"MockDriveAttemptStatus\"),CAST($3::text AS \"public\".\"MockDriveAttemptStatus\"))) OFFSET $4) AS \"sub\"","service":"preplyte-api","timestamp":"2026-02-18 12:27:50"}
{"level":"debug","message":"Params: [\"cmlq4h9or004p9qehngr7b15o\",\"COMPLETED\",\"TIMED_OUT\",0]","service":"preplyte-api","timestamp":"2026-02-18 12:27:50"}
{"level":"debug","message":"Duration: 14ms","service":"preplyte-api","timestamp":"2026-02-18 12:27:50"}
{"level":"info","message":"\u001b[0mGET /api/leaderboard?scope=global&category=lms&page=1&limit=20 \u001b[32m200\u001b[0m 218.543 ms - 912\u001b[0m","service":"preplyte-api","timestamp":"2026-02-18 12:27:50"}
{"baseURL":"https://judge0-ce.p.rapidapi.com","level":"info","message":"Judge0 client initialized","service":"preplyte-api","timestamp":"2026-02-18 12:30:54","useRapidAPI":true}
{"level":"info","message":"[TTS] Using Deepgram for text-to-speech","service":"preplyte-api","timestamp":"2026-02-18 12:30:54"}
{"keyLength":39,"keyPrefix":"AIzaSyC7yj...","level":"info","message":"Gemini API Key loaded:","service":"preplyte-api","timestamp":"2026-02-18 12:30:54"}
{"environment":"development","host":"0.0.0.0","level":"info","message":"Starting server...","port":4000,"service":"preplyte-api","timestamp":"2026-02-18 12:30:54"}
{"level":"info","message":"Checking database connection...","service":"preplyte-api","timestamp":"2026-02-18 12:30:54"}
{"level":"debug","message":"Query: SELECT 1","service":"preplyte-api","timestamp":"2026-02-18 12:30:54"}
{"level":"debug","message":"Params: []","service":"preplyte-api","timestamp":"2026-02-18 12:30:54"}
{"level":"debug","message":"Duration: 0ms","service":"preplyte-api","timestamp":"2026-02-18 12:30:54"}
{"level":"info","message":"✅ Database connected successfully","service":"preplyte-api","timestamp":"2026-02-18 12:30:54"}
{"level":"info","message":"[WS Gateway] WebSocket server initialized","path":"/ws/interview/:sessionId","service":"preplyte-api","timestamp":"2026-02-18 12:30:54"}
{"api":"http://localhost:4000/api","environment":"development","health":"http://localhost:4000/health","host":"0.0.0.0","level":"info","message":"🚀 Server running","port":4000,"service":"preplyte-api","timestamp":"2026-02-18 12:30:54","websocket":"ws://localhost:4000/ws/interview/:sessionId"}
{"intervalHours":24,"level":"info","message":"Starting token cleanup scheduler","service":"preplyte-api","timestamp":"2026-02-18 12:30:54"}
{"level":"info","message":"Starting token cleanup job","service":"preplyte-api","timestamp":"2026-02-18 12:30:54"}
{"level":"debug","message":"Query: DELETE FROM \"public\".\"refresh_tokens\" WHERE (\"public\".\"refresh_tokens\".\"expiresAt\" < $1 OR \"public\".\"refresh_tokens\".\"revokedAt\" < $2)","service":"preplyte-api","timestamp":"2026-02-18 12:30:54"}
{"level":"debug","message":"Params: [\"2026-02-18 07:00:54.866 UTC\",\"2026-02-11 07:00:54.866 UTC\"]","service":"preplyte-api","timestamp":"2026-02-18 12:30:54"}
{"level":"debug","message":"Duration: 4ms","service":"preplyte-api","timestamp":"2026-02-18 12:30:54"}
{"count":0,"level":"info","message":"Cleaned up expired tokens","service":"preplyte-api","timestamp":"2026-02-18 12:30:54"}
{"level":"info","message":"Token cleanup completed","service":"preplyte-api","timestamp":"2026-02-18 12:30:54","tokensRemoved":0}
{"level":"debug","message":"Query: SELECT 1","service":"preplyte-api","timestamp":"2026-02-18 12:33:50"}
{"level":"debug","message":"Params: []","service":"preplyte-api","timestamp":"2026-02-18 12:33:50"}
{"level":"debug","message":"Duration: 0ms","service":"preplyte-api","timestamp":"2026-02-18 12:33:50"}
{"level":"debug","message":"Query: SELECT \"public\".\"users\".\"id\", \"public\".\"users\".\"email\", \"public\".\"users\".\"role\"::text, \"public\".\"users\".\"instituteId\", \"public\".\"users\".\"isActive\", \"public\".\"users\".\"tokenVersion\" FROM \"public\".\"users\" WHERE (\"public\".\"users\".\"id\" = $1 AND 1=1) LIMIT $2 OFFSET $3","service":"preplyte-api","timestamp":"2026-02-18 12:33:50"}
{"level":"debug","message":"Params: [\"cmlq4h9or004p9qehngr7b15o\",1,0]","service":"preplyte-api","timestamp":"2026-02-18 12:33:50"}
{"level":"debug","message":"Duration: 16ms","service":"preplyte-api","timestamp":"2026-02-18 12:33:50"}
{"level":"info","message":"\u001b[0mGET /api/leaderboard/config \u001b[32m200\u001b[0m 60.636 ms - 1011\u001b[0m","service":"preplyte-api","timestamp":"2026-02-18 12:33:50"}
{"level":"debug","message":"Query: SELECT \"public\".\"users\".\"id\", \"public\".\"users\".\"email\", \"public\".\"users\".\"role\"::text, \"public\".\"users\".\"instituteId\", \"public\".\"users\".\"isActive\", \"public\".\"users\".\"tokenVersion\" FROM \"public\".\"users\" WHERE (\"public\".\"users\".\"id\" = $1 AND 1=1) LIMIT $2 OFFSET $3","service":"preplyte-api","timestamp":"2026-02-18 12:33:50"}
{"level":"debug","message":"Params: [\"cmlq4h9or004p9qehngr7b15o\",1,0]","service":"preplyte-api","timestamp":"2026-02-18 12:33:50"}
{"level":"debug","message":"Duration: 6ms","service":"preplyte-api","timestamp":"2026-02-18 12:33:50"}
{"category":"overall","level":"info","limit":20,"message":"[LeaderboardService] Fetching leaderboard","page":1,"scope":"global","service":"preplyte-api","timestamp":"2026-02-18 12:33:50","userId":"cmlq4h9or004p9qehngr7b15o"}
{"level":"debug","message":"Query: SELECT \"public\".\"users\".\"id\", \"public\".\"users\".\"email\", \"public\".\"users\".\"role\"::text, \"public\".\"users\".\"instituteId\", \"public\".\"users\".\"isActive\", \"public\".\"users\".\"tokenVersion\" FROM \"public\".\"users\" WHERE (\"public\".\"users\".\"id\" = $1 AND 1=1) LIMIT $2 OFFSET $3","service":"preplyte-api","timestamp":"2026-02-18 12:33:50"}
{"level":"debug","message":"Params: [\"cmlq4h9or004p9qehngr7b15o\",1,0]","service":"preplyte-api","timestamp":"2026-02-18 12:33:50"}
{"level":"debug","message":"Duration: 7ms","service":"preplyte-api","timestamp":"2026-02-18 12:33:50"}
{"level":"debug","message":"Query: SELECT \"public\".\"users\".\"id\", \"public\".\"users\".\"email\", \"public\".\"users\".\"role\"::text, \"public\".\"users\".\"instituteId\", \"public\".\"users\".\"isActive\", \"public\".\"users\".\"tokenVersion\" FROM \"public\".\"users\" WHERE (\"public\".\"users\".\"id\" = $1 AND 1=1) LIMIT $2 OFFSET $3","service":"preplyte-api","timestamp":"2026-02-18 12:33:50"}
{"level":"debug","message":"Params: [\"cmlq4h9or004p9qehngr7b15o\",1,0]","service":"preplyte-api","timestamp":"2026-02-18 12:33:50"}
{"level":"debug","message":"Duration: 7ms","service":"preplyte-api","timestamp":"2026-02-18 12:33:50"}
{"level":"debug","message":"Query: SELECT SUM(\"public\".\"aptitude_practice_sessions\".\"totalCorrect\"), \"public\".\"aptitude_practice_sessions\".\"userId\" FROM \"public\".\"aptitude_practice_sessions\" WHERE \"public\".\"aptitude_practice_sessions\".\"completedAt\" IS NOT NULL GROUP BY \"public\".\"aptitude_practice_sessions\".\"userId\" OFFSET $1","service":"preplyte-api","timestamp":"2026-02-18 12:33:50"}
{"level":"debug","message":"Params: [0]","service":"preplyte-api","timestamp":"2026-02-18 12:33:50"}
{"level":"debug","message":"Duration: 4ms","service":"preplyte-api","timestamp":"2026-02-18 12:33:50"}
{"level":"debug","message":"Query: SELECT SUM(\"public\".\"machine_practice_sessions\".\"totalSolved\"), \"public\".\"machine_practice_sessions\".\"userId\" FROM \"public\".\"machine_practice_sessions\" WHERE \"public\".\"machine_practice_sessions\".\"completedAt\" IS NOT NULL GROUP BY \"public\".\"machine_practice_sessions\".\"userId\" OFFSET $1","service":"preplyte-api","timestamp":"2026-02-18 12:33:50"}
{"level":"debug","message":"Params: [0]","service":"preplyte-api","timestamp":"2026-02-18 12:33:50"}
{"level":"debug","message":"Duration: 5ms","service":"preplyte-api","timestamp":"2026-02-18 12:33:50"}
{"level":"debug","message":"Query: SELECT SUM(\"public\".\"ai_interview_feedbacks\".\"overallScore\"), \"public\".\"ai_interview_feedbacks\".\"userId\" FROM \"public\".\"ai_interview_feedbacks\" WHERE 1=1 GROUP BY \"public\".\"ai_interview_feedbacks\".\"userId\" OFFSET $1","service":"preplyte-api","timestamp":"2026-02-18 12:33:50"}
{"level":"debug","message":"Params: [0]","service":"preplyte-api","timestamp":"2026-02-18 12:33:50"}
{"level":"debug","message":"Duration: 4ms","service":"preplyte-api","timestamp":"2026-02-18 12:33:50"}
{"level":"debug","message":"Query: SELECT SUM(\"public\".\"lms_enrollments\".\"totalPointsEarned\"), \"public\".\"lms_enrollments\".\"userId\" FROM \"public\".\"lms_enrollments\" WHERE 1=1 GROUP BY \"public\".\"lms_enrollments\".\"userId\" OFFSET $1","service":"preplyte-api","timestamp":"2026-02-18 12:33:50"}
{"level":"debug","message":"Params: [0]","service":"preplyte-api","timestamp":"2026-02-18 12:33:50"}
{"level":"debug","message":"Duration: 6ms","service":"preplyte-api","timestamp":"2026-02-18 12:33:50"}
{"category":"lms","level":"info","limit":20,"message":"[LeaderboardService] Fetching leaderboard","page":1,"scope":"global","service":"preplyte-api","timestamp":"2026-02-18 12:33:50","userId":"cmlq4h9or004p9qehngr7b15o"}
{"level":"debug","message":"Query: SELECT SUM(\"totalPointsEarned\") FROM (SELECT \"public\".\"lms_enrollments\".\"totalPointsEarned\" FROM \"public\".\"lms_enrollments\" WHERE \"public\".\"lms_enrollments\".\"userId\" = $1 OFFSET $2) AS \"sub\"","service":"preplyte-api","timestamp":"2026-02-18 12:33:50"}
{"level":"debug","message":"Params: [\"cmlq4h9or004p9qehngr7b15o\",0]","service":"preplyte-api","timestamp":"2026-02-18 12:33:50"}
{"level":"debug","message":"Duration: 1ms","service":"preplyte-api","timestamp":"2026-02-18 12:33:50"}
{"level":"debug","message":"Query: SELECT SUM(\"public\".\"lms_enrollments\".\"totalPointsEarned\"), \"public\".\"lms_enrollments\".\"userId\" FROM \"public\".\"lms_enrollments\" WHERE 1=1 GROUP BY \"public\".\"lms_enrollments\".\"userId\" OFFSET $1","service":"preplyte-api","timestamp":"2026-02-18 12:33:50"}
{"level":"debug","message":"Params: [0]","service":"preplyte-api","timestamp":"2026-02-18 12:33:50"}
{"level":"debug","message":"Duration: 0ms","service":"preplyte-api","timestamp":"2026-02-18 12:33:50"}
{"level":"debug","message":"Query: SELECT SUM(\"totalCorrect\") FROM (SELECT \"public\".\"aptitude_practice_sessions\".\"totalCorrect\" FROM \"public\".\"aptitude_practice_sessions\" WHERE (\"public\".\"aptitude_practice_sessions\".\"userId\" = $1 AND \"public\".\"aptitude_practice_sessions\".\"completedAt\" IS NOT NULL) OFFSET $2) AS \"sub\"","service":"preplyte-api","timestamp":"2026-02-18 12:33:50"}
{"level":"debug","message":"Params: [\"cmlq4h9or004p9qehngr7b15o\",0]","service":"preplyte-api","timestamp":"2026-02-18 12:33:50"}
{"level":"debug","message":"Duration: 4ms","service":"preplyte-api","timestamp":"2026-02-18 12:33:50"}
{"level":"debug","message":"Query: SELECT SUM(\"totalSolved\") FROM (SELECT \"public\".\"machine_practice_sessions\".\"totalSolved\" FROM \"public\".\"machine_practice_sessions\" WHERE (\"public\".\"machine_practice_sessions\".\"userId\" = $1 AND \"public\".\"machine_practice_sessions\".\"completedAt\" IS NOT NULL) OFFSET $2) AS \"sub\"","service":"preplyte-api","timestamp":"2026-02-18 12:33:50"}
{"level":"debug","message":"Params: [\"cmlq4h9or004p9qehngr7b15o\",0]","service":"preplyte-api","timestamp":"2026-02-18 12:33:50"}
{"level":"debug","message":"Duration: 4ms","service":"preplyte-api","timestamp":"2026-02-18 12:33:50"}
{"level":"debug","message":"Query: SELECT SUM(\"overallScore\") FROM (SELECT \"public\".\"ai_interview_feedbacks\".\"overallScore\" FROM \"public\".\"ai_interview_feedbacks\" WHERE \"public\".\"ai_interview_feedbacks\".\"userId\" = $1 OFFSET $2) AS \"sub\"","service":"preplyte-api","timestamp":"2026-02-18 12:33:50"}
{"level":"debug","message":"Params: [\"cmlq4h9or004p9qehngr7b15o\",0]","service":"preplyte-api","timestamp":"2026-02-18 12:33:50"}
{"level":"debug","message":"Duration: 4ms","service":"preplyte-api","timestamp":"2026-02-18 12:33:50"}
{"level":"debug","message":"Query: SELECT \"public\".\"users\".\"id\", \"public\".\"users\".\"name\", \"public\".\"users\".\"profilePictureUrl\", \"public\".\"users\".\"instituteId\" FROM \"public\".\"users\" WHERE \"public\".\"users\".\"id\" IN ($1,$2) OFFSET $3","service":"preplyte-api","timestamp":"2026-02-18 12:33:50"}
{"level":"debug","message":"Params: [\"cmlq4h9or004p9qehngr7b15o\",\"cmlqa69ye0009mz559gk9ledi\",0]","service":"preplyte-api","timestamp":"2026-02-18 12:33:50"}
{"level":"debug","message":"Duration: 1ms","service":"preplyte-api","timestamp":"2026-02-18 12:33:50"}
{"level":"debug","message":"Query: SELECT \"public\".\"student_profiles\".\"id\", \"public\".\"student_profiles\".\"fullName\", \"public\".\"student_profiles\".\"departmentId\", \"public\".\"student_profiles\".\"userId\" FROM \"public\".\"student_profiles\" WHERE \"public\".\"student_profiles\".\"userId\" IN ($1,$2) OFFSET $3","service":"preplyte-api","timestamp":"2026-02-18 12:33:50"}
{"level":"debug","message":"Params: [\"cmlqa69ye0009mz559gk9ledi\",\"cmlq4h9or004p9qehngr7b15o\",0]","service":"preplyte-api","timestamp":"2026-02-18 12:33:50"}
{"level":"debug","message":"Duration: 9ms","service":"preplyte-api","timestamp":"2026-02-18 12:33:50"}
{"level":"debug","message":"Query: SELECT \"public\".\"departments\".\"id\", \"public\".\"departments\".\"name\" FROM \"public\".\"departments\" WHERE \"public\".\"departments\".\"id\" IN ($1) OFFSET $2","service":"preplyte-api","timestamp":"2026-02-18 12:33:50"}
{"level":"debug","message":"Params: [\"cmlq8n2sa0001s9ls3j4u6ytv\",0]","service":"preplyte-api","timestamp":"2026-02-18 12:33:50"}
{"level":"debug","message":"Duration: 9ms","service":"preplyte-api","timestamp":"2026-02-18 12:33:50"}
{"level":"debug","message":"Query: SELECT \"public\".\"institutes\".\"id\", \"public\".\"institutes\".\"name\" FROM \"public\".\"institutes\" WHERE \"public\".\"institutes\".\"id\" IN ($1) OFFSET $2","service":"preplyte-api","timestamp":"2026-02-18 12:33:50"}
{"level":"debug","message":"Params: [\"c1d2e3f4g5h6i7j8k9l0\",0]","service":"preplyte-api","timestamp":"2026-02-18 12:33:50"}
{"level":"debug","message":"Duration: 6ms","service":"preplyte-api","timestamp":"2026-02-18 12:33:50"}
{"level":"debug","message":"Query: SELECT \"public\".\"users\".\"id\", \"public\".\"users\".\"name\", \"public\".\"users\".\"profilePictureUrl\", \"public\".\"users\".\"instituteId\" FROM \"public\".\"users\" WHERE \"public\".\"users\".\"id\" IN ($1,$2) OFFSET $3","service":"preplyte-api","timestamp":"2026-02-18 12:33:50"}
{"level":"debug","message":"Params: [\"cmlq4h9or004p9qehngr7b15o\",\"cmlqa69ye0009mz559gk9ledi\",0]","service":"preplyte-api","timestamp":"2026-02-18 12:33:50"}
{"level":"debug","message":"Duration: 0ms","service":"preplyte-api","timestamp":"2026-02-18 12:33:50"}
{"level":"debug","message":"Query: SELECT \"public\".\"student_profiles\".\"id\", \"public\".\"student_profiles\".\"fullName\", \"public\".\"student_profiles\".\"departmentId\", \"public\".\"student_profiles\".\"userId\" FROM \"public\".\"student_profiles\" WHERE \"public\".\"student_profiles\".\"userId\" IN ($1,$2) OFFSET $3","service":"preplyte-api","timestamp":"2026-02-18 12:33:50"}
{"level":"debug","message":"Params: [\"cmlqa69ye0009mz559gk9ledi\",\"cmlq4h9or004p9qehngr7b15o\",0]","service":"preplyte-api","timestamp":"2026-02-18 12:33:50"}
{"level":"debug","message":"Duration: 0ms","service":"preplyte-api","timestamp":"2026-02-18 12:33:50"}
{"level":"debug","message":"Query: SELECT \"public\".\"departments\".\"id\", \"public\".\"departments\".\"name\" FROM \"public\".\"departments\" WHERE \"public\".\"departments\".\"id\" IN ($1) OFFSET $2","service":"preplyte-api","timestamp":"2026-02-18 12:33:50"}
{"level":"debug","message":"Params: [\"cmlq8n2sa0001s9ls3j4u6ytv\",0]","service":"preplyte-api","timestamp":"2026-02-18 12:33:50"}
{"level":"debug","message":"Duration: 0ms","service":"preplyte-api","timestamp":"2026-02-18 12:33:50"}
{"level":"debug","message":"Query: SELECT \"public\".\"institutes\".\"id\", \"public\".\"institutes\".\"name\" FROM \"public\".\"institutes\" WHERE \"public\".\"institutes\".\"id\" IN ($1) OFFSET $2","service":"preplyte-api","timestamp":"2026-02-18 12:33:50"}
{"level":"debug","message":"Params: [\"c1d2e3f4g5h6i7j8k9l0\",0]","service":"preplyte-api","timestamp":"2026-02-18 12:33:50"}
{"level":"debug","message":"Duration: 0ms","service":"preplyte-api","timestamp":"2026-02-18 12:33:50"}
{"level":"debug","message":"Query: SELECT SUM(\"public\".\"mock_drive_attempts\".\"totalScore\"), \"public\".\"mock_drive_attempts\".\"userId\" FROM \"public\".\"mock_drive_attempts\" WHERE \"public\".\"mock_drive_attempts\".\"status\" IN (CAST($1::text AS \"public\".\"MockDriveAttemptStatus\"),CAST($2::text AS \"public\".\"MockDriveAttemptStatus\")) GROUP BY \"public\".\"mock_drive_attempts\".\"userId\" OFFSET $3","service":"preplyte-api","timestamp":"2026-02-18 12:33:50"}
{"level":"debug","message":"Params: [\"COMPLETED\",\"TIMED_OUT\",0]","service":"preplyte-api","timestamp":"2026-02-18 12:33:50"}
{"level":"debug","message":"Duration: 9ms","service":"preplyte-api","timestamp":"2026-02-18 12:33:50"}
{"level":"debug","message":"Query: SELECT SUM(\"overallScore\") FROM (SELECT \"public\".\"ai_interview_feedbacks\".\"overallScore\" FROM \"public\".\"ai_interview_feedbacks\" WHERE \"public\".\"ai_interview_feedbacks\".\"userId\" = $1 OFFSET $2) AS \"sub\"","service":"preplyte-api","timestamp":"2026-02-18 12:33:50"}
{"level":"debug","message":"Params: [\"cmlq4h9or004p9qehngr7b15o\",0]","service":"preplyte-api","timestamp":"2026-02-18 12:33:50"}
{"level":"debug","message":"Duration: 1ms","service":"preplyte-api","timestamp":"2026-02-18 12:33:50"}
{"level":"debug","message":"Query: SELECT SUM(\"totalSolved\") FROM (SELECT \"public\".\"machine_practice_sessions\".\"totalSolved\" FROM \"public\".\"machine_practice_sessions\" WHERE (\"public\".\"machine_practice_sessions\".\"userId\" = $1 AND \"public\".\"machine_practice_sessions\".\"completedAt\" IS NOT NULL) OFFSET $2) AS \"sub\"","service":"preplyte-api","timestamp":"2026-02-18 12:33:50"}
{"level":"debug","message":"Params: [\"cmlq4h9or004p9qehngr7b15o\",0]","service":"preplyte-api","timestamp":"2026-02-18 12:33:50"}
{"level":"debug","message":"Duration: 4ms","service":"preplyte-api","timestamp":"2026-02-18 12:33:50"}
{"level":"debug","message":"Query: SELECT SUM(\"totalCorrect\") FROM (SELECT \"public\".\"aptitude_practice_sessions\".\"totalCorrect\" FROM \"public\".\"aptitude_practice_sessions\" WHERE (\"public\".\"aptitude_practice_sessions\".\"userId\" = $1 AND \"public\".\"aptitude_practice_sessions\".\"completedAt\" IS NOT NULL) OFFSET $2) AS \"sub\"","service":"preplyte-api","timestamp":"2026-02-18 12:33:50"}
{"level":"debug","message":"Params: [\"cmlq4h9or004p9qehngr7b15o\",0]","service":"preplyte-api","timestamp":"2026-02-18 12:33:50"}
{"level":"debug","message":"Duration: 4ms","service":"preplyte-api","timestamp":"2026-02-18 12:33:50"}
{"level":"debug","message":"Query: SELECT SUM(\"totalPointsEarned\") FROM (SELECT \"public\".\"lms_enrollments\".\"totalPointsEarned\" FROM \"public\".\"lms_enrollments\" WHERE \"public\".\"lms_enrollments\".\"userId\" = $1 OFFSET $2) AS \"sub\"","service":"preplyte-api","timestamp":"2026-02-18 12:33:50"}
{"level":"debug","message":"Params: [\"cmlq4h9or004p9qehngr7b15o\",0]","service":"preplyte-api","timestamp":"2026-02-18 12:33:50"}
{"level":"debug","message":"Duration: 6ms","service":"preplyte-api","timestamp":"2026-02-18 12:33:50"}
{"level":"debug","message":"Query: SELECT SUM(\"totalScore\") FROM (SELECT \"public\".\"mock_drive_attempts\".\"totalScore\" FROM \"public\".\"mock_drive_attempts\" WHERE (\"public\".\"mock_drive_attempts\".\"userId\" = $1 AND \"public\".\"mock_drive_attempts\".\"status\" IN (CAST($2::text AS \"public\".\"MockDriveAttemptStatus\"),CAST($3::text AS \"public\".\"MockDriveAttemptStatus\"))) OFFSET $4) AS \"sub\"","service":"preplyte-api","timestamp":"2026-02-18 12:33:50"}
{"level":"debug","message":"Params: [\"cmlq4h9or004p9qehngr7b15o\",\"COMPLETED\",\"TIMED_OUT\",0]","service":"preplyte-api","timestamp":"2026-02-18 12:33:50"}
{"level":"debug","message":"Duration: 8ms","service":"preplyte-api","timestamp":"2026-02-18 12:33:50"}
{"level":"debug","message":"Query: SELECT SUM(\"totalScore\") FROM (SELECT \"public\".\"mock_drive_attempts\".\"totalScore\" FROM \"public\".\"mock_drive_attempts\" WHERE (\"public\".\"mock_drive_attempts\".\"userId\" = $1 AND \"public\".\"mock_drive_attempts\".\"status\" IN (CAST($2::text AS \"public\".\"MockDriveAttemptStatus\"),CAST($3::text AS \"public\".\"MockDriveAttemptStatus\"))) OFFSET $4) AS \"sub\"","service":"preplyte-api","timestamp":"2026-02-18 12:33:50"}
{"level":"debug","message":"Params: [\"cmlq4h9or004p9qehngr7b15o\",\"COMPLETED\",\"TIMED_OUT\",0]","service":"preplyte-api","timestamp":"2026-02-18 12:33:50"}
{"level":"debug","message":"Duration: 6ms","service":"preplyte-api","timestamp":"2026-02-18 12:33:50"}
{"level":"debug","message":"Query: SELECT SUM(\"totalPointsEarned\") FROM (SELECT \"public\".\"lms_enrollments\".\"totalPointsEarned\" FROM \"public\".\"lms_enrollments\" WHERE \"public\".\"lms_enrollments\".\"userId\" = $1 OFFSET $2) AS \"sub\"","service":"preplyte-api","timestamp":"2026-02-18 12:33:50"}
{"level":"debug","message":"Params: [\"cmlq4h9or004p9qehngr7b15o\",0]","service":"preplyte-api","timestamp":"2026-02-18 12:33:50"}
{"level":"debug","message":"Duration: 5ms","service":"preplyte-api","timestamp":"2026-02-18 12:33:50"}
{"level":"info","message":"\u001b[0mGET /api/leaderboard/my-scores \u001b[36m304\u001b[0m 204.756 ms - -\u001b[0m","service":"preplyte-api","timestamp":"2026-02-18 12:33:50"}
{"level":"info","message":"\u001b[0mGET /api/leaderboard?scope=global&category=lms&page=1&limit=20 \u001b[32m200\u001b[0m 204.393 ms - 912\u001b[0m","service":"preplyte-api","timestamp":"2026-02-18 12:33:50"}
{"level":"debug","message":"Query: SELECT SUM(\"totalCorrect\") FROM (SELECT \"public\".\"aptitude_practice_sessions\".\"totalCorrect\" FROM \"public\".\"aptitude_practice_sessions\" WHERE (\"public\".\"aptitude_practice_sessions\".\"userId\" = $1 AND \"public\".\"aptitude_practice_sessions\".\"completedAt\" IS NOT NULL) OFFSET $2) AS \"sub\"","service":"preplyte-api","timestamp":"2026-02-18 12:33:50"}
{"level":"debug","message":"Params: [\"cmlq4h9or004p9qehngr7b15o\",0]","service":"preplyte-api","timestamp":"2026-02-18 12:33:50"}
{"level":"debug","message":"Duration: 5ms","service":"preplyte-api","timestamp":"2026-02-18 12:33:50"}
{"level":"debug","message":"Query: SELECT SUM(\"overallScore\") FROM (SELECT \"public\".\"ai_interview_feedbacks\".\"overallScore\" FROM \"public\".\"ai_interview_feedbacks\" WHERE \"public\".\"ai_interview_feedbacks\".\"userId\" = $1 OFFSET $2) AS \"sub\"","service":"preplyte-api","timestamp":"2026-02-18 12:33:50"}
{"level":"debug","message":"Params: [\"cmlq4h9or004p9qehngr7b15o\",0]","service":"preplyte-api","timestamp":"2026-02-18 12:33:50"}
{"level":"debug","message":"Duration: 5ms","service":"preplyte-api","timestamp":"2026-02-18 12:33:50"}
{"level":"debug","message":"Query: SELECT SUM(\"totalSolved\") FROM (SELECT \"public\".\"machine_practice_sessions\".\"totalSolved\" FROM \"public\".\"machine_practice_sessions\" WHERE (\"public\".\"machine_practice_sessions\".\"userId\" = $1 AND \"public\".\"machine_practice_sessions\".\"completedAt\" IS NOT NULL) OFFSET $2) AS \"sub\"","service":"preplyte-api","timestamp":"2026-02-18 12:33:50"}
{"level":"debug","message":"Params: [\"cmlq4h9or004p9qehngr7b15o\",0]","service":"preplyte-api","timestamp":"2026-02-18 12:33:50"}
{"level":"debug","message":"Duration: 5ms","service":"preplyte-api","timestamp":"2026-02-18 12:33:50"}
{"level":"debug","message":"Query: SELECT SUM(\"totalScore\") FROM (SELECT \"public\".\"mock_drive_attempts\".\"totalScore\" FROM \"public\".\"mock_drive_attempts\" WHERE (\"public\".\"mock_drive_attempts\".\"userId\" = $1 AND \"public\".\"mock_drive_attempts\".\"status\" IN (CAST($2::text AS \"public\".\"MockDriveAttemptStatus\"),CAST($3::text AS \"public\".\"MockDriveAttemptStatus\"))) OFFSET $4) AS \"sub\"","service":"preplyte-api","timestamp":"2026-02-18 12:33:50"}
{"level":"debug","message":"Params: [\"cmlq4h9or004p9qehngr7b15o\",\"COMPLETED\",\"TIMED_OUT\",0]","service":"preplyte-api","timestamp":"2026-02-18 12:33:50"}
{"level":"debug","message":"Duration: 5ms","service":"preplyte-api","timestamp":"2026-02-18 12:33:50"}
{"level":"info","message":"\u001b[0mGET /api/leaderboard?scope=global&category=overall&page=1&limit=20 \u001b[32m200\u001b[0m 243.812 ms - 912\u001b[0m","service":"preplyte-api","timestamp":"2026-02-18 12:33:50"}
{"level":"debug","message":"Query: SELECT \"public\".\"users\".\"id\", \"public\".\"users\".\"email\", \"public\".\"users\".\"role\"::text, \"public\".\"users\".\"instituteId\", \"public\".\"users\".\"isActive\", \"public\".\"users\".\"tokenVersion\" FROM \"public\".\"users\" WHERE (\"public\".\"users\".\"id\" = $1 AND 1=1) LIMIT $2 OFFSET $3","service":"preplyte-api","timestamp":"2026-02-18 12:33:52"}
{"level":"debug","message":"Params: [\"cmlq4h9or004p9qehngr7b15o\",1,0]","service":"preplyte-api","timestamp":"2026-02-18 12:33:52"}
{"level":"debug","message":"Duration: 10ms","service":"preplyte-api","timestamp":"2026-02-18 12:33:52"}
{"category":"lms","level":"info","limit":20,"message":"[LeaderboardService] Fetching leaderboard","page":1,"scope":"institute","service":"preplyte-api","timestamp":"2026-02-18 12:33:52","userId":"cmlq4h9or004p9qehngr7b15o"}
{"level":"debug","message":"Query: SELECT SUM(\"public\".\"lms_enrollments\".\"totalPointsEarned\"), \"public\".\"lms_enrollments\".\"userId\" FROM \"public\".\"lms_enrollments\" LEFT JOIN \"public\".\"users\" AS \"j1\" ON (\"j1\".\"id\") = (\"public\".\"lms_enrollments\".\"userId\") WHERE (\"j1\".\"instituteId\" = $1 AND (\"j1\".\"id\" IS NOT NULL)) GROUP BY \"public\".\"lms_enrollments\".\"userId\" OFFSET $2","service":"preplyte-api","timestamp":"2026-02-18 12:33:52"}
{"level":"debug","message":"Params: [\"c1d2e3f4g5h6i7j8k9l0\",0]","service":"preplyte-api","timestamp":"2026-02-18 12:33:52"}
{"level":"debug","message":"Duration: 10ms","service":"preplyte-api","timestamp":"2026-02-18 12:33:52"}
{"level":"debug","message":"Query: SELECT \"public\".\"users\".\"id\", \"public\".\"users\".\"name\", \"public\".\"users\".\"profilePictureUrl\", \"public\".\"users\".\"instituteId\" FROM \"public\".\"users\" WHERE \"public\".\"users\".\"id\" IN ($1) OFFSET $2","service":"preplyte-api","timestamp":"2026-02-18 12:33:52"}
{"level":"debug","message":"Params: [\"cmlq4h9or004p9qehngr7b15o\",0]","service":"preplyte-api","timestamp":"2026-02-18 12:33:52"}
{"level":"debug","message":"Duration: 1ms","service":"preplyte-api","timestamp":"2026-02-18 12:33:52"}
{"level":"debug","message":"Query: SELECT \"public\".\"student_profiles\".\"id\", \"public\".\"student_profiles\".\"fullName\", \"public\".\"student_profiles\".\"departmentId\", \"public\".\"student_profiles\".\"userId\" FROM \"public\".\"student_profiles\" WHERE \"public\".\"student_profiles\".\"userId\" IN ($1) OFFSET $2","service":"preplyte-api","timestamp":"2026-02-18 12:33:52"}
{"level":"debug","message":"Params: [\"cmlq4h9or004p9qehngr7b15o\",0]","service":"preplyte-api","timestamp":"2026-02-18 12:33:52"}
{"level":"debug","message":"Duration: 9ms","service":"preplyte-api","timestamp":"2026-02-18 12:33:52"}
{"level":"debug","message":"Query: SELECT \"public\".\"departments\".\"id\", \"public\".\"departments\".\"name\" FROM \"public\".\"departments\" WHERE \"public\".\"departments\".\"id\" IN ($1) OFFSET $2","service":"preplyte-api","timestamp":"2026-02-18 12:33:52"}
{"level":"debug","message":"Params: [\"cmlq8n2sa0001s9ls3j4u6ytv\",0]","service":"preplyte-api","timestamp":"2026-02-18 12:33:52"}
{"level":"debug","message":"Duration: 6ms","service":"preplyte-api","timestamp":"2026-02-18 12:33:52"}
{"level":"debug","message":"Query: SELECT \"public\".\"institutes\".\"id\", \"public\".\"institutes\".\"name\" FROM \"public\".\"institutes\" WHERE \"public\".\"institutes\".\"id\" IN ($1) OFFSET $2","service":"preplyte-api","timestamp":"2026-02-18 12:33:52"}
{"level":"debug","message":"Params: [\"c1d2e3f4g5h6i7j8k9l0\",0]","service":"preplyte-api","timestamp":"2026-02-18 12:33:52"}
{"level":"debug","message":"Duration: 5ms","service":"preplyte-api","timestamp":"2026-02-18 12:33:52"}
{"level":"debug","message":"Query: SELECT SUM(\"totalPointsEarned\") FROM (SELECT \"public\".\"lms_enrollments\".\"totalPointsEarned\" FROM \"public\".\"lms_enrollments\" WHERE \"public\".\"lms_enrollments\".\"userId\" = $1 OFFSET $2) AS \"sub\"","service":"preplyte-api","timestamp":"2026-02-18 12:33:52"}
{"level":"debug","message":"Params: [\"cmlq4h9or004p9qehngr7b15o\",0]","service":"preplyte-api","timestamp":"2026-02-18 12:33:52"}
{"level":"debug","message":"Duration: 1ms","service":"preplyte-api","timestamp":"2026-02-18 12:33:52"}
{"level":"debug","message":"Query: SELECT SUM(\"totalCorrect\") FROM (SELECT \"public\".\"aptitude_practice_sessions\".\"totalCorrect\" FROM \"public\".\"aptitude_practice_sessions\" WHERE (\"public\".\"aptitude_practice_sessions\".\"userId\" = $1 AND \"public\".\"aptitude_practice_sessions\".\"completedAt\" IS NOT NULL) OFFSET $2) AS \"sub\"","service":"preplyte-api","timestamp":"2026-02-18 12:33:52"}
{"level":"debug","message":"Params: [\"cmlq4h9or004p9qehngr7b15o\",0]","service":"preplyte-api","timestamp":"2026-02-18 12:33:52"}
{"level":"debug","message":"Duration: 4ms","service":"preplyte-api","timestamp":"2026-02-18 12:33:52"}
{"level":"debug","message":"Query: SELECT SUM(\"overallScore\") FROM (SELECT \"public\".\"ai_interview_feedbacks\".\"overallScore\" FROM \"public\".\"ai_interview_feedbacks\" WHERE \"public\".\"ai_interview_feedbacks\".\"userId\" = $1 OFFSET $2) AS \"sub\"","service":"preplyte-api","timestamp":"2026-02-18 12:33:52"}
{"level":"debug","message":"Params: [\"cmlq4h9or004p9qehngr7b15o\",0]","service":"preplyte-api","timestamp":"2026-02-18 12:33:52"}
{"level":"debug","message":"Duration: 4ms","service":"preplyte-api","timestamp":"2026-02-18 12:33:52"}
{"level":"debug","message":"Query: SELECT SUM(\"totalSolved\") FROM (SELECT \"public\".\"machine_practice_sessions\".\"totalSolved\" FROM \"public\".\"machine_practice_sessions\" WHERE (\"public\".\"machine_practice_sessions\".\"userId\" = $1 AND \"public\".\"machine_practice_sessions\".\"completedAt\" IS NOT NULL) OFFSET $2) AS \"sub\"","service":"preplyte-api","timestamp":"2026-02-18 12:33:52"}
{"level":"debug","message":"Params: [\"cmlq4h9or004p9qehngr7b15o\",0]","service":"preplyte-api","timestamp":"2026-02-18 12:33:52"}
{"level":"debug","message":"Duration: 4ms","service":"preplyte-api","timestamp":"2026-02-18 12:33:52"}
{"level":"debug","message":"Query: SELECT SUM(\"totalScore\") FROM (SELECT \"public\".\"mock_drive_attempts\".\"totalScore\" FROM \"public\".\"mock_drive_attempts\" WHERE (\"public\".\"mock_drive_attempts\".\"userId\" = $1 AND \"public\".\"mock_drive_attempts\".\"status\" IN (CAST($2::text AS \"public\".\"MockDriveAttemptStatus\"),CAST($3::text AS \"public\".\"MockDriveAttemptStatus\"))) OFFSET $4) AS \"sub\"","service":"preplyte-api","timestamp":"2026-02-18 12:33:52"}
{"level":"debug","message":"Params: [\"cmlq4h9or004p9qehngr7b15o\",\"COMPLETED\",\"TIMED_OUT\",0]","service":"preplyte-api","timestamp":"2026-02-18 12:33:52"}
{"level":"debug","message":"Duration: 7ms","service":"preplyte-api","timestamp":"2026-02-18 12:33:52"}
{"level":"info","message":"\u001b[0mGET /api/leaderboard?scope=institute&category=lms&page=1&limit=20 \u001b[32m200\u001b[0m 81.873 ms - 718\u001b[0m","service":"preplyte-api","timestamp":"2026-02-18 12:33:52"}
{"level":"debug","message":"Query: SELECT 1","service":"preplyte-api","timestamp":"2026-02-18 12:34:43"}
{"level":"debug","message":"Params: []","service":"preplyte-api","timestamp":"2026-02-18 12:34:43"}
{"level":"debug","message":"Duration: 0ms","service":"preplyte-api","timestamp":"2026-02-18 12:34:43"}
{"level":"debug","message":"Query: SELECT \"public\".\"users\".\"id\", \"public\".\"users\".\"email\", \"public\".\"users\".\"role\"::text, \"public\".\"users\".\"instituteId\", \"public\".\"users\".\"isActive\", \"public\".\"users\".\"tokenVersion\" FROM \"public\".\"users\" WHERE (\"public\".\"users\".\"id\" = $1 AND 1=1) LIMIT $2 OFFSET $3","service":"preplyte-api","timestamp":"2026-02-18 12:34:43"}
{"level":"debug","message":"Params: [\"cmlq4h9or004p9qehngr7b15o\",1,0]","service":"preplyte-api","timestamp":"2026-02-18 12:34:43"}
{"level":"debug","message":"Duration: 0ms","service":"preplyte-api","timestamp":"2026-02-18 12:34:43"}
{"level":"debug","message":"[DashboardService] Fetching student dashboard","service":"preplyte-api","timestamp":"2026-02-18 12:34:43","userId":"cmlq4h9or004p9qehngr7b15o"}
{"level":"debug","message":"Query: SELECT 1","service":"preplyte-api","timestamp":"2026-02-18 12:34:43"}
{"level":"debug","message":"Params: []","service":"preplyte-api","timestamp":"2026-02-18 12:34:43"}
{"level":"debug","message":"Duration: 0ms","service":"preplyte-api","timestamp":"2026-02-18 12:34:44"}
{"level":"debug","message":"Query: SELECT 1","service":"preplyte-api","timestamp":"2026-02-18 12:34:44"}
{"level":"debug","message":"Params: []","service":"preplyte-api","timestamp":"2026-02-18 12:34:44"}
{"level":"debug","message":"Duration: 0ms","service":"preplyte-api","timestamp":"2026-02-18 12:34:44"}
{"level":"debug","message":"Query: SELECT 1","service":"preplyte-api","timestamp":"2026-02-18 12:34:44"}
{"level":"debug","message":"Params: []","service":"preplyte-api","timestamp":"2026-02-18 12:34:44"}
{"level":"debug","message":"Duration: 0ms","service":"preplyte-api","timestamp":"2026-02-18 12:34:44"}
{"level":"debug","message":"Query: SELECT 1","service":"preplyte-api","timestamp":"2026-02-18 12:34:44"}
{"level":"debug","message":"Params: []","service":"preplyte-api","timestamp":"2026-02-18 12:34:44"}
{"level":"debug","message":"Duration: 0ms","service":"preplyte-api","timestamp":"2026-02-18 12:34:44"}
{"level":"debug","message":"Query: SELECT 1","service":"preplyte-api","timestamp":"2026-02-18 12:34:44"}
{"level":"debug","message":"Params: []","service":"preplyte-api","timestamp":"2026-02-18 12:34:44"}
{"level":"debug","message":"Duration: 0ms","service":"preplyte-api","timestamp":"2026-02-18 12:34:44"}
{"level":"debug","message":"Query: SELECT 1","service":"preplyte-api","timestamp":"2026-02-18 12:34:44"}
{"level":"debug","message":"Params: []","service":"preplyte-api","timestamp":"2026-02-18 12:34:44"}
{"level":"debug","message":"Duration: 1ms","service":"preplyte-api","timestamp":"2026-02-18 12:34:44"}
{"level":"debug","message":"Query: SELECT 1","service":"preplyte-api","timestamp":"2026-02-18 12:34:44"}
{"level":"debug","message":"Params: []","service":"preplyte-api","timestamp":"2026-02-18 12:34:44"}
{"level":"debug","message":"Duration: 0ms","service":"preplyte-api","timestamp":"2026-02-18 12:34:44"}
{"level":"debug","message":"Query: SELECT 1","service":"preplyte-api","timestamp":"2026-02-18 12:34:44"}
{"level":"debug","message":"Params: []","service":"preplyte-api","timestamp":"2026-02-18 12:34:44"}
{"level":"debug","message":"Duration: 0ms","service":"preplyte-api","timestamp":"2026-02-18 12:34:44"}
{"level":"debug","message":"Query: SELECT 1","service":"preplyte-api","timestamp":"2026-02-18 12:34:44"}
{"level":"debug","message":"Params: []","service":"preplyte-api","timestamp":"2026-02-18 12:34:44"}
{"level":"debug","message":"Duration: 1ms","service":"preplyte-api","timestamp":"2026-02-18 12:34:44"}
{"level":"debug","message":"Query: SELECT \"public\".\"machine_practice_sessions\".\"id\", \"public\".\"machine_practice_sessions\".\"completedAt\", \"public\".\"machine_practice_sessions\".\"totalSolved\", \"public\".\"machine_practice_sessions\".\"numberOfQuestions\" FROM \"public\".\"machine_practice_sessions\" WHERE \"public\".\"machine_practice_sessions\".\"userId\" = $1 OFFSET $2","service":"preplyte-api","timestamp":"2026-02-18 12:34:44"}
{"level":"debug","message":"Params: [\"cmlq4h9or004p9qehngr7b15o\",0]","service":"preplyte-api","timestamp":"2026-02-18 12:34:44"}
{"level":"debug","message":"Duration: 1ms","service":"preplyte-api","timestamp":"2026-02-18 12:34:44"}
{"level":"debug","message":"Query: SELECT \"public\".\"aptitude_practice_sessions\".\"id\", \"public\".\"aptitude_practice_sessions\".\"difficulty\"::text, \"public\".\"aptitude_practice_sessions\".\"totalScore\", \"public\".\"aptitude_practice_sessions\".\"numberOfQuestions\", \"public\".\"aptitude_practice_sessions\".\"completedAt\", \"public\".\"aptitude_practice_sessions\".\"questionTypes\"::text[] FROM \"public\".\"aptitude_practice_sessions\" WHERE (\"public\".\"aptitude_practice_sessions\".\"userId\" = $1 AND \"public\".\"aptitude_practice_sessions\".\"completedAt\" IS NOT NULL) ORDER BY \"public\".\"aptitude_practice_sessions\".\"completedAt\" DESC LIMIT $2 OFFSET $3","service":"preplyte-api","timestamp":"2026-02-18 12:34:44"}
{"level":"debug","message":"Params: [\"cmlq4h9or004p9qehngr7b15o\",5,0]","service":"preplyte-api","timestamp":"2026-02-18 12:34:44"}
{"level":"debug","message":"Duration: 1ms","service":"preplyte-api","timestamp":"2026-02-18 12:34:44"}
{"level":"debug","message":"Query: SELECT \"public\".\"machine_practice_sessions\".\"id\", \"public\".\"machine_practice_sessions\".\"difficulty\"::text, \"public\".\"machine_practice_sessions\".\"totalSolved\", \"public\".\"machine_practice_sessions\".\"numberOfQuestions\", \"public\".\"machine_practice_sessions\".\"completedAt\" FROM \"public\".\"machine_practice_sessions\" WHERE (\"public\".\"machine_practice_sessions\".\"userId\" = $1 AND \"public\".\"machine_practice_sessions\".\"completedAt\" IS NOT NULL) ORDER BY \"public\".\"machine_practice_sessions\".\"completedAt\" DESC LIMIT $2 OFFSET $3","service":"preplyte-api","timestamp":"2026-02-18 12:34:44"}
{"level":"debug","message":"Params: [\"cmlq4h9or004p9qehngr7b15o\",5,0]","service":"preplyte-api","timestamp":"2026-02-18 12:34:44"}
{"level":"debug","message":"Duration: 1ms","service":"preplyte-api","timestamp":"2026-02-18 12:34:44"}
{"level":"debug","message":"Query: SELECT \"public\".\"lms_enrollments\".\"id\", \"public\".\"lms_enrollments\".\"userId\", \"public\".\"lms_enrollments\".\"courseId\", \"public\".\"lms_enrollments\".\"status\"::text, \"public\".\"lms_enrollments\".\"completedModules\", \"public\".\"lms_enrollments\".\"completedTopics\", \"public\".\"lms_enrollments\".\"progressPercent\", \"public\".\"lms_enrollments\".\"totalPointsEarned\", \"public\".\"lms_enrollments\".\"moduleTestPointsEarned\", \"public\".\"lms_enrollments\".\"finalTestPointsEarned\", \"public\".\"lms_enrollments\".\"finalTestAttempted\", \"public\".\"lms_enrollments\".\"finalTestPassed\", \"public\".\"lms_enrollments\".\"finalTestScore\", \"public\".\"lms_enrollments\".\"finalTestMarks\", \"public\".\"lms_enrollments\".\"enrolledAt\", \"public\".\"lms_enrollments\".\"startedAt\", \"public\".\"lms_enrollments\".\"completedAt\", \"public\".\"lms_enrollments\".\"lastAccessedAt\", \"public\".\"lms_enrollments\".\"certificateUrl\", \"public\".\"lms_enrollments\".\"certificateIssuedAt\", \"public\".\"lms_enrollments\".\"createdAt\", \"public\".\"lms_enrollments\".\"updatedAt\" FROM \"public\".\"lms_enrollments\" WHERE \"public\".\"lms_enrollments\".\"userId\" = $1 OFFSET $2","service":"preplyte-api","timestamp":"2026-02-18 12:34:44"}
{"level":"debug","message":"Params: [\"cmlq4h9or004p9qehngr7b15o\",0]","service":"preplyte-api","timestamp":"2026-02-18 12:34:44"}
{"level":"debug","message":"Duration: 1ms","service":"preplyte-api","timestamp":"2026-02-18 12:34:44"}
{"level":"debug","message":"Query: SELECT \"public\".\"aptitude_practice_sessions\".\"id\", \"public\".\"aptitude_practice_sessions\".\"completedAt\", \"public\".\"aptitude_practice_sessions\".\"totalScore\", \"public\".\"aptitude_practice_sessions\".\"numberOfQuestions\" FROM \"public\".\"aptitude_practice_sessions\" WHERE \"public\".\"aptitude_practice_sessions\".\"userId\" = $1 OFFSET $2","service":"preplyte-api","timestamp":"2026-02-18 12:34:44"}
{"level":"debug","message":"Params: [\"cmlq4h9or004p9qehngr7b15o\",0]","service":"preplyte-api","timestamp":"2026-02-18 12:34:44"}
{"level":"debug","message":"Duration: 5ms","service":"preplyte-api","timestamp":"2026-02-18 12:34:44"}
{"level":"debug","message":"Query: SELECT \"public\".\"ai_interview_sessions\".\"id\", \"public\".\"ai_interview_sessions\".\"status\"::text FROM \"public\".\"ai_interview_sessions\" WHERE \"public\".\"ai_interview_sessions\".\"userId\" = $1 OFFSET $2","service":"preplyte-api","timestamp":"2026-02-18 12:34:44"}
{"level":"debug","message":"Params: [\"cmlq4h9or004p9qehngr7b15o\",0]","service":"preplyte-api","timestamp":"2026-02-18 12:34:44"}
{"level":"debug","message":"Duration: 5ms","service":"preplyte-api","timestamp":"2026-02-18 12:34:44"}
{"level":"debug","message":"Query: SELECT \"public\".\"ai_interview_sessions\".\"id\", \"public\".\"ai_interview_sessions\".\"difficulty\"::text, \"public\".\"ai_interview_sessions\".\"jobTitle\", \"public\".\"ai_interview_sessions\".\"completedAt\" FROM \"public\".\"ai_interview_sessions\" WHERE (\"public\".\"ai_interview_sessions\".\"userId\" = $1 AND \"public\".\"ai_interview_sessions\".\"status\" = CAST($2::text AS \"public\".\"AiInterviewSessionStatus\")) ORDER BY \"public\".\"ai_interview_sessions\".\"completedAt\" DESC LIMIT $3 OFFSET $4","service":"preplyte-api","timestamp":"2026-02-18 12:34:44"}
{"level":"debug","message":"Params: [\"cmlq4h9or004p9qehngr7b15o\",\"COMPLETED\",5,0]","service":"preplyte-api","timestamp":"2026-02-18 12:34:44"}
{"level":"debug","message":"Duration: 6ms","service":"preplyte-api","timestamp":"2026-02-18 12:34:44"}
{"level":"debug","message":"Query: SELECT \"public\".\"lms_enrollments\".\"id\", \"public\".\"lms_enrollments\".\"courseId\" FROM \"public\".\"lms_enrollments\" WHERE \"public\".\"lms_enrollments\".\"userId\" = $1 OFFSET $2","service":"preplyte-api","timestamp":"2026-02-18 12:34:44"}
{"level":"debug","message":"Params: [\"cmlq4h9or004p9qehngr7b15o\",0]","service":"preplyte-api","timestamp":"2026-02-18 12:34:44"}
{"level":"debug","message":"Duration: 7ms","service":"preplyte-api","timestamp":"2026-02-18 12:34:44"}
{"level":"debug","message":"Query: SELECT \"public\".\"lms_enrollments\".\"id\", \"public\".\"lms_enrollments\".\"userId\", \"public\".\"lms_enrollments\".\"courseId\", \"public\".\"lms_enrollments\".\"status\"::text, \"public\".\"lms_enrollments\".\"completedModules\", \"public\".\"lms_enrollments\".\"completedTopics\", \"public\".\"lms_enrollments\".\"progressPercent\", \"public\".\"lms_enrollments\".\"totalPointsEarned\", \"public\".\"lms_enrollments\".\"moduleTestPointsEarned\", \"public\".\"lms_enrollments\".\"finalTestPointsEarned\", \"public\".\"lms_enrollments\".\"finalTestAttempted\", \"public\".\"lms_enrollments\".\"finalTestPassed\", \"public\".\"lms_enrollments\".\"finalTestScore\", \"public\".\"lms_enrollments\".\"finalTestMarks\", \"public\".\"lms_enrollments\".\"enrolledAt\", \"public\".\"lms_enrollments\".\"startedAt\", \"public\".\"lms_enrollments\".\"completedAt\", \"public\".\"lms_enrollments\".\"lastAccessedAt\", \"public\".\"lms_enrollments\".\"certificateUrl\", \"public\".\"lms_enrollments\".\"certificateIssuedAt\", \"public\".\"lms_enrollments\".\"createdAt\", \"public\".\"lms_enrollments\".\"updatedAt\" FROM \"public\".\"lms_enrollments\" WHERE \"public\".\"lms_enrollments\".\"userId\" = $1 ORDER BY \"public\".\"lms_enrollments\".\"lastAccessedAt\" DESC OFFSET $2","service":"preplyte-api","timestamp":"2026-02-18 12:34:44"}
{"level":"debug","message":"Params: [\"cmlq4h9or004p9qehngr7b15o\",0]","service":"preplyte-api","timestamp":"2026-02-18 12:34:44"}
{"level":"debug","message":"Duration: 6ms","service":"preplyte-api","timestamp":"2026-02-18 12:34:44"}
{"level":"debug","message":"Query: SELECT \"public\".\"lms_courses\".\"id\", \"public\".\"lms_courses\".\"totalHours\", \"public\".\"lms_courses\".\"totalPoints\" FROM \"public\".\"lms_courses\" WHERE \"public\".\"lms_courses\".\"id\" IN ($1) OFFSET $2","service":"preplyte-api","timestamp":"2026-02-18 12:34:44"}
{"level":"debug","message":"Params: [\"cmlq4mwy70005ail9oqvo554e\",0]","service":"preplyte-api","timestamp":"2026-02-18 12:34:44"}
{"level":"debug","message":"Duration: 6ms","service":"preplyte-api","timestamp":"2026-02-18 12:34:44"}
{"level":"debug","message":"Query: SELECT \"public\".\"mock_drive_registrations\".\"id\", \"public\".\"mock_drive_registrations\".\"mockDriveId\", \"public\".\"mock_drive_registrations\".\"userId\", \"public\".\"mock_drive_registrations\".\"status\"::text, \"public\".\"mock_drive_registrations\".\"eligibilityCheckResult\", \"public\".\"mock_drive_registrations\".\"adminNotes\", \"public\".\"mock_drive_registrations\".\"batchId\", \"public\".\"mock_drive_registrations\".\"registeredAt\", \"public\".\"mock_drive_registrations\".\"reviewedAt\", \"public\".\"mock_drive_registrations\".\"reviewedBy\", \"public\".\"mock_drive_registrations\".\"createdAt\", \"public\".\"mock_drive_registrations\".\"updatedAt\" FROM \"public\".\"mock_drive_registrations\" LEFT JOIN \"public\".\"mock_drives\" AS \"orderby_1\" ON (\"orderby_1\".\"id\") = (\"public\".\"mock_drive_registrations\".\"mockDriveId\") LEFT JOIN \"public\".\"mock_drives\" AS \"j1\" ON (\"j1\".\"id\") = (\"public\".\"mock_drive_registrations\".\"mockDriveId\") WHERE (\"public\".\"mock_drive_registrations\".\"userId\" = $1 AND \"public\".\"mock_drive_registrations\".\"status\" = CAST($2::text AS \"public\".\"MockDriveRegistrationStatus\") AND (\"j1\".\"status\" IN (CAST($3::text AS \"public\".\"MockDriveStatus\"),CAST($4::text AS \"public\".\"MockDriveStatus\"),CAST($5::text AS \"public\".\"MockDriveStatus\")) AND \"j1\".\"driveStartDate\" > $6 AND (\"j1\".\"id\" IS NOT NULL))) ORDER BY \"orderby_1\".\"driveStartDate\" ASC LIMIT $7 OFFSET $8","service":"preplyte-api","timestamp":"2026-02-18 12:34:44"}
{"level":"debug","message":"Params: [\"cmlq4h9or004p9qehngr7b15o\",\"APPROVED\",\"PUBLISHED\",\"REGISTRATION_OPEN\",\"REGISTRATION_CLOSED\",\"2026-02-18 07:04:43.989 UTC\",5,0]","service":"preplyte-api","timestamp":"2026-02-18 12:34:44"}
{"level":"debug","message":"Duration: 14ms","service":"preplyte-api","timestamp":"2026-02-18 12:34:44"}
{"level":"debug","message":"Query: SELECT \"public\".\"lms_courses\".\"id\", \"public\".\"lms_courses\".\"categoryId\", \"public\".\"lms_courses\".\"title\", \"public\".\"lms_courses\".\"slug\", \"public\".\"lms_courses\".\"shortDescription\", \"public\".\"lms_courses\".\"description\", \"public\".\"lms_courses\".\"thumbnailUrl\", \"public\".\"lms_courses\".\"previewVideoUrl\", \"public\".\"lms_courses\".\"totalModules\", \"public\".\"lms_courses\".\"totalTopics\", \"public\".\"lms_courses\".\"totalPoints\", \"public\".\"lms_courses\".\"totalHours\", \"public\".\"lms_courses\".\"price\", \"public\".\"lms_courses\".\"discountPrice\", \"public\".\"lms_courses\".\"currency\", \"public\".\"lms_courses\".\"status\"::text, \"public\".\"lms_courses\".\"isActive\", \"public\".\"lms_courses\".\"certificateEnabled\", \"public\".\"lms_courses\".\"passingPercentage\", \"public\".\"lms_courses\".\"tags\", \"public\".\"lms_courses\".\"difficulty\"::text, \"public\".\"lms_courses\".\"instructor\", \"public\".\"lms_courses\".\"language\", \"public\".\"lms_courses\".\"averageRating\", \"public\".\"lms_courses\".\"ratingsCount\", \"public\".\"lms_courses\".\"createdAt\", \"public\".\"lms_courses\".\"updatedAt\", \"public\".\"lms_courses\".\"publishedAt\" FROM \"public\".\"lms_courses\" WHERE \"public\".\"lms_courses\".\"id\" IN ($1) OFFSET $2","service":"preplyte-api","timestamp":"2026-02-18 12:34:44"}
{"level":"debug","message":"Params: [\"cmlq4mwy70005ail9oqvo554e\",0]","service":"preplyte-api","timestamp":"2026-02-18 12:34:44"}
{"level":"debug","message":"Duration: 9ms","service":"preplyte-api","timestamp":"2026-02-18 12:34:44"}
{"level":"debug","message":"Query: SELECT \"public\".\"lms_categories\".\"id\", \"public\".\"lms_categories\".\"name\" FROM \"public\".\"lms_categories\" WHERE \"public\".\"lms_categories\".\"id\" IN ($1) OFFSET $2","service":"preplyte-api","timestamp":"2026-02-18 12:34:44"}
{"level":"debug","message":"Params: [\"cmlq4lrae0003ail99wlb2luj\",0]","service":"preplyte-api","timestamp":"2026-02-18 12:34:44"}
{"level":"debug","message":"Duration: 6ms","service":"preplyte-api","timestamp":"2026-02-18 12:34:44"}
{"level":"debug","message":"Query: SELECT \"public\".\"lms_enrollments\".\"id\", \"public\".\"lms_enrollments\".\"userId\", \"public\".\"lms_enrollments\".\"courseId\", \"public\".\"lms_enrollments\".\"status\"::text, \"public\".\"lms_enrollments\".\"completedModules\", \"public\".\"lms_enrollments\".\"completedTopics\", \"public\".\"lms_enrollments\".\"progressPercent\", \"public\".\"lms_enrollments\".\"totalPointsEarned\", \"public\".\"lms_enrollments\".\"moduleTestPointsEarned\", \"public\".\"lms_enrollments\".\"finalTestPointsEarned\", \"public\".\"lms_enrollments\".\"finalTestAttempted\", \"public\".\"lms_enrollments\".\"finalTestPassed\", \"public\".\"lms_enrollments\".\"finalTestScore\", \"public\".\"lms_enrollments\".\"finalTestMarks\", \"public\".\"lms_enrollments\".\"enrolledAt\", \"public\".\"lms_enrollments\".\"startedAt\", \"public\".\"lms_enrollments\".\"completedAt\", \"public\".\"lms_enrollments\".\"lastAccessedAt\", \"public\".\"lms_enrollments\".\"certificateUrl\", \"public\".\"lms_enrollments\".\"certificateIssuedAt\", \"public\".\"lms_enrollments\".\"createdAt\", \"public\".\"lms_enrollments\".\"updatedAt\" FROM \"public\".\"lms_enrollments\" WHERE (\"public\".\"lms_enrollments\".\"userId\" = $1 AND \"public\".\"lms_enrollments\".\"enrolledAt\" >= $2) ORDER BY \"public\".\"lms_enrollments\".\"enrolledAt\" DESC LIMIT $3 OFFSET $4","service":"preplyte-api","timestamp":"2026-02-18 12:34:44"}
{"level":"debug","message":"Params: [\"cmlq4h9or004p9qehngr7b15o\",\"2026-01-18 18:30:00 UTC\",5,0]","service":"preplyte-api","timestamp":"2026-02-18 12:34:44"}
{"level":"debug","message":"Duration: 10ms","service":"preplyte-api","timestamp":"2026-02-18 12:34:44"}
{"level":"debug","message":"Query: SELECT \"public\".\"lms_courses\".\"id\", \"public\".\"lms_courses\".\"categoryId\", \"public\".\"lms_courses\".\"title\", \"public\".\"lms_courses\".\"slug\", \"public\".\"lms_courses\".\"shortDescription\", \"public\".\"lms_courses\".\"description\", \"public\".\"lms_courses\".\"thumbnailUrl\", \"public\".\"lms_courses\".\"previewVideoUrl\", \"public\".\"lms_courses\".\"totalModules\", \"public\".\"lms_courses\".\"totalTopics\", \"public\".\"lms_courses\".\"totalPoints\", \"public\".\"lms_courses\".\"totalHours\", \"public\".\"lms_courses\".\"price\", \"public\".\"lms_courses\".\"discountPrice\", \"public\".\"lms_courses\".\"currency\", \"public\".\"lms_courses\".\"status\"::text, \"public\".\"lms_courses\".\"isActive\", \"public\".\"lms_courses\".\"certificateEnabled\", \"public\".\"lms_courses\".\"passingPercentage\", \"public\".\"lms_courses\".\"tags\", \"public\".\"lms_courses\".\"difficulty\"::text, \"public\".\"lms_courses\".\"instructor\", \"public\".\"lms_courses\".\"language\", \"public\".\"lms_courses\".\"averageRating\", \"public\".\"lms_courses\".\"ratingsCount\", \"public\".\"lms_courses\".\"createdAt\", \"public\".\"lms_courses\".\"updatedAt\", \"public\".\"lms_courses\".\"publishedAt\", COALESCE(\"aggr_selection_0_LmsEnrollment\".\"_aggr_count_enrollments\", 0) AS \"_aggr_count_enrollments\" FROM \"public\".\"lms_courses\" LEFT JOIN (SELECT \"public\".\"lms_enrollments\".\"courseId\", COUNT(*) AS \"orderby_aggregator\" FROM \"public\".\"lms_enrollments\" WHERE 1=1 GROUP BY \"public\".\"lms_enrollments\".\"courseId\") AS \"orderby_1_LmsEnrollment\" ON (\"public\".\"lms_courses\".\"id\" = \"orderby_1_LmsEnrollment\".\"courseId\") LEFT JOIN (SELECT \"public\".\"lms_enrollments\".\"courseId\", COUNT(*) AS \"_aggr_count_enrollments\" FROM \"public\".\"lms_enrollments\" WHERE 1=1 GROUP BY \"public\".\"lms_enrollments\".\"courseId\") AS \"aggr_selection_0_LmsEnrollment\" ON (\"public\".\"lms_courses\".\"id\" = \"aggr_selection_0_LmsEnrollment\".\"courseId\") WHERE (\"public\".\"lms_courses\".\"id\" NOT IN ($1) AND \"public\".\"lms_courses\".\"status\" = CAST($2::text AS \"public\".\"LmsCourseStatus\") AND \"public\".\"lms_courses\".\"isActive\" = $3) ORDER BY COALESCE(\"orderby_1_LmsEnrollment\".\"orderby_aggregator\", $4) DESC, \"public\".\"lms_courses\".\"averageRating\" DESC LIMIT $5 OFFSET $6","service":"preplyte-api","timestamp":"2026-02-18 12:34:44"}
{"level":"debug","message":"Params: [\"cmlq4mwy70005ail9oqvo554e\",\"PUBLISHED\",true,0,5,0]","service":"preplyte-api","timestamp":"2026-02-18 12:34:44"}
{"level":"debug","message":"Duration: 6ms","service":"preplyte-api","timestamp":"2026-02-18 12:34:44"}
{"level":"debug","message":"Query: SELECT COUNT(*) FROM (SELECT \"public\".\"lms_module_progress\".\"id\" FROM \"public\".\"lms_module_progress\" WHERE (\"public\".\"lms_module_progress\".\"userId\" = $1 AND \"public\".\"lms_module_progress\".\"testPassed\" = $2) OFFSET $3) AS \"sub\"","service":"preplyte-api","timestamp":"2026-02-18 12:34:44"}
{"level":"debug","message":"Params: [\"cmlq4h9or004p9qehngr7b15o\",true,0]","service":"preplyte-api","timestamp":"2026-02-18 12:34:44"}
{"level":"debug","message":"Duration: 9ms","service":"preplyte-api","timestamp":"2026-02-18 12:34:44"}
{"level":"debug","message":"Query: SELECT \"public\".\"lms_courses\".\"id\", \"public\".\"lms_courses\".\"title\", \"public\".\"lms_courses\".\"slug\" FROM \"public\".\"lms_courses\" WHERE \"public\".\"lms_courses\".\"id\" IN ($1) OFFSET $2","service":"preplyte-api","timestamp":"2026-02-18 12:34:44"}
{"level":"debug","message":"Params: [\"cmlq4mwy70005ail9oqvo554e\",0]","service":"preplyte-api","timestamp":"2026-02-18 12:34:44"}
{"level":"debug","message":"Duration: 8ms","service":"preplyte-api","timestamp":"2026-02-18 12:34:44"}
{"level":"debug","message":"Query: SELECT \"public\".\"lms_module_progress\".\"id\", \"public\".\"lms_module_progress\".\"userId\", \"public\".\"lms_module_progress\".\"moduleId\", \"public\".\"lms_module_progress\".\"status\"::text, \"public\".\"lms_module_progress\".\"completedTopics\", \"public\".\"lms_module_progress\".\"totalTopics\", \"public\".\"lms_module_progress\".\"progressPercent\", \"public\".\"lms_module_progress\".\"testAttempted\", \"public\".\"lms_module_progress\".\"testPassed\", \"public\".\"lms_module_progress\".\"testScore\", \"public\".\"lms_module_progress\".\"testAttempts\", \"public\".\"lms_module_progress\".\"pointsEarned\", \"public\".\"lms_module_progress\".\"timeSpentMinutes\", \"public\".\"lms_module_progress\".\"startedAt\", \"public\".\"lms_module_progress\".\"completedAt\", \"public\".\"lms_module_progress\".\"createdAt\", \"public\".\"lms_module_progress\".\"updatedAt\" FROM \"public\".\"lms_module_progress\" WHERE (\"public\".\"lms_module_progress\".\"userId\" = $1 AND \"public\".\"lms_module_progress\".\"status\" = CAST($2::text AS \"public\".\"LmsModuleStatus\") AND \"public\".\"lms_module_progress\".\"completedAt\" >= $3) ORDER BY \"public\".\"lms_module_progress\".\"completedAt\" DESC LIMIT $4 OFFSET $5","service":"preplyte-api","timestamp":"2026-02-18 12:34:44"}
{"level":"debug","message":"Params: [\"cmlq4h9or004p9qehngr7b15o\",\"COMPLETED\",\"2026-01-18 18:30:00 UTC\",5,0]","service":"preplyte-api","timestamp":"2026-02-18 12:34:44"}
{"level":"debug","message":"Duration: 6ms","service":"preplyte-api","timestamp":"2026-02-18 12:34:44"}
{"level":"debug","message":"Query: SELECT \"public\".\"lms_modules\".\"id\", \"public\".\"lms_modules\".\"courseId\", \"public\".\"lms_modules\".\"title\", \"public\".\"lms_modules\".\"shortDescription\", \"public\".\"lms_modules\".\"description\", \"public\".\"lms_modules\".\"order\", \"public\".\"lms_modules\".\"totalTopics\", \"public\".\"lms_modules\".\"points\", \"public\".\"lms_modules\".\"estimatedMinutes\", \"public\".\"lms_modules\".\"isActive\", \"public\".\"lms_modules\".\"createdAt\", \"public\".\"lms_modules\".\"updatedAt\" FROM \"public\".\"lms_modules\" WHERE \"public\".\"lms_modules\".\"id\" IN ($1) OFFSET $2","service":"preplyte-api","timestamp":"2026-02-18 12:34:44"}
{"level":"debug","message":"Params: [\"cmlq4o74o000cail9p6dp7mym\",0]","service":"preplyte-api","timestamp":"2026-02-18 12:34:44"}
{"level":"debug","message":"Duration: 6ms","service":"preplyte-api","timestamp":"2026-02-18 12:34:44"}
{"level":"debug","message":"Query: SELECT \"public\".\"lms_courses\".\"id\", \"public\".\"lms_courses\".\"title\", \"public\".\"lms_courses\".\"slug\" FROM \"public\".\"lms_courses\" WHERE \"public\".\"lms_courses\".\"id\" IN ($1) OFFSET $2","service":"preplyte-api","timestamp":"2026-02-18 12:34:44"}
{"level":"debug","message":"Params: [\"cmlq4mwy70005ail9oqvo554e\",0]","service":"preplyte-api","timestamp":"2026-02-18 12:34:44"}
{"level":"debug","message":"Duration: 0ms","service":"preplyte-api","timestamp":"2026-02-18 12:34:44"}
{"level":"debug","message":"Query: SELECT \"public\".\"lms_test_attempts\".\"id\", \"public\".\"lms_test_attempts\".\"userId\", \"public\".\"lms_test_attempts\".\"moduleTestId\", \"public\".\"lms_test_attempts\".\"finalTestId\", \"public\".\"lms_test_attempts\".\"testType\"::text, \"public\".\"lms_test_attempts\".\"status\"::text, \"public\".\"lms_test_attempts\".\"attemptNumber\", \"public\".\"lms_test_attempts\".\"totalQuestions\", \"public\".\"lms_test_attempts\".\"correctAnswers\", \"public\".\"lms_test_attempts\".\"wrongAnswers\", \"public\".\"lms_test_attempts\".\"unanswered\", \"public\".\"lms_test_attempts\".\"score\", \"public\".\"lms_test_attempts\".\"pointsEarned\", \"public\".\"lms_test_attempts\".\"marksObtained\", \"public\".\"lms_test_attempts\".\"totalMarks\", \"public\".\"lms_test_attempts\".\"isPassed\", \"public\".\"lms_test_attempts\".\"timeLimitMinutes\", \"public\".\"lms_test_attempts\".\"timeSpentSeconds\", \"public\".\"lms_test_attempts\".\"startedAt\", \"public\".\"lms_test_attempts\".\"completedAt\", \"public\".\"lms_test_attempts\".\"expiresAt\", \"public\".\"lms_test_attempts\".\"createdAt\", \"public\".\"lms_test_attempts\".\"updatedAt\" FROM \"public\".\"lms_test_attempts\" WHERE (\"public\".\"lms_test_attempts\".\"userId\" = $1 AND \"public\".\"lms_test_attempts\".\"status\" = CAST($2::text AS \"public\".\"LmsTestAttemptStatus\") AND \"public\".\"lms_test_attempts\".\"isPassed\" = $3 AND \"public\".\"lms_test_attempts\".\"completedAt\" >= $4) ORDER BY \"public\".\"lms_test_attempts\".\"completedAt\" DESC LIMIT $5 OFFSET $6","service":"preplyte-api","timestamp":"2026-02-18 12:34:44"}
{"level":"debug","message":"Params: [\"cmlq4h9or004p9qehngr7b15o\",\"COMPLETED\",true,\"2026-01-18 18:30:00 UTC\",5,0]","service":"preplyte-api","timestamp":"2026-02-18 12:34:44"}
{"level":"debug","message":"Duration: 10ms","service":"preplyte-api","timestamp":"2026-02-18 12:34:44"}
{"level":"debug","message":"Query: SELECT \"public\".\"lms_final_tests\".\"id\", \"public\".\"lms_final_tests\".\"courseId\", \"public\".\"lms_final_tests\".\"title\", \"public\".\"lms_final_tests\".\"instructions\", \"public\".\"lms_final_tests\".\"totalQuestions\", \"public\".\"lms_final_tests\".\"passingScore\", \"public\".\"lms_final_tests\".\"timeLimitMinutes\", \"public\".\"lms_final_tests\".\"pointsPerQuestion\", \"public\".\"lms_final_tests\".\"totalPoints\", \"public\".\"lms_final_tests\".\"maxAttempts\", \"public\".\"lms_final_tests\".\"isActive\", \"public\".\"lms_final_tests\".\"createdAt\", \"public\".\"lms_final_tests\".\"updatedAt\" FROM \"public\".\"lms_final_tests\" WHERE \"public\".\"lms_final_tests\".\"id\" IN ($1) OFFSET $2","service":"preplyte-api","timestamp":"2026-02-18 12:34:44"}
{"level":"debug","message":"Params: [\"cmlq4mwy70006ail9x0zgfcf2\",0]","service":"preplyte-api","timestamp":"2026-02-18 12:34:44"}
{"level":"debug","message":"Duration: 5ms","service":"preplyte-api","timestamp":"2026-02-18 12:34:44"}
{"level":"debug","message":"Query: SELECT \"public\".\"lms_courses\".\"id\", \"public\".\"lms_courses\".\"title\", \"public\".\"lms_courses\".\"slug\" FROM \"public\".\"lms_courses\" WHERE \"public\".\"lms_courses\".\"id\" IN ($1) OFFSET $2","service":"preplyte-api","timestamp":"2026-02-18 12:34:44"}
{"level":"debug","message":"Params: [\"cmlq4mwy70005ail9oqvo554e\",0]","service":"preplyte-api","timestamp":"2026-02-18 12:34:44"}
{"level":"debug","message":"Duration: 0ms","service":"preplyte-api","timestamp":"2026-02-18 12:34:44"}
{"level":"debug","message":"Query: SELECT \"public\".\"lms_enrollments\".\"id\", \"public\".\"lms_enrollments\".\"userId\", \"public\".\"lms_enrollments\".\"courseId\", \"public\".\"lms_enrollments\".\"status\"::text, \"public\".\"lms_enrollments\".\"completedModules\", \"public\".\"lms_enrollments\".\"completedTopics\", \"public\".\"lms_enrollments\".\"progressPercent\", \"public\".\"lms_enrollments\".\"totalPointsEarned\", \"public\".\"lms_enrollments\".\"moduleTestPointsEarned\", \"public\".\"lms_enrollments\".\"finalTestPointsEarned\", \"public\".\"lms_enrollments\".\"finalTestAttempted\", \"public\".\"lms_enrollments\".\"finalTestPassed\", \"public\".\"lms_enrollments\".\"finalTestScore\", \"public\".\"lms_enrollments\".\"finalTestMarks\", \"public\".\"lms_enrollments\".\"enrolledAt\", \"public\".\"lms_enrollments\".\"startedAt\", \"public\".\"lms_enrollments\".\"completedAt\", \"public\".\"lms_enrollments\".\"lastAccessedAt\", \"public\".\"lms_enrollments\".\"certificateUrl\", \"public\".\"lms_enrollments\".\"certificateIssuedAt\", \"public\".\"lms_enrollments\".\"createdAt\", \"public\".\"lms_enrollments\".\"updatedAt\" FROM \"public\".\"lms_enrollments\" WHERE (\"public\".\"lms_enrollments\".\"userId\" = $1 AND \"public\".\"lms_enrollments\".\"status\" = CAST($2::text AS \"public\".\"LmsEnrollmentStatus\") AND \"public\".\"lms_enrollments\".\"completedAt\" >= $3) ORDER BY \"public\".\"lms_enrollments\".\"completedAt\" DESC LIMIT $4 OFFSET $5","service":"preplyte-api","timestamp":"2026-02-18 12:34:44"}
{"level":"debug","message":"Params: [\"cmlq4h9or004p9qehngr7b15o\",\"COMPLETED\",\"2026-01-18 18:30:00 UTC\",5,0]","service":"preplyte-api","timestamp":"2026-02-18 12:34:44"}
{"level":"debug","message":"Duration: 1ms","service":"preplyte-api","timestamp":"2026-02-18 12:34:44"}
{"level":"debug","message":"Query: SELECT \"public\".\"lms_courses\".\"id\", \"public\".\"lms_courses\".\"title\", \"public\".\"lms_courses\".\"slug\" FROM \"public\".\"lms_courses\" WHERE \"public\".\"lms_courses\".\"id\" IN ($1) OFFSET $2","service":"preplyte-api","timestamp":"2026-02-18 12:34:44"}
{"level":"debug","message":"Params: [\"cmlq4mwy70005ail9oqvo554e\",0]","service":"preplyte-api","timestamp":"2026-02-18 12:34:44"}
{"level":"debug","message":"Duration: 0ms","service":"preplyte-api","timestamp":"2026-02-18 12:34:44"}
{"level":"info","message":"\u001b[0mGET /api/dashboard/student \u001b[32m200\u001b[0m 145.435 ms - -\u001b[0m","service":"preplyte-api","timestamp":"2026-02-18 12:34:44"}
{"baseURL":"https://judge0-ce.p.rapidapi.com","level":"info","message":"Judge0 client initialized","service":"preplyte-api","timestamp":"2026-02-18 12:41:10","useRapidAPI":true}
{"level":"info","message":"[TTS] Using Deepgram for text-to-speech","service":"preplyte-api","timestamp":"2026-02-18 12:41:10"}
{"keyLength":39,"keyPrefix":"AIzaSyC7yj...","level":"info","message":"Gemini API Key loaded:","service":"preplyte-api","timestamp":"2026-02-18 12:41:11"}
{"environment":"development","host":"0.0.0.0","level":"info","message":"Starting server...","port":4000,"service":"preplyte-api","timestamp":"2026-02-18 12:41:11"}
{"level":"info","message":"Checking database connection...","service":"preplyte-api","timestamp":"2026-02-18 12:41:11"}
{"level":"debug","message":"Query: SELECT 1","service":"preplyte-api","timestamp":"2026-02-18 12:41:11"}
{"level":"debug","message":"Params: []","service":"preplyte-api","timestamp":"2026-02-18 12:41:11"}
{"level":"debug","message":"Duration: 0ms","service":"preplyte-api","timestamp":"2026-02-18 12:41:11"}
{"level":"info","message":"✅ Database connected successfully","service":"preplyte-api","timestamp":"2026-02-18 12:41:11"}
{"level":"info","message":"[WS Gateway] WebSocket server initialized","path":"/ws/interview/:sessionId","service":"preplyte-api","timestamp":"2026-02-18 12:41:11"}
{"api":"http://localhost:4000/api","environment":"development","health":"http://localhost:4000/health","host":"0.0.0.0","level":"info","message":"🚀 Server running","port":4000,"service":"preplyte-api","timestamp":"2026-02-18 12:41:11","websocket":"ws://localhost:4000/ws/interview/:sessionId"}
{"intervalHours":24,"level":"info","message":"Starting token cleanup scheduler","service":"preplyte-api","timestamp":"2026-02-18 12:41:11"}
{"level":"info","message":"Starting token cleanup job","service":"preplyte-api","timestamp":"2026-02-18 12:41:11"}
{"level":"debug","message":"Query: DELETE FROM \"public\".\"refresh_tokens\" WHERE (\"public\".\"refresh_tokens\".\"expiresAt\" < $1 OR \"public\".\"refresh_tokens\".\"revokedAt\" < $2)","service":"preplyte-api","timestamp":"2026-02-18 12:41:11"}
{"level":"debug","message":"Params: [\"2026-02-18 07:11:11.544 UTC\",\"2026-02-11 07:11:11.544 UTC\"]","service":"preplyte-api","timestamp":"2026-02-18 12:41:11"}
{"level":"debug","message":"Duration: 3ms","service":"preplyte-api","timestamp":"2026-02-18 12:41:11"}
{"count":0,"level":"info","message":"Cleaned up expired tokens","service":"preplyte-api","timestamp":"2026-02-18 12:41:11"}
{"level":"info","message":"Token cleanup completed","service":"preplyte-api","timestamp":"2026-02-18 12:41:11","tokensRemoved":0}
{"baseURL":"https://judge0-ce.p.rapidapi.com","level":"info","message":"Judge0 client initialized","service":"preplyte-api","timestamp":"2026-02-18 12:41:36","useRapidAPI":true}
{"level":"info","message":"[TTS] Using Deepgram for text-to-speech","service":"preplyte-api","timestamp":"2026-02-18 12:41:36"}
{"keyLength":39,"keyPrefix":"AIzaSyC7yj...","level":"info","message":"Gemini API Key loaded:","service":"preplyte-api","timestamp":"2026-02-18 12:41:36"}
{"environment":"development","host":"0.0.0.0","level":"info","message":"Starting server...","port":4000,"service":"preplyte-api","timestamp":"2026-02-18 12:41:36"}
{"level":"info","message":"Checking database connection...","service":"preplyte-api","timestamp":"2026-02-18 12:41:36"}
{"level":"debug","message":"Query: SELECT 1","service":"preplyte-api","timestamp":"2026-02-18 12:41:36"}
{"level":"debug","message":"Params: []","service":"preplyte-api","timestamp":"2026-02-18 12:41:36"}
{"level":"debug","message":"Duration: 0ms","service":"preplyte-api","timestamp":"2026-02-18 12:41:36"}
{"level":"info","message":"✅ Database connected successfully","service":"preplyte-api","timestamp":"2026-02-18 12:41:36"}
{"level":"info","message":"[WS Gateway] WebSocket server initialized","path":"/ws/interview/:sessionId","service":"preplyte-api","timestamp":"2026-02-18 12:41:36"}
{"api":"http://localhost:4000/api","environment":"development","health":"http://localhost:4000/health","host":"0.0.0.0","level":"info","message":"🚀 Server running","port":4000,"service":"preplyte-api","timestamp":"2026-02-18 12:41:36","websocket":"ws://localhost:4000/ws/interview/:sessionId"}
{"intervalHours":24,"level":"info","message":"Starting token cleanup scheduler","service":"preplyte-api","timestamp":"2026-02-18 12:41:36"}
{"level":"info","message":"Starting token cleanup job","service":"preplyte-api","timestamp":"2026-02-18 12:41:36"}
{"level":"debug","message":"Query: DELETE FROM \"public\".\"refresh_tokens\" WHERE (\"public\".\"refresh_tokens\".\"expiresAt\" < $1 OR \"public\".\"refresh_tokens\".\"revokedAt\" < $2)","service":"preplyte-api","timestamp":"2026-02-18 12:41:36"}
{"level":"debug","message":"Params: [\"2026-02-18 07:11:36.792 UTC\",\"2026-02-11 07:11:36.792 UTC\"]","service":"preplyte-api","timestamp":"2026-02-18 12:41:36"}
{"level":"debug","message":"Duration: 3ms","service":"preplyte-api","timestamp":"2026-02-18 12:41:36"}
{"count":0,"level":"info","message":"Cleaned up expired tokens","service":"preplyte-api","timestamp":"2026-02-18 12:41:36"}
{"level":"info","message":"Token cleanup completed","service":"preplyte-api","timestamp":"2026-02-18 12:41:36","tokensRemoved":0}
