{"baseURL":"https://judge0-ce.p.rapidapi.com","level":"info","message":"Judge0 client initialized","service":"preplyte-api","timestamp":"2026-02-06 09:09:50","useRapidAPI":true}
{"level":"info","message":"[TTS] Using Deepgram for text-to-speech","service":"preplyte-api","timestamp":"2026-02-06 09:09:50"}
{"environment":"development","host":"0.0.0.0","level":"info","message":"Starting server...","port":4000,"service":"preplyte-api","timestamp":"2026-02-06 09:09:50"}
{"level":"info","message":"Checking database connection...","service":"preplyte-api","timestamp":"2026-02-06 09:09:50"}
{"level":"debug","message":"Query: SELECT 1","service":"preplyte-api","timestamp":"2026-02-06 09:09:51"}
{"level":"debug","message":"Params: []","service":"preplyte-api","timestamp":"2026-02-06 09:09:51"}
{"level":"debug","message":"Duration: 14ms","service":"preplyte-api","timestamp":"2026-02-06 09:09:51"}
{"level":"info","message":"✅ Database connected successfully","service":"preplyte-api","timestamp":"2026-02-06 09:09:51"}
{"level":"info","message":"[WS Gateway] WebSocket server initialized","path":"/ws/interview/:sessionId","service":"preplyte-api","timestamp":"2026-02-06 09:09:51"}
{"api":"http://localhost:4000/api","environment":"development","health":"http://localhost:4000/health","host":"0.0.0.0","level":"info","message":"🚀 Server running","port":4000,"service":"preplyte-api","timestamp":"2026-02-06 09:09:51","websocket":"ws://localhost:4000/ws/interview/:sessionId"}
{"level":"debug","message":"Query: SELECT 1","service":"preplyte-api","timestamp":"2026-02-06 09:10:18"}
{"level":"debug","message":"Params: []","service":"preplyte-api","timestamp":"2026-02-06 09:10:18"}
{"level":"debug","message":"Duration: 0ms","service":"preplyte-api","timestamp":"2026-02-06 09:10:18"}
{"level":"debug","message":"Query: SELECT \"public\".\"users\".\"id\", \"public\".\"users\".\"email\", \"public\".\"users\".\"password\", \"public\".\"users\".\"name\", \"public\".\"users\".\"role\"::text, \"public\".\"users\".\"isActive\", \"public\".\"users\".\"instituteId\", \"public\".\"users\".\"createdAt\", \"public\".\"users\".\"updatedAt\", \"public\".\"users\".\"lastLoginAt\", \"public\".\"users\".\"tokenVersion\" FROM \"public\".\"users\" WHERE (\"public\".\"users\".\"email\" = $1 AND 1=1) LIMIT $2 OFFSET $3","service":"preplyte-api","timestamp":"2026-02-06 09:10:18"}
{"level":"debug","message":"Params: [\"admin@platform.com\",1,0]","service":"preplyte-api","timestamp":"2026-02-06 09:10:18"}
{"level":"debug","message":"Duration: 18ms","service":"preplyte-api","timestamp":"2026-02-06 09:10:18"}
{"level":"debug","message":"Query: INSERT INTO \"public\".\"refresh_tokens\" (\"id\",\"token\",\"userId\",\"expiresAt\",\"createdAt\") VALUES ($1,$2,$3,$4,$5) RETURNING \"public\".\"refresh_tokens\".\"id\", \"public\".\"refresh_tokens\".\"token\", \"public\".\"refresh_tokens\".\"userId\", \"public\".\"refresh_tokens\".\"expiresAt\", \"public\".\"refresh_tokens\".\"revokedAt\", \"public\".\"refresh_tokens\".\"userAgent\", \"public\".\"refresh_tokens\".\"ipAddress\", \"public\".\"refresh_tokens\".\"createdAt\"","service":"preplyte-api","timestamp":"2026-02-06 09:10:19"}
{"level":"debug","message":"Params: [\"cmlac7rvf000148udocu61a8i\",\"d2611f237313bfabaf663621dea9b7d59e6761f4af116cb7e3c62871ebe2a8ad\",\"cml92r5r50001q3oopvkslp23\",\"2026-02-13 03:40:19.030 UTC\",\"2026-02-06 03:40:19.032 UTC\"]","service":"preplyte-api","timestamp":"2026-02-06 09:10:19"}
{"level":"debug","message":"Duration: 10ms","service":"preplyte-api","timestamp":"2026-02-06 09:10:19"}
{"level":"debug","message":"Query: UPDATE \"public\".\"users\" SET \"lastLoginAt\" = $1, \"updatedAt\" = $2 WHERE (\"public\".\"users\".\"id\" = $3 AND 1=1) RETURNING \"public\".\"users\".\"id\", \"public\".\"users\".\"email\", \"public\".\"users\".\"password\", \"public\".\"users\".\"name\", \"public\".\"users\".\"role\"::text, \"public\".\"users\".\"isActive\", \"public\".\"users\".\"instituteId\", \"public\".\"users\".\"createdAt\", \"public\".\"users\".\"updatedAt\", \"public\".\"users\".\"lastLoginAt\", \"public\".\"users\".\"tokenVersion\"","service":"preplyte-api","timestamp":"2026-02-06 09:10:19"}
{"level":"debug","message":"Params: [\"2026-02-06 03:40:19.030 UTC\",\"2026-02-06 03:40:19.032 UTC\",\"cml92r5r50001q3oopvkslp23\"]","service":"preplyte-api","timestamp":"2026-02-06 09:10:19"}
{"level":"debug","message":"Duration: 8ms","service":"preplyte-api","timestamp":"2026-02-06 09:10:19"}
{"level":"info","message":"User logged in","service":"preplyte-api","timestamp":"2026-02-06 09:10:19","userId":"cml92r5r50001q3oopvkslp23"}
{"level":"info","message":"\u001b[0mPOST /api/auth/login \u001b[32m200\u001b[0m 1022.723 ms - 934\u001b[0m","service":"preplyte-api","timestamp":"2026-02-06 09:10:19"}
{"level":"debug","message":"Query: SELECT 1","service":"preplyte-api","timestamp":"2026-02-06 09:10:47"}
{"level":"debug","message":"Params: []","service":"preplyte-api","timestamp":"2026-02-06 09:10:47"}
{"level":"debug","message":"Duration: 0ms","service":"preplyte-api","timestamp":"2026-02-06 09:10:47"}
{"level":"debug","message":"Query: SELECT \"public\".\"users\".\"id\", \"public\".\"users\".\"email\", \"public\".\"users\".\"role\"::text, \"public\".\"users\".\"instituteId\", \"public\".\"users\".\"isActive\", \"public\".\"users\".\"tokenVersion\" FROM \"public\".\"users\" WHERE (\"public\".\"users\".\"id\" = $1 AND 1=1) LIMIT $2 OFFSET $3","service":"preplyte-api","timestamp":"2026-02-06 09:10:47"}
{"level":"debug","message":"Params: [\"cml92r5r50001q3oopvkslp23\",1,0]","service":"preplyte-api","timestamp":"2026-02-06 09:10:47"}
{"level":"debug","message":"Duration: 2ms","service":"preplyte-api","timestamp":"2026-02-06 09:10:47"}
{"level":"debug","message":"Query: SELECT 1","service":"preplyte-api","timestamp":"2026-02-06 09:10:47"}
{"level":"debug","message":"Params: []","service":"preplyte-api","timestamp":"2026-02-06 09:10:47"}
{"level":"debug","message":"Duration: 0ms","service":"preplyte-api","timestamp":"2026-02-06 09:10:47"}
{"level":"debug","message":"Query: SELECT COUNT(*) FROM (SELECT \"public\".\"institutes\".\"id\" FROM \"public\".\"institutes\" WHERE 1=1 OFFSET $1) AS \"sub\"","service":"preplyte-api","timestamp":"2026-02-06 09:10:47"}
{"level":"debug","message":"Params: [0]","service":"preplyte-api","timestamp":"2026-02-06 09:10:47"}
{"level":"debug","message":"Duration: 10ms","service":"preplyte-api","timestamp":"2026-02-06 09:10:47"}
{"level":"debug","message":"Query: SELECT \"public\".\"institutes\".\"id\", \"public\".\"institutes\".\"name\", \"public\".\"institutes\".\"domain\", \"public\".\"institutes\".\"isActive\", \"public\".\"institutes\".\"createdAt\", \"public\".\"institutes\".\"updatedAt\", COALESCE(\"aggr_selection_0_User\".\"_aggr_count_users\", 0) AS \"_aggr_count_users\" FROM \"public\".\"institutes\" LEFT JOIN (SELECT \"public\".\"users\".\"instituteId\", COUNT(*) AS \"_aggr_count_users\" FROM \"public\".\"users\" WHERE 1=1 GROUP BY \"public\".\"users\".\"instituteId\") AS \"aggr_selection_0_User\" ON (\"public\".\"institutes\".\"id\" = \"aggr_selection_0_User\".\"instituteId\") WHERE 1=1 ORDER BY \"public\".\"institutes\".\"createdAt\" DESC LIMIT $1 OFFSET $2","service":"preplyte-api","timestamp":"2026-02-06 09:10:47"}
{"level":"debug","message":"Params: [10,0]","service":"preplyte-api","timestamp":"2026-02-06 09:10:47"}
{"level":"debug","message":"Duration: 13ms","service":"preplyte-api","timestamp":"2026-02-06 09:10:47"}
{"level":"info","message":"\u001b[0mGET /api/admin/institutes?page=1&limit=10&sortBy=createdAt&sortOrder=desc \u001b[36m304\u001b[0m 55.916 ms - -\u001b[0m","service":"preplyte-api","timestamp":"2026-02-06 09:10:47"}
{"level":"debug","message":"Query: SELECT \"public\".\"users\".\"id\", \"public\".\"users\".\"email\", \"public\".\"users\".\"role\"::text, \"public\".\"users\".\"instituteId\", \"public\".\"users\".\"isActive\", \"public\".\"users\".\"tokenVersion\" FROM \"public\".\"users\" WHERE (\"public\".\"users\".\"id\" = $1 AND 1=1) LIMIT $2 OFFSET $3","service":"preplyte-api","timestamp":"2026-02-06 09:10:47"}
{"level":"debug","message":"Params: [\"cml92r5r50001q3oopvkslp23\",1,0]","service":"preplyte-api","timestamp":"2026-02-06 09:10:47"}
{"level":"debug","message":"Duration: 1ms","service":"preplyte-api","timestamp":"2026-02-06 09:10:47"}
{"level":"debug","message":"Query: SELECT COUNT(*) FROM (SELECT \"public\".\"aptitude_practice_sessions\".\"id\" FROM \"public\".\"aptitude_practice_sessions\" WHERE 1=1 OFFSET $1) AS \"sub\"","service":"preplyte-api","timestamp":"2026-02-06 09:10:47"}
{"level":"debug","message":"Params: [0]","service":"preplyte-api","timestamp":"2026-02-06 09:10:47"}
{"level":"debug","message":"Duration: 7ms","service":"preplyte-api","timestamp":"2026-02-06 09:10:47"}
{"level":"debug","message":"Query: SELECT COUNT(*), AVG(\"totalScore\") FROM (SELECT \"public\".\"aptitude_practice_sessions\".\"id\", \"public\".\"aptitude_practice_sessions\".\"totalScore\" FROM \"public\".\"aptitude_practice_sessions\" WHERE \"public\".\"aptitude_practice_sessions\".\"completedAt\" IS NOT NULL OFFSET $1) AS \"sub\"","service":"preplyte-api","timestamp":"2026-02-06 09:10:47"}
{"level":"debug","message":"Params: [0]","service":"preplyte-api","timestamp":"2026-02-06 09:10:47"}
{"level":"debug","message":"Duration: 8ms","service":"preplyte-api","timestamp":"2026-02-06 09:10:47"}
{"level":"debug","message":"Query: SELECT COUNT(*), \"public\".\"institutes\".\"isActive\" FROM \"public\".\"institutes\" WHERE 1=1 GROUP BY \"public\".\"institutes\".\"isActive\" OFFSET $1","service":"preplyte-api","timestamp":"2026-02-06 09:10:47"}
{"level":"debug","message":"Params: [0]","service":"preplyte-api","timestamp":"2026-02-06 09:10:47"}
{"level":"debug","message":"Duration: 15ms","service":"preplyte-api","timestamp":"2026-02-06 09:10:47"}
{"level":"debug","message":"Query: SELECT COUNT(*), AVG(\"totalScore\") FROM (SELECT \"public\".\"machine_practice_sessions\".\"id\", \"public\".\"machine_practice_sessions\".\"totalScore\" FROM \"public\".\"machine_practice_sessions\" WHERE \"public\".\"machine_practice_sessions\".\"completedAt\" IS NOT NULL OFFSET $1) AS \"sub\"","service":"preplyte-api","timestamp":"2026-02-06 09:10:47"}
{"level":"debug","message":"Params: [0]","service":"preplyte-api","timestamp":"2026-02-06 09:10:47"}
{"level":"debug","message":"Duration: 15ms","service":"preplyte-api","timestamp":"2026-02-06 09:10:47"}
{"level":"debug","message":"Query: SELECT \"public\".\"users\".\"id\", \"public\".\"users\".\"createdAt\" FROM \"public\".\"users\" WHERE \"public\".\"users\".\"createdAt\" >= $1 OFFSET $2","service":"preplyte-api","timestamp":"2026-02-06 09:10:47"}
{"level":"debug","message":"Params: [\"2026-01-07 03:40:47.075 UTC\",0]","service":"preplyte-api","timestamp":"2026-02-06 09:10:47"}
{"level":"debug","message":"Duration: 7ms","service":"preplyte-api","timestamp":"2026-02-06 09:10:47"}
{"level":"debug","message":"Query: SELECT \"public\".\"aptitude_practice_sessions\".\"id\", \"public\".\"aptitude_practice_sessions\".\"createdAt\" FROM \"public\".\"aptitude_practice_sessions\" WHERE \"public\".\"aptitude_practice_sessions\".\"createdAt\" >= $1 OFFSET $2","service":"preplyte-api","timestamp":"2026-02-06 09:10:47"}
{"level":"debug","message":"Params: [\"2026-01-07 03:40:47.075 UTC\",0]","service":"preplyte-api","timestamp":"2026-02-06 09:10:47"}
{"level":"debug","message":"Duration: 4ms","service":"preplyte-api","timestamp":"2026-02-06 09:10:47"}
{"level":"debug","message":"Query: SELECT COUNT(*), \"public\".\"users\".\"role\"::text, \"public\".\"users\".\"isActive\" FROM \"public\".\"users\" WHERE 1=1 GROUP BY \"public\".\"users\".\"role\", \"public\".\"users\".\"isActive\" OFFSET $1","service":"preplyte-api","timestamp":"2026-02-06 09:10:47"}
{"level":"debug","message":"Params: [0]","service":"preplyte-api","timestamp":"2026-02-06 09:10:47"}
{"level":"debug","message":"Duration: 11ms","service":"preplyte-api","timestamp":"2026-02-06 09:10:47"}
{"level":"debug","message":"Query: SELECT COUNT(*) FROM (SELECT \"public\".\"ai_interview_sessions\".\"id\" FROM \"public\".\"ai_interview_sessions\" WHERE 1=1 OFFSET $1) AS \"sub\"","service":"preplyte-api","timestamp":"2026-02-06 09:10:47"}
{"level":"debug","message":"Params: [0]","service":"preplyte-api","timestamp":"2026-02-06 09:10:47"}
{"level":"debug","message":"Duration: 14ms","service":"preplyte-api","timestamp":"2026-02-06 09:10:47"}
{"level":"debug","message":"Query: SELECT COUNT(*) FROM (SELECT \"public\".\"ai_interview_sessions\".\"id\" FROM \"public\".\"ai_interview_sessions\" WHERE \"public\".\"ai_interview_sessions\".\"status\" = CAST($1::text AS \"public\".\"AiInterviewSessionStatus\") OFFSET $2) AS \"sub\"","service":"preplyte-api","timestamp":"2026-02-06 09:10:47"}
{"level":"debug","message":"Params: [\"COMPLETED\",0]","service":"preplyte-api","timestamp":"2026-02-06 09:10:47"}
{"level":"debug","message":"Duration: 15ms","service":"preplyte-api","timestamp":"2026-02-06 09:10:47"}
{"level":"debug","message":"Query: SELECT \"public\".\"machine_practice_sessions\".\"id\", \"public\".\"machine_practice_sessions\".\"createdAt\" FROM \"public\".\"machine_practice_sessions\" WHERE \"public\".\"machine_practice_sessions\".\"createdAt\" >= $1 OFFSET $2","service":"preplyte-api","timestamp":"2026-02-06 09:10:47"}
{"level":"debug","message":"Params: [\"2026-01-07 03:40:47.075 UTC\",0]","service":"preplyte-api","timestamp":"2026-02-06 09:10:47"}
{"level":"debug","message":"Duration: 4ms","service":"preplyte-api","timestamp":"2026-02-06 09:10:47"}
{"level":"debug","message":"Query: SELECT COUNT(*) FROM (SELECT \"public\".\"machine_practice_sessions\".\"id\" FROM \"public\".\"machine_practice_sessions\" WHERE 1=1 OFFSET $1) AS \"sub\"","service":"preplyte-api","timestamp":"2026-02-06 09:10:47"}
{"level":"debug","message":"Params: [0]","service":"preplyte-api","timestamp":"2026-02-06 09:10:47"}
{"level":"debug","message":"Duration: 5ms","service":"preplyte-api","timestamp":"2026-02-06 09:10:47"}
{"level":"debug","message":"Query: SELECT \"public\".\"ai_interview_sessions\".\"id\", \"public\".\"ai_interview_sessions\".\"createdAt\" FROM \"public\".\"ai_interview_sessions\" WHERE \"public\".\"ai_interview_sessions\".\"createdAt\" >= $1 OFFSET $2","service":"preplyte-api","timestamp":"2026-02-06 09:10:47"}
{"level":"debug","message":"Params: [\"2026-01-07 03:40:47.075 UTC\",0]","service":"preplyte-api","timestamp":"2026-02-06 09:10:47"}
{"level":"debug","message":"Duration: 5ms","service":"preplyte-api","timestamp":"2026-02-06 09:10:47"}
{"level":"debug","message":"Query: SELECT AVG(\"overallScore\") FROM (SELECT \"public\".\"ai_interview_feedbacks\".\"overallScore\" FROM \"public\".\"ai_interview_feedbacks\" WHERE 1=1 OFFSET $1) AS \"sub\"","service":"preplyte-api","timestamp":"2026-02-06 09:10:47"}
{"level":"debug","message":"Params: [0]","service":"preplyte-api","timestamp":"2026-02-06 09:10:47"}
{"level":"debug","message":"Duration: 6ms","service":"preplyte-api","timestamp":"2026-02-06 09:10:47"}
{"level":"debug","message":"Query: SELECT \"public\".\"users\".\"id\", \"public\".\"users\".\"email\", \"public\".\"users\".\"role\"::text, \"public\".\"users\".\"instituteId\", \"public\".\"users\".\"isActive\", \"public\".\"users\".\"tokenVersion\" FROM \"public\".\"users\" WHERE (\"public\".\"users\".\"id\" = $1 AND 1=1) LIMIT $2 OFFSET $3","service":"preplyte-api","timestamp":"2026-02-06 09:10:47"}
{"level":"debug","message":"Params: [\"cml92r5r50001q3oopvkslp23\",1,0]","service":"preplyte-api","timestamp":"2026-02-06 09:10:47"}
{"level":"debug","message":"Duration: 6ms","service":"preplyte-api","timestamp":"2026-02-06 09:10:47"}
{"level":"info","message":"\u001b[0mGET /api/admin/analytics \u001b[32m200\u001b[0m 253.788 ms - -\u001b[0m","service":"preplyte-api","timestamp":"2026-02-06 09:10:47"}
{"level":"debug","message":"Query: SELECT \"public\".\"users\".\"id\", \"public\".\"users\".\"email\", \"public\".\"users\".\"role\"::text, \"public\".\"users\".\"instituteId\", \"public\".\"users\".\"isActive\", \"public\".\"users\".\"tokenVersion\" FROM \"public\".\"users\" WHERE (\"public\".\"users\".\"id\" = $1 AND 1=1) LIMIT $2 OFFSET $3","service":"preplyte-api","timestamp":"2026-02-06 09:10:47"}
{"level":"debug","message":"Params: [\"cml92r5r50001q3oopvkslp23\",1,0]","service":"preplyte-api","timestamp":"2026-02-06 09:10:47"}
{"level":"debug","message":"Duration: 6ms","service":"preplyte-api","timestamp":"2026-02-06 09:10:47"}
{"level":"debug","message":"Query: SELECT COUNT(*) FROM (SELECT \"public\".\"institutes\".\"id\" FROM \"public\".\"institutes\" WHERE 1=1 OFFSET $1) AS \"sub\"","service":"preplyte-api","timestamp":"2026-02-06 09:10:47"}
{"level":"debug","message":"Params: [0]","service":"preplyte-api","timestamp":"2026-02-06 09:10:47"}
{"level":"debug","message":"Duration: 5ms","service":"preplyte-api","timestamp":"2026-02-06 09:10:47"}
{"level":"debug","message":"Query: SELECT \"public\".\"institutes\".\"id\", \"public\".\"institutes\".\"name\", \"public\".\"institutes\".\"domain\", \"public\".\"institutes\".\"isActive\", \"public\".\"institutes\".\"createdAt\", \"public\".\"institutes\".\"updatedAt\", COALESCE(\"aggr_selection_0_User\".\"_aggr_count_users\", 0) AS \"_aggr_count_users\" FROM \"public\".\"institutes\" LEFT JOIN (SELECT \"public\".\"users\".\"instituteId\", COUNT(*) AS \"_aggr_count_users\" FROM \"public\".\"users\" WHERE 1=1 GROUP BY \"public\".\"users\".\"instituteId\") AS \"aggr_selection_0_User\" ON (\"public\".\"institutes\".\"id\" = \"aggr_selection_0_User\".\"instituteId\") WHERE 1=1 ORDER BY \"public\".\"institutes\".\"createdAt\" DESC LIMIT $1 OFFSET $2","service":"preplyte-api","timestamp":"2026-02-06 09:10:47"}
{"level":"debug","message":"Params: [5,0]","service":"preplyte-api","timestamp":"2026-02-06 09:10:47"}
{"level":"debug","message":"Duration: 5ms","service":"preplyte-api","timestamp":"2026-02-06 09:10:47"}
{"level":"info","message":"\u001b[0mGET /api/admin/institutes?page=1&limit=5&sortBy=createdAt&sortOrder=desc \u001b[36m304\u001b[0m 35.462 ms - -\u001b[0m","service":"preplyte-api","timestamp":"2026-02-06 09:10:47"}
{"level":"debug","message":"Query: SELECT COUNT(*) FROM (SELECT \"public\".\"institutes\".\"id\" FROM \"public\".\"institutes\" WHERE 1=1 OFFSET $1) AS \"sub\"","service":"preplyte-api","timestamp":"2026-02-06 09:10:47"}
{"level":"debug","message":"Params: [0]","service":"preplyte-api","timestamp":"2026-02-06 09:10:47"}
{"level":"debug","message":"Duration: 1ms","service":"preplyte-api","timestamp":"2026-02-06 09:10:47"}
{"level":"debug","message":"Query: SELECT \"public\".\"users\".\"id\", \"public\".\"users\".\"email\", \"public\".\"users\".\"role\"::text, \"public\".\"users\".\"instituteId\", \"public\".\"users\".\"isActive\", \"public\".\"users\".\"tokenVersion\" FROM \"public\".\"users\" WHERE (\"public\".\"users\".\"id\" = $1 AND 1=1) LIMIT $2 OFFSET $3","service":"preplyte-api","timestamp":"2026-02-06 09:10:47"}
{"level":"debug","message":"Params: [\"cml92r5r50001q3oopvkslp23\",1,0]","service":"preplyte-api","timestamp":"2026-02-06 09:10:47"}
{"level":"debug","message":"Duration: 0ms","service":"preplyte-api","timestamp":"2026-02-06 09:10:47"}
{"level":"debug","message":"Query: SELECT \"public\".\"institutes\".\"id\", \"public\".\"institutes\".\"name\", \"public\".\"institutes\".\"domain\", \"public\".\"institutes\".\"isActive\", \"public\".\"institutes\".\"createdAt\", \"public\".\"institutes\".\"updatedAt\", COALESCE(\"aggr_selection_0_User\".\"_aggr_count_users\", 0) AS \"_aggr_count_users\" FROM \"public\".\"institutes\" LEFT JOIN (SELECT \"public\".\"users\".\"instituteId\", COUNT(*) AS \"_aggr_count_users\" FROM \"public\".\"users\" WHERE 1=1 GROUP BY \"public\".\"users\".\"instituteId\") AS \"aggr_selection_0_User\" ON (\"public\".\"institutes\".\"id\" = \"aggr_selection_0_User\".\"instituteId\") WHERE 1=1 ORDER BY \"public\".\"institutes\".\"createdAt\" DESC LIMIT $1 OFFSET $2","service":"preplyte-api","timestamp":"2026-02-06 09:10:47"}
{"level":"debug","message":"Params: [10,0]","service":"preplyte-api","timestamp":"2026-02-06 09:10:47"}
{"level":"debug","message":"Duration: 7ms","service":"preplyte-api","timestamp":"2026-02-06 09:10:47"}
{"level":"info","message":"\u001b[0mGET /api/admin/institutes?page=1&limit=10&sortBy=createdAt&sortOrder=desc \u001b[36m304\u001b[0m 53.197 ms - -\u001b[0m","service":"preplyte-api","timestamp":"2026-02-06 09:10:47"}
{"level":"debug","message":"Query: SELECT COUNT(*) FROM (SELECT \"public\".\"ai_interview_sessions\".\"id\" FROM \"public\".\"ai_interview_sessions\" WHERE 1=1 OFFSET $1) AS \"sub\"","service":"preplyte-api","timestamp":"2026-02-06 09:10:47"}
{"level":"debug","message":"Params: [0]","service":"preplyte-api","timestamp":"2026-02-06 09:10:47"}
{"level":"debug","message":"Duration: 1ms","service":"preplyte-api","timestamp":"2026-02-06 09:10:47"}
{"level":"debug","message":"Query: SELECT COUNT(*), \"public\".\"institutes\".\"isActive\" FROM \"public\".\"institutes\" WHERE 1=1 GROUP BY \"public\".\"institutes\".\"isActive\" OFFSET $1","service":"preplyte-api","timestamp":"2026-02-06 09:10:47"}
{"level":"debug","message":"Params: [0]","service":"preplyte-api","timestamp":"2026-02-06 09:10:47"}
{"level":"debug","message":"Duration: 3ms","service":"preplyte-api","timestamp":"2026-02-06 09:10:47"}
{"level":"debug","message":"Query: SELECT COUNT(*), \"public\".\"users\".\"role\"::text, \"public\".\"users\".\"isActive\" FROM \"public\".\"users\" WHERE 1=1 GROUP BY \"public\".\"users\".\"role\", \"public\".\"users\".\"isActive\" OFFSET $1","service":"preplyte-api","timestamp":"2026-02-06 09:10:47"}
{"level":"debug","message":"Params: [0]","service":"preplyte-api","timestamp":"2026-02-06 09:10:47"}
{"level":"debug","message":"Duration: 3ms","service":"preplyte-api","timestamp":"2026-02-06 09:10:47"}
{"level":"debug","message":"Query: SELECT COUNT(*) FROM (SELECT \"public\".\"machine_practice_sessions\".\"id\" FROM \"public\".\"machine_practice_sessions\" WHERE 1=1 OFFSET $1) AS \"sub\"","service":"preplyte-api","timestamp":"2026-02-06 09:10:47"}
{"level":"debug","message":"Params: [0]","service":"preplyte-api","timestamp":"2026-02-06 09:10:47"}
{"level":"debug","message":"Duration: 5ms","service":"preplyte-api","timestamp":"2026-02-06 09:10:47"}
{"level":"debug","message":"Query: SELECT COUNT(*), AVG(\"totalScore\") FROM (SELECT \"public\".\"machine_practice_sessions\".\"id\", \"public\".\"machine_practice_sessions\".\"totalScore\" FROM \"public\".\"machine_practice_sessions\" WHERE \"public\".\"machine_practice_sessions\".\"completedAt\" IS NOT NULL OFFSET $1) AS \"sub\"","service":"preplyte-api","timestamp":"2026-02-06 09:10:47"}
{"level":"debug","message":"Params: [0]","service":"preplyte-api","timestamp":"2026-02-06 09:10:47"}
{"level":"debug","message":"Duration: 4ms","service":"preplyte-api","timestamp":"2026-02-06 09:10:47"}
{"level":"debug","message":"Query: SELECT COUNT(*), AVG(\"totalScore\") FROM (SELECT \"public\".\"aptitude_practice_sessions\".\"id\", \"public\".\"aptitude_practice_sessions\".\"totalScore\" FROM \"public\".\"aptitude_practice_sessions\" WHERE \"public\".\"aptitude_practice_sessions\".\"completedAt\" IS NOT NULL OFFSET $1) AS \"sub\"","service":"preplyte-api","timestamp":"2026-02-06 09:10:47"}
{"level":"debug","message":"Params: [0]","service":"preplyte-api","timestamp":"2026-02-06 09:10:47"}
{"level":"debug","message":"Duration: 5ms","service":"preplyte-api","timestamp":"2026-02-06 09:10:47"}
{"level":"debug","message":"Query: SELECT COUNT(*) FROM (SELECT \"public\".\"aptitude_practice_sessions\".\"id\" FROM \"public\".\"aptitude_practice_sessions\" WHERE 1=1 OFFSET $1) AS \"sub\"","service":"preplyte-api","timestamp":"2026-02-06 09:10:47"}
{"level":"debug","message":"Params: [0]","service":"preplyte-api","timestamp":"2026-02-06 09:10:47"}
{"level":"debug","message":"Duration: 6ms","service":"preplyte-api","timestamp":"2026-02-06 09:10:47"}
{"level":"debug","message":"Query: SELECT \"public\".\"ai_interview_sessions\".\"id\", \"public\".\"ai_interview_sessions\".\"createdAt\" FROM \"public\".\"ai_interview_sessions\" WHERE \"public\".\"ai_interview_sessions\".\"createdAt\" >= $1 OFFSET $2","service":"preplyte-api","timestamp":"2026-02-06 09:10:47"}
{"level":"debug","message":"Params: [\"2026-01-07 03:40:47.364 UTC\",0]","service":"preplyte-api","timestamp":"2026-02-06 09:10:47"}
{"level":"debug","message":"Duration: 4ms","service":"preplyte-api","timestamp":"2026-02-06 09:10:47"}
{"level":"debug","message":"Query: SELECT \"public\".\"aptitude_practice_sessions\".\"id\", \"public\".\"aptitude_practice_sessions\".\"createdAt\" FROM \"public\".\"aptitude_practice_sessions\" WHERE \"public\".\"aptitude_practice_sessions\".\"createdAt\" >= $1 OFFSET $2","service":"preplyte-api","timestamp":"2026-02-06 09:10:47"}
{"level":"debug","message":"Params: [\"2026-01-07 03:40:47.364 UTC\",0]","service":"preplyte-api","timestamp":"2026-02-06 09:10:47"}
{"level":"debug","message":"Duration: 4ms","service":"preplyte-api","timestamp":"2026-02-06 09:10:47"}
{"level":"debug","message":"Query: SELECT \"public\".\"users\".\"id\", \"public\".\"users\".\"createdAt\" FROM \"public\".\"users\" WHERE \"public\".\"users\".\"createdAt\" >= $1 OFFSET $2","service":"preplyte-api","timestamp":"2026-02-06 09:10:47"}
{"level":"debug","message":"Params: [\"2026-01-07 03:40:47.364 UTC\",0]","service":"preplyte-api","timestamp":"2026-02-06 09:10:47"}
{"level":"debug","message":"Duration: 4ms","service":"preplyte-api","timestamp":"2026-02-06 09:10:47"}
{"level":"debug","message":"Query: SELECT COUNT(*) FROM (SELECT \"public\".\"ai_interview_sessions\".\"id\" FROM \"public\".\"ai_interview_sessions\" WHERE \"public\".\"ai_interview_sessions\".\"status\" = CAST($1::text AS \"public\".\"AiInterviewSessionStatus\") OFFSET $2) AS \"sub\"","service":"preplyte-api","timestamp":"2026-02-06 09:10:47"}
{"level":"debug","message":"Params: [\"COMPLETED\",0]","service":"preplyte-api","timestamp":"2026-02-06 09:10:47"}
{"level":"debug","message":"Duration: 5ms","service":"preplyte-api","timestamp":"2026-02-06 09:10:47"}
{"level":"debug","message":"Query: SELECT AVG(\"overallScore\") FROM (SELECT \"public\".\"ai_interview_feedbacks\".\"overallScore\" FROM \"public\".\"ai_interview_feedbacks\" WHERE 1=1 OFFSET $1) AS \"sub\"","service":"preplyte-api","timestamp":"2026-02-06 09:10:47"}
{"level":"debug","message":"Params: [0]","service":"preplyte-api","timestamp":"2026-02-06 09:10:47"}
{"level":"debug","message":"Duration: 6ms","service":"preplyte-api","timestamp":"2026-02-06 09:10:47"}
{"level":"debug","message":"Query: SELECT \"public\".\"machine_practice_sessions\".\"id\", \"public\".\"machine_practice_sessions\".\"createdAt\" FROM \"public\".\"machine_practice_sessions\" WHERE \"public\".\"machine_practice_sessions\".\"createdAt\" >= $1 OFFSET $2","service":"preplyte-api","timestamp":"2026-02-06 09:10:47"}
{"level":"debug","message":"Params: [\"2026-01-07 03:40:47.364 UTC\",0]","service":"preplyte-api","timestamp":"2026-02-06 09:10:47"}
{"level":"debug","message":"Duration: 5ms","service":"preplyte-api","timestamp":"2026-02-06 09:10:47"}
{"level":"debug","message":"Query: SELECT \"public\".\"users\".\"id\", \"public\".\"users\".\"email\", \"public\".\"users\".\"role\"::text, \"public\".\"users\".\"instituteId\", \"public\".\"users\".\"isActive\", \"public\".\"users\".\"tokenVersion\" FROM \"public\".\"users\" WHERE (\"public\".\"users\".\"id\" = $1 AND 1=1) LIMIT $2 OFFSET $3","service":"preplyte-api","timestamp":"2026-02-06 09:10:47"}
{"level":"debug","message":"Params: [\"cml92r5r50001q3oopvkslp23\",1,0]","service":"preplyte-api","timestamp":"2026-02-06 09:10:47"}
{"level":"debug","message":"Duration: 9ms","service":"preplyte-api","timestamp":"2026-02-06 09:10:47"}
{"level":"info","message":"\u001b[0mGET /api/admin/analytics \u001b[36m304\u001b[0m 93.480 ms - -\u001b[0m","service":"preplyte-api","timestamp":"2026-02-06 09:10:47"}
{"level":"debug","message":"Query: SELECT COUNT(*) FROM (SELECT \"public\".\"institutes\".\"id\" FROM \"public\".\"institutes\" WHERE 1=1 OFFSET $1) AS \"sub\"","service":"preplyte-api","timestamp":"2026-02-06 09:10:47"}
{"level":"debug","message":"Params: [0]","service":"preplyte-api","timestamp":"2026-02-06 09:10:47"}
{"level":"debug","message":"Duration: 0ms","service":"preplyte-api","timestamp":"2026-02-06 09:10:47"}
{"level":"debug","message":"Query: SELECT \"public\".\"institutes\".\"id\", \"public\".\"institutes\".\"name\", \"public\".\"institutes\".\"domain\", \"public\".\"institutes\".\"isActive\", \"public\".\"institutes\".\"createdAt\", \"public\".\"institutes\".\"updatedAt\", COALESCE(\"aggr_selection_0_User\".\"_aggr_count_users\", 0) AS \"_aggr_count_users\" FROM \"public\".\"institutes\" LEFT JOIN (SELECT \"public\".\"users\".\"instituteId\", COUNT(*) AS \"_aggr_count_users\" FROM \"public\".\"users\" WHERE 1=1 GROUP BY \"public\".\"users\".\"instituteId\") AS \"aggr_selection_0_User\" ON (\"public\".\"institutes\".\"id\" = \"aggr_selection_0_User\".\"instituteId\") WHERE 1=1 ORDER BY \"public\".\"institutes\".\"createdAt\" DESC LIMIT $1 OFFSET $2","service":"preplyte-api","timestamp":"2026-02-06 09:10:47"}
{"level":"debug","message":"Params: [5,0]","service":"preplyte-api","timestamp":"2026-02-06 09:10:47"}
{"level":"debug","message":"Duration: 5ms","service":"preplyte-api","timestamp":"2026-02-06 09:10:47"}
{"level":"info","message":"\u001b[0mGET /api/admin/institutes?page=1&limit=5&sortBy=createdAt&sortOrder=desc \u001b[36m304\u001b[0m 84.462 ms - -\u001b[0m","service":"preplyte-api","timestamp":"2026-02-06 09:10:47"}
{"level":"debug","message":"Query: SELECT \"public\".\"users\".\"id\", \"public\".\"users\".\"email\", \"public\".\"users\".\"role\"::text, \"public\".\"users\".\"instituteId\", \"public\".\"users\".\"isActive\", \"public\".\"users\".\"tokenVersion\" FROM \"public\".\"users\" WHERE (\"public\".\"users\".\"id\" = $1 AND 1=1) LIMIT $2 OFFSET $3","service":"preplyte-api","timestamp":"2026-02-06 09:10:56"}
{"level":"debug","message":"Params: [\"cml92r5r50001q3oopvkslp23\",1,0]","service":"preplyte-api","timestamp":"2026-02-06 09:10:56"}
{"level":"debug","message":"Duration: 1ms","service":"preplyte-api","timestamp":"2026-02-06 09:10:56"}
{"level":"debug","message":"Query: SELECT COUNT(*) FROM (SELECT \"public\".\"lms_enrollments\".\"id\" FROM \"public\".\"lms_enrollments\" WHERE \"public\".\"lms_enrollments\".\"status\" = CAST($1::text AS \"public\".\"LmsEnrollmentStatus\") OFFSET $2) AS \"sub\"","service":"preplyte-api","timestamp":"2026-02-06 09:10:56"}
{"level":"debug","message":"Params: [\"COMPLETED\",0]","service":"preplyte-api","timestamp":"2026-02-06 09:10:56"}
{"level":"debug","message":"Duration: 11ms","service":"preplyte-api","timestamp":"2026-02-06 09:10:56"}
{"level":"debug","message":"Query: SELECT COUNT(*) FROM (SELECT \"public\".\"lms_courses\".\"id\" FROM \"public\".\"lms_courses\" WHERE 1=1 OFFSET $1) AS \"sub\"","service":"preplyte-api","timestamp":"2026-02-06 09:10:56"}
{"level":"debug","message":"Params: [0]","service":"preplyte-api","timestamp":"2026-02-06 09:10:56"}
{"level":"debug","message":"Duration: 12ms","service":"preplyte-api","timestamp":"2026-02-06 09:10:56"}
{"level":"debug","message":"Query: SELECT AVG(\"progressPercent\") FROM (SELECT \"public\".\"lms_enrollments\".\"progressPercent\" FROM \"public\".\"lms_enrollments\" WHERE 1=1 OFFSET $1) AS \"sub\"","service":"preplyte-api","timestamp":"2026-02-06 09:10:56"}
{"level":"debug","message":"Params: [0]","service":"preplyte-api","timestamp":"2026-02-06 09:10:56"}
{"level":"debug","message":"Duration: 12ms","service":"preplyte-api","timestamp":"2026-02-06 09:10:56"}
{"level":"debug","message":"Query: SELECT COUNT(*) FROM (SELECT \"public\".\"lms_courses\".\"id\" FROM \"public\".\"lms_courses\" WHERE \"public\".\"lms_courses\".\"status\" = CAST($1::text AS \"public\".\"LmsCourseStatus\") OFFSET $2) AS \"sub\"","service":"preplyte-api","timestamp":"2026-02-06 09:10:56"}
{"level":"debug","message":"Params: [\"PUBLISHED\",0]","service":"preplyte-api","timestamp":"2026-02-06 09:10:56"}
{"level":"debug","message":"Duration: 12ms","service":"preplyte-api","timestamp":"2026-02-06 09:10:56"}
{"level":"debug","message":"Query: SELECT \"public\".\"lms_courses\".\"id\", \"public\".\"lms_courses\".\"price\", COALESCE(\"aggr_selection_0_LmsEnrollment\".\"_aggr_count_enrollments\", 0) AS \"_aggr_count_enrollments\" FROM \"public\".\"lms_courses\" LEFT JOIN (SELECT \"public\".\"lms_enrollments\".\"courseId\", COUNT(*) AS \"_aggr_count_enrollments\" FROM \"public\".\"lms_enrollments\" WHERE 1=1 GROUP BY \"public\".\"lms_enrollments\".\"courseId\") AS \"aggr_selection_0_LmsEnrollment\" ON (\"public\".\"lms_courses\".\"id\" = \"aggr_selection_0_LmsEnrollment\".\"courseId\") WHERE \"public\".\"lms_courses\".\"price\" > $1 OFFSET $2","service":"preplyte-api","timestamp":"2026-02-06 09:10:56"}
{"level":"debug","message":"Params: [0,0]","service":"preplyte-api","timestamp":"2026-02-06 09:10:56"}
{"level":"debug","message":"Duration: 21ms","service":"preplyte-api","timestamp":"2026-02-06 09:10:56"}
{"level":"debug","message":"Query: SELECT COUNT(*) FROM (SELECT \"public\".\"lms_enrollments\".\"id\" FROM \"public\".\"lms_enrollments\" WHERE 1=1 OFFSET $1) AS \"sub\"","service":"preplyte-api","timestamp":"2026-02-06 09:10:56"}
{"level":"debug","message":"Params: [0]","service":"preplyte-api","timestamp":"2026-02-06 09:10:56"}
{"level":"debug","message":"Duration: 1ms","service":"preplyte-api","timestamp":"2026-02-06 09:10:56"}
{"level":"debug","message":"Query: SELECT COUNT(*) FROM (SELECT \"public\".\"lms_categories\".\"id\" FROM \"public\".\"lms_categories\" WHERE 1=1 OFFSET $1) AS \"sub\"","service":"preplyte-api","timestamp":"2026-02-06 09:10:56"}
{"level":"debug","message":"Params: [0]","service":"preplyte-api","timestamp":"2026-02-06 09:10:56"}
{"level":"debug","message":"Duration: 9ms","service":"preplyte-api","timestamp":"2026-02-06 09:10:56"}
{"level":"debug","message":"Query: SELECT COUNT(*) FROM (SELECT \"public\".\"lms_modules\".\"id\" FROM \"public\".\"lms_modules\" WHERE 1=1 OFFSET $1) AS \"sub\"","service":"preplyte-api","timestamp":"2026-02-06 09:10:56"}
{"level":"debug","message":"Params: [0]","service":"preplyte-api","timestamp":"2026-02-06 09:10:56"}
{"level":"debug","message":"Duration: 6ms","service":"preplyte-api","timestamp":"2026-02-06 09:10:56"}
{"level":"debug","message":"Query: SELECT COUNT(*) FROM (SELECT \"public\".\"lms_topics\".\"id\" FROM \"public\".\"lms_topics\" WHERE 1=1 OFFSET $1) AS \"sub\"","service":"preplyte-api","timestamp":"2026-02-06 09:10:56"}
{"level":"debug","message":"Params: [0]","service":"preplyte-api","timestamp":"2026-02-06 09:10:56"}
{"level":"debug","message":"Duration: 7ms","service":"preplyte-api","timestamp":"2026-02-06 09:10:56"}
{"level":"debug","message":"Query: SELECT \"public\".\"lms_enrollments\".\"id\", \"public\".\"lms_enrollments\".\"enrolledAt\" FROM \"public\".\"lms_enrollments\" WHERE \"public\".\"lms_enrollments\".\"enrolledAt\" >= $1 ORDER BY \"public\".\"lms_enrollments\".\"id\" ASC LIMIT $2 OFFSET $3","service":"preplyte-api","timestamp":"2026-02-06 09:10:56"}
{"level":"debug","message":"Params: [\"2026-01-07 03:40:56.488 UTC\",1000,0]","service":"preplyte-api","timestamp":"2026-02-06 09:10:56"}
{"level":"debug","message":"Duration: 1ms","service":"preplyte-api","timestamp":"2026-02-06 09:10:56"}
{"level":"debug","message":"Query: SELECT \"public\".\"lms_categories\".\"id\", \"public\".\"lms_categories\".\"name\", \"public\".\"lms_categories\".\"slug\", \"public\".\"lms_categories\".\"description\", \"public\".\"lms_categories\".\"iconUrl\", \"public\".\"lms_categories\".\"order\", \"public\".\"lms_categories\".\"isActive\", \"public\".\"lms_categories\".\"createdAt\", \"public\".\"lms_categories\".\"updatedAt\" FROM \"public\".\"lms_categories\" WHERE 1=1 OFFSET $1","service":"preplyte-api","timestamp":"2026-02-06 09:10:56"}
{"level":"debug","message":"Params: [0]","service":"preplyte-api","timestamp":"2026-02-06 09:10:56"}
{"level":"debug","message":"Duration: 8ms","service":"preplyte-api","timestamp":"2026-02-06 09:10:56"}
{"level":"debug","message":"Query: SELECT \"public\".\"lms_courses\".\"id\", \"public\".\"lms_courses\".\"title\", \"public\".\"lms_courses\".\"price\", COALESCE(\"aggr_selection_0_LmsEnrollment\".\"_aggr_count_enrollments\", 0) AS \"_aggr_count_enrollments\" FROM \"public\".\"lms_courses\" LEFT JOIN (SELECT \"public\".\"lms_enrollments\".\"courseId\", COUNT(*) AS \"orderby_aggregator\" FROM \"public\".\"lms_enrollments\" WHERE 1=1 GROUP BY \"public\".\"lms_enrollments\".\"courseId\") AS \"orderby_1_LmsEnrollment\" ON (\"public\".\"lms_courses\".\"id\" = \"orderby_1_LmsEnrollment\".\"courseId\") LEFT JOIN (SELECT \"public\".\"lms_enrollments\".\"courseId\", COUNT(*) AS \"_aggr_count_enrollments\" FROM \"public\".\"lms_enrollments\" WHERE 1=1 GROUP BY \"public\".\"lms_enrollments\".\"courseId\") AS \"aggr_selection_0_LmsEnrollment\" ON (\"public\".\"lms_courses\".\"id\" = \"aggr_selection_0_LmsEnrollment\".\"courseId\") WHERE 1=1 ORDER BY COALESCE(\"orderby_1_LmsEnrollment\".\"orderby_aggregator\", $1) DESC LIMIT $2 OFFSET $3","service":"preplyte-api","timestamp":"2026-02-06 09:10:56"}
{"level":"debug","message":"Params: [0,5,0]","service":"preplyte-api","timestamp":"2026-02-06 09:10:56"}
{"level":"debug","message":"Duration: 12ms","service":"preplyte-api","timestamp":"2026-02-06 09:10:56"}
{"level":"debug","message":"Query: SELECT AVG(\"public\".\"lms_enrollments\".\"progressPercent\"), \"public\".\"lms_enrollments\".\"courseId\" FROM \"public\".\"lms_enrollments\" WHERE \"public\".\"lms_enrollments\".\"courseId\" IN ($1,$2,$3) GROUP BY \"public\".\"lms_enrollments\".\"courseId\" OFFSET $4","service":"preplyte-api","timestamp":"2026-02-06 09:10:56"}
{"level":"debug","message":"Params: [\"cml94bejx00051360oftmcm9a\",\"cml92k1k4000417d09rzlrf37\",\"cml93bbti0001h2p0y0h24vng\",0]","service":"preplyte-api","timestamp":"2026-02-06 09:10:56"}
{"level":"debug","message":"Duration: 2ms","service":"preplyte-api","timestamp":"2026-02-06 09:10:56"}
{"level":"debug","message":"Query: SELECT \"public\".\"lms_courses\".\"id\", \"public\".\"lms_courses\".\"categoryId\", COALESCE(\"aggr_selection_0_LmsEnrollment\".\"_aggr_count_enrollments\", 0) AS \"_aggr_count_enrollments\" FROM \"public\".\"lms_courses\" LEFT JOIN (SELECT \"public\".\"lms_enrollments\".\"courseId\", COUNT(*) AS \"_aggr_count_enrollments\" FROM \"public\".\"lms_enrollments\" WHERE 1=1 GROUP BY \"public\".\"lms_enrollments\".\"courseId\") AS \"aggr_selection_0_LmsEnrollment\" ON (\"public\".\"lms_courses\".\"id\" = \"aggr_selection_0_LmsEnrollment\".\"courseId\") WHERE \"public\".\"lms_courses\".\"categoryId\" IN ($1,$2,$3) OFFSET $4","service":"preplyte-api","timestamp":"2026-02-06 09:10:56"}
{"level":"debug","message":"Params: [\"cml92k1i3000017d0bq70mkrl\",\"cml92k1jr000117d0cg73jwlc\",\"cml92k1jt000217d0r4tfrsnl\",0]","service":"preplyte-api","timestamp":"2026-02-06 09:10:56"}
{"level":"debug","message":"Duration: 15ms","service":"preplyte-api","timestamp":"2026-02-06 09:10:56"}
{"level":"info","message":"\u001b[0mGET /api/admin/lms/analytics/overview \u001b[36m304\u001b[0m 133.720 ms - -\u001b[0m","service":"preplyte-api","timestamp":"2026-02-06 09:10:56"}
{"baseURL":"https://judge0-ce.p.rapidapi.com","level":"info","message":"Judge0 client initialized","service":"preplyte-api","timestamp":"2026-02-06 09:12:53","useRapidAPI":true}
{"level":"info","message":"[TTS] Using Deepgram for text-to-speech","service":"preplyte-api","timestamp":"2026-02-06 09:12:53"}
{"environment":"development","host":"0.0.0.0","level":"info","message":"Starting server...","port":4000,"service":"preplyte-api","timestamp":"2026-02-06 09:12:53"}
{"level":"info","message":"Checking database connection...","service":"preplyte-api","timestamp":"2026-02-06 09:12:53"}
{"level":"debug","message":"Query: SELECT 1","service":"preplyte-api","timestamp":"2026-02-06 09:12:53"}
{"level":"debug","message":"Params: []","service":"preplyte-api","timestamp":"2026-02-06 09:12:53"}
{"level":"debug","message":"Duration: 1ms","service":"preplyte-api","timestamp":"2026-02-06 09:12:53"}
{"level":"info","message":"✅ Database connected successfully","service":"preplyte-api","timestamp":"2026-02-06 09:12:53"}
{"level":"info","message":"[WS Gateway] WebSocket server initialized","path":"/ws/interview/:sessionId","service":"preplyte-api","timestamp":"2026-02-06 09:12:53"}
{"api":"http://localhost:4000/api","environment":"development","health":"http://localhost:4000/health","host":"0.0.0.0","level":"info","message":"🚀 Server running","port":4000,"service":"preplyte-api","timestamp":"2026-02-06 09:12:53","websocket":"ws://localhost:4000/ws/interview/:sessionId"}
{"baseURL":"https://judge0-ce.p.rapidapi.com","level":"info","message":"Judge0 client initialized","service":"preplyte-api","timestamp":"2026-02-06 09:13:03","useRapidAPI":true}
{"level":"info","message":"[TTS] Using Deepgram for text-to-speech","service":"preplyte-api","timestamp":"2026-02-06 09:13:03"}
{"environment":"development","host":"0.0.0.0","level":"info","message":"Starting server...","port":4000,"service":"preplyte-api","timestamp":"2026-02-06 09:13:04"}
{"level":"info","message":"Checking database connection...","service":"preplyte-api","timestamp":"2026-02-06 09:13:04"}
{"level":"debug","message":"Query: SELECT 1","service":"preplyte-api","timestamp":"2026-02-06 09:13:04"}
{"level":"debug","message":"Params: []","service":"preplyte-api","timestamp":"2026-02-06 09:13:04"}
{"level":"debug","message":"Duration: 1ms","service":"preplyte-api","timestamp":"2026-02-06 09:13:04"}
{"level":"info","message":"✅ Database connected successfully","service":"preplyte-api","timestamp":"2026-02-06 09:13:04"}
{"level":"info","message":"[WS Gateway] WebSocket server initialized","path":"/ws/interview/:sessionId","service":"preplyte-api","timestamp":"2026-02-06 09:13:04"}
{"api":"http://localhost:4000/api","environment":"development","health":"http://localhost:4000/health","host":"0.0.0.0","level":"info","message":"🚀 Server running","port":4000,"service":"preplyte-api","timestamp":"2026-02-06 09:13:04","websocket":"ws://localhost:4000/ws/interview/:sessionId"}
{"baseURL":"https://judge0-ce.p.rapidapi.com","level":"info","message":"Judge0 client initialized","service":"preplyte-api","timestamp":"2026-02-06 09:13:14","useRapidAPI":true}
{"level":"info","message":"[TTS] Using Deepgram for text-to-speech","service":"preplyte-api","timestamp":"2026-02-06 09:13:14"}
{"environment":"development","host":"0.0.0.0","level":"info","message":"Starting server...","port":4000,"service":"preplyte-api","timestamp":"2026-02-06 09:13:14"}
{"level":"info","message":"Checking database connection...","service":"preplyte-api","timestamp":"2026-02-06 09:13:14"}
{"level":"debug","message":"Query: SELECT 1","service":"preplyte-api","timestamp":"2026-02-06 09:13:14"}
{"level":"debug","message":"Params: []","service":"preplyte-api","timestamp":"2026-02-06 09:13:14"}
{"level":"debug","message":"Duration: 0ms","service":"preplyte-api","timestamp":"2026-02-06 09:13:14"}
{"level":"info","message":"✅ Database connected successfully","service":"preplyte-api","timestamp":"2026-02-06 09:13:14"}
{"level":"info","message":"[WS Gateway] WebSocket server initialized","path":"/ws/interview/:sessionId","service":"preplyte-api","timestamp":"2026-02-06 09:13:14"}
{"api":"http://localhost:4000/api","environment":"development","health":"http://localhost:4000/health","host":"0.0.0.0","level":"info","message":"🚀 Server running","port":4000,"service":"preplyte-api","timestamp":"2026-02-06 09:13:14","websocket":"ws://localhost:4000/ws/interview/:sessionId"}
{"baseURL":"https://judge0-ce.p.rapidapi.com","level":"info","message":"Judge0 client initialized","service":"preplyte-api","timestamp":"2026-02-06 09:13:36","useRapidAPI":true}
{"level":"info","message":"[TTS] Using Deepgram for text-to-speech","service":"preplyte-api","timestamp":"2026-02-06 09:13:36"}
{"environment":"development","host":"0.0.0.0","level":"info","message":"Starting server...","port":4000,"service":"preplyte-api","timestamp":"2026-02-06 09:13:37"}
{"level":"info","message":"Checking database connection...","service":"preplyte-api","timestamp":"2026-02-06 09:13:37"}
{"level":"debug","message":"Query: SELECT 1","service":"preplyte-api","timestamp":"2026-02-06 09:13:37"}
{"level":"debug","message":"Params: []","service":"preplyte-api","timestamp":"2026-02-06 09:13:37"}
{"level":"debug","message":"Duration: 1ms","service":"preplyte-api","timestamp":"2026-02-06 09:13:37"}
{"level":"info","message":"✅ Database connected successfully","service":"preplyte-api","timestamp":"2026-02-06 09:13:37"}
{"level":"info","message":"[WS Gateway] WebSocket server initialized","path":"/ws/interview/:sessionId","service":"preplyte-api","timestamp":"2026-02-06 09:13:37"}
{"api":"http://localhost:4000/api","environment":"development","health":"http://localhost:4000/health","host":"0.0.0.0","level":"info","message":"🚀 Server running","port":4000,"service":"preplyte-api","timestamp":"2026-02-06 09:13:37","websocket":"ws://localhost:4000/ws/interview/:sessionId"}
{"baseURL":"https://judge0-ce.p.rapidapi.com","level":"info","message":"Judge0 client initialized","service":"preplyte-api","timestamp":"2026-02-06 09:13:42","useRapidAPI":true}
{"level":"info","message":"[TTS] Using Deepgram for text-to-speech","service":"preplyte-api","timestamp":"2026-02-06 09:13:42"}
{"environment":"development","host":"0.0.0.0","level":"info","message":"Starting server...","port":4000,"service":"preplyte-api","timestamp":"2026-02-06 09:13:42"}
{"level":"info","message":"Checking database connection...","service":"preplyte-api","timestamp":"2026-02-06 09:13:42"}
{"level":"debug","message":"Query: SELECT 1","service":"preplyte-api","timestamp":"2026-02-06 09:13:42"}
{"level":"debug","message":"Params: []","service":"preplyte-api","timestamp":"2026-02-06 09:13:42"}
{"level":"debug","message":"Duration: 1ms","service":"preplyte-api","timestamp":"2026-02-06 09:13:42"}
{"level":"info","message":"✅ Database connected successfully","service":"preplyte-api","timestamp":"2026-02-06 09:13:42"}
{"level":"info","message":"[WS Gateway] WebSocket server initialized","path":"/ws/interview/:sessionId","service":"preplyte-api","timestamp":"2026-02-06 09:13:42"}
{"api":"http://localhost:4000/api","environment":"development","health":"http://localhost:4000/health","host":"0.0.0.0","level":"info","message":"🚀 Server running","port":4000,"service":"preplyte-api","timestamp":"2026-02-06 09:13:42","websocket":"ws://localhost:4000/ws/interview/:sessionId"}
{"baseURL":"https://judge0-ce.p.rapidapi.com","level":"info","message":"Judge0 client initialized","service":"preplyte-api","timestamp":"2026-02-06 09:13:48","useRapidAPI":true}
{"level":"info","message":"[TTS] Using Deepgram for text-to-speech","service":"preplyte-api","timestamp":"2026-02-06 09:13:48"}
{"environment":"development","host":"0.0.0.0","level":"info","message":"Starting server...","port":4000,"service":"preplyte-api","timestamp":"2026-02-06 09:13:49"}
{"level":"info","message":"Checking database connection...","service":"preplyte-api","timestamp":"2026-02-06 09:13:49"}
{"level":"debug","message":"Query: SELECT 1","service":"preplyte-api","timestamp":"2026-02-06 09:13:49"}
{"level":"debug","message":"Params: []","service":"preplyte-api","timestamp":"2026-02-06 09:13:49"}
{"level":"debug","message":"Duration: 1ms","service":"preplyte-api","timestamp":"2026-02-06 09:13:49"}
{"level":"info","message":"✅ Database connected successfully","service":"preplyte-api","timestamp":"2026-02-06 09:13:49"}
{"level":"info","message":"[WS Gateway] WebSocket server initialized","path":"/ws/interview/:sessionId","service":"preplyte-api","timestamp":"2026-02-06 09:13:49"}
{"api":"http://localhost:4000/api","environment":"development","health":"http://localhost:4000/health","host":"0.0.0.0","level":"info","message":"🚀 Server running","port":4000,"service":"preplyte-api","timestamp":"2026-02-06 09:13:49","websocket":"ws://localhost:4000/ws/interview/:sessionId"}
{"baseURL":"https://judge0-ce.p.rapidapi.com","level":"info","message":"Judge0 client initialized","service":"preplyte-api","timestamp":"2026-02-06 09:13:57","useRapidAPI":true}
{"level":"info","message":"[TTS] Using Deepgram for text-to-speech","service":"preplyte-api","timestamp":"2026-02-06 09:13:57"}
{"environment":"development","host":"0.0.0.0","level":"info","message":"Starting server...","port":4000,"service":"preplyte-api","timestamp":"2026-02-06 09:13:57"}
{"level":"info","message":"Checking database connection...","service":"preplyte-api","timestamp":"2026-02-06 09:13:57"}
{"level":"debug","message":"Query: SELECT 1","service":"preplyte-api","timestamp":"2026-02-06 09:13:57"}
{"level":"debug","message":"Params: []","service":"preplyte-api","timestamp":"2026-02-06 09:13:57"}
{"level":"debug","message":"Duration: 0ms","service":"preplyte-api","timestamp":"2026-02-06 09:13:57"}
{"level":"info","message":"✅ Database connected successfully","service":"preplyte-api","timestamp":"2026-02-06 09:13:57"}
{"level":"info","message":"[WS Gateway] WebSocket server initialized","path":"/ws/interview/:sessionId","service":"preplyte-api","timestamp":"2026-02-06 09:13:57"}
{"api":"http://localhost:4000/api","environment":"development","health":"http://localhost:4000/health","host":"0.0.0.0","level":"info","message":"🚀 Server running","port":4000,"service":"preplyte-api","timestamp":"2026-02-06 09:13:57","websocket":"ws://localhost:4000/ws/interview/:sessionId"}
{"baseURL":"https://judge0-ce.p.rapidapi.com","level":"info","message":"Judge0 client initialized","service":"preplyte-api","timestamp":"2026-02-06 09:14:06","useRapidAPI":true}
{"level":"info","message":"[TTS] Using Deepgram for text-to-speech","service":"preplyte-api","timestamp":"2026-02-06 09:14:07"}
{"environment":"development","host":"0.0.0.0","level":"info","message":"Starting server...","port":4000,"service":"preplyte-api","timestamp":"2026-02-06 09:14:07"}
{"level":"info","message":"Checking database connection...","service":"preplyte-api","timestamp":"2026-02-06 09:14:07"}
{"level":"debug","message":"Query: SELECT 1","service":"preplyte-api","timestamp":"2026-02-06 09:14:07"}
{"level":"debug","message":"Params: []","service":"preplyte-api","timestamp":"2026-02-06 09:14:07"}
{"level":"debug","message":"Duration: 0ms","service":"preplyte-api","timestamp":"2026-02-06 09:14:07"}
{"level":"info","message":"✅ Database connected successfully","service":"preplyte-api","timestamp":"2026-02-06 09:14:07"}
{"level":"info","message":"[WS Gateway] WebSocket server initialized","path":"/ws/interview/:sessionId","service":"preplyte-api","timestamp":"2026-02-06 09:14:07"}
{"api":"http://localhost:4000/api","environment":"development","health":"http://localhost:4000/health","host":"0.0.0.0","level":"info","message":"🚀 Server running","port":4000,"service":"preplyte-api","timestamp":"2026-02-06 09:14:07","websocket":"ws://localhost:4000/ws/interview/:sessionId"}
{"baseURL":"https://judge0-ce.p.rapidapi.com","level":"info","message":"Judge0 client initialized","service":"preplyte-api","timestamp":"2026-02-06 09:15:32","useRapidAPI":true}
{"level":"info","message":"[TTS] Using Deepgram for text-to-speech","service":"preplyte-api","timestamp":"2026-02-06 09:15:32"}
{"environment":"development","host":"0.0.0.0","level":"info","message":"Starting server...","port":4000,"service":"preplyte-api","timestamp":"2026-02-06 09:15:33"}
{"level":"info","message":"Checking database connection...","service":"preplyte-api","timestamp":"2026-02-06 09:15:33"}
{"level":"debug","message":"Query: SELECT 1","service":"preplyte-api","timestamp":"2026-02-06 09:15:33"}
{"level":"debug","message":"Params: []","service":"preplyte-api","timestamp":"2026-02-06 09:15:33"}
{"level":"debug","message":"Duration: 0ms","service":"preplyte-api","timestamp":"2026-02-06 09:15:33"}
{"level":"info","message":"✅ Database connected successfully","service":"preplyte-api","timestamp":"2026-02-06 09:15:33"}
{"level":"info","message":"[WS Gateway] WebSocket server initialized","path":"/ws/interview/:sessionId","service":"preplyte-api","timestamp":"2026-02-06 09:15:33"}
{"api":"http://localhost:4000/api","environment":"development","health":"http://localhost:4000/health","host":"0.0.0.0","level":"info","message":"🚀 Server running","port":4000,"service":"preplyte-api","timestamp":"2026-02-06 09:15:33","websocket":"ws://localhost:4000/ws/interview/:sessionId"}
{"level":"debug","message":"Query: SELECT 1","service":"preplyte-api","timestamp":"2026-02-06 09:16:29"}
{"level":"debug","message":"Params: []","service":"preplyte-api","timestamp":"2026-02-06 09:16:29"}
{"level":"debug","message":"Duration: 0ms","service":"preplyte-api","timestamp":"2026-02-06 09:16:29"}
{"level":"debug","message":"Query: SELECT \"public\".\"users\".\"id\", \"public\".\"users\".\"email\", \"public\".\"users\".\"role\"::text, \"public\".\"users\".\"instituteId\", \"public\".\"users\".\"isActive\", \"public\".\"users\".\"tokenVersion\" FROM \"public\".\"users\" WHERE (\"public\".\"users\".\"id\" = $1 AND 1=1) LIMIT $2 OFFSET $3","service":"preplyte-api","timestamp":"2026-02-06 09:16:29"}
{"level":"debug","message":"Params: [\"cml92r5r50001q3oopvkslp23\",1,0]","service":"preplyte-api","timestamp":"2026-02-06 09:16:29"}
{"level":"debug","message":"Duration: 16ms","service":"preplyte-api","timestamp":"2026-02-06 09:16:29"}
{"level":"debug","message":"Query: SELECT COUNT(*) FROM (SELECT \"public\".\"lms_enrollments\".\"id\" FROM \"public\".\"lms_enrollments\" WHERE \"public\".\"lms_enrollments\".\"status\" = CAST($1::text AS \"public\".\"LmsEnrollmentStatus\") OFFSET $2) AS \"sub\"","service":"preplyte-api","timestamp":"2026-02-06 09:16:29"}
{"level":"debug","message":"Params: [\"COMPLETED\",0]","service":"preplyte-api","timestamp":"2026-02-06 09:16:29"}
{"level":"debug","message":"Duration: 16ms","service":"preplyte-api","timestamp":"2026-02-06 09:16:29"}
{"level":"debug","message":"Query: SELECT COUNT(*) FROM (SELECT \"public\".\"lms_courses\".\"id\" FROM \"public\".\"lms_courses\" WHERE \"public\".\"lms_courses\".\"status\" = CAST($1::text AS \"public\".\"LmsCourseStatus\") OFFSET $2) AS \"sub\"","service":"preplyte-api","timestamp":"2026-02-06 09:16:29"}
{"level":"debug","message":"Params: [\"PUBLISHED\",0]","service":"preplyte-api","timestamp":"2026-02-06 09:16:29"}
{"level":"debug","message":"Duration: 15ms","service":"preplyte-api","timestamp":"2026-02-06 09:16:29"}
{"level":"debug","message":"Query: SELECT AVG(\"progressPercent\") FROM (SELECT \"public\".\"lms_enrollments\".\"progressPercent\" FROM \"public\".\"lms_enrollments\" WHERE 1=1 OFFSET $1) AS \"sub\"","service":"preplyte-api","timestamp":"2026-02-06 09:16:29"}
{"level":"debug","message":"Params: [0]","service":"preplyte-api","timestamp":"2026-02-06 09:16:29"}
{"level":"debug","message":"Duration: 11ms","service":"preplyte-api","timestamp":"2026-02-06 09:16:29"}
{"level":"debug","message":"Query: SELECT COUNT(*) FROM (SELECT \"public\".\"lms_courses\".\"id\" FROM \"public\".\"lms_courses\" WHERE 1=1 OFFSET $1) AS \"sub\"","service":"preplyte-api","timestamp":"2026-02-06 09:16:29"}
{"level":"debug","message":"Params: [0]","service":"preplyte-api","timestamp":"2026-02-06 09:16:29"}
{"level":"debug","message":"Duration: 17ms","service":"preplyte-api","timestamp":"2026-02-06 09:16:29"}
{"level":"debug","message":"Query: SELECT \"public\".\"lms_courses\".\"id\", \"public\".\"lms_courses\".\"price\", \"public\".\"lms_courses\".\"discountPrice\", COALESCE(\"aggr_selection_0_LmsEnrollment\".\"_aggr_count_enrollments\", 0) AS \"_aggr_count_enrollments\" FROM \"public\".\"lms_courses\" LEFT JOIN (SELECT \"public\".\"lms_enrollments\".\"courseId\", COUNT(*) AS \"_aggr_count_enrollments\" FROM \"public\".\"lms_enrollments\" WHERE 1=1 GROUP BY \"public\".\"lms_enrollments\".\"courseId\") AS \"aggr_selection_0_LmsEnrollment\" ON (\"public\".\"lms_courses\".\"id\" = \"aggr_selection_0_LmsEnrollment\".\"courseId\") WHERE \"public\".\"lms_courses\".\"price\" > $1 OFFSET $2","service":"preplyte-api","timestamp":"2026-02-06 09:16:29"}
{"level":"debug","message":"Params: [0,0]","service":"preplyte-api","timestamp":"2026-02-06 09:16:29"}
{"level":"debug","message":"Duration: 26ms","service":"preplyte-api","timestamp":"2026-02-06 09:16:29"}
{"level":"debug","message":"Query: SELECT COUNT(*) FROM (SELECT \"public\".\"lms_enrollments\".\"id\" FROM \"public\".\"lms_enrollments\" WHERE 1=1 OFFSET $1) AS \"sub\"","service":"preplyte-api","timestamp":"2026-02-06 09:16:29"}
{"level":"debug","message":"Params: [0]","service":"preplyte-api","timestamp":"2026-02-06 09:16:29"}
{"level":"debug","message":"Duration: 1ms","service":"preplyte-api","timestamp":"2026-02-06 09:16:29"}
{"level":"debug","message":"Query: SELECT COUNT(*) FROM (SELECT \"public\".\"lms_categories\".\"id\" FROM \"public\".\"lms_categories\" WHERE 1=1 OFFSET $1) AS \"sub\"","service":"preplyte-api","timestamp":"2026-02-06 09:16:29"}
{"level":"debug","message":"Params: [0]","service":"preplyte-api","timestamp":"2026-02-06 09:16:29"}
{"level":"debug","message":"Duration: 12ms","service":"preplyte-api","timestamp":"2026-02-06 09:16:29"}
{"level":"debug","message":"Query: SELECT COUNT(*) FROM (SELECT \"public\".\"lms_modules\".\"id\" FROM \"public\".\"lms_modules\" WHERE 1=1 OFFSET $1) AS \"sub\"","service":"preplyte-api","timestamp":"2026-02-06 09:16:29"}
{"level":"debug","message":"Params: [0]","service":"preplyte-api","timestamp":"2026-02-06 09:16:29"}
{"level":"debug","message":"Duration: 9ms","service":"preplyte-api","timestamp":"2026-02-06 09:16:29"}
{"level":"debug","message":"Query: SELECT COUNT(*) FROM (SELECT \"public\".\"lms_topics\".\"id\" FROM \"public\".\"lms_topics\" WHERE 1=1 OFFSET $1) AS \"sub\"","service":"preplyte-api","timestamp":"2026-02-06 09:16:29"}
{"level":"debug","message":"Params: [0]","service":"preplyte-api","timestamp":"2026-02-06 09:16:29"}
{"level":"debug","message":"Duration: 9ms","service":"preplyte-api","timestamp":"2026-02-06 09:16:29"}
{"level":"debug","message":"Query: SELECT \"public\".\"lms_enrollments\".\"id\", \"public\".\"lms_enrollments\".\"enrolledAt\" FROM \"public\".\"lms_enrollments\" WHERE \"public\".\"lms_enrollments\".\"enrolledAt\" >= $1 ORDER BY \"public\".\"lms_enrollments\".\"id\" ASC LIMIT $2 OFFSET $3","service":"preplyte-api","timestamp":"2026-02-06 09:16:29"}
{"level":"debug","message":"Params: [\"2026-01-07 03:46:29.259 UTC\",1000,0]","service":"preplyte-api","timestamp":"2026-02-06 09:16:29"}
{"level":"debug","message":"Duration: 1ms","service":"preplyte-api","timestamp":"2026-02-06 09:16:29"}
{"level":"debug","message":"Query: SELECT \"public\".\"lms_categories\".\"id\", \"public\".\"lms_categories\".\"name\", \"public\".\"lms_categories\".\"slug\", \"public\".\"lms_categories\".\"description\", \"public\".\"lms_categories\".\"iconUrl\", \"public\".\"lms_categories\".\"order\", \"public\".\"lms_categories\".\"isActive\", \"public\".\"lms_categories\".\"createdAt\", \"public\".\"lms_categories\".\"updatedAt\" FROM \"public\".\"lms_categories\" WHERE 1=1 OFFSET $1","service":"preplyte-api","timestamp":"2026-02-06 09:16:29"}
{"level":"debug","message":"Params: [0]","service":"preplyte-api","timestamp":"2026-02-06 09:16:29"}
{"level":"debug","message":"Duration: 7ms","service":"preplyte-api","timestamp":"2026-02-06 09:16:29"}
{"level":"debug","message":"Query: SELECT \"public\".\"lms_courses\".\"id\", \"public\".\"lms_courses\".\"title\", \"public\".\"lms_courses\".\"price\", \"public\".\"lms_courses\".\"discountPrice\", COALESCE(\"aggr_selection_0_LmsEnrollment\".\"_aggr_count_enrollments\", 0) AS \"_aggr_count_enrollments\" FROM \"public\".\"lms_courses\" LEFT JOIN (SELECT \"public\".\"lms_enrollments\".\"courseId\", COUNT(*) AS \"orderby_aggregator\" FROM \"public\".\"lms_enrollments\" WHERE 1=1 GROUP BY \"public\".\"lms_enrollments\".\"courseId\") AS \"orderby_1_LmsEnrollment\" ON (\"public\".\"lms_courses\".\"id\" = \"orderby_1_LmsEnrollment\".\"courseId\") LEFT JOIN (SELECT \"public\".\"lms_enrollments\".\"courseId\", COUNT(*) AS \"_aggr_count_enrollments\" FROM \"public\".\"lms_enrollments\" WHERE 1=1 GROUP BY \"public\".\"lms_enrollments\".\"courseId\") AS \"aggr_selection_0_LmsEnrollment\" ON (\"public\".\"lms_courses\".\"id\" = \"aggr_selection_0_LmsEnrollment\".\"courseId\") WHERE 1=1 ORDER BY COALESCE(\"orderby_1_LmsEnrollment\".\"orderby_aggregator\", $1) DESC LIMIT $2 OFFSET $3","service":"preplyte-api","timestamp":"2026-02-06 09:16:29"}
{"level":"debug","message":"Params: [0,5,0]","service":"preplyte-api","timestamp":"2026-02-06 09:16:29"}
{"level":"debug","message":"Duration: 12ms","service":"preplyte-api","timestamp":"2026-02-06 09:16:29"}
{"level":"debug","message":"Query: SELECT \"public\".\"lms_courses\".\"id\", \"public\".\"lms_courses\".\"categoryId\", COALESCE(\"aggr_selection_0_LmsEnrollment\".\"_aggr_count_enrollments\", 0) AS \"_aggr_count_enrollments\" FROM \"public\".\"lms_courses\" LEFT JOIN (SELECT \"public\".\"lms_enrollments\".\"courseId\", COUNT(*) AS \"_aggr_count_enrollments\" FROM \"public\".\"lms_enrollments\" WHERE 1=1 GROUP BY \"public\".\"lms_enrollments\".\"courseId\") AS \"aggr_selection_0_LmsEnrollment\" ON (\"public\".\"lms_courses\".\"id\" = \"aggr_selection_0_LmsEnrollment\".\"courseId\") WHERE \"public\".\"lms_courses\".\"categoryId\" IN ($1,$2,$3) OFFSET $4","service":"preplyte-api","timestamp":"2026-02-06 09:16:29"}
{"level":"debug","message":"Params: [\"cml92k1i3000017d0bq70mkrl\",\"cml92k1jr000117d0cg73jwlc\",\"cml92k1jt000217d0r4tfrsnl\",0]","service":"preplyte-api","timestamp":"2026-02-06 09:16:29"}
{"level":"debug","message":"Duration: 11ms","service":"preplyte-api","timestamp":"2026-02-06 09:16:29"}
{"level":"debug","message":"Query: SELECT AVG(\"public\".\"lms_enrollments\".\"progressPercent\"), \"public\".\"lms_enrollments\".\"courseId\" FROM \"public\".\"lms_enrollments\" WHERE \"public\".\"lms_enrollments\".\"courseId\" IN ($1,$2,$3) GROUP BY \"public\".\"lms_enrollments\".\"courseId\" OFFSET $4","service":"preplyte-api","timestamp":"2026-02-06 09:16:29"}
{"level":"debug","message":"Params: [\"cml94bejx00051360oftmcm9a\",\"cml92k1k4000417d09rzlrf37\",\"cml93bbti0001h2p0y0h24vng\",0]","service":"preplyte-api","timestamp":"2026-02-06 09:16:29"}
{"level":"debug","message":"Duration: 2ms","service":"preplyte-api","timestamp":"2026-02-06 09:16:29"}
{"level":"info","message":"\u001b[0mGET /api/admin/lms/analytics/overview \u001b[32m200\u001b[0m 321.580 ms - 993\u001b[0m","service":"preplyte-api","timestamp":"2026-02-06 09:16:29"}
{"level":"debug","message":"Query: SELECT \"public\".\"users\".\"id\", \"public\".\"users\".\"email\", \"public\".\"users\".\"password\", \"public\".\"users\".\"name\", \"public\".\"users\".\"role\"::text, \"public\".\"users\".\"isActive\", \"public\".\"users\".\"instituteId\", \"public\".\"users\".\"createdAt\", \"public\".\"users\".\"updatedAt\", \"public\".\"users\".\"lastLoginAt\", \"public\".\"users\".\"tokenVersion\" FROM \"public\".\"users\" WHERE (\"public\".\"users\".\"email\" = $1 AND 1=1) LIMIT $2 OFFSET $3","service":"preplyte-api","timestamp":"2026-02-06 09:16:43"}
{"level":"debug","message":"Params: [\"vu1f2223082@pvppcoe.ac.in\",1,0]","service":"preplyte-api","timestamp":"2026-02-06 09:16:43"}
{"level":"debug","message":"Duration: 6ms","service":"preplyte-api","timestamp":"2026-02-06 09:16:43"}
{"code":"UNAUTHORIZED","ip":"127.0.0.1","level":"warn","message":"Operational error Invalid email or password","method":"POST","path":"/api/auth/login","requestId":"0ae00797-6e16-4b6c-a98a-4e49f35a9421","service":"preplyte-api","timestamp":"2026-02-06 09:16:43","userAgent":"Mozilla/5.0 (Windows NT 10.0; Win64; x64) AppleWebKit/537.36 (KHTML, like Gecko) Chrome/144.0.0.0 Safari/537.36 Edg/144.0.0.0"}
{"level":"info","message":"\u001b[0mPOST /api/auth/login \u001b[33m401\u001b[0m 62.555 ms - 138\u001b[0m","service":"preplyte-api","timestamp":"2026-02-06 09:16:43"}
{"level":"debug","message":"Query: SELECT 1","service":"preplyte-api","timestamp":"2026-02-06 09:16:50"}
{"level":"debug","message":"Params: []","service":"preplyte-api","timestamp":"2026-02-06 09:16:50"}
{"level":"debug","message":"Duration: 0ms","service":"preplyte-api","timestamp":"2026-02-06 09:16:50"}
{"level":"debug","message":"Query: SELECT \"public\".\"users\".\"id\", \"public\".\"users\".\"email\", \"public\".\"users\".\"password\", \"public\".\"users\".\"name\", \"public\".\"users\".\"role\"::text, \"public\".\"users\".\"isActive\", \"public\".\"users\".\"instituteId\", \"public\".\"users\".\"createdAt\", \"public\".\"users\".\"updatedAt\", \"public\".\"users\".\"lastLoginAt\", \"public\".\"users\".\"tokenVersion\" FROM \"public\".\"users\" WHERE (\"public\".\"users\".\"email\" = $1 AND 1=1) LIMIT $2 OFFSET $3","service":"preplyte-api","timestamp":"2026-02-06 09:16:50"}
{"level":"debug","message":"Params: [\"vu1f2223082@pvppcoe.ac.in\",1,0]","service":"preplyte-api","timestamp":"2026-02-06 09:16:50"}
{"level":"debug","message":"Duration: 0ms","service":"preplyte-api","timestamp":"2026-02-06 09:16:50"}
{"code":"UNAUTHORIZED","ip":"127.0.0.1","level":"warn","message":"Operational error Invalid email or password","method":"POST","path":"/api/auth/login","requestId":"6d009b1d-8507-4876-99d6-a4e193debc8f","service":"preplyte-api","timestamp":"2026-02-06 09:16:50","userAgent":"Mozilla/5.0 (Windows NT 10.0; Win64; x64) AppleWebKit/537.36 (KHTML, like Gecko) Chrome/144.0.0.0 Safari/537.36 Edg/144.0.0.0"}
{"level":"info","message":"\u001b[0mPOST /api/auth/login \u001b[33m401\u001b[0m 15.273 ms - 138\u001b[0m","service":"preplyte-api","timestamp":"2026-02-06 09:16:50"}
{"level":"debug","message":"Query: SELECT \"public\".\"users\".\"id\", \"public\".\"users\".\"email\", \"public\".\"users\".\"password\", \"public\".\"users\".\"name\", \"public\".\"users\".\"role\"::text, \"public\".\"users\".\"isActive\", \"public\".\"users\".\"instituteId\", \"public\".\"users\".\"createdAt\", \"public\".\"users\".\"updatedAt\", \"public\".\"users\".\"lastLoginAt\", \"public\".\"users\".\"tokenVersion\" FROM \"public\".\"users\" WHERE (\"public\".\"users\".\"email\" = $1 AND 1=1) LIMIT $2 OFFSET $3","service":"preplyte-api","timestamp":"2026-02-06 09:17:03"}
{"level":"debug","message":"Params: [\"vicharekartik2004@gmail.com\",1,0]","service":"preplyte-api","timestamp":"2026-02-06 09:17:03"}
{"level":"debug","message":"Duration: 0ms","service":"preplyte-api","timestamp":"2026-02-06 09:17:03"}
{"level":"debug","message":"Query: SELECT 1","service":"preplyte-api","timestamp":"2026-02-06 09:17:04"}
{"level":"debug","message":"Params: []","service":"preplyte-api","timestamp":"2026-02-06 09:17:04"}
{"level":"debug","message":"Duration: 0ms","service":"preplyte-api","timestamp":"2026-02-06 09:17:04"}
{"level":"debug","message":"Query: INSERT INTO \"public\".\"refresh_tokens\" (\"id\",\"token\",\"userId\",\"expiresAt\",\"createdAt\") VALUES ($1,$2,$3,$4,$5) RETURNING \"public\".\"refresh_tokens\".\"id\", \"public\".\"refresh_tokens\".\"token\", \"public\".\"refresh_tokens\".\"userId\", \"public\".\"refresh_tokens\".\"expiresAt\", \"public\".\"refresh_tokens\".\"revokedAt\", \"public\".\"refresh_tokens\".\"userAgent\", \"public\".\"refresh_tokens\".\"ipAddress\", \"public\".\"refresh_tokens\".\"createdAt\"","service":"preplyte-api","timestamp":"2026-02-06 09:17:04"}
{"level":"debug","message":"Params: [\"cmlacggik0001118rxzjosfws\",\"551ee6d40c98d45385761e4b195af875b287392c44188eab613df9f850829a8a\",\"cml92ugqs0007q3oof2k0hw35\",\"2026-02-13 03:47:04.218 UTC\",\"2026-02-06 03:47:04.220 UTC\"]","service":"preplyte-api","timestamp":"2026-02-06 09:17:04"}
{"level":"debug","message":"Duration: 8ms","service":"preplyte-api","timestamp":"2026-02-06 09:17:04"}
{"level":"debug","message":"Query: UPDATE \"public\".\"users\" SET \"lastLoginAt\" = $1, \"updatedAt\" = $2 WHERE (\"public\".\"users\".\"id\" = $3 AND 1=1) RETURNING \"public\".\"users\".\"id\", \"public\".\"users\".\"email\", \"public\".\"users\".\"password\", \"public\".\"users\".\"name\", \"public\".\"users\".\"role\"::text, \"public\".\"users\".\"isActive\", \"public\".\"users\".\"instituteId\", \"public\".\"users\".\"createdAt\", \"public\".\"users\".\"updatedAt\", \"public\".\"users\".\"lastLoginAt\", \"public\".\"users\".\"tokenVersion\"","service":"preplyte-api","timestamp":"2026-02-06 09:17:04"}
{"level":"debug","message":"Params: [\"2026-02-06 03:47:04.219 UTC\",\"2026-02-06 03:47:04.220 UTC\",\"cml92ugqs0007q3oof2k0hw35\"]","service":"preplyte-api","timestamp":"2026-02-06 09:17:04"}
{"level":"debug","message":"Duration: 10ms","service":"preplyte-api","timestamp":"2026-02-06 09:17:04"}
{"level":"info","message":"User logged in","service":"preplyte-api","timestamp":"2026-02-06 09:17:04","userId":"cml92ugqs0007q3oof2k0hw35"}
{"level":"info","message":"\u001b[0mPOST /api/auth/login \u001b[32m200\u001b[0m 831.721 ms - 920\u001b[0m","service":"preplyte-api","timestamp":"2026-02-06 09:17:04"}
{"level":"debug","message":"Query: SELECT 1","service":"preplyte-api","timestamp":"2026-02-06 09:17:23"}
{"level":"debug","message":"Params: []","service":"preplyte-api","timestamp":"2026-02-06 09:17:23"}
{"level":"debug","message":"Duration: 0ms","service":"preplyte-api","timestamp":"2026-02-06 09:17:23"}
{"level":"debug","message":"Query: SELECT \"public\".\"users\".\"id\", \"public\".\"users\".\"email\", \"public\".\"users\".\"role\"::text, \"public\".\"users\".\"instituteId\", \"public\".\"users\".\"isActive\", \"public\".\"users\".\"tokenVersion\" FROM \"public\".\"users\" WHERE (\"public\".\"users\".\"id\" = $1 AND 1=1) LIMIT $2 OFFSET $3","service":"preplyte-api","timestamp":"2026-02-06 09:17:23"}
{"level":"debug","message":"Params: [\"cml92ugqs0007q3oof2k0hw35\",1,0]","service":"preplyte-api","timestamp":"2026-02-06 09:17:23"}
{"level":"debug","message":"Duration: 1ms","service":"preplyte-api","timestamp":"2026-02-06 09:17:23"}
{"level":"debug","message":"Query: SELECT \"public\".\"lms_enrollments\".\"id\", \"public\".\"lms_enrollments\".\"courseId\", \"public\".\"lms_enrollments\".\"progressPercent\" FROM \"public\".\"lms_enrollments\" WHERE \"public\".\"lms_enrollments\".\"userId\" = $1 OFFSET $2","service":"preplyte-api","timestamp":"2026-02-06 09:17:23"}
{"level":"debug","message":"Params: [\"cml92ugqs0007q3oof2k0hw35\",0]","service":"preplyte-api","timestamp":"2026-02-06 09:17:23"}
{"level":"debug","message":"Duration: 2ms","service":"preplyte-api","timestamp":"2026-02-06 09:17:23"}
{"level":"debug","message":"Query: SELECT 1","service":"preplyte-api","timestamp":"2026-02-06 09:17:23"}
{"level":"debug","message":"Params: []","service":"preplyte-api","timestamp":"2026-02-06 09:17:23"}
{"level":"debug","message":"Duration: 0ms","service":"preplyte-api","timestamp":"2026-02-06 09:17:23"}
{"level":"debug","message":"Query: SELECT COUNT(*) FROM (SELECT \"public\".\"lms_courses\".\"id\" FROM \"public\".\"lms_courses\" WHERE (\"public\".\"lms_courses\".\"status\" = CAST($1::text AS \"public\".\"LmsCourseStatus\") AND \"public\".\"lms_courses\".\"isActive\" = $2) OFFSET $3) AS \"sub\"","service":"preplyte-api","timestamp":"2026-02-06 09:17:23"}
{"level":"debug","message":"Params: [\"PUBLISHED\",true,0]","service":"preplyte-api","timestamp":"2026-02-06 09:17:23"}
{"level":"debug","message":"Duration: 3ms","service":"preplyte-api","timestamp":"2026-02-06 09:17:23"}
{"level":"debug","message":"Query: SELECT \"public\".\"lms_courses\".\"id\", \"public\".\"lms_courses\".\"categoryId\", \"public\".\"lms_courses\".\"title\", \"public\".\"lms_courses\".\"slug\", \"public\".\"lms_courses\".\"shortDescription\", \"public\".\"lms_courses\".\"description\", \"public\".\"lms_courses\".\"thumbnailUrl\", \"public\".\"lms_courses\".\"previewVideoUrl\", \"public\".\"lms_courses\".\"totalModules\", \"public\".\"lms_courses\".\"totalTopics\", \"public\".\"lms_courses\".\"totalPoints\", \"public\".\"lms_courses\".\"totalHours\", \"public\".\"lms_courses\".\"price\", \"public\".\"lms_courses\".\"discountPrice\", \"public\".\"lms_courses\".\"currency\", \"public\".\"lms_courses\".\"status\"::text, \"public\".\"lms_courses\".\"isActive\", \"public\".\"lms_courses\".\"certificateEnabled\", \"public\".\"lms_courses\".\"passingPercentage\", \"public\".\"lms_courses\".\"tags\", \"public\".\"lms_courses\".\"difficulty\"::text, \"public\".\"lms_courses\".\"instructor\", \"public\".\"lms_courses\".\"language\", \"public\".\"lms_courses\".\"createdAt\", \"public\".\"lms_courses\".\"updatedAt\", \"public\".\"lms_courses\".\"publishedAt\" FROM \"public\".\"lms_courses\" LEFT JOIN (SELECT \"public\".\"lms_enrollments\".\"courseId\", COUNT(*) AS \"orderby_aggregator\" FROM \"public\".\"lms_enrollments\" WHERE 1=1 GROUP BY \"public\".\"lms_enrollments\".\"courseId\") AS \"orderby_1_LmsEnrollment\" ON (\"public\".\"lms_courses\".\"id\" = \"orderby_1_LmsEnrollment\".\"courseId\") WHERE (\"public\".\"lms_courses\".\"status\" = CAST($1::text AS \"public\".\"LmsCourseStatus\") AND \"public\".\"lms_courses\".\"isActive\" = $2) ORDER BY COALESCE(\"orderby_1_LmsEnrollment\".\"orderby_aggregator\", $3) DESC LIMIT $4 OFFSET $5","service":"preplyte-api","timestamp":"2026-02-06 09:17:23"}
{"level":"debug","message":"Params: [\"PUBLISHED\",true,0,12,0]","service":"preplyte-api","timestamp":"2026-02-06 09:17:23"}
{"level":"debug","message":"Duration: 5ms","service":"preplyte-api","timestamp":"2026-02-06 09:17:23"}
{"level":"debug","message":"Query: SELECT \"public\".\"lms_categories\".\"id\", \"public\".\"lms_categories\".\"name\", \"public\".\"lms_categories\".\"slug\" FROM \"public\".\"lms_categories\" WHERE \"public\".\"lms_categories\".\"id\" IN ($1) OFFSET $2","service":"preplyte-api","timestamp":"2026-02-06 09:17:23"}
{"level":"debug","message":"Params: [\"cml92k1i3000017d0bq70mkrl\",0]","service":"preplyte-api","timestamp":"2026-02-06 09:17:23"}
{"level":"debug","message":"Duration: 2ms","service":"preplyte-api","timestamp":"2026-02-06 09:17:23"}
{"level":"info","message":"\u001b[0mGET /api/lms/courses?page=1&limit=12&priceRange=all&sortBy=popular&search= \u001b[32m200\u001b[0m 40.326 ms - -\u001b[0m","service":"preplyte-api","timestamp":"2026-02-06 09:17:23"}
{"level":"debug","message":"Query: SELECT \"public\".\"lms_categories\".\"id\", \"public\".\"lms_categories\".\"name\", \"public\".\"lms_categories\".\"slug\", \"public\".\"lms_categories\".\"description\", \"public\".\"lms_categories\".\"iconUrl\", \"public\".\"lms_categories\".\"order\", \"public\".\"lms_categories\".\"isActive\", \"public\".\"lms_categories\".\"createdAt\", \"public\".\"lms_categories\".\"updatedAt\", COALESCE(\"aggr_selection_0_LmsCourse\".\"_aggr_count_courses\", 0) AS \"_aggr_count_courses\" FROM \"public\".\"lms_categories\" LEFT JOIN (SELECT \"public\".\"lms_courses\".\"categoryId\", COUNT(*) AS \"_aggr_count_courses\" FROM \"public\".\"lms_courses\" WHERE (\"public\".\"lms_courses\".\"status\" = CAST($1::text AS \"public\".\"LmsCourseStatus\") AND \"public\".\"lms_courses\".\"isActive\" = $2) GROUP BY \"public\".\"lms_courses\".\"categoryId\") AS \"aggr_selection_0_LmsCourse\" ON (\"public\".\"lms_categories\".\"id\" = \"aggr_selection_0_LmsCourse\".\"categoryId\") WHERE \"public\".\"lms_categories\".\"isActive\" = $3 ORDER BY \"public\".\"lms_categories\".\"order\" ASC OFFSET $4","service":"preplyte-api","timestamp":"2026-02-06 09:17:23"}
{"level":"debug","message":"Params: [\"PUBLISHED\",true,true,0]","service":"preplyte-api","timestamp":"2026-02-06 09:17:23"}
{"level":"debug","message":"Duration: 3ms","service":"preplyte-api","timestamp":"2026-02-06 09:17:23"}
{"level":"info","message":"\u001b[0mGET /api/lms/categories \u001b[36m304\u001b[0m 10.151 ms - -\u001b[0m","service":"preplyte-api","timestamp":"2026-02-06 09:17:23"}
{"level":"debug","message":"Query: SELECT 1","service":"preplyte-api","timestamp":"2026-02-06 09:17:23"}
{"level":"debug","message":"Params: []","service":"preplyte-api","timestamp":"2026-02-06 09:17:23"}
{"level":"debug","message":"Duration: 0ms","service":"preplyte-api","timestamp":"2026-02-06 09:17:23"}
{"level":"debug","message":"Query: SELECT 1","service":"preplyte-api","timestamp":"2026-02-06 09:17:23"}
{"level":"debug","message":"Params: []","service":"preplyte-api","timestamp":"2026-02-06 09:17:23"}
{"level":"debug","message":"Duration: 0ms","service":"preplyte-api","timestamp":"2026-02-06 09:17:23"}
{"level":"debug","message":"Query: SELECT \"public\".\"lms_courses\".\"id\", \"public\".\"lms_courses\".\"instructor\" FROM \"public\".\"lms_courses\" WHERE (\"public\".\"lms_courses\".\"status\" = CAST($1::text AS \"public\".\"LmsCourseStatus\") AND \"public\".\"lms_courses\".\"isActive\" = $2) OFFSET $3","service":"preplyte-api","timestamp":"2026-02-06 09:17:23"}
{"level":"debug","message":"Params: [\"PUBLISHED\",true,0]","service":"preplyte-api","timestamp":"2026-02-06 09:17:23"}
{"level":"debug","message":"Duration: 1ms","service":"preplyte-api","timestamp":"2026-02-06 09:17:23"}
{"level":"debug","message":"Query: SELECT COUNT(*) FROM (SELECT \"public\".\"lms_courses\".\"id\" FROM \"public\".\"lms_courses\" WHERE (\"public\".\"lms_courses\".\"status\" = CAST($1::text AS \"public\".\"LmsCourseStatus\") AND \"public\".\"lms_courses\".\"isActive\" = $2) OFFSET $3) AS \"sub\"","service":"preplyte-api","timestamp":"2026-02-06 09:17:23"}
{"level":"debug","message":"Params: [\"PUBLISHED\",true,0]","service":"preplyte-api","timestamp":"2026-02-06 09:17:23"}
{"level":"debug","message":"Duration: 1ms","service":"preplyte-api","timestamp":"2026-02-06 09:17:23"}
{"level":"debug","message":"Query: SELECT COUNT(*), \"public\".\"lms_enrollments\".\"userId\" FROM \"public\".\"lms_enrollments\" WHERE 1=1 GROUP BY \"public\".\"lms_enrollments\".\"userId\" OFFSET $1","service":"preplyte-api","timestamp":"2026-02-06 09:17:23"}
{"level":"debug","message":"Params: [0]","service":"preplyte-api","timestamp":"2026-02-06 09:17:23"}
{"level":"debug","message":"Duration: 1ms","service":"preplyte-api","timestamp":"2026-02-06 09:17:23"}
{"level":"debug","message":"Query: SELECT AVG(\"progressPercent\") FROM (SELECT \"public\".\"lms_enrollments\".\"progressPercent\" FROM \"public\".\"lms_enrollments\" WHERE \"public\".\"lms_enrollments\".\"status\" = CAST($1::text AS \"public\".\"LmsEnrollmentStatus\") OFFSET $2) AS \"sub\"","service":"preplyte-api","timestamp":"2026-02-06 09:17:23"}
{"level":"debug","message":"Params: [\"COMPLETED\",0]","service":"preplyte-api","timestamp":"2026-02-06 09:17:23"}
{"level":"debug","message":"Duration: 10ms","service":"preplyte-api","timestamp":"2026-02-06 09:17:23"}
{"level":"info","message":"\u001b[0mGET /api/lms/stats \u001b[36m304\u001b[0m 19.488 ms - -\u001b[0m","service":"preplyte-api","timestamp":"2026-02-06 09:17:23"}
{"level":"debug","message":"Query: SELECT 1","service":"preplyte-api","timestamp":"2026-02-06 09:17:45"}
{"level":"debug","message":"Params: []","service":"preplyte-api","timestamp":"2026-02-06 09:17:45"}
{"level":"debug","message":"Duration: 0ms","service":"preplyte-api","timestamp":"2026-02-06 09:17:45"}
{"level":"debug","message":"Query: SELECT 1","service":"preplyte-api","timestamp":"2026-02-06 09:17:45"}
{"level":"debug","message":"Params: []","service":"preplyte-api","timestamp":"2026-02-06 09:17:45"}
{"level":"debug","message":"Duration: 0ms","service":"preplyte-api","timestamp":"2026-02-06 09:17:45"}
{"level":"debug","message":"Query: SELECT 1","service":"preplyte-api","timestamp":"2026-02-06 09:17:45"}
{"level":"debug","message":"Params: []","service":"preplyte-api","timestamp":"2026-02-06 09:17:45"}
{"level":"debug","message":"Duration: 0ms","service":"preplyte-api","timestamp":"2026-02-06 09:17:45"}
{"level":"debug","message":"Query: SELECT 1","service":"preplyte-api","timestamp":"2026-02-06 09:17:45"}
{"level":"debug","message":"Params: []","service":"preplyte-api","timestamp":"2026-02-06 09:17:45"}
{"level":"debug","message":"Duration: 0ms","service":"preplyte-api","timestamp":"2026-02-06 09:17:45"}
{"level":"debug","message":"Query: SELECT 1","service":"preplyte-api","timestamp":"2026-02-06 09:17:45"}
{"level":"debug","message":"Params: []","service":"preplyte-api","timestamp":"2026-02-06 09:17:45"}
{"level":"debug","message":"Duration: 0ms","service":"preplyte-api","timestamp":"2026-02-06 09:17:45"}
{"level":"debug","message":"Query: SELECT COUNT(*), \"public\".\"lms_enrollments\".\"userId\" FROM \"public\".\"lms_enrollments\" WHERE 1=1 GROUP BY \"public\".\"lms_enrollments\".\"userId\" OFFSET $1","service":"preplyte-api","timestamp":"2026-02-06 09:17:45"}
{"level":"debug","message":"Params: [0]","service":"preplyte-api","timestamp":"2026-02-06 09:17:45"}
{"level":"debug","message":"Duration: 1ms","service":"preplyte-api","timestamp":"2026-02-06 09:17:45"}
{"level":"debug","message":"Query: SELECT AVG(\"progressPercent\") FROM (SELECT \"public\".\"lms_enrollments\".\"progressPercent\" FROM \"public\".\"lms_enrollments\" WHERE \"public\".\"lms_enrollments\".\"status\" = CAST($1::text AS \"public\".\"LmsEnrollmentStatus\") OFFSET $2) AS \"sub\"","service":"preplyte-api","timestamp":"2026-02-06 09:17:45"}
{"level":"debug","message":"Params: [\"COMPLETED\",0]","service":"preplyte-api","timestamp":"2026-02-06 09:17:45"}
{"level":"debug","message":"Duration: 1ms","service":"preplyte-api","timestamp":"2026-02-06 09:17:45"}
{"level":"debug","message":"Query: SELECT \"public\".\"lms_courses\".\"id\", \"public\".\"lms_courses\".\"instructor\" FROM \"public\".\"lms_courses\" WHERE (\"public\".\"lms_courses\".\"status\" = CAST($1::text AS \"public\".\"LmsCourseStatus\") AND \"public\".\"lms_courses\".\"isActive\" = $2) OFFSET $3","service":"preplyte-api","timestamp":"2026-02-06 09:17:45"}
{"level":"debug","message":"Params: [\"PUBLISHED\",true,0]","service":"preplyte-api","timestamp":"2026-02-06 09:17:45"}
{"level":"debug","message":"Duration: 2ms","service":"preplyte-api","timestamp":"2026-02-06 09:17:45"}
{"level":"debug","message":"Query: SELECT COUNT(*) FROM (SELECT \"public\".\"lms_courses\".\"id\" FROM \"public\".\"lms_courses\" WHERE (\"public\".\"lms_courses\".\"status\" = CAST($1::text AS \"public\".\"LmsCourseStatus\") AND \"public\".\"lms_courses\".\"isActive\" = $2) OFFSET $3) AS \"sub\"","service":"preplyte-api","timestamp":"2026-02-06 09:17:45"}
{"level":"debug","message":"Params: [\"PUBLISHED\",true,0]","service":"preplyte-api","timestamp":"2026-02-06 09:17:45"}
{"level":"debug","message":"Duration: 3ms","service":"preplyte-api","timestamp":"2026-02-06 09:17:45"}
{"level":"debug","message":"Query: SELECT \"public\".\"lms_categories\".\"id\", \"public\".\"lms_categories\".\"name\", \"public\".\"lms_categories\".\"slug\", \"public\".\"lms_categories\".\"description\", \"public\".\"lms_categories\".\"iconUrl\", \"public\".\"lms_categories\".\"order\", \"public\".\"lms_categories\".\"isActive\", \"public\".\"lms_categories\".\"createdAt\", \"public\".\"lms_categories\".\"updatedAt\", COALESCE(\"aggr_selection_0_LmsCourse\".\"_aggr_count_courses\", 0) AS \"_aggr_count_courses\" FROM \"public\".\"lms_categories\" LEFT JOIN (SELECT \"public\".\"lms_courses\".\"categoryId\", COUNT(*) AS \"_aggr_count_courses\" FROM \"public\".\"lms_courses\" WHERE (\"public\".\"lms_courses\".\"status\" = CAST($1::text AS \"public\".\"LmsCourseStatus\") AND \"public\".\"lms_courses\".\"isActive\" = $2) GROUP BY \"public\".\"lms_courses\".\"categoryId\") AS \"aggr_selection_0_LmsCourse\" ON (\"public\".\"lms_categories\".\"id\" = \"aggr_selection_0_LmsCourse\".\"categoryId\") WHERE \"public\".\"lms_categories\".\"isActive\" = $3 ORDER BY \"public\".\"lms_categories\".\"order\" ASC OFFSET $4","service":"preplyte-api","timestamp":"2026-02-06 09:17:45"}
{"level":"debug","message":"Params: [\"PUBLISHED\",true,true,0]","service":"preplyte-api","timestamp":"2026-02-06 09:17:45"}
{"level":"debug","message":"Duration: 8ms","service":"preplyte-api","timestamp":"2026-02-06 09:17:45"}
{"level":"info","message":"\u001b[0mGET /api/lms/stats \u001b[36m304\u001b[0m 26.856 ms - -\u001b[0m","service":"preplyte-api","timestamp":"2026-02-06 09:17:45"}
{"level":"info","message":"\u001b[0mGET /api/lms/categories \u001b[36m304\u001b[0m 31.211 ms - -\u001b[0m","service":"preplyte-api","timestamp":"2026-02-06 09:17:45"}
{"level":"debug","message":"Query: SELECT \"public\".\"users\".\"id\", \"public\".\"users\".\"email\", \"public\".\"users\".\"role\"::text, \"public\".\"users\".\"instituteId\", \"public\".\"users\".\"isActive\", \"public\".\"users\".\"tokenVersion\" FROM \"public\".\"users\" WHERE (\"public\".\"users\".\"id\" = $1 AND 1=1) LIMIT $2 OFFSET $3","service":"preplyte-api","timestamp":"2026-02-06 09:17:45"}
{"level":"debug","message":"Params: [\"cml92ugqs0007q3oof2k0hw35\",1,0]","service":"preplyte-api","timestamp":"2026-02-06 09:17:45"}
{"level":"debug","message":"Duration: 6ms","service":"preplyte-api","timestamp":"2026-02-06 09:17:45"}
{"level":"debug","message":"Query: SELECT \"public\".\"users\".\"id\", \"public\".\"users\".\"email\", \"public\".\"users\".\"role\"::text, \"public\".\"users\".\"instituteId\", \"public\".\"users\".\"isActive\", \"public\".\"users\".\"tokenVersion\" FROM \"public\".\"users\" WHERE (\"public\".\"users\".\"id\" = $1 AND 1=1) LIMIT $2 OFFSET $3","service":"preplyte-api","timestamp":"2026-02-06 09:17:45"}
{"level":"debug","message":"Params: [\"cml92ugqs0007q3oof2k0hw35\",1,0]","service":"preplyte-api","timestamp":"2026-02-06 09:17:45"}
{"level":"debug","message":"Duration: 6ms","service":"preplyte-api","timestamp":"2026-02-06 09:17:45"}
{"level":"debug","message":"Query: SELECT \"public\".\"lms_enrollments\".\"id\", \"public\".\"lms_enrollments\".\"courseId\", \"public\".\"lms_enrollments\".\"progressPercent\" FROM \"public\".\"lms_enrollments\" WHERE \"public\".\"lms_enrollments\".\"userId\" = $1 OFFSET $2","service":"preplyte-api","timestamp":"2026-02-06 09:17:45"}
{"level":"debug","message":"Params: [\"cml92ugqs0007q3oof2k0hw35\",0]","service":"preplyte-api","timestamp":"2026-02-06 09:17:45"}
{"level":"debug","message":"Duration: 0ms","service":"preplyte-api","timestamp":"2026-02-06 09:17:45"}
{"level":"debug","message":"Query: SELECT \"public\".\"lms_enrollments\".\"id\", \"public\".\"lms_enrollments\".\"courseId\", \"public\".\"lms_enrollments\".\"progressPercent\" FROM \"public\".\"lms_enrollments\" WHERE \"public\".\"lms_enrollments\".\"userId\" = $1 OFFSET $2","service":"preplyte-api","timestamp":"2026-02-06 09:17:45"}
{"level":"debug","message":"Params: [\"cml92ugqs0007q3oof2k0hw35\",0]","service":"preplyte-api","timestamp":"2026-02-06 09:17:45"}
{"level":"debug","message":"Duration: 0ms","service":"preplyte-api","timestamp":"2026-02-06 09:17:45"}
{"level":"debug","message":"Query: SELECT COUNT(*) FROM (SELECT \"public\".\"lms_courses\".\"id\" FROM \"public\".\"lms_courses\" WHERE (\"public\".\"lms_courses\".\"status\" = CAST($1::text AS \"public\".\"LmsCourseStatus\") AND \"public\".\"lms_courses\".\"isActive\" = $2) OFFSET $3) AS \"sub\"","service":"preplyte-api","timestamp":"2026-02-06 09:17:45"}
{"level":"debug","message":"Params: [\"PUBLISHED\",true,0]","service":"preplyte-api","timestamp":"2026-02-06 09:17:45"}
{"level":"debug","message":"Duration: 0ms","service":"preplyte-api","timestamp":"2026-02-06 09:17:45"}
{"level":"debug","message":"Query: SELECT COUNT(*) FROM (SELECT \"public\".\"lms_courses\".\"id\" FROM \"public\".\"lms_courses\" WHERE (\"public\".\"lms_courses\".\"status\" = CAST($1::text AS \"public\".\"LmsCourseStatus\") AND \"public\".\"lms_courses\".\"isActive\" = $2) OFFSET $3) AS \"sub\"","service":"preplyte-api","timestamp":"2026-02-06 09:17:45"}
{"level":"debug","message":"Params: [\"PUBLISHED\",true,0]","service":"preplyte-api","timestamp":"2026-02-06 09:17:45"}
{"level":"debug","message":"Duration: 1ms","service":"preplyte-api","timestamp":"2026-02-06 09:17:45"}
{"level":"debug","message":"Query: SELECT \"public\".\"lms_courses\".\"id\", \"public\".\"lms_courses\".\"categoryId\", \"public\".\"lms_courses\".\"title\", \"public\".\"lms_courses\".\"slug\", \"public\".\"lms_courses\".\"shortDescription\", \"public\".\"lms_courses\".\"description\", \"public\".\"lms_courses\".\"thumbnailUrl\", \"public\".\"lms_courses\".\"previewVideoUrl\", \"public\".\"lms_courses\".\"totalModules\", \"public\".\"lms_courses\".\"totalTopics\", \"public\".\"lms_courses\".\"totalPoints\", \"public\".\"lms_courses\".\"totalHours\", \"public\".\"lms_courses\".\"price\", \"public\".\"lms_courses\".\"discountPrice\", \"public\".\"lms_courses\".\"currency\", \"public\".\"lms_courses\".\"status\"::text, \"public\".\"lms_courses\".\"isActive\", \"public\".\"lms_courses\".\"certificateEnabled\", \"public\".\"lms_courses\".\"passingPercentage\", \"public\".\"lms_courses\".\"tags\", \"public\".\"lms_courses\".\"difficulty\"::text, \"public\".\"lms_courses\".\"instructor\", \"public\".\"lms_courses\".\"language\", \"public\".\"lms_courses\".\"createdAt\", \"public\".\"lms_courses\".\"updatedAt\", \"public\".\"lms_courses\".\"publishedAt\" FROM \"public\".\"lms_courses\" LEFT JOIN (SELECT \"public\".\"lms_enrollments\".\"courseId\", COUNT(*) AS \"orderby_aggregator\" FROM \"public\".\"lms_enrollments\" WHERE 1=1 GROUP BY \"public\".\"lms_enrollments\".\"courseId\") AS \"orderby_1_LmsEnrollment\" ON (\"public\".\"lms_courses\".\"id\" = \"orderby_1_LmsEnrollment\".\"courseId\") WHERE (\"public\".\"lms_courses\".\"status\" = CAST($1::text AS \"public\".\"LmsCourseStatus\") AND \"public\".\"lms_courses\".\"isActive\" = $2) ORDER BY COALESCE(\"orderby_1_LmsEnrollment\".\"orderby_aggregator\", $3) DESC LIMIT $4 OFFSET $5","service":"preplyte-api","timestamp":"2026-02-06 09:17:45"}
{"level":"debug","message":"Params: [\"PUBLISHED\",true,0,12,0]","service":"preplyte-api","timestamp":"2026-02-06 09:17:45"}
{"level":"debug","message":"Duration: 3ms","service":"preplyte-api","timestamp":"2026-02-06 09:17:45"}
{"level":"debug","message":"Query: SELECT \"public\".\"lms_categories\".\"id\", \"public\".\"lms_categories\".\"name\", \"public\".\"lms_categories\".\"slug\" FROM \"public\".\"lms_categories\" WHERE \"public\".\"lms_categories\".\"id\" IN ($1) OFFSET $2","service":"preplyte-api","timestamp":"2026-02-06 09:17:45"}
{"level":"debug","message":"Params: [\"cml92k1i3000017d0bq70mkrl\",0]","service":"preplyte-api","timestamp":"2026-02-06 09:17:45"}
{"level":"debug","message":"Duration: 1ms","service":"preplyte-api","timestamp":"2026-02-06 09:17:45"}
{"level":"debug","message":"Query: SELECT \"public\".\"lms_courses\".\"id\", \"public\".\"lms_courses\".\"categoryId\", \"public\".\"lms_courses\".\"title\", \"public\".\"lms_courses\".\"slug\", \"public\".\"lms_courses\".\"shortDescription\", \"public\".\"lms_courses\".\"description\", \"public\".\"lms_courses\".\"thumbnailUrl\", \"public\".\"lms_courses\".\"previewVideoUrl\", \"public\".\"lms_courses\".\"totalModules\", \"public\".\"lms_courses\".\"totalTopics\", \"public\".\"lms_courses\".\"totalPoints\", \"public\".\"lms_courses\".\"totalHours\", \"public\".\"lms_courses\".\"price\", \"public\".\"lms_courses\".\"discountPrice\", \"public\".\"lms_courses\".\"currency\", \"public\".\"lms_courses\".\"status\"::text, \"public\".\"lms_courses\".\"isActive\", \"public\".\"lms_courses\".\"certificateEnabled\", \"public\".\"lms_courses\".\"passingPercentage\", \"public\".\"lms_courses\".\"tags\", \"public\".\"lms_courses\".\"difficulty\"::text, \"public\".\"lms_courses\".\"instructor\", \"public\".\"lms_courses\".\"language\", \"public\".\"lms_courses\".\"createdAt\", \"public\".\"lms_courses\".\"updatedAt\", \"public\".\"lms_courses\".\"publishedAt\" FROM \"public\".\"lms_courses\" LEFT JOIN (SELECT \"public\".\"lms_enrollments\".\"courseId\", COUNT(*) AS \"orderby_aggregator\" FROM \"public\".\"lms_enrollments\" WHERE 1=1 GROUP BY \"public\".\"lms_enrollments\".\"courseId\") AS \"orderby_1_LmsEnrollment\" ON (\"public\".\"lms_courses\".\"id\" = \"orderby_1_LmsEnrollment\".\"courseId\") WHERE (\"public\".\"lms_courses\".\"status\" = CAST($1::text AS \"public\".\"LmsCourseStatus\") AND \"public\".\"lms_courses\".\"isActive\" = $2) ORDER BY COALESCE(\"orderby_1_LmsEnrollment\".\"orderby_aggregator\", $3) DESC LIMIT $4 OFFSET $5","service":"preplyte-api","timestamp":"2026-02-06 09:17:45"}
{"level":"debug","message":"Params: [\"PUBLISHED\",true,0,12,0]","service":"preplyte-api","timestamp":"2026-02-06 09:17:45"}
{"level":"debug","message":"Duration: 10ms","service":"preplyte-api","timestamp":"2026-02-06 09:17:45"}
{"level":"info","message":"\u001b[0mGET /api/lms/courses?page=1&limit=12&priceRange=all&sortBy=popular&search= \u001b[36m304\u001b[0m 36.941 ms - -\u001b[0m","service":"preplyte-api","timestamp":"2026-02-06 09:17:45"}
{"level":"debug","message":"Query: SELECT \"public\".\"lms_categories\".\"id\", \"public\".\"lms_categories\".\"name\", \"public\".\"lms_categories\".\"slug\" FROM \"public\".\"lms_categories\" WHERE \"public\".\"lms_categories\".\"id\" IN ($1) OFFSET $2","service":"preplyte-api","timestamp":"2026-02-06 09:17:45"}
{"level":"debug","message":"Params: [\"cml92k1i3000017d0bq70mkrl\",0]","service":"preplyte-api","timestamp":"2026-02-06 09:17:45"}
{"level":"debug","message":"Duration: 5ms","service":"preplyte-api","timestamp":"2026-02-06 09:17:45"}
{"level":"info","message":"\u001b[0mGET /api/lms/courses?page=1&limit=12&priceRange=all&sortBy=popular \u001b[32m200\u001b[0m 40.541 ms - -\u001b[0m","service":"preplyte-api","timestamp":"2026-02-06 09:17:45"}
{"level":"debug","message":"Query: SELECT \"public\".\"users\".\"id\", \"public\".\"users\".\"email\", \"public\".\"users\".\"role\"::text, \"public\".\"users\".\"instituteId\", \"public\".\"users\".\"isActive\", \"public\".\"users\".\"tokenVersion\" FROM \"public\".\"users\" WHERE (\"public\".\"users\".\"id\" = $1 AND 1=1) LIMIT $2 OFFSET $3","service":"preplyte-api","timestamp":"2026-02-06 09:17:58"}
{"level":"debug","message":"Params: [\"cml92ugqs0007q3oof2k0hw35\",1,0]","service":"preplyte-api","timestamp":"2026-02-06 09:17:58"}
{"level":"debug","message":"Duration: 1ms","service":"preplyte-api","timestamp":"2026-02-06 09:17:58"}
{"level":"debug","message":"Query: SELECT \"public\".\"lms_courses\".\"id\", \"public\".\"lms_courses\".\"categoryId\", \"public\".\"lms_courses\".\"title\", \"public\".\"lms_courses\".\"slug\", \"public\".\"lms_courses\".\"shortDescription\", \"public\".\"lms_courses\".\"description\", \"public\".\"lms_courses\".\"thumbnailUrl\", \"public\".\"lms_courses\".\"previewVideoUrl\", \"public\".\"lms_courses\".\"totalModules\", \"public\".\"lms_courses\".\"totalTopics\", \"public\".\"lms_courses\".\"totalPoints\", \"public\".\"lms_courses\".\"totalHours\", \"public\".\"lms_courses\".\"price\", \"public\".\"lms_courses\".\"discountPrice\", \"public\".\"lms_courses\".\"currency\", \"public\".\"lms_courses\".\"status\"::text, \"public\".\"lms_courses\".\"isActive\", \"public\".\"lms_courses\".\"certificateEnabled\", \"public\".\"lms_courses\".\"passingPercentage\", \"public\".\"lms_courses\".\"tags\", \"public\".\"lms_courses\".\"difficulty\"::text, \"public\".\"lms_courses\".\"instructor\", \"public\".\"lms_courses\".\"language\", \"public\".\"lms_courses\".\"createdAt\", \"public\".\"lms_courses\".\"updatedAt\", \"public\".\"lms_courses\".\"publishedAt\" FROM \"public\".\"lms_courses\" WHERE (\"public\".\"lms_courses\".\"slug\" = $1 AND 1=1) LIMIT $2 OFFSET $3","service":"preplyte-api","timestamp":"2026-02-06 09:17:58"}
{"level":"debug","message":"Params: [\"complete-web-development-bootcamp\",1,0]","service":"preplyte-api","timestamp":"2026-02-06 09:17:58"}
{"level":"debug","message":"Duration: 2ms","service":"preplyte-api","timestamp":"2026-02-06 09:17:58"}
{"level":"debug","message":"Query: SELECT \"public\".\"lms_categories\".\"id\", \"public\".\"lms_categories\".\"name\", \"public\".\"lms_categories\".\"slug\", \"public\".\"lms_categories\".\"description\", \"public\".\"lms_categories\".\"iconUrl\", \"public\".\"lms_categories\".\"order\", \"public\".\"lms_categories\".\"isActive\", \"public\".\"lms_categories\".\"createdAt\", \"public\".\"lms_categories\".\"updatedAt\" FROM \"public\".\"lms_categories\" WHERE \"public\".\"lms_categories\".\"id\" IN ($1) OFFSET $2","service":"preplyte-api","timestamp":"2026-02-06 09:17:58"}
{"level":"debug","message":"Params: [\"cml92k1i3000017d0bq70mkrl\",0]","service":"preplyte-api","timestamp":"2026-02-06 09:17:58"}
{"level":"debug","message":"Duration: 1ms","service":"preplyte-api","timestamp":"2026-02-06 09:17:58"}
{"level":"debug","message":"Query: SELECT \"public\".\"lms_modules\".\"id\", \"public\".\"lms_modules\".\"courseId\", \"public\".\"lms_modules\".\"title\", \"public\".\"lms_modules\".\"shortDescription\", \"public\".\"lms_modules\".\"description\", \"public\".\"lms_modules\".\"order\", \"public\".\"lms_modules\".\"totalTopics\", \"public\".\"lms_modules\".\"points\", \"public\".\"lms_modules\".\"estimatedMinutes\", \"public\".\"lms_modules\".\"isActive\", \"public\".\"lms_modules\".\"createdAt\", \"public\".\"lms_modules\".\"updatedAt\" FROM \"public\".\"lms_modules\" WHERE (\"public\".\"lms_modules\".\"isActive\" = $1 AND \"public\".\"lms_modules\".\"courseId\" IN ($2)) ORDER BY \"public\".\"lms_modules\".\"order\" ASC OFFSET $3","service":"preplyte-api","timestamp":"2026-02-06 09:17:58"}
{"level":"debug","message":"Params: [true,\"cml92k1k4000417d09rzlrf37\",0]","service":"preplyte-api","timestamp":"2026-02-06 09:17:58"}
{"level":"debug","message":"Duration: 18ms","service":"preplyte-api","timestamp":"2026-02-06 09:17:58"}
{"level":"debug","message":"Query: SELECT \"public\".\"lms_topics\".\"id\", \"public\".\"lms_topics\".\"title\", \"public\".\"lms_topics\".\"order\", \"public\".\"lms_topics\".\"estimatedMinutes\", \"public\".\"lms_topics\".\"videoUrl\", \"public\".\"lms_topics\".\"moduleId\" FROM \"public\".\"lms_topics\" WHERE (\"public\".\"lms_topics\".\"isActive\" = $1 AND \"public\".\"lms_topics\".\"moduleId\" IN ($2,$3,$4,$5,$6)) ORDER BY \"public\".\"lms_topics\".\"order\" ASC OFFSET $7","service":"preplyte-api","timestamp":"2026-02-06 09:17:58"}
{"level":"debug","message":"Params: [true,\"cml92k1ke000617d0l56w3n45\",\"cml92k1kj000817d0x6y6z5f7\",\"cml92k1kl000a17d0yp4e89wr\",\"cml92k1kn000c17d0ocn7frmc\",\"cml92k1kp000e17d03txb42ra\",0]","service":"preplyte-api","timestamp":"2026-02-06 09:17:58"}
{"level":"debug","message":"Duration: 7ms","service":"preplyte-api","timestamp":"2026-02-06 09:17:58"}
{"level":"debug","message":"Query: SELECT \"public\".\"lms_module_tests\".\"id\", \"public\".\"lms_module_tests\".\"title\", \"public\".\"lms_module_tests\".\"instructions\", \"public\".\"lms_module_tests\".\"totalQuestions\", \"public\".\"lms_module_tests\".\"timeLimitMinutes\", \"public\".\"lms_module_tests\".\"passingScore\", \"public\".\"lms_module_tests\".\"maxAttempts\", \"public\".\"lms_module_tests\".\"pointsPerQuestion\", \"public\".\"lms_module_tests\".\"totalPoints\", \"public\".\"lms_module_tests\".\"isActive\", \"public\".\"lms_module_tests\".\"moduleId\" FROM \"public\".\"lms_module_tests\" WHERE \"public\".\"lms_module_tests\".\"moduleId\" IN ($1,$2,$3,$4,$5) OFFSET $6","service":"preplyte-api","timestamp":"2026-02-06 09:17:58"}
{"level":"debug","message":"Params: [\"cml92k1ke000617d0l56w3n45\",\"cml92k1kj000817d0x6y6z5f7\",\"cml92k1kl000a17d0yp4e89wr\",\"cml92k1kn000c17d0ocn7frmc\",\"cml92k1kp000e17d03txb42ra\",0]","service":"preplyte-api","timestamp":"2026-02-06 09:17:58"}
{"level":"debug","message":"Duration: 7ms","service":"preplyte-api","timestamp":"2026-02-06 09:17:58"}
{"level":"debug","message":"Query: SELECT \"public\".\"lms_final_tests\".\"id\", \"public\".\"lms_final_tests\".\"courseId\", \"public\".\"lms_final_tests\".\"title\", \"public\".\"lms_final_tests\".\"instructions\", \"public\".\"lms_final_tests\".\"totalQuestions\", \"public\".\"lms_final_tests\".\"passingScore\", \"public\".\"lms_final_tests\".\"timeLimitMinutes\", \"public\".\"lms_final_tests\".\"pointsPerQuestion\", \"public\".\"lms_final_tests\".\"totalPoints\", \"public\".\"lms_final_tests\".\"maxAttempts\", \"public\".\"lms_final_tests\".\"isActive\", \"public\".\"lms_final_tests\".\"createdAt\", \"public\".\"lms_final_tests\".\"updatedAt\" FROM \"public\".\"lms_final_tests\" WHERE \"public\".\"lms_final_tests\".\"courseId\" IN ($1) OFFSET $2","service":"preplyte-api","timestamp":"2026-02-06 09:17:58"}
{"level":"debug","message":"Params: [\"cml92k1k4000417d09rzlrf37\",0]","service":"preplyte-api","timestamp":"2026-02-06 09:17:58"}
{"level":"debug","message":"Duration: 5ms","service":"preplyte-api","timestamp":"2026-02-06 09:17:58"}
{"level":"debug","message":"Query: SELECT \"public\".\"lms_enrollments\".\"id\", \"public\".\"lms_enrollments\".\"userId\", \"public\".\"lms_enrollments\".\"courseId\", \"public\".\"lms_enrollments\".\"status\"::text, \"public\".\"lms_enrollments\".\"completedModules\", \"public\".\"lms_enrollments\".\"completedTopics\", \"public\".\"lms_enrollments\".\"progressPercent\", \"public\".\"lms_enrollments\".\"totalPointsEarned\", \"public\".\"lms_enrollments\".\"moduleTestPointsEarned\", \"public\".\"lms_enrollments\".\"finalTestPointsEarned\", \"public\".\"lms_enrollments\".\"finalTestAttempted\", \"public\".\"lms_enrollments\".\"finalTestPassed\", \"public\".\"lms_enrollments\".\"finalTestScore\", \"public\".\"lms_enrollments\".\"finalTestMarks\", \"public\".\"lms_enrollments\".\"enrolledAt\", \"public\".\"lms_enrollments\".\"startedAt\", \"public\".\"lms_enrollments\".\"completedAt\", \"public\".\"lms_enrollments\".\"lastAccessedAt\", \"public\".\"lms_enrollments\".\"certificateUrl\", \"public\".\"lms_enrollments\".\"certificateIssuedAt\", \"public\".\"lms_enrollments\".\"createdAt\", \"public\".\"lms_enrollments\".\"updatedAt\" FROM \"public\".\"lms_enrollments\" WHERE ((\"public\".\"lms_enrollments\".\"userId\" = $1 AND \"public\".\"lms_enrollments\".\"courseId\" = $2) AND 1=1) LIMIT $3 OFFSET $4","service":"preplyte-api","timestamp":"2026-02-06 09:17:58"}
{"level":"debug","message":"Params: [\"cml92ugqs0007q3oof2k0hw35\",\"cml92k1k4000417d09rzlrf37\",1,0]","service":"preplyte-api","timestamp":"2026-02-06 09:17:58"}
{"level":"debug","message":"Duration: 1ms","service":"preplyte-api","timestamp":"2026-02-06 09:17:58"}
{"level":"info","message":"\u001b[0mGET /api/lms/courses/complete-web-development-bootcamp \u001b[36m304\u001b[0m 67.754 ms - -\u001b[0m","service":"preplyte-api","timestamp":"2026-02-06 09:17:58"}
{"level":"debug","message":"Query: SELECT 1","service":"preplyte-api","timestamp":"2026-02-06 09:18:02"}
{"level":"debug","message":"Params: []","service":"preplyte-api","timestamp":"2026-02-06 09:18:02"}
{"level":"debug","message":"Duration: 0ms","service":"preplyte-api","timestamp":"2026-02-06 09:18:02"}
{"level":"debug","message":"Query: SELECT \"public\".\"users\".\"id\", \"public\".\"users\".\"email\", \"public\".\"users\".\"role\"::text, \"public\".\"users\".\"instituteId\", \"public\".\"users\".\"isActive\", \"public\".\"users\".\"tokenVersion\" FROM \"public\".\"users\" WHERE (\"public\".\"users\".\"id\" = $1 AND 1=1) LIMIT $2 OFFSET $3","service":"preplyte-api","timestamp":"2026-02-06 09:18:02"}
{"level":"debug","message":"Params: [\"cml92ugqs0007q3oof2k0hw35\",1,0]","service":"preplyte-api","timestamp":"2026-02-06 09:18:02"}
{"level":"debug","message":"Duration: 0ms","service":"preplyte-api","timestamp":"2026-02-06 09:18:02"}
{"level":"debug","message":"Query: SELECT \"public\".\"lms_courses\".\"id\", \"public\".\"lms_courses\".\"categoryId\", \"public\".\"lms_courses\".\"title\", \"public\".\"lms_courses\".\"slug\", \"public\".\"lms_courses\".\"shortDescription\", \"public\".\"lms_courses\".\"description\", \"public\".\"lms_courses\".\"thumbnailUrl\", \"public\".\"lms_courses\".\"previewVideoUrl\", \"public\".\"lms_courses\".\"totalModules\", \"public\".\"lms_courses\".\"totalTopics\", \"public\".\"lms_courses\".\"totalPoints\", \"public\".\"lms_courses\".\"totalHours\", \"public\".\"lms_courses\".\"price\", \"public\".\"lms_courses\".\"discountPrice\", \"public\".\"lms_courses\".\"currency\", \"public\".\"lms_courses\".\"status\"::text, \"public\".\"lms_courses\".\"isActive\", \"public\".\"lms_courses\".\"certificateEnabled\", \"public\".\"lms_courses\".\"passingPercentage\", \"public\".\"lms_courses\".\"tags\", \"public\".\"lms_courses\".\"difficulty\"::text, \"public\".\"lms_courses\".\"instructor\", \"public\".\"lms_courses\".\"language\", \"public\".\"lms_courses\".\"createdAt\", \"public\".\"lms_courses\".\"updatedAt\", \"public\".\"lms_courses\".\"publishedAt\" FROM \"public\".\"lms_courses\" WHERE (\"public\".\"lms_courses\".\"slug\" = $1 AND 1=1) LIMIT $2 OFFSET $3","service":"preplyte-api","timestamp":"2026-02-06 09:18:02"}
{"level":"debug","message":"Params: [\"complete-web-development-bootcamp\",1,0]","service":"preplyte-api","timestamp":"2026-02-06 09:18:02"}
{"level":"debug","message":"Duration: 1ms","service":"preplyte-api","timestamp":"2026-02-06 09:18:02"}
{"level":"debug","message":"Query: SELECT \"public\".\"lms_modules\".\"id\", \"public\".\"lms_modules\".\"courseId\", \"public\".\"lms_modules\".\"title\", \"public\".\"lms_modules\".\"shortDescription\", \"public\".\"lms_modules\".\"description\", \"public\".\"lms_modules\".\"order\", \"public\".\"lms_modules\".\"totalTopics\", \"public\".\"lms_modules\".\"points\", \"public\".\"lms_modules\".\"estimatedMinutes\", \"public\".\"lms_modules\".\"isActive\", \"public\".\"lms_modules\".\"createdAt\", \"public\".\"lms_modules\".\"updatedAt\" FROM \"public\".\"lms_modules\" WHERE (\"public\".\"lms_modules\".\"isActive\" = $1 AND \"public\".\"lms_modules\".\"courseId\" IN ($2)) ORDER BY \"public\".\"lms_modules\".\"order\" ASC OFFSET $3","service":"preplyte-api","timestamp":"2026-02-06 09:18:02"}
{"level":"debug","message":"Params: [true,\"cml92k1k4000417d09rzlrf37\",0]","service":"preplyte-api","timestamp":"2026-02-06 09:18:02"}
{"level":"debug","message":"Duration: 0ms","service":"preplyte-api","timestamp":"2026-02-06 09:18:02"}
{"level":"debug","message":"Query: SELECT \"public\".\"lms_topics\".\"id\", \"public\".\"lms_topics\".\"moduleId\", \"public\".\"lms_topics\".\"title\", \"public\".\"lms_topics\".\"description\", \"public\".\"lms_topics\".\"order\", \"public\".\"lms_topics\".\"theoryContent\", \"public\".\"lms_topics\".\"videoUrl\", \"public\".\"lms_topics\".\"videoDuration\", \"public\".\"lms_topics\".\"estimatedMinutes\", \"public\".\"lms_topics\".\"resources\", \"public\".\"lms_topics\".\"isActive\", \"public\".\"lms_topics\".\"createdAt\", \"public\".\"lms_topics\".\"updatedAt\" FROM \"public\".\"lms_topics\" WHERE (\"public\".\"lms_topics\".\"isActive\" = $1 AND \"public\".\"lms_topics\".\"moduleId\" IN ($2,$3,$4,$5,$6)) ORDER BY \"public\".\"lms_topics\".\"order\" ASC OFFSET $7","service":"preplyte-api","timestamp":"2026-02-06 09:18:02"}
{"level":"debug","message":"Params: [true,\"cml92k1ke000617d0l56w3n45\",\"cml92k1kj000817d0x6y6z5f7\",\"cml92k1kl000a17d0yp4e89wr\",\"cml92k1kn000c17d0ocn7frmc\",\"cml92k1kp000e17d03txb42ra\",0]","service":"preplyte-api","timestamp":"2026-02-06 09:18:02"}
{"level":"debug","message":"Duration: 3ms","service":"preplyte-api","timestamp":"2026-02-06 09:18:02"}
{"level":"debug","message":"Query: SELECT \"public\".\"lms_enrollments\".\"id\", \"public\".\"lms_enrollments\".\"userId\", \"public\".\"lms_enrollments\".\"courseId\", \"public\".\"lms_enrollments\".\"status\"::text, \"public\".\"lms_enrollments\".\"completedModules\", \"public\".\"lms_enrollments\".\"completedTopics\", \"public\".\"lms_enrollments\".\"progressPercent\", \"public\".\"lms_enrollments\".\"totalPointsEarned\", \"public\".\"lms_enrollments\".\"moduleTestPointsEarned\", \"public\".\"lms_enrollments\".\"finalTestPointsEarned\", \"public\".\"lms_enrollments\".\"finalTestAttempted\", \"public\".\"lms_enrollments\".\"finalTestPassed\", \"public\".\"lms_enrollments\".\"finalTestScore\", \"public\".\"lms_enrollments\".\"finalTestMarks\", \"public\".\"lms_enrollments\".\"enrolledAt\", \"public\".\"lms_enrollments\".\"startedAt\", \"public\".\"lms_enrollments\".\"completedAt\", \"public\".\"lms_enrollments\".\"lastAccessedAt\", \"public\".\"lms_enrollments\".\"certificateUrl\", \"public\".\"lms_enrollments\".\"certificateIssuedAt\", \"public\".\"lms_enrollments\".\"createdAt\", \"public\".\"lms_enrollments\".\"updatedAt\" FROM \"public\".\"lms_enrollments\" WHERE ((\"public\".\"lms_enrollments\".\"userId\" = $1 AND \"public\".\"lms_enrollments\".\"courseId\" = $2) AND 1=1) LIMIT $3 OFFSET $4","service":"preplyte-api","timestamp":"2026-02-06 09:18:02"}
{"level":"debug","message":"Params: [\"cml92ugqs0007q3oof2k0hw35\",\"cml92k1k4000417d09rzlrf37\",1,0]","service":"preplyte-api","timestamp":"2026-02-06 09:18:02"}
{"level":"debug","message":"Duration: 1ms","service":"preplyte-api","timestamp":"2026-02-06 09:18:02"}
{"level":"debug","message":"Query: BEGIN","service":"preplyte-api","timestamp":"2026-02-06 09:18:02"}
{"level":"debug","message":"Params: []","service":"preplyte-api","timestamp":"2026-02-06 09:18:02"}
{"level":"debug","message":"Duration: 0ms","service":"preplyte-api","timestamp":"2026-02-06 09:18:02"}
{"level":"debug","message":"Query: INSERT INTO \"public\".\"lms_enrollments\" (\"id\",\"userId\",\"courseId\",\"status\",\"completedModules\",\"completedTopics\",\"progressPercent\",\"totalPointsEarned\",\"moduleTestPointsEarned\",\"finalTestPointsEarned\",\"finalTestAttempted\",\"finalTestPassed\",\"enrolledAt\",\"createdAt\",\"updatedAt\") VALUES ($1,$2,$3,CAST($4::text AS \"public\".\"LmsEnrollmentStatus\"),$5,$6,$7,$8,$9,$10,$11,$12,$13,$14,$15) RETURNING \"public\".\"lms_enrollments\".\"id\", \"public\".\"lms_enrollments\".\"userId\", \"public\".\"lms_enrollments\".\"courseId\", \"public\".\"lms_enrollments\".\"status\"::text, \"public\".\"lms_enrollments\".\"completedModules\", \"public\".\"lms_enrollments\".\"completedTopics\", \"public\".\"lms_enrollments\".\"progressPercent\", \"public\".\"lms_enrollments\".\"totalPointsEarned\", \"public\".\"lms_enrollments\".\"moduleTestPointsEarned\", \"public\".\"lms_enrollments\".\"finalTestPointsEarned\", \"public\".\"lms_enrollments\".\"finalTestAttempted\", \"public\".\"lms_enrollments\".\"finalTestPassed\", \"public\".\"lms_enrollments\".\"finalTestScore\", \"public\".\"lms_enrollments\".\"finalTestMarks\", \"public\".\"lms_enrollments\".\"enrolledAt\", \"public\".\"lms_enrollments\".\"startedAt\", \"public\".\"lms_enrollments\".\"completedAt\", \"public\".\"lms_enrollments\".\"lastAccessedAt\", \"public\".\"lms_enrollments\".\"certificateUrl\", \"public\".\"lms_enrollments\".\"certificateIssuedAt\", \"public\".\"lms_enrollments\".\"createdAt\", \"public\".\"lms_enrollments\".\"updatedAt\"","service":"preplyte-api","timestamp":"2026-02-06 09:18:02"}
{"level":"debug","message":"Params: [\"cmlachpc30004118ri8zrzcv6\",\"cml92ugqs0007q3oof2k0hw35\",\"cml92k1k4000417d09rzlrf37\",\"ACTIVE\",0,0,0,0,0,0,false,false,\"2026-02-06 03:48:02.304 UTC\",\"2026-02-06 03:48:02.306 UTC\",\"2026-02-06 03:48:02.306 UTC\"]","service":"preplyte-api","timestamp":"2026-02-06 09:18:02"}
{"level":"debug","message":"Duration: 3ms","service":"preplyte-api","timestamp":"2026-02-06 09:18:02"}
{"level":"debug","message":"Query: INSERT INTO \"public\".\"lms_module_progress\" (\"pointsEarned\",\"testPassed\",\"testAttempts\",\"status\",\"progressPercent\",\"createdAt\",\"completedTopics\",\"userId\",\"updatedAt\",\"testAttempted\",\"moduleId\",\"id\",\"totalTopics\",\"timeSpentMinutes\") VALUES ($1,$2,$3,CAST($4::text AS \"public\".\"LmsModuleStatus\"),$5,$6,$7,$8,$9,$10,$11,$12,$13,$14), ($15,$16,$17,CAST($18::text AS \"public\".\"LmsModuleStatus\"),$19,$20,$21,$22,$23,$24,$25,$26,$27,$28), ($29,$30,$31,CAST($32::text AS \"public\".\"LmsModuleStatus\"),$33,$34,$35,$36,$37,$38,$39,$40,$41,$42), ($43,$44,$45,CAST($46::text AS \"public\".\"LmsModuleStatus\"),$47,$48,$49,$50,$51,$52,$53,$54,$55,$56), ($57,$58,$59,CAST($60::text AS \"public\".\"LmsModuleStatus\"),$61,$62,$63,$64,$65,$66,$67,$68,$69,$70)","service":"preplyte-api","timestamp":"2026-02-06 09:18:02"}
{"level":"debug","message":"Params: [0,false,0,\"AVAILABLE\",0,\"2026-02-06 03:48:02.316 UTC\",0,\"cml92ugqs0007q3oof2k0hw35\",\"2026-02-06 03:48:02.316 UTC\",false,\"cml92k1ke000617d0l56w3n45\",\"cmlachpcb0005118r5kyo7zfp\",5,0,0,false,0,\"LOCKED\",0,\"2026-02-06 03:48:02.316 UTC\",0,\"cml92ugqs0007q3oof2k0hw35\",\"2026-02-06 03:48:02.316 UTC\",false,\"cml92k1kj000817d0x6y6z5f7\",\"cmlachpcb0006118rmmsw15xe\",0,0,0,false,0,\"LOCKED\",0,\"2026-02-06 03:48:02.316 UTC\",0,\"cml92ugqs0007q3oof2k0hw35\",\"2026-02-06 03:48:02.316 UTC\",false,\"cml92k1kl000a17d0yp4e89wr\",\"cmlachpcb0007118r1zvo5it6\",0,0,0,false,0,\"LOCKED\",0,\"2026-02-06 03:48:02.316 UTC\",0,\"cml92ugqs0007q3oof2k0hw35\",\"2026-02-06 03:48:02.316 UTC\",false,\"cml92k1kn000c17d0ocn7frmc\",\"cmlachpcc0008118rvygr0e6s\",0,0,0,false,0,\"LOCKED\",0,\"2026-02-06 03:48:02.316 UTC\",0,\"cml92ugqs0007q3oof2k0hw35\",\"2026-02-06 03:48:02.316 UTC\",false,\"cml92k1kp000e17d03txb42ra\",\"cmlachpcc0009118rmscmlvhl\",0,0]","service":"preplyte-api","timestamp":"2026-02-06 09:18:02"}
{"level":"debug","message":"Duration: 7ms","service":"preplyte-api","timestamp":"2026-02-06 09:18:02"}
{"level":"debug","message":"Query: INSERT INTO \"public\".\"lms_topic_progress\" (\"videoWatched\",\"status\",\"id\",\"theoryCompleted\",\"createdAt\",\"updatedAt\",\"videoProgress\",\"timeSpentMinutes\",\"topicId\",\"userId\") VALUES ($1,CAST($2::text AS \"public\".\"LmsTopicStatus\"),$3,$4,$5,$6,$7,$8,$9,$10), ($11,CAST($12::text AS \"public\".\"LmsTopicStatus\"),$13,$14,$15,$16,$17,$18,$19,$20), ($21,CAST($22::text AS \"public\".\"LmsTopicStatus\"),$23,$24,$25,$26,$27,$28,$29,$30), ($31,CAST($32::text AS \"public\".\"LmsTopicStatus\"),$33,$34,$35,$36,$37,$38,$39,$40), ($41,CAST($42::text AS \"public\".\"LmsTopicStatus\"),$43,$44,$45,$46,$47,$48,$49,$50)","service":"preplyte-api","timestamp":"2026-02-06 09:18:02"}
{"level":"debug","message":"Params: [false,\"NOT_STARTED\",\"cmlachpcp000a118r8kw5uyba\",false,\"2026-02-06 03:48:02.330 UTC\",\"2026-02-06 03:48:02.330 UTC\",0,0,\"cml92k1kr000g17d0vh5otsfa\",\"cml92ugqs0007q3oof2k0hw35\",false,\"NOT_STARTED\",\"cmlachpcp000b118rkl0u26qr\",false,\"2026-02-06 03:48:02.330 UTC\",\"2026-02-06 03:48:02.330 UTC\",0,0,\"cml92k1kw000i17d0kdgbg4p1\",\"cml92ugqs0007q3oof2k0hw35\",false,\"NOT_STARTED\",\"cmlachpcp000c118ruttq339d\",false,\"2026-02-06 03:48:02.330 UTC\",\"2026-02-06 03:48:02.330 UTC\",0,0,\"cml92k1kx000k17d0p0xuoeib\",\"cml92ugqs0007q3oof2k0hw35\",false,\"NOT_STARTED\",\"cmlachpcp000d118rhdclb29s\",false,\"2026-02-06 03:48:02.330 UTC\",\"2026-02-06 03:48:02.330 UTC\",0,0,\"cml92k1kz000m17d0a96g0m1n\",\"cml92ugqs0007q3oof2k0hw35\",false,\"NOT_STARTED\",\"cmlachpcp000e118rm54olqtw\",false,\"2026-02-06 03:48:02.330 UTC\",\"2026-02-06 03:48:02.330 UTC\",0,0,\"cml92k1l0000o17d0fy4n2x8m\",\"cml92ugqs0007q3oof2k0hw35\"]","service":"preplyte-api","timestamp":"2026-02-06 09:18:02"}
{"level":"debug","message":"Duration: 5ms","service":"preplyte-api","timestamp":"2026-02-06 09:18:02"}
{"level":"debug","message":"Query: COMMIT","service":"preplyte-api","timestamp":"2026-02-06 09:18:02"}
{"level":"debug","message":"Params: []","service":"preplyte-api","timestamp":"2026-02-06 09:18:02"}
{"level":"debug","message":"Duration: 1ms","service":"preplyte-api","timestamp":"2026-02-06 09:18:02"}
{"level":"info","message":"\u001b[0mPOST /api/lms/courses/complete-web-development-bootcamp/enroll \u001b[32m201\u001b[0m 79.201 ms - 719\u001b[0m","service":"preplyte-api","timestamp":"2026-02-06 09:18:02"}
{"level":"debug","message":"Query: SELECT \"public\".\"users\".\"id\", \"public\".\"users\".\"email\", \"public\".\"users\".\"role\"::text, \"public\".\"users\".\"instituteId\", \"public\".\"users\".\"isActive\", \"public\".\"users\".\"tokenVersion\" FROM \"public\".\"users\" WHERE (\"public\".\"users\".\"id\" = $1 AND 1=1) LIMIT $2 OFFSET $3","service":"preplyte-api","timestamp":"2026-02-06 09:18:02"}
{"level":"debug","message":"Params: [\"cml92ugqs0007q3oof2k0hw35\",1,0]","service":"preplyte-api","timestamp":"2026-02-06 09:18:02"}
{"level":"debug","message":"Duration: 0ms","service":"preplyte-api","timestamp":"2026-02-06 09:18:02"}
{"level":"debug","message":"Query: SELECT \"public\".\"lms_courses\".\"id\", \"public\".\"lms_courses\".\"categoryId\", \"public\".\"lms_courses\".\"title\", \"public\".\"lms_courses\".\"slug\", \"public\".\"lms_courses\".\"shortDescription\", \"public\".\"lms_courses\".\"description\", \"public\".\"lms_courses\".\"thumbnailUrl\", \"public\".\"lms_courses\".\"previewVideoUrl\", \"public\".\"lms_courses\".\"totalModules\", \"public\".\"lms_courses\".\"totalTopics\", \"public\".\"lms_courses\".\"totalPoints\", \"public\".\"lms_courses\".\"totalHours\", \"public\".\"lms_courses\".\"price\", \"public\".\"lms_courses\".\"discountPrice\", \"public\".\"lms_courses\".\"currency\", \"public\".\"lms_courses\".\"status\"::text, \"public\".\"lms_courses\".\"isActive\", \"public\".\"lms_courses\".\"certificateEnabled\", \"public\".\"lms_courses\".\"passingPercentage\", \"public\".\"lms_courses\".\"tags\", \"public\".\"lms_courses\".\"difficulty\"::text, \"public\".\"lms_courses\".\"instructor\", \"public\".\"lms_courses\".\"language\", \"public\".\"lms_courses\".\"createdAt\", \"public\".\"lms_courses\".\"updatedAt\", \"public\".\"lms_courses\".\"publishedAt\" FROM \"public\".\"lms_courses\" WHERE (\"public\".\"lms_courses\".\"slug\" = $1 AND 1=1) LIMIT $2 OFFSET $3","service":"preplyte-api","timestamp":"2026-02-06 09:18:02"}
{"level":"debug","message":"Params: [\"complete-web-development-bootcamp\",1,0]","service":"preplyte-api","timestamp":"2026-02-06 09:18:02"}
{"level":"debug","message":"Duration: 0ms","service":"preplyte-api","timestamp":"2026-02-06 09:18:02"}
{"level":"debug","message":"Query: SELECT \"public\".\"lms_categories\".\"id\", \"public\".\"lms_categories\".\"name\", \"public\".\"lms_categories\".\"slug\", \"public\".\"lms_categories\".\"description\", \"public\".\"lms_categories\".\"iconUrl\", \"public\".\"lms_categories\".\"order\", \"public\".\"lms_categories\".\"isActive\", \"public\".\"lms_categories\".\"createdAt\", \"public\".\"lms_categories\".\"updatedAt\" FROM \"public\".\"lms_categories\" WHERE \"public\".\"lms_categories\".\"id\" IN ($1) OFFSET $2","service":"preplyte-api","timestamp":"2026-02-06 09:18:02"}
{"level":"debug","message":"Params: [\"cml92k1i3000017d0bq70mkrl\",0]","service":"preplyte-api","timestamp":"2026-02-06 09:18:02"}
{"level":"debug","message":"Duration: 0ms","service":"preplyte-api","timestamp":"2026-02-06 09:18:02"}
{"level":"debug","message":"Query: SELECT \"public\".\"lms_modules\".\"id\", \"public\".\"lms_modules\".\"courseId\", \"public\".\"lms_modules\".\"title\", \"public\".\"lms_modules\".\"shortDescription\", \"public\".\"lms_modules\".\"description\", \"public\".\"lms_modules\".\"order\", \"public\".\"lms_modules\".\"totalTopics\", \"public\".\"lms_modules\".\"points\", \"public\".\"lms_modules\".\"estimatedMinutes\", \"public\".\"lms_modules\".\"isActive\", \"public\".\"lms_modules\".\"createdAt\", \"public\".\"lms_modules\".\"updatedAt\" FROM \"public\".\"lms_modules\" WHERE (\"public\".\"lms_modules\".\"isActive\" = $1 AND \"public\".\"lms_modules\".\"courseId\" IN ($2)) ORDER BY \"public\".\"lms_modules\".\"order\" ASC OFFSET $3","service":"preplyte-api","timestamp":"2026-02-06 09:18:02"}
{"level":"debug","message":"Params: [true,\"cml92k1k4000417d09rzlrf37\",0]","service":"preplyte-api","timestamp":"2026-02-06 09:18:02"}
{"level":"debug","message":"Duration: 0ms","service":"preplyte-api","timestamp":"2026-02-06 09:18:02"}
{"level":"debug","message":"Query: SELECT \"public\".\"lms_topics\".\"id\", \"public\".\"lms_topics\".\"title\", \"public\".\"lms_topics\".\"order\", \"public\".\"lms_topics\".\"estimatedMinutes\", \"public\".\"lms_topics\".\"videoUrl\", \"public\".\"lms_topics\".\"moduleId\" FROM \"public\".\"lms_topics\" WHERE (\"public\".\"lms_topics\".\"isActive\" = $1 AND \"public\".\"lms_topics\".\"moduleId\" IN ($2,$3,$4,$5,$6)) ORDER BY \"public\".\"lms_topics\".\"order\" ASC OFFSET $7","service":"preplyte-api","timestamp":"2026-02-06 09:18:02"}
{"level":"debug","message":"Params: [true,\"cml92k1ke000617d0l56w3n45\",\"cml92k1kj000817d0x6y6z5f7\",\"cml92k1kl000a17d0yp4e89wr\",\"cml92k1kn000c17d0ocn7frmc\",\"cml92k1kp000e17d03txb42ra\",0]","service":"preplyte-api","timestamp":"2026-02-06 09:18:02"}
{"level":"debug","message":"Duration: 0ms","service":"preplyte-api","timestamp":"2026-02-06 09:18:02"}
{"level":"debug","message":"Query: SELECT \"public\".\"lms_module_tests\".\"id\", \"public\".\"lms_module_tests\".\"title\", \"public\".\"lms_module_tests\".\"instructions\", \"public\".\"lms_module_tests\".\"totalQuestions\", \"public\".\"lms_module_tests\".\"timeLimitMinutes\", \"public\".\"lms_module_tests\".\"passingScore\", \"public\".\"lms_module_tests\".\"maxAttempts\", \"public\".\"lms_module_tests\".\"pointsPerQuestion\", \"public\".\"lms_module_tests\".\"totalPoints\", \"public\".\"lms_module_tests\".\"isActive\", \"public\".\"lms_module_tests\".\"moduleId\" FROM \"public\".\"lms_module_tests\" WHERE \"public\".\"lms_module_tests\".\"moduleId\" IN ($1,$2,$3,$4,$5) OFFSET $6","service":"preplyte-api","timestamp":"2026-02-06 09:18:02"}
{"level":"debug","message":"Params: [\"cml92k1ke000617d0l56w3n45\",\"cml92k1kj000817d0x6y6z5f7\",\"cml92k1kl000a17d0yp4e89wr\",\"cml92k1kn000c17d0ocn7frmc\",\"cml92k1kp000e17d03txb42ra\",0]","service":"preplyte-api","timestamp":"2026-02-06 09:18:02"}
{"level":"debug","message":"Duration: 0ms","service":"preplyte-api","timestamp":"2026-02-06 09:18:02"}
{"level":"debug","message":"Query: SELECT \"public\".\"lms_final_tests\".\"id\", \"public\".\"lms_final_tests\".\"courseId\", \"public\".\"lms_final_tests\".\"title\", \"public\".\"lms_final_tests\".\"instructions\", \"public\".\"lms_final_tests\".\"totalQuestions\", \"public\".\"lms_final_tests\".\"passingScore\", \"public\".\"lms_final_tests\".\"timeLimitMinutes\", \"public\".\"lms_final_tests\".\"pointsPerQuestion\", \"public\".\"lms_final_tests\".\"totalPoints\", \"public\".\"lms_final_tests\".\"maxAttempts\", \"public\".\"lms_final_tests\".\"isActive\", \"public\".\"lms_final_tests\".\"createdAt\", \"public\".\"lms_final_tests\".\"updatedAt\" FROM \"public\".\"lms_final_tests\" WHERE \"public\".\"lms_final_tests\".\"courseId\" IN ($1) OFFSET $2","service":"preplyte-api","timestamp":"2026-02-06 09:18:02"}
{"level":"debug","message":"Params: [\"cml92k1k4000417d09rzlrf37\",0]","service":"preplyte-api","timestamp":"2026-02-06 09:18:02"}
{"level":"debug","message":"Duration: 0ms","service":"preplyte-api","timestamp":"2026-02-06 09:18:02"}
{"level":"debug","message":"Query: SELECT \"public\".\"lms_enrollments\".\"id\", \"public\".\"lms_enrollments\".\"userId\", \"public\".\"lms_enrollments\".\"courseId\", \"public\".\"lms_enrollments\".\"status\"::text, \"public\".\"lms_enrollments\".\"completedModules\", \"public\".\"lms_enrollments\".\"completedTopics\", \"public\".\"lms_enrollments\".\"progressPercent\", \"public\".\"lms_enrollments\".\"totalPointsEarned\", \"public\".\"lms_enrollments\".\"moduleTestPointsEarned\", \"public\".\"lms_enrollments\".\"finalTestPointsEarned\", \"public\".\"lms_enrollments\".\"finalTestAttempted\", \"public\".\"lms_enrollments\".\"finalTestPassed\", \"public\".\"lms_enrollments\".\"finalTestScore\", \"public\".\"lms_enrollments\".\"finalTestMarks\", \"public\".\"lms_enrollments\".\"enrolledAt\", \"public\".\"lms_enrollments\".\"startedAt\", \"public\".\"lms_enrollments\".\"completedAt\", \"public\".\"lms_enrollments\".\"lastAccessedAt\", \"public\".\"lms_enrollments\".\"certificateUrl\", \"public\".\"lms_enrollments\".\"certificateIssuedAt\", \"public\".\"lms_enrollments\".\"createdAt\", \"public\".\"lms_enrollments\".\"updatedAt\" FROM \"public\".\"lms_enrollments\" WHERE ((\"public\".\"lms_enrollments\".\"userId\" = $1 AND \"public\".\"lms_enrollments\".\"courseId\" = $2) AND 1=1) LIMIT $3 OFFSET $4","service":"preplyte-api","timestamp":"2026-02-06 09:18:02"}
{"level":"debug","message":"Params: [\"cml92ugqs0007q3oof2k0hw35\",\"cml92k1k4000417d09rzlrf37\",1,0]","service":"preplyte-api","timestamp":"2026-02-06 09:18:02"}
{"level":"debug","message":"Duration: 0ms","service":"preplyte-api","timestamp":"2026-02-06 09:18:02"}
{"level":"debug","message":"Query: SELECT \"public\".\"lms_module_progress\".\"id\", \"public\".\"lms_module_progress\".\"userId\", \"public\".\"lms_module_progress\".\"moduleId\", \"public\".\"lms_module_progress\".\"status\"::text, \"public\".\"lms_module_progress\".\"completedTopics\", \"public\".\"lms_module_progress\".\"totalTopics\", \"public\".\"lms_module_progress\".\"progressPercent\", \"public\".\"lms_module_progress\".\"testAttempted\", \"public\".\"lms_module_progress\".\"testPassed\", \"public\".\"lms_module_progress\".\"testScore\", \"public\".\"lms_module_progress\".\"testAttempts\", \"public\".\"lms_module_progress\".\"pointsEarned\", \"public\".\"lms_module_progress\".\"timeSpentMinutes\", \"public\".\"lms_module_progress\".\"startedAt\", \"public\".\"lms_module_progress\".\"completedAt\", \"public\".\"lms_module_progress\".\"createdAt\", \"public\".\"lms_module_progress\".\"updatedAt\" FROM \"public\".\"lms_module_progress\" WHERE (\"public\".\"lms_module_progress\".\"userId\" = $1 AND \"public\".\"lms_module_progress\".\"moduleId\" IN ($2,$3,$4,$5,$6)) OFFSET $7","service":"preplyte-api","timestamp":"2026-02-06 09:18:02"}
{"level":"debug","message":"Params: [\"cml92ugqs0007q3oof2k0hw35\",\"cml92k1ke000617d0l56w3n45\",\"cml92k1kj000817d0x6y6z5f7\",\"cml92k1kl000a17d0yp4e89wr\",\"cml92k1kn000c17d0ocn7frmc\",\"cml92k1kp000e17d03txb42ra\",0]","service":"preplyte-api","timestamp":"2026-02-06 09:18:02"}
{"level":"debug","message":"Duration: 5ms","service":"preplyte-api","timestamp":"2026-02-06 09:18:02"}
{"level":"debug","message":"Query: SELECT \"public\".\"lms_topic_progress\".\"id\", \"public\".\"lms_topic_progress\".\"userId\", \"public\".\"lms_topic_progress\".\"topicId\", \"public\".\"lms_topic_progress\".\"status\"::text, \"public\".\"lms_topic_progress\".\"theoryCompleted\", \"public\".\"lms_topic_progress\".\"videoWatched\", \"public\".\"lms_topic_progress\".\"videoProgress\", \"public\".\"lms_topic_progress\".\"timeSpentMinutes\", \"public\".\"lms_topic_progress\".\"startedAt\", \"public\".\"lms_topic_progress\".\"completedAt\", \"public\".\"lms_topic_progress\".\"createdAt\", \"public\".\"lms_topic_progress\".\"updatedAt\" FROM \"public\".\"lms_topic_progress\" WHERE (\"public\".\"lms_topic_progress\".\"userId\" = $1 AND \"public\".\"lms_topic_progress\".\"topicId\" IN ($2,$3,$4,$5,$6)) OFFSET $7","service":"preplyte-api","timestamp":"2026-02-06 09:18:02"}
{"level":"debug","message":"Params: [\"cml92ugqs0007q3oof2k0hw35\",\"cml92k1kr000g17d0vh5otsfa\",\"cml92k1kw000i17d0kdgbg4p1\",\"cml92k1kx000k17d0p0xuoeib\",\"cml92k1kz000m17d0a96g0m1n\",\"cml92k1l0000o17d0fy4n2x8m\",0]","service":"preplyte-api","timestamp":"2026-02-06 09:18:02"}
{"level":"debug","message":"Duration: 5ms","service":"preplyte-api","timestamp":"2026-02-06 09:18:02"}
{"level":"info","message":"\u001b[0mGET /api/lms/courses/complete-web-development-bootcamp \u001b[32m200\u001b[0m 52.252 ms - -\u001b[0m","service":"preplyte-api","timestamp":"2026-02-06 09:18:02"}
{"level":"debug","message":"Query: SELECT \"public\".\"users\".\"id\", \"public\".\"users\".\"email\", \"public\".\"users\".\"role\"::text, \"public\".\"users\".\"instituteId\", \"public\".\"users\".\"isActive\", \"public\".\"users\".\"tokenVersion\" FROM \"public\".\"users\" WHERE (\"public\".\"users\".\"id\" = $1 AND 1=1) LIMIT $2 OFFSET $3","service":"preplyte-api","timestamp":"2026-02-06 09:18:09"}
{"level":"debug","message":"Params: [\"cml92r5r50001q3oopvkslp23\",1,0]","service":"preplyte-api","timestamp":"2026-02-06 09:18:09"}
{"level":"debug","message":"Duration: 1ms","service":"preplyte-api","timestamp":"2026-02-06 09:18:09"}
{"level":"debug","message":"Query: SELECT 1","service":"preplyte-api","timestamp":"2026-02-06 09:18:09"}
{"level":"debug","message":"Params: []","service":"preplyte-api","timestamp":"2026-02-06 09:18:09"}
{"level":"debug","message":"Duration: 0ms","service":"preplyte-api","timestamp":"2026-02-06 09:18:09"}
{"level":"debug","message":"Query: SELECT 1","service":"preplyte-api","timestamp":"2026-02-06 09:18:09"}
{"level":"debug","message":"Params: []","service":"preplyte-api","timestamp":"2026-02-06 09:18:09"}
{"level":"debug","message":"Duration: 0ms","service":"preplyte-api","timestamp":"2026-02-06 09:18:09"}
{"level":"debug","message":"Query: SELECT 1","service":"preplyte-api","timestamp":"2026-02-06 09:18:09"}
{"level":"debug","message":"Params: []","service":"preplyte-api","timestamp":"2026-02-06 09:18:09"}
{"level":"debug","message":"Duration: 0ms","service":"preplyte-api","timestamp":"2026-02-06 09:18:09"}
{"level":"debug","message":"Query: SELECT 1","service":"preplyte-api","timestamp":"2026-02-06 09:18:09"}
{"level":"debug","message":"Params: []","service":"preplyte-api","timestamp":"2026-02-06 09:18:09"}
{"level":"debug","message":"Duration: 0ms","service":"preplyte-api","timestamp":"2026-02-06 09:18:09"}
{"level":"debug","message":"Query: SELECT COUNT(*) FROM (SELECT \"public\".\"lms_courses\".\"id\" FROM \"public\".\"lms_courses\" WHERE 1=1 OFFSET $1) AS \"sub\"","service":"preplyte-api","timestamp":"2026-02-06 09:18:09"}
{"level":"debug","message":"Params: [0]","service":"preplyte-api","timestamp":"2026-02-06 09:18:09"}
{"level":"debug","message":"Duration: 1ms","service":"preplyte-api","timestamp":"2026-02-06 09:18:09"}
{"level":"debug","message":"Query: SELECT AVG(\"progressPercent\") FROM (SELECT \"public\".\"lms_enrollments\".\"progressPercent\" FROM \"public\".\"lms_enrollments\" WHERE 1=1 OFFSET $1) AS \"sub\"","service":"preplyte-api","timestamp":"2026-02-06 09:18:09"}
{"level":"debug","message":"Params: [0]","service":"preplyte-api","timestamp":"2026-02-06 09:18:09"}
{"level":"debug","message":"Duration: 1ms","service":"preplyte-api","timestamp":"2026-02-06 09:18:09"}
{"level":"debug","message":"Query: SELECT COUNT(*) FROM (SELECT \"public\".\"lms_courses\".\"id\" FROM \"public\".\"lms_courses\" WHERE \"public\".\"lms_courses\".\"status\" = CAST($1::text AS \"public\".\"LmsCourseStatus\") OFFSET $2) AS \"sub\"","service":"preplyte-api","timestamp":"2026-02-06 09:18:09"}
{"level":"debug","message":"Params: [\"PUBLISHED\",0]","service":"preplyte-api","timestamp":"2026-02-06 09:18:09"}
{"level":"debug","message":"Duration: 1ms","service":"preplyte-api","timestamp":"2026-02-06 09:18:09"}
{"level":"debug","message":"Query: SELECT COUNT(*) FROM (SELECT \"public\".\"lms_enrollments\".\"id\" FROM \"public\".\"lms_enrollments\" WHERE \"public\".\"lms_enrollments\".\"status\" = CAST($1::text AS \"public\".\"LmsEnrollmentStatus\") OFFSET $2) AS \"sub\"","service":"preplyte-api","timestamp":"2026-02-06 09:18:09"}
{"level":"debug","message":"Params: [\"COMPLETED\",0]","service":"preplyte-api","timestamp":"2026-02-06 09:18:09"}
{"level":"debug","message":"Duration: 1ms","service":"preplyte-api","timestamp":"2026-02-06 09:18:09"}
{"level":"debug","message":"Query: SELECT \"public\".\"lms_courses\".\"id\", \"public\".\"lms_courses\".\"price\", \"public\".\"lms_courses\".\"discountPrice\", COALESCE(\"aggr_selection_0_LmsEnrollment\".\"_aggr_count_enrollments\", 0) AS \"_aggr_count_enrollments\" FROM \"public\".\"lms_courses\" LEFT JOIN (SELECT \"public\".\"lms_enrollments\".\"courseId\", COUNT(*) AS \"_aggr_count_enrollments\" FROM \"public\".\"lms_enrollments\" WHERE 1=1 GROUP BY \"public\".\"lms_enrollments\".\"courseId\") AS \"aggr_selection_0_LmsEnrollment\" ON (\"public\".\"lms_courses\".\"id\" = \"aggr_selection_0_LmsEnrollment\".\"courseId\") WHERE \"public\".\"lms_courses\".\"price\" > $1 OFFSET $2","service":"preplyte-api","timestamp":"2026-02-06 09:18:09"}
{"level":"debug","message":"Params: [0,0]","service":"preplyte-api","timestamp":"2026-02-06 09:18:09"}
{"level":"debug","message":"Duration: 1ms","service":"preplyte-api","timestamp":"2026-02-06 09:18:09"}
{"level":"debug","message":"Query: SELECT COUNT(*) FROM (SELECT \"public\".\"lms_enrollments\".\"id\" FROM \"public\".\"lms_enrollments\" WHERE 1=1 OFFSET $1) AS \"sub\"","service":"preplyte-api","timestamp":"2026-02-06 09:18:09"}
{"level":"debug","message":"Params: [0]","service":"preplyte-api","timestamp":"2026-02-06 09:18:09"}
{"level":"debug","message":"Duration: 1ms","service":"preplyte-api","timestamp":"2026-02-06 09:18:09"}
{"level":"debug","message":"Query: SELECT COUNT(*) FROM (SELECT \"public\".\"lms_categories\".\"id\" FROM \"public\".\"lms_categories\" WHERE 1=1 OFFSET $1) AS \"sub\"","service":"preplyte-api","timestamp":"2026-02-06 09:18:09"}
{"level":"debug","message":"Params: [0]","service":"preplyte-api","timestamp":"2026-02-06 09:18:09"}
{"level":"debug","message":"Duration: 0ms","service":"preplyte-api","timestamp":"2026-02-06 09:18:09"}
{"level":"debug","message":"Query: SELECT COUNT(*) FROM (SELECT \"public\".\"lms_modules\".\"id\" FROM \"public\".\"lms_modules\" WHERE 1=1 OFFSET $1) AS \"sub\"","service":"preplyte-api","timestamp":"2026-02-06 09:18:09"}
{"level":"debug","message":"Params: [0]","service":"preplyte-api","timestamp":"2026-02-06 09:18:09"}
{"level":"debug","message":"Duration: 5ms","service":"preplyte-api","timestamp":"2026-02-06 09:18:09"}
{"level":"debug","message":"Query: SELECT COUNT(*) FROM (SELECT \"public\".\"lms_topics\".\"id\" FROM \"public\".\"lms_topics\" WHERE 1=1 OFFSET $1) AS \"sub\"","service":"preplyte-api","timestamp":"2026-02-06 09:18:09"}
{"level":"debug","message":"Params: [0]","service":"preplyte-api","timestamp":"2026-02-06 09:18:09"}
{"level":"debug","message":"Duration: 5ms","service":"preplyte-api","timestamp":"2026-02-06 09:18:09"}
{"level":"debug","message":"Query: SELECT \"public\".\"lms_categories\".\"id\", \"public\".\"lms_categories\".\"name\", \"public\".\"lms_categories\".\"slug\", \"public\".\"lms_categories\".\"description\", \"public\".\"lms_categories\".\"iconUrl\", \"public\".\"lms_categories\".\"order\", \"public\".\"lms_categories\".\"isActive\", \"public\".\"lms_categories\".\"createdAt\", \"public\".\"lms_categories\".\"updatedAt\" FROM \"public\".\"lms_categories\" WHERE 1=1 OFFSET $1","service":"preplyte-api","timestamp":"2026-02-06 09:18:09"}
{"level":"debug","message":"Params: [0]","service":"preplyte-api","timestamp":"2026-02-06 09:18:09"}
{"level":"debug","message":"Duration: 1ms","service":"preplyte-api","timestamp":"2026-02-06 09:18:09"}
{"level":"debug","message":"Query: SELECT \"public\".\"lms_enrollments\".\"id\", \"public\".\"lms_enrollments\".\"enrolledAt\" FROM \"public\".\"lms_enrollments\" WHERE \"public\".\"lms_enrollments\".\"enrolledAt\" >= $1 ORDER BY \"public\".\"lms_enrollments\".\"id\" ASC LIMIT $2 OFFSET $3","service":"preplyte-api","timestamp":"2026-02-06 09:18:09"}
{"level":"debug","message":"Params: [\"2026-01-07 03:48:09.837 UTC\",1000,0]","service":"preplyte-api","timestamp":"2026-02-06 09:18:09"}
{"level":"debug","message":"Duration: 1ms","service":"preplyte-api","timestamp":"2026-02-06 09:18:09"}
{"level":"debug","message":"Query: SELECT \"public\".\"lms_courses\".\"id\", \"public\".\"lms_courses\".\"title\", \"public\".\"lms_courses\".\"price\", \"public\".\"lms_courses\".\"discountPrice\", COALESCE(\"aggr_selection_0_LmsEnrollment\".\"_aggr_count_enrollments\", 0) AS \"_aggr_count_enrollments\" FROM \"public\".\"lms_courses\" LEFT JOIN (SELECT \"public\".\"lms_enrollments\".\"courseId\", COUNT(*) AS \"orderby_aggregator\" FROM \"public\".\"lms_enrollments\" WHERE 1=1 GROUP BY \"public\".\"lms_enrollments\".\"courseId\") AS \"orderby_1_LmsEnrollment\" ON (\"public\".\"lms_courses\".\"id\" = \"orderby_1_LmsEnrollment\".\"courseId\") LEFT JOIN (SELECT \"public\".\"lms_enrollments\".\"courseId\", COUNT(*) AS \"_aggr_count_enrollments\" FROM \"public\".\"lms_enrollments\" WHERE 1=1 GROUP BY \"public\".\"lms_enrollments\".\"courseId\") AS \"aggr_selection_0_LmsEnrollment\" ON (\"public\".\"lms_courses\".\"id\" = \"aggr_selection_0_LmsEnrollment\".\"courseId\") WHERE 1=1 ORDER BY COALESCE(\"orderby_1_LmsEnrollment\".\"orderby_aggregator\", $1) DESC LIMIT $2 OFFSET $3","service":"preplyte-api","timestamp":"2026-02-06 09:18:09"}
{"level":"debug","message":"Params: [0,5,0]","service":"preplyte-api","timestamp":"2026-02-06 09:18:09"}
{"level":"debug","message":"Duration: 1ms","service":"preplyte-api","timestamp":"2026-02-06 09:18:09"}
{"level":"debug","message":"Query: SELECT \"public\".\"lms_courses\".\"id\", \"public\".\"lms_courses\".\"categoryId\", COALESCE(\"aggr_selection_0_LmsEnrollment\".\"_aggr_count_enrollments\", 0) AS \"_aggr_count_enrollments\" FROM \"public\".\"lms_courses\" LEFT JOIN (SELECT \"public\".\"lms_enrollments\".\"courseId\", COUNT(*) AS \"_aggr_count_enrollments\" FROM \"public\".\"lms_enrollments\" WHERE 1=1 GROUP BY \"public\".\"lms_enrollments\".\"courseId\") AS \"aggr_selection_0_LmsEnrollment\" ON (\"public\".\"lms_courses\".\"id\" = \"aggr_selection_0_LmsEnrollment\".\"courseId\") WHERE \"public\".\"lms_courses\".\"categoryId\" IN ($1,$2,$3) OFFSET $4","service":"preplyte-api","timestamp":"2026-02-06 09:18:09"}
{"level":"debug","message":"Params: [\"cml92k1i3000017d0bq70mkrl\",\"cml92k1jr000117d0cg73jwlc\",\"cml92k1jt000217d0r4tfrsnl\",0]","service":"preplyte-api","timestamp":"2026-02-06 09:18:09"}
{"level":"debug","message":"Duration: 2ms","service":"preplyte-api","timestamp":"2026-02-06 09:18:09"}
{"level":"debug","message":"Query: SELECT AVG(\"public\".\"lms_enrollments\".\"progressPercent\"), \"public\".\"lms_enrollments\".\"courseId\" FROM \"public\".\"lms_enrollments\" WHERE \"public\".\"lms_enrollments\".\"courseId\" IN ($1,$2,$3) GROUP BY \"public\".\"lms_enrollments\".\"courseId\" OFFSET $4","service":"preplyte-api","timestamp":"2026-02-06 09:18:09"}
{"level":"debug","message":"Params: [\"cml94bejx00051360oftmcm9a\",\"cml92k1k4000417d09rzlrf37\",\"cml93bbti0001h2p0y0h24vng\",0]","service":"preplyte-api","timestamp":"2026-02-06 09:18:09"}
{"level":"debug","message":"Duration: 1ms","service":"preplyte-api","timestamp":"2026-02-06 09:18:09"}
{"level":"info","message":"\u001b[0mGET /api/admin/lms/analytics/overview \u001b[32m200\u001b[0m 105.136 ms - -\u001b[0m","service":"preplyte-api","timestamp":"2026-02-06 09:18:09"}
{"level":"debug","message":"Query: SELECT 1","service":"preplyte-api","timestamp":"2026-02-06 09:18:59"}
{"level":"debug","message":"Params: []","service":"preplyte-api","timestamp":"2026-02-06 09:18:59"}
{"level":"debug","message":"Duration: 0ms","service":"preplyte-api","timestamp":"2026-02-06 09:18:59"}
{"level":"debug","message":"Query: SELECT \"public\".\"users\".\"id\", \"public\".\"users\".\"email\", \"public\".\"users\".\"role\"::text, \"public\".\"users\".\"instituteId\", \"public\".\"users\".\"isActive\", \"public\".\"users\".\"tokenVersion\" FROM \"public\".\"users\" WHERE (\"public\".\"users\".\"id\" = $1 AND 1=1) LIMIT $2 OFFSET $3","service":"preplyte-api","timestamp":"2026-02-06 09:18:59"}
{"level":"debug","message":"Params: [\"cml92r5r50001q3oopvkslp23\",1,0]","service":"preplyte-api","timestamp":"2026-02-06 09:18:59"}
{"level":"debug","message":"Duration: 1ms","service":"preplyte-api","timestamp":"2026-02-06 09:18:59"}
{"level":"debug","message":"Query: SELECT \"public\".\"lms_courses\".\"id\", \"public\".\"lms_courses\".\"categoryId\", \"public\".\"lms_courses\".\"title\", \"public\".\"lms_courses\".\"slug\", \"public\".\"lms_courses\".\"shortDescription\", \"public\".\"lms_courses\".\"description\", \"public\".\"lms_courses\".\"thumbnailUrl\", \"public\".\"lms_courses\".\"previewVideoUrl\", \"public\".\"lms_courses\".\"totalModules\", \"public\".\"lms_courses\".\"totalTopics\", \"public\".\"lms_courses\".\"totalPoints\", \"public\".\"lms_courses\".\"totalHours\", \"public\".\"lms_courses\".\"price\", \"public\".\"lms_courses\".\"discountPrice\", \"public\".\"lms_courses\".\"currency\", \"public\".\"lms_courses\".\"status\"::text, \"public\".\"lms_courses\".\"isActive\", \"public\".\"lms_courses\".\"certificateEnabled\", \"public\".\"lms_courses\".\"passingPercentage\", \"public\".\"lms_courses\".\"tags\", \"public\".\"lms_courses\".\"difficulty\"::text, \"public\".\"lms_courses\".\"instructor\", \"public\".\"lms_courses\".\"language\", \"public\".\"lms_courses\".\"createdAt\", \"public\".\"lms_courses\".\"updatedAt\", \"public\".\"lms_courses\".\"publishedAt\", COALESCE(\"aggr_selection_0_LmsEnrollment\".\"_aggr_count_enrollments\", 0) AS \"_aggr_count_enrollments\" FROM \"public\".\"lms_courses\" LEFT JOIN (SELECT \"public\".\"lms_enrollments\".\"courseId\", COUNT(*) AS \"_aggr_count_enrollments\" FROM \"public\".\"lms_enrollments\" WHERE 1=1 GROUP BY \"public\".\"lms_enrollments\".\"courseId\") AS \"aggr_selection_0_LmsEnrollment\" ON (\"public\".\"lms_courses\".\"id\" = \"aggr_selection_0_LmsEnrollment\".\"courseId\") WHERE (\"public\".\"lms_courses\".\"id\" = $1 AND 1=1) LIMIT $2 OFFSET $3","service":"preplyte-api","timestamp":"2026-02-06 09:18:59"}
{"level":"debug","message":"Params: [\"cml93bbti0001h2p0y0h24vng\",1,0]","service":"preplyte-api","timestamp":"2026-02-06 09:18:59"}
{"level":"debug","message":"Duration: 2ms","service":"preplyte-api","timestamp":"2026-02-06 09:18:59"}
{"level":"debug","message":"Query: SELECT \"public\".\"lms_categories\".\"id\", \"public\".\"lms_categories\".\"name\", \"public\".\"lms_categories\".\"slug\", \"public\".\"lms_categories\".\"description\", \"public\".\"lms_categories\".\"iconUrl\", \"public\".\"lms_categories\".\"order\", \"public\".\"lms_categories\".\"isActive\", \"public\".\"lms_categories\".\"createdAt\", \"public\".\"lms_categories\".\"updatedAt\" FROM \"public\".\"lms_categories\" WHERE \"public\".\"lms_categories\".\"id\" IN ($1) OFFSET $2","service":"preplyte-api","timestamp":"2026-02-06 09:18:59"}
{"level":"debug","message":"Params: [\"cml92k1i3000017d0bq70mkrl\",0]","service":"preplyte-api","timestamp":"2026-02-06 09:18:59"}
{"level":"debug","message":"Duration: 1ms","service":"preplyte-api","timestamp":"2026-02-06 09:18:59"}
{"level":"debug","message":"Query: SELECT \"public\".\"lms_modules\".\"id\", \"public\".\"lms_modules\".\"courseId\", \"public\".\"lms_modules\".\"title\", \"public\".\"lms_modules\".\"shortDescription\", \"public\".\"lms_modules\".\"description\", \"public\".\"lms_modules\".\"order\", \"public\".\"lms_modules\".\"totalTopics\", \"public\".\"lms_modules\".\"points\", \"public\".\"lms_modules\".\"estimatedMinutes\", \"public\".\"lms_modules\".\"isActive\", \"public\".\"lms_modules\".\"createdAt\", \"public\".\"lms_modules\".\"updatedAt\" FROM \"public\".\"lms_modules\" WHERE \"public\".\"lms_modules\".\"courseId\" IN ($1) ORDER BY \"public\".\"lms_modules\".\"order\" ASC OFFSET $2","service":"preplyte-api","timestamp":"2026-02-06 09:18:59"}
{"level":"debug","message":"Params: [\"cml93bbti0001h2p0y0h24vng\",0]","service":"preplyte-api","timestamp":"2026-02-06 09:18:59"}
{"level":"debug","message":"Duration: 1ms","service":"preplyte-api","timestamp":"2026-02-06 09:18:59"}
{"level":"info","message":"\u001b[0mGET /api/admin/lms/courses/cml93bbti0001h2p0y0h24vng \u001b[36m304\u001b[0m 25.391 ms - -\u001b[0m","service":"preplyte-api","timestamp":"2026-02-06 09:18:59"}
{"level":"debug","message":"Query: SELECT \"public\".\"users\".\"id\", \"public\".\"users\".\"email\", \"public\".\"users\".\"role\"::text, \"public\".\"users\".\"instituteId\", \"public\".\"users\".\"isActive\", \"public\".\"users\".\"tokenVersion\" FROM \"public\".\"users\" WHERE (\"public\".\"users\".\"id\" = $1 AND 1=1) LIMIT $2 OFFSET $3","service":"preplyte-api","timestamp":"2026-02-06 09:18:59"}
{"level":"debug","message":"Params: [\"cml92r5r50001q3oopvkslp23\",1,0]","service":"preplyte-api","timestamp":"2026-02-06 09:18:59"}
{"level":"debug","message":"Duration: 0ms","service":"preplyte-api","timestamp":"2026-02-06 09:18:59"}
{"level":"debug","message":"Query: SELECT \"public\".\"lms_modules\".\"id\", \"public\".\"lms_modules\".\"courseId\", \"public\".\"lms_modules\".\"title\", \"public\".\"lms_modules\".\"shortDescription\", \"public\".\"lms_modules\".\"description\", \"public\".\"lms_modules\".\"order\", \"public\".\"lms_modules\".\"totalTopics\", \"public\".\"lms_modules\".\"points\", \"public\".\"lms_modules\".\"estimatedMinutes\", \"public\".\"lms_modules\".\"isActive\", \"public\".\"lms_modules\".\"createdAt\", \"public\".\"lms_modules\".\"updatedAt\" FROM \"public\".\"lms_modules\" WHERE \"public\".\"lms_modules\".\"courseId\" = $1 ORDER BY \"public\".\"lms_modules\".\"order\" ASC OFFSET $2","service":"preplyte-api","timestamp":"2026-02-06 09:18:59"}
{"level":"debug","message":"Params: [\"cml93bbti0001h2p0y0h24vng\",0]","service":"preplyte-api","timestamp":"2026-02-06 09:18:59"}
{"level":"debug","message":"Duration: 1ms","service":"preplyte-api","timestamp":"2026-02-06 09:18:59"}
{"level":"info","message":"\u001b[0mGET /api/admin/lms/courses/cml93bbti0001h2p0y0h24vng/modules?courseId=cml93bbti0001h2p0y0h24vng \u001b[36m304\u001b[0m 14.002 ms - -\u001b[0m","service":"preplyte-api","timestamp":"2026-02-06 09:18:59"}
{"level":"debug","message":"Query: SELECT \"public\".\"users\".\"id\", \"public\".\"users\".\"email\", \"public\".\"users\".\"role\"::text, \"public\".\"users\".\"instituteId\", \"public\".\"users\".\"isActive\", \"public\".\"users\".\"tokenVersion\" FROM \"public\".\"users\" WHERE (\"public\".\"users\".\"id\" = $1 AND 1=1) LIMIT $2 OFFSET $3","service":"preplyte-api","timestamp":"2026-02-06 09:19:07"}
{"level":"debug","message":"Params: [\"cml92r5r50001q3oopvkslp23\",1,0]","service":"preplyte-api","timestamp":"2026-02-06 09:19:07"}
{"level":"debug","message":"Duration: 0ms","service":"preplyte-api","timestamp":"2026-02-06 09:19:07"}
{"level":"debug","message":"Query: SELECT \"public\".\"lms_courses\".\"id\", \"public\".\"lms_courses\".\"categoryId\", \"public\".\"lms_courses\".\"title\", \"public\".\"lms_courses\".\"slug\", \"public\".\"lms_courses\".\"shortDescription\", \"public\".\"lms_courses\".\"description\", \"public\".\"lms_courses\".\"thumbnailUrl\", \"public\".\"lms_courses\".\"previewVideoUrl\", \"public\".\"lms_courses\".\"totalModules\", \"public\".\"lms_courses\".\"totalTopics\", \"public\".\"lms_courses\".\"totalPoints\", \"public\".\"lms_courses\".\"totalHours\", \"public\".\"lms_courses\".\"price\", \"public\".\"lms_courses\".\"discountPrice\", \"public\".\"lms_courses\".\"currency\", \"public\".\"lms_courses\".\"status\"::text, \"public\".\"lms_courses\".\"isActive\", \"public\".\"lms_courses\".\"certificateEnabled\", \"public\".\"lms_courses\".\"passingPercentage\", \"public\".\"lms_courses\".\"tags\", \"public\".\"lms_courses\".\"difficulty\"::text, \"public\".\"lms_courses\".\"instructor\", \"public\".\"lms_courses\".\"language\", \"public\".\"lms_courses\".\"createdAt\", \"public\".\"lms_courses\".\"updatedAt\", \"public\".\"lms_courses\".\"publishedAt\", COALESCE(\"aggr_selection_0_LmsEnrollment\".\"_aggr_count_enrollments\", 0) AS \"_aggr_count_enrollments\" FROM \"public\".\"lms_courses\" LEFT JOIN (SELECT \"public\".\"lms_enrollments\".\"courseId\", COUNT(*) AS \"_aggr_count_enrollments\" FROM \"public\".\"lms_enrollments\" WHERE 1=1 GROUP BY \"public\".\"lms_enrollments\".\"courseId\") AS \"aggr_selection_0_LmsEnrollment\" ON (\"public\".\"lms_courses\".\"id\" = \"aggr_selection_0_LmsEnrollment\".\"courseId\") WHERE (\"public\".\"lms_courses\".\"id\" = $1 AND 1=1) LIMIT $2 OFFSET $3","service":"preplyte-api","timestamp":"2026-02-06 09:19:07"}
{"level":"debug","message":"Params: [\"cml92k1k4000417d09rzlrf37\",1,0]","service":"preplyte-api","timestamp":"2026-02-06 09:19:07"}
{"level":"debug","message":"Duration: 0ms","service":"preplyte-api","timestamp":"2026-02-06 09:19:07"}
{"level":"debug","message":"Query: SELECT \"public\".\"lms_categories\".\"id\", \"public\".\"lms_categories\".\"name\", \"public\".\"lms_categories\".\"slug\", \"public\".\"lms_categories\".\"description\", \"public\".\"lms_categories\".\"iconUrl\", \"public\".\"lms_categories\".\"order\", \"public\".\"lms_categories\".\"isActive\", \"public\".\"lms_categories\".\"createdAt\", \"public\".\"lms_categories\".\"updatedAt\" FROM \"public\".\"lms_categories\" WHERE \"public\".\"lms_categories\".\"id\" IN ($1) OFFSET $2","service":"preplyte-api","timestamp":"2026-02-06 09:19:07"}
{"level":"debug","message":"Params: [\"cml92k1i3000017d0bq70mkrl\",0]","service":"preplyte-api","timestamp":"2026-02-06 09:19:07"}
{"level":"debug","message":"Duration: 0ms","service":"preplyte-api","timestamp":"2026-02-06 09:19:07"}
{"level":"debug","message":"Query: SELECT \"public\".\"lms_modules\".\"id\", \"public\".\"lms_modules\".\"courseId\", \"public\".\"lms_modules\".\"title\", \"public\".\"lms_modules\".\"shortDescription\", \"public\".\"lms_modules\".\"description\", \"public\".\"lms_modules\".\"order\", \"public\".\"lms_modules\".\"totalTopics\", \"public\".\"lms_modules\".\"points\", \"public\".\"lms_modules\".\"estimatedMinutes\", \"public\".\"lms_modules\".\"isActive\", \"public\".\"lms_modules\".\"createdAt\", \"public\".\"lms_modules\".\"updatedAt\" FROM \"public\".\"lms_modules\" WHERE \"public\".\"lms_modules\".\"courseId\" IN ($1) ORDER BY \"public\".\"lms_modules\".\"order\" ASC OFFSET $2","service":"preplyte-api","timestamp":"2026-02-06 09:19:07"}
{"level":"debug","message":"Params: [\"cml92k1k4000417d09rzlrf37\",0]","service":"preplyte-api","timestamp":"2026-02-06 09:19:07"}
{"level":"debug","message":"Duration: 0ms","service":"preplyte-api","timestamp":"2026-02-06 09:19:07"}
{"level":"debug","message":"Query: SELECT \"public\".\"lms_topics\".\"id\", \"public\".\"lms_topics\".\"moduleId\", \"public\".\"lms_topics\".\"title\", \"public\".\"lms_topics\".\"description\", \"public\".\"lms_topics\".\"order\", \"public\".\"lms_topics\".\"theoryContent\", \"public\".\"lms_topics\".\"videoUrl\", \"public\".\"lms_topics\".\"videoDuration\", \"public\".\"lms_topics\".\"estimatedMinutes\", \"public\".\"lms_topics\".\"resources\", \"public\".\"lms_topics\".\"isActive\", \"public\".\"lms_topics\".\"createdAt\", \"public\".\"lms_topics\".\"updatedAt\" FROM \"public\".\"lms_topics\" WHERE \"public\".\"lms_topics\".\"moduleId\" IN ($1,$2,$3,$4,$5) ORDER BY \"public\".\"lms_topics\".\"order\" ASC OFFSET $6","service":"preplyte-api","timestamp":"2026-02-06 09:19:07"}
{"level":"debug","message":"Params: [\"cml92k1ke000617d0l56w3n45\",\"cml92k1kj000817d0x6y6z5f7\",\"cml92k1kl000a17d0yp4e89wr\",\"cml92k1kn000c17d0ocn7frmc\",\"cml92k1kp000e17d03txb42ra\",0]","service":"preplyte-api","timestamp":"2026-02-06 09:19:07"}
{"level":"debug","message":"Duration: 1ms","service":"preplyte-api","timestamp":"2026-02-06 09:19:07"}
{"level":"info","message":"\u001b[0mGET /api/admin/lms/courses/cml92k1k4000417d09rzlrf37 \u001b[32m200\u001b[0m 18.340 ms - -\u001b[0m","service":"preplyte-api","timestamp":"2026-02-06 09:19:07"}
{"level":"debug","message":"Query: SELECT \"public\".\"users\".\"id\", \"public\".\"users\".\"email\", \"public\".\"users\".\"role\"::text, \"public\".\"users\".\"instituteId\", \"public\".\"users\".\"isActive\", \"public\".\"users\".\"tokenVersion\" FROM \"public\".\"users\" WHERE (\"public\".\"users\".\"id\" = $1 AND 1=1) LIMIT $2 OFFSET $3","service":"preplyte-api","timestamp":"2026-02-06 09:19:07"}
{"level":"debug","message":"Params: [\"cml92r5r50001q3oopvkslp23\",1,0]","service":"preplyte-api","timestamp":"2026-02-06 09:19:07"}
{"level":"debug","message":"Duration: 0ms","service":"preplyte-api","timestamp":"2026-02-06 09:19:07"}
{"level":"debug","message":"Query: SELECT \"public\".\"lms_modules\".\"id\", \"public\".\"lms_modules\".\"courseId\", \"public\".\"lms_modules\".\"title\", \"public\".\"lms_modules\".\"shortDescription\", \"public\".\"lms_modules\".\"description\", \"public\".\"lms_modules\".\"order\", \"public\".\"lms_modules\".\"totalTopics\", \"public\".\"lms_modules\".\"points\", \"public\".\"lms_modules\".\"estimatedMinutes\", \"public\".\"lms_modules\".\"isActive\", \"public\".\"lms_modules\".\"createdAt\", \"public\".\"lms_modules\".\"updatedAt\" FROM \"public\".\"lms_modules\" WHERE \"public\".\"lms_modules\".\"courseId\" = $1 ORDER BY \"public\".\"lms_modules\".\"order\" ASC OFFSET $2","service":"preplyte-api","timestamp":"2026-02-06 09:19:07"}
{"level":"debug","message":"Params: [\"cml92k1k4000417d09rzlrf37\",0]","service":"preplyte-api","timestamp":"2026-02-06 09:19:07"}
{"level":"debug","message":"Duration: 0ms","service":"preplyte-api","timestamp":"2026-02-06 09:19:07"}
{"level":"info","message":"\u001b[0mGET /api/admin/lms/courses/cml92k1k4000417d09rzlrf37/modules?courseId=cml92k1k4000417d09rzlrf37 \u001b[36m304\u001b[0m 10.982 ms - -\u001b[0m","service":"preplyte-api","timestamp":"2026-02-06 09:19:07"}
{"level":"debug","message":"Query: SELECT 1","service":"preplyte-api","timestamp":"2026-02-06 09:19:19"}
{"level":"debug","message":"Params: []","service":"preplyte-api","timestamp":"2026-02-06 09:19:19"}
{"level":"debug","message":"Duration: 0ms","service":"preplyte-api","timestamp":"2026-02-06 09:19:19"}
{"level":"debug","message":"Query: SELECT \"public\".\"users\".\"id\", \"public\".\"users\".\"email\", \"public\".\"users\".\"role\"::text, \"public\".\"users\".\"instituteId\", \"public\".\"users\".\"isActive\", \"public\".\"users\".\"tokenVersion\" FROM \"public\".\"users\" WHERE (\"public\".\"users\".\"id\" = $1 AND 1=1) LIMIT $2 OFFSET $3","service":"preplyte-api","timestamp":"2026-02-06 09:19:19"}
{"level":"debug","message":"Params: [\"cml92r5r50001q3oopvkslp23\",1,0]","service":"preplyte-api","timestamp":"2026-02-06 09:19:19"}
{"level":"debug","message":"Duration: 1ms","service":"preplyte-api","timestamp":"2026-02-06 09:19:19"}
{"level":"debug","message":"Query: SELECT \"public\".\"lms_modules\".\"id\", \"public\".\"lms_modules\".\"courseId\", \"public\".\"lms_modules\".\"title\", \"public\".\"lms_modules\".\"shortDescription\", \"public\".\"lms_modules\".\"description\", \"public\".\"lms_modules\".\"order\", \"public\".\"lms_modules\".\"totalTopics\", \"public\".\"lms_modules\".\"points\", \"public\".\"lms_modules\".\"estimatedMinutes\", \"public\".\"lms_modules\".\"isActive\", \"public\".\"lms_modules\".\"createdAt\", \"public\".\"lms_modules\".\"updatedAt\" FROM \"public\".\"lms_modules\" WHERE (\"public\".\"lms_modules\".\"id\" = $1 AND 1=1) LIMIT $2 OFFSET $3","service":"preplyte-api","timestamp":"2026-02-06 09:19:19"}
{"level":"debug","message":"Params: [\"cml92k1ke000617d0l56w3n45\",1,0]","service":"preplyte-api","timestamp":"2026-02-06 09:19:19"}
{"level":"debug","message":"Duration: 2ms","service":"preplyte-api","timestamp":"2026-02-06 09:19:19"}
{"level":"debug","message":"Query: SELECT \"public\".\"lms_topics\".\"id\", \"public\".\"lms_topics\".\"moduleId\", \"public\".\"lms_topics\".\"title\", \"public\".\"lms_topics\".\"description\", \"public\".\"lms_topics\".\"order\", \"public\".\"lms_topics\".\"theoryContent\", \"public\".\"lms_topics\".\"videoUrl\", \"public\".\"lms_topics\".\"videoDuration\", \"public\".\"lms_topics\".\"estimatedMinutes\", \"public\".\"lms_topics\".\"resources\", \"public\".\"lms_topics\".\"isActive\", \"public\".\"lms_topics\".\"createdAt\", \"public\".\"lms_topics\".\"updatedAt\" FROM \"public\".\"lms_topics\" WHERE \"public\".\"lms_topics\".\"moduleId\" IN ($1) ORDER BY \"public\".\"lms_topics\".\"order\" ASC OFFSET $2","service":"preplyte-api","timestamp":"2026-02-06 09:19:19"}
{"level":"debug","message":"Params: [\"cml92k1ke000617d0l56w3n45\",0]","service":"preplyte-api","timestamp":"2026-02-06 09:19:19"}
{"level":"debug","message":"Duration: 2ms","service":"preplyte-api","timestamp":"2026-02-06 09:19:19"}
{"level":"info","message":"\u001b[0mGET /api/admin/lms/modules/cml92k1ke000617d0l56w3n45 \u001b[36m304\u001b[0m 34.843 ms - -\u001b[0m","service":"preplyte-api","timestamp":"2026-02-06 09:19:19"}
{"level":"debug","message":"Query: SELECT \"public\".\"users\".\"id\", \"public\".\"users\".\"email\", \"public\".\"users\".\"role\"::text, \"public\".\"users\".\"instituteId\", \"public\".\"users\".\"isActive\", \"public\".\"users\".\"tokenVersion\" FROM \"public\".\"users\" WHERE (\"public\".\"users\".\"id\" = $1 AND 1=1) LIMIT $2 OFFSET $3","service":"preplyte-api","timestamp":"2026-02-06 09:22:35"}
{"level":"debug","message":"Params: [\"cml92r5r50001q3oopvkslp23\",1,0]","service":"preplyte-api","timestamp":"2026-02-06 09:22:35"}
{"level":"debug","message":"Duration: 9ms","service":"preplyte-api","timestamp":"2026-02-06 09:22:35"}
{"level":"debug","message":"Query: SELECT \"public\".\"lms_courses\".\"id\", \"public\".\"lms_courses\".\"categoryId\", \"public\".\"lms_courses\".\"title\", \"public\".\"lms_courses\".\"slug\", \"public\".\"lms_courses\".\"shortDescription\", \"public\".\"lms_courses\".\"description\", \"public\".\"lms_courses\".\"thumbnailUrl\", \"public\".\"lms_courses\".\"previewVideoUrl\", \"public\".\"lms_courses\".\"totalModules\", \"public\".\"lms_courses\".\"totalTopics\", \"public\".\"lms_courses\".\"totalPoints\", \"public\".\"lms_courses\".\"totalHours\", \"public\".\"lms_courses\".\"price\", \"public\".\"lms_courses\".\"discountPrice\", \"public\".\"lms_courses\".\"currency\", \"public\".\"lms_courses\".\"status\"::text, \"public\".\"lms_courses\".\"isActive\", \"public\".\"lms_courses\".\"certificateEnabled\", \"public\".\"lms_courses\".\"passingPercentage\", \"public\".\"lms_courses\".\"tags\", \"public\".\"lms_courses\".\"difficulty\"::text, \"public\".\"lms_courses\".\"instructor\", \"public\".\"lms_courses\".\"language\", \"public\".\"lms_courses\".\"createdAt\", \"public\".\"lms_courses\".\"updatedAt\", \"public\".\"lms_courses\".\"publishedAt\", COALESCE(\"aggr_selection_0_LmsModule\".\"_aggr_count_modules\", 0) AS \"_aggr_count_modules\", COALESCE(\"aggr_selection_1_LmsEnrollment\".\"_aggr_count_enrollments\", 0) AS \"_aggr_count_enrollments\" FROM \"public\".\"lms_courses\" LEFT JOIN (SELECT \"public\".\"lms_modules\".\"courseId\", COUNT(*) AS \"_aggr_count_modules\" FROM \"public\".\"lms_modules\" WHERE 1=1 GROUP BY \"public\".\"lms_modules\".\"courseId\") AS \"aggr_selection_0_LmsModule\" ON (\"public\".\"lms_courses\".\"id\" = \"aggr_selection_0_LmsModule\".\"courseId\") LEFT JOIN (SELECT \"public\".\"lms_enrollments\".\"courseId\", COUNT(*) AS \"_aggr_count_enrollments\" FROM \"public\".\"lms_enrollments\" WHERE 1=1 GROUP BY \"public\".\"lms_enrollments\".\"courseId\") AS \"aggr_selection_1_LmsEnrollment\" ON (\"public\".\"lms_courses\".\"id\" = \"aggr_selection_1_LmsEnrollment\".\"courseId\") WHERE 1=1 ORDER BY \"public\".\"lms_courses\".\"createdAt\" DESC OFFSET $1","service":"preplyte-api","timestamp":"2026-02-06 09:22:36"}
{"level":"debug","message":"Params: [0]","service":"preplyte-api","timestamp":"2026-02-06 09:22:36"}
{"level":"debug","message":"Duration: 27ms","service":"preplyte-api","timestamp":"2026-02-06 09:22:36"}
{"level":"debug","message":"Query: SELECT \"public\".\"lms_categories\".\"id\", \"public\".\"lms_categories\".\"name\", \"public\".\"lms_categories\".\"slug\", \"public\".\"lms_categories\".\"description\", \"public\".\"lms_categories\".\"iconUrl\", \"public\".\"lms_categories\".\"order\", \"public\".\"lms_categories\".\"isActive\", \"public\".\"lms_categories\".\"createdAt\", \"public\".\"lms_categories\".\"updatedAt\" FROM \"public\".\"lms_categories\" WHERE \"public\".\"lms_categories\".\"id\" IN ($1) OFFSET $2","service":"preplyte-api","timestamp":"2026-02-06 09:22:36"}
{"level":"debug","message":"Params: [\"cml92k1i3000017d0bq70mkrl\",0]","service":"preplyte-api","timestamp":"2026-02-06 09:22:36"}
{"level":"debug","message":"Duration: 9ms","service":"preplyte-api","timestamp":"2026-02-06 09:22:36"}
{"level":"info","message":"\u001b[0mGET /api/admin/lms/courses?page=1&limit=10&search= \u001b[32m200\u001b[0m 133.817 ms - -\u001b[0m","service":"preplyte-api","timestamp":"2026-02-06 09:22:36"}
{"level":"debug","message":"Query: SELECT 1","service":"preplyte-api","timestamp":"2026-02-06 09:22:51"}
{"level":"debug","message":"Params: []","service":"preplyte-api","timestamp":"2026-02-06 09:22:51"}
{"level":"debug","message":"Duration: 0ms","service":"preplyte-api","timestamp":"2026-02-06 09:22:51"}
{"level":"debug","message":"Query: SELECT \"public\".\"users\".\"id\", \"public\".\"users\".\"email\", \"public\".\"users\".\"role\"::text, \"public\".\"users\".\"instituteId\", \"public\".\"users\".\"isActive\", \"public\".\"users\".\"tokenVersion\" FROM \"public\".\"users\" WHERE (\"public\".\"users\".\"id\" = $1 AND 1=1) LIMIT $2 OFFSET $3","service":"preplyte-api","timestamp":"2026-02-06 09:22:51"}
{"level":"debug","message":"Params: [\"cml92r5r50001q3oopvkslp23\",1,0]","service":"preplyte-api","timestamp":"2026-02-06 09:22:51"}
{"level":"debug","message":"Duration: 0ms","service":"preplyte-api","timestamp":"2026-02-06 09:22:51"}
{"level":"debug","message":"Query: SELECT \"public\".\"lms_courses\".\"id\", \"public\".\"lms_courses\".\"categoryId\", \"public\".\"lms_courses\".\"title\", \"public\".\"lms_courses\".\"slug\", \"public\".\"lms_courses\".\"shortDescription\", \"public\".\"lms_courses\".\"description\", \"public\".\"lms_courses\".\"thumbnailUrl\", \"public\".\"lms_courses\".\"previewVideoUrl\", \"public\".\"lms_courses\".\"totalModules\", \"public\".\"lms_courses\".\"totalTopics\", \"public\".\"lms_courses\".\"totalPoints\", \"public\".\"lms_courses\".\"totalHours\", \"public\".\"lms_courses\".\"price\", \"public\".\"lms_courses\".\"discountPrice\", \"public\".\"lms_courses\".\"currency\", \"public\".\"lms_courses\".\"status\"::text, \"public\".\"lms_courses\".\"isActive\", \"public\".\"lms_courses\".\"certificateEnabled\", \"public\".\"lms_courses\".\"passingPercentage\", \"public\".\"lms_courses\".\"tags\", \"public\".\"lms_courses\".\"difficulty\"::text, \"public\".\"lms_courses\".\"instructor\", \"public\".\"lms_courses\".\"language\", \"public\".\"lms_courses\".\"createdAt\", \"public\".\"lms_courses\".\"updatedAt\", \"public\".\"lms_courses\".\"publishedAt\", COALESCE(\"aggr_selection_0_LmsModule\".\"_aggr_count_modules\", 0) AS \"_aggr_count_modules\", COALESCE(\"aggr_selection_1_LmsEnrollment\".\"_aggr_count_enrollments\", 0) AS \"_aggr_count_enrollments\" FROM \"public\".\"lms_courses\" LEFT JOIN (SELECT \"public\".\"lms_modules\".\"courseId\", COUNT(*) AS \"_aggr_count_modules\" FROM \"public\".\"lms_modules\" WHERE 1=1 GROUP BY \"public\".\"lms_modules\".\"courseId\") AS \"aggr_selection_0_LmsModule\" ON (\"public\".\"lms_courses\".\"id\" = \"aggr_selection_0_LmsModule\".\"courseId\") LEFT JOIN (SELECT \"public\".\"lms_enrollments\".\"courseId\", COUNT(*) AS \"_aggr_count_enrollments\" FROM \"public\".\"lms_enrollments\" WHERE 1=1 GROUP BY \"public\".\"lms_enrollments\".\"courseId\") AS \"aggr_selection_1_LmsEnrollment\" ON (\"public\".\"lms_courses\".\"id\" = \"aggr_selection_1_LmsEnrollment\".\"courseId\") WHERE 1=1 ORDER BY \"public\".\"lms_courses\".\"createdAt\" DESC OFFSET $1","service":"preplyte-api","timestamp":"2026-02-06 09:22:51"}
{"level":"debug","message":"Params: [0]","service":"preplyte-api","timestamp":"2026-02-06 09:22:51"}
{"level":"debug","message":"Duration: 1ms","service":"preplyte-api","timestamp":"2026-02-06 09:22:51"}
{"level":"debug","message":"Query: SELECT \"public\".\"lms_categories\".\"id\", \"public\".\"lms_categories\".\"name\", \"public\".\"lms_categories\".\"slug\", \"public\".\"lms_categories\".\"description\", \"public\".\"lms_categories\".\"iconUrl\", \"public\".\"lms_categories\".\"order\", \"public\".\"lms_categories\".\"isActive\", \"public\".\"lms_categories\".\"createdAt\", \"public\".\"lms_categories\".\"updatedAt\" FROM \"public\".\"lms_categories\" WHERE \"public\".\"lms_categories\".\"id\" IN ($1) OFFSET $2","service":"preplyte-api","timestamp":"2026-02-06 09:22:51"}
{"level":"debug","message":"Params: [\"cml92k1i3000017d0bq70mkrl\",0]","service":"preplyte-api","timestamp":"2026-02-06 09:22:51"}
{"level":"debug","message":"Duration: 0ms","service":"preplyte-api","timestamp":"2026-02-06 09:22:51"}
{"level":"info","message":"\u001b[0mGET /api/admin/lms/courses?page=1&limit=10&search= \u001b[36m304\u001b[0m 17.909 ms - -\u001b[0m","service":"preplyte-api","timestamp":"2026-02-06 09:22:51"}
{"level":"debug","message":"Query: SELECT \"public\".\"users\".\"id\", \"public\".\"users\".\"email\", \"public\".\"users\".\"role\"::text, \"public\".\"users\".\"instituteId\", \"public\".\"users\".\"isActive\", \"public\".\"users\".\"tokenVersion\" FROM \"public\".\"users\" WHERE (\"public\".\"users\".\"id\" = $1 AND 1=1) LIMIT $2 OFFSET $3","service":"preplyte-api","timestamp":"2026-02-06 09:22:58"}
{"level":"debug","message":"Params: [\"cml92r5r50001q3oopvkslp23\",1,0]","service":"preplyte-api","timestamp":"2026-02-06 09:22:58"}
{"level":"debug","message":"Duration: 0ms","service":"preplyte-api","timestamp":"2026-02-06 09:22:58"}
{"level":"debug","message":"Query: SELECT \"public\".\"users\".\"id\", \"public\".\"users\".\"email\", \"public\".\"users\".\"role\"::text, \"public\".\"users\".\"instituteId\", \"public\".\"users\".\"isActive\", \"public\".\"users\".\"tokenVersion\" FROM \"public\".\"users\" WHERE (\"public\".\"users\".\"id\" = $1 AND 1=1) LIMIT $2 OFFSET $3","service":"preplyte-api","timestamp":"2026-02-06 09:22:58"}
{"level":"debug","message":"Params: [\"cml92r5r50001q3oopvkslp23\",1,0]","service":"preplyte-api","timestamp":"2026-02-06 09:22:58"}
{"level":"debug","message":"Duration: 0ms","service":"preplyte-api","timestamp":"2026-02-06 09:22:58"}
{"level":"debug","message":"Query: SELECT \"public\".\"lms_courses\".\"id\", \"public\".\"lms_courses\".\"categoryId\", \"public\".\"lms_courses\".\"title\", \"public\".\"lms_courses\".\"slug\", \"public\".\"lms_courses\".\"shortDescription\", \"public\".\"lms_courses\".\"description\", \"public\".\"lms_courses\".\"thumbnailUrl\", \"public\".\"lms_courses\".\"previewVideoUrl\", \"public\".\"lms_courses\".\"totalModules\", \"public\".\"lms_courses\".\"totalTopics\", \"public\".\"lms_courses\".\"totalPoints\", \"public\".\"lms_courses\".\"totalHours\", \"public\".\"lms_courses\".\"price\", \"public\".\"lms_courses\".\"discountPrice\", \"public\".\"lms_courses\".\"currency\", \"public\".\"lms_courses\".\"status\"::text, \"public\".\"lms_courses\".\"isActive\", \"public\".\"lms_courses\".\"certificateEnabled\", \"public\".\"lms_courses\".\"passingPercentage\", \"public\".\"lms_courses\".\"tags\", \"public\".\"lms_courses\".\"difficulty\"::text, \"public\".\"lms_courses\".\"instructor\", \"public\".\"lms_courses\".\"language\", \"public\".\"lms_courses\".\"createdAt\", \"public\".\"lms_courses\".\"updatedAt\", \"public\".\"lms_courses\".\"publishedAt\", COALESCE(\"aggr_selection_0_LmsEnrollment\".\"_aggr_count_enrollments\", 0) AS \"_aggr_count_enrollments\" FROM \"public\".\"lms_courses\" LEFT JOIN (SELECT \"public\".\"lms_enrollments\".\"courseId\", COUNT(*) AS \"_aggr_count_enrollments\" FROM \"public\".\"lms_enrollments\" WHERE 1=1 GROUP BY \"public\".\"lms_enrollments\".\"courseId\") AS \"aggr_selection_0_LmsEnrollment\" ON (\"public\".\"lms_courses\".\"id\" = \"aggr_selection_0_LmsEnrollment\".\"courseId\") WHERE (\"public\".\"lms_courses\".\"id\" = $1 AND 1=1) LIMIT $2 OFFSET $3","service":"preplyte-api","timestamp":"2026-02-06 09:22:59"}
{"level":"debug","message":"Params: [\"cml92k1k4000417d09rzlrf37\",1,0]","service":"preplyte-api","timestamp":"2026-02-06 09:22:59"}
{"level":"debug","message":"Duration: 1ms","service":"preplyte-api","timestamp":"2026-02-06 09:22:59"}
{"level":"debug","message":"Query: SELECT \"public\".\"lms_categories\".\"id\", \"public\".\"lms_categories\".\"name\", \"public\".\"lms_categories\".\"slug\", \"public\".\"lms_categories\".\"description\", \"public\".\"lms_categories\".\"iconUrl\", \"public\".\"lms_categories\".\"order\", \"public\".\"lms_categories\".\"isActive\", \"public\".\"lms_categories\".\"createdAt\", \"public\".\"lms_categories\".\"updatedAt\" FROM \"public\".\"lms_categories\" WHERE \"public\".\"lms_categories\".\"id\" IN ($1) OFFSET $2","service":"preplyte-api","timestamp":"2026-02-06 09:22:59"}
{"level":"debug","message":"Params: [\"cml92k1i3000017d0bq70mkrl\",0]","service":"preplyte-api","timestamp":"2026-02-06 09:22:59"}
{"level":"debug","message":"Duration: 0ms","service":"preplyte-api","timestamp":"2026-02-06 09:22:59"}
{"level":"debug","message":"Query: SELECT \"public\".\"lms_modules\".\"id\", \"public\".\"lms_modules\".\"courseId\", \"public\".\"lms_modules\".\"title\", \"public\".\"lms_modules\".\"shortDescription\", \"public\".\"lms_modules\".\"description\", \"public\".\"lms_modules\".\"order\", \"public\".\"lms_modules\".\"totalTopics\", \"public\".\"lms_modules\".\"points\", \"public\".\"lms_modules\".\"estimatedMinutes\", \"public\".\"lms_modules\".\"isActive\", \"public\".\"lms_modules\".\"createdAt\", \"public\".\"lms_modules\".\"updatedAt\" FROM \"public\".\"lms_modules\" WHERE \"public\".\"lms_modules\".\"courseId\" IN ($1) ORDER BY \"public\".\"lms_modules\".\"order\" ASC OFFSET $2","service":"preplyte-api","timestamp":"2026-02-06 09:22:59"}
{"level":"debug","message":"Params: [\"cml92k1k4000417d09rzlrf37\",0]","service":"preplyte-api","timestamp":"2026-02-06 09:22:59"}
{"level":"debug","message":"Duration: 1ms","service":"preplyte-api","timestamp":"2026-02-06 09:22:59"}
{"level":"debug","message":"Query: SELECT \"public\".\"lms_topics\".\"id\", \"public\".\"lms_topics\".\"moduleId\", \"public\".\"lms_topics\".\"title\", \"public\".\"lms_topics\".\"description\", \"public\".\"lms_topics\".\"order\", \"public\".\"lms_topics\".\"theoryContent\", \"public\".\"lms_topics\".\"videoUrl\", \"public\".\"lms_topics\".\"videoDuration\", \"public\".\"lms_topics\".\"estimatedMinutes\", \"public\".\"lms_topics\".\"resources\", \"public\".\"lms_topics\".\"isActive\", \"public\".\"lms_topics\".\"createdAt\", \"public\".\"lms_topics\".\"updatedAt\" FROM \"public\".\"lms_topics\" WHERE \"public\".\"lms_topics\".\"moduleId\" IN ($1,$2,$3,$4,$5) ORDER BY \"public\".\"lms_topics\".\"order\" ASC OFFSET $6","service":"preplyte-api","timestamp":"2026-02-06 09:22:59"}
{"level":"debug","message":"Params: [\"cml92k1ke000617d0l56w3n45\",\"cml92k1kj000817d0x6y6z5f7\",\"cml92k1kl000a17d0yp4e89wr\",\"cml92k1kn000c17d0ocn7frmc\",\"cml92k1kp000e17d03txb42ra\",0]","service":"preplyte-api","timestamp":"2026-02-06 09:22:59"}
{"level":"debug","message":"Duration: 4ms","service":"preplyte-api","timestamp":"2026-02-06 09:22:59"}
{"level":"info","message":"\u001b[0mGET /api/admin/lms/courses/cml92k1k4000417d09rzlrf37 \u001b[36m304\u001b[0m 23.521 ms - -\u001b[0m","service":"preplyte-api","timestamp":"2026-02-06 09:22:59"}
{"level":"debug","message":"Query: SELECT \"public\".\"lms_modules\".\"id\", \"public\".\"lms_modules\".\"courseId\", \"public\".\"lms_modules\".\"title\", \"public\".\"lms_modules\".\"shortDescription\", \"public\".\"lms_modules\".\"description\", \"public\".\"lms_modules\".\"order\", \"public\".\"lms_modules\".\"totalTopics\", \"public\".\"lms_modules\".\"points\", \"public\".\"lms_modules\".\"estimatedMinutes\", \"public\".\"lms_modules\".\"isActive\", \"public\".\"lms_modules\".\"createdAt\", \"public\".\"lms_modules\".\"updatedAt\" FROM \"public\".\"lms_modules\" WHERE \"public\".\"lms_modules\".\"courseId\" = $1 ORDER BY \"public\".\"lms_modules\".\"order\" ASC OFFSET $2","service":"preplyte-api","timestamp":"2026-02-06 09:22:59"}
{"level":"debug","message":"Params: [\"cml92k1k4000417d09rzlrf37\",0]","service":"preplyte-api","timestamp":"2026-02-06 09:22:59"}
{"level":"debug","message":"Duration: 5ms","service":"preplyte-api","timestamp":"2026-02-06 09:22:59"}
{"level":"info","message":"\u001b[0mGET /api/admin/lms/courses/cml92k1k4000417d09rzlrf37/modules?courseId=cml92k1k4000417d09rzlrf37 \u001b[36m304\u001b[0m 75.347 ms - -\u001b[0m","service":"preplyte-api","timestamp":"2026-02-06 09:22:59"}
{"level":"debug","message":"Query: SELECT 1","service":"preplyte-api","timestamp":"2026-02-06 09:23:14"}
{"level":"debug","message":"Params: []","service":"preplyte-api","timestamp":"2026-02-06 09:23:14"}
{"level":"debug","message":"Duration: 0ms","service":"preplyte-api","timestamp":"2026-02-06 09:23:14"}
{"level":"debug","message":"Query: SELECT \"public\".\"users\".\"id\", \"public\".\"users\".\"email\", \"public\".\"users\".\"role\"::text, \"public\".\"users\".\"instituteId\", \"public\".\"users\".\"isActive\", \"public\".\"users\".\"tokenVersion\" FROM \"public\".\"users\" WHERE (\"public\".\"users\".\"id\" = $1 AND 1=1) LIMIT $2 OFFSET $3","service":"preplyte-api","timestamp":"2026-02-06 09:23:14"}
{"level":"debug","message":"Params: [\"cml92r5r50001q3oopvkslp23\",1,0]","service":"preplyte-api","timestamp":"2026-02-06 09:23:14"}
{"level":"debug","message":"Duration: 6ms","service":"preplyte-api","timestamp":"2026-02-06 09:23:14"}
{"level":"debug","message":"Query: SELECT 1","service":"preplyte-api","timestamp":"2026-02-06 09:23:14"}
{"level":"debug","message":"Params: []","service":"preplyte-api","timestamp":"2026-02-06 09:23:14"}
{"level":"debug","message":"Duration: 0ms","service":"preplyte-api","timestamp":"2026-02-06 09:23:14"}
{"level":"debug","message":"Query: SELECT AVG(\"progressPercent\") FROM (SELECT \"public\".\"lms_enrollments\".\"progressPercent\" FROM \"public\".\"lms_enrollments\" WHERE 1=1 OFFSET $1) AS \"sub\"","service":"preplyte-api","timestamp":"2026-02-06 09:23:14"}
{"level":"debug","message":"Params: [0]","service":"preplyte-api","timestamp":"2026-02-06 09:23:14"}
{"level":"debug","message":"Duration: 0ms","service":"preplyte-api","timestamp":"2026-02-06 09:23:14"}
{"level":"debug","message":"Query: SELECT COUNT(*) FROM (SELECT \"public\".\"lms_courses\".\"id\" FROM \"public\".\"lms_courses\" WHERE 1=1 OFFSET $1) AS \"sub\"","service":"preplyte-api","timestamp":"2026-02-06 09:23:14"}
{"level":"debug","message":"Params: [0]","service":"preplyte-api","timestamp":"2026-02-06 09:23:14"}
{"level":"debug","message":"Duration: 7ms","service":"preplyte-api","timestamp":"2026-02-06 09:23:14"}
{"level":"debug","message":"Query: SELECT COUNT(*) FROM (SELECT \"public\".\"lms_enrollments\".\"id\" FROM \"public\".\"lms_enrollments\" WHERE 1=1 OFFSET $1) AS \"sub\"","service":"preplyte-api","timestamp":"2026-02-06 09:23:14"}
{"level":"debug","message":"Params: [0]","service":"preplyte-api","timestamp":"2026-02-06 09:23:14"}
{"level":"debug","message":"Duration: 5ms","service":"preplyte-api","timestamp":"2026-02-06 09:23:14"}
{"level":"debug","message":"Query: SELECT COUNT(*) FROM (SELECT \"public\".\"lms_categories\".\"id\" FROM \"public\".\"lms_categories\" WHERE 1=1 OFFSET $1) AS \"sub\"","service":"preplyte-api","timestamp":"2026-02-06 09:23:14"}
{"level":"debug","message":"Params: [0]","service":"preplyte-api","timestamp":"2026-02-06 09:23:14"}
{"level":"debug","message":"Duration: 4ms","service":"preplyte-api","timestamp":"2026-02-06 09:23:14"}
{"level":"debug","message":"Query: SELECT COUNT(*) FROM (SELECT \"public\".\"lms_modules\".\"id\" FROM \"public\".\"lms_modules\" WHERE 1=1 OFFSET $1) AS \"sub\"","service":"preplyte-api","timestamp":"2026-02-06 09:23:14"}
{"level":"debug","message":"Params: [0]","service":"preplyte-api","timestamp":"2026-02-06 09:23:14"}
{"level":"debug","message":"Duration: 1ms","service":"preplyte-api","timestamp":"2026-02-06 09:23:14"}
{"level":"debug","message":"Query: SELECT COUNT(*) FROM (SELECT \"public\".\"lms_topics\".\"id\" FROM \"public\".\"lms_topics\" WHERE 1=1 OFFSET $1) AS \"sub\"","service":"preplyte-api","timestamp":"2026-02-06 09:23:14"}
{"level":"debug","message":"Params: [0]","service":"preplyte-api","timestamp":"2026-02-06 09:23:14"}
{"level":"debug","message":"Duration: 5ms","service":"preplyte-api","timestamp":"2026-02-06 09:23:14"}
{"level":"debug","message":"Query: SELECT \"public\".\"lms_courses\".\"id\", \"public\".\"lms_courses\".\"price\", \"public\".\"lms_courses\".\"discountPrice\", COALESCE(\"aggr_selection_0_LmsEnrollment\".\"_aggr_count_enrollments\", 0) AS \"_aggr_count_enrollments\" FROM \"public\".\"lms_courses\" LEFT JOIN (SELECT \"public\".\"lms_enrollments\".\"courseId\", COUNT(*) AS \"_aggr_count_enrollments\" FROM \"public\".\"lms_enrollments\" WHERE 1=1 GROUP BY \"public\".\"lms_enrollments\".\"courseId\") AS \"aggr_selection_0_LmsEnrollment\" ON (\"public\".\"lms_courses\".\"id\" = \"aggr_selection_0_LmsEnrollment\".\"courseId\") WHERE \"public\".\"lms_courses\".\"price\" > $1 OFFSET $2","service":"preplyte-api","timestamp":"2026-02-06 09:23:14"}
{"level":"debug","message":"Params: [0,0]","service":"preplyte-api","timestamp":"2026-02-06 09:23:14"}
{"level":"debug","message":"Duration: 11ms","service":"preplyte-api","timestamp":"2026-02-06 09:23:14"}
{"level":"debug","message":"Query: SELECT COUNT(*) FROM (SELECT \"public\".\"lms_courses\".\"id\" FROM \"public\".\"lms_courses\" WHERE \"public\".\"lms_courses\".\"status\" = CAST($1::text AS \"public\".\"LmsCourseStatus\") OFFSET $2) AS \"sub\"","service":"preplyte-api","timestamp":"2026-02-06 09:23:14"}
{"level":"debug","message":"Params: [\"PUBLISHED\",0]","service":"preplyte-api","timestamp":"2026-02-06 09:23:14"}
{"level":"debug","message":"Duration: 13ms","service":"preplyte-api","timestamp":"2026-02-06 09:23:14"}
{"level":"debug","message":"Query: SELECT COUNT(*) FROM (SELECT \"public\".\"lms_enrollments\".\"id\" FROM \"public\".\"lms_enrollments\" WHERE \"public\".\"lms_enrollments\".\"status\" = CAST($1::text AS \"public\".\"LmsEnrollmentStatus\") OFFSET $2) AS \"sub\"","service":"preplyte-api","timestamp":"2026-02-06 09:23:14"}
{"level":"debug","message":"Params: [\"COMPLETED\",0]","service":"preplyte-api","timestamp":"2026-02-06 09:23:14"}
{"level":"debug","message":"Duration: 6ms","service":"preplyte-api","timestamp":"2026-02-06 09:23:14"}
{"level":"debug","message":"Query: SELECT \"public\".\"lms_enrollments\".\"id\", \"public\".\"lms_enrollments\".\"enrolledAt\" FROM \"public\".\"lms_enrollments\" WHERE \"public\".\"lms_enrollments\".\"enrolledAt\" >= $1 ORDER BY \"public\".\"lms_enrollments\".\"id\" ASC LIMIT $2 OFFSET $3","service":"preplyte-api","timestamp":"2026-02-06 09:23:14"}
{"level":"debug","message":"Params: [\"2026-01-07 03:53:14.246 UTC\",1000,0]","service":"preplyte-api","timestamp":"2026-02-06 09:23:14"}
{"level":"debug","message":"Duration: 1ms","service":"preplyte-api","timestamp":"2026-02-06 09:23:14"}
{"level":"debug","message":"Query: SELECT \"public\".\"lms_courses\".\"id\", \"public\".\"lms_courses\".\"title\", \"public\".\"lms_courses\".\"price\", \"public\".\"lms_courses\".\"discountPrice\", COALESCE(\"aggr_selection_0_LmsEnrollment\".\"_aggr_count_enrollments\", 0) AS \"_aggr_count_enrollments\" FROM \"public\".\"lms_courses\" LEFT JOIN (SELECT \"public\".\"lms_enrollments\".\"courseId\", COUNT(*) AS \"orderby_aggregator\" FROM \"public\".\"lms_enrollments\" WHERE 1=1 GROUP BY \"public\".\"lms_enrollments\".\"courseId\") AS \"orderby_1_LmsEnrollment\" ON (\"public\".\"lms_courses\".\"id\" = \"orderby_1_LmsEnrollment\".\"courseId\") LEFT JOIN (SELECT \"public\".\"lms_enrollments\".\"courseId\", COUNT(*) AS \"_aggr_count_enrollments\" FROM \"public\".\"lms_enrollments\" WHERE 1=1 GROUP BY \"public\".\"lms_enrollments\".\"courseId\") AS \"aggr_selection_0_LmsEnrollment\" ON (\"public\".\"lms_courses\".\"id\" = \"aggr_selection_0_LmsEnrollment\".\"courseId\") WHERE 1=1 ORDER BY COALESCE(\"orderby_1_LmsEnrollment\".\"orderby_aggregator\", $1) DESC LIMIT $2 OFFSET $3","service":"preplyte-api","timestamp":"2026-02-06 09:23:14"}
{"level":"debug","message":"Params: [0,5,0]","service":"preplyte-api","timestamp":"2026-02-06 09:23:14"}
{"level":"debug","message":"Duration: 2ms","service":"preplyte-api","timestamp":"2026-02-06 09:23:14"}
{"level":"debug","message":"Query: SELECT \"public\".\"lms_categories\".\"id\", \"public\".\"lms_categories\".\"name\", \"public\".\"lms_categories\".\"slug\", \"public\".\"lms_categories\".\"description\", \"public\".\"lms_categories\".\"iconUrl\", \"public\".\"lms_categories\".\"order\", \"public\".\"lms_categories\".\"isActive\", \"public\".\"lms_categories\".\"createdAt\", \"public\".\"lms_categories\".\"updatedAt\" FROM \"public\".\"lms_categories\" WHERE 1=1 OFFSET $1","service":"preplyte-api","timestamp":"2026-02-06 09:23:14"}
{"level":"debug","message":"Params: [0]","service":"preplyte-api","timestamp":"2026-02-06 09:23:14"}
{"level":"debug","message":"Duration: 5ms","service":"preplyte-api","timestamp":"2026-02-06 09:23:14"}
{"level":"debug","message":"Query: SELECT AVG(\"public\".\"lms_enrollments\".\"progressPercent\"), \"public\".\"lms_enrollments\".\"courseId\" FROM \"public\".\"lms_enrollments\" WHERE \"public\".\"lms_enrollments\".\"courseId\" IN ($1,$2,$3) GROUP BY \"public\".\"lms_enrollments\".\"courseId\" OFFSET $4","service":"preplyte-api","timestamp":"2026-02-06 09:23:14"}
{"level":"debug","message":"Params: [\"cml94bejx00051360oftmcm9a\",\"cml92k1k4000417d09rzlrf37\",\"cml93bbti0001h2p0y0h24vng\",0]","service":"preplyte-api","timestamp":"2026-02-06 09:23:14"}
{"level":"debug","message":"Duration: 1ms","service":"preplyte-api","timestamp":"2026-02-06 09:23:14"}
{"level":"debug","message":"Query: SELECT \"public\".\"lms_courses\".\"id\", \"public\".\"lms_courses\".\"categoryId\", COALESCE(\"aggr_selection_0_LmsEnrollment\".\"_aggr_count_enrollments\", 0) AS \"_aggr_count_enrollments\" FROM \"public\".\"lms_courses\" LEFT JOIN (SELECT \"public\".\"lms_enrollments\".\"courseId\", COUNT(*) AS \"_aggr_count_enrollments\" FROM \"public\".\"lms_enrollments\" WHERE 1=1 GROUP BY \"public\".\"lms_enrollments\".\"courseId\") AS \"aggr_selection_0_LmsEnrollment\" ON (\"public\".\"lms_courses\".\"id\" = \"aggr_selection_0_LmsEnrollment\".\"courseId\") WHERE \"public\".\"lms_courses\".\"categoryId\" IN ($1,$2,$3) OFFSET $4","service":"preplyte-api","timestamp":"2026-02-06 09:23:14"}
{"level":"debug","message":"Params: [\"cml92k1i3000017d0bq70mkrl\",\"cml92k1jr000117d0cg73jwlc\",\"cml92k1jt000217d0r4tfrsnl\",0]","service":"preplyte-api","timestamp":"2026-02-06 09:23:14"}
{"level":"debug","message":"Duration: 5ms","service":"preplyte-api","timestamp":"2026-02-06 09:23:14"}
{"level":"info","message":"\u001b[0mGET /api/admin/lms/analytics/overview \u001b[36m304\u001b[0m 126.119 ms - -\u001b[0m","service":"preplyte-api","timestamp":"2026-02-06 09:23:14"}
{"level":"debug","message":"Query: SELECT 1","service":"preplyte-api","timestamp":"2026-02-06 09:23:47"}
{"level":"debug","message":"Params: []","service":"preplyte-api","timestamp":"2026-02-06 09:23:47"}
{"level":"debug","message":"Duration: 0ms","service":"preplyte-api","timestamp":"2026-02-06 09:23:47"}
{"level":"debug","message":"Query: SELECT \"public\".\"users\".\"id\", \"public\".\"users\".\"email\", \"public\".\"users\".\"role\"::text, \"public\".\"users\".\"instituteId\", \"public\".\"users\".\"isActive\", \"public\".\"users\".\"tokenVersion\" FROM \"public\".\"users\" WHERE (\"public\".\"users\".\"id\" = $1 AND 1=1) LIMIT $2 OFFSET $3","service":"preplyte-api","timestamp":"2026-02-06 09:23:47"}
{"level":"debug","message":"Params: [\"cml92r5r50001q3oopvkslp23\",1,0]","service":"preplyte-api","timestamp":"2026-02-06 09:23:47"}
{"level":"debug","message":"Duration: 8ms","service":"preplyte-api","timestamp":"2026-02-06 09:23:47"}
{"level":"debug","message":"Query: SELECT \"public\".\"lms_courses\".\"id\", \"public\".\"lms_courses\".\"categoryId\", \"public\".\"lms_courses\".\"title\", \"public\".\"lms_courses\".\"slug\", \"public\".\"lms_courses\".\"shortDescription\", \"public\".\"lms_courses\".\"description\", \"public\".\"lms_courses\".\"thumbnailUrl\", \"public\".\"lms_courses\".\"previewVideoUrl\", \"public\".\"lms_courses\".\"totalModules\", \"public\".\"lms_courses\".\"totalTopics\", \"public\".\"lms_courses\".\"totalPoints\", \"public\".\"lms_courses\".\"totalHours\", \"public\".\"lms_courses\".\"price\", \"public\".\"lms_courses\".\"discountPrice\", \"public\".\"lms_courses\".\"currency\", \"public\".\"lms_courses\".\"status\"::text, \"public\".\"lms_courses\".\"isActive\", \"public\".\"lms_courses\".\"certificateEnabled\", \"public\".\"lms_courses\".\"passingPercentage\", \"public\".\"lms_courses\".\"tags\", \"public\".\"lms_courses\".\"difficulty\"::text, \"public\".\"lms_courses\".\"instructor\", \"public\".\"lms_courses\".\"language\", \"public\".\"lms_courses\".\"createdAt\", \"public\".\"lms_courses\".\"updatedAt\", \"public\".\"lms_courses\".\"publishedAt\", COALESCE(\"aggr_selection_0_LmsEnrollment\".\"_aggr_count_enrollments\", 0) AS \"_aggr_count_enrollments\" FROM \"public\".\"lms_courses\" LEFT JOIN (SELECT \"public\".\"lms_enrollments\".\"courseId\", COUNT(*) AS \"_aggr_count_enrollments\" FROM \"public\".\"lms_enrollments\" WHERE 1=1 GROUP BY \"public\".\"lms_enrollments\".\"courseId\") AS \"aggr_selection_0_LmsEnrollment\" ON (\"public\".\"lms_courses\".\"id\" = \"aggr_selection_0_LmsEnrollment\".\"courseId\") WHERE (\"public\".\"lms_courses\".\"id\" = $1 AND 1=1) LIMIT $2 OFFSET $3","service":"preplyte-api","timestamp":"2026-02-06 09:23:47"}
{"level":"debug","message":"Params: [\"cml94bejx00051360oftmcm9a\",1,0]","service":"preplyte-api","timestamp":"2026-02-06 09:23:47"}
{"level":"debug","message":"Duration: 2ms","service":"preplyte-api","timestamp":"2026-02-06 09:23:47"}
{"level":"debug","message":"Query: SELECT \"public\".\"lms_categories\".\"id\", \"public\".\"lms_categories\".\"name\", \"public\".\"lms_categories\".\"slug\", \"public\".\"lms_categories\".\"description\", \"public\".\"lms_categories\".\"iconUrl\", \"public\".\"lms_categories\".\"order\", \"public\".\"lms_categories\".\"isActive\", \"public\".\"lms_categories\".\"createdAt\", \"public\".\"lms_categories\".\"updatedAt\" FROM \"public\".\"lms_categories\" WHERE \"public\".\"lms_categories\".\"id\" IN ($1) OFFSET $2","service":"preplyte-api","timestamp":"2026-02-06 09:23:47"}
{"level":"debug","message":"Params: [\"cml92k1i3000017d0bq70mkrl\",0]","service":"preplyte-api","timestamp":"2026-02-06 09:23:47"}
{"level":"debug","message":"Duration: 1ms","service":"preplyte-api","timestamp":"2026-02-06 09:23:47"}
{"level":"debug","message":"Query: SELECT \"public\".\"lms_modules\".\"id\", \"public\".\"lms_modules\".\"courseId\", \"public\".\"lms_modules\".\"title\", \"public\".\"lms_modules\".\"shortDescription\", \"public\".\"lms_modules\".\"description\", \"public\".\"lms_modules\".\"order\", \"public\".\"lms_modules\".\"totalTopics\", \"public\".\"lms_modules\".\"points\", \"public\".\"lms_modules\".\"estimatedMinutes\", \"public\".\"lms_modules\".\"isActive\", \"public\".\"lms_modules\".\"createdAt\", \"public\".\"lms_modules\".\"updatedAt\" FROM \"public\".\"lms_modules\" WHERE \"public\".\"lms_modules\".\"courseId\" IN ($1) ORDER BY \"public\".\"lms_modules\".\"order\" ASC OFFSET $2","service":"preplyte-api","timestamp":"2026-02-06 09:23:47"}
{"level":"debug","message":"Params: [\"cml94bejx00051360oftmcm9a\",0]","service":"preplyte-api","timestamp":"2026-02-06 09:23:47"}
{"level":"debug","message":"Duration: 5ms","service":"preplyte-api","timestamp":"2026-02-06 09:23:47"}
{"level":"debug","message":"Query: SELECT \"public\".\"lms_topics\".\"id\", \"public\".\"lms_topics\".\"moduleId\", \"public\".\"lms_topics\".\"title\", \"public\".\"lms_topics\".\"description\", \"public\".\"lms_topics\".\"order\", \"public\".\"lms_topics\".\"theoryContent\", \"public\".\"lms_topics\".\"videoUrl\", \"public\".\"lms_topics\".\"videoDuration\", \"public\".\"lms_topics\".\"estimatedMinutes\", \"public\".\"lms_topics\".\"resources\", \"public\".\"lms_topics\".\"isActive\", \"public\".\"lms_topics\".\"createdAt\", \"public\".\"lms_topics\".\"updatedAt\" FROM \"public\".\"lms_topics\" WHERE \"public\".\"lms_topics\".\"moduleId\" IN ($1) ORDER BY \"public\".\"lms_topics\".\"order\" ASC OFFSET $2","service":"preplyte-api","timestamp":"2026-02-06 09:23:47"}
{"level":"debug","message":"Params: [\"cml94bejx00061360ybgbi4lp\",0]","service":"preplyte-api","timestamp":"2026-02-06 09:23:47"}
{"level":"debug","message":"Duration: 6ms","service":"preplyte-api","timestamp":"2026-02-06 09:23:47"}
{"level":"info","message":"\u001b[0mGET /api/admin/lms/courses/cml94bejx00051360oftmcm9a \u001b[36m304\u001b[0m 38.764 ms - -\u001b[0m","service":"preplyte-api","timestamp":"2026-02-06 09:23:47"}
{"level":"debug","message":"Query: SELECT \"public\".\"users\".\"id\", \"public\".\"users\".\"email\", \"public\".\"users\".\"role\"::text, \"public\".\"users\".\"instituteId\", \"public\".\"users\".\"isActive\", \"public\".\"users\".\"tokenVersion\" FROM \"public\".\"users\" WHERE (\"public\".\"users\".\"id\" = $1 AND 1=1) LIMIT $2 OFFSET $3","service":"preplyte-api","timestamp":"2026-02-06 09:23:47"}
{"level":"debug","message":"Params: [\"cml92r5r50001q3oopvkslp23\",1,0]","service":"preplyte-api","timestamp":"2026-02-06 09:23:47"}
{"level":"debug","message":"Duration: 0ms","service":"preplyte-api","timestamp":"2026-02-06 09:23:47"}
{"level":"debug","message":"Query: SELECT \"public\".\"lms_categories\".\"id\", \"public\".\"lms_categories\".\"name\", \"public\".\"lms_categories\".\"slug\", \"public\".\"lms_categories\".\"description\", \"public\".\"lms_categories\".\"iconUrl\", \"public\".\"lms_categories\".\"order\", \"public\".\"lms_categories\".\"isActive\", \"public\".\"lms_categories\".\"createdAt\", \"public\".\"lms_categories\".\"updatedAt\", COALESCE(\"aggr_selection_0_LmsCourse\".\"_aggr_count_courses\", 0) AS \"_aggr_count_courses\" FROM \"public\".\"lms_categories\" LEFT JOIN (SELECT \"public\".\"lms_courses\".\"categoryId\", COUNT(*) AS \"_aggr_count_courses\" FROM \"public\".\"lms_courses\" WHERE 1=1 GROUP BY \"public\".\"lms_courses\".\"categoryId\") AS \"aggr_selection_0_LmsCourse\" ON (\"public\".\"lms_categories\".\"id\" = \"aggr_selection_0_LmsCourse\".\"categoryId\") WHERE 1=1 ORDER BY \"public\".\"lms_categories\".\"order\" ASC OFFSET $1","service":"preplyte-api","timestamp":"2026-02-06 09:23:47"}
{"level":"debug","message":"Params: [0]","service":"preplyte-api","timestamp":"2026-02-06 09:23:47"}
{"level":"debug","message":"Duration: 1ms","service":"preplyte-api","timestamp":"2026-02-06 09:23:47"}
{"level":"info","message":"\u001b[0mGET /api/admin/lms/categories \u001b[36m304\u001b[0m 12.212 ms - -\u001b[0m","service":"preplyte-api","timestamp":"2026-02-06 09:23:47"}
{"level":"debug","message":"Query: SELECT \"public\".\"users\".\"id\", \"public\".\"users\".\"email\", \"public\".\"users\".\"role\"::text, \"public\".\"users\".\"instituteId\", \"public\".\"users\".\"isActive\", \"public\".\"users\".\"tokenVersion\" FROM \"public\".\"users\" WHERE (\"public\".\"users\".\"id\" = $1 AND 1=1) LIMIT $2 OFFSET $3","service":"preplyte-api","timestamp":"2026-02-06 09:23:53"}
{"level":"debug","message":"Params: [\"cml92r5r50001q3oopvkslp23\",1,0]","service":"preplyte-api","timestamp":"2026-02-06 09:23:53"}
{"level":"debug","message":"Duration: 0ms","service":"preplyte-api","timestamp":"2026-02-06 09:23:53"}
{"level":"debug","message":"Query: SELECT \"public\".\"lms_courses\".\"id\", \"public\".\"lms_courses\".\"categoryId\", \"public\".\"lms_courses\".\"title\", \"public\".\"lms_courses\".\"slug\", \"public\".\"lms_courses\".\"shortDescription\", \"public\".\"lms_courses\".\"description\", \"public\".\"lms_courses\".\"thumbnailUrl\", \"public\".\"lms_courses\".\"previewVideoUrl\", \"public\".\"lms_courses\".\"totalModules\", \"public\".\"lms_courses\".\"totalTopics\", \"public\".\"lms_courses\".\"totalPoints\", \"public\".\"lms_courses\".\"totalHours\", \"public\".\"lms_courses\".\"price\", \"public\".\"lms_courses\".\"discountPrice\", \"public\".\"lms_courses\".\"currency\", \"public\".\"lms_courses\".\"status\"::text, \"public\".\"lms_courses\".\"isActive\", \"public\".\"lms_courses\".\"certificateEnabled\", \"public\".\"lms_courses\".\"passingPercentage\", \"public\".\"lms_courses\".\"tags\", \"public\".\"lms_courses\".\"difficulty\"::text, \"public\".\"lms_courses\".\"instructor\", \"public\".\"lms_courses\".\"language\", \"public\".\"lms_courses\".\"createdAt\", \"public\".\"lms_courses\".\"updatedAt\", \"public\".\"lms_courses\".\"publishedAt\", COALESCE(\"aggr_selection_0_LmsModule\".\"_aggr_count_modules\", 0) AS \"_aggr_count_modules\", COALESCE(\"aggr_selection_1_LmsEnrollment\".\"_aggr_count_enrollments\", 0) AS \"_aggr_count_enrollments\" FROM \"public\".\"lms_courses\" LEFT JOIN (SELECT \"public\".\"lms_modules\".\"courseId\", COUNT(*) AS \"_aggr_count_modules\" FROM \"public\".\"lms_modules\" WHERE 1=1 GROUP BY \"public\".\"lms_modules\".\"courseId\") AS \"aggr_selection_0_LmsModule\" ON (\"public\".\"lms_courses\".\"id\" = \"aggr_selection_0_LmsModule\".\"courseId\") LEFT JOIN (SELECT \"public\".\"lms_enrollments\".\"courseId\", COUNT(*) AS \"_aggr_count_enrollments\" FROM \"public\".\"lms_enrollments\" WHERE 1=1 GROUP BY \"public\".\"lms_enrollments\".\"courseId\") AS \"aggr_selection_1_LmsEnrollment\" ON (\"public\".\"lms_courses\".\"id\" = \"aggr_selection_1_LmsEnrollment\".\"courseId\") WHERE 1=1 ORDER BY \"public\".\"lms_courses\".\"createdAt\" DESC OFFSET $1","service":"preplyte-api","timestamp":"2026-02-06 09:23:53"}
{"level":"debug","message":"Params: [0]","service":"preplyte-api","timestamp":"2026-02-06 09:23:53"}
{"level":"debug","message":"Duration: 2ms","service":"preplyte-api","timestamp":"2026-02-06 09:23:53"}
{"level":"debug","message":"Query: SELECT \"public\".\"lms_categories\".\"id\", \"public\".\"lms_categories\".\"name\", \"public\".\"lms_categories\".\"slug\", \"public\".\"lms_categories\".\"description\", \"public\".\"lms_categories\".\"iconUrl\", \"public\".\"lms_categories\".\"order\", \"public\".\"lms_categories\".\"isActive\", \"public\".\"lms_categories\".\"createdAt\", \"public\".\"lms_categories\".\"updatedAt\" FROM \"public\".\"lms_categories\" WHERE \"public\".\"lms_categories\".\"id\" IN ($1) OFFSET $2","service":"preplyte-api","timestamp":"2026-02-06 09:23:53"}
{"level":"debug","message":"Params: [\"cml92k1i3000017d0bq70mkrl\",0]","service":"preplyte-api","timestamp":"2026-02-06 09:23:53"}
{"level":"debug","message":"Duration: 0ms","service":"preplyte-api","timestamp":"2026-02-06 09:23:53"}
{"level":"info","message":"\u001b[0mGET /api/admin/lms/courses?page=1&limit=10&search= \u001b[36m304\u001b[0m 16.076 ms - -\u001b[0m","service":"preplyte-api","timestamp":"2026-02-06 09:23:53"}
{"level":"debug","message":"Query: SELECT 1","service":"preplyte-api","timestamp":"2026-02-06 09:24:04"}
{"level":"debug","message":"Params: []","service":"preplyte-api","timestamp":"2026-02-06 09:24:04"}
{"level":"debug","message":"Duration: 0ms","service":"preplyte-api","timestamp":"2026-02-06 09:24:04"}
{"level":"debug","message":"Query: SELECT \"public\".\"users\".\"id\", \"public\".\"users\".\"email\", \"public\".\"users\".\"role\"::text, \"public\".\"users\".\"instituteId\", \"public\".\"users\".\"isActive\", \"public\".\"users\".\"tokenVersion\" FROM \"public\".\"users\" WHERE (\"public\".\"users\".\"id\" = $1 AND 1=1) LIMIT $2 OFFSET $3","service":"preplyte-api","timestamp":"2026-02-06 09:24:04"}
{"level":"debug","message":"Params: [\"cml92r5r50001q3oopvkslp23\",1,0]","service":"preplyte-api","timestamp":"2026-02-06 09:24:04"}
{"level":"debug","message":"Duration: 0ms","service":"preplyte-api","timestamp":"2026-02-06 09:24:04"}
{"level":"debug","message":"Query: SELECT \"public\".\"lms_courses\".\"id\", \"public\".\"lms_courses\".\"categoryId\", \"public\".\"lms_courses\".\"title\", \"public\".\"lms_courses\".\"slug\", \"public\".\"lms_courses\".\"shortDescription\", \"public\".\"lms_courses\".\"description\", \"public\".\"lms_courses\".\"thumbnailUrl\", \"public\".\"lms_courses\".\"previewVideoUrl\", \"public\".\"lms_courses\".\"totalModules\", \"public\".\"lms_courses\".\"totalTopics\", \"public\".\"lms_courses\".\"totalPoints\", \"public\".\"lms_courses\".\"totalHours\", \"public\".\"lms_courses\".\"price\", \"public\".\"lms_courses\".\"discountPrice\", \"public\".\"lms_courses\".\"currency\", \"public\".\"lms_courses\".\"status\"::text, \"public\".\"lms_courses\".\"isActive\", \"public\".\"lms_courses\".\"certificateEnabled\", \"public\".\"lms_courses\".\"passingPercentage\", \"public\".\"lms_courses\".\"tags\", \"public\".\"lms_courses\".\"difficulty\"::text, \"public\".\"lms_courses\".\"instructor\", \"public\".\"lms_courses\".\"language\", \"public\".\"lms_courses\".\"createdAt\", \"public\".\"lms_courses\".\"updatedAt\", \"public\".\"lms_courses\".\"publishedAt\", COALESCE(\"aggr_selection_0_LmsEnrollment\".\"_aggr_count_enrollments\", 0) AS \"_aggr_count_enrollments\" FROM \"public\".\"lms_courses\" LEFT JOIN (SELECT \"public\".\"lms_enrollments\".\"courseId\", COUNT(*) AS \"_aggr_count_enrollments\" FROM \"public\".\"lms_enrollments\" WHERE 1=1 GROUP BY \"public\".\"lms_enrollments\".\"courseId\") AS \"aggr_selection_0_LmsEnrollment\" ON (\"public\".\"lms_courses\".\"id\" = \"aggr_selection_0_LmsEnrollment\".\"courseId\") WHERE (\"public\".\"lms_courses\".\"id\" = $1 AND 1=1) LIMIT $2 OFFSET $3","service":"preplyte-api","timestamp":"2026-02-06 09:24:04"}
{"level":"debug","message":"Params: [\"cml92k1k4000417d09rzlrf37\",1,0]","service":"preplyte-api","timestamp":"2026-02-06 09:24:04"}
{"level":"debug","message":"Duration: 1ms","service":"preplyte-api","timestamp":"2026-02-06 09:24:04"}
{"level":"debug","message":"Query: SELECT \"public\".\"lms_categories\".\"id\", \"public\".\"lms_categories\".\"name\", \"public\".\"lms_categories\".\"slug\", \"public\".\"lms_categories\".\"description\", \"public\".\"lms_categories\".\"iconUrl\", \"public\".\"lms_categories\".\"order\", \"public\".\"lms_categories\".\"isActive\", \"public\".\"lms_categories\".\"createdAt\", \"public\".\"lms_categories\".\"updatedAt\" FROM \"public\".\"lms_categories\" WHERE \"public\".\"lms_categories\".\"id\" IN ($1) OFFSET $2","service":"preplyte-api","timestamp":"2026-02-06 09:24:04"}
{"level":"debug","message":"Params: [\"cml92k1i3000017d0bq70mkrl\",0]","service":"preplyte-api","timestamp":"2026-02-06 09:24:04"}
{"level":"debug","message":"Duration: 0ms","service":"preplyte-api","timestamp":"2026-02-06 09:24:04"}
{"level":"debug","message":"Query: SELECT \"public\".\"lms_modules\".\"id\", \"public\".\"lms_modules\".\"courseId\", \"public\".\"lms_modules\".\"title\", \"public\".\"lms_modules\".\"shortDescription\", \"public\".\"lms_modules\".\"description\", \"public\".\"lms_modules\".\"order\", \"public\".\"lms_modules\".\"totalTopics\", \"public\".\"lms_modules\".\"points\", \"public\".\"lms_modules\".\"estimatedMinutes\", \"public\".\"lms_modules\".\"isActive\", \"public\".\"lms_modules\".\"createdAt\", \"public\".\"lms_modules\".\"updatedAt\" FROM \"public\".\"lms_modules\" WHERE \"public\".\"lms_modules\".\"courseId\" IN ($1) ORDER BY \"public\".\"lms_modules\".\"order\" ASC OFFSET $2","service":"preplyte-api","timestamp":"2026-02-06 09:24:04"}
{"level":"debug","message":"Params: [\"cml92k1k4000417d09rzlrf37\",0]","service":"preplyte-api","timestamp":"2026-02-06 09:24:04"}
{"level":"debug","message":"Duration: 0ms","service":"preplyte-api","timestamp":"2026-02-06 09:24:04"}
{"level":"debug","message":"Query: SELECT \"public\".\"lms_topics\".\"id\", \"public\".\"lms_topics\".\"moduleId\", \"public\".\"lms_topics\".\"title\", \"public\".\"lms_topics\".\"description\", \"public\".\"lms_topics\".\"order\", \"public\".\"lms_topics\".\"theoryContent\", \"public\".\"lms_topics\".\"videoUrl\", \"public\".\"lms_topics\".\"videoDuration\", \"public\".\"lms_topics\".\"estimatedMinutes\", \"public\".\"lms_topics\".\"resources\", \"public\".\"lms_topics\".\"isActive\", \"public\".\"lms_topics\".\"createdAt\", \"public\".\"lms_topics\".\"updatedAt\" FROM \"public\".\"lms_topics\" WHERE \"public\".\"lms_topics\".\"moduleId\" IN ($1,$2,$3,$4,$5) ORDER BY \"public\".\"lms_topics\".\"order\" ASC OFFSET $6","service":"preplyte-api","timestamp":"2026-02-06 09:24:04"}
{"level":"debug","message":"Params: [\"cml92k1ke000617d0l56w3n45\",\"cml92k1kj000817d0x6y6z5f7\",\"cml92k1kl000a17d0yp4e89wr\",\"cml92k1kn000c17d0ocn7frmc\",\"cml92k1kp000e17d03txb42ra\",0]","service":"preplyte-api","timestamp":"2026-02-06 09:24:04"}
{"level":"debug","message":"Duration: 1ms","service":"preplyte-api","timestamp":"2026-02-06 09:24:04"}
{"level":"info","message":"\u001b[0mGET /api/admin/lms/courses/cml92k1k4000417d09rzlrf37 \u001b[36m304\u001b[0m 19.711 ms - -\u001b[0m","service":"preplyte-api","timestamp":"2026-02-06 09:24:04"}
{"baseURL":"https://judge0-ce.p.rapidapi.com","level":"info","message":"Judge0 client initialized","service":"preplyte-api","timestamp":"2026-02-06 09:26:19","useRapidAPI":true}
{"level":"info","message":"[TTS] Using Deepgram for text-to-speech","service":"preplyte-api","timestamp":"2026-02-06 09:26:19"}
{"environment":"development","host":"0.0.0.0","level":"info","message":"Starting server...","port":4000,"service":"preplyte-api","timestamp":"2026-02-06 09:26:20"}
{"level":"info","message":"Checking database connection...","service":"preplyte-api","timestamp":"2026-02-06 09:26:20"}
{"level":"debug","message":"Query: SELECT 1","service":"preplyte-api","timestamp":"2026-02-06 09:26:20"}
{"level":"debug","message":"Params: []","service":"preplyte-api","timestamp":"2026-02-06 09:26:20"}
{"level":"debug","message":"Duration: 1ms","service":"preplyte-api","timestamp":"2026-02-06 09:26:20"}
{"level":"info","message":"✅ Database connected successfully","service":"preplyte-api","timestamp":"2026-02-06 09:26:20"}
{"level":"info","message":"[WS Gateway] WebSocket server initialized","path":"/ws/interview/:sessionId","service":"preplyte-api","timestamp":"2026-02-06 09:26:20"}
{"api":"http://localhost:4000/api","environment":"development","health":"http://localhost:4000/health","host":"0.0.0.0","level":"info","message":"🚀 Server running","port":4000,"service":"preplyte-api","timestamp":"2026-02-06 09:26:20","websocket":"ws://localhost:4000/ws/interview/:sessionId"}
{"baseURL":"https://judge0-ce.p.rapidapi.com","level":"info","message":"Judge0 client initialized","service":"preplyte-api","timestamp":"2026-02-06 09:26:46","useRapidAPI":true}
{"level":"info","message":"[TTS] Using Deepgram for text-to-speech","service":"preplyte-api","timestamp":"2026-02-06 09:26:46"}
{"environment":"development","host":"0.0.0.0","level":"info","message":"Starting server...","port":4000,"service":"preplyte-api","timestamp":"2026-02-06 09:26:46"}
{"level":"info","message":"Checking database connection...","service":"preplyte-api","timestamp":"2026-02-06 09:26:46"}
{"level":"debug","message":"Query: SELECT 1","service":"preplyte-api","timestamp":"2026-02-06 09:26:46"}
{"level":"debug","message":"Params: []","service":"preplyte-api","timestamp":"2026-02-06 09:26:46"}
{"level":"debug","message":"Duration: 0ms","service":"preplyte-api","timestamp":"2026-02-06 09:26:46"}
{"level":"info","message":"✅ Database connected successfully","service":"preplyte-api","timestamp":"2026-02-06 09:26:46"}
{"level":"info","message":"[WS Gateway] WebSocket server initialized","path":"/ws/interview/:sessionId","service":"preplyte-api","timestamp":"2026-02-06 09:26:46"}
{"api":"http://localhost:4000/api","environment":"development","health":"http://localhost:4000/health","host":"0.0.0.0","level":"info","message":"🚀 Server running","port":4000,"service":"preplyte-api","timestamp":"2026-02-06 09:26:46","websocket":"ws://localhost:4000/ws/interview/:sessionId"}
{"level":"info","message":"\u001b[0mGET /api/admin/lms/categories \u001b[33m401\u001b[0m 14.000 ms - 108\u001b[0m","service":"preplyte-api","timestamp":"2026-02-06 09:27:05"}
{"level":"info","message":"\u001b[0mGET /api/admin/lms/courses/cml94bejx00051360oftmcm9a \u001b[33m401\u001b[0m 2.479 ms - 108\u001b[0m","service":"preplyte-api","timestamp":"2026-02-06 09:27:05"}
{"level":"debug","message":"Query: SELECT 1","service":"preplyte-api","timestamp":"2026-02-06 09:27:05"}
{"level":"debug","message":"Params: []","service":"preplyte-api","timestamp":"2026-02-06 09:27:05"}
{"level":"debug","message":"Duration: 0ms","service":"preplyte-api","timestamp":"2026-02-06 09:27:05"}
{"level":"debug","message":"Query: SELECT \"public\".\"refresh_tokens\".\"id\", \"public\".\"refresh_tokens\".\"token\", \"public\".\"refresh_tokens\".\"userId\", \"public\".\"refresh_tokens\".\"expiresAt\", \"public\".\"refresh_tokens\".\"revokedAt\", \"public\".\"refresh_tokens\".\"userAgent\", \"public\".\"refresh_tokens\".\"ipAddress\", \"public\".\"refresh_tokens\".\"createdAt\" FROM \"public\".\"refresh_tokens\" WHERE (\"public\".\"refresh_tokens\".\"token\" = $1 AND \"public\".\"refresh_tokens\".\"userId\" = $2) LIMIT $3 OFFSET $4","service":"preplyte-api","timestamp":"2026-02-06 09:27:05"}
{"level":"debug","message":"Params: [\"d2611f237313bfabaf663621dea9b7d59e6761f4af116cb7e3c62871ebe2a8ad\",\"cml92r5r50001q3oopvkslp23\",1,0]","service":"preplyte-api","timestamp":"2026-02-06 09:27:05"}
{"level":"debug","message":"Duration: 7ms","service":"preplyte-api","timestamp":"2026-02-06 09:27:05"}
{"level":"debug","message":"Query: SELECT \"public\".\"users\".\"id\", \"public\".\"users\".\"email\", \"public\".\"users\".\"password\", \"public\".\"users\".\"name\", \"public\".\"users\".\"role\"::text, \"public\".\"users\".\"isActive\", \"public\".\"users\".\"instituteId\", \"public\".\"users\".\"createdAt\", \"public\".\"users\".\"updatedAt\", \"public\".\"users\".\"lastLoginAt\", \"public\".\"users\".\"tokenVersion\" FROM \"public\".\"users\" WHERE (\"public\".\"users\".\"id\" = $1 AND 1=1) LIMIT $2 OFFSET $3","service":"preplyte-api","timestamp":"2026-02-06 09:27:05"}
{"level":"debug","message":"Params: [\"cml92r5r50001q3oopvkslp23\",1,0]","service":"preplyte-api","timestamp":"2026-02-06 09:27:05"}
{"level":"debug","message":"Duration: 6ms","service":"preplyte-api","timestamp":"2026-02-06 09:27:05"}
{"level":"debug","message":"Query: BEGIN","service":"preplyte-api","timestamp":"2026-02-06 09:27:06"}
{"level":"debug","message":"Params: []","service":"preplyte-api","timestamp":"2026-02-06 09:27:06"}
{"level":"debug","message":"Duration: 0ms","service":"preplyte-api","timestamp":"2026-02-06 09:27:06"}
{"level":"debug","message":"Query: UPDATE \"public\".\"refresh_tokens\" SET \"revokedAt\" = $1 WHERE (\"public\".\"refresh_tokens\".\"id\" = $2 AND 1=1) RETURNING \"public\".\"refresh_tokens\".\"id\", \"public\".\"refresh_tokens\".\"token\", \"public\".\"refresh_tokens\".\"userId\", \"public\".\"refresh_tokens\".\"expiresAt\", \"public\".\"refresh_tokens\".\"revokedAt\", \"public\".\"refresh_tokens\".\"userAgent\", \"public\".\"refresh_tokens\".\"ipAddress\", \"public\".\"refresh_tokens\".\"createdAt\"","service":"preplyte-api","timestamp":"2026-02-06 09:27:06"}
{"level":"debug","message":"Params: [\"2026-02-06 03:57:05.996 UTC\",\"cmlac7rvf000148udocu61a8i\"]","service":"preplyte-api","timestamp":"2026-02-06 09:27:06"}
{"level":"debug","message":"Duration: 2ms","service":"preplyte-api","timestamp":"2026-02-06 09:27:06"}
{"level":"debug","message":"Query: INSERT INTO \"public\".\"refresh_tokens\" (\"id\",\"token\",\"userId\",\"expiresAt\",\"createdAt\") VALUES ($1,$2,$3,$4,$5) RETURNING \"public\".\"refresh_tokens\".\"id\", \"public\".\"refresh_tokens\".\"token\", \"public\".\"refresh_tokens\".\"userId\", \"public\".\"refresh_tokens\".\"expiresAt\", \"public\".\"refresh_tokens\".\"revokedAt\", \"public\".\"refresh_tokens\".\"userAgent\", \"public\".\"refresh_tokens\".\"ipAddress\", \"public\".\"refresh_tokens\".\"createdAt\"","service":"preplyte-api","timestamp":"2026-02-06 09:27:06"}
{"level":"debug","message":"Params: [\"cmlactcut0001nmfr4zs6601y\",\"f0ab9a84a8fd37feb61f91df0385791e82b8762b7c4d2d4597cbe91fa97aaa8c\",\"cml92r5r50001q3oopvkslp23\",\"2026-02-13 03:57:05.996 UTC\",\"2026-02-06 03:57:06.004 UTC\"]","service":"preplyte-api","timestamp":"2026-02-06 09:27:06"}
{"level":"debug","message":"Duration: 2ms","service":"preplyte-api","timestamp":"2026-02-06 09:27:06"}
{"level":"debug","message":"Query: COMMIT","service":"preplyte-api","timestamp":"2026-02-06 09:27:06"}
{"level":"debug","message":"Params: []","service":"preplyte-api","timestamp":"2026-02-06 09:27:06"}
{"level":"debug","message":"Duration: 1ms","service":"preplyte-api","timestamp":"2026-02-06 09:27:06"}
{"level":"info","message":"Token refreshed successfully","service":"preplyte-api","timestamp":"2026-02-06 09:27:06","userId":"cml92r5r50001q3oopvkslp23"}
{"level":"info","message":"\u001b[0mPOST /api/auth/refresh \u001b[32m200\u001b[0m 90.331 ms - 946\u001b[0m","service":"preplyte-api","timestamp":"2026-02-06 09:27:06"}
{"level":"debug","message":"Query: SELECT \"public\".\"users\".\"id\", \"public\".\"users\".\"email\", \"public\".\"users\".\"role\"::text, \"public\".\"users\".\"instituteId\", \"public\".\"users\".\"isActive\", \"public\".\"users\".\"tokenVersion\" FROM \"public\".\"users\" WHERE (\"public\".\"users\".\"id\" = $1 AND 1=1) LIMIT $2 OFFSET $3","service":"preplyte-api","timestamp":"2026-02-06 09:27:06"}
{"level":"debug","message":"Params: [\"cml92r5r50001q3oopvkslp23\",1,0]","service":"preplyte-api","timestamp":"2026-02-06 09:27:06"}
{"level":"debug","message":"Duration: 1ms","service":"preplyte-api","timestamp":"2026-02-06 09:27:06"}
{"level":"debug","message":"Query: SELECT \"public\".\"users\".\"id\", \"public\".\"users\".\"email\", \"public\".\"users\".\"role\"::text, \"public\".\"users\".\"instituteId\", \"public\".\"users\".\"isActive\", \"public\".\"users\".\"tokenVersion\" FROM \"public\".\"users\" WHERE (\"public\".\"users\".\"id\" = $1 AND 1=1) LIMIT $2 OFFSET $3","service":"preplyte-api","timestamp":"2026-02-06 09:27:06"}
{"level":"debug","message":"Params: [\"cml92r5r50001q3oopvkslp23\",1,0]","service":"preplyte-api","timestamp":"2026-02-06 09:27:06"}
{"level":"debug","message":"Duration: 0ms","service":"preplyte-api","timestamp":"2026-02-06 09:27:06"}
{"level":"debug","message":"Query: SELECT \"public\".\"lms_courses\".\"id\", \"public\".\"lms_courses\".\"categoryId\", \"public\".\"lms_courses\".\"title\", \"public\".\"lms_courses\".\"slug\", \"public\".\"lms_courses\".\"shortDescription\", \"public\".\"lms_courses\".\"description\", \"public\".\"lms_courses\".\"thumbnailUrl\", \"public\".\"lms_courses\".\"previewVideoUrl\", \"public\".\"lms_courses\".\"totalModules\", \"public\".\"lms_courses\".\"totalTopics\", \"public\".\"lms_courses\".\"totalPoints\", \"public\".\"lms_courses\".\"totalHours\", \"public\".\"lms_courses\".\"price\", \"public\".\"lms_courses\".\"discountPrice\", \"public\".\"lms_courses\".\"currency\", \"public\".\"lms_courses\".\"status\"::text, \"public\".\"lms_courses\".\"isActive\", \"public\".\"lms_courses\".\"certificateEnabled\", \"public\".\"lms_courses\".\"passingPercentage\", \"public\".\"lms_courses\".\"tags\", \"public\".\"lms_courses\".\"difficulty\"::text, \"public\".\"lms_courses\".\"instructor\", \"public\".\"lms_courses\".\"language\", \"public\".\"lms_courses\".\"createdAt\", \"public\".\"lms_courses\".\"updatedAt\", \"public\".\"lms_courses\".\"publishedAt\", COALESCE(\"aggr_selection_0_LmsEnrollment\".\"_aggr_count_enrollments\", 0) AS \"_aggr_count_enrollments\" FROM \"public\".\"lms_courses\" LEFT JOIN (SELECT \"public\".\"lms_enrollments\".\"courseId\", COUNT(*) AS \"_aggr_count_enrollments\" FROM \"public\".\"lms_enrollments\" WHERE 1=1 GROUP BY \"public\".\"lms_enrollments\".\"courseId\") AS \"aggr_selection_0_LmsEnrollment\" ON (\"public\".\"lms_courses\".\"id\" = \"aggr_selection_0_LmsEnrollment\".\"courseId\") WHERE (\"public\".\"lms_courses\".\"id\" = $1 AND 1=1) LIMIT $2 OFFSET $3","service":"preplyte-api","timestamp":"2026-02-06 09:27:06"}
{"level":"debug","message":"Params: [\"cml94bejx00051360oftmcm9a\",1,0]","service":"preplyte-api","timestamp":"2026-02-06 09:27:06"}
{"level":"debug","message":"Duration: 12ms","service":"preplyte-api","timestamp":"2026-02-06 09:27:06"}
{"level":"debug","message":"Query: SELECT \"public\".\"lms_categories\".\"id\", \"public\".\"lms_categories\".\"name\", \"public\".\"lms_categories\".\"slug\", \"public\".\"lms_categories\".\"description\", \"public\".\"lms_categories\".\"iconUrl\", \"public\".\"lms_categories\".\"order\", \"public\".\"lms_categories\".\"isActive\", \"public\".\"lms_categories\".\"createdAt\", \"public\".\"lms_categories\".\"updatedAt\" FROM \"public\".\"lms_categories\" WHERE \"public\".\"lms_categories\".\"id\" IN ($1) OFFSET $2","service":"preplyte-api","timestamp":"2026-02-06 09:27:06"}
{"level":"debug","message":"Params: [\"cml92k1i3000017d0bq70mkrl\",0]","service":"preplyte-api","timestamp":"2026-02-06 09:27:06"}
{"level":"debug","message":"Duration: 5ms","service":"preplyte-api","timestamp":"2026-02-06 09:27:06"}
{"level":"debug","message":"Query: SELECT \"public\".\"lms_modules\".\"id\", \"public\".\"lms_modules\".\"courseId\", \"public\".\"lms_modules\".\"title\", \"public\".\"lms_modules\".\"shortDescription\", \"public\".\"lms_modules\".\"description\", \"public\".\"lms_modules\".\"order\", \"public\".\"lms_modules\".\"totalTopics\", \"public\".\"lms_modules\".\"points\", \"public\".\"lms_modules\".\"estimatedMinutes\", \"public\".\"lms_modules\".\"isActive\", \"public\".\"lms_modules\".\"createdAt\", \"public\".\"lms_modules\".\"updatedAt\" FROM \"public\".\"lms_modules\" WHERE \"public\".\"lms_modules\".\"courseId\" IN ($1) ORDER BY \"public\".\"lms_modules\".\"order\" ASC OFFSET $2","service":"preplyte-api","timestamp":"2026-02-06 09:27:06"}
{"level":"debug","message":"Params: [\"cml94bejx00051360oftmcm9a\",0]","service":"preplyte-api","timestamp":"2026-02-06 09:27:06"}
{"level":"debug","message":"Duration: 4ms","service":"preplyte-api","timestamp":"2026-02-06 09:27:06"}
{"level":"debug","message":"Query: SELECT \"public\".\"lms_topics\".\"id\", \"public\".\"lms_topics\".\"moduleId\", \"public\".\"lms_topics\".\"title\", \"public\".\"lms_topics\".\"description\", \"public\".\"lms_topics\".\"order\", \"public\".\"lms_topics\".\"theoryContent\", \"public\".\"lms_topics\".\"videoUrl\", \"public\".\"lms_topics\".\"videoDuration\", \"public\".\"lms_topics\".\"estimatedMinutes\", \"public\".\"lms_topics\".\"resources\", \"public\".\"lms_topics\".\"isActive\", \"public\".\"lms_topics\".\"createdAt\", \"public\".\"lms_topics\".\"updatedAt\" FROM \"public\".\"lms_topics\" WHERE \"public\".\"lms_topics\".\"moduleId\" IN ($1) ORDER BY \"public\".\"lms_topics\".\"order\" ASC OFFSET $2","service":"preplyte-api","timestamp":"2026-02-06 09:27:06"}
{"level":"debug","message":"Params: [\"cml94bejx00061360ybgbi4lp\",0]","service":"preplyte-api","timestamp":"2026-02-06 09:27:06"}
{"level":"debug","message":"Duration: 4ms","service":"preplyte-api","timestamp":"2026-02-06 09:27:06"}
{"level":"debug","message":"Query: SELECT \"public\".\"lms_module_tests\".\"id\", \"public\".\"lms_module_tests\".\"moduleId\", \"public\".\"lms_module_tests\".\"title\", \"public\".\"lms_module_tests\".\"instructions\", \"public\".\"lms_module_tests\".\"totalQuestions\", \"public\".\"lms_module_tests\".\"passingScore\", \"public\".\"lms_module_tests\".\"timeLimitMinutes\", \"public\".\"lms_module_tests\".\"maxAttempts\", \"public\".\"lms_module_tests\".\"pointsPerQuestion\", \"public\".\"lms_module_tests\".\"totalPoints\", \"public\".\"lms_module_tests\".\"isActive\", \"public\".\"lms_module_tests\".\"createdAt\", \"public\".\"lms_module_tests\".\"updatedAt\" FROM \"public\".\"lms_module_tests\" WHERE \"public\".\"lms_module_tests\".\"moduleId\" IN ($1) OFFSET $2","service":"preplyte-api","timestamp":"2026-02-06 09:27:06"}
{"level":"debug","message":"Params: [\"cml94bejx00061360ybgbi4lp\",0]","service":"preplyte-api","timestamp":"2026-02-06 09:27:06"}
{"level":"debug","message":"Duration: 3ms","service":"preplyte-api","timestamp":"2026-02-06 09:27:06"}
{"level":"debug","message":"Query: SELECT \"public\".\"lms_final_tests\".\"id\", \"public\".\"lms_final_tests\".\"courseId\", \"public\".\"lms_final_tests\".\"title\", \"public\".\"lms_final_tests\".\"instructions\", \"public\".\"lms_final_tests\".\"totalQuestions\", \"public\".\"lms_final_tests\".\"passingScore\", \"public\".\"lms_final_tests\".\"timeLimitMinutes\", \"public\".\"lms_final_tests\".\"pointsPerQuestion\", \"public\".\"lms_final_tests\".\"totalPoints\", \"public\".\"lms_final_tests\".\"maxAttempts\", \"public\".\"lms_final_tests\".\"isActive\", \"public\".\"lms_final_tests\".\"createdAt\", \"public\".\"lms_final_tests\".\"updatedAt\" FROM \"public\".\"lms_final_tests\" WHERE \"public\".\"lms_final_tests\".\"courseId\" IN ($1) OFFSET $2","service":"preplyte-api","timestamp":"2026-02-06 09:27:06"}
{"level":"debug","message":"Params: [\"cml94bejx00051360oftmcm9a\",0]","service":"preplyte-api","timestamp":"2026-02-06 09:27:06"}
{"level":"debug","message":"Duration: 4ms","service":"preplyte-api","timestamp":"2026-02-06 09:27:06"}
{"level":"info","message":"\u001b[0mGET /api/admin/lms/courses/cml94bejx00051360oftmcm9a \u001b[32m200\u001b[0m 56.933 ms - -\u001b[0m","service":"preplyte-api","timestamp":"2026-02-06 09:27:06"}
{"level":"debug","message":"Query: SELECT \"public\".\"lms_categories\".\"id\", \"public\".\"lms_categories\".\"name\", \"public\".\"lms_categories\".\"slug\", \"public\".\"lms_categories\".\"description\", \"public\".\"lms_categories\".\"iconUrl\", \"public\".\"lms_categories\".\"order\", \"public\".\"lms_categories\".\"isActive\", \"public\".\"lms_categories\".\"createdAt\", \"public\".\"lms_categories\".\"updatedAt\", COALESCE(\"aggr_selection_0_LmsCourse\".\"_aggr_count_courses\", 0) AS \"_aggr_count_courses\" FROM \"public\".\"lms_categories\" LEFT JOIN (SELECT \"public\".\"lms_courses\".\"categoryId\", COUNT(*) AS \"_aggr_count_courses\" FROM \"public\".\"lms_courses\" WHERE 1=1 GROUP BY \"public\".\"lms_courses\".\"categoryId\") AS \"aggr_selection_0_LmsCourse\" ON (\"public\".\"lms_categories\".\"id\" = \"aggr_selection_0_LmsCourse\".\"categoryId\") WHERE 1=1 ORDER BY \"public\".\"lms_categories\".\"order\" ASC OFFSET $1","service":"preplyte-api","timestamp":"2026-02-06 09:27:06"}
{"level":"debug","message":"Params: [0]","service":"preplyte-api","timestamp":"2026-02-06 09:27:06"}
{"level":"debug","message":"Duration: 11ms","service":"preplyte-api","timestamp":"2026-02-06 09:27:06"}
{"level":"info","message":"\u001b[0mGET /api/admin/lms/categories \u001b[36m304\u001b[0m 90.726 ms - -\u001b[0m","service":"preplyte-api","timestamp":"2026-02-06 09:27:06"}
{"level":"debug","message":"Query: SELECT \"public\".\"users\".\"id\", \"public\".\"users\".\"email\", \"public\".\"users\".\"role\"::text, \"public\".\"users\".\"instituteId\", \"public\".\"users\".\"isActive\", \"public\".\"users\".\"tokenVersion\" FROM \"public\".\"users\" WHERE (\"public\".\"users\".\"id\" = $1 AND 1=1) LIMIT $2 OFFSET $3","service":"preplyte-api","timestamp":"2026-02-06 09:27:08"}
{"level":"debug","message":"Params: [\"cml92r5r50001q3oopvkslp23\",1,0]","service":"preplyte-api","timestamp":"2026-02-06 09:27:08"}
{"level":"debug","message":"Duration: 5ms","service":"preplyte-api","timestamp":"2026-02-06 09:27:08"}
{"level":"debug","message":"Query: SELECT \"public\".\"lms_courses\".\"id\", \"public\".\"lms_courses\".\"categoryId\", \"public\".\"lms_courses\".\"title\", \"public\".\"lms_courses\".\"slug\", \"public\".\"lms_courses\".\"shortDescription\", \"public\".\"lms_courses\".\"description\", \"public\".\"lms_courses\".\"thumbnailUrl\", \"public\".\"lms_courses\".\"previewVideoUrl\", \"public\".\"lms_courses\".\"totalModules\", \"public\".\"lms_courses\".\"totalTopics\", \"public\".\"lms_courses\".\"totalPoints\", \"public\".\"lms_courses\".\"totalHours\", \"public\".\"lms_courses\".\"price\", \"public\".\"lms_courses\".\"discountPrice\", \"public\".\"lms_courses\".\"currency\", \"public\".\"lms_courses\".\"status\"::text, \"public\".\"lms_courses\".\"isActive\", \"public\".\"lms_courses\".\"certificateEnabled\", \"public\".\"lms_courses\".\"passingPercentage\", \"public\".\"lms_courses\".\"tags\", \"public\".\"lms_courses\".\"difficulty\"::text, \"public\".\"lms_courses\".\"instructor\", \"public\".\"lms_courses\".\"language\", \"public\".\"lms_courses\".\"createdAt\", \"public\".\"lms_courses\".\"updatedAt\", \"public\".\"lms_courses\".\"publishedAt\", COALESCE(\"aggr_selection_0_LmsModule\".\"_aggr_count_modules\", 0) AS \"_aggr_count_modules\", COALESCE(\"aggr_selection_1_LmsEnrollment\".\"_aggr_count_enrollments\", 0) AS \"_aggr_count_enrollments\" FROM \"public\".\"lms_courses\" LEFT JOIN (SELECT \"public\".\"lms_modules\".\"courseId\", COUNT(*) AS \"_aggr_count_modules\" FROM \"public\".\"lms_modules\" WHERE 1=1 GROUP BY \"public\".\"lms_modules\".\"courseId\") AS \"aggr_selection_0_LmsModule\" ON (\"public\".\"lms_courses\".\"id\" = \"aggr_selection_0_LmsModule\".\"courseId\") LEFT JOIN (SELECT \"public\".\"lms_enrollments\".\"courseId\", COUNT(*) AS \"_aggr_count_enrollments\" FROM \"public\".\"lms_enrollments\" WHERE 1=1 GROUP BY \"public\".\"lms_enrollments\".\"courseId\") AS \"aggr_selection_1_LmsEnrollment\" ON (\"public\".\"lms_courses\".\"id\" = \"aggr_selection_1_LmsEnrollment\".\"courseId\") WHERE 1=1 ORDER BY \"public\".\"lms_courses\".\"createdAt\" DESC OFFSET $1","service":"preplyte-api","timestamp":"2026-02-06 09:27:08"}
{"level":"debug","message":"Params: [0]","service":"preplyte-api","timestamp":"2026-02-06 09:27:08"}
{"level":"debug","message":"Duration: 9ms","service":"preplyte-api","timestamp":"2026-02-06 09:27:08"}
{"level":"debug","message":"Query: SELECT \"public\".\"lms_categories\".\"id\", \"public\".\"lms_categories\".\"name\", \"public\".\"lms_categories\".\"slug\", \"public\".\"lms_categories\".\"description\", \"public\".\"lms_categories\".\"iconUrl\", \"public\".\"lms_categories\".\"order\", \"public\".\"lms_categories\".\"isActive\", \"public\".\"lms_categories\".\"createdAt\", \"public\".\"lms_categories\".\"updatedAt\" FROM \"public\".\"lms_categories\" WHERE \"public\".\"lms_categories\".\"id\" IN ($1) OFFSET $2","service":"preplyte-api","timestamp":"2026-02-06 09:27:08"}
{"level":"debug","message":"Params: [\"cml92k1i3000017d0bq70mkrl\",0]","service":"preplyte-api","timestamp":"2026-02-06 09:27:08"}
{"level":"debug","message":"Duration: 0ms","service":"preplyte-api","timestamp":"2026-02-06 09:27:08"}
{"level":"info","message":"\u001b[0mGET /api/admin/lms/courses?page=1&limit=10&search= \u001b[36m304\u001b[0m 29.014 ms - -\u001b[0m","service":"preplyte-api","timestamp":"2026-02-06 09:27:08"}
{"level":"info","message":"\u001b[0mGET /api/admin/lms/courses?page=1&limit=10&search= \u001b[33m401\u001b[0m 1.460 ms - 108\u001b[0m","service":"preplyte-api","timestamp":"2026-02-06 09:27:11"}
{"level":"debug","message":"Query: SELECT \"public\".\"refresh_tokens\".\"id\", \"public\".\"refresh_tokens\".\"token\", \"public\".\"refresh_tokens\".\"userId\", \"public\".\"refresh_tokens\".\"expiresAt\", \"public\".\"refresh_tokens\".\"revokedAt\", \"public\".\"refresh_tokens\".\"userAgent\", \"public\".\"refresh_tokens\".\"ipAddress\", \"public\".\"refresh_tokens\".\"createdAt\" FROM \"public\".\"refresh_tokens\" WHERE (\"public\".\"refresh_tokens\".\"token\" = $1 AND \"public\".\"refresh_tokens\".\"userId\" = $2) LIMIT $3 OFFSET $4","service":"preplyte-api","timestamp":"2026-02-06 09:27:11"}
{"level":"debug","message":"Params: [\"d2611f237313bfabaf663621dea9b7d59e6761f4af116cb7e3c62871ebe2a8ad\",\"cml92r5r50001q3oopvkslp23\",1,0]","service":"preplyte-api","timestamp":"2026-02-06 09:27:11"}
{"level":"debug","message":"Duration: 5ms","service":"preplyte-api","timestamp":"2026-02-06 09:27:11"}
{"level":"warn","message":"Refresh token reuse detected","revokedAt":"2026-02-06T03:57:05.996Z","service":"preplyte-api","timestamp":"2026-02-06 09:27:11","tokenId":"cmlac7rvf000148udocu61a8i","userId":"cml92r5r50001q3oopvkslp23"}
{"level":"debug","message":"Query: BEGIN","service":"preplyte-api","timestamp":"2026-02-06 09:27:11"}
{"level":"debug","message":"Params: []","service":"preplyte-api","timestamp":"2026-02-06 09:27:11"}
{"level":"debug","message":"Duration: 0ms","service":"preplyte-api","timestamp":"2026-02-06 09:27:11"}
{"level":"debug","message":"Query: UPDATE \"public\".\"refresh_tokens\" SET \"revokedAt\" = $1 WHERE (\"public\".\"refresh_tokens\".\"userId\" = $2 AND \"public\".\"refresh_tokens\".\"revokedAt\" IS NULL)","service":"preplyte-api","timestamp":"2026-02-06 09:27:11"}
{"level":"debug","message":"Params: [\"2026-02-06 03:57:11.220 UTC\",\"cml92r5r50001q3oopvkslp23\"]","service":"preplyte-api","timestamp":"2026-02-06 09:27:11"}
{"level":"debug","message":"Duration: 1ms","service":"preplyte-api","timestamp":"2026-02-06 09:27:11"}
{"level":"debug","message":"Query: UPDATE \"public\".\"users\" SET \"tokenVersion\" = (\"public\".\"users\".\"tokenVersion\" + $1), \"updatedAt\" = $2 WHERE (\"public\".\"users\".\"id\" = $3 AND 1=1) RETURNING \"public\".\"users\".\"id\", \"public\".\"users\".\"email\", \"public\".\"users\".\"password\", \"public\".\"users\".\"name\", \"public\".\"users\".\"role\"::text, \"public\".\"users\".\"isActive\", \"public\".\"users\".\"instituteId\", \"public\".\"users\".\"createdAt\", \"public\".\"users\".\"updatedAt\", \"public\".\"users\".\"lastLoginAt\", \"public\".\"users\".\"tokenVersion\"","service":"preplyte-api","timestamp":"2026-02-06 09:27:11"}
{"level":"debug","message":"Params: [1,\"2026-02-06 03:57:11.225 UTC\",\"cml92r5r50001q3oopvkslp23\"]","service":"preplyte-api","timestamp":"2026-02-06 09:27:11"}
{"level":"debug","message":"Duration: 2ms","service":"preplyte-api","timestamp":"2026-02-06 09:27:11"}
{"level":"debug","message":"Query: COMMIT","service":"preplyte-api","timestamp":"2026-02-06 09:27:11"}
{"level":"debug","message":"Params: []","service":"preplyte-api","timestamp":"2026-02-06 09:27:11"}
{"level":"debug","message":"Duration: 1ms","service":"preplyte-api","timestamp":"2026-02-06 09:27:11"}
{"level":"info","message":"User logged out from all devices","service":"preplyte-api","timestamp":"2026-02-06 09:27:11","userId":"cml92r5r50001q3oopvkslp23"}
{"code":"UNAUTHORIZED","ip":"127.0.0.1","level":"warn","message":"Operational error Token reuse detected. All sessions have been revoked for security.","method":"POST","path":"/api/auth/refresh","requestId":"mlactgv9-7262f55fc52b7e5c","service":"preplyte-api","timestamp":"2026-02-06 09:27:11","userAgent":"Mozilla/5.0 (Windows NT 10.0; Win64; x64) AppleWebKit/537.36 (KHTML, like Gecko) Chrome/144.0.0.0 Safari/537.36"}
{"level":"info","message":"\u001b[0mPOST /api/auth/refresh \u001b[33m401\u001b[0m 40.994 ms - 168\u001b[0m","service":"preplyte-api","timestamp":"2026-02-06 09:27:11"}
{"level":"info","message":"\u001b[0mGET /api/admin/lms/courses?page=1&limit=10&search= \u001b[33m401\u001b[0m 1.790 ms - 85\u001b[0m","service":"preplyte-api","timestamp":"2026-02-06 09:27:12"}
{"level":"debug","message":"Query: SELECT 1","service":"preplyte-api","timestamp":"2026-02-06 09:27:28"}
{"level":"debug","message":"Params: []","service":"preplyte-api","timestamp":"2026-02-06 09:27:28"}
{"level":"debug","message":"Duration: 0ms","service":"preplyte-api","timestamp":"2026-02-06 09:27:28"}
{"level":"debug","message":"Query: SELECT \"public\".\"users\".\"id\", \"public\".\"users\".\"email\", \"public\".\"users\".\"password\", \"public\".\"users\".\"name\", \"public\".\"users\".\"role\"::text, \"public\".\"users\".\"isActive\", \"public\".\"users\".\"instituteId\", \"public\".\"users\".\"createdAt\", \"public\".\"users\".\"updatedAt\", \"public\".\"users\".\"lastLoginAt\", \"public\".\"users\".\"tokenVersion\" FROM \"public\".\"users\" WHERE (\"public\".\"users\".\"email\" = $1 AND 1=1) LIMIT $2 OFFSET $3","service":"preplyte-api","timestamp":"2026-02-06 09:27:28"}
{"level":"debug","message":"Params: [\"admin@platform.com\",1,0]","service":"preplyte-api","timestamp":"2026-02-06 09:27:28"}
{"level":"debug","message":"Duration: 1ms","service":"preplyte-api","timestamp":"2026-02-06 09:27:28"}
{"level":"debug","message":"Query: SELECT 1","service":"preplyte-api","timestamp":"2026-02-06 09:27:29"}
{"level":"debug","message":"Params: []","service":"preplyte-api","timestamp":"2026-02-06 09:27:29"}
{"level":"debug","message":"Duration: 0ms","service":"preplyte-api","timestamp":"2026-02-06 09:27:29"}
{"level":"debug","message":"Query: INSERT INTO \"public\".\"refresh_tokens\" (\"id\",\"token\",\"userId\",\"expiresAt\",\"createdAt\") VALUES ($1,$2,$3,$4,$5) RETURNING \"public\".\"refresh_tokens\".\"id\", \"public\".\"refresh_tokens\".\"token\", \"public\".\"refresh_tokens\".\"userId\", \"public\".\"refresh_tokens\".\"expiresAt\", \"public\".\"refresh_tokens\".\"revokedAt\", \"public\".\"refresh_tokens\".\"userAgent\", \"public\".\"refresh_tokens\".\"ipAddress\", \"public\".\"refresh_tokens\".\"createdAt\"","service":"preplyte-api","timestamp":"2026-02-06 09:27:29"}
{"level":"debug","message":"Params: [\"cmlactuvd0003nmfrxfckgxtn\",\"0d2b688ba4c606ee0816c0936a573eb885aec02704788f9258c6117193b02a30\",\"cml92r5r50001q3oopvkslp23\",\"2026-02-13 03:57:29.346 UTC\",\"2026-02-06 03:57:29.352 UTC\"]","service":"preplyte-api","timestamp":"2026-02-06 09:27:29"}
{"level":"debug","message":"Duration: 1ms","service":"preplyte-api","timestamp":"2026-02-06 09:27:29"}
{"level":"debug","message":"Query: UPDATE \"public\".\"users\" SET \"lastLoginAt\" = $1, \"updatedAt\" = $2 WHERE (\"public\".\"users\".\"id\" = $3 AND 1=1) RETURNING \"public\".\"users\".\"id\", \"public\".\"users\".\"email\", \"public\".\"users\".\"password\", \"public\".\"users\".\"name\", \"public\".\"users\".\"role\"::text, \"public\".\"users\".\"isActive\", \"public\".\"users\".\"instituteId\", \"public\".\"users\".\"createdAt\", \"public\".\"users\".\"updatedAt\", \"public\".\"users\".\"lastLoginAt\", \"public\".\"users\".\"tokenVersion\"","service":"preplyte-api","timestamp":"2026-02-06 09:27:29"}
{"level":"debug","message":"Params: [\"2026-02-06 03:57:29.346 UTC\",\"2026-02-06 03:57:29.352 UTC\",\"cml92r5r50001q3oopvkslp23\"]","service":"preplyte-api","timestamp":"2026-02-06 09:27:29"}
{"level":"debug","message":"Duration: 2ms","service":"preplyte-api","timestamp":"2026-02-06 09:27:29"}
{"level":"info","message":"User logged in","service":"preplyte-api","timestamp":"2026-02-06 09:27:29","userId":"cml92r5r50001q3oopvkslp23"}
{"level":"info","message":"\u001b[0mPOST /api/auth/login \u001b[32m200\u001b[0m 807.184 ms - 934\u001b[0m","service":"preplyte-api","timestamp":"2026-02-06 09:27:29"}
{"level":"debug","message":"Query: SELECT 1","service":"preplyte-api","timestamp":"2026-02-06 09:28:41"}
{"level":"debug","message":"Params: []","service":"preplyte-api","timestamp":"2026-02-06 09:28:41"}
{"level":"debug","message":"Duration: 0ms","service":"preplyte-api","timestamp":"2026-02-06 09:28:41"}
{"level":"debug","message":"Query: SELECT 1","service":"preplyte-api","timestamp":"2026-02-06 09:28:41"}
{"level":"debug","message":"Params: []","service":"preplyte-api","timestamp":"2026-02-06 09:28:41"}
{"level":"debug","message":"Duration: 0ms","service":"preplyte-api","timestamp":"2026-02-06 09:28:41"}
{"level":"debug","message":"Query: SELECT \"public\".\"users\".\"id\", \"public\".\"users\".\"email\", \"public\".\"users\".\"role\"::text, \"public\".\"users\".\"instituteId\", \"public\".\"users\".\"isActive\", \"public\".\"users\".\"tokenVersion\" FROM \"public\".\"users\" WHERE (\"public\".\"users\".\"id\" = $1 AND 1=1) LIMIT $2 OFFSET $3","service":"preplyte-api","timestamp":"2026-02-06 09:28:41"}
{"level":"debug","message":"Params: [\"cml92r5r50001q3oopvkslp23\",1,0]","service":"preplyte-api","timestamp":"2026-02-06 09:28:41"}
{"level":"debug","message":"Duration: 1ms","service":"preplyte-api","timestamp":"2026-02-06 09:28:41"}
{"level":"debug","message":"Query: SELECT \"public\".\"lms_categories\".\"id\", \"public\".\"lms_categories\".\"name\", \"public\".\"lms_categories\".\"slug\", \"public\".\"lms_categories\".\"description\", \"public\".\"lms_categories\".\"iconUrl\", \"public\".\"lms_categories\".\"order\", \"public\".\"lms_categories\".\"isActive\", \"public\".\"lms_categories\".\"createdAt\", \"public\".\"lms_categories\".\"updatedAt\", COALESCE(\"aggr_selection_0_LmsCourse\".\"_aggr_count_courses\", 0) AS \"_aggr_count_courses\" FROM \"public\".\"lms_categories\" LEFT JOIN (SELECT \"public\".\"lms_courses\".\"categoryId\", COUNT(*) AS \"_aggr_count_courses\" FROM \"public\".\"lms_courses\" WHERE (\"public\".\"lms_courses\".\"status\" = CAST($1::text AS \"public\".\"LmsCourseStatus\") AND \"public\".\"lms_courses\".\"isActive\" = $2) GROUP BY \"public\".\"lms_courses\".\"categoryId\") AS \"aggr_selection_0_LmsCourse\" ON (\"public\".\"lms_categories\".\"id\" = \"aggr_selection_0_LmsCourse\".\"categoryId\") WHERE \"public\".\"lms_categories\".\"isActive\" = $3 ORDER BY \"public\".\"lms_categories\".\"order\" ASC OFFSET $4","service":"preplyte-api","timestamp":"2026-02-06 09:28:41"}
{"level":"debug","message":"Params: [\"PUBLISHED\",true,true,0]","service":"preplyte-api","timestamp":"2026-02-06 09:28:41"}
{"level":"debug","message":"Duration: 5ms","service":"preplyte-api","timestamp":"2026-02-06 09:28:41"}
{"level":"debug","message":"Query: SELECT \"public\".\"lms_courses\".\"id\", \"public\".\"lms_courses\".\"instructor\" FROM \"public\".\"lms_courses\" WHERE (\"public\".\"lms_courses\".\"status\" = CAST($1::text AS \"public\".\"LmsCourseStatus\") AND \"public\".\"lms_courses\".\"isActive\" = $2) OFFSET $3","service":"preplyte-api","timestamp":"2026-02-06 09:28:41"}
{"level":"debug","message":"Params: [\"PUBLISHED\",true,0]","service":"preplyte-api","timestamp":"2026-02-06 09:28:41"}
{"level":"debug","message":"Duration: 2ms","service":"preplyte-api","timestamp":"2026-02-06 09:28:41"}
{"level":"debug","message":"Query: SELECT COUNT(*) FROM (SELECT \"public\".\"lms_courses\".\"id\" FROM \"public\".\"lms_courses\" WHERE (\"public\".\"lms_courses\".\"status\" = CAST($1::text AS \"public\".\"LmsCourseStatus\") AND \"public\".\"lms_courses\".\"isActive\" = $2) OFFSET $3) AS \"sub\"","service":"preplyte-api","timestamp":"2026-02-06 09:28:41"}
{"level":"debug","message":"Params: [\"PUBLISHED\",true,0]","service":"preplyte-api","timestamp":"2026-02-06 09:28:41"}
{"level":"debug","message":"Duration: 4ms","service":"preplyte-api","timestamp":"2026-02-06 09:28:41"}
{"level":"info","message":"\u001b[0mGET /api/lms/categories \u001b[32m200\u001b[0m 63.343 ms - 652\u001b[0m","service":"preplyte-api","timestamp":"2026-02-06 09:28:41"}
{"level":"debug","message":"Query: SELECT \"public\".\"lms_enrollments\".\"id\", \"public\".\"lms_enrollments\".\"courseId\", \"public\".\"lms_enrollments\".\"progressPercent\" FROM \"public\".\"lms_enrollments\" WHERE \"public\".\"lms_enrollments\".\"userId\" = $1 OFFSET $2","service":"preplyte-api","timestamp":"2026-02-06 09:28:41"}
{"level":"debug","message":"Params: [\"cml92r5r50001q3oopvkslp23\",0]","service":"preplyte-api","timestamp":"2026-02-06 09:28:41"}
{"level":"debug","message":"Duration: 1ms","service":"preplyte-api","timestamp":"2026-02-06 09:28:41"}
{"level":"debug","message":"Query: SELECT COUNT(*) FROM (SELECT \"public\".\"lms_courses\".\"id\" FROM \"public\".\"lms_courses\" WHERE (\"public\".\"lms_courses\".\"status\" = CAST($1::text AS \"public\".\"LmsCourseStatus\") AND \"public\".\"lms_courses\".\"isActive\" = $2) OFFSET $3) AS \"sub\"","service":"preplyte-api","timestamp":"2026-02-06 09:28:41"}
{"level":"debug","message":"Params: [\"PUBLISHED\",true,0]","service":"preplyte-api","timestamp":"2026-02-06 09:28:41"}
{"level":"debug","message":"Duration: 1ms","service":"preplyte-api","timestamp":"2026-02-06 09:28:41"}
{"level":"debug","message":"Query: SELECT \"public\".\"lms_courses\".\"id\", \"public\".\"lms_courses\".\"categoryId\", \"public\".\"lms_courses\".\"title\", \"public\".\"lms_courses\".\"slug\", \"public\".\"lms_courses\".\"shortDescription\", \"public\".\"lms_courses\".\"description\", \"public\".\"lms_courses\".\"thumbnailUrl\", \"public\".\"lms_courses\".\"previewVideoUrl\", \"public\".\"lms_courses\".\"totalModules\", \"public\".\"lms_courses\".\"totalTopics\", \"public\".\"lms_courses\".\"totalPoints\", \"public\".\"lms_courses\".\"totalHours\", \"public\".\"lms_courses\".\"price\", \"public\".\"lms_courses\".\"discountPrice\", \"public\".\"lms_courses\".\"currency\", \"public\".\"lms_courses\".\"status\"::text, \"public\".\"lms_courses\".\"isActive\", \"public\".\"lms_courses\".\"certificateEnabled\", \"public\".\"lms_courses\".\"passingPercentage\", \"public\".\"lms_courses\".\"tags\", \"public\".\"lms_courses\".\"difficulty\"::text, \"public\".\"lms_courses\".\"instructor\", \"public\".\"lms_courses\".\"language\", \"public\".\"lms_courses\".\"createdAt\", \"public\".\"lms_courses\".\"updatedAt\", \"public\".\"lms_courses\".\"publishedAt\" FROM \"public\".\"lms_courses\" LEFT JOIN (SELECT \"public\".\"lms_enrollments\".\"courseId\", COUNT(*) AS \"orderby_aggregator\" FROM \"public\".\"lms_enrollments\" WHERE 1=1 GROUP BY \"public\".\"lms_enrollments\".\"courseId\") AS \"orderby_1_LmsEnrollment\" ON (\"public\".\"lms_courses\".\"id\" = \"orderby_1_LmsEnrollment\".\"courseId\") WHERE (\"public\".\"lms_courses\".\"status\" = CAST($1::text AS \"public\".\"LmsCourseStatus\") AND \"public\".\"lms_courses\".\"isActive\" = $2) ORDER BY COALESCE(\"orderby_1_LmsEnrollment\".\"orderby_aggregator\", $3) DESC LIMIT $4 OFFSET $5","service":"preplyte-api","timestamp":"2026-02-06 09:28:41"}
{"level":"debug","message":"Params: [\"PUBLISHED\",true,0,12,0]","service":"preplyte-api","timestamp":"2026-02-06 09:28:41"}
{"level":"debug","message":"Duration: 2ms","service":"preplyte-api","timestamp":"2026-02-06 09:28:41"}
{"level":"debug","message":"Query: SELECT \"public\".\"lms_categories\".\"id\", \"public\".\"lms_categories\".\"name\", \"public\".\"lms_categories\".\"slug\" FROM \"public\".\"lms_categories\" WHERE \"public\".\"lms_categories\".\"id\" IN ($1) OFFSET $2","service":"preplyte-api","timestamp":"2026-02-06 09:28:41"}
{"level":"debug","message":"Params: [\"cml92k1i3000017d0bq70mkrl\",0]","service":"preplyte-api","timestamp":"2026-02-06 09:28:41"}
{"level":"debug","message":"Duration: 1ms","service":"preplyte-api","timestamp":"2026-02-06 09:28:41"}
{"level":"info","message":"\u001b[0mGET /api/lms/courses?page=1&limit=12&priceRange=all&sortBy=popular&search= \u001b[32m200\u001b[0m 108.051 ms - -\u001b[0m","service":"preplyte-api","timestamp":"2026-02-06 09:28:41"}
{"level":"debug","message":"Query: SELECT COUNT(*), \"public\".\"lms_enrollments\".\"userId\" FROM \"public\".\"lms_enrollments\" WHERE 1=1 GROUP BY \"public\".\"lms_enrollments\".\"userId\" OFFSET $1","service":"preplyte-api","timestamp":"2026-02-06 09:28:41"}
{"level":"debug","message":"Params: [0]","service":"preplyte-api","timestamp":"2026-02-06 09:28:41"}
{"level":"debug","message":"Duration: 8ms","service":"preplyte-api","timestamp":"2026-02-06 09:28:41"}
{"level":"debug","message":"Query: SELECT AVG(\"progressPercent\") FROM (SELECT \"public\".\"lms_enrollments\".\"progressPercent\" FROM \"public\".\"lms_enrollments\" WHERE \"public\".\"lms_enrollments\".\"status\" = CAST($1::text AS \"public\".\"LmsEnrollmentStatus\") OFFSET $2) AS \"sub\"","service":"preplyte-api","timestamp":"2026-02-06 09:28:41"}
{"level":"debug","message":"Params: [\"COMPLETED\",0]","service":"preplyte-api","timestamp":"2026-02-06 09:28:41"}
{"level":"debug","message":"Duration: 9ms","service":"preplyte-api","timestamp":"2026-02-06 09:28:41"}
{"level":"info","message":"\u001b[0mGET /api/lms/stats \u001b[32m200\u001b[0m 125.659 ms - 146\u001b[0m","service":"preplyte-api","timestamp":"2026-02-06 09:28:41"}
{"level":"debug","message":"Query: SELECT 1","service":"preplyte-api","timestamp":"2026-02-06 09:28:57"}
{"level":"debug","message":"Params: []","service":"preplyte-api","timestamp":"2026-02-06 09:28:57"}
{"level":"debug","message":"Duration: 0ms","service":"preplyte-api","timestamp":"2026-02-06 09:28:57"}
{"level":"debug","message":"Query: SELECT \"public\".\"users\".\"id\", \"public\".\"users\".\"email\", \"public\".\"users\".\"role\"::text, \"public\".\"users\".\"instituteId\", \"public\".\"users\".\"isActive\", \"public\".\"users\".\"tokenVersion\" FROM \"public\".\"users\" WHERE (\"public\".\"users\".\"id\" = $1 AND 1=1) LIMIT $2 OFFSET $3","service":"preplyte-api","timestamp":"2026-02-06 09:28:57"}
{"level":"debug","message":"Params: [\"cml92r5r50001q3oopvkslp23\",1,0]","service":"preplyte-api","timestamp":"2026-02-06 09:28:57"}
{"level":"debug","message":"Duration: 10ms","service":"preplyte-api","timestamp":"2026-02-06 09:28:57"}
{"level":"debug","message":"Query: SELECT 1","service":"preplyte-api","timestamp":"2026-02-06 09:28:57"}
{"level":"debug","message":"Params: []","service":"preplyte-api","timestamp":"2026-02-06 09:28:57"}
{"level":"debug","message":"Duration: 0ms","service":"preplyte-api","timestamp":"2026-02-06 09:28:57"}
{"level":"debug","message":"Query: SELECT COUNT(*) FROM (SELECT \"public\".\"institutes\".\"id\" FROM \"public\".\"institutes\" WHERE 1=1 OFFSET $1) AS \"sub\"","service":"preplyte-api","timestamp":"2026-02-06 09:28:57"}
{"level":"debug","message":"Params: [0]","service":"preplyte-api","timestamp":"2026-02-06 09:28:57"}
{"level":"debug","message":"Duration: 8ms","service":"preplyte-api","timestamp":"2026-02-06 09:28:57"}
{"level":"debug","message":"Query: SELECT \"public\".\"institutes\".\"id\", \"public\".\"institutes\".\"name\", \"public\".\"institutes\".\"domain\", \"public\".\"institutes\".\"isActive\", \"public\".\"institutes\".\"createdAt\", \"public\".\"institutes\".\"updatedAt\", COALESCE(\"aggr_selection_0_User\".\"_aggr_count_users\", 0) AS \"_aggr_count_users\" FROM \"public\".\"institutes\" LEFT JOIN (SELECT \"public\".\"users\".\"instituteId\", COUNT(*) AS \"_aggr_count_users\" FROM \"public\".\"users\" WHERE 1=1 GROUP BY \"public\".\"users\".\"instituteId\") AS \"aggr_selection_0_User\" ON (\"public\".\"institutes\".\"id\" = \"aggr_selection_0_User\".\"instituteId\") WHERE 1=1 ORDER BY \"public\".\"institutes\".\"createdAt\" DESC LIMIT $1 OFFSET $2","service":"preplyte-api","timestamp":"2026-02-06 09:28:57"}
{"level":"debug","message":"Params: [10,0]","service":"preplyte-api","timestamp":"2026-02-06 09:28:57"}
{"level":"debug","message":"Duration: 17ms","service":"preplyte-api","timestamp":"2026-02-06 09:28:57"}
{"level":"info","message":"\u001b[0mGET /api/admin/institutes?page=1&limit=10&sortBy=createdAt&sortOrder=desc \u001b[36m304\u001b[0m 48.485 ms - -\u001b[0m","service":"preplyte-api","timestamp":"2026-02-06 09:28:57"}
{"level":"debug","message":"Query: SELECT \"public\".\"users\".\"id\", \"public\".\"users\".\"email\", \"public\".\"users\".\"role\"::text, \"public\".\"users\".\"instituteId\", \"public\".\"users\".\"isActive\", \"public\".\"users\".\"tokenVersion\" FROM \"public\".\"users\" WHERE (\"public\".\"users\".\"id\" = $1 AND 1=1) LIMIT $2 OFFSET $3","service":"preplyte-api","timestamp":"2026-02-06 09:28:57"}
{"level":"debug","message":"Params: [\"cml92r5r50001q3oopvkslp23\",1,0]","service":"preplyte-api","timestamp":"2026-02-06 09:28:57"}
{"level":"debug","message":"Duration: 3ms","service":"preplyte-api","timestamp":"2026-02-06 09:28:57"}
{"level":"debug","message":"Query: SELECT 1","service":"preplyte-api","timestamp":"2026-02-06 09:28:57"}
{"level":"debug","message":"Params: []","service":"preplyte-api","timestamp":"2026-02-06 09:28:57"}
{"level":"debug","message":"Duration: 1ms","service":"preplyte-api","timestamp":"2026-02-06 09:28:57"}
{"level":"debug","message":"Query: SELECT 1","service":"preplyte-api","timestamp":"2026-02-06 09:28:57"}
{"level":"debug","message":"Params: []","service":"preplyte-api","timestamp":"2026-02-06 09:28:57"}
{"level":"debug","message":"Duration: 1ms","service":"preplyte-api","timestamp":"2026-02-06 09:28:57"}
{"level":"debug","message":"Query: SELECT COUNT(*), \"public\".\"institutes\".\"isActive\" FROM \"public\".\"institutes\" WHERE 1=1 GROUP BY \"public\".\"institutes\".\"isActive\" OFFSET $1","service":"preplyte-api","timestamp":"2026-02-06 09:28:57"}
{"level":"debug","message":"Params: [0]","service":"preplyte-api","timestamp":"2026-02-06 09:28:57"}
{"level":"debug","message":"Duration: 1ms","service":"preplyte-api","timestamp":"2026-02-06 09:28:57"}
{"level":"debug","message":"Query: SELECT COUNT(*), \"public\".\"users\".\"role\"::text, \"public\".\"users\".\"isActive\" FROM \"public\".\"users\" WHERE 1=1 GROUP BY \"public\".\"users\".\"role\", \"public\".\"users\".\"isActive\" OFFSET $1","service":"preplyte-api","timestamp":"2026-02-06 09:28:57"}
{"level":"debug","message":"Params: [0]","service":"preplyte-api","timestamp":"2026-02-06 09:28:57"}
{"level":"debug","message":"Duration: 3ms","service":"preplyte-api","timestamp":"2026-02-06 09:28:57"}
{"level":"debug","message":"Query: SELECT COUNT(*) FROM (SELECT \"public\".\"aptitude_practice_sessions\".\"id\" FROM \"public\".\"aptitude_practice_sessions\" WHERE 1=1 OFFSET $1) AS \"sub\"","service":"preplyte-api","timestamp":"2026-02-06 09:28:57"}
{"level":"debug","message":"Params: [0]","service":"preplyte-api","timestamp":"2026-02-06 09:28:57"}
{"level":"debug","message":"Duration: 9ms","service":"preplyte-api","timestamp":"2026-02-06 09:28:57"}
{"level":"debug","message":"Query: SELECT COUNT(*), AVG(\"totalScore\") FROM (SELECT \"public\".\"aptitude_practice_sessions\".\"id\", \"public\".\"aptitude_practice_sessions\".\"totalScore\" FROM \"public\".\"aptitude_practice_sessions\" WHERE \"public\".\"aptitude_practice_sessions\".\"completedAt\" IS NOT NULL OFFSET $1) AS \"sub\"","service":"preplyte-api","timestamp":"2026-02-06 09:28:57"}
{"level":"debug","message":"Params: [0]","service":"preplyte-api","timestamp":"2026-02-06 09:28:57"}
{"level":"debug","message":"Duration: 12ms","service":"preplyte-api","timestamp":"2026-02-06 09:28:57"}
{"level":"debug","message":"Query: SELECT \"public\".\"users\".\"id\", \"public\".\"users\".\"createdAt\" FROM \"public\".\"users\" WHERE \"public\".\"users\".\"createdAt\" >= $1 OFFSET $2","service":"preplyte-api","timestamp":"2026-02-06 09:28:57"}
{"level":"debug","message":"Params: [\"2026-01-07 03:58:57.087 UTC\",0]","service":"preplyte-api","timestamp":"2026-02-06 09:28:57"}
{"level":"debug","message":"Duration: 17ms","service":"preplyte-api","timestamp":"2026-02-06 09:28:57"}
{"level":"debug","message":"Query: SELECT \"public\".\"machine_practice_sessions\".\"id\", \"public\".\"machine_practice_sessions\".\"createdAt\" FROM \"public\".\"machine_practice_sessions\" WHERE \"public\".\"machine_practice_sessions\".\"createdAt\" >= $1 OFFSET $2","service":"preplyte-api","timestamp":"2026-02-06 09:28:57"}
{"level":"debug","message":"Params: [\"2026-01-07 03:58:57.088 UTC\",0]","service":"preplyte-api","timestamp":"2026-02-06 09:28:57"}
{"level":"debug","message":"Duration: 8ms","service":"preplyte-api","timestamp":"2026-02-06 09:28:57"}
{"level":"debug","message":"Query: SELECT COUNT(*) FROM (SELECT \"public\".\"machine_practice_sessions\".\"id\" FROM \"public\".\"machine_practice_sessions\" WHERE 1=1 OFFSET $1) AS \"sub\"","service":"preplyte-api","timestamp":"2026-02-06 09:28:57"}
{"level":"debug","message":"Params: [0]","service":"preplyte-api","timestamp":"2026-02-06 09:28:57"}
{"level":"debug","message":"Duration: 11ms","service":"preplyte-api","timestamp":"2026-02-06 09:28:57"}
{"level":"debug","message":"Query: SELECT COUNT(*), AVG(\"totalScore\") FROM (SELECT \"public\".\"machine_practice_sessions\".\"id\", \"public\".\"machine_practice_sessions\".\"totalScore\" FROM \"public\".\"machine_practice_sessions\" WHERE \"public\".\"machine_practice_sessions\".\"completedAt\" IS NOT NULL OFFSET $1) AS \"sub\"","service":"preplyte-api","timestamp":"2026-02-06 09:28:57"}
{"level":"debug","message":"Params: [0]","service":"preplyte-api","timestamp":"2026-02-06 09:28:57"}
{"level":"debug","message":"Duration: 11ms","service":"preplyte-api","timestamp":"2026-02-06 09:28:57"}
{"level":"debug","message":"Query: SELECT COUNT(*) FROM (SELECT \"public\".\"ai_interview_sessions\".\"id\" FROM \"public\".\"ai_interview_sessions\" WHERE 1=1 OFFSET $1) AS \"sub\"","service":"preplyte-api","timestamp":"2026-02-06 09:28:57"}
{"level":"debug","message":"Params: [0]","service":"preplyte-api","timestamp":"2026-02-06 09:28:57"}
{"level":"debug","message":"Duration: 7ms","service":"preplyte-api","timestamp":"2026-02-06 09:28:57"}
{"level":"debug","message":"Query: SELECT \"public\".\"aptitude_practice_sessions\".\"id\", \"public\".\"aptitude_practice_sessions\".\"createdAt\" FROM \"public\".\"aptitude_practice_sessions\" WHERE \"public\".\"aptitude_practice_sessions\".\"createdAt\" >= $1 OFFSET $2","service":"preplyte-api","timestamp":"2026-02-06 09:28:57"}
{"level":"debug","message":"Params: [\"2026-01-07 03:58:57.088 UTC\",0]","service":"preplyte-api","timestamp":"2026-02-06 09:28:57"}
{"level":"debug","message":"Duration: 8ms","service":"preplyte-api","timestamp":"2026-02-06 09:28:57"}
{"level":"debug","message":"Query: SELECT COUNT(*) FROM (SELECT \"public\".\"ai_interview_sessions\".\"id\" FROM \"public\".\"ai_interview_sessions\" WHERE \"public\".\"ai_interview_sessions\".\"status\" = CAST($1::text AS \"public\".\"AiInterviewSessionStatus\") OFFSET $2) AS \"sub\"","service":"preplyte-api","timestamp":"2026-02-06 09:28:57"}
{"level":"debug","message":"Params: [\"COMPLETED\",0]","service":"preplyte-api","timestamp":"2026-02-06 09:28:57"}
{"level":"debug","message":"Duration: 4ms","service":"preplyte-api","timestamp":"2026-02-06 09:28:57"}
{"level":"debug","message":"Query: SELECT AVG(\"overallScore\") FROM (SELECT \"public\".\"ai_interview_feedbacks\".\"overallScore\" FROM \"public\".\"ai_interview_feedbacks\" WHERE 1=1 OFFSET $1) AS \"sub\"","service":"preplyte-api","timestamp":"2026-02-06 09:28:57"}
{"level":"debug","message":"Params: [0]","service":"preplyte-api","timestamp":"2026-02-06 09:28:57"}
{"level":"debug","message":"Duration: 4ms","service":"preplyte-api","timestamp":"2026-02-06 09:28:57"}
{"level":"debug","message":"Query: SELECT \"public\".\"ai_interview_sessions\".\"id\", \"public\".\"ai_interview_sessions\".\"createdAt\" FROM \"public\".\"ai_interview_sessions\" WHERE \"public\".\"ai_interview_sessions\".\"createdAt\" >= $1 OFFSET $2","service":"preplyte-api","timestamp":"2026-02-06 09:28:57"}
{"level":"debug","message":"Params: [\"2026-01-07 03:58:57.088 UTC\",0]","service":"preplyte-api","timestamp":"2026-02-06 09:28:57"}
{"level":"debug","message":"Duration: 2ms","service":"preplyte-api","timestamp":"2026-02-06 09:28:57"}
{"level":"info","message":"\u001b[0mGET /api/admin/analytics \u001b[36m304\u001b[0m 184.365 ms - -\u001b[0m","service":"preplyte-api","timestamp":"2026-02-06 09:28:57"}
{"level":"debug","message":"Query: SELECT \"public\".\"users\".\"id\", \"public\".\"users\".\"email\", \"public\".\"users\".\"role\"::text, \"public\".\"users\".\"instituteId\", \"public\".\"users\".\"isActive\", \"public\".\"users\".\"tokenVersion\" FROM \"public\".\"users\" WHERE (\"public\".\"users\".\"id\" = $1 AND 1=1) LIMIT $2 OFFSET $3","service":"preplyte-api","timestamp":"2026-02-06 09:28:57"}
{"level":"debug","message":"Params: [\"cml92r5r50001q3oopvkslp23\",1,0]","service":"preplyte-api","timestamp":"2026-02-06 09:28:57"}
{"level":"debug","message":"Duration: 5ms","service":"preplyte-api","timestamp":"2026-02-06 09:28:57"}
{"level":"debug","message":"Query: SELECT COUNT(*) FROM (SELECT \"public\".\"institutes\".\"id\" FROM \"public\".\"institutes\" WHERE 1=1 OFFSET $1) AS \"sub\"","service":"preplyte-api","timestamp":"2026-02-06 09:28:57"}
{"level":"debug","message":"Params: [0]","service":"preplyte-api","timestamp":"2026-02-06 09:28:57"}
{"level":"debug","message":"Duration: 5ms","service":"preplyte-api","timestamp":"2026-02-06 09:28:57"}
{"level":"debug","message":"Query: SELECT \"public\".\"institutes\".\"id\", \"public\".\"institutes\".\"name\", \"public\".\"institutes\".\"domain\", \"public\".\"institutes\".\"isActive\", \"public\".\"institutes\".\"createdAt\", \"public\".\"institutes\".\"updatedAt\", COALESCE(\"aggr_selection_0_User\".\"_aggr_count_users\", 0) AS \"_aggr_count_users\" FROM \"public\".\"institutes\" LEFT JOIN (SELECT \"public\".\"users\".\"instituteId\", COUNT(*) AS \"_aggr_count_users\" FROM \"public\".\"users\" WHERE 1=1 GROUP BY \"public\".\"users\".\"instituteId\") AS \"aggr_selection_0_User\" ON (\"public\".\"institutes\".\"id\" = \"aggr_selection_0_User\".\"instituteId\") WHERE 1=1 ORDER BY \"public\".\"institutes\".\"createdAt\" DESC LIMIT $1 OFFSET $2","service":"preplyte-api","timestamp":"2026-02-06 09:28:57"}
{"level":"debug","message":"Params: [5,0]","service":"preplyte-api","timestamp":"2026-02-06 09:28:57"}
{"level":"debug","message":"Duration: 7ms","service":"preplyte-api","timestamp":"2026-02-06 09:28:57"}
{"level":"info","message":"\u001b[0mGET /api/admin/institutes?page=1&limit=5&sortBy=createdAt&sortOrder=desc \u001b[36m304\u001b[0m 27.436 ms - -\u001b[0m","service":"preplyte-api","timestamp":"2026-02-06 09:28:57"}
{"level":"debug","message":"Query: SELECT \"public\".\"users\".\"id\", \"public\".\"users\".\"email\", \"public\".\"users\".\"role\"::text, \"public\".\"users\".\"instituteId\", \"public\".\"users\".\"isActive\", \"public\".\"users\".\"tokenVersion\" FROM \"public\".\"users\" WHERE (\"public\".\"users\".\"id\" = $1 AND 1=1) LIMIT $2 OFFSET $3","service":"preplyte-api","timestamp":"2026-02-06 09:28:57"}
{"level":"debug","message":"Params: [\"cml92r5r50001q3oopvkslp23\",1,0]","service":"preplyte-api","timestamp":"2026-02-06 09:28:57"}
{"level":"debug","message":"Duration: 1ms","service":"preplyte-api","timestamp":"2026-02-06 09:28:57"}
{"level":"debug","message":"Query: SELECT COUNT(*) FROM (SELECT \"public\".\"institutes\".\"id\" FROM \"public\".\"institutes\" WHERE 1=1 OFFSET $1) AS \"sub\"","service":"preplyte-api","timestamp":"2026-02-06 09:28:57"}
{"level":"debug","message":"Params: [0]","service":"preplyte-api","timestamp":"2026-02-06 09:28:57"}
{"level":"debug","message":"Duration: 0ms","service":"preplyte-api","timestamp":"2026-02-06 09:28:57"}
{"level":"debug","message":"Query: SELECT \"public\".\"institutes\".\"id\", \"public\".\"institutes\".\"name\", \"public\".\"institutes\".\"domain\", \"public\".\"institutes\".\"isActive\", \"public\".\"institutes\".\"createdAt\", \"public\".\"institutes\".\"updatedAt\", COALESCE(\"aggr_selection_0_User\".\"_aggr_count_users\", 0) AS \"_aggr_count_users\" FROM \"public\".\"institutes\" LEFT JOIN (SELECT \"public\".\"users\".\"instituteId\", COUNT(*) AS \"_aggr_count_users\" FROM \"public\".\"users\" WHERE 1=1 GROUP BY \"public\".\"users\".\"instituteId\") AS \"aggr_selection_0_User\" ON (\"public\".\"institutes\".\"id\" = \"aggr_selection_0_User\".\"instituteId\") WHERE 1=1 ORDER BY \"public\".\"institutes\".\"createdAt\" DESC LIMIT $1 OFFSET $2","service":"preplyte-api","timestamp":"2026-02-06 09:28:57"}
{"level":"debug","message":"Params: [10,0]","service":"preplyte-api","timestamp":"2026-02-06 09:28:57"}
{"level":"debug","message":"Duration: 0ms","service":"preplyte-api","timestamp":"2026-02-06 09:28:57"}
{"level":"info","message":"\u001b[0mGET /api/admin/institutes?page=1&limit=10&sortBy=createdAt&sortOrder=desc \u001b[36m304\u001b[0m 17.288 ms - -\u001b[0m","service":"preplyte-api","timestamp":"2026-02-06 09:28:57"}
{"level":"debug","message":"Query: SELECT \"public\".\"users\".\"id\", \"public\".\"users\".\"email\", \"public\".\"users\".\"role\"::text, \"public\".\"users\".\"instituteId\", \"public\".\"users\".\"isActive\", \"public\".\"users\".\"tokenVersion\" FROM \"public\".\"users\" WHERE (\"public\".\"users\".\"id\" = $1 AND 1=1) LIMIT $2 OFFSET $3","service":"preplyte-api","timestamp":"2026-02-06 09:28:57"}
{"level":"debug","message":"Params: [\"cml92r5r50001q3oopvkslp23\",1,0]","service":"preplyte-api","timestamp":"2026-02-06 09:28:57"}
{"level":"debug","message":"Duration: 0ms","service":"preplyte-api","timestamp":"2026-02-06 09:28:57"}
{"level":"debug","message":"Query: SELECT COUNT(*), AVG(\"totalScore\") FROM (SELECT \"public\".\"machine_practice_sessions\".\"id\", \"public\".\"machine_practice_sessions\".\"totalScore\" FROM \"public\".\"machine_practice_sessions\" WHERE \"public\".\"machine_practice_sessions\".\"completedAt\" IS NOT NULL OFFSET $1) AS \"sub\"","service":"preplyte-api","timestamp":"2026-02-06 09:28:57"}
{"level":"debug","message":"Params: [0]","service":"preplyte-api","timestamp":"2026-02-06 09:28:57"}
{"level":"debug","message":"Duration: 0ms","service":"preplyte-api","timestamp":"2026-02-06 09:28:57"}
{"level":"debug","message":"Query: SELECT COUNT(*), AVG(\"totalScore\") FROM (SELECT \"public\".\"aptitude_practice_sessions\".\"id\", \"public\".\"aptitude_practice_sessions\".\"totalScore\" FROM \"public\".\"aptitude_practice_sessions\" WHERE \"public\".\"aptitude_practice_sessions\".\"completedAt\" IS NOT NULL OFFSET $1) AS \"sub\"","service":"preplyte-api","timestamp":"2026-02-06 09:28:57"}
{"level":"debug","message":"Params: [0]","service":"preplyte-api","timestamp":"2026-02-06 09:28:57"}
{"level":"debug","message":"Duration: 1ms","service":"preplyte-api","timestamp":"2026-02-06 09:28:57"}
{"level":"debug","message":"Query: SELECT COUNT(*), \"public\".\"institutes\".\"isActive\" FROM \"public\".\"institutes\" WHERE 1=1 GROUP BY \"public\".\"institutes\".\"isActive\" OFFSET $1","service":"preplyte-api","timestamp":"2026-02-06 09:28:57"}
{"level":"debug","message":"Params: [0]","service":"preplyte-api","timestamp":"2026-02-06 09:28:57"}
{"level":"debug","message":"Duration: 1ms","service":"preplyte-api","timestamp":"2026-02-06 09:28:57"}
{"level":"debug","message":"Query: SELECT \"public\".\"aptitude_practice_sessions\".\"id\", \"public\".\"aptitude_practice_sessions\".\"createdAt\" FROM \"public\".\"aptitude_practice_sessions\" WHERE \"public\".\"aptitude_practice_sessions\".\"createdAt\" >= $1 OFFSET $2","service":"preplyte-api","timestamp":"2026-02-06 09:28:57"}
{"level":"debug","message":"Params: [\"2026-01-07 03:58:57.317 UTC\",0]","service":"preplyte-api","timestamp":"2026-02-06 09:28:57"}
{"level":"debug","message":"Duration: 1ms","service":"preplyte-api","timestamp":"2026-02-06 09:28:57"}
{"level":"debug","message":"Query: SELECT \"public\".\"users\".\"id\", \"public\".\"users\".\"createdAt\" FROM \"public\".\"users\" WHERE \"public\".\"users\".\"createdAt\" >= $1 OFFSET $2","service":"preplyte-api","timestamp":"2026-02-06 09:28:57"}
{"level":"debug","message":"Params: [\"2026-01-07 03:58:57.317 UTC\",0]","service":"preplyte-api","timestamp":"2026-02-06 09:28:57"}
{"level":"debug","message":"Duration: 1ms","service":"preplyte-api","timestamp":"2026-02-06 09:28:57"}
{"level":"debug","message":"Query: SELECT COUNT(*) FROM (SELECT \"public\".\"machine_practice_sessions\".\"id\" FROM \"public\".\"machine_practice_sessions\" WHERE 1=1 OFFSET $1) AS \"sub\"","service":"preplyte-api","timestamp":"2026-02-06 09:28:57"}
{"level":"debug","message":"Params: [0]","service":"preplyte-api","timestamp":"2026-02-06 09:28:57"}
{"level":"debug","message":"Duration: 4ms","service":"preplyte-api","timestamp":"2026-02-06 09:28:57"}
{"level":"debug","message":"Query: SELECT AVG(\"overallScore\") FROM (SELECT \"public\".\"ai_interview_feedbacks\".\"overallScore\" FROM \"public\".\"ai_interview_feedbacks\" WHERE 1=1 OFFSET $1) AS \"sub\"","service":"preplyte-api","timestamp":"2026-02-06 09:28:57"}
{"level":"debug","message":"Params: [0]","service":"preplyte-api","timestamp":"2026-02-06 09:28:57"}
{"level":"debug","message":"Duration: 4ms","service":"preplyte-api","timestamp":"2026-02-06 09:28:57"}
{"level":"debug","message":"Query: SELECT COUNT(*) FROM (SELECT \"public\".\"aptitude_practice_sessions\".\"id\" FROM \"public\".\"aptitude_practice_sessions\" WHERE 1=1 OFFSET $1) AS \"sub\"","service":"preplyte-api","timestamp":"2026-02-06 09:28:57"}
{"level":"debug","message":"Params: [0]","service":"preplyte-api","timestamp":"2026-02-06 09:28:57"}
{"level":"debug","message":"Duration: 5ms","service":"preplyte-api","timestamp":"2026-02-06 09:28:57"}
{"level":"debug","message":"Query: SELECT COUNT(*) FROM (SELECT \"public\".\"ai_interview_sessions\".\"id\" FROM \"public\".\"ai_interview_sessions\" WHERE 1=1 OFFSET $1) AS \"sub\"","service":"preplyte-api","timestamp":"2026-02-06 09:28:57"}
{"level":"debug","message":"Params: [0]","service":"preplyte-api","timestamp":"2026-02-06 09:28:57"}
{"level":"debug","message":"Duration: 5ms","service":"preplyte-api","timestamp":"2026-02-06 09:28:57"}
{"level":"debug","message":"Query: SELECT \"public\".\"machine_practice_sessions\".\"id\", \"public\".\"machine_practice_sessions\".\"createdAt\" FROM \"public\".\"machine_practice_sessions\" WHERE \"public\".\"machine_practice_sessions\".\"createdAt\" >= $1 OFFSET $2","service":"preplyte-api","timestamp":"2026-02-06 09:28:57"}
{"level":"debug","message":"Params: [\"2026-01-07 03:58:57.317 UTC\",0]","service":"preplyte-api","timestamp":"2026-02-06 09:28:57"}
{"level":"debug","message":"Duration: 4ms","service":"preplyte-api","timestamp":"2026-02-06 09:28:57"}
{"level":"debug","message":"Query: SELECT COUNT(*), \"public\".\"users\".\"role\"::text, \"public\".\"users\".\"isActive\" FROM \"public\".\"users\" WHERE 1=1 GROUP BY \"public\".\"users\".\"role\", \"public\".\"users\".\"isActive\" OFFSET $1","service":"preplyte-api","timestamp":"2026-02-06 09:28:57"}
{"level":"debug","message":"Params: [0]","service":"preplyte-api","timestamp":"2026-02-06 09:28:57"}
{"level":"debug","message":"Duration: 6ms","service":"preplyte-api","timestamp":"2026-02-06 09:28:57"}
{"level":"debug","message":"Query: SELECT COUNT(*) FROM (SELECT \"public\".\"ai_interview_sessions\".\"id\" FROM \"public\".\"ai_interview_sessions\" WHERE \"public\".\"ai_interview_sessions\".\"status\" = CAST($1::text AS \"public\".\"AiInterviewSessionStatus\") OFFSET $2) AS \"sub\"","service":"preplyte-api","timestamp":"2026-02-06 09:28:57"}
{"level":"debug","message":"Params: [\"COMPLETED\",0]","service":"preplyte-api","timestamp":"2026-02-06 09:28:57"}
{"level":"debug","message":"Duration: 7ms","service":"preplyte-api","timestamp":"2026-02-06 09:28:57"}
{"level":"debug","message":"Query: SELECT \"public\".\"ai_interview_sessions\".\"id\", \"public\".\"ai_interview_sessions\".\"createdAt\" FROM \"public\".\"ai_interview_sessions\" WHERE \"public\".\"ai_interview_sessions\".\"createdAt\" >= $1 OFFSET $2","service":"preplyte-api","timestamp":"2026-02-06 09:28:57"}
{"level":"debug","message":"Params: [\"2026-01-07 03:58:57.317 UTC\",0]","service":"preplyte-api","timestamp":"2026-02-06 09:28:57"}
{"level":"debug","message":"Duration: 6ms","service":"preplyte-api","timestamp":"2026-02-06 09:28:57"}
{"level":"info","message":"\u001b[0mGET /api/admin/analytics \u001b[36m304\u001b[0m 50.782 ms - -\u001b[0m","service":"preplyte-api","timestamp":"2026-02-06 09:28:57"}
{"level":"debug","message":"Query: SELECT \"public\".\"users\".\"id\", \"public\".\"users\".\"email\", \"public\".\"users\".\"role\"::text, \"public\".\"users\".\"instituteId\", \"public\".\"users\".\"isActive\", \"public\".\"users\".\"tokenVersion\" FROM \"public\".\"users\" WHERE (\"public\".\"users\".\"id\" = $1 AND 1=1) LIMIT $2 OFFSET $3","service":"preplyte-api","timestamp":"2026-02-06 09:28:57"}
{"level":"debug","message":"Params: [\"cml92r5r50001q3oopvkslp23\",1,0]","service":"preplyte-api","timestamp":"2026-02-06 09:28:57"}
{"level":"debug","message":"Duration: 1ms","service":"preplyte-api","timestamp":"2026-02-06 09:28:57"}
{"level":"debug","message":"Query: SELECT \"public\".\"institutes\".\"id\", \"public\".\"institutes\".\"name\", \"public\".\"institutes\".\"domain\", \"public\".\"institutes\".\"isActive\", \"public\".\"institutes\".\"createdAt\", \"public\".\"institutes\".\"updatedAt\", COALESCE(\"aggr_selection_0_User\".\"_aggr_count_users\", 0) AS \"_aggr_count_users\" FROM \"public\".\"institutes\" LEFT JOIN (SELECT \"public\".\"users\".\"instituteId\", COUNT(*) AS \"_aggr_count_users\" FROM \"public\".\"users\" WHERE 1=1 GROUP BY \"public\".\"users\".\"instituteId\") AS \"aggr_selection_0_User\" ON (\"public\".\"institutes\".\"id\" = \"aggr_selection_0_User\".\"instituteId\") WHERE 1=1 ORDER BY \"public\".\"institutes\".\"createdAt\" DESC LIMIT $1 OFFSET $2","service":"preplyte-api","timestamp":"2026-02-06 09:28:57"}
{"level":"debug","message":"Params: [5,0]","service":"preplyte-api","timestamp":"2026-02-06 09:28:57"}
{"level":"debug","message":"Duration: 1ms","service":"preplyte-api","timestamp":"2026-02-06 09:28:57"}
{"level":"debug","message":"Query: SELECT COUNT(*) FROM (SELECT \"public\".\"institutes\".\"id\" FROM \"public\".\"institutes\" WHERE 1=1 OFFSET $1) AS \"sub\"","service":"preplyte-api","timestamp":"2026-02-06 09:28:57"}
{"level":"debug","message":"Params: [0]","service":"preplyte-api","timestamp":"2026-02-06 09:28:57"}
{"level":"debug","message":"Duration: 7ms","service":"preplyte-api","timestamp":"2026-02-06 09:28:57"}
{"level":"info","message":"\u001b[0mGET /api/admin/institutes?page=1&limit=5&sortBy=createdAt&sortOrder=desc \u001b[36m304\u001b[0m 24.065 ms - -\u001b[0m","service":"preplyte-api","timestamp":"2026-02-06 09:28:57"}
{"level":"debug","message":"Query: SELECT \"public\".\"users\".\"id\", \"public\".\"users\".\"email\", \"public\".\"users\".\"role\"::text, \"public\".\"users\".\"instituteId\", \"public\".\"users\".\"isActive\", \"public\".\"users\".\"tokenVersion\" FROM \"public\".\"users\" WHERE (\"public\".\"users\".\"id\" = $1 AND 1=1) LIMIT $2 OFFSET $3","service":"preplyte-api","timestamp":"2026-02-06 09:29:00"}
{"level":"debug","message":"Params: [\"cml92r5r50001q3oopvkslp23\",1,0]","service":"preplyte-api","timestamp":"2026-02-06 09:29:00"}
{"level":"debug","message":"Duration: 2ms","service":"preplyte-api","timestamp":"2026-02-06 09:29:00"}
{"level":"debug","message":"Query: SELECT COUNT(*) FROM (SELECT \"public\".\"lms_enrollments\".\"id\" FROM \"public\".\"lms_enrollments\" WHERE \"public\".\"lms_enrollments\".\"status\" = CAST($1::text AS \"public\".\"LmsEnrollmentStatus\") OFFSET $2) AS \"sub\"","service":"preplyte-api","timestamp":"2026-02-06 09:29:00"}
{"level":"debug","message":"Params: [\"COMPLETED\",0]","service":"preplyte-api","timestamp":"2026-02-06 09:29:00"}
{"level":"debug","message":"Duration: 4ms","service":"preplyte-api","timestamp":"2026-02-06 09:29:00"}
{"level":"debug","message":"Query: SELECT AVG(\"progressPercent\") FROM (SELECT \"public\".\"lms_enrollments\".\"progressPercent\" FROM \"public\".\"lms_enrollments\" WHERE 1=1 OFFSET $1) AS \"sub\"","service":"preplyte-api","timestamp":"2026-02-06 09:29:00"}
{"level":"debug","message":"Params: [0]","service":"preplyte-api","timestamp":"2026-02-06 09:29:00"}
{"level":"debug","message":"Duration: 17ms","service":"preplyte-api","timestamp":"2026-02-06 09:29:00"}
{"level":"debug","message":"Query: SELECT COUNT(*) FROM (SELECT \"public\".\"lms_courses\".\"id\" FROM \"public\".\"lms_courses\" WHERE 1=1 OFFSET $1) AS \"sub\"","service":"preplyte-api","timestamp":"2026-02-06 09:29:00"}
{"level":"debug","message":"Params: [0]","service":"preplyte-api","timestamp":"2026-02-06 09:29:00"}
{"level":"debug","message":"Duration: 19ms","service":"preplyte-api","timestamp":"2026-02-06 09:29:00"}
{"level":"debug","message":"Query: SELECT \"public\".\"lms_courses\".\"id\", \"public\".\"lms_courses\".\"price\", \"public\".\"lms_courses\".\"discountPrice\", COALESCE(\"aggr_selection_0_LmsEnrollment\".\"_aggr_count_enrollments\", 0) AS \"_aggr_count_enrollments\" FROM \"public\".\"lms_courses\" LEFT JOIN (SELECT \"public\".\"lms_enrollments\".\"courseId\", COUNT(*) AS \"_aggr_count_enrollments\" FROM \"public\".\"lms_enrollments\" WHERE 1=1 GROUP BY \"public\".\"lms_enrollments\".\"courseId\") AS \"aggr_selection_0_LmsEnrollment\" ON (\"public\".\"lms_courses\".\"id\" = \"aggr_selection_0_LmsEnrollment\".\"courseId\") WHERE \"public\".\"lms_courses\".\"price\" > $1 OFFSET $2","service":"preplyte-api","timestamp":"2026-02-06 09:29:00"}
{"level":"debug","message":"Params: [0,0]","service":"preplyte-api","timestamp":"2026-02-06 09:29:00"}
{"level":"debug","message":"Duration: 20ms","service":"preplyte-api","timestamp":"2026-02-06 09:29:00"}
{"level":"debug","message":"Query: SELECT COUNT(*) FROM (SELECT \"public\".\"lms_courses\".\"id\" FROM \"public\".\"lms_courses\" WHERE \"public\".\"lms_courses\".\"status\" = CAST($1::text AS \"public\".\"LmsCourseStatus\") OFFSET $2) AS \"sub\"","service":"preplyte-api","timestamp":"2026-02-06 09:29:00"}
{"level":"debug","message":"Params: [\"PUBLISHED\",0]","service":"preplyte-api","timestamp":"2026-02-06 09:29:00"}
{"level":"debug","message":"Duration: 22ms","service":"preplyte-api","timestamp":"2026-02-06 09:29:00"}
{"level":"debug","message":"Query: SELECT COUNT(*) FROM (SELECT \"public\".\"lms_enrollments\".\"id\" FROM \"public\".\"lms_enrollments\" WHERE 1=1 OFFSET $1) AS \"sub\"","service":"preplyte-api","timestamp":"2026-02-06 09:29:00"}
{"level":"debug","message":"Params: [0]","service":"preplyte-api","timestamp":"2026-02-06 09:29:00"}
{"level":"debug","message":"Duration: 11ms","service":"preplyte-api","timestamp":"2026-02-06 09:29:00"}
{"level":"debug","message":"Query: SELECT COUNT(*) FROM (SELECT \"public\".\"lms_categories\".\"id\" FROM \"public\".\"lms_categories\" WHERE 1=1 OFFSET $1) AS \"sub\"","service":"preplyte-api","timestamp":"2026-02-06 09:29:00"}
{"level":"debug","message":"Params: [0]","service":"preplyte-api","timestamp":"2026-02-06 09:29:00"}
{"level":"debug","message":"Duration: 5ms","service":"preplyte-api","timestamp":"2026-02-06 09:29:00"}
{"level":"debug","message":"Query: SELECT COUNT(*) FROM (SELECT \"public\".\"lms_modules\".\"id\" FROM \"public\".\"lms_modules\" WHERE 1=1 OFFSET $1) AS \"sub\"","service":"preplyte-api","timestamp":"2026-02-06 09:29:00"}
{"level":"debug","message":"Params: [0]","service":"preplyte-api","timestamp":"2026-02-06 09:29:00"}
{"level":"debug","message":"Duration: 6ms","service":"preplyte-api","timestamp":"2026-02-06 09:29:00"}
{"level":"debug","message":"Query: SELECT COUNT(*) FROM (SELECT \"public\".\"lms_topics\".\"id\" FROM \"public\".\"lms_topics\" WHERE 1=1 OFFSET $1) AS \"sub\"","service":"preplyte-api","timestamp":"2026-02-06 09:29:00"}
{"level":"debug","message":"Params: [0]","service":"preplyte-api","timestamp":"2026-02-06 09:29:00"}
{"level":"debug","message":"Duration: 7ms","service":"preplyte-api","timestamp":"2026-02-06 09:29:00"}
{"level":"debug","message":"Query: SELECT \"public\".\"lms_enrollments\".\"id\", \"public\".\"lms_enrollments\".\"enrolledAt\" FROM \"public\".\"lms_enrollments\" WHERE \"public\".\"lms_enrollments\".\"enrolledAt\" >= $1 ORDER BY \"public\".\"lms_enrollments\".\"id\" ASC LIMIT $2 OFFSET $3","service":"preplyte-api","timestamp":"2026-02-06 09:29:00"}
{"level":"debug","message":"Params: [\"2026-01-07 03:59:00.647 UTC\",1000,0]","service":"preplyte-api","timestamp":"2026-02-06 09:29:00"}
{"level":"debug","message":"Duration: 2ms","service":"preplyte-api","timestamp":"2026-02-06 09:29:00"}
{"level":"debug","message":"Query: SELECT \"public\".\"lms_categories\".\"id\", \"public\".\"lms_categories\".\"name\", \"public\".\"lms_categories\".\"slug\", \"public\".\"lms_categories\".\"description\", \"public\".\"lms_categories\".\"iconUrl\", \"public\".\"lms_categories\".\"order\", \"public\".\"lms_categories\".\"isActive\", \"public\".\"lms_categories\".\"createdAt\", \"public\".\"lms_categories\".\"updatedAt\" FROM \"public\".\"lms_categories\" WHERE 1=1 OFFSET $1","service":"preplyte-api","timestamp":"2026-02-06 09:29:00"}
{"level":"debug","message":"Params: [0]","service":"preplyte-api","timestamp":"2026-02-06 09:29:00"}
{"level":"debug","message":"Duration: 10ms","service":"preplyte-api","timestamp":"2026-02-06 09:29:00"}
{"level":"debug","message":"Query: SELECT \"public\".\"lms_courses\".\"id\", \"public\".\"lms_courses\".\"categoryId\", COALESCE(\"aggr_selection_0_LmsEnrollment\".\"_aggr_count_enrollments\", 0) AS \"_aggr_count_enrollments\" FROM \"public\".\"lms_courses\" LEFT JOIN (SELECT \"public\".\"lms_enrollments\".\"courseId\", COUNT(*) AS \"_aggr_count_enrollments\" FROM \"public\".\"lms_enrollments\" WHERE 1=1 GROUP BY \"public\".\"lms_enrollments\".\"courseId\") AS \"aggr_selection_0_LmsEnrollment\" ON (\"public\".\"lms_courses\".\"id\" = \"aggr_selection_0_LmsEnrollment\".\"courseId\") WHERE \"public\".\"lms_courses\".\"categoryId\" IN ($1,$2,$3) OFFSET $4","service":"preplyte-api","timestamp":"2026-02-06 09:29:00"}
{"level":"debug","message":"Params: [\"cml92k1i3000017d0bq70mkrl\",\"cml92k1jr000117d0cg73jwlc\",\"cml92k1jt000217d0r4tfrsnl\",0]","service":"preplyte-api","timestamp":"2026-02-06 09:29:00"}
{"level":"debug","message":"Duration: 3ms","service":"preplyte-api","timestamp":"2026-02-06 09:29:00"}
{"level":"debug","message":"Query: SELECT \"public\".\"lms_courses\".\"id\", \"public\".\"lms_courses\".\"title\", \"public\".\"lms_courses\".\"price\", \"public\".\"lms_courses\".\"discountPrice\", COALESCE(\"aggr_selection_0_LmsEnrollment\".\"_aggr_count_enrollments\", 0) AS \"_aggr_count_enrollments\" FROM \"public\".\"lms_courses\" LEFT JOIN (SELECT \"public\".\"lms_enrollments\".\"courseId\", COUNT(*) AS \"orderby_aggregator\" FROM \"public\".\"lms_enrollments\" WHERE 1=1 GROUP BY \"public\".\"lms_enrollments\".\"courseId\") AS \"orderby_1_LmsEnrollment\" ON (\"public\".\"lms_courses\".\"id\" = \"orderby_1_LmsEnrollment\".\"courseId\") LEFT JOIN (SELECT \"public\".\"lms_enrollments\".\"courseId\", COUNT(*) AS \"_aggr_count_enrollments\" FROM \"public\".\"lms_enrollments\" WHERE 1=1 GROUP BY \"public\".\"lms_enrollments\".\"courseId\") AS \"aggr_selection_0_LmsEnrollment\" ON (\"public\".\"lms_courses\".\"id\" = \"aggr_selection_0_LmsEnrollment\".\"courseId\") WHERE 1=1 ORDER BY COALESCE(\"orderby_1_LmsEnrollment\".\"orderby_aggregator\", $1) DESC LIMIT $2 OFFSET $3","service":"preplyte-api","timestamp":"2026-02-06 09:29:00"}
{"level":"debug","message":"Params: [0,5,0]","service":"preplyte-api","timestamp":"2026-02-06 09:29:00"}
{"level":"debug","message":"Duration: 17ms","service":"preplyte-api","timestamp":"2026-02-06 09:29:00"}
{"level":"debug","message":"Query: SELECT AVG(\"public\".\"lms_enrollments\".\"progressPercent\"), \"public\".\"lms_enrollments\".\"courseId\" FROM \"public\".\"lms_enrollments\" WHERE \"public\".\"lms_enrollments\".\"courseId\" IN ($1,$2,$3) GROUP BY \"public\".\"lms_enrollments\".\"courseId\" OFFSET $4","service":"preplyte-api","timestamp":"2026-02-06 09:29:00"}
{"level":"debug","message":"Params: [\"cml94bejx00051360oftmcm9a\",\"cml92k1k4000417d09rzlrf37\",\"cml93bbti0001h2p0y0h24vng\",0]","service":"preplyte-api","timestamp":"2026-02-06 09:29:00"}
{"level":"debug","message":"Duration: 2ms","service":"preplyte-api","timestamp":"2026-02-06 09:29:00"}
{"level":"info","message":"\u001b[0mGET /api/admin/lms/analytics/overview \u001b[36m304\u001b[0m 164.401 ms - -\u001b[0m","service":"preplyte-api","timestamp":"2026-02-06 09:29:00"}
{"level":"debug","message":"Query: SELECT \"public\".\"users\".\"id\", \"public\".\"users\".\"email\", \"public\".\"users\".\"role\"::text, \"public\".\"users\".\"instituteId\", \"public\".\"users\".\"isActive\", \"public\".\"users\".\"tokenVersion\" FROM \"public\".\"users\" WHERE (\"public\".\"users\".\"id\" = $1 AND 1=1) LIMIT $2 OFFSET $3","service":"preplyte-api","timestamp":"2026-02-06 09:29:09"}
{"level":"debug","message":"Params: [\"cml92r5r50001q3oopvkslp23\",1,0]","service":"preplyte-api","timestamp":"2026-02-06 09:29:09"}
{"level":"debug","message":"Duration: 1ms","service":"preplyte-api","timestamp":"2026-02-06 09:29:09"}
{"level":"debug","message":"Query: SELECT \"public\".\"lms_courses\".\"id\", \"public\".\"lms_courses\".\"categoryId\", \"public\".\"lms_courses\".\"title\", \"public\".\"lms_courses\".\"slug\", \"public\".\"lms_courses\".\"shortDescription\", \"public\".\"lms_courses\".\"description\", \"public\".\"lms_courses\".\"thumbnailUrl\", \"public\".\"lms_courses\".\"previewVideoUrl\", \"public\".\"lms_courses\".\"totalModules\", \"public\".\"lms_courses\".\"totalTopics\", \"public\".\"lms_courses\".\"totalPoints\", \"public\".\"lms_courses\".\"totalHours\", \"public\".\"lms_courses\".\"price\", \"public\".\"lms_courses\".\"discountPrice\", \"public\".\"lms_courses\".\"currency\", \"public\".\"lms_courses\".\"status\"::text, \"public\".\"lms_courses\".\"isActive\", \"public\".\"lms_courses\".\"certificateEnabled\", \"public\".\"lms_courses\".\"passingPercentage\", \"public\".\"lms_courses\".\"tags\", \"public\".\"lms_courses\".\"difficulty\"::text, \"public\".\"lms_courses\".\"instructor\", \"public\".\"lms_courses\".\"language\", \"public\".\"lms_courses\".\"createdAt\", \"public\".\"lms_courses\".\"updatedAt\", \"public\".\"lms_courses\".\"publishedAt\", COALESCE(\"aggr_selection_0_LmsModule\".\"_aggr_count_modules\", 0) AS \"_aggr_count_modules\", COALESCE(\"aggr_selection_1_LmsEnrollment\".\"_aggr_count_enrollments\", 0) AS \"_aggr_count_enrollments\" FROM \"public\".\"lms_courses\" LEFT JOIN (SELECT \"public\".\"lms_modules\".\"courseId\", COUNT(*) AS \"_aggr_count_modules\" FROM \"public\".\"lms_modules\" WHERE 1=1 GROUP BY \"public\".\"lms_modules\".\"courseId\") AS \"aggr_selection_0_LmsModule\" ON (\"public\".\"lms_courses\".\"id\" = \"aggr_selection_0_LmsModule\".\"courseId\") LEFT JOIN (SELECT \"public\".\"lms_enrollments\".\"courseId\", COUNT(*) AS \"_aggr_count_enrollments\" FROM \"public\".\"lms_enrollments\" WHERE 1=1 GROUP BY \"public\".\"lms_enrollments\".\"courseId\") AS \"aggr_selection_1_LmsEnrollment\" ON (\"public\".\"lms_courses\".\"id\" = \"aggr_selection_1_LmsEnrollment\".\"courseId\") WHERE 1=1 ORDER BY \"public\".\"lms_courses\".\"createdAt\" DESC OFFSET $1","service":"preplyte-api","timestamp":"2026-02-06 09:29:09"}
{"level":"debug","message":"Params: [0]","service":"preplyte-api","timestamp":"2026-02-06 09:29:09"}
{"level":"debug","message":"Duration: 12ms","service":"preplyte-api","timestamp":"2026-02-06 09:29:09"}
{"level":"debug","message":"Query: SELECT \"public\".\"lms_categories\".\"id\", \"public\".\"lms_categories\".\"name\", \"public\".\"lms_categories\".\"slug\", \"public\".\"lms_categories\".\"description\", \"public\".\"lms_categories\".\"iconUrl\", \"public\".\"lms_categories\".\"order\", \"public\".\"lms_categories\".\"isActive\", \"public\".\"lms_categories\".\"createdAt\", \"public\".\"lms_categories\".\"updatedAt\" FROM \"public\".\"lms_categories\" WHERE \"public\".\"lms_categories\".\"id\" IN ($1) OFFSET $2","service":"preplyte-api","timestamp":"2026-02-06 09:29:09"}
{"level":"debug","message":"Params: [\"cml92k1i3000017d0bq70mkrl\",0]","service":"preplyte-api","timestamp":"2026-02-06 09:29:09"}
{"level":"debug","message":"Duration: 13ms","service":"preplyte-api","timestamp":"2026-02-06 09:29:09"}
{"level":"info","message":"\u001b[0mGET /api/admin/lms/courses?page=1&limit=10&search= \u001b[36m304\u001b[0m 42.199 ms - -\u001b[0m","service":"preplyte-api","timestamp":"2026-02-06 09:29:09"}
{"level":"debug","message":"Query: SELECT 1","service":"preplyte-api","timestamp":"2026-02-06 09:29:12"}
{"level":"debug","message":"Params: []","service":"preplyte-api","timestamp":"2026-02-06 09:29:12"}
{"level":"debug","message":"Duration: 0ms","service":"preplyte-api","timestamp":"2026-02-06 09:29:12"}
{"level":"debug","message":"Query: SELECT \"public\".\"users\".\"id\", \"public\".\"users\".\"email\", \"public\".\"users\".\"role\"::text, \"public\".\"users\".\"instituteId\", \"public\".\"users\".\"isActive\", \"public\".\"users\".\"tokenVersion\" FROM \"public\".\"users\" WHERE (\"public\".\"users\".\"id\" = $1 AND 1=1) LIMIT $2 OFFSET $3","service":"preplyte-api","timestamp":"2026-02-06 09:29:12"}
{"level":"debug","message":"Params: [\"cml92r5r50001q3oopvkslp23\",1,0]","service":"preplyte-api","timestamp":"2026-02-06 09:29:12"}
{"level":"debug","message":"Duration: 0ms","service":"preplyte-api","timestamp":"2026-02-06 09:29:12"}
{"level":"debug","message":"Query: SELECT \"public\".\"lms_courses\".\"id\", \"public\".\"lms_courses\".\"categoryId\", \"public\".\"lms_courses\".\"title\", \"public\".\"lms_courses\".\"slug\", \"public\".\"lms_courses\".\"shortDescription\", \"public\".\"lms_courses\".\"description\", \"public\".\"lms_courses\".\"thumbnailUrl\", \"public\".\"lms_courses\".\"previewVideoUrl\", \"public\".\"lms_courses\".\"totalModules\", \"public\".\"lms_courses\".\"totalTopics\", \"public\".\"lms_courses\".\"totalPoints\", \"public\".\"lms_courses\".\"totalHours\", \"public\".\"lms_courses\".\"price\", \"public\".\"lms_courses\".\"discountPrice\", \"public\".\"lms_courses\".\"currency\", \"public\".\"lms_courses\".\"status\"::text, \"public\".\"lms_courses\".\"isActive\", \"public\".\"lms_courses\".\"certificateEnabled\", \"public\".\"lms_courses\".\"passingPercentage\", \"public\".\"lms_courses\".\"tags\", \"public\".\"lms_courses\".\"difficulty\"::text, \"public\".\"lms_courses\".\"instructor\", \"public\".\"lms_courses\".\"language\", \"public\".\"lms_courses\".\"createdAt\", \"public\".\"lms_courses\".\"updatedAt\", \"public\".\"lms_courses\".\"publishedAt\", COALESCE(\"aggr_selection_0_LmsEnrollment\".\"_aggr_count_enrollments\", 0) AS \"_aggr_count_enrollments\" FROM \"public\".\"lms_courses\" LEFT JOIN (SELECT \"public\".\"lms_enrollments\".\"courseId\", COUNT(*) AS \"_aggr_count_enrollments\" FROM \"public\".\"lms_enrollments\" WHERE 1=1 GROUP BY \"public\".\"lms_enrollments\".\"courseId\") AS \"aggr_selection_0_LmsEnrollment\" ON (\"public\".\"lms_courses\".\"id\" = \"aggr_selection_0_LmsEnrollment\".\"courseId\") WHERE (\"public\".\"lms_courses\".\"id\" = $1 AND 1=1) LIMIT $2 OFFSET $3","service":"preplyte-api","timestamp":"2026-02-06 09:29:12"}
{"level":"debug","message":"Params: [\"cml94bejx00051360oftmcm9a\",1,0]","service":"preplyte-api","timestamp":"2026-02-06 09:29:12"}
{"level":"debug","message":"Duration: 2ms","service":"preplyte-api","timestamp":"2026-02-06 09:29:12"}
{"level":"debug","message":"Query: SELECT \"public\".\"lms_categories\".\"id\", \"public\".\"lms_categories\".\"name\", \"public\".\"lms_categories\".\"slug\", \"public\".\"lms_categories\".\"description\", \"public\".\"lms_categories\".\"iconUrl\", \"public\".\"lms_categories\".\"order\", \"public\".\"lms_categories\".\"isActive\", \"public\".\"lms_categories\".\"createdAt\", \"public\".\"lms_categories\".\"updatedAt\" FROM \"public\".\"lms_categories\" WHERE \"public\".\"lms_categories\".\"id\" IN ($1) OFFSET $2","service":"preplyte-api","timestamp":"2026-02-06 09:29:12"}
{"level":"debug","message":"Params: [\"cml92k1i3000017d0bq70mkrl\",0]","service":"preplyte-api","timestamp":"2026-02-06 09:29:12"}
{"level":"debug","message":"Duration: 0ms","service":"preplyte-api","timestamp":"2026-02-06 09:29:12"}
{"level":"debug","message":"Query: SELECT \"public\".\"lms_modules\".\"id\", \"public\".\"lms_modules\".\"courseId\", \"public\".\"lms_modules\".\"title\", \"public\".\"lms_modules\".\"shortDescription\", \"public\".\"lms_modules\".\"description\", \"public\".\"lms_modules\".\"order\", \"public\".\"lms_modules\".\"totalTopics\", \"public\".\"lms_modules\".\"points\", \"public\".\"lms_modules\".\"estimatedMinutes\", \"public\".\"lms_modules\".\"isActive\", \"public\".\"lms_modules\".\"createdAt\", \"public\".\"lms_modules\".\"updatedAt\" FROM \"public\".\"lms_modules\" WHERE \"public\".\"lms_modules\".\"courseId\" IN ($1) ORDER BY \"public\".\"lms_modules\".\"order\" ASC OFFSET $2","service":"preplyte-api","timestamp":"2026-02-06 09:29:12"}
{"level":"debug","message":"Params: [\"cml94bejx00051360oftmcm9a\",0]","service":"preplyte-api","timestamp":"2026-02-06 09:29:12"}
{"level":"debug","message":"Duration: 1ms","service":"preplyte-api","timestamp":"2026-02-06 09:29:12"}
{"level":"debug","message":"Query: SELECT \"public\".\"lms_topics\".\"id\", \"public\".\"lms_topics\".\"moduleId\", \"public\".\"lms_topics\".\"title\", \"public\".\"lms_topics\".\"description\", \"public\".\"lms_topics\".\"order\", \"public\".\"lms_topics\".\"theoryContent\", \"public\".\"lms_topics\".\"videoUrl\", \"public\".\"lms_topics\".\"videoDuration\", \"public\".\"lms_topics\".\"estimatedMinutes\", \"public\".\"lms_topics\".\"resources\", \"public\".\"lms_topics\".\"isActive\", \"public\".\"lms_topics\".\"createdAt\", \"public\".\"lms_topics\".\"updatedAt\" FROM \"public\".\"lms_topics\" WHERE \"public\".\"lms_topics\".\"moduleId\" IN ($1) ORDER BY \"public\".\"lms_topics\".\"order\" ASC OFFSET $2","service":"preplyte-api","timestamp":"2026-02-06 09:29:12"}
{"level":"debug","message":"Params: [\"cml94bejx00061360ybgbi4lp\",0]","service":"preplyte-api","timestamp":"2026-02-06 09:29:12"}
{"level":"debug","message":"Duration: 5ms","service":"preplyte-api","timestamp":"2026-02-06 09:29:12"}
{"level":"debug","message":"Query: SELECT \"public\".\"lms_module_tests\".\"id\", \"public\".\"lms_module_tests\".\"moduleId\", \"public\".\"lms_module_tests\".\"title\", \"public\".\"lms_module_tests\".\"instructions\", \"public\".\"lms_module_tests\".\"totalQuestions\", \"public\".\"lms_module_tests\".\"passingScore\", \"public\".\"lms_module_tests\".\"timeLimitMinutes\", \"public\".\"lms_module_tests\".\"maxAttempts\", \"public\".\"lms_module_tests\".\"pointsPerQuestion\", \"public\".\"lms_module_tests\".\"totalPoints\", \"public\".\"lms_module_tests\".\"isActive\", \"public\".\"lms_module_tests\".\"createdAt\", \"public\".\"lms_module_tests\".\"updatedAt\" FROM \"public\".\"lms_module_tests\" WHERE \"public\".\"lms_module_tests\".\"moduleId\" IN ($1) OFFSET $2","service":"preplyte-api","timestamp":"2026-02-06 09:29:12"}
{"level":"debug","message":"Params: [\"cml94bejx00061360ybgbi4lp\",0]","service":"preplyte-api","timestamp":"2026-02-06 09:29:12"}
{"level":"debug","message":"Duration: 3ms","service":"preplyte-api","timestamp":"2026-02-06 09:29:12"}
{"level":"debug","message":"Query: SELECT \"public\".\"lms_final_tests\".\"id\", \"public\".\"lms_final_tests\".\"courseId\", \"public\".\"lms_final_tests\".\"title\", \"public\".\"lms_final_tests\".\"instructions\", \"public\".\"lms_final_tests\".\"totalQuestions\", \"public\".\"lms_final_tests\".\"passingScore\", \"public\".\"lms_final_tests\".\"timeLimitMinutes\", \"public\".\"lms_final_tests\".\"pointsPerQuestion\", \"public\".\"lms_final_tests\".\"totalPoints\", \"public\".\"lms_final_tests\".\"maxAttempts\", \"public\".\"lms_final_tests\".\"isActive\", \"public\".\"lms_final_tests\".\"createdAt\", \"public\".\"lms_final_tests\".\"updatedAt\" FROM \"public\".\"lms_final_tests\" WHERE \"public\".\"lms_final_tests\".\"courseId\" IN ($1) OFFSET $2","service":"preplyte-api","timestamp":"2026-02-06 09:29:12"}
{"level":"debug","message":"Params: [\"cml94bejx00051360oftmcm9a\",0]","service":"preplyte-api","timestamp":"2026-02-06 09:29:12"}
{"level":"debug","message":"Duration: 3ms","service":"preplyte-api","timestamp":"2026-02-06 09:29:12"}
{"level":"info","message":"\u001b[0mGET /api/admin/lms/courses/cml94bejx00051360oftmcm9a \u001b[36m304\u001b[0m 30.156 ms - -\u001b[0m","service":"preplyte-api","timestamp":"2026-02-06 09:29:12"}
{"level":"debug","message":"Query: SELECT \"public\".\"users\".\"id\", \"public\".\"users\".\"email\", \"public\".\"users\".\"role\"::text, \"public\".\"users\".\"instituteId\", \"public\".\"users\".\"isActive\", \"public\".\"users\".\"tokenVersion\" FROM \"public\".\"users\" WHERE (\"public\".\"users\".\"id\" = $1 AND 1=1) LIMIT $2 OFFSET $3","service":"preplyte-api","timestamp":"2026-02-06 09:29:12"}
{"level":"debug","message":"Params: [\"cml92r5r50001q3oopvkslp23\",1,0]","service":"preplyte-api","timestamp":"2026-02-06 09:29:12"}
{"level":"debug","message":"Duration: 0ms","service":"preplyte-api","timestamp":"2026-02-06 09:29:12"}
{"level":"debug","message":"Query: SELECT \"public\".\"lms_categories\".\"id\", \"public\".\"lms_categories\".\"name\", \"public\".\"lms_categories\".\"slug\", \"public\".\"lms_categories\".\"description\", \"public\".\"lms_categories\".\"iconUrl\", \"public\".\"lms_categories\".\"order\", \"public\".\"lms_categories\".\"isActive\", \"public\".\"lms_categories\".\"createdAt\", \"public\".\"lms_categories\".\"updatedAt\", COALESCE(\"aggr_selection_0_LmsCourse\".\"_aggr_count_courses\", 0) AS \"_aggr_count_courses\" FROM \"public\".\"lms_categories\" LEFT JOIN (SELECT \"public\".\"lms_courses\".\"categoryId\", COUNT(*) AS \"_aggr_count_courses\" FROM \"public\".\"lms_courses\" WHERE 1=1 GROUP BY \"public\".\"lms_courses\".\"categoryId\") AS \"aggr_selection_0_LmsCourse\" ON (\"public\".\"lms_categories\".\"id\" = \"aggr_selection_0_LmsCourse\".\"categoryId\") WHERE 1=1 ORDER BY \"public\".\"lms_categories\".\"order\" ASC OFFSET $1","service":"preplyte-api","timestamp":"2026-02-06 09:29:12"}
{"level":"debug","message":"Params: [0]","service":"preplyte-api","timestamp":"2026-02-06 09:29:12"}
{"level":"debug","message":"Duration: 1ms","service":"preplyte-api","timestamp":"2026-02-06 09:29:12"}
{"level":"info","message":"\u001b[0mGET /api/admin/lms/categories \u001b[36m304\u001b[0m 9.973 ms - -\u001b[0m","service":"preplyte-api","timestamp":"2026-02-06 09:29:12"}
{"level":"debug","message":"Query: SELECT \"public\".\"users\".\"id\", \"public\".\"users\".\"email\", \"public\".\"users\".\"role\"::text, \"public\".\"users\".\"instituteId\", \"public\".\"users\".\"isActive\", \"public\".\"users\".\"tokenVersion\" FROM \"public\".\"users\" WHERE (\"public\".\"users\".\"id\" = $1 AND 1=1) LIMIT $2 OFFSET $3","service":"preplyte-api","timestamp":"2026-02-06 09:29:24"}
{"level":"debug","message":"Params: [\"cml92r5r50001q3oopvkslp23\",1,0]","service":"preplyte-api","timestamp":"2026-02-06 09:29:24"}
{"level":"debug","message":"Duration: 0ms","service":"preplyte-api","timestamp":"2026-02-06 09:29:24"}
{"level":"debug","message":"Query: SELECT \"public\".\"lms_courses\".\"id\", \"public\".\"lms_courses\".\"categoryId\", \"public\".\"lms_courses\".\"title\", \"public\".\"lms_courses\".\"slug\", \"public\".\"lms_courses\".\"shortDescription\", \"public\".\"lms_courses\".\"description\", \"public\".\"lms_courses\".\"thumbnailUrl\", \"public\".\"lms_courses\".\"previewVideoUrl\", \"public\".\"lms_courses\".\"totalModules\", \"public\".\"lms_courses\".\"totalTopics\", \"public\".\"lms_courses\".\"totalPoints\", \"public\".\"lms_courses\".\"totalHours\", \"public\".\"lms_courses\".\"price\", \"public\".\"lms_courses\".\"discountPrice\", \"public\".\"lms_courses\".\"currency\", \"public\".\"lms_courses\".\"status\"::text, \"public\".\"lms_courses\".\"isActive\", \"public\".\"lms_courses\".\"certificateEnabled\", \"public\".\"lms_courses\".\"passingPercentage\", \"public\".\"lms_courses\".\"tags\", \"public\".\"lms_courses\".\"difficulty\"::text, \"public\".\"lms_courses\".\"instructor\", \"public\".\"lms_courses\".\"language\", \"public\".\"lms_courses\".\"createdAt\", \"public\".\"lms_courses\".\"updatedAt\", \"public\".\"lms_courses\".\"publishedAt\", COALESCE(\"aggr_selection_0_LmsEnrollment\".\"_aggr_count_enrollments\", 0) AS \"_aggr_count_enrollments\" FROM \"public\".\"lms_courses\" LEFT JOIN (SELECT \"public\".\"lms_enrollments\".\"courseId\", COUNT(*) AS \"_aggr_count_enrollments\" FROM \"public\".\"lms_enrollments\" WHERE 1=1 GROUP BY \"public\".\"lms_enrollments\".\"courseId\") AS \"aggr_selection_0_LmsEnrollment\" ON (\"public\".\"lms_courses\".\"id\" = \"aggr_selection_0_LmsEnrollment\".\"courseId\") WHERE (\"public\".\"lms_courses\".\"id\" = $1 AND 1=1) LIMIT $2 OFFSET $3","service":"preplyte-api","timestamp":"2026-02-06 09:29:24"}
{"level":"debug","message":"Params: [\"cml92k1k4000417d09rzlrf37\",1,0]","service":"preplyte-api","timestamp":"2026-02-06 09:29:24"}
{"level":"debug","message":"Duration: 1ms","service":"preplyte-api","timestamp":"2026-02-06 09:29:24"}
{"level":"debug","message":"Query: SELECT \"public\".\"lms_categories\".\"id\", \"public\".\"lms_categories\".\"name\", \"public\".\"lms_categories\".\"slug\", \"public\".\"lms_categories\".\"description\", \"public\".\"lms_categories\".\"iconUrl\", \"public\".\"lms_categories\".\"order\", \"public\".\"lms_categories\".\"isActive\", \"public\".\"lms_categories\".\"createdAt\", \"public\".\"lms_categories\".\"updatedAt\" FROM \"public\".\"lms_categories\" WHERE \"public\".\"lms_categories\".\"id\" IN ($1) OFFSET $2","service":"preplyte-api","timestamp":"2026-02-06 09:29:24"}
{"level":"debug","message":"Params: [\"cml92k1i3000017d0bq70mkrl\",0]","service":"preplyte-api","timestamp":"2026-02-06 09:29:24"}
{"level":"debug","message":"Duration: 0ms","service":"preplyte-api","timestamp":"2026-02-06 09:29:24"}
{"level":"debug","message":"Query: SELECT \"public\".\"lms_modules\".\"id\", \"public\".\"lms_modules\".\"courseId\", \"public\".\"lms_modules\".\"title\", \"public\".\"lms_modules\".\"shortDescription\", \"public\".\"lms_modules\".\"description\", \"public\".\"lms_modules\".\"order\", \"public\".\"lms_modules\".\"totalTopics\", \"public\".\"lms_modules\".\"points\", \"public\".\"lms_modules\".\"estimatedMinutes\", \"public\".\"lms_modules\".\"isActive\", \"public\".\"lms_modules\".\"createdAt\", \"public\".\"lms_modules\".\"updatedAt\" FROM \"public\".\"lms_modules\" WHERE \"public\".\"lms_modules\".\"courseId\" IN ($1) ORDER BY \"public\".\"lms_modules\".\"order\" ASC OFFSET $2","service":"preplyte-api","timestamp":"2026-02-06 09:29:24"}
{"level":"debug","message":"Params: [\"cml92k1k4000417d09rzlrf37\",0]","service":"preplyte-api","timestamp":"2026-02-06 09:29:24"}
{"level":"debug","message":"Duration: 0ms","service":"preplyte-api","timestamp":"2026-02-06 09:29:24"}
{"level":"debug","message":"Query: SELECT \"public\".\"lms_topics\".\"id\", \"public\".\"lms_topics\".\"moduleId\", \"public\".\"lms_topics\".\"title\", \"public\".\"lms_topics\".\"description\", \"public\".\"lms_topics\".\"order\", \"public\".\"lms_topics\".\"theoryContent\", \"public\".\"lms_topics\".\"videoUrl\", \"public\".\"lms_topics\".\"videoDuration\", \"public\".\"lms_topics\".\"estimatedMinutes\", \"public\".\"lms_topics\".\"resources\", \"public\".\"lms_topics\".\"isActive\", \"public\".\"lms_topics\".\"createdAt\", \"public\".\"lms_topics\".\"updatedAt\" FROM \"public\".\"lms_topics\" WHERE \"public\".\"lms_topics\".\"moduleId\" IN ($1,$2,$3,$4,$5) ORDER BY \"public\".\"lms_topics\".\"order\" ASC OFFSET $6","service":"preplyte-api","timestamp":"2026-02-06 09:29:24"}
{"level":"debug","message":"Params: [\"cml92k1ke000617d0l56w3n45\",\"cml92k1kj000817d0x6y6z5f7\",\"cml92k1kl000a17d0yp4e89wr\",\"cml92k1kn000c17d0ocn7frmc\",\"cml92k1kp000e17d03txb42ra\",0]","service":"preplyte-api","timestamp":"2026-02-06 09:29:24"}
{"level":"debug","message":"Duration: 1ms","service":"preplyte-api","timestamp":"2026-02-06 09:29:24"}
{"level":"debug","message":"Query: SELECT \"public\".\"lms_module_tests\".\"id\", \"public\".\"lms_module_tests\".\"moduleId\", \"public\".\"lms_module_tests\".\"title\", \"public\".\"lms_module_tests\".\"instructions\", \"public\".\"lms_module_tests\".\"totalQuestions\", \"public\".\"lms_module_tests\".\"passingScore\", \"public\".\"lms_module_tests\".\"timeLimitMinutes\", \"public\".\"lms_module_tests\".\"maxAttempts\", \"public\".\"lms_module_tests\".\"pointsPerQuestion\", \"public\".\"lms_module_tests\".\"totalPoints\", \"public\".\"lms_module_tests\".\"isActive\", \"public\".\"lms_module_tests\".\"createdAt\", \"public\".\"lms_module_tests\".\"updatedAt\" FROM \"public\".\"lms_module_tests\" WHERE \"public\".\"lms_module_tests\".\"moduleId\" IN ($1,$2,$3,$4,$5) OFFSET $6","service":"preplyte-api","timestamp":"2026-02-06 09:29:24"}
{"level":"debug","message":"Params: [\"cml92k1ke000617d0l56w3n45\",\"cml92k1kj000817d0x6y6z5f7\",\"cml92k1kl000a17d0yp4e89wr\",\"cml92k1kn000c17d0ocn7frmc\",\"cml92k1kp000e17d03txb42ra\",0]","service":"preplyte-api","timestamp":"2026-02-06 09:29:24"}
{"level":"debug","message":"Duration: 1ms","service":"preplyte-api","timestamp":"2026-02-06 09:29:24"}
{"level":"debug","message":"Query: SELECT \"public\".\"lms_final_tests\".\"id\", \"public\".\"lms_final_tests\".\"courseId\", \"public\".\"lms_final_tests\".\"title\", \"public\".\"lms_final_tests\".\"instructions\", \"public\".\"lms_final_tests\".\"totalQuestions\", \"public\".\"lms_final_tests\".\"passingScore\", \"public\".\"lms_final_tests\".\"timeLimitMinutes\", \"public\".\"lms_final_tests\".\"pointsPerQuestion\", \"public\".\"lms_final_tests\".\"totalPoints\", \"public\".\"lms_final_tests\".\"maxAttempts\", \"public\".\"lms_final_tests\".\"isActive\", \"public\".\"lms_final_tests\".\"createdAt\", \"public\".\"lms_final_tests\".\"updatedAt\" FROM \"public\".\"lms_final_tests\" WHERE \"public\".\"lms_final_tests\".\"courseId\" IN ($1) OFFSET $2","service":"preplyte-api","timestamp":"2026-02-06 09:29:24"}
{"level":"debug","message":"Params: [\"cml92k1k4000417d09rzlrf37\",0]","service":"preplyte-api","timestamp":"2026-02-06 09:29:24"}
{"level":"debug","message":"Duration: 0ms","service":"preplyte-api","timestamp":"2026-02-06 09:29:24"}
{"level":"info","message":"\u001b[0mGET /api/admin/lms/courses/cml92k1k4000417d09rzlrf37 \u001b[32m200\u001b[0m 23.645 ms - -\u001b[0m","service":"preplyte-api","timestamp":"2026-02-06 09:29:24"}
{"level":"debug","message":"Query: SELECT 1","service":"preplyte-api","timestamp":"2026-02-06 09:29:36"}
{"level":"debug","message":"Params: []","service":"preplyte-api","timestamp":"2026-02-06 09:29:36"}
{"level":"debug","message":"Duration: 0ms","service":"preplyte-api","timestamp":"2026-02-06 09:29:36"}
{"level":"debug","message":"Query: SELECT \"public\".\"users\".\"id\", \"public\".\"users\".\"email\", \"public\".\"users\".\"role\"::text, \"public\".\"users\".\"instituteId\", \"public\".\"users\".\"isActive\", \"public\".\"users\".\"tokenVersion\" FROM \"public\".\"users\" WHERE (\"public\".\"users\".\"id\" = $1 AND 1=1) LIMIT $2 OFFSET $3","service":"preplyte-api","timestamp":"2026-02-06 09:29:36"}
{"level":"debug","message":"Params: [\"cml92r5r50001q3oopvkslp23\",1,0]","service":"preplyte-api","timestamp":"2026-02-06 09:29:36"}
{"level":"debug","message":"Duration: 0ms","service":"preplyte-api","timestamp":"2026-02-06 09:29:36"}
{"level":"debug","message":"Query: SELECT \"public\".\"lms_modules\".\"id\", \"public\".\"lms_modules\".\"courseId\", \"public\".\"lms_modules\".\"title\", \"public\".\"lms_modules\".\"shortDescription\", \"public\".\"lms_modules\".\"description\", \"public\".\"lms_modules\".\"order\", \"public\".\"lms_modules\".\"totalTopics\", \"public\".\"lms_modules\".\"points\", \"public\".\"lms_modules\".\"estimatedMinutes\", \"public\".\"lms_modules\".\"isActive\", \"public\".\"lms_modules\".\"createdAt\", \"public\".\"lms_modules\".\"updatedAt\" FROM \"public\".\"lms_modules\" WHERE \"public\".\"lms_modules\".\"courseId\" = $1 ORDER BY \"public\".\"lms_modules\".\"order\" ASC OFFSET $2","service":"preplyte-api","timestamp":"2026-02-06 09:29:36"}
{"level":"debug","message":"Params: [\"cml94bejx00051360oftmcm9a\",0]","service":"preplyte-api","timestamp":"2026-02-06 09:29:36"}
{"level":"debug","message":"Duration: 1ms","service":"preplyte-api","timestamp":"2026-02-06 09:29:36"}
{"level":"info","message":"\u001b[0mGET /api/admin/lms/courses/cml94bejx00051360oftmcm9a/modules?courseId=cml94bejx00051360oftmcm9a \u001b[32m200\u001b[0m 14.447 ms - 328\u001b[0m","service":"preplyte-api","timestamp":"2026-02-06 09:29:36"}
{"level":"debug","message":"Query: SELECT \"public\".\"users\".\"id\", \"public\".\"users\".\"email\", \"public\".\"users\".\"role\"::text, \"public\".\"users\".\"instituteId\", \"public\".\"users\".\"isActive\", \"public\".\"users\".\"tokenVersion\" FROM \"public\".\"users\" WHERE (\"public\".\"users\".\"id\" = $1 AND 1=1) LIMIT $2 OFFSET $3","service":"preplyte-api","timestamp":"2026-02-06 09:29:48"}
{"level":"debug","message":"Params: [\"cml92r5r50001q3oopvkslp23\",1,0]","service":"preplyte-api","timestamp":"2026-02-06 09:29:48"}
{"level":"debug","message":"Duration: 1ms","service":"preplyte-api","timestamp":"2026-02-06 09:29:48"}
{"level":"debug","message":"Query: SELECT \"public\".\"lms_modules\".\"id\", \"public\".\"lms_modules\".\"courseId\", \"public\".\"lms_modules\".\"title\", \"public\".\"lms_modules\".\"shortDescription\", \"public\".\"lms_modules\".\"description\", \"public\".\"lms_modules\".\"order\", \"public\".\"lms_modules\".\"totalTopics\", \"public\".\"lms_modules\".\"points\", \"public\".\"lms_modules\".\"estimatedMinutes\", \"public\".\"lms_modules\".\"isActive\", \"public\".\"lms_modules\".\"createdAt\", \"public\".\"lms_modules\".\"updatedAt\" FROM \"public\".\"lms_modules\" WHERE (\"public\".\"lms_modules\".\"id\" = $1 AND 1=1) LIMIT $2 OFFSET $3","service":"preplyte-api","timestamp":"2026-02-06 09:29:48"}
{"level":"debug","message":"Params: [\"cml94bejx00061360ybgbi4lp\",1,0]","service":"preplyte-api","timestamp":"2026-02-06 09:29:48"}
{"level":"debug","message":"Duration: 2ms","service":"preplyte-api","timestamp":"2026-02-06 09:29:48"}
{"level":"debug","message":"Query: SELECT \"public\".\"lms_topics\".\"id\", \"public\".\"lms_topics\".\"moduleId\", \"public\".\"lms_topics\".\"title\", \"public\".\"lms_topics\".\"description\", \"public\".\"lms_topics\".\"order\", \"public\".\"lms_topics\".\"theoryContent\", \"public\".\"lms_topics\".\"videoUrl\", \"public\".\"lms_topics\".\"videoDuration\", \"public\".\"lms_topics\".\"estimatedMinutes\", \"public\".\"lms_topics\".\"resources\", \"public\".\"lms_topics\".\"isActive\", \"public\".\"lms_topics\".\"createdAt\", \"public\".\"lms_topics\".\"updatedAt\" FROM \"public\".\"lms_topics\" WHERE \"public\".\"lms_topics\".\"moduleId\" IN ($1) ORDER BY \"public\".\"lms_topics\".\"order\" ASC OFFSET $2","service":"preplyte-api","timestamp":"2026-02-06 09:29:48"}
{"level":"debug","message":"Params: [\"cml94bejx00061360ybgbi4lp\",0]","service":"preplyte-api","timestamp":"2026-02-06 09:29:48"}
{"level":"debug","message":"Duration: 0ms","service":"preplyte-api","timestamp":"2026-02-06 09:29:48"}
{"level":"info","message":"\u001b[0mGET /api/admin/lms/modules/cml94bejx00061360ybgbi4lp \u001b[32m200\u001b[0m 22.802 ms - 712\u001b[0m","service":"preplyte-api","timestamp":"2026-02-06 09:29:48"}
{"level":"debug","message":"Query: SELECT \"public\".\"users\".\"id\", \"public\".\"users\".\"email\", \"public\".\"users\".\"role\"::text, \"public\".\"users\".\"instituteId\", \"public\".\"users\".\"isActive\", \"public\".\"users\".\"tokenVersion\" FROM \"public\".\"users\" WHERE (\"public\".\"users\".\"id\" = $1 AND 1=1) LIMIT $2 OFFSET $3","service":"preplyte-api","timestamp":"2026-02-06 09:29:48"}
{"level":"debug","message":"Params: [\"cml92r5r50001q3oopvkslp23\",1,0]","service":"preplyte-api","timestamp":"2026-02-06 09:29:48"}
{"level":"debug","message":"Duration: 0ms","service":"preplyte-api","timestamp":"2026-02-06 09:29:48"}
{"level":"debug","message":"Query: SELECT \"public\".\"lms_topics\".\"id\", \"public\".\"lms_topics\".\"moduleId\", \"public\".\"lms_topics\".\"title\", \"public\".\"lms_topics\".\"description\", \"public\".\"lms_topics\".\"order\", \"public\".\"lms_topics\".\"theoryContent\", \"public\".\"lms_topics\".\"videoUrl\", \"public\".\"lms_topics\".\"videoDuration\", \"public\".\"lms_topics\".\"estimatedMinutes\", \"public\".\"lms_topics\".\"resources\", \"public\".\"lms_topics\".\"isActive\", \"public\".\"lms_topics\".\"createdAt\", \"public\".\"lms_topics\".\"updatedAt\" FROM \"public\".\"lms_topics\" WHERE \"public\".\"lms_topics\".\"moduleId\" = $1 ORDER BY \"public\".\"lms_topics\".\"order\" ASC OFFSET $2","service":"preplyte-api","timestamp":"2026-02-06 09:29:48"}
{"level":"debug","message":"Params: [\"cml94bejx00061360ybgbi4lp\",0]","service":"preplyte-api","timestamp":"2026-02-06 09:29:48"}
{"level":"debug","message":"Duration: 1ms","service":"preplyte-api","timestamp":"2026-02-06 09:29:48"}
{"level":"info","message":"\u001b[0mGET /api/admin/lms/modules/cml94bejx00061360ybgbi4lp/topics?moduleId=cml94bejx00061360ybgbi4lp \u001b[32m200\u001b[0m 16.251 ms - 400\u001b[0m","service":"preplyte-api","timestamp":"2026-02-06 09:29:48"}
{"level":"debug","message":"Query: SELECT 1","service":"preplyte-api","timestamp":"2026-02-06 09:30:00"}
{"level":"debug","message":"Params: []","service":"preplyte-api","timestamp":"2026-02-06 09:30:00"}
{"level":"debug","message":"Duration: 0ms","service":"preplyte-api","timestamp":"2026-02-06 09:30:00"}
{"level":"debug","message":"Query: SELECT \"public\".\"users\".\"id\", \"public\".\"users\".\"email\", \"public\".\"users\".\"role\"::text, \"public\".\"users\".\"instituteId\", \"public\".\"users\".\"isActive\", \"public\".\"users\".\"tokenVersion\" FROM \"public\".\"users\" WHERE (\"public\".\"users\".\"id\" = $1 AND 1=1) LIMIT $2 OFFSET $3","service":"preplyte-api","timestamp":"2026-02-06 09:30:00"}
{"level":"debug","message":"Params: [\"cml92r5r50001q3oopvkslp23\",1,0]","service":"preplyte-api","timestamp":"2026-02-06 09:30:00"}
{"level":"debug","message":"Duration: 0ms","service":"preplyte-api","timestamp":"2026-02-06 09:30:00"}
{"level":"debug","message":"Query: SELECT \"public\".\"lms_topics\".\"id\", \"public\".\"lms_topics\".\"moduleId\", \"public\".\"lms_topics\".\"title\", \"public\".\"lms_topics\".\"description\", \"public\".\"lms_topics\".\"order\", \"public\".\"lms_topics\".\"theoryContent\", \"public\".\"lms_topics\".\"videoUrl\", \"public\".\"lms_topics\".\"videoDuration\", \"public\".\"lms_topics\".\"estimatedMinutes\", \"public\".\"lms_topics\".\"resources\", \"public\".\"lms_topics\".\"isActive\", \"public\".\"lms_topics\".\"createdAt\", \"public\".\"lms_topics\".\"updatedAt\" FROM \"public\".\"lms_topics\" WHERE (\"public\".\"lms_topics\".\"id\" = $1 AND 1=1) LIMIT $2 OFFSET $3","service":"preplyte-api","timestamp":"2026-02-06 09:30:00"}
{"level":"debug","message":"Params: [\"cml94bejy00071360x0i56b1a\",1,0]","service":"preplyte-api","timestamp":"2026-02-06 09:30:00"}
{"level":"debug","message":"Duration: 2ms","service":"preplyte-api","timestamp":"2026-02-06 09:30:00"}
{"level":"info","message":"\u001b[0mGET /api/admin/lms/topics/cml94bejy00071360x0i56b1a \u001b[32m200\u001b[0m 20.242 ms - 398\u001b[0m","service":"preplyte-api","timestamp":"2026-02-06 09:30:00"}
{"level":"debug","message":"Query: SELECT 1","service":"preplyte-api","timestamp":"2026-02-06 09:30:16"}
{"level":"debug","message":"Params: []","service":"preplyte-api","timestamp":"2026-02-06 09:30:16"}
{"level":"debug","message":"Duration: 0ms","service":"preplyte-api","timestamp":"2026-02-06 09:30:16"}
{"level":"debug","message":"Query: SELECT \"public\".\"users\".\"id\", \"public\".\"users\".\"email\", \"public\".\"users\".\"role\"::text, \"public\".\"users\".\"instituteId\", \"public\".\"users\".\"isActive\", \"public\".\"users\".\"tokenVersion\" FROM \"public\".\"users\" WHERE (\"public\".\"users\".\"id\" = $1 AND 1=1) LIMIT $2 OFFSET $3","service":"preplyte-api","timestamp":"2026-02-06 09:30:16"}
{"level":"debug","message":"Params: [\"cml92r5r50001q3oopvkslp23\",1,0]","service":"preplyte-api","timestamp":"2026-02-06 09:30:16"}
{"level":"debug","message":"Duration: 0ms","service":"preplyte-api","timestamp":"2026-02-06 09:30:16"}
{"level":"debug","message":"Query: SELECT \"public\".\"lms_module_tests\".\"id\", \"public\".\"lms_module_tests\".\"moduleId\", \"public\".\"lms_module_tests\".\"title\", \"public\".\"lms_module_tests\".\"instructions\", \"public\".\"lms_module_tests\".\"totalQuestions\", \"public\".\"lms_module_tests\".\"passingScore\", \"public\".\"lms_module_tests\".\"timeLimitMinutes\", \"public\".\"lms_module_tests\".\"maxAttempts\", \"public\".\"lms_module_tests\".\"pointsPerQuestion\", \"public\".\"lms_module_tests\".\"totalPoints\", \"public\".\"lms_module_tests\".\"isActive\", \"public\".\"lms_module_tests\".\"createdAt\", \"public\".\"lms_module_tests\".\"updatedAt\" FROM \"public\".\"lms_module_tests\" WHERE \"public\".\"lms_module_tests\".\"moduleId\" = $1 ORDER BY \"public\".\"lms_module_tests\".\"createdAt\" DESC OFFSET $2","service":"preplyte-api","timestamp":"2026-02-06 09:30:16"}
{"level":"debug","message":"Params: [\"cml94bejx00061360ybgbi4lp\",0]","service":"preplyte-api","timestamp":"2026-02-06 09:30:16"}
{"level":"debug","message":"Duration: 1ms","service":"preplyte-api","timestamp":"2026-02-06 09:30:16"}
{"level":"debug","message":"Query: SELECT \"public\".\"lms_test_questions\".\"id\", \"public\".\"lms_test_questions\".\"moduleTestId\", \"public\".\"lms_test_questions\".\"finalTestId\", \"public\".\"lms_test_questions\".\"questionText\", \"public\".\"lms_test_questions\".\"explanation\", \"public\".\"lms_test_questions\".\"order\", \"public\".\"lms_test_questions\".\"points\", \"public\".\"lms_test_questions\".\"isActive\", \"public\".\"lms_test_questions\".\"createdAt\", \"public\".\"lms_test_questions\".\"updatedAt\" FROM \"public\".\"lms_test_questions\" WHERE \"public\".\"lms_test_questions\".\"moduleTestId\" IN ($1) OFFSET $2","service":"preplyte-api","timestamp":"2026-02-06 09:30:16"}
{"level":"debug","message":"Params: [\"cml94bejy00081360gxrzug7j\",0]","service":"preplyte-api","timestamp":"2026-02-06 09:30:16"}
{"level":"debug","message":"Duration: 14ms","service":"preplyte-api","timestamp":"2026-02-06 09:30:16"}
{"level":"info","message":"\u001b[0mGET /api/admin/lms/modules/cml94bejx00061360ybgbi4lp/tests \u001b[32m200\u001b[0m 34.448 ms - 373\u001b[0m","service":"preplyte-api","timestamp":"2026-02-06 09:30:16"}
{"level":"debug","message":"Query: SELECT \"public\".\"users\".\"id\", \"public\".\"users\".\"email\", \"public\".\"users\".\"role\"::text, \"public\".\"users\".\"instituteId\", \"public\".\"users\".\"isActive\", \"public\".\"users\".\"tokenVersion\" FROM \"public\".\"users\" WHERE (\"public\".\"users\".\"id\" = $1 AND 1=1) LIMIT $2 OFFSET $3","service":"preplyte-api","timestamp":"2026-02-06 09:30:22"}
{"level":"debug","message":"Params: [\"cml92r5r50001q3oopvkslp23\",1,0]","service":"preplyte-api","timestamp":"2026-02-06 09:30:22"}
{"level":"debug","message":"Duration: 0ms","service":"preplyte-api","timestamp":"2026-02-06 09:30:22"}
{"level":"debug","message":"Query: BEGIN","service":"preplyte-api","timestamp":"2026-02-06 09:30:22"}
{"level":"debug","message":"Params: []","service":"preplyte-api","timestamp":"2026-02-06 09:30:22"}
{"level":"debug","message":"Duration: 0ms","service":"preplyte-api","timestamp":"2026-02-06 09:30:22"}
{"level":"debug","message":"Query: INSERT INTO \"public\".\"lms_test_questions\" (\"id\",\"moduleTestId\",\"questionText\",\"explanation\",\"order\",\"points\",\"isActive\",\"createdAt\",\"updatedAt\") VALUES ($1,$2,$3,$4,$5,$6,$7,$8,$9) RETURNING \"public\".\"lms_test_questions\".\"id\"","service":"preplyte-api","timestamp":"2026-02-06 09:30:22"}
{"level":"debug","message":"Params: [\"cmlacxkho0006nmfrgq7dzj8r\",\"cml94bejy00081360gxrzug7j\",\"New Question\",\"\",1,1,true,\"2026-02-06 04:00:22.524 UTC\",\"2026-02-06 04:00:22.524 UTC\"]","service":"preplyte-api","timestamp":"2026-02-06 09:30:22"}
{"level":"debug","message":"Duration: 2ms","service":"preplyte-api","timestamp":"2026-02-06 09:30:22"}
{"level":"debug","message":"Query: INSERT INTO \"public\".\"lms_test_options\" (\"text\",\"createdAt\",\"id\",\"questionId\",\"isCorrect\",\"updatedAt\",\"order\") VALUES ($1,$2,$3,$4,$5,$6,$7), ($8,$9,$10,$11,$12,$13,$14)","service":"preplyte-api","timestamp":"2026-02-06 09:30:22"}
{"level":"debug","message":"Params: [\"Option 1\",\"2026-02-06 04:00:22.524 UTC\",\"cmlacxkho0007nmfr9mlr7ytq\",\"cmlacxkho0006nmfrgq7dzj8r\",true,\"2026-02-06 04:00:22.524 UTC\",1,\"Option 2\",\"2026-02-06 04:00:22.524 UTC\",\"cmlacxkho0008nmfrl395sqni\",\"cmlacxkho0006nmfrgq7dzj8r\",false,\"2026-02-06 04:00:22.524 UTC\",2]","service":"preplyte-api","timestamp":"2026-02-06 09:30:22"}
{"level":"debug","message":"Duration: 5ms","service":"preplyte-api","timestamp":"2026-02-06 09:30:22"}
{"level":"debug","message":"Query: SELECT \"public\".\"lms_test_questions\".\"id\", \"public\".\"lms_test_questions\".\"moduleTestId\", \"public\".\"lms_test_questions\".\"finalTestId\", \"public\".\"lms_test_questions\".\"questionText\", \"public\".\"lms_test_questions\".\"explanation\", \"public\".\"lms_test_questions\".\"order\", \"public\".\"lms_test_questions\".\"points\", \"public\".\"lms_test_questions\".\"isActive\", \"public\".\"lms_test_questions\".\"createdAt\", \"public\".\"lms_test_questions\".\"updatedAt\" FROM \"public\".\"lms_test_questions\" WHERE \"public\".\"lms_test_questions\".\"id\" = $1 LIMIT $2 OFFSET $3","service":"preplyte-api","timestamp":"2026-02-06 09:30:22"}
{"level":"debug","message":"Params: [\"cmlacxkho0006nmfrgq7dzj8r\",1,0]","service":"preplyte-api","timestamp":"2026-02-06 09:30:22"}
{"level":"debug","message":"Duration: 1ms","service":"preplyte-api","timestamp":"2026-02-06 09:30:22"}
{"level":"debug","message":"Query: SELECT \"public\".\"lms_test_options\".\"id\", \"public\".\"lms_test_options\".\"questionId\", \"public\".\"lms_test_options\".\"text\", \"public\".\"lms_test_options\".\"isCorrect\", \"public\".\"lms_test_options\".\"order\", \"public\".\"lms_test_options\".\"createdAt\", \"public\".\"lms_test_options\".\"updatedAt\" FROM \"public\".\"lms_test_options\" WHERE \"public\".\"lms_test_options\".\"questionId\" IN ($1) OFFSET $2","service":"preplyte-api","timestamp":"2026-02-06 09:30:22"}
{"level":"debug","message":"Params: [\"cmlacxkho0006nmfrgq7dzj8r\",0]","service":"preplyte-api","timestamp":"2026-02-06 09:30:22"}
{"level":"debug","message":"Duration: 4ms","service":"preplyte-api","timestamp":"2026-02-06 09:30:22"}
{"level":"debug","message":"Query: COMMIT","service":"preplyte-api","timestamp":"2026-02-06 09:30:22"}
{"level":"debug","message":"Params: []","service":"preplyte-api","timestamp":"2026-02-06 09:30:22"}
{"level":"debug","message":"Duration: 2ms","service":"preplyte-api","timestamp":"2026-02-06 09:30:22"}
{"level":"debug","message":"Query: SELECT \"public\".\"lms_module_tests\".\"id\", \"public\".\"lms_module_tests\".\"moduleId\", \"public\".\"lms_module_tests\".\"title\", \"public\".\"lms_module_tests\".\"instructions\", \"public\".\"lms_module_tests\".\"totalQuestions\", \"public\".\"lms_module_tests\".\"passingScore\", \"public\".\"lms_module_tests\".\"timeLimitMinutes\", \"public\".\"lms_module_tests\".\"maxAttempts\", \"public\".\"lms_module_tests\".\"pointsPerQuestion\", \"public\".\"lms_module_tests\".\"totalPoints\", \"public\".\"lms_module_tests\".\"isActive\", \"public\".\"lms_module_tests\".\"createdAt\", \"public\".\"lms_module_tests\".\"updatedAt\" FROM \"public\".\"lms_module_tests\" WHERE (\"public\".\"lms_module_tests\".\"id\" = $1 AND 1=1) LIMIT $2 OFFSET $3","service":"preplyte-api","timestamp":"2026-02-06 09:30:22"}
{"level":"debug","message":"Params: [\"cml94bejy00081360gxrzug7j\",1,0]","service":"preplyte-api","timestamp":"2026-02-06 09:30:22"}
{"level":"debug","message":"Duration: 1ms","service":"preplyte-api","timestamp":"2026-02-06 09:30:22"}
{"level":"debug","message":"Query: SELECT \"public\".\"lms_modules\".\"id\", \"public\".\"lms_modules\".\"courseId\" FROM \"public\".\"lms_modules\" WHERE \"public\".\"lms_modules\".\"id\" IN ($1) OFFSET $2","service":"preplyte-api","timestamp":"2026-02-06 09:30:22"}
{"level":"debug","message":"Params: [\"cml94bejx00061360ybgbi4lp\",0]","service":"preplyte-api","timestamp":"2026-02-06 09:30:22"}
{"level":"debug","message":"Duration: 1ms","service":"preplyte-api","timestamp":"2026-02-06 09:30:22"}
{"level":"debug","message":"Query: SELECT \"public\".\"lms_courses\".\"id\", \"public\".\"lms_courses\".\"categoryId\", \"public\".\"lms_courses\".\"title\", \"public\".\"lms_courses\".\"slug\", \"public\".\"lms_courses\".\"shortDescription\", \"public\".\"lms_courses\".\"description\", \"public\".\"lms_courses\".\"thumbnailUrl\", \"public\".\"lms_courses\".\"previewVideoUrl\", \"public\".\"lms_courses\".\"totalModules\", \"public\".\"lms_courses\".\"totalTopics\", \"public\".\"lms_courses\".\"totalPoints\", \"public\".\"lms_courses\".\"totalHours\", \"public\".\"lms_courses\".\"price\", \"public\".\"lms_courses\".\"discountPrice\", \"public\".\"lms_courses\".\"currency\", \"public\".\"lms_courses\".\"status\"::text, \"public\".\"lms_courses\".\"isActive\", \"public\".\"lms_courses\".\"certificateEnabled\", \"public\".\"lms_courses\".\"passingPercentage\", \"public\".\"lms_courses\".\"tags\", \"public\".\"lms_courses\".\"difficulty\"::text, \"public\".\"lms_courses\".\"instructor\", \"public\".\"lms_courses\".\"language\", \"public\".\"lms_courses\".\"createdAt\", \"public\".\"lms_courses\".\"updatedAt\", \"public\".\"lms_courses\".\"publishedAt\" FROM \"public\".\"lms_courses\" WHERE (\"public\".\"lms_courses\".\"id\" = $1 AND 1=1) LIMIT $2 OFFSET $3","service":"preplyte-api","timestamp":"2026-02-06 09:30:22"}
{"level":"debug","message":"Params: [\"cml94bejx00051360oftmcm9a\",1,0]","service":"preplyte-api","timestamp":"2026-02-06 09:30:22"}
{"level":"debug","message":"Duration: 1ms","service":"preplyte-api","timestamp":"2026-02-06 09:30:22"}
{"level":"debug","message":"Query: SELECT \"public\".\"lms_modules\".\"id\", \"public\".\"lms_modules\".\"courseId\", \"public\".\"lms_modules\".\"title\", \"public\".\"lms_modules\".\"shortDescription\", \"public\".\"lms_modules\".\"description\", \"public\".\"lms_modules\".\"order\", \"public\".\"lms_modules\".\"totalTopics\", \"public\".\"lms_modules\".\"points\", \"public\".\"lms_modules\".\"estimatedMinutes\", \"public\".\"lms_modules\".\"isActive\", \"public\".\"lms_modules\".\"createdAt\", \"public\".\"lms_modules\".\"updatedAt\" FROM \"public\".\"lms_modules\" WHERE \"public\".\"lms_modules\".\"courseId\" IN ($1) OFFSET $2","service":"preplyte-api","timestamp":"2026-02-06 09:30:22"}
{"level":"debug","message":"Params: [\"cml94bejx00051360oftmcm9a\",0]","service":"preplyte-api","timestamp":"2026-02-06 09:30:22"}
{"level":"debug","message":"Duration: 1ms","service":"preplyte-api","timestamp":"2026-02-06 09:30:22"}
{"level":"debug","message":"Query: SELECT \"public\".\"lms_topics\".\"id\", \"public\".\"lms_topics\".\"moduleId\", \"public\".\"lms_topics\".\"title\", \"public\".\"lms_topics\".\"description\", \"public\".\"lms_topics\".\"order\", \"public\".\"lms_topics\".\"theoryContent\", \"public\".\"lms_topics\".\"videoUrl\", \"public\".\"lms_topics\".\"videoDuration\", \"public\".\"lms_topics\".\"estimatedMinutes\", \"public\".\"lms_topics\".\"resources\", \"public\".\"lms_topics\".\"isActive\", \"public\".\"lms_topics\".\"createdAt\", \"public\".\"lms_topics\".\"updatedAt\" FROM \"public\".\"lms_topics\" WHERE \"public\".\"lms_topics\".\"moduleId\" IN ($1) OFFSET $2","service":"preplyte-api","timestamp":"2026-02-06 09:30:22"}
{"level":"debug","message":"Params: [\"cml94bejx00061360ybgbi4lp\",0]","service":"preplyte-api","timestamp":"2026-02-06 09:30:22"}
{"level":"debug","message":"Duration: 1ms","service":"preplyte-api","timestamp":"2026-02-06 09:30:22"}
{"level":"debug","message":"Query: SELECT \"public\".\"lms_module_tests\".\"id\", \"public\".\"lms_module_tests\".\"moduleId\", \"public\".\"lms_module_tests\".\"title\", \"public\".\"lms_module_tests\".\"instructions\", \"public\".\"lms_module_tests\".\"totalQuestions\", \"public\".\"lms_module_tests\".\"passingScore\", \"public\".\"lms_module_tests\".\"timeLimitMinutes\", \"public\".\"lms_module_tests\".\"maxAttempts\", \"public\".\"lms_module_tests\".\"pointsPerQuestion\", \"public\".\"lms_module_tests\".\"totalPoints\", \"public\".\"lms_module_tests\".\"isActive\", \"public\".\"lms_module_tests\".\"createdAt\", \"public\".\"lms_module_tests\".\"updatedAt\" FROM \"public\".\"lms_module_tests\" WHERE \"public\".\"lms_module_tests\".\"moduleId\" IN ($1) OFFSET $2","service":"preplyte-api","timestamp":"2026-02-06 09:30:22"}
{"level":"debug","message":"Params: [\"cml94bejx00061360ybgbi4lp\",0]","service":"preplyte-api","timestamp":"2026-02-06 09:30:22"}
{"level":"debug","message":"Duration: 0ms","service":"preplyte-api","timestamp":"2026-02-06 09:30:22"}
{"level":"debug","message":"Query: SELECT \"public\".\"lms_final_tests\".\"id\", \"public\".\"lms_final_tests\".\"courseId\", \"public\".\"lms_final_tests\".\"title\", \"public\".\"lms_final_tests\".\"instructions\", \"public\".\"lms_final_tests\".\"totalQuestions\", \"public\".\"lms_final_tests\".\"passingScore\", \"public\".\"lms_final_tests\".\"timeLimitMinutes\", \"public\".\"lms_final_tests\".\"pointsPerQuestion\", \"public\".\"lms_final_tests\".\"totalPoints\", \"public\".\"lms_final_tests\".\"maxAttempts\", \"public\".\"lms_final_tests\".\"isActive\", \"public\".\"lms_final_tests\".\"createdAt\", \"public\".\"lms_final_tests\".\"updatedAt\" FROM \"public\".\"lms_final_tests\" WHERE \"public\".\"lms_final_tests\".\"courseId\" IN ($1) OFFSET $2","service":"preplyte-api","timestamp":"2026-02-06 09:30:22"}
{"level":"debug","message":"Params: [\"cml94bejx00051360oftmcm9a\",0]","service":"preplyte-api","timestamp":"2026-02-06 09:30:22"}
{"level":"debug","message":"Duration: 0ms","service":"preplyte-api","timestamp":"2026-02-06 09:30:22"}
{"level":"debug","message":"Query: UPDATE \"public\".\"lms_module_tests\" SET \"totalPoints\" = $1, \"updatedAt\" = $2 WHERE (\"public\".\"lms_module_tests\".\"id\" = $3 AND 1=1) RETURNING \"public\".\"lms_module_tests\".\"id\", \"public\".\"lms_module_tests\".\"moduleId\", \"public\".\"lms_module_tests\".\"title\", \"public\".\"lms_module_tests\".\"instructions\", \"public\".\"lms_module_tests\".\"totalQuestions\", \"public\".\"lms_module_tests\".\"passingScore\", \"public\".\"lms_module_tests\".\"timeLimitMinutes\", \"public\".\"lms_module_tests\".\"maxAttempts\", \"public\".\"lms_module_tests\".\"pointsPerQuestion\", \"public\".\"lms_module_tests\".\"totalPoints\", \"public\".\"lms_module_tests\".\"isActive\", \"public\".\"lms_module_tests\".\"createdAt\", \"public\".\"lms_module_tests\".\"updatedAt\"","service":"preplyte-api","timestamp":"2026-02-06 09:30:22"}
{"level":"debug","message":"Params: [50,\"2026-02-06 04:00:22.579 UTC\",\"cml94bejy00081360gxrzug7j\"]","service":"preplyte-api","timestamp":"2026-02-06 09:30:22"}
{"level":"debug","message":"Duration: 3ms","service":"preplyte-api","timestamp":"2026-02-06 09:30:22"}
{"level":"debug","message":"Query: UPDATE \"public\".\"lms_modules\" SET \"totalTopics\" = $1, \"updatedAt\" = $2 WHERE (\"public\".\"lms_modules\".\"id\" = $3 AND 1=1) RETURNING \"public\".\"lms_modules\".\"id\", \"public\".\"lms_modules\".\"courseId\", \"public\".\"lms_modules\".\"title\", \"public\".\"lms_modules\".\"shortDescription\", \"public\".\"lms_modules\".\"description\", \"public\".\"lms_modules\".\"order\", \"public\".\"lms_modules\".\"totalTopics\", \"public\".\"lms_modules\".\"points\", \"public\".\"lms_modules\".\"estimatedMinutes\", \"public\".\"lms_modules\".\"isActive\", \"public\".\"lms_modules\".\"createdAt\", \"public\".\"lms_modules\".\"updatedAt\"","service":"preplyte-api","timestamp":"2026-02-06 09:30:22"}
{"level":"debug","message":"Params: [1,\"2026-02-06 04:00:22.586 UTC\",\"cml94bejx00061360ybgbi4lp\"]","service":"preplyte-api","timestamp":"2026-02-06 09:30:22"}
{"level":"debug","message":"Duration: 1ms","service":"preplyte-api","timestamp":"2026-02-06 09:30:22"}
{"level":"debug","message":"Query: UPDATE \"public\".\"lms_final_tests\" SET \"totalPoints\" = $1, \"updatedAt\" = $2 WHERE (\"public\".\"lms_final_tests\".\"id\" = $3 AND 1=1) RETURNING \"public\".\"lms_final_tests\".\"id\", \"public\".\"lms_final_tests\".\"courseId\", \"public\".\"lms_final_tests\".\"title\", \"public\".\"lms_final_tests\".\"instructions\", \"public\".\"lms_final_tests\".\"totalQuestions\", \"public\".\"lms_final_tests\".\"passingScore\", \"public\".\"lms_final_tests\".\"timeLimitMinutes\", \"public\".\"lms_final_tests\".\"pointsPerQuestion\", \"public\".\"lms_final_tests\".\"totalPoints\", \"public\".\"lms_final_tests\".\"maxAttempts\", \"public\".\"lms_final_tests\".\"isActive\", \"public\".\"lms_final_tests\".\"createdAt\", \"public\".\"lms_final_tests\".\"updatedAt\"","service":"preplyte-api","timestamp":"2026-02-06 09:30:22"}
{"level":"debug","message":"Params: [100,\"2026-02-06 04:00:22.592 UTC\",\"cml94bejz00091360pak7qfss\"]","service":"preplyte-api","timestamp":"2026-02-06 09:30:22"}
{"level":"debug","message":"Duration: 2ms","service":"preplyte-api","timestamp":"2026-02-06 09:30:22"}
{"level":"debug","message":"Query: UPDATE \"public\".\"lms_courses\" SET \"totalModules\" = $1, \"totalTopics\" = $2, \"totalPoints\" = $3, \"totalHours\" = $4, \"updatedAt\" = $5 WHERE (\"public\".\"lms_courses\".\"id\" = $6 AND 1=1) RETURNING \"public\".\"lms_courses\".\"id\", \"public\".\"lms_courses\".\"categoryId\", \"public\".\"lms_courses\".\"title\", \"public\".\"lms_courses\".\"slug\", \"public\".\"lms_courses\".\"shortDescription\", \"public\".\"lms_courses\".\"description\", \"public\".\"lms_courses\".\"thumbnailUrl\", \"public\".\"lms_courses\".\"previewVideoUrl\", \"public\".\"lms_courses\".\"totalModules\", \"public\".\"lms_courses\".\"totalTopics\", \"public\".\"lms_courses\".\"totalPoints\", \"public\".\"lms_courses\".\"totalHours\", \"public\".\"lms_courses\".\"price\", \"public\".\"lms_courses\".\"discountPrice\", \"public\".\"lms_courses\".\"currency\", \"public\".\"lms_courses\".\"status\"::text, \"public\".\"lms_courses\".\"isActive\", \"public\".\"lms_courses\".\"certificateEnabled\", \"public\".\"lms_courses\".\"passingPercentage\", \"public\".\"lms_courses\".\"tags\", \"public\".\"lms_courses\".\"difficulty\"::text, \"public\".\"lms_courses\".\"instructor\", \"public\".\"lms_courses\".\"language\", \"public\".\"lms_courses\".\"createdAt\", \"public\".\"lms_courses\".\"updatedAt\", \"public\".\"lms_courses\".\"publishedAt\"","service":"preplyte-api","timestamp":"2026-02-06 09:30:22"}
{"level":"debug","message":"Params: [1,1,160,0.92,\"2026-02-06 04:00:22.598 UTC\",\"cml94bejx00051360oftmcm9a\"]","service":"preplyte-api","timestamp":"2026-02-06 09:30:22"}
{"level":"debug","message":"Duration: 1ms","service":"preplyte-api","timestamp":"2026-02-06 09:30:22"}
{"level":"info","message":"\u001b[0mPOST /api/admin/lms/questions \u001b[32m201\u001b[0m 94.604 ms - 735\u001b[0m","service":"preplyte-api","timestamp":"2026-02-06 09:30:22"}
{"level":"debug","message":"Query: SELECT \"public\".\"users\".\"id\", \"public\".\"users\".\"email\", \"public\".\"users\".\"role\"::text, \"public\".\"users\".\"instituteId\", \"public\".\"users\".\"isActive\", \"public\".\"users\".\"tokenVersion\" FROM \"public\".\"users\" WHERE (\"public\".\"users\".\"id\" = $1 AND 1=1) LIMIT $2 OFFSET $3","service":"preplyte-api","timestamp":"2026-02-06 09:30:22"}
{"level":"debug","message":"Params: [\"cml92r5r50001q3oopvkslp23\",1,0]","service":"preplyte-api","timestamp":"2026-02-06 09:30:22"}
{"level":"debug","message":"Duration: 0ms","service":"preplyte-api","timestamp":"2026-02-06 09:30:22"}
{"level":"debug","message":"Query: SELECT \"public\".\"lms_module_tests\".\"id\", \"public\".\"lms_module_tests\".\"moduleId\", \"public\".\"lms_module_tests\".\"title\", \"public\".\"lms_module_tests\".\"instructions\", \"public\".\"lms_module_tests\".\"totalQuestions\", \"public\".\"lms_module_tests\".\"passingScore\", \"public\".\"lms_module_tests\".\"timeLimitMinutes\", \"public\".\"lms_module_tests\".\"maxAttempts\", \"public\".\"lms_module_tests\".\"pointsPerQuestion\", \"public\".\"lms_module_tests\".\"totalPoints\", \"public\".\"lms_module_tests\".\"isActive\", \"public\".\"lms_module_tests\".\"createdAt\", \"public\".\"lms_module_tests\".\"updatedAt\" FROM \"public\".\"lms_module_tests\" WHERE \"public\".\"lms_module_tests\".\"moduleId\" = $1 ORDER BY \"public\".\"lms_module_tests\".\"createdAt\" DESC OFFSET $2","service":"preplyte-api","timestamp":"2026-02-06 09:30:22"}
{"level":"debug","message":"Params: [\"cml94bejx00061360ybgbi4lp\",0]","service":"preplyte-api","timestamp":"2026-02-06 09:30:22"}
{"level":"debug","message":"Duration: 0ms","service":"preplyte-api","timestamp":"2026-02-06 09:30:22"}
{"level":"debug","message":"Query: SELECT \"public\".\"lms_test_questions\".\"id\", \"public\".\"lms_test_questions\".\"moduleTestId\", \"public\".\"lms_test_questions\".\"finalTestId\", \"public\".\"lms_test_questions\".\"questionText\", \"public\".\"lms_test_questions\".\"explanation\", \"public\".\"lms_test_questions\".\"order\", \"public\".\"lms_test_questions\".\"points\", \"public\".\"lms_test_questions\".\"isActive\", \"public\".\"lms_test_questions\".\"createdAt\", \"public\".\"lms_test_questions\".\"updatedAt\" FROM \"public\".\"lms_test_questions\" WHERE \"public\".\"lms_test_questions\".\"moduleTestId\" IN ($1) OFFSET $2","service":"preplyte-api","timestamp":"2026-02-06 09:30:22"}
{"level":"debug","message":"Params: [\"cml94bejy00081360gxrzug7j\",0]","service":"preplyte-api","timestamp":"2026-02-06 09:30:22"}
{"level":"debug","message":"Duration: 0ms","service":"preplyte-api","timestamp":"2026-02-06 09:30:22"}
{"level":"info","message":"\u001b[0mGET /api/admin/lms/modules/cml94bejx00061360ybgbi4lp/tests \u001b[32m200\u001b[0m 13.429 ms - 630\u001b[0m","service":"preplyte-api","timestamp":"2026-02-06 09:30:22"}
{"level":"debug","message":"Query: SELECT 1","service":"preplyte-api","timestamp":"2026-02-06 09:30:36"}
{"level":"debug","message":"Params: []","service":"preplyte-api","timestamp":"2026-02-06 09:30:36"}
{"level":"debug","message":"Duration: 0ms","service":"preplyte-api","timestamp":"2026-02-06 09:30:36"}
{"level":"debug","message":"Query: SELECT \"public\".\"users\".\"id\", \"public\".\"users\".\"email\", \"public\".\"users\".\"role\"::text, \"public\".\"users\".\"instituteId\", \"public\".\"users\".\"isActive\", \"public\".\"users\".\"tokenVersion\" FROM \"public\".\"users\" WHERE (\"public\".\"users\".\"id\" = $1 AND 1=1) LIMIT $2 OFFSET $3","service":"preplyte-api","timestamp":"2026-02-06 09:30:36"}
{"level":"debug","message":"Params: [\"cml92r5r50001q3oopvkslp23\",1,0]","service":"preplyte-api","timestamp":"2026-02-06 09:30:36"}
{"level":"debug","message":"Duration: 0ms","service":"preplyte-api","timestamp":"2026-02-06 09:30:36"}
{"level":"debug","message":"Query: SELECT \"public\".\"users\".\"id\", \"public\".\"users\".\"email\", \"public\".\"users\".\"role\"::text, \"public\".\"users\".\"instituteId\", \"public\".\"users\".\"isActive\", \"public\".\"users\".\"tokenVersion\" FROM \"public\".\"users\" WHERE (\"public\".\"users\".\"id\" = $1 AND 1=1) LIMIT $2 OFFSET $3","service":"preplyte-api","timestamp":"2026-02-06 09:30:36"}
{"level":"debug","message":"Params: [\"cml92r5r50001q3oopvkslp23\",1,0]","service":"preplyte-api","timestamp":"2026-02-06 09:30:36"}
{"level":"debug","message":"Duration: 0ms","service":"preplyte-api","timestamp":"2026-02-06 09:30:36"}
{"level":"debug","message":"Query: SELECT 1","service":"preplyte-api","timestamp":"2026-02-06 09:30:36"}
{"level":"debug","message":"Params: []","service":"preplyte-api","timestamp":"2026-02-06 09:30:36"}
{"level":"debug","message":"Duration: 0ms","service":"preplyte-api","timestamp":"2026-02-06 09:30:36"}
{"level":"debug","message":"Query: SELECT \"public\".\"lms_courses\".\"id\", \"public\".\"lms_courses\".\"categoryId\", \"public\".\"lms_courses\".\"title\", \"public\".\"lms_courses\".\"slug\", \"public\".\"lms_courses\".\"shortDescription\", \"public\".\"lms_courses\".\"description\", \"public\".\"lms_courses\".\"thumbnailUrl\", \"public\".\"lms_courses\".\"previewVideoUrl\", \"public\".\"lms_courses\".\"totalModules\", \"public\".\"lms_courses\".\"totalTopics\", \"public\".\"lms_courses\".\"totalPoints\", \"public\".\"lms_courses\".\"totalHours\", \"public\".\"lms_courses\".\"price\", \"public\".\"lms_courses\".\"discountPrice\", \"public\".\"lms_courses\".\"currency\", \"public\".\"lms_courses\".\"status\"::text, \"public\".\"lms_courses\".\"isActive\", \"public\".\"lms_courses\".\"certificateEnabled\", \"public\".\"lms_courses\".\"passingPercentage\", \"public\".\"lms_courses\".\"tags\", \"public\".\"lms_courses\".\"difficulty\"::text, \"public\".\"lms_courses\".\"instructor\", \"public\".\"lms_courses\".\"language\", \"public\".\"lms_courses\".\"createdAt\", \"public\".\"lms_courses\".\"updatedAt\", \"public\".\"lms_courses\".\"publishedAt\", COALESCE(\"aggr_selection_0_LmsEnrollment\".\"_aggr_count_enrollments\", 0) AS \"_aggr_count_enrollments\" FROM \"public\".\"lms_courses\" LEFT JOIN (SELECT \"public\".\"lms_enrollments\".\"courseId\", COUNT(*) AS \"_aggr_count_enrollments\" FROM \"public\".\"lms_enrollments\" WHERE 1=1 GROUP BY \"public\".\"lms_enrollments\".\"courseId\") AS \"aggr_selection_0_LmsEnrollment\" ON (\"public\".\"lms_courses\".\"id\" = \"aggr_selection_0_LmsEnrollment\".\"courseId\") WHERE (\"public\".\"lms_courses\".\"id\" = $1 AND 1=1) LIMIT $2 OFFSET $3","service":"preplyte-api","timestamp":"2026-02-06 09:30:36"}
{"level":"debug","message":"Params: [\"cml94bejx00051360oftmcm9a\",1,0]","service":"preplyte-api","timestamp":"2026-02-06 09:30:36"}
{"level":"debug","message":"Duration: 2ms","service":"preplyte-api","timestamp":"2026-02-06 09:30:36"}
{"level":"debug","message":"Query: SELECT \"public\".\"lms_categories\".\"id\", \"public\".\"lms_categories\".\"name\", \"public\".\"lms_categories\".\"slug\", \"public\".\"lms_categories\".\"description\", \"public\".\"lms_categories\".\"iconUrl\", \"public\".\"lms_categories\".\"order\", \"public\".\"lms_categories\".\"isActive\", \"public\".\"lms_categories\".\"createdAt\", \"public\".\"lms_categories\".\"updatedAt\" FROM \"public\".\"lms_categories\" WHERE \"public\".\"lms_categories\".\"id\" IN ($1) OFFSET $2","service":"preplyte-api","timestamp":"2026-02-06 09:30:36"}
{"level":"debug","message":"Params: [\"cml92k1i3000017d0bq70mkrl\",0]","service":"preplyte-api","timestamp":"2026-02-06 09:30:36"}
{"level":"debug","message":"Duration: 0ms","service":"preplyte-api","timestamp":"2026-02-06 09:30:36"}
{"level":"debug","message":"Query: SELECT \"public\".\"lms_modules\".\"id\", \"public\".\"lms_modules\".\"courseId\", \"public\".\"lms_modules\".\"title\", \"public\".\"lms_modules\".\"shortDescription\", \"public\".\"lms_modules\".\"description\", \"public\".\"lms_modules\".\"order\", \"public\".\"lms_modules\".\"totalTopics\", \"public\".\"lms_modules\".\"points\", \"public\".\"lms_modules\".\"estimatedMinutes\", \"public\".\"lms_modules\".\"isActive\", \"public\".\"lms_modules\".\"createdAt\", \"public\".\"lms_modules\".\"updatedAt\" FROM \"public\".\"lms_modules\" WHERE \"public\".\"lms_modules\".\"courseId\" IN ($1) ORDER BY \"public\".\"lms_modules\".\"order\" ASC OFFSET $2","service":"preplyte-api","timestamp":"2026-02-06 09:30:36"}
{"level":"debug","message":"Params: [\"cml94bejx00051360oftmcm9a\",0]","service":"preplyte-api","timestamp":"2026-02-06 09:30:36"}
{"level":"debug","message":"Duration: 0ms","service":"preplyte-api","timestamp":"2026-02-06 09:30:36"}
{"level":"debug","message":"Query: SELECT \"public\".\"lms_topics\".\"id\", \"public\".\"lms_topics\".\"moduleId\", \"public\".\"lms_topics\".\"title\", \"public\".\"lms_topics\".\"description\", \"public\".\"lms_topics\".\"order\", \"public\".\"lms_topics\".\"theoryContent\", \"public\".\"lms_topics\".\"videoUrl\", \"public\".\"lms_topics\".\"videoDuration\", \"public\".\"lms_topics\".\"estimatedMinutes\", \"public\".\"lms_topics\".\"resources\", \"public\".\"lms_topics\".\"isActive\", \"public\".\"lms_topics\".\"createdAt\", \"public\".\"lms_topics\".\"updatedAt\" FROM \"public\".\"lms_topics\" WHERE \"public\".\"lms_topics\".\"moduleId\" IN ($1) ORDER BY \"public\".\"lms_topics\".\"order\" ASC OFFSET $2","service":"preplyte-api","timestamp":"2026-02-06 09:30:36"}
{"level":"debug","message":"Params: [\"cml94bejx00061360ybgbi4lp\",0]","service":"preplyte-api","timestamp":"2026-02-06 09:30:36"}
{"level":"debug","message":"Duration: 0ms","service":"preplyte-api","timestamp":"2026-02-06 09:30:36"}
{"level":"debug","message":"Query: SELECT \"public\".\"lms_module_tests\".\"id\", \"public\".\"lms_module_tests\".\"moduleId\", \"public\".\"lms_module_tests\".\"title\", \"public\".\"lms_module_tests\".\"instructions\", \"public\".\"lms_module_tests\".\"totalQuestions\", \"public\".\"lms_module_tests\".\"passingScore\", \"public\".\"lms_module_tests\".\"timeLimitMinutes\", \"public\".\"lms_module_tests\".\"maxAttempts\", \"public\".\"lms_module_tests\".\"pointsPerQuestion\", \"public\".\"lms_module_tests\".\"totalPoints\", \"public\".\"lms_module_tests\".\"isActive\", \"public\".\"lms_module_tests\".\"createdAt\", \"public\".\"lms_module_tests\".\"updatedAt\" FROM \"public\".\"lms_module_tests\" WHERE \"public\".\"lms_module_tests\".\"moduleId\" IN ($1) OFFSET $2","service":"preplyte-api","timestamp":"2026-02-06 09:30:36"}
{"level":"debug","message":"Params: [\"cml94bejx00061360ybgbi4lp\",0]","service":"preplyte-api","timestamp":"2026-02-06 09:30:36"}
{"level":"debug","message":"Duration: 0ms","service":"preplyte-api","timestamp":"2026-02-06 09:30:36"}
{"level":"debug","message":"Query: SELECT \"public\".\"lms_final_tests\".\"id\", \"public\".\"lms_final_tests\".\"courseId\", \"public\".\"lms_final_tests\".\"title\", \"public\".\"lms_final_tests\".\"instructions\", \"public\".\"lms_final_tests\".\"totalQuestions\", \"public\".\"lms_final_tests\".\"passingScore\", \"public\".\"lms_final_tests\".\"timeLimitMinutes\", \"public\".\"lms_final_tests\".\"pointsPerQuestion\", \"public\".\"lms_final_tests\".\"totalPoints\", \"public\".\"lms_final_tests\".\"maxAttempts\", \"public\".\"lms_final_tests\".\"isActive\", \"public\".\"lms_final_tests\".\"createdAt\", \"public\".\"lms_final_tests\".\"updatedAt\" FROM \"public\".\"lms_final_tests\" WHERE \"public\".\"lms_final_tests\".\"courseId\" IN ($1) OFFSET $2","service":"preplyte-api","timestamp":"2026-02-06 09:30:36"}
{"level":"debug","message":"Params: [\"cml94bejx00051360oftmcm9a\",0]","service":"preplyte-api","timestamp":"2026-02-06 09:30:36"}
{"level":"debug","message":"Duration: 0ms","service":"preplyte-api","timestamp":"2026-02-06 09:30:36"}
{"level":"debug","message":"Query: SELECT \"public\".\"lms_modules\".\"id\", \"public\".\"lms_modules\".\"courseId\", \"public\".\"lms_modules\".\"title\", \"public\".\"lms_modules\".\"shortDescription\", \"public\".\"lms_modules\".\"description\", \"public\".\"lms_modules\".\"order\", \"public\".\"lms_modules\".\"totalTopics\", \"public\".\"lms_modules\".\"points\", \"public\".\"lms_modules\".\"estimatedMinutes\", \"public\".\"lms_modules\".\"isActive\", \"public\".\"lms_modules\".\"createdAt\", \"public\".\"lms_modules\".\"updatedAt\" FROM \"public\".\"lms_modules\" WHERE \"public\".\"lms_modules\".\"courseId\" = $1 ORDER BY \"public\".\"lms_modules\".\"order\" ASC OFFSET $2","service":"preplyte-api","timestamp":"2026-02-06 09:30:36"}
{"level":"debug","message":"Params: [\"cml94bejx00051360oftmcm9a\",0]","service":"preplyte-api","timestamp":"2026-02-06 09:30:36"}
{"level":"debug","message":"Duration: 7ms","service":"preplyte-api","timestamp":"2026-02-06 09:30:36"}
{"level":"info","message":"\u001b[0mGET /api/admin/lms/courses/cml94bejx00051360oftmcm9a/modules?courseId=cml94bejx00051360oftmcm9a \u001b[32m200\u001b[0m 31.743 ms - 328\u001b[0m","service":"preplyte-api","timestamp":"2026-02-06 09:30:36"}
{"level":"info","message":"\u001b[0mGET /api/admin/lms/courses/cml94bejx00051360oftmcm9a \u001b[32m200\u001b[0m 32.836 ms - -\u001b[0m","service":"preplyte-api","timestamp":"2026-02-06 09:30:36"}
{"level":"debug","message":"Query: SELECT \"public\".\"users\".\"id\", \"public\".\"users\".\"email\", \"public\".\"users\".\"role\"::text, \"public\".\"users\".\"instituteId\", \"public\".\"users\".\"isActive\", \"public\".\"users\".\"tokenVersion\" FROM \"public\".\"users\" WHERE (\"public\".\"users\".\"id\" = $1 AND 1=1) LIMIT $2 OFFSET $3","service":"preplyte-api","timestamp":"2026-02-06 09:30:41"}
{"level":"debug","message":"Params: [\"cml92r5r50001q3oopvkslp23\",1,0]","service":"preplyte-api","timestamp":"2026-02-06 09:30:41"}
{"level":"debug","message":"Duration: 0ms","service":"preplyte-api","timestamp":"2026-02-06 09:30:41"}
{"level":"debug","message":"Query: SELECT \"public\".\"lms_courses\".\"id\", \"public\".\"lms_courses\".\"categoryId\", \"public\".\"lms_courses\".\"title\", \"public\".\"lms_courses\".\"slug\", \"public\".\"lms_courses\".\"shortDescription\", \"public\".\"lms_courses\".\"description\", \"public\".\"lms_courses\".\"thumbnailUrl\", \"public\".\"lms_courses\".\"previewVideoUrl\", \"public\".\"lms_courses\".\"totalModules\", \"public\".\"lms_courses\".\"totalTopics\", \"public\".\"lms_courses\".\"totalPoints\", \"public\".\"lms_courses\".\"totalHours\", \"public\".\"lms_courses\".\"price\", \"public\".\"lms_courses\".\"discountPrice\", \"public\".\"lms_courses\".\"currency\", \"public\".\"lms_courses\".\"status\"::text, \"public\".\"lms_courses\".\"isActive\", \"public\".\"lms_courses\".\"certificateEnabled\", \"public\".\"lms_courses\".\"passingPercentage\", \"public\".\"lms_courses\".\"tags\", \"public\".\"lms_courses\".\"difficulty\"::text, \"public\".\"lms_courses\".\"instructor\", \"public\".\"lms_courses\".\"language\", \"public\".\"lms_courses\".\"createdAt\", \"public\".\"lms_courses\".\"updatedAt\", \"public\".\"lms_courses\".\"publishedAt\", COALESCE(\"aggr_selection_0_LmsModule\".\"_aggr_count_modules\", 0) AS \"_aggr_count_modules\", COALESCE(\"aggr_selection_1_LmsEnrollment\".\"_aggr_count_enrollments\", 0) AS \"_aggr_count_enrollments\" FROM \"public\".\"lms_courses\" LEFT JOIN (SELECT \"public\".\"lms_modules\".\"courseId\", COUNT(*) AS \"_aggr_count_modules\" FROM \"public\".\"lms_modules\" WHERE 1=1 GROUP BY \"public\".\"lms_modules\".\"courseId\") AS \"aggr_selection_0_LmsModule\" ON (\"public\".\"lms_courses\".\"id\" = \"aggr_selection_0_LmsModule\".\"courseId\") LEFT JOIN (SELECT \"public\".\"lms_enrollments\".\"courseId\", COUNT(*) AS \"_aggr_count_enrollments\" FROM \"public\".\"lms_enrollments\" WHERE 1=1 GROUP BY \"public\".\"lms_enrollments\".\"courseId\") AS \"aggr_selection_1_LmsEnrollment\" ON (\"public\".\"lms_courses\".\"id\" = \"aggr_selection_1_LmsEnrollment\".\"courseId\") WHERE 1=1 ORDER BY \"public\".\"lms_courses\".\"createdAt\" DESC OFFSET $1","service":"preplyte-api","timestamp":"2026-02-06 09:30:41"}
{"level":"debug","message":"Params: [0]","service":"preplyte-api","timestamp":"2026-02-06 09:30:41"}
{"level":"debug","message":"Duration: 3ms","service":"preplyte-api","timestamp":"2026-02-06 09:30:41"}
{"level":"debug","message":"Query: SELECT \"public\".\"lms_categories\".\"id\", \"public\".\"lms_categories\".\"name\", \"public\".\"lms_categories\".\"slug\", \"public\".\"lms_categories\".\"description\", \"public\".\"lms_categories\".\"iconUrl\", \"public\".\"lms_categories\".\"order\", \"public\".\"lms_categories\".\"isActive\", \"public\".\"lms_categories\".\"createdAt\", \"public\".\"lms_categories\".\"updatedAt\" FROM \"public\".\"lms_categories\" WHERE \"public\".\"lms_categories\".\"id\" IN ($1) OFFSET $2","service":"preplyte-api","timestamp":"2026-02-06 09:30:41"}
{"level":"debug","message":"Params: [\"cml92k1i3000017d0bq70mkrl\",0]","service":"preplyte-api","timestamp":"2026-02-06 09:30:41"}
{"level":"debug","message":"Duration: 1ms","service":"preplyte-api","timestamp":"2026-02-06 09:30:41"}
{"level":"info","message":"\u001b[0mGET /api/admin/lms/courses?page=1&limit=10&search= \u001b[32m200\u001b[0m 28.282 ms - -\u001b[0m","service":"preplyte-api","timestamp":"2026-02-06 09:30:41"}
{"level":"debug","message":"Query: SELECT \"public\".\"users\".\"id\", \"public\".\"users\".\"email\", \"public\".\"users\".\"role\"::text, \"public\".\"users\".\"instituteId\", \"public\".\"users\".\"isActive\", \"public\".\"users\".\"tokenVersion\" FROM \"public\".\"users\" WHERE (\"public\".\"users\".\"id\" = $1 AND 1=1) LIMIT $2 OFFSET $3","service":"preplyte-api","timestamp":"2026-02-06 09:30:50"}
{"level":"debug","message":"Params: [\"cml92r5r50001q3oopvkslp23\",1,0]","service":"preplyte-api","timestamp":"2026-02-06 09:30:50"}
{"level":"debug","message":"Duration: 0ms","service":"preplyte-api","timestamp":"2026-02-06 09:30:50"}
{"level":"debug","message":"Query: SELECT \"public\".\"lms_courses\".\"id\", \"public\".\"lms_courses\".\"categoryId\", \"public\".\"lms_courses\".\"title\", \"public\".\"lms_courses\".\"slug\", \"public\".\"lms_courses\".\"shortDescription\", \"public\".\"lms_courses\".\"description\", \"public\".\"lms_courses\".\"thumbnailUrl\", \"public\".\"lms_courses\".\"previewVideoUrl\", \"public\".\"lms_courses\".\"totalModules\", \"public\".\"lms_courses\".\"totalTopics\", \"public\".\"lms_courses\".\"totalPoints\", \"public\".\"lms_courses\".\"totalHours\", \"public\".\"lms_courses\".\"price\", \"public\".\"lms_courses\".\"discountPrice\", \"public\".\"lms_courses\".\"currency\", \"public\".\"lms_courses\".\"status\"::text, \"public\".\"lms_courses\".\"isActive\", \"public\".\"lms_courses\".\"certificateEnabled\", \"public\".\"lms_courses\".\"passingPercentage\", \"public\".\"lms_courses\".\"tags\", \"public\".\"lms_courses\".\"difficulty\"::text, \"public\".\"lms_courses\".\"instructor\", \"public\".\"lms_courses\".\"language\", \"public\".\"lms_courses\".\"createdAt\", \"public\".\"lms_courses\".\"updatedAt\", \"public\".\"lms_courses\".\"publishedAt\", COALESCE(\"aggr_selection_0_LmsEnrollment\".\"_aggr_count_enrollments\", 0) AS \"_aggr_count_enrollments\" FROM \"public\".\"lms_courses\" LEFT JOIN (SELECT \"public\".\"lms_enrollments\".\"courseId\", COUNT(*) AS \"_aggr_count_enrollments\" FROM \"public\".\"lms_enrollments\" WHERE 1=1 GROUP BY \"public\".\"lms_enrollments\".\"courseId\") AS \"aggr_selection_0_LmsEnrollment\" ON (\"public\".\"lms_courses\".\"id\" = \"aggr_selection_0_LmsEnrollment\".\"courseId\") WHERE (\"public\".\"lms_courses\".\"id\" = $1 AND 1=1) LIMIT $2 OFFSET $3","service":"preplyte-api","timestamp":"2026-02-06 09:30:50"}
{"level":"debug","message":"Params: [\"cml92k1k4000417d09rzlrf37\",1,0]","service":"preplyte-api","timestamp":"2026-02-06 09:30:50"}
{"level":"debug","message":"Duration: 1ms","service":"preplyte-api","timestamp":"2026-02-06 09:30:50"}
{"level":"debug","message":"Query: SELECT \"public\".\"lms_categories\".\"id\", \"public\".\"lms_categories\".\"name\", \"public\".\"lms_categories\".\"slug\", \"public\".\"lms_categories\".\"description\", \"public\".\"lms_categories\".\"iconUrl\", \"public\".\"lms_categories\".\"order\", \"public\".\"lms_categories\".\"isActive\", \"public\".\"lms_categories\".\"createdAt\", \"public\".\"lms_categories\".\"updatedAt\" FROM \"public\".\"lms_categories\" WHERE \"public\".\"lms_categories\".\"id\" IN ($1) OFFSET $2","service":"preplyte-api","timestamp":"2026-02-06 09:30:50"}
{"level":"debug","message":"Params: [\"cml92k1i3000017d0bq70mkrl\",0]","service":"preplyte-api","timestamp":"2026-02-06 09:30:50"}
{"level":"debug","message":"Duration: 0ms","service":"preplyte-api","timestamp":"2026-02-06 09:30:50"}
{"level":"debug","message":"Query: SELECT \"public\".\"lms_modules\".\"id\", \"public\".\"lms_modules\".\"courseId\", \"public\".\"lms_modules\".\"title\", \"public\".\"lms_modules\".\"shortDescription\", \"public\".\"lms_modules\".\"description\", \"public\".\"lms_modules\".\"order\", \"public\".\"lms_modules\".\"totalTopics\", \"public\".\"lms_modules\".\"points\", \"public\".\"lms_modules\".\"estimatedMinutes\", \"public\".\"lms_modules\".\"isActive\", \"public\".\"lms_modules\".\"createdAt\", \"public\".\"lms_modules\".\"updatedAt\" FROM \"public\".\"lms_modules\" WHERE \"public\".\"lms_modules\".\"courseId\" IN ($1) ORDER BY \"public\".\"lms_modules\".\"order\" ASC OFFSET $2","service":"preplyte-api","timestamp":"2026-02-06 09:30:50"}
{"level":"debug","message":"Params: [\"cml92k1k4000417d09rzlrf37\",0]","service":"preplyte-api","timestamp":"2026-02-06 09:30:50"}
{"level":"debug","message":"Duration: 1ms","service":"preplyte-api","timestamp":"2026-02-06 09:30:50"}
{"level":"debug","message":"Query: SELECT \"public\".\"lms_topics\".\"id\", \"public\".\"lms_topics\".\"moduleId\", \"public\".\"lms_topics\".\"title\", \"public\".\"lms_topics\".\"description\", \"public\".\"lms_topics\".\"order\", \"public\".\"lms_topics\".\"theoryContent\", \"public\".\"lms_topics\".\"videoUrl\", \"public\".\"lms_topics\".\"videoDuration\", \"public\".\"lms_topics\".\"estimatedMinutes\", \"public\".\"lms_topics\".\"resources\", \"public\".\"lms_topics\".\"isActive\", \"public\".\"lms_topics\".\"createdAt\", \"public\".\"lms_topics\".\"updatedAt\" FROM \"public\".\"lms_topics\" WHERE \"public\".\"lms_topics\".\"moduleId\" IN ($1,$2,$3,$4,$5) ORDER BY \"public\".\"lms_topics\".\"order\" ASC OFFSET $6","service":"preplyte-api","timestamp":"2026-02-06 09:30:50"}
{"level":"debug","message":"Params: [\"cml92k1ke000617d0l56w3n45\",\"cml92k1kj000817d0x6y6z5f7\",\"cml92k1kl000a17d0yp4e89wr\",\"cml92k1kn000c17d0ocn7frmc\",\"cml92k1kp000e17d03txb42ra\",0]","service":"preplyte-api","timestamp":"2026-02-06 09:30:50"}
{"level":"debug","message":"Duration: 7ms","service":"preplyte-api","timestamp":"2026-02-06 09:30:50"}
{"level":"debug","message":"Query: SELECT \"public\".\"lms_module_tests\".\"id\", \"public\".\"lms_module_tests\".\"moduleId\", \"public\".\"lms_module_tests\".\"title\", \"public\".\"lms_module_tests\".\"instructions\", \"public\".\"lms_module_tests\".\"totalQuestions\", \"public\".\"lms_module_tests\".\"passingScore\", \"public\".\"lms_module_tests\".\"timeLimitMinutes\", \"public\".\"lms_module_tests\".\"maxAttempts\", \"public\".\"lms_module_tests\".\"pointsPerQuestion\", \"public\".\"lms_module_tests\".\"totalPoints\", \"public\".\"lms_module_tests\".\"isActive\", \"public\".\"lms_module_tests\".\"createdAt\", \"public\".\"lms_module_tests\".\"updatedAt\" FROM \"public\".\"lms_module_tests\" WHERE \"public\".\"lms_module_tests\".\"moduleId\" IN ($1,$2,$3,$4,$5) OFFSET $6","service":"preplyte-api","timestamp":"2026-02-06 09:30:50"}
{"level":"debug","message":"Params: [\"cml92k1ke000617d0l56w3n45\",\"cml92k1kj000817d0x6y6z5f7\",\"cml92k1kl000a17d0yp4e89wr\",\"cml92k1kn000c17d0ocn7frmc\",\"cml92k1kp000e17d03txb42ra\",0]","service":"preplyte-api","timestamp":"2026-02-06 09:30:50"}
{"level":"debug","message":"Duration: 3ms","service":"preplyte-api","timestamp":"2026-02-06 09:30:50"}
{"level":"debug","message":"Query: SELECT \"public\".\"lms_final_tests\".\"id\", \"public\".\"lms_final_tests\".\"courseId\", \"public\".\"lms_final_tests\".\"title\", \"public\".\"lms_final_tests\".\"instructions\", \"public\".\"lms_final_tests\".\"totalQuestions\", \"public\".\"lms_final_tests\".\"passingScore\", \"public\".\"lms_final_tests\".\"timeLimitMinutes\", \"public\".\"lms_final_tests\".\"pointsPerQuestion\", \"public\".\"lms_final_tests\".\"totalPoints\", \"public\".\"lms_final_tests\".\"maxAttempts\", \"public\".\"lms_final_tests\".\"isActive\", \"public\".\"lms_final_tests\".\"createdAt\", \"public\".\"lms_final_tests\".\"updatedAt\" FROM \"public\".\"lms_final_tests\" WHERE \"public\".\"lms_final_tests\".\"courseId\" IN ($1) OFFSET $2","service":"preplyte-api","timestamp":"2026-02-06 09:30:50"}
{"level":"debug","message":"Params: [\"cml92k1k4000417d09rzlrf37\",0]","service":"preplyte-api","timestamp":"2026-02-06 09:30:50"}
{"level":"debug","message":"Duration: 3ms","service":"preplyte-api","timestamp":"2026-02-06 09:30:50"}
{"level":"info","message":"\u001b[0mGET /api/admin/lms/courses/cml92k1k4000417d09rzlrf37 \u001b[36m304\u001b[0m 30.453 ms - -\u001b[0m","service":"preplyte-api","timestamp":"2026-02-06 09:30:50"}
{"level":"debug","message":"Query: SELECT \"public\".\"users\".\"id\", \"public\".\"users\".\"email\", \"public\".\"users\".\"role\"::text, \"public\".\"users\".\"instituteId\", \"public\".\"users\".\"isActive\", \"public\".\"users\".\"tokenVersion\" FROM \"public\".\"users\" WHERE (\"public\".\"users\".\"id\" = $1 AND 1=1) LIMIT $2 OFFSET $3","service":"preplyte-api","timestamp":"2026-02-06 09:30:50"}
{"level":"debug","message":"Params: [\"cml92r5r50001q3oopvkslp23\",1,0]","service":"preplyte-api","timestamp":"2026-02-06 09:30:50"}
{"level":"debug","message":"Duration: 0ms","service":"preplyte-api","timestamp":"2026-02-06 09:30:50"}
{"level":"debug","message":"Query: SELECT \"public\".\"lms_categories\".\"id\", \"public\".\"lms_categories\".\"name\", \"public\".\"lms_categories\".\"slug\", \"public\".\"lms_categories\".\"description\", \"public\".\"lms_categories\".\"iconUrl\", \"public\".\"lms_categories\".\"order\", \"public\".\"lms_categories\".\"isActive\", \"public\".\"lms_categories\".\"createdAt\", \"public\".\"lms_categories\".\"updatedAt\", COALESCE(\"aggr_selection_0_LmsCourse\".\"_aggr_count_courses\", 0) AS \"_aggr_count_courses\" FROM \"public\".\"lms_categories\" LEFT JOIN (SELECT \"public\".\"lms_courses\".\"categoryId\", COUNT(*) AS \"_aggr_count_courses\" FROM \"public\".\"lms_courses\" WHERE 1=1 GROUP BY \"public\".\"lms_courses\".\"categoryId\") AS \"aggr_selection_0_LmsCourse\" ON (\"public\".\"lms_categories\".\"id\" = \"aggr_selection_0_LmsCourse\".\"categoryId\") WHERE 1=1 ORDER BY \"public\".\"lms_categories\".\"order\" ASC OFFSET $1","service":"preplyte-api","timestamp":"2026-02-06 09:30:50"}
{"level":"debug","message":"Params: [0]","service":"preplyte-api","timestamp":"2026-02-06 09:30:50"}
{"level":"debug","message":"Duration: 1ms","service":"preplyte-api","timestamp":"2026-02-06 09:30:50"}
{"level":"info","message":"\u001b[0mGET /api/admin/lms/categories \u001b[36m304\u001b[0m 24.758 ms - -\u001b[0m","service":"preplyte-api","timestamp":"2026-02-06 09:30:50"}
{"level":"debug","message":"Query: SELECT 1","service":"preplyte-api","timestamp":"2026-02-06 09:33:42"}
{"level":"debug","message":"Params: []","service":"preplyte-api","timestamp":"2026-02-06 09:33:42"}
{"level":"debug","message":"Duration: 0ms","service":"preplyte-api","timestamp":"2026-02-06 09:33:42"}
{"level":"debug","message":"Query: SELECT \"public\".\"users\".\"id\", \"public\".\"users\".\"email\", \"public\".\"users\".\"role\"::text, \"public\".\"users\".\"instituteId\", \"public\".\"users\".\"isActive\", \"public\".\"users\".\"tokenVersion\" FROM \"public\".\"users\" WHERE (\"public\".\"users\".\"id\" = $1 AND 1=1) LIMIT $2 OFFSET $3","service":"preplyte-api","timestamp":"2026-02-06 09:33:42"}
{"level":"debug","message":"Params: [\"cml92r5r50001q3oopvkslp23\",1,0]","service":"preplyte-api","timestamp":"2026-02-06 09:33:42"}
{"level":"debug","message":"Duration: 0ms","service":"preplyte-api","timestamp":"2026-02-06 09:33:42"}
{"level":"debug","message":"Query: SELECT \"public\".\"lms_courses\".\"id\", \"public\".\"lms_courses\".\"categoryId\", \"public\".\"lms_courses\".\"title\", \"public\".\"lms_courses\".\"slug\", \"public\".\"lms_courses\".\"shortDescription\", \"public\".\"lms_courses\".\"description\", \"public\".\"lms_courses\".\"thumbnailUrl\", \"public\".\"lms_courses\".\"previewVideoUrl\", \"public\".\"lms_courses\".\"totalModules\", \"public\".\"lms_courses\".\"totalTopics\", \"public\".\"lms_courses\".\"totalPoints\", \"public\".\"lms_courses\".\"totalHours\", \"public\".\"lms_courses\".\"price\", \"public\".\"lms_courses\".\"discountPrice\", \"public\".\"lms_courses\".\"currency\", \"public\".\"lms_courses\".\"status\"::text, \"public\".\"lms_courses\".\"isActive\", \"public\".\"lms_courses\".\"certificateEnabled\", \"public\".\"lms_courses\".\"passingPercentage\", \"public\".\"lms_courses\".\"tags\", \"public\".\"lms_courses\".\"difficulty\"::text, \"public\".\"lms_courses\".\"instructor\", \"public\".\"lms_courses\".\"language\", \"public\".\"lms_courses\".\"createdAt\", \"public\".\"lms_courses\".\"updatedAt\", \"public\".\"lms_courses\".\"publishedAt\", COALESCE(\"aggr_selection_0_LmsEnrollment\".\"_aggr_count_enrollments\", 0) AS \"_aggr_count_enrollments\" FROM \"public\".\"lms_courses\" LEFT JOIN (SELECT \"public\".\"lms_enrollments\".\"courseId\", COUNT(*) AS \"_aggr_count_enrollments\" FROM \"public\".\"lms_enrollments\" WHERE 1=1 GROUP BY \"public\".\"lms_enrollments\".\"courseId\") AS \"aggr_selection_0_LmsEnrollment\" ON (\"public\".\"lms_courses\".\"id\" = \"aggr_selection_0_LmsEnrollment\".\"courseId\") WHERE (\"public\".\"lms_courses\".\"id\" = $1 AND 1=1) LIMIT $2 OFFSET $3","service":"preplyte-api","timestamp":"2026-02-06 09:33:42"}
{"level":"debug","message":"Params: [\"cml92k1k4000417d09rzlrf37\",1,0]","service":"preplyte-api","timestamp":"2026-02-06 09:33:42"}
{"level":"debug","message":"Duration: 1ms","service":"preplyte-api","timestamp":"2026-02-06 09:33:42"}
{"level":"debug","message":"Query: SELECT \"public\".\"lms_categories\".\"id\", \"public\".\"lms_categories\".\"name\", \"public\".\"lms_categories\".\"slug\", \"public\".\"lms_categories\".\"description\", \"public\".\"lms_categories\".\"iconUrl\", \"public\".\"lms_categories\".\"order\", \"public\".\"lms_categories\".\"isActive\", \"public\".\"lms_categories\".\"createdAt\", \"public\".\"lms_categories\".\"updatedAt\" FROM \"public\".\"lms_categories\" WHERE \"public\".\"lms_categories\".\"id\" IN ($1) OFFSET $2","service":"preplyte-api","timestamp":"2026-02-06 09:33:42"}
{"level":"debug","message":"Params: [\"cml92k1i3000017d0bq70mkrl\",0]","service":"preplyte-api","timestamp":"2026-02-06 09:33:42"}
{"level":"debug","message":"Duration: 0ms","service":"preplyte-api","timestamp":"2026-02-06 09:33:42"}
{"level":"debug","message":"Query: SELECT \"public\".\"lms_modules\".\"id\", \"public\".\"lms_modules\".\"courseId\", \"public\".\"lms_modules\".\"title\", \"public\".\"lms_modules\".\"shortDescription\", \"public\".\"lms_modules\".\"description\", \"public\".\"lms_modules\".\"order\", \"public\".\"lms_modules\".\"totalTopics\", \"public\".\"lms_modules\".\"points\", \"public\".\"lms_modules\".\"estimatedMinutes\", \"public\".\"lms_modules\".\"isActive\", \"public\".\"lms_modules\".\"createdAt\", \"public\".\"lms_modules\".\"updatedAt\" FROM \"public\".\"lms_modules\" WHERE \"public\".\"lms_modules\".\"courseId\" IN ($1) ORDER BY \"public\".\"lms_modules\".\"order\" ASC OFFSET $2","service":"preplyte-api","timestamp":"2026-02-06 09:33:42"}
{"level":"debug","message":"Params: [\"cml92k1k4000417d09rzlrf37\",0]","service":"preplyte-api","timestamp":"2026-02-06 09:33:42"}
{"level":"debug","message":"Duration: 0ms","service":"preplyte-api","timestamp":"2026-02-06 09:33:42"}
{"level":"debug","message":"Query: SELECT \"public\".\"lms_topics\".\"id\", \"public\".\"lms_topics\".\"moduleId\", \"public\".\"lms_topics\".\"title\", \"public\".\"lms_topics\".\"description\", \"public\".\"lms_topics\".\"order\", \"public\".\"lms_topics\".\"theoryContent\", \"public\".\"lms_topics\".\"videoUrl\", \"public\".\"lms_topics\".\"videoDuration\", \"public\".\"lms_topics\".\"estimatedMinutes\", \"public\".\"lms_topics\".\"resources\", \"public\".\"lms_topics\".\"isActive\", \"public\".\"lms_topics\".\"createdAt\", \"public\".\"lms_topics\".\"updatedAt\" FROM \"public\".\"lms_topics\" WHERE \"public\".\"lms_topics\".\"moduleId\" IN ($1,$2,$3,$4,$5) ORDER BY \"public\".\"lms_topics\".\"order\" ASC OFFSET $6","service":"preplyte-api","timestamp":"2026-02-06 09:33:42"}
{"level":"debug","message":"Params: [\"cml92k1ke000617d0l56w3n45\",\"cml92k1kj000817d0x6y6z5f7\",\"cml92k1kl000a17d0yp4e89wr\",\"cml92k1kn000c17d0ocn7frmc\",\"cml92k1kp000e17d03txb42ra\",0]","service":"preplyte-api","timestamp":"2026-02-06 09:33:42"}
{"level":"debug","message":"Duration: 0ms","service":"preplyte-api","timestamp":"2026-02-06 09:33:42"}
{"level":"debug","message":"Query: SELECT \"public\".\"lms_module_tests\".\"id\", \"public\".\"lms_module_tests\".\"moduleId\", \"public\".\"lms_module_tests\".\"title\", \"public\".\"lms_module_tests\".\"instructions\", \"public\".\"lms_module_tests\".\"totalQuestions\", \"public\".\"lms_module_tests\".\"passingScore\", \"public\".\"lms_module_tests\".\"timeLimitMinutes\", \"public\".\"lms_module_tests\".\"maxAttempts\", \"public\".\"lms_module_tests\".\"pointsPerQuestion\", \"public\".\"lms_module_tests\".\"totalPoints\", \"public\".\"lms_module_tests\".\"isActive\", \"public\".\"lms_module_tests\".\"createdAt\", \"public\".\"lms_module_tests\".\"updatedAt\" FROM \"public\".\"lms_module_tests\" WHERE \"public\".\"lms_module_tests\".\"moduleId\" IN ($1,$2,$3,$4,$5) OFFSET $6","service":"preplyte-api","timestamp":"2026-02-06 09:33:42"}
{"level":"debug","message":"Params: [\"cml92k1ke000617d0l56w3n45\",\"cml92k1kj000817d0x6y6z5f7\",\"cml92k1kl000a17d0yp4e89wr\",\"cml92k1kn000c17d0ocn7frmc\",\"cml92k1kp000e17d03txb42ra\",0]","service":"preplyte-api","timestamp":"2026-02-06 09:33:42"}
{"level":"debug","message":"Duration: 0ms","service":"preplyte-api","timestamp":"2026-02-06 09:33:42"}
{"level":"debug","message":"Query: SELECT \"public\".\"lms_final_tests\".\"id\", \"public\".\"lms_final_tests\".\"courseId\", \"public\".\"lms_final_tests\".\"title\", \"public\".\"lms_final_tests\".\"instructions\", \"public\".\"lms_final_tests\".\"totalQuestions\", \"public\".\"lms_final_tests\".\"passingScore\", \"public\".\"lms_final_tests\".\"timeLimitMinutes\", \"public\".\"lms_final_tests\".\"pointsPerQuestion\", \"public\".\"lms_final_tests\".\"totalPoints\", \"public\".\"lms_final_tests\".\"maxAttempts\", \"public\".\"lms_final_tests\".\"isActive\", \"public\".\"lms_final_tests\".\"createdAt\", \"public\".\"lms_final_tests\".\"updatedAt\" FROM \"public\".\"lms_final_tests\" WHERE \"public\".\"lms_final_tests\".\"courseId\" IN ($1) OFFSET $2","service":"preplyte-api","timestamp":"2026-02-06 09:33:42"}
{"level":"debug","message":"Params: [\"cml92k1k4000417d09rzlrf37\",0]","service":"preplyte-api","timestamp":"2026-02-06 09:33:42"}
{"level":"debug","message":"Duration: 0ms","service":"preplyte-api","timestamp":"2026-02-06 09:33:42"}
{"level":"info","message":"\u001b[0mGET /api/admin/lms/courses/cml92k1k4000417d09rzlrf37 \u001b[36m304\u001b[0m 26.009 ms - -\u001b[0m","service":"preplyte-api","timestamp":"2026-02-06 09:33:42"}
{"level":"debug","message":"Query: SELECT \"public\".\"users\".\"id\", \"public\".\"users\".\"email\", \"public\".\"users\".\"role\"::text, \"public\".\"users\".\"instituteId\", \"public\".\"users\".\"isActive\", \"public\".\"users\".\"tokenVersion\" FROM \"public\".\"users\" WHERE (\"public\".\"users\".\"id\" = $1 AND 1=1) LIMIT $2 OFFSET $3","service":"preplyte-api","timestamp":"2026-02-06 09:33:42"}
{"level":"debug","message":"Params: [\"cml92r5r50001q3oopvkslp23\",1,0]","service":"preplyte-api","timestamp":"2026-02-06 09:33:42"}
{"level":"debug","message":"Duration: 5ms","service":"preplyte-api","timestamp":"2026-02-06 09:33:42"}
{"level":"debug","message":"Query: SELECT \"public\".\"lms_categories\".\"id\", \"public\".\"lms_categories\".\"name\", \"public\".\"lms_categories\".\"slug\", \"public\".\"lms_categories\".\"description\", \"public\".\"lms_categories\".\"iconUrl\", \"public\".\"lms_categories\".\"order\", \"public\".\"lms_categories\".\"isActive\", \"public\".\"lms_categories\".\"createdAt\", \"public\".\"lms_categories\".\"updatedAt\", COALESCE(\"aggr_selection_0_LmsCourse\".\"_aggr_count_courses\", 0) AS \"_aggr_count_courses\" FROM \"public\".\"lms_categories\" LEFT JOIN (SELECT \"public\".\"lms_courses\".\"categoryId\", COUNT(*) AS \"_aggr_count_courses\" FROM \"public\".\"lms_courses\" WHERE 1=1 GROUP BY \"public\".\"lms_courses\".\"categoryId\") AS \"aggr_selection_0_LmsCourse\" ON (\"public\".\"lms_categories\".\"id\" = \"aggr_selection_0_LmsCourse\".\"categoryId\") WHERE 1=1 ORDER BY \"public\".\"lms_categories\".\"order\" ASC OFFSET $1","service":"preplyte-api","timestamp":"2026-02-06 09:33:42"}
{"level":"debug","message":"Params: [0]","service":"preplyte-api","timestamp":"2026-02-06 09:33:42"}
{"level":"debug","message":"Duration: 11ms","service":"preplyte-api","timestamp":"2026-02-06 09:33:42"}
{"level":"info","message":"\u001b[0mGET /api/admin/lms/categories \u001b[36m304\u001b[0m 89.844 ms - -\u001b[0m","service":"preplyte-api","timestamp":"2026-02-06 09:33:42"}
{"level":"debug","message":"Query: SELECT 1","service":"preplyte-api","timestamp":"2026-02-06 09:34:49"}
{"level":"debug","message":"Params: []","service":"preplyte-api","timestamp":"2026-02-06 09:34:49"}
{"level":"debug","message":"Duration: 0ms","service":"preplyte-api","timestamp":"2026-02-06 09:34:49"}
{"level":"debug","message":"Query: SELECT \"public\".\"users\".\"id\", \"public\".\"users\".\"email\", \"public\".\"users\".\"role\"::text, \"public\".\"users\".\"instituteId\", \"public\".\"users\".\"isActive\", \"public\".\"users\".\"tokenVersion\" FROM \"public\".\"users\" WHERE (\"public\".\"users\".\"id\" = $1 AND 1=1) LIMIT $2 OFFSET $3","service":"preplyte-api","timestamp":"2026-02-06 09:34:49"}
{"level":"debug","message":"Params: [\"cml92r5r50001q3oopvkslp23\",1,0]","service":"preplyte-api","timestamp":"2026-02-06 09:34:49"}
{"level":"debug","message":"Duration: 0ms","service":"preplyte-api","timestamp":"2026-02-06 09:34:49"}
{"level":"debug","message":"Query: SELECT \"public\".\"lms_courses\".\"id\", \"public\".\"lms_courses\".\"categoryId\", \"public\".\"lms_courses\".\"title\", \"public\".\"lms_courses\".\"slug\", \"public\".\"lms_courses\".\"shortDescription\", \"public\".\"lms_courses\".\"description\", \"public\".\"lms_courses\".\"thumbnailUrl\", \"public\".\"lms_courses\".\"previewVideoUrl\", \"public\".\"lms_courses\".\"totalModules\", \"public\".\"lms_courses\".\"totalTopics\", \"public\".\"lms_courses\".\"totalPoints\", \"public\".\"lms_courses\".\"totalHours\", \"public\".\"lms_courses\".\"price\", \"public\".\"lms_courses\".\"discountPrice\", \"public\".\"lms_courses\".\"currency\", \"public\".\"lms_courses\".\"status\"::text, \"public\".\"lms_courses\".\"isActive\", \"public\".\"lms_courses\".\"certificateEnabled\", \"public\".\"lms_courses\".\"passingPercentage\", \"public\".\"lms_courses\".\"tags\", \"public\".\"lms_courses\".\"difficulty\"::text, \"public\".\"lms_courses\".\"instructor\", \"public\".\"lms_courses\".\"language\", \"public\".\"lms_courses\".\"createdAt\", \"public\".\"lms_courses\".\"updatedAt\", \"public\".\"lms_courses\".\"publishedAt\", COALESCE(\"aggr_selection_0_LmsModule\".\"_aggr_count_modules\", 0) AS \"_aggr_count_modules\", COALESCE(\"aggr_selection_1_LmsEnrollment\".\"_aggr_count_enrollments\", 0) AS \"_aggr_count_enrollments\" FROM \"public\".\"lms_courses\" LEFT JOIN (SELECT \"public\".\"lms_modules\".\"courseId\", COUNT(*) AS \"_aggr_count_modules\" FROM \"public\".\"lms_modules\" WHERE 1=1 GROUP BY \"public\".\"lms_modules\".\"courseId\") AS \"aggr_selection_0_LmsModule\" ON (\"public\".\"lms_courses\".\"id\" = \"aggr_selection_0_LmsModule\".\"courseId\") LEFT JOIN (SELECT \"public\".\"lms_enrollments\".\"courseId\", COUNT(*) AS \"_aggr_count_enrollments\" FROM \"public\".\"lms_enrollments\" WHERE 1=1 GROUP BY \"public\".\"lms_enrollments\".\"courseId\") AS \"aggr_selection_1_LmsEnrollment\" ON (\"public\".\"lms_courses\".\"id\" = \"aggr_selection_1_LmsEnrollment\".\"courseId\") WHERE 1=1 ORDER BY \"public\".\"lms_courses\".\"createdAt\" DESC OFFSET $1","service":"preplyte-api","timestamp":"2026-02-06 09:34:49"}
{"level":"debug","message":"Params: [0]","service":"preplyte-api","timestamp":"2026-02-06 09:34:49"}
{"level":"debug","message":"Duration: 18ms","service":"preplyte-api","timestamp":"2026-02-06 09:34:49"}
{"level":"debug","message":"Query: SELECT \"public\".\"lms_categories\".\"id\", \"public\".\"lms_categories\".\"name\", \"public\".\"lms_categories\".\"slug\", \"public\".\"lms_categories\".\"description\", \"public\".\"lms_categories\".\"iconUrl\", \"public\".\"lms_categories\".\"order\", \"public\".\"lms_categories\".\"isActive\", \"public\".\"lms_categories\".\"createdAt\", \"public\".\"lms_categories\".\"updatedAt\" FROM \"public\".\"lms_categories\" WHERE \"public\".\"lms_categories\".\"id\" IN ($1) OFFSET $2","service":"preplyte-api","timestamp":"2026-02-06 09:34:49"}
{"level":"debug","message":"Params: [\"cml92k1i3000017d0bq70mkrl\",0]","service":"preplyte-api","timestamp":"2026-02-06 09:34:49"}
{"level":"debug","message":"Duration: 1ms","service":"preplyte-api","timestamp":"2026-02-06 09:34:49"}
{"level":"info","message":"\u001b[0mGET /api/admin/lms/courses?page=1&limit=10&search= \u001b[36m304\u001b[0m 41.830 ms - -\u001b[0m","service":"preplyte-api","timestamp":"2026-02-06 09:34:49"}
{"level":"debug","message":"Query: SELECT \"public\".\"users\".\"id\", \"public\".\"users\".\"email\", \"public\".\"users\".\"role\"::text, \"public\".\"users\".\"instituteId\", \"public\".\"users\".\"isActive\", \"public\".\"users\".\"tokenVersion\" FROM \"public\".\"users\" WHERE (\"public\".\"users\".\"id\" = $1 AND 1=1) LIMIT $2 OFFSET $3","service":"preplyte-api","timestamp":"2026-02-06 09:34:51"}
{"level":"debug","message":"Params: [\"cml92r5r50001q3oopvkslp23\",1,0]","service":"preplyte-api","timestamp":"2026-02-06 09:34:51"}
{"level":"debug","message":"Duration: 0ms","service":"preplyte-api","timestamp":"2026-02-06 09:34:51"}
{"level":"debug","message":"Query: SELECT \"public\".\"lms_courses\".\"id\", \"public\".\"lms_courses\".\"categoryId\", \"public\".\"lms_courses\".\"title\", \"public\".\"lms_courses\".\"slug\", \"public\".\"lms_courses\".\"shortDescription\", \"public\".\"lms_courses\".\"description\", \"public\".\"lms_courses\".\"thumbnailUrl\", \"public\".\"lms_courses\".\"previewVideoUrl\", \"public\".\"lms_courses\".\"totalModules\", \"public\".\"lms_courses\".\"totalTopics\", \"public\".\"lms_courses\".\"totalPoints\", \"public\".\"lms_courses\".\"totalHours\", \"public\".\"lms_courses\".\"price\", \"public\".\"lms_courses\".\"discountPrice\", \"public\".\"lms_courses\".\"currency\", \"public\".\"lms_courses\".\"status\"::text, \"public\".\"lms_courses\".\"isActive\", \"public\".\"lms_courses\".\"certificateEnabled\", \"public\".\"lms_courses\".\"passingPercentage\", \"public\".\"lms_courses\".\"tags\", \"public\".\"lms_courses\".\"difficulty\"::text, \"public\".\"lms_courses\".\"instructor\", \"public\".\"lms_courses\".\"language\", \"public\".\"lms_courses\".\"createdAt\", \"public\".\"lms_courses\".\"updatedAt\", \"public\".\"lms_courses\".\"publishedAt\", COALESCE(\"aggr_selection_0_LmsEnrollment\".\"_aggr_count_enrollments\", 0) AS \"_aggr_count_enrollments\" FROM \"public\".\"lms_courses\" LEFT JOIN (SELECT \"public\".\"lms_enrollments\".\"courseId\", COUNT(*) AS \"_aggr_count_enrollments\" FROM \"public\".\"lms_enrollments\" WHERE 1=1 GROUP BY \"public\".\"lms_enrollments\".\"courseId\") AS \"aggr_selection_0_LmsEnrollment\" ON (\"public\".\"lms_courses\".\"id\" = \"aggr_selection_0_LmsEnrollment\".\"courseId\") WHERE (\"public\".\"lms_courses\".\"id\" = $1 AND 1=1) LIMIT $2 OFFSET $3","service":"preplyte-api","timestamp":"2026-02-06 09:34:51"}
{"level":"debug","message":"Params: [\"cml93bbti0001h2p0y0h24vng\",1,0]","service":"preplyte-api","timestamp":"2026-02-06 09:34:51"}
{"level":"debug","message":"Duration: 2ms","service":"preplyte-api","timestamp":"2026-02-06 09:34:51"}
{"level":"debug","message":"Query: SELECT \"public\".\"lms_categories\".\"id\", \"public\".\"lms_categories\".\"name\", \"public\".\"lms_categories\".\"slug\", \"public\".\"lms_categories\".\"description\", \"public\".\"lms_categories\".\"iconUrl\", \"public\".\"lms_categories\".\"order\", \"public\".\"lms_categories\".\"isActive\", \"public\".\"lms_categories\".\"createdAt\", \"public\".\"lms_categories\".\"updatedAt\" FROM \"public\".\"lms_categories\" WHERE \"public\".\"lms_categories\".\"id\" IN ($1) OFFSET $2","service":"preplyte-api","timestamp":"2026-02-06 09:34:51"}
{"level":"debug","message":"Params: [\"cml92k1i3000017d0bq70mkrl\",0]","service":"preplyte-api","timestamp":"2026-02-06 09:34:51"}
{"level":"debug","message":"Duration: 0ms","service":"preplyte-api","timestamp":"2026-02-06 09:34:51"}
{"level":"debug","message":"Query: SELECT \"public\".\"lms_modules\".\"id\", \"public\".\"lms_modules\".\"courseId\", \"public\".\"lms_modules\".\"title\", \"public\".\"lms_modules\".\"shortDescription\", \"public\".\"lms_modules\".\"description\", \"public\".\"lms_modules\".\"order\", \"public\".\"lms_modules\".\"totalTopics\", \"public\".\"lms_modules\".\"points\", \"public\".\"lms_modules\".\"estimatedMinutes\", \"public\".\"lms_modules\".\"isActive\", \"public\".\"lms_modules\".\"createdAt\", \"public\".\"lms_modules\".\"updatedAt\" FROM \"public\".\"lms_modules\" WHERE \"public\".\"lms_modules\".\"courseId\" IN ($1) ORDER BY \"public\".\"lms_modules\".\"order\" ASC OFFSET $2","service":"preplyte-api","timestamp":"2026-02-06 09:34:51"}
{"level":"debug","message":"Params: [\"cml93bbti0001h2p0y0h24vng\",0]","service":"preplyte-api","timestamp":"2026-02-06 09:34:51"}
{"level":"debug","message":"Duration: 1ms","service":"preplyte-api","timestamp":"2026-02-06 09:34:51"}
{"level":"debug","message":"Query: SELECT \"public\".\"lms_final_tests\".\"id\", \"public\".\"lms_final_tests\".\"courseId\", \"public\".\"lms_final_tests\".\"title\", \"public\".\"lms_final_tests\".\"instructions\", \"public\".\"lms_final_tests\".\"totalQuestions\", \"public\".\"lms_final_tests\".\"passingScore\", \"public\".\"lms_final_tests\".\"timeLimitMinutes\", \"public\".\"lms_final_tests\".\"pointsPerQuestion\", \"public\".\"lms_final_tests\".\"totalPoints\", \"public\".\"lms_final_tests\".\"maxAttempts\", \"public\".\"lms_final_tests\".\"isActive\", \"public\".\"lms_final_tests\".\"createdAt\", \"public\".\"lms_final_tests\".\"updatedAt\" FROM \"public\".\"lms_final_tests\" WHERE \"public\".\"lms_final_tests\".\"courseId\" IN ($1) OFFSET $2","service":"preplyte-api","timestamp":"2026-02-06 09:34:51"}
{"level":"debug","message":"Params: [\"cml93bbti0001h2p0y0h24vng\",0]","service":"preplyte-api","timestamp":"2026-02-06 09:34:51"}
{"level":"debug","message":"Duration: 3ms","service":"preplyte-api","timestamp":"2026-02-06 09:34:51"}
{"level":"info","message":"\u001b[0mGET /api/admin/lms/courses/cml93bbti0001h2p0y0h24vng \u001b[32m200\u001b[0m 18.601 ms - -\u001b[0m","service":"preplyte-api","timestamp":"2026-02-06 09:34:51"}
{"level":"debug","message":"Query: SELECT \"public\".\"users\".\"id\", \"public\".\"users\".\"email\", \"public\".\"users\".\"role\"::text, \"public\".\"users\".\"instituteId\", \"public\".\"users\".\"isActive\", \"public\".\"users\".\"tokenVersion\" FROM \"public\".\"users\" WHERE (\"public\".\"users\".\"id\" = $1 AND 1=1) LIMIT $2 OFFSET $3","service":"preplyte-api","timestamp":"2026-02-06 09:34:51"}
{"level":"debug","message":"Params: [\"cml92r5r50001q3oopvkslp23\",1,0]","service":"preplyte-api","timestamp":"2026-02-06 09:34:51"}
{"level":"debug","message":"Duration: 0ms","service":"preplyte-api","timestamp":"2026-02-06 09:34:51"}
{"level":"debug","message":"Query: SELECT \"public\".\"lms_categories\".\"id\", \"public\".\"lms_categories\".\"name\", \"public\".\"lms_categories\".\"slug\", \"public\".\"lms_categories\".\"description\", \"public\".\"lms_categories\".\"iconUrl\", \"public\".\"lms_categories\".\"order\", \"public\".\"lms_categories\".\"isActive\", \"public\".\"lms_categories\".\"createdAt\", \"public\".\"lms_categories\".\"updatedAt\", COALESCE(\"aggr_selection_0_LmsCourse\".\"_aggr_count_courses\", 0) AS \"_aggr_count_courses\" FROM \"public\".\"lms_categories\" LEFT JOIN (SELECT \"public\".\"lms_courses\".\"categoryId\", COUNT(*) AS \"_aggr_count_courses\" FROM \"public\".\"lms_courses\" WHERE 1=1 GROUP BY \"public\".\"lms_courses\".\"categoryId\") AS \"aggr_selection_0_LmsCourse\" ON (\"public\".\"lms_categories\".\"id\" = \"aggr_selection_0_LmsCourse\".\"categoryId\") WHERE 1=1 ORDER BY \"public\".\"lms_categories\".\"order\" ASC OFFSET $1","service":"preplyte-api","timestamp":"2026-02-06 09:34:51"}
{"level":"debug","message":"Params: [0]","service":"preplyte-api","timestamp":"2026-02-06 09:34:51"}
{"level":"debug","message":"Duration: 0ms","service":"preplyte-api","timestamp":"2026-02-06 09:34:51"}
{"level":"info","message":"\u001b[0mGET /api/admin/lms/categories \u001b[36m304\u001b[0m 15.336 ms - -\u001b[0m","service":"preplyte-api","timestamp":"2026-02-06 09:34:51"}
{"level":"debug","message":"Query: SELECT 1","service":"preplyte-api","timestamp":"2026-02-06 09:35:39"}
{"level":"debug","message":"Params: []","service":"preplyte-api","timestamp":"2026-02-06 09:35:39"}
{"level":"debug","message":"Duration: 0ms","service":"preplyte-api","timestamp":"2026-02-06 09:35:39"}
{"level":"debug","message":"Query: SELECT \"public\".\"users\".\"id\", \"public\".\"users\".\"email\", \"public\".\"users\".\"role\"::text, \"public\".\"users\".\"instituteId\", \"public\".\"users\".\"isActive\", \"public\".\"users\".\"tokenVersion\" FROM \"public\".\"users\" WHERE (\"public\".\"users\".\"id\" = $1 AND 1=1) LIMIT $2 OFFSET $3","service":"preplyte-api","timestamp":"2026-02-06 09:35:39"}
{"level":"debug","message":"Params: [\"cml92r5r50001q3oopvkslp23\",1,0]","service":"preplyte-api","timestamp":"2026-02-06 09:35:39"}
{"level":"debug","message":"Duration: 0ms","service":"preplyte-api","timestamp":"2026-02-06 09:35:39"}
{"level":"debug","message":"Query: SELECT \"public\".\"lms_courses\".\"id\", \"public\".\"lms_courses\".\"categoryId\", \"public\".\"lms_courses\".\"title\", \"public\".\"lms_courses\".\"slug\", \"public\".\"lms_courses\".\"shortDescription\", \"public\".\"lms_courses\".\"description\", \"public\".\"lms_courses\".\"thumbnailUrl\", \"public\".\"lms_courses\".\"previewVideoUrl\", \"public\".\"lms_courses\".\"totalModules\", \"public\".\"lms_courses\".\"totalTopics\", \"public\".\"lms_courses\".\"totalPoints\", \"public\".\"lms_courses\".\"totalHours\", \"public\".\"lms_courses\".\"price\", \"public\".\"lms_courses\".\"discountPrice\", \"public\".\"lms_courses\".\"currency\", \"public\".\"lms_courses\".\"status\"::text, \"public\".\"lms_courses\".\"isActive\", \"public\".\"lms_courses\".\"certificateEnabled\", \"public\".\"lms_courses\".\"passingPercentage\", \"public\".\"lms_courses\".\"tags\", \"public\".\"lms_courses\".\"difficulty\"::text, \"public\".\"lms_courses\".\"instructor\", \"public\".\"lms_courses\".\"language\", \"public\".\"lms_courses\".\"createdAt\", \"public\".\"lms_courses\".\"updatedAt\", \"public\".\"lms_courses\".\"publishedAt\", COALESCE(\"aggr_selection_0_LmsEnrollment\".\"_aggr_count_enrollments\", 0) AS \"_aggr_count_enrollments\" FROM \"public\".\"lms_courses\" LEFT JOIN (SELECT \"public\".\"lms_enrollments\".\"courseId\", COUNT(*) AS \"_aggr_count_enrollments\" FROM \"public\".\"lms_enrollments\" WHERE 1=1 GROUP BY \"public\".\"lms_enrollments\".\"courseId\") AS \"aggr_selection_0_LmsEnrollment\" ON (\"public\".\"lms_courses\".\"id\" = \"aggr_selection_0_LmsEnrollment\".\"courseId\") WHERE (\"public\".\"lms_courses\".\"id\" = $1 AND 1=1) LIMIT $2 OFFSET $3","service":"preplyte-api","timestamp":"2026-02-06 09:35:39"}
{"level":"debug","message":"Params: [\"cml93bbti0001h2p0y0h24vng\",1,0]","service":"preplyte-api","timestamp":"2026-02-06 09:35:39"}
{"level":"debug","message":"Duration: 1ms","service":"preplyte-api","timestamp":"2026-02-06 09:35:39"}
{"level":"debug","message":"Query: SELECT \"public\".\"lms_categories\".\"id\", \"public\".\"lms_categories\".\"name\", \"public\".\"lms_categories\".\"slug\", \"public\".\"lms_categories\".\"description\", \"public\".\"lms_categories\".\"iconUrl\", \"public\".\"lms_categories\".\"order\", \"public\".\"lms_categories\".\"isActive\", \"public\".\"lms_categories\".\"createdAt\", \"public\".\"lms_categories\".\"updatedAt\" FROM \"public\".\"lms_categories\" WHERE \"public\".\"lms_categories\".\"id\" IN ($1) OFFSET $2","service":"preplyte-api","timestamp":"2026-02-06 09:35:39"}
{"level":"debug","message":"Params: [\"cml92k1i3000017d0bq70mkrl\",0]","service":"preplyte-api","timestamp":"2026-02-06 09:35:39"}
{"level":"debug","message":"Duration: 0ms","service":"preplyte-api","timestamp":"2026-02-06 09:35:39"}
{"level":"debug","message":"Query: SELECT \"public\".\"lms_modules\".\"id\", \"public\".\"lms_modules\".\"courseId\", \"public\".\"lms_modules\".\"title\", \"public\".\"lms_modules\".\"shortDescription\", \"public\".\"lms_modules\".\"description\", \"public\".\"lms_modules\".\"order\", \"public\".\"lms_modules\".\"totalTopics\", \"public\".\"lms_modules\".\"points\", \"public\".\"lms_modules\".\"estimatedMinutes\", \"public\".\"lms_modules\".\"isActive\", \"public\".\"lms_modules\".\"createdAt\", \"public\".\"lms_modules\".\"updatedAt\" FROM \"public\".\"lms_modules\" WHERE \"public\".\"lms_modules\".\"courseId\" IN ($1) ORDER BY \"public\".\"lms_modules\".\"order\" ASC OFFSET $2","service":"preplyte-api","timestamp":"2026-02-06 09:35:39"}
{"level":"debug","message":"Params: [\"cml93bbti0001h2p0y0h24vng\",0]","service":"preplyte-api","timestamp":"2026-02-06 09:35:39"}
{"level":"debug","message":"Duration: 0ms","service":"preplyte-api","timestamp":"2026-02-06 09:35:39"}
{"level":"debug","message":"Query: SELECT \"public\".\"lms_final_tests\".\"id\", \"public\".\"lms_final_tests\".\"courseId\", \"public\".\"lms_final_tests\".\"title\", \"public\".\"lms_final_tests\".\"instructions\", \"public\".\"lms_final_tests\".\"totalQuestions\", \"public\".\"lms_final_tests\".\"passingScore\", \"public\".\"lms_final_tests\".\"timeLimitMinutes\", \"public\".\"lms_final_tests\".\"pointsPerQuestion\", \"public\".\"lms_final_tests\".\"totalPoints\", \"public\".\"lms_final_tests\".\"maxAttempts\", \"public\".\"lms_final_tests\".\"isActive\", \"public\".\"lms_final_tests\".\"createdAt\", \"public\".\"lms_final_tests\".\"updatedAt\" FROM \"public\".\"lms_final_tests\" WHERE \"public\".\"lms_final_tests\".\"courseId\" IN ($1) OFFSET $2","service":"preplyte-api","timestamp":"2026-02-06 09:35:39"}
{"level":"debug","message":"Params: [\"cml93bbti0001h2p0y0h24vng\",0]","service":"preplyte-api","timestamp":"2026-02-06 09:35:39"}
{"level":"debug","message":"Duration: 0ms","service":"preplyte-api","timestamp":"2026-02-06 09:35:39"}
{"level":"debug","message":"Query: SELECT \"public\".\"lms_courses\".\"id\", \"public\".\"lms_courses\".\"categoryId\", \"public\".\"lms_courses\".\"title\", \"public\".\"lms_courses\".\"slug\", \"public\".\"lms_courses\".\"shortDescription\", \"public\".\"lms_courses\".\"description\", \"public\".\"lms_courses\".\"thumbnailUrl\", \"public\".\"lms_courses\".\"previewVideoUrl\", \"public\".\"lms_courses\".\"totalModules\", \"public\".\"lms_courses\".\"totalTopics\", \"public\".\"lms_courses\".\"totalPoints\", \"public\".\"lms_courses\".\"totalHours\", \"public\".\"lms_courses\".\"price\", \"public\".\"lms_courses\".\"discountPrice\", \"public\".\"lms_courses\".\"currency\", \"public\".\"lms_courses\".\"status\"::text, \"public\".\"lms_courses\".\"isActive\", \"public\".\"lms_courses\".\"certificateEnabled\", \"public\".\"lms_courses\".\"passingPercentage\", \"public\".\"lms_courses\".\"tags\", \"public\".\"lms_courses\".\"difficulty\"::text, \"public\".\"lms_courses\".\"instructor\", \"public\".\"lms_courses\".\"language\", \"public\".\"lms_courses\".\"createdAt\", \"public\".\"lms_courses\".\"updatedAt\", \"public\".\"lms_courses\".\"publishedAt\" FROM \"public\".\"lms_courses\" WHERE (\"public\".\"lms_courses\".\"slug\" = $1 AND 1=1) LIMIT $2 OFFSET $3","service":"preplyte-api","timestamp":"2026-02-06 09:35:39"}
{"level":"debug","message":"Params: [\"prompt-engineering\",1,0]","service":"preplyte-api","timestamp":"2026-02-06 09:35:39"}
{"level":"debug","message":"Duration: 1ms","service":"preplyte-api","timestamp":"2026-02-06 09:35:39"}
{"level":"debug","message":"Query: BEGIN","service":"preplyte-api","timestamp":"2026-02-06 09:35:39"}
{"level":"debug","message":"Params: []","service":"preplyte-api","timestamp":"2026-02-06 09:35:39"}
{"level":"debug","message":"Duration: 0ms","service":"preplyte-api","timestamp":"2026-02-06 09:35:39"}
{"level":"debug","message":"Query: UPDATE \"public\".\"lms_courses\" SET \"categoryId\" = $1, \"title\" = $2, \"slug\" = $3, \"shortDescription\" = $4, \"description\" = $5, \"thumbnailUrl\" = $6, \"previewVideoUrl\" = $7, \"price\" = $8, \"discountPrice\" = $9, \"currency\" = $10, \"status\" = CAST($11::text AS \"public\".\"LmsCourseStatus\"), \"isActive\" = $12, \"certificateEnabled\" = $13, \"passingPercentage\" = $14, \"tags\" = $15, \"difficulty\" = CAST($16::text AS \"public\".\"DifficultyLevel\"), \"instructor\" = $17, \"language\" = $18, \"updatedAt\" = $19 WHERE (\"public\".\"lms_courses\".\"id\" = $20 AND 1=1) RETURNING \"public\".\"lms_courses\".\"id\", \"public\".\"lms_courses\".\"categoryId\", \"public\".\"lms_courses\".\"title\", \"public\".\"lms_courses\".\"slug\", \"public\".\"lms_courses\".\"shortDescription\", \"public\".\"lms_courses\".\"description\", \"public\".\"lms_courses\".\"thumbnailUrl\", \"public\".\"lms_courses\".\"previewVideoUrl\", \"public\".\"lms_courses\".\"totalModules\", \"public\".\"lms_courses\".\"totalTopics\", \"public\".\"lms_courses\".\"totalPoints\", \"public\".\"lms_courses\".\"totalHours\", \"public\".\"lms_courses\".\"price\", \"public\".\"lms_courses\".\"discountPrice\", \"public\".\"lms_courses\".\"currency\", \"public\".\"lms_courses\".\"status\"::text, \"public\".\"lms_courses\".\"isActive\", \"public\".\"lms_courses\".\"certificateEnabled\", \"public\".\"lms_courses\".\"passingPercentage\", \"public\".\"lms_courses\".\"tags\", \"public\".\"lms_courses\".\"difficulty\"::text, \"public\".\"lms_courses\".\"instructor\", \"public\".\"lms_courses\".\"language\", \"public\".\"lms_courses\".\"createdAt\", \"public\".\"lms_courses\".\"updatedAt\", \"public\".\"lms_courses\".\"publishedAt\"","service":"preplyte-api","timestamp":"2026-02-06 09:35:39"}
{"level":"debug","message":"Params: [\"cml92k1i3000017d0bq70mkrl\",\"Prompt Engineering\",\"prompt-engineering\",\"Prompt EngineeringPrompt EngineeringPrompt EngineeringPrompt Engineering\",\"nice coursenice coursenice coursenice coursenice course\",null,null,0,0,\"INR\",\"PUBLISHED\",true,true,70,[\"react\"],\"EASY\",\"Prathamesh Gaikwad\",\"English\",\"2026-02-06 04:05:39.714 UTC\",\"cml93bbti0001h2p0y0h24vng\"]","service":"preplyte-api","timestamp":"2026-02-06 09:35:39"}
{"level":"debug","message":"Duration: 3ms","service":"preplyte-api","timestamp":"2026-02-06 09:35:39"}
{"level":"debug","message":"Query: SELECT \"public\".\"lms_courses\".\"id\", \"public\".\"lms_courses\".\"categoryId\", \"public\".\"lms_courses\".\"title\", \"public\".\"lms_courses\".\"slug\", \"public\".\"lms_courses\".\"shortDescription\", \"public\".\"lms_courses\".\"description\", \"public\".\"lms_courses\".\"thumbnailUrl\", \"public\".\"lms_courses\".\"previewVideoUrl\", \"public\".\"lms_courses\".\"totalModules\", \"public\".\"lms_courses\".\"totalTopics\", \"public\".\"lms_courses\".\"totalPoints\", \"public\".\"lms_courses\".\"totalHours\", \"public\".\"lms_courses\".\"price\", \"public\".\"lms_courses\".\"discountPrice\", \"public\".\"lms_courses\".\"currency\", \"public\".\"lms_courses\".\"status\"::text, \"public\".\"lms_courses\".\"isActive\", \"public\".\"lms_courses\".\"certificateEnabled\", \"public\".\"lms_courses\".\"passingPercentage\", \"public\".\"lms_courses\".\"tags\", \"public\".\"lms_courses\".\"difficulty\"::text, \"public\".\"lms_courses\".\"instructor\", \"public\".\"lms_courses\".\"language\", \"public\".\"lms_courses\".\"createdAt\", \"public\".\"lms_courses\".\"updatedAt\", \"public\".\"lms_courses\".\"publishedAt\" FROM \"public\".\"lms_courses\" WHERE \"public\".\"lms_courses\".\"id\" = $1 LIMIT $2 OFFSET $3","service":"preplyte-api","timestamp":"2026-02-06 09:35:39"}
{"level":"debug","message":"Params: [\"cml93bbti0001h2p0y0h24vng\",1,0]","service":"preplyte-api","timestamp":"2026-02-06 09:35:39"}
{"level":"debug","message":"Duration: 1ms","service":"preplyte-api","timestamp":"2026-02-06 09:35:39"}
{"level":"debug","message":"Query: SELECT \"public\".\"lms_categories\".\"id\", \"public\".\"lms_categories\".\"name\", \"public\".\"lms_categories\".\"slug\", \"public\".\"lms_categories\".\"description\", \"public\".\"lms_categories\".\"iconUrl\", \"public\".\"lms_categories\".\"order\", \"public\".\"lms_categories\".\"isActive\", \"public\".\"lms_categories\".\"createdAt\", \"public\".\"lms_categories\".\"updatedAt\" FROM \"public\".\"lms_categories\" WHERE \"public\".\"lms_categories\".\"id\" IN ($1) OFFSET $2","service":"preplyte-api","timestamp":"2026-02-06 09:35:39"}
{"level":"debug","message":"Params: [\"cml92k1i3000017d0bq70mkrl\",0]","service":"preplyte-api","timestamp":"2026-02-06 09:35:39"}
{"level":"debug","message":"Duration: 0ms","service":"preplyte-api","timestamp":"2026-02-06 09:35:39"}
{"level":"debug","message":"Query: COMMIT","service":"preplyte-api","timestamp":"2026-02-06 09:35:39"}
{"level":"debug","message":"Params: []","service":"preplyte-api","timestamp":"2026-02-06 09:35:39"}
{"level":"debug","message":"Duration: 1ms","service":"preplyte-api","timestamp":"2026-02-06 09:35:39"}
{"level":"debug","message":"Query: SELECT \"public\".\"lms_courses\".\"id\", \"public\".\"lms_courses\".\"categoryId\", \"public\".\"lms_courses\".\"title\", \"public\".\"lms_courses\".\"slug\", \"public\".\"lms_courses\".\"shortDescription\", \"public\".\"lms_courses\".\"description\", \"public\".\"lms_courses\".\"thumbnailUrl\", \"public\".\"lms_courses\".\"previewVideoUrl\", \"public\".\"lms_courses\".\"totalModules\", \"public\".\"lms_courses\".\"totalTopics\", \"public\".\"lms_courses\".\"totalPoints\", \"public\".\"lms_courses\".\"totalHours\", \"public\".\"lms_courses\".\"price\", \"public\".\"lms_courses\".\"discountPrice\", \"public\".\"lms_courses\".\"currency\", \"public\".\"lms_courses\".\"status\"::text, \"public\".\"lms_courses\".\"isActive\", \"public\".\"lms_courses\".\"certificateEnabled\", \"public\".\"lms_courses\".\"passingPercentage\", \"public\".\"lms_courses\".\"tags\", \"public\".\"lms_courses\".\"difficulty\"::text, \"public\".\"lms_courses\".\"instructor\", \"public\".\"lms_courses\".\"language\", \"public\".\"lms_courses\".\"createdAt\", \"public\".\"lms_courses\".\"updatedAt\", \"public\".\"lms_courses\".\"publishedAt\" FROM \"public\".\"lms_courses\" WHERE (\"public\".\"lms_courses\".\"id\" = $1 AND 1=1) LIMIT $2 OFFSET $3","service":"preplyte-api","timestamp":"2026-02-06 09:35:39"}
{"level":"debug","message":"Params: [\"cml93bbti0001h2p0y0h24vng\",1,0]","service":"preplyte-api","timestamp":"2026-02-06 09:35:39"}
{"level":"debug","message":"Duration: 1ms","service":"preplyte-api","timestamp":"2026-02-06 09:35:39"}
{"level":"debug","message":"Query: SELECT \"public\".\"lms_modules\".\"id\", \"public\".\"lms_modules\".\"courseId\", \"public\".\"lms_modules\".\"title\", \"public\".\"lms_modules\".\"shortDescription\", \"public\".\"lms_modules\".\"description\", \"public\".\"lms_modules\".\"order\", \"public\".\"lms_modules\".\"totalTopics\", \"public\".\"lms_modules\".\"points\", \"public\".\"lms_modules\".\"estimatedMinutes\", \"public\".\"lms_modules\".\"isActive\", \"public\".\"lms_modules\".\"createdAt\", \"public\".\"lms_modules\".\"updatedAt\" FROM \"public\".\"lms_modules\" WHERE \"public\".\"lms_modules\".\"courseId\" IN ($1) OFFSET $2","service":"preplyte-api","timestamp":"2026-02-06 09:35:39"}
{"level":"debug","message":"Params: [\"cml93bbti0001h2p0y0h24vng\",0]","service":"preplyte-api","timestamp":"2026-02-06 09:35:39"}
{"level":"debug","message":"Duration: 0ms","service":"preplyte-api","timestamp":"2026-02-06 09:35:39"}
{"level":"debug","message":"Query: SELECT \"public\".\"lms_final_tests\".\"id\", \"public\".\"lms_final_tests\".\"courseId\", \"public\".\"lms_final_tests\".\"title\", \"public\".\"lms_final_tests\".\"instructions\", \"public\".\"lms_final_tests\".\"totalQuestions\", \"public\".\"lms_final_tests\".\"passingScore\", \"public\".\"lms_final_tests\".\"timeLimitMinutes\", \"public\".\"lms_final_tests\".\"pointsPerQuestion\", \"public\".\"lms_final_tests\".\"totalPoints\", \"public\".\"lms_final_tests\".\"maxAttempts\", \"public\".\"lms_final_tests\".\"isActive\", \"public\".\"lms_final_tests\".\"createdAt\", \"public\".\"lms_final_tests\".\"updatedAt\" FROM \"public\".\"lms_final_tests\" WHERE \"public\".\"lms_final_tests\".\"courseId\" IN ($1) OFFSET $2","service":"preplyte-api","timestamp":"2026-02-06 09:35:39"}
{"level":"debug","message":"Params: [\"cml93bbti0001h2p0y0h24vng\",0]","service":"preplyte-api","timestamp":"2026-02-06 09:35:39"}
{"level":"debug","message":"Duration: 0ms","service":"preplyte-api","timestamp":"2026-02-06 09:35:39"}
{"level":"debug","message":"Query: UPDATE \"public\".\"lms_courses\" SET \"totalModules\" = $1, \"totalTopics\" = $2, \"totalPoints\" = $3, \"totalHours\" = $4, \"updatedAt\" = $5 WHERE (\"public\".\"lms_courses\".\"id\" = $6 AND 1=1) RETURNING \"public\".\"lms_courses\".\"id\", \"public\".\"lms_courses\".\"categoryId\", \"public\".\"lms_courses\".\"title\", \"public\".\"lms_courses\".\"slug\", \"public\".\"lms_courses\".\"shortDescription\", \"public\".\"lms_courses\".\"description\", \"public\".\"lms_courses\".\"thumbnailUrl\", \"public\".\"lms_courses\".\"previewVideoUrl\", \"public\".\"lms_courses\".\"totalModules\", \"public\".\"lms_courses\".\"totalTopics\", \"public\".\"lms_courses\".\"totalPoints\", \"public\".\"lms_courses\".\"totalHours\", \"public\".\"lms_courses\".\"price\", \"public\".\"lms_courses\".\"discountPrice\", \"public\".\"lms_courses\".\"currency\", \"public\".\"lms_courses\".\"status\"::text, \"public\".\"lms_courses\".\"isActive\", \"public\".\"lms_courses\".\"certificateEnabled\", \"public\".\"lms_courses\".\"passingPercentage\", \"public\".\"lms_courses\".\"tags\", \"public\".\"lms_courses\".\"difficulty\"::text, \"public\".\"lms_courses\".\"instructor\", \"public\".\"lms_courses\".\"language\", \"public\".\"lms_courses\".\"createdAt\", \"public\".\"lms_courses\".\"updatedAt\", \"public\".\"lms_courses\".\"publishedAt\"","service":"preplyte-api","timestamp":"2026-02-06 09:35:39"}
{"level":"debug","message":"Params: [0,0,0,0,\"2026-02-06 04:05:39.738 UTC\",\"cml93bbti0001h2p0y0h24vng\"]","service":"preplyte-api","timestamp":"2026-02-06 09:35:39"}
{"level":"debug","message":"Duration: 1ms","service":"preplyte-api","timestamp":"2026-02-06 09:35:39"}
{"level":"info","message":"\u001b[0mPATCH /api/admin/lms/courses/cml93bbti0001h2p0y0h24vng \u001b[32m200\u001b[0m 60.106 ms - -\u001b[0m","service":"preplyte-api","timestamp":"2026-02-06 09:35:39"}
{"level":"debug","message":"Query: SELECT \"public\".\"users\".\"id\", \"public\".\"users\".\"email\", \"public\".\"users\".\"role\"::text, \"public\".\"users\".\"instituteId\", \"public\".\"users\".\"isActive\", \"public\".\"users\".\"tokenVersion\" FROM \"public\".\"users\" WHERE (\"public\".\"users\".\"id\" = $1 AND 1=1) LIMIT $2 OFFSET $3","service":"preplyte-api","timestamp":"2026-02-06 09:35:39"}
{"level":"debug","message":"Params: [\"cml92r5r50001q3oopvkslp23\",1,0]","service":"preplyte-api","timestamp":"2026-02-06 09:35:39"}
{"level":"debug","message":"Duration: 0ms","service":"preplyte-api","timestamp":"2026-02-06 09:35:39"}
{"level":"debug","message":"Query: SELECT \"public\".\"lms_courses\".\"id\", \"public\".\"lms_courses\".\"categoryId\", \"public\".\"lms_courses\".\"title\", \"public\".\"lms_courses\".\"slug\", \"public\".\"lms_courses\".\"shortDescription\", \"public\".\"lms_courses\".\"description\", \"public\".\"lms_courses\".\"thumbnailUrl\", \"public\".\"lms_courses\".\"previewVideoUrl\", \"public\".\"lms_courses\".\"totalModules\", \"public\".\"lms_courses\".\"totalTopics\", \"public\".\"lms_courses\".\"totalPoints\", \"public\".\"lms_courses\".\"totalHours\", \"public\".\"lms_courses\".\"price\", \"public\".\"lms_courses\".\"discountPrice\", \"public\".\"lms_courses\".\"currency\", \"public\".\"lms_courses\".\"status\"::text, \"public\".\"lms_courses\".\"isActive\", \"public\".\"lms_courses\".\"certificateEnabled\", \"public\".\"lms_courses\".\"passingPercentage\", \"public\".\"lms_courses\".\"tags\", \"public\".\"lms_courses\".\"difficulty\"::text, \"public\".\"lms_courses\".\"instructor\", \"public\".\"lms_courses\".\"language\", \"public\".\"lms_courses\".\"createdAt\", \"public\".\"lms_courses\".\"updatedAt\", \"public\".\"lms_courses\".\"publishedAt\", COALESCE(\"aggr_selection_0_LmsEnrollment\".\"_aggr_count_enrollments\", 0) AS \"_aggr_count_enrollments\" FROM \"public\".\"lms_courses\" LEFT JOIN (SELECT \"public\".\"lms_enrollments\".\"courseId\", COUNT(*) AS \"_aggr_count_enrollments\" FROM \"public\".\"lms_enrollments\" WHERE 1=1 GROUP BY \"public\".\"lms_enrollments\".\"courseId\") AS \"aggr_selection_0_LmsEnrollment\" ON (\"public\".\"lms_courses\".\"id\" = \"aggr_selection_0_LmsEnrollment\".\"courseId\") WHERE (\"public\".\"lms_courses\".\"id\" = $1 AND 1=1) LIMIT $2 OFFSET $3","service":"preplyte-api","timestamp":"2026-02-06 09:35:39"}
{"level":"debug","message":"Params: [\"cml93bbti0001h2p0y0h24vng\",1,0]","service":"preplyte-api","timestamp":"2026-02-06 09:35:39"}
{"level":"debug","message":"Duration: 1ms","service":"preplyte-api","timestamp":"2026-02-06 09:35:39"}
{"level":"debug","message":"Query: SELECT \"public\".\"lms_categories\".\"id\", \"public\".\"lms_categories\".\"name\", \"public\".\"lms_categories\".\"slug\", \"public\".\"lms_categories\".\"description\", \"public\".\"lms_categories\".\"iconUrl\", \"public\".\"lms_categories\".\"order\", \"public\".\"lms_categories\".\"isActive\", \"public\".\"lms_categories\".\"createdAt\", \"public\".\"lms_categories\".\"updatedAt\" FROM \"public\".\"lms_categories\" WHERE \"public\".\"lms_categories\".\"id\" IN ($1) OFFSET $2","service":"preplyte-api","timestamp":"2026-02-06 09:35:39"}
{"level":"debug","message":"Params: [\"cml92k1i3000017d0bq70mkrl\",0]","service":"preplyte-api","timestamp":"2026-02-06 09:35:39"}
{"level":"debug","message":"Duration: 0ms","service":"preplyte-api","timestamp":"2026-02-06 09:35:39"}
{"level":"debug","message":"Query: SELECT \"public\".\"lms_modules\".\"id\", \"public\".\"lms_modules\".\"courseId\", \"public\".\"lms_modules\".\"title\", \"public\".\"lms_modules\".\"shortDescription\", \"public\".\"lms_modules\".\"description\", \"public\".\"lms_modules\".\"order\", \"public\".\"lms_modules\".\"totalTopics\", \"public\".\"lms_modules\".\"points\", \"public\".\"lms_modules\".\"estimatedMinutes\", \"public\".\"lms_modules\".\"isActive\", \"public\".\"lms_modules\".\"createdAt\", \"public\".\"lms_modules\".\"updatedAt\" FROM \"public\".\"lms_modules\" WHERE \"public\".\"lms_modules\".\"courseId\" IN ($1) ORDER BY \"public\".\"lms_modules\".\"order\" ASC OFFSET $2","service":"preplyte-api","timestamp":"2026-02-06 09:35:39"}
{"level":"debug","message":"Params: [\"cml93bbti0001h2p0y0h24vng\",0]","service":"preplyte-api","timestamp":"2026-02-06 09:35:39"}
{"level":"debug","message":"Duration: 0ms","service":"preplyte-api","timestamp":"2026-02-06 09:35:39"}
{"level":"debug","message":"Query: SELECT \"public\".\"lms_final_tests\".\"id\", \"public\".\"lms_final_tests\".\"courseId\", \"public\".\"lms_final_tests\".\"title\", \"public\".\"lms_final_tests\".\"instructions\", \"public\".\"lms_final_tests\".\"totalQuestions\", \"public\".\"lms_final_tests\".\"passingScore\", \"public\".\"lms_final_tests\".\"timeLimitMinutes\", \"public\".\"lms_final_tests\".\"pointsPerQuestion\", \"public\".\"lms_final_tests\".\"totalPoints\", \"public\".\"lms_final_tests\".\"maxAttempts\", \"public\".\"lms_final_tests\".\"isActive\", \"public\".\"lms_final_tests\".\"createdAt\", \"public\".\"lms_final_tests\".\"updatedAt\" FROM \"public\".\"lms_final_tests\" WHERE \"public\".\"lms_final_tests\".\"courseId\" IN ($1) OFFSET $2","service":"preplyte-api","timestamp":"2026-02-06 09:35:39"}
{"level":"debug","message":"Params: [\"cml93bbti0001h2p0y0h24vng\",0]","service":"preplyte-api","timestamp":"2026-02-06 09:35:39"}
{"level":"debug","message":"Duration: 0ms","service":"preplyte-api","timestamp":"2026-02-06 09:35:39"}
{"level":"info","message":"\u001b[0mGET /api/admin/lms/courses/cml93bbti0001h2p0y0h24vng \u001b[32m200\u001b[0m 18.438 ms - -\u001b[0m","service":"preplyte-api","timestamp":"2026-02-06 09:35:39"}
{"level":"debug","message":"Query: SELECT \"public\".\"users\".\"id\", \"public\".\"users\".\"email\", \"public\".\"users\".\"role\"::text, \"public\".\"users\".\"instituteId\", \"public\".\"users\".\"isActive\", \"public\".\"users\".\"tokenVersion\" FROM \"public\".\"users\" WHERE (\"public\".\"users\".\"id\" = $1 AND 1=1) LIMIT $2 OFFSET $3","service":"preplyte-api","timestamp":"2026-02-06 09:35:39"}
{"level":"debug","message":"Params: [\"cml92r5r50001q3oopvkslp23\",1,0]","service":"preplyte-api","timestamp":"2026-02-06 09:35:39"}
{"level":"debug","message":"Duration: 0ms","service":"preplyte-api","timestamp":"2026-02-06 09:35:39"}
{"level":"debug","message":"Query: SELECT \"public\".\"lms_courses\".\"id\", \"public\".\"lms_courses\".\"categoryId\", \"public\".\"lms_courses\".\"title\", \"public\".\"lms_courses\".\"slug\", \"public\".\"lms_courses\".\"shortDescription\", \"public\".\"lms_courses\".\"description\", \"public\".\"lms_courses\".\"thumbnailUrl\", \"public\".\"lms_courses\".\"previewVideoUrl\", \"public\".\"lms_courses\".\"totalModules\", \"public\".\"lms_courses\".\"totalTopics\", \"public\".\"lms_courses\".\"totalPoints\", \"public\".\"lms_courses\".\"totalHours\", \"public\".\"lms_courses\".\"price\", \"public\".\"lms_courses\".\"discountPrice\", \"public\".\"lms_courses\".\"currency\", \"public\".\"lms_courses\".\"status\"::text, \"public\".\"lms_courses\".\"isActive\", \"public\".\"lms_courses\".\"certificateEnabled\", \"public\".\"lms_courses\".\"passingPercentage\", \"public\".\"lms_courses\".\"tags\", \"public\".\"lms_courses\".\"difficulty\"::text, \"public\".\"lms_courses\".\"instructor\", \"public\".\"lms_courses\".\"language\", \"public\".\"lms_courses\".\"createdAt\", \"public\".\"lms_courses\".\"updatedAt\", \"public\".\"lms_courses\".\"publishedAt\", COALESCE(\"aggr_selection_0_LmsEnrollment\".\"_aggr_count_enrollments\", 0) AS \"_aggr_count_enrollments\" FROM \"public\".\"lms_courses\" LEFT JOIN (SELECT \"public\".\"lms_enrollments\".\"courseId\", COUNT(*) AS \"_aggr_count_enrollments\" FROM \"public\".\"lms_enrollments\" WHERE 1=1 GROUP BY \"public\".\"lms_enrollments\".\"courseId\") AS \"aggr_selection_0_LmsEnrollment\" ON (\"public\".\"lms_courses\".\"id\" = \"aggr_selection_0_LmsEnrollment\".\"courseId\") WHERE (\"public\".\"lms_courses\".\"id\" = $1 AND 1=1) LIMIT $2 OFFSET $3","service":"preplyte-api","timestamp":"2026-02-06 09:35:39"}
{"level":"debug","message":"Params: [\"cml93bbti0001h2p0y0h24vng\",1,0]","service":"preplyte-api","timestamp":"2026-02-06 09:35:39"}
{"level":"debug","message":"Duration: 1ms","service":"preplyte-api","timestamp":"2026-02-06 09:35:39"}
{"level":"debug","message":"Query: SELECT \"public\".\"lms_categories\".\"id\", \"public\".\"lms_categories\".\"name\", \"public\".\"lms_categories\".\"slug\", \"public\".\"lms_categories\".\"description\", \"public\".\"lms_categories\".\"iconUrl\", \"public\".\"lms_categories\".\"order\", \"public\".\"lms_categories\".\"isActive\", \"public\".\"lms_categories\".\"createdAt\", \"public\".\"lms_categories\".\"updatedAt\" FROM \"public\".\"lms_categories\" WHERE \"public\".\"lms_categories\".\"id\" IN ($1) OFFSET $2","service":"preplyte-api","timestamp":"2026-02-06 09:35:39"}
{"level":"debug","message":"Params: [\"cml92k1i3000017d0bq70mkrl\",0]","service":"preplyte-api","timestamp":"2026-02-06 09:35:39"}
{"level":"debug","message":"Duration: 0ms","service":"preplyte-api","timestamp":"2026-02-06 09:35:39"}
{"level":"debug","message":"Query: SELECT \"public\".\"lms_modules\".\"id\", \"public\".\"lms_modules\".\"courseId\", \"public\".\"lms_modules\".\"title\", \"public\".\"lms_modules\".\"shortDescription\", \"public\".\"lms_modules\".\"description\", \"public\".\"lms_modules\".\"order\", \"public\".\"lms_modules\".\"totalTopics\", \"public\".\"lms_modules\".\"points\", \"public\".\"lms_modules\".\"estimatedMinutes\", \"public\".\"lms_modules\".\"isActive\", \"public\".\"lms_modules\".\"createdAt\", \"public\".\"lms_modules\".\"updatedAt\" FROM \"public\".\"lms_modules\" WHERE \"public\".\"lms_modules\".\"courseId\" IN ($1) ORDER BY \"public\".\"lms_modules\".\"order\" ASC OFFSET $2","service":"preplyte-api","timestamp":"2026-02-06 09:35:39"}
{"level":"debug","message":"Params: [\"cml93bbti0001h2p0y0h24vng\",0]","service":"preplyte-api","timestamp":"2026-02-06 09:35:39"}
{"level":"debug","message":"Duration: 0ms","service":"preplyte-api","timestamp":"2026-02-06 09:35:39"}
{"level":"debug","message":"Query: SELECT \"public\".\"lms_final_tests\".\"id\", \"public\".\"lms_final_tests\".\"courseId\", \"public\".\"lms_final_tests\".\"title\", \"public\".\"lms_final_tests\".\"instructions\", \"public\".\"lms_final_tests\".\"totalQuestions\", \"public\".\"lms_final_tests\".\"passingScore\", \"public\".\"lms_final_tests\".\"timeLimitMinutes\", \"public\".\"lms_final_tests\".\"pointsPerQuestion\", \"public\".\"lms_final_tests\".\"totalPoints\", \"public\".\"lms_final_tests\".\"maxAttempts\", \"public\".\"lms_final_tests\".\"isActive\", \"public\".\"lms_final_tests\".\"createdAt\", \"public\".\"lms_final_tests\".\"updatedAt\" FROM \"public\".\"lms_final_tests\" WHERE \"public\".\"lms_final_tests\".\"courseId\" IN ($1) OFFSET $2","service":"preplyte-api","timestamp":"2026-02-06 09:35:39"}
{"level":"debug","message":"Params: [\"cml93bbti0001h2p0y0h24vng\",0]","service":"preplyte-api","timestamp":"2026-02-06 09:35:39"}
{"level":"debug","message":"Duration: 0ms","service":"preplyte-api","timestamp":"2026-02-06 09:35:39"}
{"level":"info","message":"\u001b[0mGET /api/admin/lms/courses/cml93bbti0001h2p0y0h24vng \u001b[36m304\u001b[0m 18.194 ms - -\u001b[0m","service":"preplyte-api","timestamp":"2026-02-06 09:35:39"}
{"level":"debug","message":"Query: SELECT \"public\".\"users\".\"id\", \"public\".\"users\".\"email\", \"public\".\"users\".\"role\"::text, \"public\".\"users\".\"instituteId\", \"public\".\"users\".\"isActive\", \"public\".\"users\".\"tokenVersion\" FROM \"public\".\"users\" WHERE (\"public\".\"users\".\"id\" = $1 AND 1=1) LIMIT $2 OFFSET $3","service":"preplyte-api","timestamp":"2026-02-06 09:35:40"}
{"level":"debug","message":"Params: [\"cml92r5r50001q3oopvkslp23\",1,0]","service":"preplyte-api","timestamp":"2026-02-06 09:35:40"}
{"level":"debug","message":"Duration: 0ms","service":"preplyte-api","timestamp":"2026-02-06 09:35:40"}
{"level":"debug","message":"Query: SELECT \"public\".\"lms_courses\".\"id\", \"public\".\"lms_courses\".\"categoryId\", \"public\".\"lms_courses\".\"title\", \"public\".\"lms_courses\".\"slug\", \"public\".\"lms_courses\".\"shortDescription\", \"public\".\"lms_courses\".\"description\", \"public\".\"lms_courses\".\"thumbnailUrl\", \"public\".\"lms_courses\".\"previewVideoUrl\", \"public\".\"lms_courses\".\"totalModules\", \"public\".\"lms_courses\".\"totalTopics\", \"public\".\"lms_courses\".\"totalPoints\", \"public\".\"lms_courses\".\"totalHours\", \"public\".\"lms_courses\".\"price\", \"public\".\"lms_courses\".\"discountPrice\", \"public\".\"lms_courses\".\"currency\", \"public\".\"lms_courses\".\"status\"::text, \"public\".\"lms_courses\".\"isActive\", \"public\".\"lms_courses\".\"certificateEnabled\", \"public\".\"lms_courses\".\"passingPercentage\", \"public\".\"lms_courses\".\"tags\", \"public\".\"lms_courses\".\"difficulty\"::text, \"public\".\"lms_courses\".\"instructor\", \"public\".\"lms_courses\".\"language\", \"public\".\"lms_courses\".\"createdAt\", \"public\".\"lms_courses\".\"updatedAt\", \"public\".\"lms_courses\".\"publishedAt\", COALESCE(\"aggr_selection_0_LmsModule\".\"_aggr_count_modules\", 0) AS \"_aggr_count_modules\", COALESCE(\"aggr_selection_1_LmsEnrollment\".\"_aggr_count_enrollments\", 0) AS \"_aggr_count_enrollments\" FROM \"public\".\"lms_courses\" LEFT JOIN (SELECT \"public\".\"lms_modules\".\"courseId\", COUNT(*) AS \"_aggr_count_modules\" FROM \"public\".\"lms_modules\" WHERE 1=1 GROUP BY \"public\".\"lms_modules\".\"courseId\") AS \"aggr_selection_0_LmsModule\" ON (\"public\".\"lms_courses\".\"id\" = \"aggr_selection_0_LmsModule\".\"courseId\") LEFT JOIN (SELECT \"public\".\"lms_enrollments\".\"courseId\", COUNT(*) AS \"_aggr_count_enrollments\" FROM \"public\".\"lms_enrollments\" WHERE 1=1 GROUP BY \"public\".\"lms_enrollments\".\"courseId\") AS \"aggr_selection_1_LmsEnrollment\" ON (\"public\".\"lms_courses\".\"id\" = \"aggr_selection_1_LmsEnrollment\".\"courseId\") WHERE 1=1 ORDER BY \"public\".\"lms_courses\".\"createdAt\" DESC OFFSET $1","service":"preplyte-api","timestamp":"2026-02-06 09:35:40"}
{"level":"debug","message":"Params: [0]","service":"preplyte-api","timestamp":"2026-02-06 09:35:40"}
{"level":"debug","message":"Duration: 1ms","service":"preplyte-api","timestamp":"2026-02-06 09:35:40"}
{"level":"debug","message":"Query: SELECT \"public\".\"lms_categories\".\"id\", \"public\".\"lms_categories\".\"name\", \"public\".\"lms_categories\".\"slug\", \"public\".\"lms_categories\".\"description\", \"public\".\"lms_categories\".\"iconUrl\", \"public\".\"lms_categories\".\"order\", \"public\".\"lms_categories\".\"isActive\", \"public\".\"lms_categories\".\"createdAt\", \"public\".\"lms_categories\".\"updatedAt\" FROM \"public\".\"lms_categories\" WHERE \"public\".\"lms_categories\".\"id\" IN ($1) OFFSET $2","service":"preplyte-api","timestamp":"2026-02-06 09:35:40"}
{"level":"debug","message":"Params: [\"cml92k1i3000017d0bq70mkrl\",0]","service":"preplyte-api","timestamp":"2026-02-06 09:35:40"}
{"level":"debug","message":"Duration: 0ms","service":"preplyte-api","timestamp":"2026-02-06 09:35:40"}
{"level":"info","message":"\u001b[0mGET /api/admin/lms/courses?page=1&limit=10&search= \u001b[32m200\u001b[0m 25.990 ms - -\u001b[0m","service":"preplyte-api","timestamp":"2026-02-06 09:35:40"}
{"level":"debug","message":"Query: SELECT \"public\".\"lms_categories\".\"id\", \"public\".\"lms_categories\".\"name\", \"public\".\"lms_categories\".\"slug\", \"public\".\"lms_categories\".\"description\", \"public\".\"lms_categories\".\"iconUrl\", \"public\".\"lms_categories\".\"order\", \"public\".\"lms_categories\".\"isActive\", \"public\".\"lms_categories\".\"createdAt\", \"public\".\"lms_categories\".\"updatedAt\", COALESCE(\"aggr_selection_0_LmsCourse\".\"_aggr_count_courses\", 0) AS \"_aggr_count_courses\" FROM \"public\".\"lms_categories\" LEFT JOIN (SELECT \"public\".\"lms_courses\".\"categoryId\", COUNT(*) AS \"_aggr_count_courses\" FROM \"public\".\"lms_courses\" WHERE (\"public\".\"lms_courses\".\"status\" = CAST($1::text AS \"public\".\"LmsCourseStatus\") AND \"public\".\"lms_courses\".\"isActive\" = $2) GROUP BY \"public\".\"lms_courses\".\"categoryId\") AS \"aggr_selection_0_LmsCourse\" ON (\"public\".\"lms_categories\".\"id\" = \"aggr_selection_0_LmsCourse\".\"categoryId\") WHERE \"public\".\"lms_categories\".\"isActive\" = $3 ORDER BY \"public\".\"lms_categories\".\"order\" ASC OFFSET $4","service":"preplyte-api","timestamp":"2026-02-06 09:35:47"}
{"level":"debug","message":"Params: [\"PUBLISHED\",true,true,0]","service":"preplyte-api","timestamp":"2026-02-06 09:35:47"}
{"level":"debug","message":"Duration: 3ms","service":"preplyte-api","timestamp":"2026-02-06 09:35:47"}
{"level":"debug","message":"Query: SELECT COUNT(*) FROM (SELECT \"public\".\"lms_courses\".\"id\" FROM \"public\".\"lms_courses\" WHERE (\"public\".\"lms_courses\".\"status\" = CAST($1::text AS \"public\".\"LmsCourseStatus\") AND \"public\".\"lms_courses\".\"isActive\" = $2) OFFSET $3) AS \"sub\"","service":"preplyte-api","timestamp":"2026-02-06 09:35:47"}
{"level":"debug","message":"Params: [\"PUBLISHED\",true,0]","service":"preplyte-api","timestamp":"2026-02-06 09:35:47"}
{"level":"debug","message":"Duration: 1ms","service":"preplyte-api","timestamp":"2026-02-06 09:35:47"}
{"level":"info","message":"\u001b[0mGET /api/lms/categories \u001b[36m304\u001b[0m 22.370 ms - -\u001b[0m","service":"preplyte-api","timestamp":"2026-02-06 09:35:47"}
{"level":"debug","message":"Query: SELECT \"public\".\"lms_courses\".\"id\", \"public\".\"lms_courses\".\"instructor\" FROM \"public\".\"lms_courses\" WHERE (\"public\".\"lms_courses\".\"status\" = CAST($1::text AS \"public\".\"LmsCourseStatus\") AND \"public\".\"lms_courses\".\"isActive\" = $2) OFFSET $3","service":"preplyte-api","timestamp":"2026-02-06 09:35:47"}
{"level":"debug","message":"Params: [\"PUBLISHED\",true,0]","service":"preplyte-api","timestamp":"2026-02-06 09:35:47"}
{"level":"debug","message":"Duration: 9ms","service":"preplyte-api","timestamp":"2026-02-06 09:35:47"}
{"level":"debug","message":"Query: SELECT COUNT(*) FROM (SELECT \"public\".\"lms_courses\".\"id\" FROM \"public\".\"lms_courses\" WHERE (\"public\".\"lms_courses\".\"status\" = CAST($1::text AS \"public\".\"LmsCourseStatus\") AND \"public\".\"lms_courses\".\"isActive\" = $2) OFFSET $3) AS \"sub\"","service":"preplyte-api","timestamp":"2026-02-06 09:35:47"}
{"level":"debug","message":"Params: [\"PUBLISHED\",true,0]","service":"preplyte-api","timestamp":"2026-02-06 09:35:47"}
{"level":"debug","message":"Duration: 17ms","service":"preplyte-api","timestamp":"2026-02-06 09:35:47"}
{"level":"debug","message":"Query: SELECT AVG(\"progressPercent\") FROM (SELECT \"public\".\"lms_enrollments\".\"progressPercent\" FROM \"public\".\"lms_enrollments\" WHERE \"public\".\"lms_enrollments\".\"status\" = CAST($1::text AS \"public\".\"LmsEnrollmentStatus\") OFFSET $2) AS \"sub\"","service":"preplyte-api","timestamp":"2026-02-06 09:35:47"}
{"level":"debug","message":"Params: [\"COMPLETED\",0]","service":"preplyte-api","timestamp":"2026-02-06 09:35:47"}
{"level":"debug","message":"Duration: 9ms","service":"preplyte-api","timestamp":"2026-02-06 09:35:47"}
{"level":"debug","message":"Query: SELECT COUNT(*), \"public\".\"lms_enrollments\".\"userId\" FROM \"public\".\"lms_enrollments\" WHERE 1=1 GROUP BY \"public\".\"lms_enrollments\".\"userId\" OFFSET $1","service":"preplyte-api","timestamp":"2026-02-06 09:35:47"}
{"level":"debug","message":"Params: [0]","service":"preplyte-api","timestamp":"2026-02-06 09:35:47"}
{"level":"debug","message":"Duration: 5ms","service":"preplyte-api","timestamp":"2026-02-06 09:35:47"}
{"level":"info","message":"\u001b[0mGET /api/lms/stats \u001b[36m304\u001b[0m 136.789 ms - -\u001b[0m","service":"preplyte-api","timestamp":"2026-02-06 09:35:47"}
{"level":"debug","message":"Query: SELECT \"public\".\"lms_courses\".\"id\", \"public\".\"lms_courses\".\"categoryId\", \"public\".\"lms_courses\".\"title\", \"public\".\"lms_courses\".\"slug\", \"public\".\"lms_courses\".\"shortDescription\", \"public\".\"lms_courses\".\"description\", \"public\".\"lms_courses\".\"thumbnailUrl\", \"public\".\"lms_courses\".\"previewVideoUrl\", \"public\".\"lms_courses\".\"totalModules\", \"public\".\"lms_courses\".\"totalTopics\", \"public\".\"lms_courses\".\"totalPoints\", \"public\".\"lms_courses\".\"totalHours\", \"public\".\"lms_courses\".\"price\", \"public\".\"lms_courses\".\"discountPrice\", \"public\".\"lms_courses\".\"currency\", \"public\".\"lms_courses\".\"status\"::text, \"public\".\"lms_courses\".\"isActive\", \"public\".\"lms_courses\".\"certificateEnabled\", \"public\".\"lms_courses\".\"passingPercentage\", \"public\".\"lms_courses\".\"tags\", \"public\".\"lms_courses\".\"difficulty\"::text, \"public\".\"lms_courses\".\"instructor\", \"public\".\"lms_courses\".\"language\", \"public\".\"lms_courses\".\"createdAt\", \"public\".\"lms_courses\".\"updatedAt\", \"public\".\"lms_courses\".\"publishedAt\" FROM \"public\".\"lms_courses\" LEFT JOIN (SELECT \"public\".\"lms_enrollments\".\"courseId\", COUNT(*) AS \"orderby_aggregator\" FROM \"public\".\"lms_enrollments\" WHERE 1=1 GROUP BY \"public\".\"lms_enrollments\".\"courseId\") AS \"orderby_1_LmsEnrollment\" ON (\"public\".\"lms_courses\".\"id\" = \"orderby_1_LmsEnrollment\".\"courseId\") WHERE (\"public\".\"lms_courses\".\"status\" = CAST($1::text AS \"public\".\"LmsCourseStatus\") AND \"public\".\"lms_courses\".\"isActive\" = $2) ORDER BY COALESCE(\"orderby_1_LmsEnrollment\".\"orderby_aggregator\", $3) DESC LIMIT $4 OFFSET $5","service":"preplyte-api","timestamp":"2026-02-06 09:35:47"}
{"level":"debug","message":"Params: [\"PUBLISHED\",true,0,12,0]","service":"preplyte-api","timestamp":"2026-02-06 09:35:47"}
{"level":"debug","message":"Duration: 14ms","service":"preplyte-api","timestamp":"2026-02-06 09:35:47"}
{"level":"debug","message":"Query: SELECT \"public\".\"lms_categories\".\"id\", \"public\".\"lms_categories\".\"name\", \"public\".\"lms_categories\".\"slug\" FROM \"public\".\"lms_categories\" WHERE \"public\".\"lms_categories\".\"id\" IN ($1) OFFSET $2","service":"preplyte-api","timestamp":"2026-02-06 09:35:47"}
{"level":"debug","message":"Params: [\"cml92k1i3000017d0bq70mkrl\",0]","service":"preplyte-api","timestamp":"2026-02-06 09:35:47"}
{"level":"debug","message":"Duration: 6ms","service":"preplyte-api","timestamp":"2026-02-06 09:35:47"}
{"level":"info","message":"\u001b[0mGET /api/lms/courses?page=1&limit=12&priceRange=all&sortBy=popular&search= \u001b[32m200\u001b[0m 141.367 ms - -\u001b[0m","service":"preplyte-api","timestamp":"2026-02-06 09:35:47"}
{"level":"debug","message":"Query: SELECT 1","service":"preplyte-api","timestamp":"2026-02-06 09:36:04"}
{"level":"debug","message":"Params: []","service":"preplyte-api","timestamp":"2026-02-06 09:36:04"}
{"level":"debug","message":"Duration: 0ms","service":"preplyte-api","timestamp":"2026-02-06 09:36:04"}
{"level":"debug","message":"Query: SELECT \"public\".\"lms_categories\".\"id\", \"public\".\"lms_categories\".\"name\", \"public\".\"lms_categories\".\"slug\", \"public\".\"lms_categories\".\"description\", \"public\".\"lms_categories\".\"iconUrl\", \"public\".\"lms_categories\".\"order\", \"public\".\"lms_categories\".\"isActive\", \"public\".\"lms_categories\".\"createdAt\", \"public\".\"lms_categories\".\"updatedAt\", COALESCE(\"aggr_selection_0_LmsCourse\".\"_aggr_count_courses\", 0) AS \"_aggr_count_courses\" FROM \"public\".\"lms_categories\" LEFT JOIN (SELECT \"public\".\"lms_courses\".\"categoryId\", COUNT(*) AS \"_aggr_count_courses\" FROM \"public\".\"lms_courses\" WHERE (\"public\".\"lms_courses\".\"status\" = CAST($1::text AS \"public\".\"LmsCourseStatus\") AND \"public\".\"lms_courses\".\"isActive\" = $2) GROUP BY \"public\".\"lms_courses\".\"categoryId\") AS \"aggr_selection_0_LmsCourse\" ON (\"public\".\"lms_categories\".\"id\" = \"aggr_selection_0_LmsCourse\".\"categoryId\") WHERE \"public\".\"lms_categories\".\"isActive\" = $3 ORDER BY \"public\".\"lms_categories\".\"order\" ASC OFFSET $4","service":"preplyte-api","timestamp":"2026-02-06 09:36:04"}
{"level":"debug","message":"Params: [\"PUBLISHED\",true,true,0]","service":"preplyte-api","timestamp":"2026-02-06 09:36:04"}
{"level":"debug","message":"Duration: 2ms","service":"preplyte-api","timestamp":"2026-02-06 09:36:04"}
{"level":"info","message":"\u001b[0mGET /api/lms/categories \u001b[36m304\u001b[0m 8.511 ms - -\u001b[0m","service":"preplyte-api","timestamp":"2026-02-06 09:36:04"}
{"level":"debug","message":"Query: SELECT 1","service":"preplyte-api","timestamp":"2026-02-06 09:36:04"}
{"level":"debug","message":"Params: []","service":"preplyte-api","timestamp":"2026-02-06 09:36:04"}
{"level":"debug","message":"Duration: 0ms","service":"preplyte-api","timestamp":"2026-02-06 09:36:04"}
{"level":"debug","message":"Query: SELECT 1","service":"preplyte-api","timestamp":"2026-02-06 09:36:04"}
{"level":"debug","message":"Params: []","service":"preplyte-api","timestamp":"2026-02-06 09:36:04"}
{"level":"debug","message":"Duration: 0ms","service":"preplyte-api","timestamp":"2026-02-06 09:36:04"}
{"level":"debug","message":"Query: SELECT 1","service":"preplyte-api","timestamp":"2026-02-06 09:36:04"}
{"level":"debug","message":"Params: []","service":"preplyte-api","timestamp":"2026-02-06 09:36:04"}
{"level":"debug","message":"Duration: 0ms","service":"preplyte-api","timestamp":"2026-02-06 09:36:04"}
{"level":"debug","message":"Query: SELECT COUNT(*) FROM (SELECT \"public\".\"lms_courses\".\"id\" FROM \"public\".\"lms_courses\" WHERE (\"public\".\"lms_courses\".\"status\" = CAST($1::text AS \"public\".\"LmsCourseStatus\") AND \"public\".\"lms_courses\".\"isActive\" = $2) OFFSET $3) AS \"sub\"","service":"preplyte-api","timestamp":"2026-02-06 09:36:04"}
{"level":"debug","message":"Params: [\"PUBLISHED\",true,0]","service":"preplyte-api","timestamp":"2026-02-06 09:36:04"}
{"level":"debug","message":"Duration: 1ms","service":"preplyte-api","timestamp":"2026-02-06 09:36:04"}
{"level":"debug","message":"Query: SELECT COUNT(*), \"public\".\"lms_enrollments\".\"userId\" FROM \"public\".\"lms_enrollments\" WHERE 1=1 GROUP BY \"public\".\"lms_enrollments\".\"userId\" OFFSET $1","service":"preplyte-api","timestamp":"2026-02-06 09:36:04"}
{"level":"debug","message":"Params: [0]","service":"preplyte-api","timestamp":"2026-02-06 09:36:04"}
{"level":"debug","message":"Duration: 1ms","service":"preplyte-api","timestamp":"2026-02-06 09:36:04"}
{"level":"debug","message":"Query: SELECT AVG(\"progressPercent\") FROM (SELECT \"public\".\"lms_enrollments\".\"progressPercent\" FROM \"public\".\"lms_enrollments\" WHERE \"public\".\"lms_enrollments\".\"status\" = CAST($1::text AS \"public\".\"LmsEnrollmentStatus\") OFFSET $2) AS \"sub\"","service":"preplyte-api","timestamp":"2026-02-06 09:36:04"}
{"level":"debug","message":"Params: [\"COMPLETED\",0]","service":"preplyte-api","timestamp":"2026-02-06 09:36:04"}
{"level":"debug","message":"Duration: 6ms","service":"preplyte-api","timestamp":"2026-02-06 09:36:04"}
{"level":"debug","message":"Query: SELECT \"public\".\"lms_courses\".\"id\", \"public\".\"lms_courses\".\"instructor\" FROM \"public\".\"lms_courses\" WHERE (\"public\".\"lms_courses\".\"status\" = CAST($1::text AS \"public\".\"LmsCourseStatus\") AND \"public\".\"lms_courses\".\"isActive\" = $2) OFFSET $3","service":"preplyte-api","timestamp":"2026-02-06 09:36:04"}
{"level":"debug","message":"Params: [\"PUBLISHED\",true,0]","service":"preplyte-api","timestamp":"2026-02-06 09:36:04"}
{"level":"debug","message":"Duration: 7ms","service":"preplyte-api","timestamp":"2026-02-06 09:36:04"}
{"level":"info","message":"\u001b[0mGET /api/lms/stats \u001b[36m304\u001b[0m 29.769 ms - -\u001b[0m","service":"preplyte-api","timestamp":"2026-02-06 09:36:04"}
{"level":"debug","message":"Query: SELECT COUNT(*) FROM (SELECT \"public\".\"lms_courses\".\"id\" FROM \"public\".\"lms_courses\" WHERE (\"public\".\"lms_courses\".\"status\" = CAST($1::text AS \"public\".\"LmsCourseStatus\") AND \"public\".\"lms_courses\".\"isActive\" = $2) OFFSET $3) AS \"sub\"","service":"preplyte-api","timestamp":"2026-02-06 09:36:04"}
{"level":"debug","message":"Params: [\"PUBLISHED\",true,0]","service":"preplyte-api","timestamp":"2026-02-06 09:36:04"}
{"level":"debug","message":"Duration: 0ms","service":"preplyte-api","timestamp":"2026-02-06 09:36:04"}
{"level":"debug","message":"Query: SELECT \"public\".\"lms_courses\".\"id\", \"public\".\"lms_courses\".\"categoryId\", \"public\".\"lms_courses\".\"title\", \"public\".\"lms_courses\".\"slug\", \"public\".\"lms_courses\".\"shortDescription\", \"public\".\"lms_courses\".\"description\", \"public\".\"lms_courses\".\"thumbnailUrl\", \"public\".\"lms_courses\".\"previewVideoUrl\", \"public\".\"lms_courses\".\"totalModules\", \"public\".\"lms_courses\".\"totalTopics\", \"public\".\"lms_courses\".\"totalPoints\", \"public\".\"lms_courses\".\"totalHours\", \"public\".\"lms_courses\".\"price\", \"public\".\"lms_courses\".\"discountPrice\", \"public\".\"lms_courses\".\"currency\", \"public\".\"lms_courses\".\"status\"::text, \"public\".\"lms_courses\".\"isActive\", \"public\".\"lms_courses\".\"certificateEnabled\", \"public\".\"lms_courses\".\"passingPercentage\", \"public\".\"lms_courses\".\"tags\", \"public\".\"lms_courses\".\"difficulty\"::text, \"public\".\"lms_courses\".\"instructor\", \"public\".\"lms_courses\".\"language\", \"public\".\"lms_courses\".\"createdAt\", \"public\".\"lms_courses\".\"updatedAt\", \"public\".\"lms_courses\".\"publishedAt\" FROM \"public\".\"lms_courses\" LEFT JOIN (SELECT \"public\".\"lms_enrollments\".\"courseId\", COUNT(*) AS \"orderby_aggregator\" FROM \"public\".\"lms_enrollments\" WHERE 1=1 GROUP BY \"public\".\"lms_enrollments\".\"courseId\") AS \"orderby_1_LmsEnrollment\" ON (\"public\".\"lms_courses\".\"id\" = \"orderby_1_LmsEnrollment\".\"courseId\") WHERE (\"public\".\"lms_courses\".\"status\" = CAST($1::text AS \"public\".\"LmsCourseStatus\") AND \"public\".\"lms_courses\".\"isActive\" = $2) ORDER BY COALESCE(\"orderby_1_LmsEnrollment\".\"orderby_aggregator\", $3) DESC LIMIT $4 OFFSET $5","service":"preplyte-api","timestamp":"2026-02-06 09:36:04"}
{"level":"debug","message":"Params: [\"PUBLISHED\",true,0,12,0]","service":"preplyte-api","timestamp":"2026-02-06 09:36:04"}
{"level":"debug","message":"Duration: 2ms","service":"preplyte-api","timestamp":"2026-02-06 09:36:04"}
{"level":"debug","message":"Query: SELECT \"public\".\"lms_categories\".\"id\", \"public\".\"lms_categories\".\"name\", \"public\".\"lms_categories\".\"slug\" FROM \"public\".\"lms_categories\" WHERE \"public\".\"lms_categories\".\"id\" IN ($1) OFFSET $2","service":"preplyte-api","timestamp":"2026-02-06 09:36:04"}
{"level":"debug","message":"Params: [\"cml92k1i3000017d0bq70mkrl\",0]","service":"preplyte-api","timestamp":"2026-02-06 09:36:04"}
{"level":"debug","message":"Duration: 6ms","service":"preplyte-api","timestamp":"2026-02-06 09:36:04"}
{"level":"info","message":"\u001b[0mGET /api/lms/courses?page=1&limit=12&priceRange=all&sortBy=popular \u001b[32m200\u001b[0m 17.162 ms - -\u001b[0m","service":"preplyte-api","timestamp":"2026-02-06 09:36:04"}
{"level":"debug","message":"Query: SELECT COUNT(*) FROM (SELECT \"public\".\"lms_courses\".\"id\" FROM \"public\".\"lms_courses\" WHERE (\"public\".\"lms_courses\".\"status\" = CAST($1::text AS \"public\".\"LmsCourseStatus\") AND \"public\".\"lms_courses\".\"isActive\" = $2) OFFSET $3) AS \"sub\"","service":"preplyte-api","timestamp":"2026-02-06 09:36:04"}
{"level":"debug","message":"Params: [\"PUBLISHED\",true,0]","service":"preplyte-api","timestamp":"2026-02-06 09:36:04"}
{"level":"debug","message":"Duration: 0ms","service":"preplyte-api","timestamp":"2026-02-06 09:36:04"}
{"level":"debug","message":"Query: SELECT \"public\".\"lms_courses\".\"id\", \"public\".\"lms_courses\".\"categoryId\", \"public\".\"lms_courses\".\"title\", \"public\".\"lms_courses\".\"slug\", \"public\".\"lms_courses\".\"shortDescription\", \"public\".\"lms_courses\".\"description\", \"public\".\"lms_courses\".\"thumbnailUrl\", \"public\".\"lms_courses\".\"previewVideoUrl\", \"public\".\"lms_courses\".\"totalModules\", \"public\".\"lms_courses\".\"totalTopics\", \"public\".\"lms_courses\".\"totalPoints\", \"public\".\"lms_courses\".\"totalHours\", \"public\".\"lms_courses\".\"price\", \"public\".\"lms_courses\".\"discountPrice\", \"public\".\"lms_courses\".\"currency\", \"public\".\"lms_courses\".\"status\"::text, \"public\".\"lms_courses\".\"isActive\", \"public\".\"lms_courses\".\"certificateEnabled\", \"public\".\"lms_courses\".\"passingPercentage\", \"public\".\"lms_courses\".\"tags\", \"public\".\"lms_courses\".\"difficulty\"::text, \"public\".\"lms_courses\".\"instructor\", \"public\".\"lms_courses\".\"language\", \"public\".\"lms_courses\".\"createdAt\", \"public\".\"lms_courses\".\"updatedAt\", \"public\".\"lms_courses\".\"publishedAt\" FROM \"public\".\"lms_courses\" LEFT JOIN (SELECT \"public\".\"lms_enrollments\".\"courseId\", COUNT(*) AS \"orderby_aggregator\" FROM \"public\".\"lms_enrollments\" WHERE 1=1 GROUP BY \"public\".\"lms_enrollments\".\"courseId\") AS \"orderby_1_LmsEnrollment\" ON (\"public\".\"lms_courses\".\"id\" = \"orderby_1_LmsEnrollment\".\"courseId\") WHERE (\"public\".\"lms_courses\".\"status\" = CAST($1::text AS \"public\".\"LmsCourseStatus\") AND \"public\".\"lms_courses\".\"isActive\" = $2) ORDER BY COALESCE(\"orderby_1_LmsEnrollment\".\"orderby_aggregator\", $3) DESC LIMIT $4 OFFSET $5","service":"preplyte-api","timestamp":"2026-02-06 09:36:04"}
{"level":"debug","message":"Params: [\"PUBLISHED\",true,0,12,0]","service":"preplyte-api","timestamp":"2026-02-06 09:36:04"}
{"level":"debug","message":"Duration: 1ms","service":"preplyte-api","timestamp":"2026-02-06 09:36:04"}
{"level":"debug","message":"Query: SELECT \"public\".\"lms_categories\".\"id\", \"public\".\"lms_categories\".\"name\", \"public\".\"lms_categories\".\"slug\" FROM \"public\".\"lms_categories\" WHERE \"public\".\"lms_categories\".\"id\" IN ($1) OFFSET $2","service":"preplyte-api","timestamp":"2026-02-06 09:36:04"}
{"level":"debug","message":"Params: [\"cml92k1i3000017d0bq70mkrl\",0]","service":"preplyte-api","timestamp":"2026-02-06 09:36:04"}
{"level":"debug","message":"Duration: 1ms","service":"preplyte-api","timestamp":"2026-02-06 09:36:04"}
{"level":"info","message":"\u001b[0mGET /api/lms/courses?page=1&limit=12&priceRange=all&sortBy=popular&search= \u001b[36m304\u001b[0m 14.794 ms - -\u001b[0m","service":"preplyte-api","timestamp":"2026-02-06 09:36:04"}
{"level":"debug","message":"Query: SELECT \"public\".\"lms_courses\".\"id\", \"public\".\"lms_courses\".\"categoryId\", \"public\".\"lms_courses\".\"title\", \"public\".\"lms_courses\".\"slug\", \"public\".\"lms_courses\".\"shortDescription\", \"public\".\"lms_courses\".\"description\", \"public\".\"lms_courses\".\"thumbnailUrl\", \"public\".\"lms_courses\".\"previewVideoUrl\", \"public\".\"lms_courses\".\"totalModules\", \"public\".\"lms_courses\".\"totalTopics\", \"public\".\"lms_courses\".\"totalPoints\", \"public\".\"lms_courses\".\"totalHours\", \"public\".\"lms_courses\".\"price\", \"public\".\"lms_courses\".\"discountPrice\", \"public\".\"lms_courses\".\"currency\", \"public\".\"lms_courses\".\"status\"::text, \"public\".\"lms_courses\".\"isActive\", \"public\".\"lms_courses\".\"certificateEnabled\", \"public\".\"lms_courses\".\"passingPercentage\", \"public\".\"lms_courses\".\"tags\", \"public\".\"lms_courses\".\"difficulty\"::text, \"public\".\"lms_courses\".\"instructor\", \"public\".\"lms_courses\".\"language\", \"public\".\"lms_courses\".\"createdAt\", \"public\".\"lms_courses\".\"updatedAt\", \"public\".\"lms_courses\".\"publishedAt\" FROM \"public\".\"lms_courses\" WHERE (\"public\".\"lms_courses\".\"slug\" = $1 AND 1=1) LIMIT $2 OFFSET $3","service":"preplyte-api","timestamp":"2026-02-06 09:36:14"}
{"level":"debug","message":"Params: [\"prompt-engineering\",1,0]","service":"preplyte-api","timestamp":"2026-02-06 09:36:14"}
{"level":"debug","message":"Duration: 1ms","service":"preplyte-api","timestamp":"2026-02-06 09:36:14"}
{"level":"debug","message":"Query: SELECT \"public\".\"lms_categories\".\"id\", \"public\".\"lms_categories\".\"name\", \"public\".\"lms_categories\".\"slug\", \"public\".\"lms_categories\".\"description\", \"public\".\"lms_categories\".\"iconUrl\", \"public\".\"lms_categories\".\"order\", \"public\".\"lms_categories\".\"isActive\", \"public\".\"lms_categories\".\"createdAt\", \"public\".\"lms_categories\".\"updatedAt\" FROM \"public\".\"lms_categories\" WHERE \"public\".\"lms_categories\".\"id\" IN ($1) OFFSET $2","service":"preplyte-api","timestamp":"2026-02-06 09:36:14"}
{"level":"debug","message":"Params: [\"cml92k1i3000017d0bq70mkrl\",0]","service":"preplyte-api","timestamp":"2026-02-06 09:36:14"}
{"level":"debug","message":"Duration: 1ms","service":"preplyte-api","timestamp":"2026-02-06 09:36:14"}
{"level":"debug","message":"Query: SELECT \"public\".\"lms_modules\".\"id\", \"public\".\"lms_modules\".\"courseId\", \"public\".\"lms_modules\".\"title\", \"public\".\"lms_modules\".\"shortDescription\", \"public\".\"lms_modules\".\"description\", \"public\".\"lms_modules\".\"order\", \"public\".\"lms_modules\".\"totalTopics\", \"public\".\"lms_modules\".\"points\", \"public\".\"lms_modules\".\"estimatedMinutes\", \"public\".\"lms_modules\".\"isActive\", \"public\".\"lms_modules\".\"createdAt\", \"public\".\"lms_modules\".\"updatedAt\" FROM \"public\".\"lms_modules\" WHERE (\"public\".\"lms_modules\".\"isActive\" = $1 AND \"public\".\"lms_modules\".\"courseId\" IN ($2)) ORDER BY \"public\".\"lms_modules\".\"order\" ASC OFFSET $3","service":"preplyte-api","timestamp":"2026-02-06 09:36:14"}
{"level":"debug","message":"Params: [true,\"cml93bbti0001h2p0y0h24vng\",0]","service":"preplyte-api","timestamp":"2026-02-06 09:36:14"}
{"level":"debug","message":"Duration: 7ms","service":"preplyte-api","timestamp":"2026-02-06 09:36:14"}
{"level":"debug","message":"Query: SELECT \"public\".\"lms_final_tests\".\"id\", \"public\".\"lms_final_tests\".\"courseId\", \"public\".\"lms_final_tests\".\"title\", \"public\".\"lms_final_tests\".\"instructions\", \"public\".\"lms_final_tests\".\"totalQuestions\", \"public\".\"lms_final_tests\".\"passingScore\", \"public\".\"lms_final_tests\".\"timeLimitMinutes\", \"public\".\"lms_final_tests\".\"pointsPerQuestion\", \"public\".\"lms_final_tests\".\"totalPoints\", \"public\".\"lms_final_tests\".\"maxAttempts\", \"public\".\"lms_final_tests\".\"isActive\", \"public\".\"lms_final_tests\".\"createdAt\", \"public\".\"lms_final_tests\".\"updatedAt\" FROM \"public\".\"lms_final_tests\" WHERE \"public\".\"lms_final_tests\".\"courseId\" IN ($1) OFFSET $2","service":"preplyte-api","timestamp":"2026-02-06 09:36:14"}
{"level":"debug","message":"Params: [\"cml93bbti0001h2p0y0h24vng\",0]","service":"preplyte-api","timestamp":"2026-02-06 09:36:14"}
{"level":"debug","message":"Duration: 5ms","service":"preplyte-api","timestamp":"2026-02-06 09:36:14"}
{"level":"info","message":"\u001b[0mGET /api/lms/courses/prompt-engineering \u001b[32m200\u001b[0m 27.348 ms - -\u001b[0m","service":"preplyte-api","timestamp":"2026-02-06 09:36:14"}
{"level":"info","message":"\u001b[0mPOST /api/lms/courses/prompt-engineering/enroll \u001b[33m401\u001b[0m 1.461 ms - 108\u001b[0m","service":"preplyte-api","timestamp":"2026-02-06 09:36:19"}
{"level":"debug","message":"Query: SELECT 1","service":"preplyte-api","timestamp":"2026-02-06 09:36:19"}
{"level":"debug","message":"Params: []","service":"preplyte-api","timestamp":"2026-02-06 09:36:19"}
{"level":"debug","message":"Duration: 0ms","service":"preplyte-api","timestamp":"2026-02-06 09:36:19"}
{"level":"debug","message":"Query: SELECT \"public\".\"refresh_tokens\".\"id\", \"public\".\"refresh_tokens\".\"token\", \"public\".\"refresh_tokens\".\"userId\", \"public\".\"refresh_tokens\".\"expiresAt\", \"public\".\"refresh_tokens\".\"revokedAt\", \"public\".\"refresh_tokens\".\"userAgent\", \"public\".\"refresh_tokens\".\"ipAddress\", \"public\".\"refresh_tokens\".\"createdAt\" FROM \"public\".\"refresh_tokens\" WHERE (\"public\".\"refresh_tokens\".\"token\" = $1 AND \"public\".\"refresh_tokens\".\"userId\" = $2) LIMIT $3 OFFSET $4","service":"preplyte-api","timestamp":"2026-02-06 09:36:19"}
{"level":"debug","message":"Params: [\"551ee6d40c98d45385761e4b195af875b287392c44188eab613df9f850829a8a\",\"cml92ugqs0007q3oof2k0hw35\",1,0]","service":"preplyte-api","timestamp":"2026-02-06 09:36:19"}
{"level":"debug","message":"Duration: 8ms","service":"preplyte-api","timestamp":"2026-02-06 09:36:19"}
{"level":"debug","message":"Query: SELECT \"public\".\"users\".\"id\", \"public\".\"users\".\"email\", \"public\".\"users\".\"password\", \"public\".\"users\".\"name\", \"public\".\"users\".\"role\"::text, \"public\".\"users\".\"isActive\", \"public\".\"users\".\"instituteId\", \"public\".\"users\".\"createdAt\", \"public\".\"users\".\"updatedAt\", \"public\".\"users\".\"lastLoginAt\", \"public\".\"users\".\"tokenVersion\" FROM \"public\".\"users\" WHERE (\"public\".\"users\".\"id\" = $1 AND 1=1) LIMIT $2 OFFSET $3","service":"preplyte-api","timestamp":"2026-02-06 09:36:19"}
{"level":"debug","message":"Params: [\"cml92ugqs0007q3oof2k0hw35\",1,0]","service":"preplyte-api","timestamp":"2026-02-06 09:36:19"}
{"level":"debug","message":"Duration: 7ms","service":"preplyte-api","timestamp":"2026-02-06 09:36:19"}
{"level":"debug","message":"Query: BEGIN","service":"preplyte-api","timestamp":"2026-02-06 09:36:19"}
{"level":"debug","message":"Params: []","service":"preplyte-api","timestamp":"2026-02-06 09:36:19"}
{"level":"debug","message":"Duration: 0ms","service":"preplyte-api","timestamp":"2026-02-06 09:36:19"}
{"level":"debug","message":"Query: UPDATE \"public\".\"refresh_tokens\" SET \"revokedAt\" = $1 WHERE (\"public\".\"refresh_tokens\".\"id\" = $2 AND 1=1) RETURNING \"public\".\"refresh_tokens\".\"id\", \"public\".\"refresh_tokens\".\"token\", \"public\".\"refresh_tokens\".\"userId\", \"public\".\"refresh_tokens\".\"expiresAt\", \"public\".\"refresh_tokens\".\"revokedAt\", \"public\".\"refresh_tokens\".\"userAgent\", \"public\".\"refresh_tokens\".\"ipAddress\", \"public\".\"refresh_tokens\".\"createdAt\"","service":"preplyte-api","timestamp":"2026-02-06 09:36:19"}
{"level":"debug","message":"Params: [\"2026-02-06 04:06:19.493 UTC\",\"cmlacggik0001118rxzjosfws\"]","service":"preplyte-api","timestamp":"2026-02-06 09:36:19"}
{"level":"debug","message":"Duration: 3ms","service":"preplyte-api","timestamp":"2026-02-06 09:36:19"}
{"level":"debug","message":"Query: INSERT INTO \"public\".\"refresh_tokens\" (\"id\",\"token\",\"userId\",\"expiresAt\",\"createdAt\") VALUES ($1,$2,$3,$4,$5) RETURNING \"public\".\"refresh_tokens\".\"id\", \"public\".\"refresh_tokens\".\"token\", \"public\".\"refresh_tokens\".\"userId\", \"public\".\"refresh_tokens\".\"expiresAt\", \"public\".\"refresh_tokens\".\"revokedAt\", \"public\".\"refresh_tokens\".\"userAgent\", \"public\".\"refresh_tokens\".\"ipAddress\", \"public\".\"refresh_tokens\".\"createdAt\"","service":"preplyte-api","timestamp":"2026-02-06 09:36:19"}
{"level":"debug","message":"Params: [\"cmlad57xn000anmfrvgrrhr58\",\"60a98cbf6a4827b36ed06a0d5712a2149ddadb05b685e5ec401a852d35f61ea6\",\"cml92ugqs0007q3oof2k0hw35\",\"2026-02-13 04:06:19.493 UTC\",\"2026-02-06 04:06:19.498 UTC\"]","service":"preplyte-api","timestamp":"2026-02-06 09:36:19"}
{"level":"debug","message":"Duration: 1ms","service":"preplyte-api","timestamp":"2026-02-06 09:36:19"}
{"level":"debug","message":"Query: COMMIT","service":"preplyte-api","timestamp":"2026-02-06 09:36:19"}
{"level":"debug","message":"Params: []","service":"preplyte-api","timestamp":"2026-02-06 09:36:19"}
{"level":"debug","message":"Duration: 1ms","service":"preplyte-api","timestamp":"2026-02-06 09:36:19"}
{"level":"info","message":"Token refreshed successfully","service":"preplyte-api","timestamp":"2026-02-06 09:36:19","userId":"cml92ugqs0007q3oof2k0hw35"}
{"level":"info","message":"\u001b[0mPOST /api/auth/refresh \u001b[32m200\u001b[0m 41.910 ms - 932\u001b[0m","service":"preplyte-api","timestamp":"2026-02-06 09:36:19"}
{"level":"debug","message":"Query: SELECT \"public\".\"users\".\"id\", \"public\".\"users\".\"email\", \"public\".\"users\".\"role\"::text, \"public\".\"users\".\"instituteId\", \"public\".\"users\".\"isActive\", \"public\".\"users\".\"tokenVersion\" FROM \"public\".\"users\" WHERE (\"public\".\"users\".\"id\" = $1 AND 1=1) LIMIT $2 OFFSET $3","service":"preplyte-api","timestamp":"2026-02-06 09:36:19"}
{"level":"debug","message":"Params: [\"cml92ugqs0007q3oof2k0hw35\",1,0]","service":"preplyte-api","timestamp":"2026-02-06 09:36:19"}
{"level":"debug","message":"Duration: 1ms","service":"preplyte-api","timestamp":"2026-02-06 09:36:19"}
{"level":"debug","message":"Query: SELECT \"public\".\"lms_courses\".\"id\", \"public\".\"lms_courses\".\"categoryId\", \"public\".\"lms_courses\".\"title\", \"public\".\"lms_courses\".\"slug\", \"public\".\"lms_courses\".\"shortDescription\", \"public\".\"lms_courses\".\"description\", \"public\".\"lms_courses\".\"thumbnailUrl\", \"public\".\"lms_courses\".\"previewVideoUrl\", \"public\".\"lms_courses\".\"totalModules\", \"public\".\"lms_courses\".\"totalTopics\", \"public\".\"lms_courses\".\"totalPoints\", \"public\".\"lms_courses\".\"totalHours\", \"public\".\"lms_courses\".\"price\", \"public\".\"lms_courses\".\"discountPrice\", \"public\".\"lms_courses\".\"currency\", \"public\".\"lms_courses\".\"status\"::text, \"public\".\"lms_courses\".\"isActive\", \"public\".\"lms_courses\".\"certificateEnabled\", \"public\".\"lms_courses\".\"passingPercentage\", \"public\".\"lms_courses\".\"tags\", \"public\".\"lms_courses\".\"difficulty\"::text, \"public\".\"lms_courses\".\"instructor\", \"public\".\"lms_courses\".\"language\", \"public\".\"lms_courses\".\"createdAt\", \"public\".\"lms_courses\".\"updatedAt\", \"public\".\"lms_courses\".\"publishedAt\" FROM \"public\".\"lms_courses\" WHERE (\"public\".\"lms_courses\".\"slug\" = $1 AND 1=1) LIMIT $2 OFFSET $3","service":"preplyte-api","timestamp":"2026-02-06 09:36:19"}
{"level":"debug","message":"Params: [\"prompt-engineering\",1,0]","service":"preplyte-api","timestamp":"2026-02-06 09:36:19"}
{"level":"debug","message":"Duration: 0ms","service":"preplyte-api","timestamp":"2026-02-06 09:36:19"}
{"level":"debug","message":"Query: SELECT \"public\".\"lms_modules\".\"id\", \"public\".\"lms_modules\".\"courseId\", \"public\".\"lms_modules\".\"title\", \"public\".\"lms_modules\".\"shortDescription\", \"public\".\"lms_modules\".\"description\", \"public\".\"lms_modules\".\"order\", \"public\".\"lms_modules\".\"totalTopics\", \"public\".\"lms_modules\".\"points\", \"public\".\"lms_modules\".\"estimatedMinutes\", \"public\".\"lms_modules\".\"isActive\", \"public\".\"lms_modules\".\"createdAt\", \"public\".\"lms_modules\".\"updatedAt\" FROM \"public\".\"lms_modules\" WHERE (\"public\".\"lms_modules\".\"isActive\" = $1 AND \"public\".\"lms_modules\".\"courseId\" IN ($2)) ORDER BY \"public\".\"lms_modules\".\"order\" ASC OFFSET $3","service":"preplyte-api","timestamp":"2026-02-06 09:36:19"}
{"level":"debug","message":"Params: [true,\"cml93bbti0001h2p0y0h24vng\",0]","service":"preplyte-api","timestamp":"2026-02-06 09:36:19"}
{"level":"debug","message":"Duration: 0ms","service":"preplyte-api","timestamp":"2026-02-06 09:36:19"}
{"level":"debug","message":"Query: SELECT \"public\".\"lms_enrollments\".\"id\", \"public\".\"lms_enrollments\".\"userId\", \"public\".\"lms_enrollments\".\"courseId\", \"public\".\"lms_enrollments\".\"status\"::text, \"public\".\"lms_enrollments\".\"completedModules\", \"public\".\"lms_enrollments\".\"completedTopics\", \"public\".\"lms_enrollments\".\"progressPercent\", \"public\".\"lms_enrollments\".\"totalPointsEarned\", \"public\".\"lms_enrollments\".\"moduleTestPointsEarned\", \"public\".\"lms_enrollments\".\"finalTestPointsEarned\", \"public\".\"lms_enrollments\".\"finalTestAttempted\", \"public\".\"lms_enrollments\".\"finalTestPassed\", \"public\".\"lms_enrollments\".\"finalTestScore\", \"public\".\"lms_enrollments\".\"finalTestMarks\", \"public\".\"lms_enrollments\".\"enrolledAt\", \"public\".\"lms_enrollments\".\"startedAt\", \"public\".\"lms_enrollments\".\"completedAt\", \"public\".\"lms_enrollments\".\"lastAccessedAt\", \"public\".\"lms_enrollments\".\"certificateUrl\", \"public\".\"lms_enrollments\".\"certificateIssuedAt\", \"public\".\"lms_enrollments\".\"createdAt\", \"public\".\"lms_enrollments\".\"updatedAt\" FROM \"public\".\"lms_enrollments\" WHERE ((\"public\".\"lms_enrollments\".\"userId\" = $1 AND \"public\".\"lms_enrollments\".\"courseId\" = $2) AND 1=1) LIMIT $3 OFFSET $4","service":"preplyte-api","timestamp":"2026-02-06 09:36:19"}
{"level":"debug","message":"Params: [\"cml92ugqs0007q3oof2k0hw35\",\"cml93bbti0001h2p0y0h24vng\",1,0]","service":"preplyte-api","timestamp":"2026-02-06 09:36:19"}
{"level":"debug","message":"Duration: 1ms","service":"preplyte-api","timestamp":"2026-02-06 09:36:19"}
{"level":"debug","message":"Query: BEGIN","service":"preplyte-api","timestamp":"2026-02-06 09:36:19"}
{"level":"debug","message":"Params: []","service":"preplyte-api","timestamp":"2026-02-06 09:36:19"}
{"level":"debug","message":"Duration: 0ms","service":"preplyte-api","timestamp":"2026-02-06 09:36:19"}
{"level":"debug","message":"Query: INSERT INTO \"public\".\"lms_enrollments\" (\"id\",\"userId\",\"courseId\",\"status\",\"completedModules\",\"completedTopics\",\"progressPercent\",\"totalPointsEarned\",\"moduleTestPointsEarned\",\"finalTestPointsEarned\",\"finalTestAttempted\",\"finalTestPassed\",\"enrolledAt\",\"createdAt\",\"updatedAt\") VALUES ($1,$2,$3,CAST($4::text AS \"public\".\"LmsEnrollmentStatus\"),$5,$6,$7,$8,$9,$10,$11,$12,$13,$14,$15) RETURNING \"public\".\"lms_enrollments\".\"id\", \"public\".\"lms_enrollments\".\"userId\", \"public\".\"lms_enrollments\".\"courseId\", \"public\".\"lms_enrollments\".\"status\"::text, \"public\".\"lms_enrollments\".\"completedModules\", \"public\".\"lms_enrollments\".\"completedTopics\", \"public\".\"lms_enrollments\".\"progressPercent\", \"public\".\"lms_enrollments\".\"totalPointsEarned\", \"public\".\"lms_enrollments\".\"moduleTestPointsEarned\", \"public\".\"lms_enrollments\".\"finalTestPointsEarned\", \"public\".\"lms_enrollments\".\"finalTestAttempted\", \"public\".\"lms_enrollments\".\"finalTestPassed\", \"public\".\"lms_enrollments\".\"finalTestScore\", \"public\".\"lms_enrollments\".\"finalTestMarks\", \"public\".\"lms_enrollments\".\"enrolledAt\", \"public\".\"lms_enrollments\".\"startedAt\", \"public\".\"lms_enrollments\".\"completedAt\", \"public\".\"lms_enrollments\".\"lastAccessedAt\", \"public\".\"lms_enrollments\".\"certificateUrl\", \"public\".\"lms_enrollments\".\"certificateIssuedAt\", \"public\".\"lms_enrollments\".\"createdAt\", \"public\".\"lms_enrollments\".\"updatedAt\"","service":"preplyte-api","timestamp":"2026-02-06 09:36:19"}
{"level":"debug","message":"Params: [\"cmlad57yt000dnmfrx9j17mk3\",\"cml92ugqs0007q3oof2k0hw35\",\"cml93bbti0001h2p0y0h24vng\",\"ACTIVE\",0,0,0,0,0,0,false,false,\"2026-02-06 04:06:19.536 UTC\",\"2026-02-06 04:06:19.541 UTC\",\"2026-02-06 04:06:19.541 UTC\"]","service":"preplyte-api","timestamp":"2026-02-06 09:36:19"}
{"level":"debug","message":"Duration: 2ms","service":"preplyte-api","timestamp":"2026-02-06 09:36:19"}
{"level":"debug","message":"Query: COMMIT","service":"preplyte-api","timestamp":"2026-02-06 09:36:19"}
{"level":"debug","message":"Params: []","service":"preplyte-api","timestamp":"2026-02-06 09:36:19"}
{"level":"debug","message":"Duration: 1ms","service":"preplyte-api","timestamp":"2026-02-06 09:36:19"}
{"level":"info","message":"\u001b[0mPOST /api/lms/courses/prompt-engineering/enroll \u001b[32m201\u001b[0m 37.730 ms - 719\u001b[0m","service":"preplyte-api","timestamp":"2026-02-06 09:36:19"}
{"level":"debug","message":"Query: SELECT \"public\".\"users\".\"id\", \"public\".\"users\".\"email\", \"public\".\"users\".\"role\"::text, \"public\".\"users\".\"instituteId\", \"public\".\"users\".\"isActive\", \"public\".\"users\".\"tokenVersion\" FROM \"public\".\"users\" WHERE (\"public\".\"users\".\"id\" = $1 AND 1=1) LIMIT $2 OFFSET $3","service":"preplyte-api","timestamp":"2026-02-06 09:36:19"}
{"level":"debug","message":"Params: [\"cml92ugqs0007q3oof2k0hw35\",1,0]","service":"preplyte-api","timestamp":"2026-02-06 09:36:19"}
{"level":"debug","message":"Duration: 0ms","service":"preplyte-api","timestamp":"2026-02-06 09:36:19"}
{"level":"debug","message":"Query: SELECT \"public\".\"lms_courses\".\"id\", \"public\".\"lms_courses\".\"categoryId\", \"public\".\"lms_courses\".\"title\", \"public\".\"lms_courses\".\"slug\", \"public\".\"lms_courses\".\"shortDescription\", \"public\".\"lms_courses\".\"description\", \"public\".\"lms_courses\".\"thumbnailUrl\", \"public\".\"lms_courses\".\"previewVideoUrl\", \"public\".\"lms_courses\".\"totalModules\", \"public\".\"lms_courses\".\"totalTopics\", \"public\".\"lms_courses\".\"totalPoints\", \"public\".\"lms_courses\".\"totalHours\", \"public\".\"lms_courses\".\"price\", \"public\".\"lms_courses\".\"discountPrice\", \"public\".\"lms_courses\".\"currency\", \"public\".\"lms_courses\".\"status\"::text, \"public\".\"lms_courses\".\"isActive\", \"public\".\"lms_courses\".\"certificateEnabled\", \"public\".\"lms_courses\".\"passingPercentage\", \"public\".\"lms_courses\".\"tags\", \"public\".\"lms_courses\".\"difficulty\"::text, \"public\".\"lms_courses\".\"instructor\", \"public\".\"lms_courses\".\"language\", \"public\".\"lms_courses\".\"createdAt\", \"public\".\"lms_courses\".\"updatedAt\", \"public\".\"lms_courses\".\"publishedAt\" FROM \"public\".\"lms_courses\" WHERE (\"public\".\"lms_courses\".\"slug\" = $1 AND 1=1) LIMIT $2 OFFSET $3","service":"preplyte-api","timestamp":"2026-02-06 09:36:19"}
{"level":"debug","message":"Params: [\"prompt-engineering\",1,0]","service":"preplyte-api","timestamp":"2026-02-06 09:36:19"}
{"level":"debug","message":"Duration: 0ms","service":"preplyte-api","timestamp":"2026-02-06 09:36:19"}
{"level":"debug","message":"Query: SELECT \"public\".\"lms_categories\".\"id\", \"public\".\"lms_categories\".\"name\", \"public\".\"lms_categories\".\"slug\", \"public\".\"lms_categories\".\"description\", \"public\".\"lms_categories\".\"iconUrl\", \"public\".\"lms_categories\".\"order\", \"public\".\"lms_categories\".\"isActive\", \"public\".\"lms_categories\".\"createdAt\", \"public\".\"lms_categories\".\"updatedAt\" FROM \"public\".\"lms_categories\" WHERE \"public\".\"lms_categories\".\"id\" IN ($1) OFFSET $2","service":"preplyte-api","timestamp":"2026-02-06 09:36:19"}
{"level":"debug","message":"Params: [\"cml92k1i3000017d0bq70mkrl\",0]","service":"preplyte-api","timestamp":"2026-02-06 09:36:19"}
{"level":"debug","message":"Duration: 0ms","service":"preplyte-api","timestamp":"2026-02-06 09:36:19"}
{"level":"debug","message":"Query: SELECT \"public\".\"lms_modules\".\"id\", \"public\".\"lms_modules\".\"courseId\", \"public\".\"lms_modules\".\"title\", \"public\".\"lms_modules\".\"shortDescription\", \"public\".\"lms_modules\".\"description\", \"public\".\"lms_modules\".\"order\", \"public\".\"lms_modules\".\"totalTopics\", \"public\".\"lms_modules\".\"points\", \"public\".\"lms_modules\".\"estimatedMinutes\", \"public\".\"lms_modules\".\"isActive\", \"public\".\"lms_modules\".\"createdAt\", \"public\".\"lms_modules\".\"updatedAt\" FROM \"public\".\"lms_modules\" WHERE (\"public\".\"lms_modules\".\"isActive\" = $1 AND \"public\".\"lms_modules\".\"courseId\" IN ($2)) ORDER BY \"public\".\"lms_modules\".\"order\" ASC OFFSET $3","service":"preplyte-api","timestamp":"2026-02-06 09:36:19"}
{"level":"debug","message":"Params: [true,\"cml93bbti0001h2p0y0h24vng\",0]","service":"preplyte-api","timestamp":"2026-02-06 09:36:19"}
{"level":"debug","message":"Duration: 0ms","service":"preplyte-api","timestamp":"2026-02-06 09:36:19"}
{"level":"debug","message":"Query: SELECT \"public\".\"lms_final_tests\".\"id\", \"public\".\"lms_final_tests\".\"courseId\", \"public\".\"lms_final_tests\".\"title\", \"public\".\"lms_final_tests\".\"instructions\", \"public\".\"lms_final_tests\".\"totalQuestions\", \"public\".\"lms_final_tests\".\"passingScore\", \"public\".\"lms_final_tests\".\"timeLimitMinutes\", \"public\".\"lms_final_tests\".\"pointsPerQuestion\", \"public\".\"lms_final_tests\".\"totalPoints\", \"public\".\"lms_final_tests\".\"maxAttempts\", \"public\".\"lms_final_tests\".\"isActive\", \"public\".\"lms_final_tests\".\"createdAt\", \"public\".\"lms_final_tests\".\"updatedAt\" FROM \"public\".\"lms_final_tests\" WHERE \"public\".\"lms_final_tests\".\"courseId\" IN ($1) OFFSET $2","service":"preplyte-api","timestamp":"2026-02-06 09:36:19"}
{"level":"debug","message":"Params: [\"cml93bbti0001h2p0y0h24vng\",0]","service":"preplyte-api","timestamp":"2026-02-06 09:36:19"}
{"level":"debug","message":"Duration: 0ms","service":"preplyte-api","timestamp":"2026-02-06 09:36:19"}
{"level":"debug","message":"Query: SELECT \"public\".\"lms_enrollments\".\"id\", \"public\".\"lms_enrollments\".\"userId\", \"public\".\"lms_enrollments\".\"courseId\", \"public\".\"lms_enrollments\".\"status\"::text, \"public\".\"lms_enrollments\".\"completedModules\", \"public\".\"lms_enrollments\".\"completedTopics\", \"public\".\"lms_enrollments\".\"progressPercent\", \"public\".\"lms_enrollments\".\"totalPointsEarned\", \"public\".\"lms_enrollments\".\"moduleTestPointsEarned\", \"public\".\"lms_enrollments\".\"finalTestPointsEarned\", \"public\".\"lms_enrollments\".\"finalTestAttempted\", \"public\".\"lms_enrollments\".\"finalTestPassed\", \"public\".\"lms_enrollments\".\"finalTestScore\", \"public\".\"lms_enrollments\".\"finalTestMarks\", \"public\".\"lms_enrollments\".\"enrolledAt\", \"public\".\"lms_enrollments\".\"startedAt\", \"public\".\"lms_enrollments\".\"completedAt\", \"public\".\"lms_enrollments\".\"lastAccessedAt\", \"public\".\"lms_enrollments\".\"certificateUrl\", \"public\".\"lms_enrollments\".\"certificateIssuedAt\", \"public\".\"lms_enrollments\".\"createdAt\", \"public\".\"lms_enrollments\".\"updatedAt\" FROM \"public\".\"lms_enrollments\" WHERE ((\"public\".\"lms_enrollments\".\"userId\" = $1 AND \"public\".\"lms_enrollments\".\"courseId\" = $2) AND 1=1) LIMIT $3 OFFSET $4","service":"preplyte-api","timestamp":"2026-02-06 09:36:19"}
{"level":"debug","message":"Params: [\"cml92ugqs0007q3oof2k0hw35\",\"cml93bbti0001h2p0y0h24vng\",1,0]","service":"preplyte-api","timestamp":"2026-02-06 09:36:19"}
{"level":"debug","message":"Duration: 0ms","service":"preplyte-api","timestamp":"2026-02-06 09:36:19"}
{"level":"debug","message":"Query: SELECT \"public\".\"lms_module_progress\".\"id\", \"public\".\"lms_module_progress\".\"userId\", \"public\".\"lms_module_progress\".\"moduleId\", \"public\".\"lms_module_progress\".\"status\"::text, \"public\".\"lms_module_progress\".\"completedTopics\", \"public\".\"lms_module_progress\".\"totalTopics\", \"public\".\"lms_module_progress\".\"progressPercent\", \"public\".\"lms_module_progress\".\"testAttempted\", \"public\".\"lms_module_progress\".\"testPassed\", \"public\".\"lms_module_progress\".\"testScore\", \"public\".\"lms_module_progress\".\"testAttempts\", \"public\".\"lms_module_progress\".\"pointsEarned\", \"public\".\"lms_module_progress\".\"timeSpentMinutes\", \"public\".\"lms_module_progress\".\"startedAt\", \"public\".\"lms_module_progress\".\"completedAt\", \"public\".\"lms_module_progress\".\"createdAt\", \"public\".\"lms_module_progress\".\"updatedAt\" FROM \"public\".\"lms_module_progress\" WHERE (\"public\".\"lms_module_progress\".\"userId\" = $1 AND 1=0) OFFSET $2","service":"preplyte-api","timestamp":"2026-02-06 09:36:19"}
{"level":"debug","message":"Params: [\"cml92ugqs0007q3oof2k0hw35\",0]","service":"preplyte-api","timestamp":"2026-02-06 09:36:19"}
{"level":"debug","message":"Duration: 6ms","service":"preplyte-api","timestamp":"2026-02-06 09:36:19"}
{"level":"debug","message":"Query: SELECT \"public\".\"lms_topic_progress\".\"id\", \"public\".\"lms_topic_progress\".\"userId\", \"public\".\"lms_topic_progress\".\"topicId\", \"public\".\"lms_topic_progress\".\"status\"::text, \"public\".\"lms_topic_progress\".\"theoryCompleted\", \"public\".\"lms_topic_progress\".\"videoWatched\", \"public\".\"lms_topic_progress\".\"videoProgress\", \"public\".\"lms_topic_progress\".\"timeSpentMinutes\", \"public\".\"lms_topic_progress\".\"startedAt\", \"public\".\"lms_topic_progress\".\"completedAt\", \"public\".\"lms_topic_progress\".\"createdAt\", \"public\".\"lms_topic_progress\".\"updatedAt\" FROM \"public\".\"lms_topic_progress\" WHERE (\"public\".\"lms_topic_progress\".\"userId\" = $1 AND 1=0) OFFSET $2","service":"preplyte-api","timestamp":"2026-02-06 09:36:19"}
{"level":"debug","message":"Params: [\"cml92ugqs0007q3oof2k0hw35\",0]","service":"preplyte-api","timestamp":"2026-02-06 09:36:19"}
{"level":"debug","message":"Duration: 8ms","service":"preplyte-api","timestamp":"2026-02-06 09:36:19"}
{"level":"info","message":"\u001b[0mGET /api/lms/courses/prompt-engineering \u001b[32m200\u001b[0m 44.703 ms - -\u001b[0m","service":"preplyte-api","timestamp":"2026-02-06 09:36:19"}
{"level":"debug","message":"Query: SELECT 1","service":"preplyte-api","timestamp":"2026-02-06 09:36:39"}
{"level":"debug","message":"Params: []","service":"preplyte-api","timestamp":"2026-02-06 09:36:39"}
{"level":"debug","message":"Duration: 0ms","service":"preplyte-api","timestamp":"2026-02-06 09:36:39"}
{"level":"debug","message":"Query: SELECT \"public\".\"users\".\"id\", \"public\".\"users\".\"email\", \"public\".\"users\".\"role\"::text, \"public\".\"users\".\"instituteId\", \"public\".\"users\".\"isActive\", \"public\".\"users\".\"tokenVersion\" FROM \"public\".\"users\" WHERE (\"public\".\"users\".\"id\" = $1 AND 1=1) LIMIT $2 OFFSET $3","service":"preplyte-api","timestamp":"2026-02-06 09:36:39"}
{"level":"debug","message":"Params: [\"cml92ugqs0007q3oof2k0hw35\",1,0]","service":"preplyte-api","timestamp":"2026-02-06 09:36:39"}
{"level":"debug","message":"Duration: 0ms","service":"preplyte-api","timestamp":"2026-02-06 09:36:39"}
{"level":"debug","message":"Query: SELECT \"public\".\"lms_courses\".\"id\", \"public\".\"lms_courses\".\"title\", \"public\".\"lms_courses\".\"slug\" FROM \"public\".\"lms_courses\" WHERE (\"public\".\"lms_courses\".\"slug\" = $1 AND 1=1) LIMIT $2 OFFSET $3","service":"preplyte-api","timestamp":"2026-02-06 09:36:39"}
{"level":"debug","message":"Params: [\"prompt-engineering\",1,0]","service":"preplyte-api","timestamp":"2026-02-06 09:36:39"}
{"level":"debug","message":"Duration: 1ms","service":"preplyte-api","timestamp":"2026-02-06 09:36:39"}
{"level":"debug","message":"Query: SELECT \"public\".\"lms_enrollments\".\"id\", \"public\".\"lms_enrollments\".\"userId\", \"public\".\"lms_enrollments\".\"courseId\", \"public\".\"lms_enrollments\".\"status\"::text, \"public\".\"lms_enrollments\".\"completedModules\", \"public\".\"lms_enrollments\".\"completedTopics\", \"public\".\"lms_enrollments\".\"progressPercent\", \"public\".\"lms_enrollments\".\"totalPointsEarned\", \"public\".\"lms_enrollments\".\"moduleTestPointsEarned\", \"public\".\"lms_enrollments\".\"finalTestPointsEarned\", \"public\".\"lms_enrollments\".\"finalTestAttempted\", \"public\".\"lms_enrollments\".\"finalTestPassed\", \"public\".\"lms_enrollments\".\"finalTestScore\", \"public\".\"lms_enrollments\".\"finalTestMarks\", \"public\".\"lms_enrollments\".\"enrolledAt\", \"public\".\"lms_enrollments\".\"startedAt\", \"public\".\"lms_enrollments\".\"completedAt\", \"public\".\"lms_enrollments\".\"lastAccessedAt\", \"public\".\"lms_enrollments\".\"certificateUrl\", \"public\".\"lms_enrollments\".\"certificateIssuedAt\", \"public\".\"lms_enrollments\".\"createdAt\", \"public\".\"lms_enrollments\".\"updatedAt\" FROM \"public\".\"lms_enrollments\" WHERE ((\"public\".\"lms_enrollments\".\"userId\" = $1 AND \"public\".\"lms_enrollments\".\"courseId\" = $2) AND 1=1) LIMIT $3 OFFSET $4","service":"preplyte-api","timestamp":"2026-02-06 09:36:39"}
{"level":"debug","message":"Params: [\"cml92ugqs0007q3oof2k0hw35\",\"cml93bbti0001h2p0y0h24vng\",1,0]","service":"preplyte-api","timestamp":"2026-02-06 09:36:39"}
{"level":"debug","message":"Duration: 1ms","service":"preplyte-api","timestamp":"2026-02-06 09:36:39"}
{"level":"debug","message":"Query: SELECT \"public\".\"lms_modules\".\"id\", \"public\".\"lms_modules\".\"courseId\", \"public\".\"lms_modules\".\"title\", \"public\".\"lms_modules\".\"shortDescription\", \"public\".\"lms_modules\".\"description\", \"public\".\"lms_modules\".\"order\", \"public\".\"lms_modules\".\"totalTopics\", \"public\".\"lms_modules\".\"points\", \"public\".\"lms_modules\".\"estimatedMinutes\", \"public\".\"lms_modules\".\"isActive\", \"public\".\"lms_modules\".\"createdAt\", \"public\".\"lms_modules\".\"updatedAt\" FROM \"public\".\"lms_modules\" WHERE (\"public\".\"lms_modules\".\"courseId\" = $1 AND \"public\".\"lms_modules\".\"order\" = $2 AND \"public\".\"lms_modules\".\"isActive\" = $3) LIMIT $4 OFFSET $5","service":"preplyte-api","timestamp":"2026-02-06 09:36:39"}
{"level":"debug","message":"Params: [\"cml93bbti0001h2p0y0h24vng\",1,true,1,0]","service":"preplyte-api","timestamp":"2026-02-06 09:36:39"}
{"level":"debug","message":"Duration: 1ms","service":"preplyte-api","timestamp":"2026-02-06 09:36:39"}
{"code":"MODULE_NOT_FOUND","ip":"127.0.0.1","level":"warn","message":"Operational error Module not found","method":"GET","path":"/api/lms/courses/prompt-engineering/modules/1","requestId":"ef14498e-a5b3-486d-90e5-dbad394bd70e","service":"preplyte-api","timestamp":"2026-02-06 09:36:39","userAgent":"Mozilla/5.0 (Windows NT 10.0; Win64; x64) AppleWebKit/537.36 (KHTML, like Gecko) Chrome/144.0.0.0 Safari/537.36 Edg/144.0.0.0","userId":"cml92ugqs0007q3oof2k0hw35"}
{"level":"info","message":"\u001b[0mGET /api/lms/courses/prompt-engineering/modules/1 \u001b[33m404\u001b[0m 35.941 ms - 133\u001b[0m","service":"preplyte-api","timestamp":"2026-02-06 09:36:39"}
{"level":"debug","message":"Query: SELECT \"public\".\"users\".\"id\", \"public\".\"users\".\"email\", \"public\".\"users\".\"role\"::text, \"public\".\"users\".\"instituteId\", \"public\".\"users\".\"isActive\", \"public\".\"users\".\"tokenVersion\" FROM \"public\".\"users\" WHERE (\"public\".\"users\".\"id\" = $1 AND 1=1) LIMIT $2 OFFSET $3","service":"preplyte-api","timestamp":"2026-02-06 09:36:40"}
{"level":"debug","message":"Params: [\"cml92ugqs0007q3oof2k0hw35\",1,0]","service":"preplyte-api","timestamp":"2026-02-06 09:36:40"}
{"level":"debug","message":"Duration: 1ms","service":"preplyte-api","timestamp":"2026-02-06 09:36:40"}
{"level":"debug","message":"Query: SELECT \"public\".\"lms_courses\".\"id\", \"public\".\"lms_courses\".\"title\", \"public\".\"lms_courses\".\"slug\" FROM \"public\".\"lms_courses\" WHERE (\"public\".\"lms_courses\".\"slug\" = $1 AND 1=1) LIMIT $2 OFFSET $3","service":"preplyte-api","timestamp":"2026-02-06 09:36:40"}
{"level":"debug","message":"Params: [\"prompt-engineering\",1,0]","service":"preplyte-api","timestamp":"2026-02-06 09:36:40"}
{"level":"debug","message":"Duration: 1ms","service":"preplyte-api","timestamp":"2026-02-06 09:36:40"}
{"level":"debug","message":"Query: SELECT \"public\".\"lms_enrollments\".\"id\", \"public\".\"lms_enrollments\".\"userId\", \"public\".\"lms_enrollments\".\"courseId\", \"public\".\"lms_enrollments\".\"status\"::text, \"public\".\"lms_enrollments\".\"completedModules\", \"public\".\"lms_enrollments\".\"completedTopics\", \"public\".\"lms_enrollments\".\"progressPercent\", \"public\".\"lms_enrollments\".\"totalPointsEarned\", \"public\".\"lms_enrollments\".\"moduleTestPointsEarned\", \"public\".\"lms_enrollments\".\"finalTestPointsEarned\", \"public\".\"lms_enrollments\".\"finalTestAttempted\", \"public\".\"lms_enrollments\".\"finalTestPassed\", \"public\".\"lms_enrollments\".\"finalTestScore\", \"public\".\"lms_enrollments\".\"finalTestMarks\", \"public\".\"lms_enrollments\".\"enrolledAt\", \"public\".\"lms_enrollments\".\"startedAt\", \"public\".\"lms_enrollments\".\"completedAt\", \"public\".\"lms_enrollments\".\"lastAccessedAt\", \"public\".\"lms_enrollments\".\"certificateUrl\", \"public\".\"lms_enrollments\".\"certificateIssuedAt\", \"public\".\"lms_enrollments\".\"createdAt\", \"public\".\"lms_enrollments\".\"updatedAt\" FROM \"public\".\"lms_enrollments\" WHERE ((\"public\".\"lms_enrollments\".\"userId\" = $1 AND \"public\".\"lms_enrollments\".\"courseId\" = $2) AND 1=1) LIMIT $3 OFFSET $4","service":"preplyte-api","timestamp":"2026-02-06 09:36:40"}
{"level":"debug","message":"Params: [\"cml92ugqs0007q3oof2k0hw35\",\"cml93bbti0001h2p0y0h24vng\",1,0]","service":"preplyte-api","timestamp":"2026-02-06 09:36:40"}
{"level":"debug","message":"Duration: 1ms","service":"preplyte-api","timestamp":"2026-02-06 09:36:40"}
{"level":"debug","message":"Query: SELECT \"public\".\"lms_modules\".\"id\", \"public\".\"lms_modules\".\"courseId\", \"public\".\"lms_modules\".\"title\", \"public\".\"lms_modules\".\"shortDescription\", \"public\".\"lms_modules\".\"description\", \"public\".\"lms_modules\".\"order\", \"public\".\"lms_modules\".\"totalTopics\", \"public\".\"lms_modules\".\"points\", \"public\".\"lms_modules\".\"estimatedMinutes\", \"public\".\"lms_modules\".\"isActive\", \"public\".\"lms_modules\".\"createdAt\", \"public\".\"lms_modules\".\"updatedAt\" FROM \"public\".\"lms_modules\" WHERE (\"public\".\"lms_modules\".\"courseId\" = $1 AND \"public\".\"lms_modules\".\"order\" = $2 AND \"public\".\"lms_modules\".\"isActive\" = $3) LIMIT $4 OFFSET $5","service":"preplyte-api","timestamp":"2026-02-06 09:36:40"}
{"level":"debug","message":"Params: [\"cml93bbti0001h2p0y0h24vng\",1,true,1,0]","service":"preplyte-api","timestamp":"2026-02-06 09:36:40"}
{"level":"debug","message":"Duration: 1ms","service":"preplyte-api","timestamp":"2026-02-06 09:36:40"}
{"code":"MODULE_NOT_FOUND","ip":"127.0.0.1","level":"warn","message":"Operational error Module not found","method":"GET","path":"/api/lms/courses/prompt-engineering/modules/1","requestId":"08df29e1-116c-4898-a757-5c3522e89814","service":"preplyte-api","timestamp":"2026-02-06 09:36:40","userAgent":"Mozilla/5.0 (Windows NT 10.0; Win64; x64) AppleWebKit/537.36 (KHTML, like Gecko) Chrome/144.0.0.0 Safari/537.36 Edg/144.0.0.0","userId":"cml92ugqs0007q3oof2k0hw35"}
{"level":"info","message":"\u001b[0mGET /api/lms/courses/prompt-engineering/modules/1 \u001b[33m404\u001b[0m 31.590 ms - 133\u001b[0m","service":"preplyte-api","timestamp":"2026-02-06 09:36:40"}
{"level":"debug","message":"Query: SELECT 1","service":"preplyte-api","timestamp":"2026-02-06 09:37:04"}
{"level":"debug","message":"Params: []","service":"preplyte-api","timestamp":"2026-02-06 09:37:04"}
{"level":"debug","message":"Duration: 0ms","service":"preplyte-api","timestamp":"2026-02-06 09:37:04"}
{"level":"debug","message":"Query: SELECT \"public\".\"users\".\"id\", \"public\".\"users\".\"email\", \"public\".\"users\".\"role\"::text, \"public\".\"users\".\"instituteId\", \"public\".\"users\".\"isActive\", \"public\".\"users\".\"tokenVersion\" FROM \"public\".\"users\" WHERE (\"public\".\"users\".\"id\" = $1 AND 1=1) LIMIT $2 OFFSET $3","service":"preplyte-api","timestamp":"2026-02-06 09:37:04"}
{"level":"debug","message":"Params: [\"cml92ugqs0007q3oof2k0hw35\",1,0]","service":"preplyte-api","timestamp":"2026-02-06 09:37:04"}
{"level":"debug","message":"Duration: 0ms","service":"preplyte-api","timestamp":"2026-02-06 09:37:04"}
{"level":"debug","message":"Query: SELECT \"public\".\"lms_courses\".\"id\", \"public\".\"lms_courses\".\"categoryId\", \"public\".\"lms_courses\".\"title\", \"public\".\"lms_courses\".\"slug\", \"public\".\"lms_courses\".\"shortDescription\", \"public\".\"lms_courses\".\"description\", \"public\".\"lms_courses\".\"thumbnailUrl\", \"public\".\"lms_courses\".\"previewVideoUrl\", \"public\".\"lms_courses\".\"totalModules\", \"public\".\"lms_courses\".\"totalTopics\", \"public\".\"lms_courses\".\"totalPoints\", \"public\".\"lms_courses\".\"totalHours\", \"public\".\"lms_courses\".\"price\", \"public\".\"lms_courses\".\"discountPrice\", \"public\".\"lms_courses\".\"currency\", \"public\".\"lms_courses\".\"status\"::text, \"public\".\"lms_courses\".\"isActive\", \"public\".\"lms_courses\".\"certificateEnabled\", \"public\".\"lms_courses\".\"passingPercentage\", \"public\".\"lms_courses\".\"tags\", \"public\".\"lms_courses\".\"difficulty\"::text, \"public\".\"lms_courses\".\"instructor\", \"public\".\"lms_courses\".\"language\", \"public\".\"lms_courses\".\"createdAt\", \"public\".\"lms_courses\".\"updatedAt\", \"public\".\"lms_courses\".\"publishedAt\" FROM \"public\".\"lms_courses\" WHERE (\"public\".\"lms_courses\".\"slug\" = $1 AND 1=1) LIMIT $2 OFFSET $3","service":"preplyte-api","timestamp":"2026-02-06 09:37:04"}
{"level":"debug","message":"Params: [\"java-fullstack\",1,0]","service":"preplyte-api","timestamp":"2026-02-06 09:37:04"}
{"level":"debug","message":"Duration: 0ms","service":"preplyte-api","timestamp":"2026-02-06 09:37:04"}
{"level":"debug","message":"Query: SELECT \"public\".\"lms_categories\".\"id\", \"public\".\"lms_categories\".\"name\", \"public\".\"lms_categories\".\"slug\", \"public\".\"lms_categories\".\"description\", \"public\".\"lms_categories\".\"iconUrl\", \"public\".\"lms_categories\".\"order\", \"public\".\"lms_categories\".\"isActive\", \"public\".\"lms_categories\".\"createdAt\", \"public\".\"lms_categories\".\"updatedAt\" FROM \"public\".\"lms_categories\" WHERE \"public\".\"lms_categories\".\"id\" IN ($1) OFFSET $2","service":"preplyte-api","timestamp":"2026-02-06 09:37:04"}
{"level":"debug","message":"Params: [\"cml92k1i3000017d0bq70mkrl\",0]","service":"preplyte-api","timestamp":"2026-02-06 09:37:04"}
{"level":"debug","message":"Duration: 0ms","service":"preplyte-api","timestamp":"2026-02-06 09:37:04"}
{"level":"debug","message":"Query: SELECT \"public\".\"lms_modules\".\"id\", \"public\".\"lms_modules\".\"courseId\", \"public\".\"lms_modules\".\"title\", \"public\".\"lms_modules\".\"shortDescription\", \"public\".\"lms_modules\".\"description\", \"public\".\"lms_modules\".\"order\", \"public\".\"lms_modules\".\"totalTopics\", \"public\".\"lms_modules\".\"points\", \"public\".\"lms_modules\".\"estimatedMinutes\", \"public\".\"lms_modules\".\"isActive\", \"public\".\"lms_modules\".\"createdAt\", \"public\".\"lms_modules\".\"updatedAt\" FROM \"public\".\"lms_modules\" WHERE (\"public\".\"lms_modules\".\"isActive\" = $1 AND \"public\".\"lms_modules\".\"courseId\" IN ($2)) ORDER BY \"public\".\"lms_modules\".\"order\" ASC OFFSET $3","service":"preplyte-api","timestamp":"2026-02-06 09:37:04"}
{"level":"debug","message":"Params: [true,\"cml94bejx00051360oftmcm9a\",0]","service":"preplyte-api","timestamp":"2026-02-06 09:37:04"}
{"level":"debug","message":"Duration: 0ms","service":"preplyte-api","timestamp":"2026-02-06 09:37:04"}
{"level":"debug","message":"Query: SELECT \"public\".\"lms_topics\".\"id\", \"public\".\"lms_topics\".\"title\", \"public\".\"lms_topics\".\"order\", \"public\".\"lms_topics\".\"estimatedMinutes\", \"public\".\"lms_topics\".\"videoUrl\", \"public\".\"lms_topics\".\"moduleId\" FROM \"public\".\"lms_topics\" WHERE (\"public\".\"lms_topics\".\"isActive\" = $1 AND \"public\".\"lms_topics\".\"moduleId\" IN ($2)) ORDER BY \"public\".\"lms_topics\".\"order\" ASC OFFSET $3","service":"preplyte-api","timestamp":"2026-02-06 09:37:04"}
{"level":"debug","message":"Params: [true,\"cml94bejx00061360ybgbi4lp\",0]","service":"preplyte-api","timestamp":"2026-02-06 09:37:04"}
{"level":"debug","message":"Duration: 5ms","service":"preplyte-api","timestamp":"2026-02-06 09:37:04"}
{"level":"debug","message":"Query: SELECT \"public\".\"lms_module_tests\".\"id\", \"public\".\"lms_module_tests\".\"title\", \"public\".\"lms_module_tests\".\"instructions\", \"public\".\"lms_module_tests\".\"totalQuestions\", \"public\".\"lms_module_tests\".\"timeLimitMinutes\", \"public\".\"lms_module_tests\".\"passingScore\", \"public\".\"lms_module_tests\".\"maxAttempts\", \"public\".\"lms_module_tests\".\"pointsPerQuestion\", \"public\".\"lms_module_tests\".\"totalPoints\", \"public\".\"lms_module_tests\".\"isActive\", \"public\".\"lms_module_tests\".\"moduleId\" FROM \"public\".\"lms_module_tests\" WHERE \"public\".\"lms_module_tests\".\"moduleId\" IN ($1) OFFSET $2","service":"preplyte-api","timestamp":"2026-02-06 09:37:04"}
{"level":"debug","message":"Params: [\"cml94bejx00061360ybgbi4lp\",0]","service":"preplyte-api","timestamp":"2026-02-06 09:37:04"}
{"level":"debug","message":"Duration: 3ms","service":"preplyte-api","timestamp":"2026-02-06 09:37:04"}
{"level":"debug","message":"Query: SELECT \"public\".\"lms_final_tests\".\"id\", \"public\".\"lms_final_tests\".\"courseId\", \"public\".\"lms_final_tests\".\"title\", \"public\".\"lms_final_tests\".\"instructions\", \"public\".\"lms_final_tests\".\"totalQuestions\", \"public\".\"lms_final_tests\".\"passingScore\", \"public\".\"lms_final_tests\".\"timeLimitMinutes\", \"public\".\"lms_final_tests\".\"pointsPerQuestion\", \"public\".\"lms_final_tests\".\"totalPoints\", \"public\".\"lms_final_tests\".\"maxAttempts\", \"public\".\"lms_final_tests\".\"isActive\", \"public\".\"lms_final_tests\".\"createdAt\", \"public\".\"lms_final_tests\".\"updatedAt\" FROM \"public\".\"lms_final_tests\" WHERE \"public\".\"lms_final_tests\".\"courseId\" IN ($1) OFFSET $2","service":"preplyte-api","timestamp":"2026-02-06 09:37:04"}
{"level":"debug","message":"Params: [\"cml94bejx00051360oftmcm9a\",0]","service":"preplyte-api","timestamp":"2026-02-06 09:37:04"}
{"level":"debug","message":"Duration: 0ms","service":"preplyte-api","timestamp":"2026-02-06 09:37:04"}
{"level":"debug","message":"Query: SELECT \"public\".\"lms_enrollments\".\"id\", \"public\".\"lms_enrollments\".\"userId\", \"public\".\"lms_enrollments\".\"courseId\", \"public\".\"lms_enrollments\".\"status\"::text, \"public\".\"lms_enrollments\".\"completedModules\", \"public\".\"lms_enrollments\".\"completedTopics\", \"public\".\"lms_enrollments\".\"progressPercent\", \"public\".\"lms_enrollments\".\"totalPointsEarned\", \"public\".\"lms_enrollments\".\"moduleTestPointsEarned\", \"public\".\"lms_enrollments\".\"finalTestPointsEarned\", \"public\".\"lms_enrollments\".\"finalTestAttempted\", \"public\".\"lms_enrollments\".\"finalTestPassed\", \"public\".\"lms_enrollments\".\"finalTestScore\", \"public\".\"lms_enrollments\".\"finalTestMarks\", \"public\".\"lms_enrollments\".\"enrolledAt\", \"public\".\"lms_enrollments\".\"startedAt\", \"public\".\"lms_enrollments\".\"completedAt\", \"public\".\"lms_enrollments\".\"lastAccessedAt\", \"public\".\"lms_enrollments\".\"certificateUrl\", \"public\".\"lms_enrollments\".\"certificateIssuedAt\", \"public\".\"lms_enrollments\".\"createdAt\", \"public\".\"lms_enrollments\".\"updatedAt\" FROM \"public\".\"lms_enrollments\" WHERE ((\"public\".\"lms_enrollments\".\"userId\" = $1 AND \"public\".\"lms_enrollments\".\"courseId\" = $2) AND 1=1) LIMIT $3 OFFSET $4","service":"preplyte-api","timestamp":"2026-02-06 09:37:04"}
{"level":"debug","message":"Params: [\"cml92ugqs0007q3oof2k0hw35\",\"cml94bejx00051360oftmcm9a\",1,0]","service":"preplyte-api","timestamp":"2026-02-06 09:37:04"}
{"level":"debug","message":"Duration: 0ms","service":"preplyte-api","timestamp":"2026-02-06 09:37:04"}
{"level":"debug","message":"Query: SELECT \"public\".\"lms_module_progress\".\"id\", \"public\".\"lms_module_progress\".\"userId\", \"public\".\"lms_module_progress\".\"moduleId\", \"public\".\"lms_module_progress\".\"status\"::text, \"public\".\"lms_module_progress\".\"completedTopics\", \"public\".\"lms_module_progress\".\"totalTopics\", \"public\".\"lms_module_progress\".\"progressPercent\", \"public\".\"lms_module_progress\".\"testAttempted\", \"public\".\"lms_module_progress\".\"testPassed\", \"public\".\"lms_module_progress\".\"testScore\", \"public\".\"lms_module_progress\".\"testAttempts\", \"public\".\"lms_module_progress\".\"pointsEarned\", \"public\".\"lms_module_progress\".\"timeSpentMinutes\", \"public\".\"lms_module_progress\".\"startedAt\", \"public\".\"lms_module_progress\".\"completedAt\", \"public\".\"lms_module_progress\".\"createdAt\", \"public\".\"lms_module_progress\".\"updatedAt\" FROM \"public\".\"lms_module_progress\" WHERE (\"public\".\"lms_module_progress\".\"userId\" = $1 AND \"public\".\"lms_module_progress\".\"moduleId\" IN ($2)) OFFSET $3","service":"preplyte-api","timestamp":"2026-02-06 09:37:04"}
{"level":"debug","message":"Params: [\"cml92ugqs0007q3oof2k0hw35\",\"cml94bejx00061360ybgbi4lp\",0]","service":"preplyte-api","timestamp":"2026-02-06 09:37:04"}
{"level":"debug","message":"Duration: 1ms","service":"preplyte-api","timestamp":"2026-02-06 09:37:04"}
{"level":"debug","message":"Query: SELECT \"public\".\"lms_topic_progress\".\"id\", \"public\".\"lms_topic_progress\".\"userId\", \"public\".\"lms_topic_progress\".\"topicId\", \"public\".\"lms_topic_progress\".\"status\"::text, \"public\".\"lms_topic_progress\".\"theoryCompleted\", \"public\".\"lms_topic_progress\".\"videoWatched\", \"public\".\"lms_topic_progress\".\"videoProgress\", \"public\".\"lms_topic_progress\".\"timeSpentMinutes\", \"public\".\"lms_topic_progress\".\"startedAt\", \"public\".\"lms_topic_progress\".\"completedAt\", \"public\".\"lms_topic_progress\".\"createdAt\", \"public\".\"lms_topic_progress\".\"updatedAt\" FROM \"public\".\"lms_topic_progress\" WHERE (\"public\".\"lms_topic_progress\".\"userId\" = $1 AND \"public\".\"lms_topic_progress\".\"topicId\" IN ($2)) OFFSET $3","service":"preplyte-api","timestamp":"2026-02-06 09:37:04"}
{"level":"debug","message":"Params: [\"cml92ugqs0007q3oof2k0hw35\",\"cml94bejy00071360x0i56b1a\",0]","service":"preplyte-api","timestamp":"2026-02-06 09:37:04"}
{"level":"debug","message":"Duration: 1ms","service":"preplyte-api","timestamp":"2026-02-06 09:37:04"}
{"level":"info","message":"\u001b[0mGET /api/lms/courses/java-fullstack \u001b[32m200\u001b[0m 41.416 ms - -\u001b[0m","service":"preplyte-api","timestamp":"2026-02-06 09:37:04"}
{"level":"debug","message":"Query: SELECT \"public\".\"users\".\"id\", \"public\".\"users\".\"email\", \"public\".\"users\".\"role\"::text, \"public\".\"users\".\"instituteId\", \"public\".\"users\".\"isActive\", \"public\".\"users\".\"tokenVersion\" FROM \"public\".\"users\" WHERE (\"public\".\"users\".\"id\" = $1 AND 1=1) LIMIT $2 OFFSET $3","service":"preplyte-api","timestamp":"2026-02-06 09:37:07"}
{"level":"debug","message":"Params: [\"cml92ugqs0007q3oof2k0hw35\",1,0]","service":"preplyte-api","timestamp":"2026-02-06 09:37:07"}
{"level":"debug","message":"Duration: 0ms","service":"preplyte-api","timestamp":"2026-02-06 09:37:07"}
{"level":"debug","message":"Query: SELECT \"public\".\"lms_courses\".\"id\", \"public\".\"lms_courses\".\"title\", \"public\".\"lms_courses\".\"slug\" FROM \"public\".\"lms_courses\" WHERE (\"public\".\"lms_courses\".\"slug\" = $1 AND 1=1) LIMIT $2 OFFSET $3","service":"preplyte-api","timestamp":"2026-02-06 09:37:07"}
{"level":"debug","message":"Params: [\"java-fullstack\",1,0]","service":"preplyte-api","timestamp":"2026-02-06 09:37:07"}
{"level":"debug","message":"Duration: 0ms","service":"preplyte-api","timestamp":"2026-02-06 09:37:07"}
{"level":"debug","message":"Query: SELECT \"public\".\"lms_enrollments\".\"id\", \"public\".\"lms_enrollments\".\"userId\", \"public\".\"lms_enrollments\".\"courseId\", \"public\".\"lms_enrollments\".\"status\"::text, \"public\".\"lms_enrollments\".\"completedModules\", \"public\".\"lms_enrollments\".\"completedTopics\", \"public\".\"lms_enrollments\".\"progressPercent\", \"public\".\"lms_enrollments\".\"totalPointsEarned\", \"public\".\"lms_enrollments\".\"moduleTestPointsEarned\", \"public\".\"lms_enrollments\".\"finalTestPointsEarned\", \"public\".\"lms_enrollments\".\"finalTestAttempted\", \"public\".\"lms_enrollments\".\"finalTestPassed\", \"public\".\"lms_enrollments\".\"finalTestScore\", \"public\".\"lms_enrollments\".\"finalTestMarks\", \"public\".\"lms_enrollments\".\"enrolledAt\", \"public\".\"lms_enrollments\".\"startedAt\", \"public\".\"lms_enrollments\".\"completedAt\", \"public\".\"lms_enrollments\".\"lastAccessedAt\", \"public\".\"lms_enrollments\".\"certificateUrl\", \"public\".\"lms_enrollments\".\"certificateIssuedAt\", \"public\".\"lms_enrollments\".\"createdAt\", \"public\".\"lms_enrollments\".\"updatedAt\" FROM \"public\".\"lms_enrollments\" WHERE ((\"public\".\"lms_enrollments\".\"userId\" = $1 AND \"public\".\"lms_enrollments\".\"courseId\" = $2) AND 1=1) LIMIT $3 OFFSET $4","service":"preplyte-api","timestamp":"2026-02-06 09:37:07"}
{"level":"debug","message":"Params: [\"cml92ugqs0007q3oof2k0hw35\",\"cml94bejx00051360oftmcm9a\",1,0]","service":"preplyte-api","timestamp":"2026-02-06 09:37:07"}
{"level":"debug","message":"Duration: 1ms","service":"preplyte-api","timestamp":"2026-02-06 09:37:07"}
{"level":"debug","message":"Query: SELECT \"public\".\"lms_modules\".\"id\", \"public\".\"lms_modules\".\"courseId\", \"public\".\"lms_modules\".\"title\", \"public\".\"lms_modules\".\"shortDescription\", \"public\".\"lms_modules\".\"description\", \"public\".\"lms_modules\".\"order\", \"public\".\"lms_modules\".\"totalTopics\", \"public\".\"lms_modules\".\"points\", \"public\".\"lms_modules\".\"estimatedMinutes\", \"public\".\"lms_modules\".\"isActive\", \"public\".\"lms_modules\".\"createdAt\", \"public\".\"lms_modules\".\"updatedAt\" FROM \"public\".\"lms_modules\" WHERE (\"public\".\"lms_modules\".\"courseId\" = $1 AND \"public\".\"lms_modules\".\"order\" = $2 AND \"public\".\"lms_modules\".\"isActive\" = $3) LIMIT $4 OFFSET $5","service":"preplyte-api","timestamp":"2026-02-06 09:37:07"}
{"level":"debug","message":"Params: [\"cml94bejx00051360oftmcm9a\",1,true,1,0]","service":"preplyte-api","timestamp":"2026-02-06 09:37:07"}
{"level":"debug","message":"Duration: 0ms","service":"preplyte-api","timestamp":"2026-02-06 09:37:07"}
{"level":"debug","message":"Query: SELECT \"public\".\"lms_topics\".\"id\", \"public\".\"lms_topics\".\"moduleId\", \"public\".\"lms_topics\".\"title\", \"public\".\"lms_topics\".\"description\", \"public\".\"lms_topics\".\"order\", \"public\".\"lms_topics\".\"theoryContent\", \"public\".\"lms_topics\".\"videoUrl\", \"public\".\"lms_topics\".\"videoDuration\", \"public\".\"lms_topics\".\"estimatedMinutes\", \"public\".\"lms_topics\".\"resources\", \"public\".\"lms_topics\".\"isActive\", \"public\".\"lms_topics\".\"createdAt\", \"public\".\"lms_topics\".\"updatedAt\" FROM \"public\".\"lms_topics\" WHERE (\"public\".\"lms_topics\".\"isActive\" = $1 AND \"public\".\"lms_topics\".\"moduleId\" IN ($2)) ORDER BY \"public\".\"lms_topics\".\"order\" ASC OFFSET $3","service":"preplyte-api","timestamp":"2026-02-06 09:37:07"}
{"level":"debug","message":"Params: [true,\"cml94bejx00061360ybgbi4lp\",0]","service":"preplyte-api","timestamp":"2026-02-06 09:37:07"}
{"level":"debug","message":"Duration: 1ms","service":"preplyte-api","timestamp":"2026-02-06 09:37:07"}
{"level":"debug","message":"Query: SELECT \"public\".\"lms_module_tests\".\"id\", \"public\".\"lms_module_tests\".\"moduleId\", \"public\".\"lms_module_tests\".\"title\", \"public\".\"lms_module_tests\".\"instructions\", \"public\".\"lms_module_tests\".\"totalQuestions\", \"public\".\"lms_module_tests\".\"passingScore\", \"public\".\"lms_module_tests\".\"timeLimitMinutes\", \"public\".\"lms_module_tests\".\"maxAttempts\", \"public\".\"lms_module_tests\".\"pointsPerQuestion\", \"public\".\"lms_module_tests\".\"totalPoints\", \"public\".\"lms_module_tests\".\"isActive\", \"public\".\"lms_module_tests\".\"createdAt\", \"public\".\"lms_module_tests\".\"updatedAt\" FROM \"public\".\"lms_module_tests\" WHERE \"public\".\"lms_module_tests\".\"moduleId\" IN ($1) OFFSET $2","service":"preplyte-api","timestamp":"2026-02-06 09:37:07"}
{"level":"debug","message":"Params: [\"cml94bejx00061360ybgbi4lp\",0]","service":"preplyte-api","timestamp":"2026-02-06 09:37:07"}
{"level":"debug","message":"Duration: 1ms","service":"preplyte-api","timestamp":"2026-02-06 09:37:07"}
{"level":"debug","message":"Query: SELECT \"public\".\"lms_module_progress\".\"id\", \"public\".\"lms_module_progress\".\"userId\", \"public\".\"lms_module_progress\".\"moduleId\", \"public\".\"lms_module_progress\".\"status\"::text, \"public\".\"lms_module_progress\".\"completedTopics\", \"public\".\"lms_module_progress\".\"totalTopics\", \"public\".\"lms_module_progress\".\"progressPercent\", \"public\".\"lms_module_progress\".\"testAttempted\", \"public\".\"lms_module_progress\".\"testPassed\", \"public\".\"lms_module_progress\".\"testScore\", \"public\".\"lms_module_progress\".\"testAttempts\", \"public\".\"lms_module_progress\".\"pointsEarned\", \"public\".\"lms_module_progress\".\"timeSpentMinutes\", \"public\".\"lms_module_progress\".\"startedAt\", \"public\".\"lms_module_progress\".\"completedAt\", \"public\".\"lms_module_progress\".\"createdAt\", \"public\".\"lms_module_progress\".\"updatedAt\" FROM \"public\".\"lms_module_progress\" WHERE ((\"public\".\"lms_module_progress\".\"userId\" = $1 AND \"public\".\"lms_module_progress\".\"moduleId\" = $2) AND 1=1) LIMIT $3 OFFSET $4","service":"preplyte-api","timestamp":"2026-02-06 09:37:07"}
{"level":"debug","message":"Params: [\"cml92ugqs0007q3oof2k0hw35\",\"cml94bejx00061360ybgbi4lp\",1,0]","service":"preplyte-api","timestamp":"2026-02-06 09:37:07"}
{"level":"debug","message":"Duration: 1ms","service":"preplyte-api","timestamp":"2026-02-06 09:37:07"}
{"level":"debug","message":"Query: SELECT \"public\".\"lms_topic_progress\".\"id\", \"public\".\"lms_topic_progress\".\"userId\", \"public\".\"lms_topic_progress\".\"topicId\", \"public\".\"lms_topic_progress\".\"status\"::text, \"public\".\"lms_topic_progress\".\"theoryCompleted\", \"public\".\"lms_topic_progress\".\"videoWatched\", \"public\".\"lms_topic_progress\".\"videoProgress\", \"public\".\"lms_topic_progress\".\"timeSpentMinutes\", \"public\".\"lms_topic_progress\".\"startedAt\", \"public\".\"lms_topic_progress\".\"completedAt\", \"public\".\"lms_topic_progress\".\"createdAt\", \"public\".\"lms_topic_progress\".\"updatedAt\" FROM \"public\".\"lms_topic_progress\" WHERE (\"public\".\"lms_topic_progress\".\"userId\" = $1 AND \"public\".\"lms_topic_progress\".\"topicId\" IN ($2)) OFFSET $3","service":"preplyte-api","timestamp":"2026-02-06 09:37:07"}
{"level":"debug","message":"Params: [\"cml92ugqs0007q3oof2k0hw35\",\"cml94bejy00071360x0i56b1a\",0]","service":"preplyte-api","timestamp":"2026-02-06 09:37:07"}
{"level":"debug","message":"Duration: 0ms","service":"preplyte-api","timestamp":"2026-02-06 09:37:07"}
{"level":"info","message":"\u001b[0mGET /api/lms/courses/java-fullstack/modules/1 \u001b[32m200\u001b[0m 32.343 ms - -\u001b[0m","service":"preplyte-api","timestamp":"2026-02-06 09:37:07"}
{"level":"info","message":"\u001b[0mGET /api/lms/courses/java-fullstack/modules/1 \u001b[33m401\u001b[0m 1.241 ms - 108\u001b[0m","service":"preplyte-api","timestamp":"2026-02-06 09:37:14"}
{"level":"debug","message":"Query: SELECT \"public\".\"refresh_tokens\".\"id\", \"public\".\"refresh_tokens\".\"token\", \"public\".\"refresh_tokens\".\"userId\", \"public\".\"refresh_tokens\".\"expiresAt\", \"public\".\"refresh_tokens\".\"revokedAt\", \"public\".\"refresh_tokens\".\"userAgent\", \"public\".\"refresh_tokens\".\"ipAddress\", \"public\".\"refresh_tokens\".\"createdAt\" FROM \"public\".\"refresh_tokens\" WHERE (\"public\".\"refresh_tokens\".\"token\" = $1 AND \"public\".\"refresh_tokens\".\"userId\" = $2) LIMIT $3 OFFSET $4","service":"preplyte-api","timestamp":"2026-02-06 09:37:14"}
{"level":"debug","message":"Params: [\"551ee6d40c98d45385761e4b195af875b287392c44188eab613df9f850829a8a\",\"cml92ugqs0007q3oof2k0hw35\",1,0]","service":"preplyte-api","timestamp":"2026-02-06 09:37:14"}
{"level":"debug","message":"Duration: 0ms","service":"preplyte-api","timestamp":"2026-02-06 09:37:14"}
{"level":"warn","message":"Refresh token reuse detected","revokedAt":"2026-02-06T04:06:19.493Z","service":"preplyte-api","timestamp":"2026-02-06 09:37:14","tokenId":"cmlacggik0001118rxzjosfws","userId":"cml92ugqs0007q3oof2k0hw35"}
{"level":"debug","message":"Query: SELECT 1","service":"preplyte-api","timestamp":"2026-02-06 09:37:14"}
{"level":"debug","message":"Params: []","service":"preplyte-api","timestamp":"2026-02-06 09:37:14"}
{"level":"debug","message":"Duration: 0ms","service":"preplyte-api","timestamp":"2026-02-06 09:37:14"}
{"level":"debug","message":"Query: BEGIN","service":"preplyte-api","timestamp":"2026-02-06 09:37:14"}
{"level":"debug","message":"Params: []","service":"preplyte-api","timestamp":"2026-02-06 09:37:14"}
{"level":"debug","message":"Duration: 0ms","service":"preplyte-api","timestamp":"2026-02-06 09:37:14"}
{"level":"debug","message":"Query: UPDATE \"public\".\"refresh_tokens\" SET \"revokedAt\" = $1 WHERE (\"public\".\"refresh_tokens\".\"userId\" = $2 AND \"public\".\"refresh_tokens\".\"revokedAt\" IS NULL)","service":"preplyte-api","timestamp":"2026-02-06 09:37:14"}
{"level":"debug","message":"Params: [\"2026-02-06 04:07:14.464 UTC\",\"cml92ugqs0007q3oof2k0hw35\"]","service":"preplyte-api","timestamp":"2026-02-06 09:37:14"}
{"level":"debug","message":"Duration: 1ms","service":"preplyte-api","timestamp":"2026-02-06 09:37:14"}
{"level":"debug","message":"Query: COMMIT","service":"preplyte-api","timestamp":"2026-02-06 09:37:14"}
{"level":"debug","message":"Params: []","service":"preplyte-api","timestamp":"2026-02-06 09:37:14"}
{"level":"debug","message":"Duration: 2ms","service":"preplyte-api","timestamp":"2026-02-06 09:37:14"}
{"level":"debug","message":"Query: UPDATE \"public\".\"users\" SET \"tokenVersion\" = (\"public\".\"users\".\"tokenVersion\" + $1), \"updatedAt\" = $2 WHERE (\"public\".\"users\".\"id\" = $3 AND 1=1) RETURNING \"public\".\"users\".\"id\", \"public\".\"users\".\"email\", \"public\".\"users\".\"password\", \"public\".\"users\".\"name\", \"public\".\"users\".\"role\"::text, \"public\".\"users\".\"isActive\", \"public\".\"users\".\"instituteId\", \"public\".\"users\".\"createdAt\", \"public\".\"users\".\"updatedAt\", \"public\".\"users\".\"lastLoginAt\", \"public\".\"users\".\"tokenVersion\"","service":"preplyte-api","timestamp":"2026-02-06 09:37:14"}
{"level":"debug","message":"Params: [1,\"2026-02-06 04:07:14.468 UTC\",\"cml92ugqs0007q3oof2k0hw35\"]","service":"preplyte-api","timestamp":"2026-02-06 09:37:14"}
{"level":"debug","message":"Duration: 9ms","service":"preplyte-api","timestamp":"2026-02-06 09:37:14"}
{"level":"info","message":"User logged out from all devices","service":"preplyte-api","timestamp":"2026-02-06 09:37:14","userId":"cml92ugqs0007q3oof2k0hw35"}
{"code":"UNAUTHORIZED","ip":"127.0.0.1","level":"warn","message":"Operational error Token reuse detected. All sessions have been revoked for security.","method":"POST","path":"/api/auth/refresh","requestId":"mlad6ec8-16291bfcc052475f","service":"preplyte-api","timestamp":"2026-02-06 09:37:14","userAgent":"Mozilla/5.0 (Windows NT 10.0; Win64; x64) AppleWebKit/537.36 (KHTML, like Gecko) Chrome/144.0.0.0 Safari/537.36 Edg/144.0.0.0"}
{"level":"info","message":"\u001b[0mPOST /api/auth/refresh \u001b[33m401\u001b[0m 27.336 ms - 168\u001b[0m","service":"preplyte-api","timestamp":"2026-02-06 09:37:14"}
{"level":"info","message":"\u001b[0mGET /api/lms/courses/java-fullstack/modules/1 \u001b[33m401\u001b[0m 1.468 ms - 85\u001b[0m","service":"preplyte-api","timestamp":"2026-02-06 09:37:15"}
{"level":"debug","message":"Query: SELECT 1","service":"preplyte-api","timestamp":"2026-02-06 09:37:29"}
{"level":"debug","message":"Params: []","service":"preplyte-api","timestamp":"2026-02-06 09:37:29"}
{"level":"debug","message":"Duration: 0ms","service":"preplyte-api","timestamp":"2026-02-06 09:37:29"}
{"level":"debug","message":"Query: SELECT \"public\".\"users\".\"id\", \"public\".\"users\".\"email\", \"public\".\"users\".\"password\", \"public\".\"users\".\"name\", \"public\".\"users\".\"role\"::text, \"public\".\"users\".\"isActive\", \"public\".\"users\".\"instituteId\", \"public\".\"users\".\"createdAt\", \"public\".\"users\".\"updatedAt\", \"public\".\"users\".\"lastLoginAt\", \"public\".\"users\".\"tokenVersion\" FROM \"public\".\"users\" WHERE (\"public\".\"users\".\"email\" = $1 AND 1=1) LIMIT $2 OFFSET $3","service":"preplyte-api","timestamp":"2026-02-06 09:37:29"}
{"level":"debug","message":"Params: [\"vicharekartik2004@gmail.com\",1,0]","service":"preplyte-api","timestamp":"2026-02-06 09:37:29"}
{"level":"debug","message":"Duration: 1ms","service":"preplyte-api","timestamp":"2026-02-06 09:37:29"}
{"level":"debug","message":"Query: SELECT 1","service":"preplyte-api","timestamp":"2026-02-06 09:37:30"}
{"level":"debug","message":"Params: []","service":"preplyte-api","timestamp":"2026-02-06 09:37:30"}
{"level":"debug","message":"Duration: 0ms","service":"preplyte-api","timestamp":"2026-02-06 09:37:30"}
{"level":"debug","message":"Query: UPDATE \"public\".\"users\" SET \"lastLoginAt\" = $1, \"updatedAt\" = $2 WHERE (\"public\".\"users\".\"id\" = $3 AND 1=1) RETURNING \"public\".\"users\".\"id\", \"public\".\"users\".\"email\", \"public\".\"users\".\"password\", \"public\".\"users\".\"name\", \"public\".\"users\".\"role\"::text, \"public\".\"users\".\"isActive\", \"public\".\"users\".\"instituteId\", \"public\".\"users\".\"createdAt\", \"public\".\"users\".\"updatedAt\", \"public\".\"users\".\"lastLoginAt\", \"public\".\"users\".\"tokenVersion\"","service":"preplyte-api","timestamp":"2026-02-06 09:37:30"}
{"level":"debug","message":"Params: [\"2026-02-06 04:07:30.644 UTC\",\"2026-02-06 04:07:30.649 UTC\",\"cml92ugqs0007q3oof2k0hw35\"]","service":"preplyte-api","timestamp":"2026-02-06 09:37:30"}
{"level":"debug","message":"Duration: 2ms","service":"preplyte-api","timestamp":"2026-02-06 09:37:30"}
{"level":"debug","message":"Query: INSERT INTO \"public\".\"refresh_tokens\" (\"id\",\"token\",\"userId\",\"expiresAt\",\"createdAt\") VALUES ($1,$2,$3,$4,$5) RETURNING \"public\".\"refresh_tokens\".\"id\", \"public\".\"refresh_tokens\".\"token\", \"public\".\"refresh_tokens\".\"userId\", \"public\".\"refresh_tokens\".\"expiresAt\", \"public\".\"refresh_tokens\".\"revokedAt\", \"public\".\"refresh_tokens\".\"userAgent\", \"public\".\"refresh_tokens\".\"ipAddress\", \"public\".\"refresh_tokens\".\"createdAt\"","service":"preplyte-api","timestamp":"2026-02-06 09:37:30"}
{"level":"debug","message":"Params: [\"cmlad6qu1000fnmfrt3uao5hl\",\"d139e32dec03211b07b1f8dd43fcf898304e9a8faa52b86a41995808a317d82a\",\"cml92ugqs0007q3oof2k0hw35\",\"2026-02-13 04:07:30.643 UTC\",\"2026-02-06 04:07:30.649 UTC\"]","service":"preplyte-api","timestamp":"2026-02-06 09:37:30"}
{"level":"debug","message":"Duration: 4ms","service":"preplyte-api","timestamp":"2026-02-06 09:37:30"}
{"level":"info","message":"User logged in","service":"preplyte-api","timestamp":"2026-02-06 09:37:30","userId":"cml92ugqs0007q3oof2k0hw35"}
{"level":"info","message":"\u001b[0mPOST /api/auth/login \u001b[32m200\u001b[0m 768.960 ms - 920\u001b[0m","service":"preplyte-api","timestamp":"2026-02-06 09:37:30"}
{"level":"debug","message":"Query: SELECT 1","service":"preplyte-api","timestamp":"2026-02-06 09:37:45"}
{"level":"debug","message":"Params: []","service":"preplyte-api","timestamp":"2026-02-06 09:37:45"}
{"level":"debug","message":"Duration: 0ms","service":"preplyte-api","timestamp":"2026-02-06 09:37:45"}
{"level":"debug","message":"Query: SELECT \"public\".\"lms_categories\".\"id\", \"public\".\"lms_categories\".\"name\", \"public\".\"lms_categories\".\"slug\", \"public\".\"lms_categories\".\"description\", \"public\".\"lms_categories\".\"iconUrl\", \"public\".\"lms_categories\".\"order\", \"public\".\"lms_categories\".\"isActive\", \"public\".\"lms_categories\".\"createdAt\", \"public\".\"lms_categories\".\"updatedAt\", COALESCE(\"aggr_selection_0_LmsCourse\".\"_aggr_count_courses\", 0) AS \"_aggr_count_courses\" FROM \"public\".\"lms_categories\" LEFT JOIN (SELECT \"public\".\"lms_courses\".\"categoryId\", COUNT(*) AS \"_aggr_count_courses\" FROM \"public\".\"lms_courses\" WHERE (\"public\".\"lms_courses\".\"status\" = CAST($1::text AS \"public\".\"LmsCourseStatus\") AND \"public\".\"lms_courses\".\"isActive\" = $2) GROUP BY \"public\".\"lms_courses\".\"categoryId\") AS \"aggr_selection_0_LmsCourse\" ON (\"public\".\"lms_categories\".\"id\" = \"aggr_selection_0_LmsCourse\".\"categoryId\") WHERE \"public\".\"lms_categories\".\"isActive\" = $3 ORDER BY \"public\".\"lms_categories\".\"order\" ASC OFFSET $4","service":"preplyte-api","timestamp":"2026-02-06 09:37:45"}
{"level":"debug","message":"Params: [\"PUBLISHED\",true,true,0]","service":"preplyte-api","timestamp":"2026-02-06 09:37:45"}
{"level":"debug","message":"Duration: 8ms","service":"preplyte-api","timestamp":"2026-02-06 09:37:45"}
{"level":"info","message":"\u001b[0mGET /api/lms/categories \u001b[36m304\u001b[0m 13.693 ms - -\u001b[0m","service":"preplyte-api","timestamp":"2026-02-06 09:37:45"}
{"level":"debug","message":"Query: SELECT 1","service":"preplyte-api","timestamp":"2026-02-06 09:37:45"}
{"level":"debug","message":"Params: []","service":"preplyte-api","timestamp":"2026-02-06 09:37:45"}
{"level":"debug","message":"Duration: 0ms","service":"preplyte-api","timestamp":"2026-02-06 09:37:45"}
{"level":"debug","message":"Query: SELECT 1","service":"preplyte-api","timestamp":"2026-02-06 09:37:45"}
{"level":"debug","message":"Params: []","service":"preplyte-api","timestamp":"2026-02-06 09:37:45"}
{"level":"debug","message":"Duration: 0ms","service":"preplyte-api","timestamp":"2026-02-06 09:37:45"}
{"level":"debug","message":"Query: SELECT COUNT(*), \"public\".\"lms_enrollments\".\"userId\" FROM \"public\".\"lms_enrollments\" WHERE 1=1 GROUP BY \"public\".\"lms_enrollments\".\"userId\" OFFSET $1","service":"preplyte-api","timestamp":"2026-02-06 09:37:45"}
{"level":"debug","message":"Params: [0]","service":"preplyte-api","timestamp":"2026-02-06 09:37:45"}
{"level":"debug","message":"Duration: 0ms","service":"preplyte-api","timestamp":"2026-02-06 09:37:45"}
{"level":"debug","message":"Query: SELECT COUNT(*) FROM (SELECT \"public\".\"lms_courses\".\"id\" FROM \"public\".\"lms_courses\" WHERE (\"public\".\"lms_courses\".\"status\" = CAST($1::text AS \"public\".\"LmsCourseStatus\") AND \"public\".\"lms_courses\".\"isActive\" = $2) OFFSET $3) AS \"sub\"","service":"preplyte-api","timestamp":"2026-02-06 09:37:45"}
{"level":"debug","message":"Params: [\"PUBLISHED\",true,0]","service":"preplyte-api","timestamp":"2026-02-06 09:37:45"}
{"level":"debug","message":"Duration: 0ms","service":"preplyte-api","timestamp":"2026-02-06 09:37:45"}
{"level":"debug","message":"Query: SELECT AVG(\"progressPercent\") FROM (SELECT \"public\".\"lms_enrollments\".\"progressPercent\" FROM \"public\".\"lms_enrollments\" WHERE \"public\".\"lms_enrollments\".\"status\" = CAST($1::text AS \"public\".\"LmsEnrollmentStatus\") OFFSET $2) AS \"sub\"","service":"preplyte-api","timestamp":"2026-02-06 09:37:45"}
{"level":"debug","message":"Params: [\"COMPLETED\",0]","service":"preplyte-api","timestamp":"2026-02-06 09:37:45"}
{"level":"debug","message":"Duration: 0ms","service":"preplyte-api","timestamp":"2026-02-06 09:37:45"}
{"level":"debug","message":"Query: SELECT \"public\".\"lms_courses\".\"id\", \"public\".\"lms_courses\".\"instructor\" FROM \"public\".\"lms_courses\" WHERE (\"public\".\"lms_courses\".\"status\" = CAST($1::text AS \"public\".\"LmsCourseStatus\") AND \"public\".\"lms_courses\".\"isActive\" = $2) OFFSET $3","service":"preplyte-api","timestamp":"2026-02-06 09:37:45"}
{"level":"debug","message":"Params: [\"PUBLISHED\",true,0]","service":"preplyte-api","timestamp":"2026-02-06 09:37:45"}
{"level":"debug","message":"Duration: 1ms","service":"preplyte-api","timestamp":"2026-02-06 09:37:45"}
{"level":"info","message":"\u001b[0mGET /api/lms/stats \u001b[36m304\u001b[0m 13.827 ms - -\u001b[0m","service":"preplyte-api","timestamp":"2026-02-06 09:37:45"}
{"level":"debug","message":"Query: SELECT \"public\".\"users\".\"id\", \"public\".\"users\".\"email\", \"public\".\"users\".\"role\"::text, \"public\".\"users\".\"instituteId\", \"public\".\"users\".\"isActive\", \"public\".\"users\".\"tokenVersion\" FROM \"public\".\"users\" WHERE (\"public\".\"users\".\"id\" = $1 AND 1=1) LIMIT $2 OFFSET $3","service":"preplyte-api","timestamp":"2026-02-06 09:37:45"}
{"level":"debug","message":"Params: [\"cml92ugqs0007q3oof2k0hw35\",1,0]","service":"preplyte-api","timestamp":"2026-02-06 09:37:45"}
{"level":"debug","message":"Duration: 1ms","service":"preplyte-api","timestamp":"2026-02-06 09:37:45"}
{"level":"debug","message":"Query: SELECT \"public\".\"lms_enrollments\".\"id\", \"public\".\"lms_enrollments\".\"courseId\", \"public\".\"lms_enrollments\".\"progressPercent\" FROM \"public\".\"lms_enrollments\" WHERE \"public\".\"lms_enrollments\".\"userId\" = $1 OFFSET $2","service":"preplyte-api","timestamp":"2026-02-06 09:37:45"}
{"level":"debug","message":"Params: [\"cml92ugqs0007q3oof2k0hw35\",0]","service":"preplyte-api","timestamp":"2026-02-06 09:37:45"}
{"level":"debug","message":"Duration: 1ms","service":"preplyte-api","timestamp":"2026-02-06 09:37:45"}
{"level":"debug","message":"Query: SELECT COUNT(*) FROM (SELECT \"public\".\"lms_courses\".\"id\" FROM \"public\".\"lms_courses\" WHERE (\"public\".\"lms_courses\".\"status\" = CAST($1::text AS \"public\".\"LmsCourseStatus\") AND \"public\".\"lms_courses\".\"isActive\" = $2) OFFSET $3) AS \"sub\"","service":"preplyte-api","timestamp":"2026-02-06 09:37:45"}
{"level":"debug","message":"Params: [\"PUBLISHED\",true,0]","service":"preplyte-api","timestamp":"2026-02-06 09:37:45"}
{"level":"debug","message":"Duration: 0ms","service":"preplyte-api","timestamp":"2026-02-06 09:37:45"}
{"level":"debug","message":"Query: SELECT \"public\".\"lms_courses\".\"id\", \"public\".\"lms_courses\".\"categoryId\", \"public\".\"lms_courses\".\"title\", \"public\".\"lms_courses\".\"slug\", \"public\".\"lms_courses\".\"shortDescription\", \"public\".\"lms_courses\".\"description\", \"public\".\"lms_courses\".\"thumbnailUrl\", \"public\".\"lms_courses\".\"previewVideoUrl\", \"public\".\"lms_courses\".\"totalModules\", \"public\".\"lms_courses\".\"totalTopics\", \"public\".\"lms_courses\".\"totalPoints\", \"public\".\"lms_courses\".\"totalHours\", \"public\".\"lms_courses\".\"price\", \"public\".\"lms_courses\".\"discountPrice\", \"public\".\"lms_courses\".\"currency\", \"public\".\"lms_courses\".\"status\"::text, \"public\".\"lms_courses\".\"isActive\", \"public\".\"lms_courses\".\"certificateEnabled\", \"public\".\"lms_courses\".\"passingPercentage\", \"public\".\"lms_courses\".\"tags\", \"public\".\"lms_courses\".\"difficulty\"::text, \"public\".\"lms_courses\".\"instructor\", \"public\".\"lms_courses\".\"language\", \"public\".\"lms_courses\".\"createdAt\", \"public\".\"lms_courses\".\"updatedAt\", \"public\".\"lms_courses\".\"publishedAt\" FROM \"public\".\"lms_courses\" LEFT JOIN (SELECT \"public\".\"lms_enrollments\".\"courseId\", COUNT(*) AS \"orderby_aggregator\" FROM \"public\".\"lms_enrollments\" WHERE 1=1 GROUP BY \"public\".\"lms_enrollments\".\"courseId\") AS \"orderby_1_LmsEnrollment\" ON (\"public\".\"lms_courses\".\"id\" = \"orderby_1_LmsEnrollment\".\"courseId\") WHERE (\"public\".\"lms_courses\".\"status\" = CAST($1::text AS \"public\".\"LmsCourseStatus\") AND \"public\".\"lms_courses\".\"isActive\" = $2) ORDER BY COALESCE(\"orderby_1_LmsEnrollment\".\"orderby_aggregator\", $3) DESC LIMIT $4 OFFSET $5","service":"preplyte-api","timestamp":"2026-02-06 09:37:45"}
{"level":"debug","message":"Params: [\"PUBLISHED\",true,0,12,0]","service":"preplyte-api","timestamp":"2026-02-06 09:37:45"}
{"level":"debug","message":"Duration: 9ms","service":"preplyte-api","timestamp":"2026-02-06 09:37:45"}
{"level":"debug","message":"Query: SELECT \"public\".\"lms_categories\".\"id\", \"public\".\"lms_categories\".\"name\", \"public\".\"lms_categories\".\"slug\" FROM \"public\".\"lms_categories\" WHERE \"public\".\"lms_categories\".\"id\" IN ($1) OFFSET $2","service":"preplyte-api","timestamp":"2026-02-06 09:37:45"}
{"level":"debug","message":"Params: [\"cml92k1i3000017d0bq70mkrl\",0]","service":"preplyte-api","timestamp":"2026-02-06 09:37:45"}
{"level":"debug","message":"Duration: 6ms","service":"preplyte-api","timestamp":"2026-02-06 09:37:45"}
{"level":"info","message":"\u001b[0mGET /api/lms/courses?page=1&limit=12&priceRange=all&sortBy=popular&search= \u001b[32m200\u001b[0m 32.113 ms - -\u001b[0m","service":"preplyte-api","timestamp":"2026-02-06 09:37:45"}
{"level":"debug","message":"Query: SELECT \"public\".\"users\".\"id\", \"public\".\"users\".\"email\", \"public\".\"users\".\"role\"::text, \"public\".\"users\".\"instituteId\", \"public\".\"users\".\"isActive\", \"public\".\"users\".\"tokenVersion\" FROM \"public\".\"users\" WHERE (\"public\".\"users\".\"id\" = $1 AND 1=1) LIMIT $2 OFFSET $3","service":"preplyte-api","timestamp":"2026-02-06 09:37:48"}
{"level":"debug","message":"Params: [\"cml92ugqs0007q3oof2k0hw35\",1,0]","service":"preplyte-api","timestamp":"2026-02-06 09:37:48"}
{"level":"debug","message":"Duration: 5ms","service":"preplyte-api","timestamp":"2026-02-06 09:37:48"}
{"level":"debug","message":"Query: SELECT \"public\".\"lms_courses\".\"id\", \"public\".\"lms_courses\".\"categoryId\", \"public\".\"lms_courses\".\"title\", \"public\".\"lms_courses\".\"slug\", \"public\".\"lms_courses\".\"shortDescription\", \"public\".\"lms_courses\".\"description\", \"public\".\"lms_courses\".\"thumbnailUrl\", \"public\".\"lms_courses\".\"previewVideoUrl\", \"public\".\"lms_courses\".\"totalModules\", \"public\".\"lms_courses\".\"totalTopics\", \"public\".\"lms_courses\".\"totalPoints\", \"public\".\"lms_courses\".\"totalHours\", \"public\".\"lms_courses\".\"price\", \"public\".\"lms_courses\".\"discountPrice\", \"public\".\"lms_courses\".\"currency\", \"public\".\"lms_courses\".\"status\"::text, \"public\".\"lms_courses\".\"isActive\", \"public\".\"lms_courses\".\"certificateEnabled\", \"public\".\"lms_courses\".\"passingPercentage\", \"public\".\"lms_courses\".\"tags\", \"public\".\"lms_courses\".\"difficulty\"::text, \"public\".\"lms_courses\".\"instructor\", \"public\".\"lms_courses\".\"language\", \"public\".\"lms_courses\".\"createdAt\", \"public\".\"lms_courses\".\"updatedAt\", \"public\".\"lms_courses\".\"publishedAt\" FROM \"public\".\"lms_courses\" WHERE (\"public\".\"lms_courses\".\"slug\" = $1 AND 1=1) LIMIT $2 OFFSET $3","service":"preplyte-api","timestamp":"2026-02-06 09:37:48"}
{"level":"debug","message":"Params: [\"java-fullstack\",1,0]","service":"preplyte-api","timestamp":"2026-02-06 09:37:48"}
{"level":"debug","message":"Duration: 1ms","service":"preplyte-api","timestamp":"2026-02-06 09:37:48"}
{"level":"debug","message":"Query: SELECT \"public\".\"lms_categories\".\"id\", \"public\".\"lms_categories\".\"name\", \"public\".\"lms_categories\".\"slug\", \"public\".\"lms_categories\".\"description\", \"public\".\"lms_categories\".\"iconUrl\", \"public\".\"lms_categories\".\"order\", \"public\".\"lms_categories\".\"isActive\", \"public\".\"lms_categories\".\"createdAt\", \"public\".\"lms_categories\".\"updatedAt\" FROM \"public\".\"lms_categories\" WHERE \"public\".\"lms_categories\".\"id\" IN ($1) OFFSET $2","service":"preplyte-api","timestamp":"2026-02-06 09:37:48"}
{"level":"debug","message":"Params: [\"cml92k1i3000017d0bq70mkrl\",0]","service":"preplyte-api","timestamp":"2026-02-06 09:37:48"}
{"level":"debug","message":"Duration: 0ms","service":"preplyte-api","timestamp":"2026-02-06 09:37:48"}
{"level":"debug","message":"Query: SELECT \"public\".\"lms_modules\".\"id\", \"public\".\"lms_modules\".\"courseId\", \"public\".\"lms_modules\".\"title\", \"public\".\"lms_modules\".\"shortDescription\", \"public\".\"lms_modules\".\"description\", \"public\".\"lms_modules\".\"order\", \"public\".\"lms_modules\".\"totalTopics\", \"public\".\"lms_modules\".\"points\", \"public\".\"lms_modules\".\"estimatedMinutes\", \"public\".\"lms_modules\".\"isActive\", \"public\".\"lms_modules\".\"createdAt\", \"public\".\"lms_modules\".\"updatedAt\" FROM \"public\".\"lms_modules\" WHERE (\"public\".\"lms_modules\".\"isActive\" = $1 AND \"public\".\"lms_modules\".\"courseId\" IN ($2)) ORDER BY \"public\".\"lms_modules\".\"order\" ASC OFFSET $3","service":"preplyte-api","timestamp":"2026-02-06 09:37:48"}
{"level":"debug","message":"Params: [true,\"cml94bejx00051360oftmcm9a\",0]","service":"preplyte-api","timestamp":"2026-02-06 09:37:48"}
{"level":"debug","message":"Duration: 5ms","service":"preplyte-api","timestamp":"2026-02-06 09:37:48"}
{"level":"debug","message":"Query: SELECT \"public\".\"lms_topics\".\"id\", \"public\".\"lms_topics\".\"title\", \"public\".\"lms_topics\".\"order\", \"public\".\"lms_topics\".\"estimatedMinutes\", \"public\".\"lms_topics\".\"videoUrl\", \"public\".\"lms_topics\".\"moduleId\" FROM \"public\".\"lms_topics\" WHERE (\"public\".\"lms_topics\".\"isActive\" = $1 AND \"public\".\"lms_topics\".\"moduleId\" IN ($2)) ORDER BY \"public\".\"lms_topics\".\"order\" ASC OFFSET $3","service":"preplyte-api","timestamp":"2026-02-06 09:37:48"}
{"level":"debug","message":"Params: [true,\"cml94bejx00061360ybgbi4lp\",0]","service":"preplyte-api","timestamp":"2026-02-06 09:37:48"}
{"level":"debug","message":"Duration: 5ms","service":"preplyte-api","timestamp":"2026-02-06 09:37:48"}
{"level":"debug","message":"Query: SELECT \"public\".\"lms_module_tests\".\"id\", \"public\".\"lms_module_tests\".\"title\", \"public\".\"lms_module_tests\".\"instructions\", \"public\".\"lms_module_tests\".\"totalQuestions\", \"public\".\"lms_module_tests\".\"timeLimitMinutes\", \"public\".\"lms_module_tests\".\"passingScore\", \"public\".\"lms_module_tests\".\"maxAttempts\", \"public\".\"lms_module_tests\".\"pointsPerQuestion\", \"public\".\"lms_module_tests\".\"totalPoints\", \"public\".\"lms_module_tests\".\"isActive\", \"public\".\"lms_module_tests\".\"moduleId\" FROM \"public\".\"lms_module_tests\" WHERE \"public\".\"lms_module_tests\".\"moduleId\" IN ($1) OFFSET $2","service":"preplyte-api","timestamp":"2026-02-06 09:37:48"}
{"level":"debug","message":"Params: [\"cml94bejx00061360ybgbi4lp\",0]","service":"preplyte-api","timestamp":"2026-02-06 09:37:48"}
{"level":"debug","message":"Duration: 3ms","service":"preplyte-api","timestamp":"2026-02-06 09:37:48"}
{"level":"debug","message":"Query: SELECT \"public\".\"lms_final_tests\".\"id\", \"public\".\"lms_final_tests\".\"courseId\", \"public\".\"lms_final_tests\".\"title\", \"public\".\"lms_final_tests\".\"instructions\", \"public\".\"lms_final_tests\".\"totalQuestions\", \"public\".\"lms_final_tests\".\"passingScore\", \"public\".\"lms_final_tests\".\"timeLimitMinutes\", \"public\".\"lms_final_tests\".\"pointsPerQuestion\", \"public\".\"lms_final_tests\".\"totalPoints\", \"public\".\"lms_final_tests\".\"maxAttempts\", \"public\".\"lms_final_tests\".\"isActive\", \"public\".\"lms_final_tests\".\"createdAt\", \"public\".\"lms_final_tests\".\"updatedAt\" FROM \"public\".\"lms_final_tests\" WHERE \"public\".\"lms_final_tests\".\"courseId\" IN ($1) OFFSET $2","service":"preplyte-api","timestamp":"2026-02-06 09:37:48"}
{"level":"debug","message":"Params: [\"cml94bejx00051360oftmcm9a\",0]","service":"preplyte-api","timestamp":"2026-02-06 09:37:48"}
{"level":"debug","message":"Duration: 3ms","service":"preplyte-api","timestamp":"2026-02-06 09:37:48"}
{"level":"debug","message":"Query: SELECT \"public\".\"lms_enrollments\".\"id\", \"public\".\"lms_enrollments\".\"userId\", \"public\".\"lms_enrollments\".\"courseId\", \"public\".\"lms_enrollments\".\"status\"::text, \"public\".\"lms_enrollments\".\"completedModules\", \"public\".\"lms_enrollments\".\"completedTopics\", \"public\".\"lms_enrollments\".\"progressPercent\", \"public\".\"lms_enrollments\".\"totalPointsEarned\", \"public\".\"lms_enrollments\".\"moduleTestPointsEarned\", \"public\".\"lms_enrollments\".\"finalTestPointsEarned\", \"public\".\"lms_enrollments\".\"finalTestAttempted\", \"public\".\"lms_enrollments\".\"finalTestPassed\", \"public\".\"lms_enrollments\".\"finalTestScore\", \"public\".\"lms_enrollments\".\"finalTestMarks\", \"public\".\"lms_enrollments\".\"enrolledAt\", \"public\".\"lms_enrollments\".\"startedAt\", \"public\".\"lms_enrollments\".\"completedAt\", \"public\".\"lms_enrollments\".\"lastAccessedAt\", \"public\".\"lms_enrollments\".\"certificateUrl\", \"public\".\"lms_enrollments\".\"certificateIssuedAt\", \"public\".\"lms_enrollments\".\"createdAt\", \"public\".\"lms_enrollments\".\"updatedAt\" FROM \"public\".\"lms_enrollments\" WHERE ((\"public\".\"lms_enrollments\".\"userId\" = $1 AND \"public\".\"lms_enrollments\".\"courseId\" = $2) AND 1=1) LIMIT $3 OFFSET $4","service":"preplyte-api","timestamp":"2026-02-06 09:37:48"}
{"level":"debug","message":"Params: [\"cml92ugqs0007q3oof2k0hw35\",\"cml94bejx00051360oftmcm9a\",1,0]","service":"preplyte-api","timestamp":"2026-02-06 09:37:48"}
{"level":"debug","message":"Duration: 1ms","service":"preplyte-api","timestamp":"2026-02-06 09:37:48"}
{"level":"debug","message":"Query: SELECT \"public\".\"lms_module_progress\".\"id\", \"public\".\"lms_module_progress\".\"userId\", \"public\".\"lms_module_progress\".\"moduleId\", \"public\".\"lms_module_progress\".\"status\"::text, \"public\".\"lms_module_progress\".\"completedTopics\", \"public\".\"lms_module_progress\".\"totalTopics\", \"public\".\"lms_module_progress\".\"progressPercent\", \"public\".\"lms_module_progress\".\"testAttempted\", \"public\".\"lms_module_progress\".\"testPassed\", \"public\".\"lms_module_progress\".\"testScore\", \"public\".\"lms_module_progress\".\"testAttempts\", \"public\".\"lms_module_progress\".\"pointsEarned\", \"public\".\"lms_module_progress\".\"timeSpentMinutes\", \"public\".\"lms_module_progress\".\"startedAt\", \"public\".\"lms_module_progress\".\"completedAt\", \"public\".\"lms_module_progress\".\"createdAt\", \"public\".\"lms_module_progress\".\"updatedAt\" FROM \"public\".\"lms_module_progress\" WHERE (\"public\".\"lms_module_progress\".\"userId\" = $1 AND \"public\".\"lms_module_progress\".\"moduleId\" IN ($2)) OFFSET $3","service":"preplyte-api","timestamp":"2026-02-06 09:37:48"}
{"level":"debug","message":"Params: [\"cml92ugqs0007q3oof2k0hw35\",\"cml94bejx00061360ybgbi4lp\",0]","service":"preplyte-api","timestamp":"2026-02-06 09:37:48"}
{"level":"debug","message":"Duration: 5ms","service":"preplyte-api","timestamp":"2026-02-06 09:37:48"}
{"level":"debug","message":"Query: SELECT \"public\".\"lms_topic_progress\".\"id\", \"public\".\"lms_topic_progress\".\"userId\", \"public\".\"lms_topic_progress\".\"topicId\", \"public\".\"lms_topic_progress\".\"status\"::text, \"public\".\"lms_topic_progress\".\"theoryCompleted\", \"public\".\"lms_topic_progress\".\"videoWatched\", \"public\".\"lms_topic_progress\".\"videoProgress\", \"public\".\"lms_topic_progress\".\"timeSpentMinutes\", \"public\".\"lms_topic_progress\".\"startedAt\", \"public\".\"lms_topic_progress\".\"completedAt\", \"public\".\"lms_topic_progress\".\"createdAt\", \"public\".\"lms_topic_progress\".\"updatedAt\" FROM \"public\".\"lms_topic_progress\" WHERE (\"public\".\"lms_topic_progress\".\"userId\" = $1 AND \"public\".\"lms_topic_progress\".\"topicId\" IN ($2)) OFFSET $3","service":"preplyte-api","timestamp":"2026-02-06 09:37:48"}
{"level":"debug","message":"Params: [\"cml92ugqs0007q3oof2k0hw35\",\"cml94bejy00071360x0i56b1a\",0]","service":"preplyte-api","timestamp":"2026-02-06 09:37:48"}
{"level":"debug","message":"Duration: 3ms","service":"preplyte-api","timestamp":"2026-02-06 09:37:48"}
{"level":"info","message":"\u001b[0mGET /api/lms/courses/java-fullstack \u001b[36m304\u001b[0m 64.223 ms - -\u001b[0m","service":"preplyte-api","timestamp":"2026-02-06 09:37:48"}
{"level":"debug","message":"Query: SELECT \"public\".\"users\".\"id\", \"public\".\"users\".\"email\", \"public\".\"users\".\"role\"::text, \"public\".\"users\".\"instituteId\", \"public\".\"users\".\"isActive\", \"public\".\"users\".\"tokenVersion\" FROM \"public\".\"users\" WHERE (\"public\".\"users\".\"id\" = $1 AND 1=1) LIMIT $2 OFFSET $3","service":"preplyte-api","timestamp":"2026-02-06 09:37:52"}
{"level":"debug","message":"Params: [\"cml92ugqs0007q3oof2k0hw35\",1,0]","service":"preplyte-api","timestamp":"2026-02-06 09:37:52"}
{"level":"debug","message":"Duration: 0ms","service":"preplyte-api","timestamp":"2026-02-06 09:37:52"}
{"level":"debug","message":"Query: SELECT \"public\".\"lms_courses\".\"id\", \"public\".\"lms_courses\".\"title\", \"public\".\"lms_courses\".\"slug\" FROM \"public\".\"lms_courses\" WHERE (\"public\".\"lms_courses\".\"slug\" = $1 AND 1=1) LIMIT $2 OFFSET $3","service":"preplyte-api","timestamp":"2026-02-06 09:37:52"}
{"level":"debug","message":"Params: [\"java-fullstack\",1,0]","service":"preplyte-api","timestamp":"2026-02-06 09:37:52"}
{"level":"debug","message":"Duration: 0ms","service":"preplyte-api","timestamp":"2026-02-06 09:37:52"}
{"level":"debug","message":"Query: SELECT \"public\".\"lms_enrollments\".\"id\", \"public\".\"lms_enrollments\".\"userId\", \"public\".\"lms_enrollments\".\"courseId\", \"public\".\"lms_enrollments\".\"status\"::text, \"public\".\"lms_enrollments\".\"completedModules\", \"public\".\"lms_enrollments\".\"completedTopics\", \"public\".\"lms_enrollments\".\"progressPercent\", \"public\".\"lms_enrollments\".\"totalPointsEarned\", \"public\".\"lms_enrollments\".\"moduleTestPointsEarned\", \"public\".\"lms_enrollments\".\"finalTestPointsEarned\", \"public\".\"lms_enrollments\".\"finalTestAttempted\", \"public\".\"lms_enrollments\".\"finalTestPassed\", \"public\".\"lms_enrollments\".\"finalTestScore\", \"public\".\"lms_enrollments\".\"finalTestMarks\", \"public\".\"lms_enrollments\".\"enrolledAt\", \"public\".\"lms_enrollments\".\"startedAt\", \"public\".\"lms_enrollments\".\"completedAt\", \"public\".\"lms_enrollments\".\"lastAccessedAt\", \"public\".\"lms_enrollments\".\"certificateUrl\", \"public\".\"lms_enrollments\".\"certificateIssuedAt\", \"public\".\"lms_enrollments\".\"createdAt\", \"public\".\"lms_enrollments\".\"updatedAt\" FROM \"public\".\"lms_enrollments\" WHERE ((\"public\".\"lms_enrollments\".\"userId\" = $1 AND \"public\".\"lms_enrollments\".\"courseId\" = $2) AND 1=1) LIMIT $3 OFFSET $4","service":"preplyte-api","timestamp":"2026-02-06 09:37:52"}
{"level":"debug","message":"Params: [\"cml92ugqs0007q3oof2k0hw35\",\"cml94bejx00051360oftmcm9a\",1,0]","service":"preplyte-api","timestamp":"2026-02-06 09:37:52"}
{"level":"debug","message":"Duration: 0ms","service":"preplyte-api","timestamp":"2026-02-06 09:37:52"}
{"level":"debug","message":"Query: SELECT \"public\".\"lms_modules\".\"id\", \"public\".\"lms_modules\".\"courseId\", \"public\".\"lms_modules\".\"title\", \"public\".\"lms_modules\".\"shortDescription\", \"public\".\"lms_modules\".\"description\", \"public\".\"lms_modules\".\"order\", \"public\".\"lms_modules\".\"totalTopics\", \"public\".\"lms_modules\".\"points\", \"public\".\"lms_modules\".\"estimatedMinutes\", \"public\".\"lms_modules\".\"isActive\", \"public\".\"lms_modules\".\"createdAt\", \"public\".\"lms_modules\".\"updatedAt\" FROM \"public\".\"lms_modules\" WHERE (\"public\".\"lms_modules\".\"courseId\" = $1 AND \"public\".\"lms_modules\".\"order\" = $2 AND \"public\".\"lms_modules\".\"isActive\" = $3) LIMIT $4 OFFSET $5","service":"preplyte-api","timestamp":"2026-02-06 09:37:52"}
{"level":"debug","message":"Params: [\"cml94bejx00051360oftmcm9a\",1,true,1,0]","service":"preplyte-api","timestamp":"2026-02-06 09:37:52"}
{"level":"debug","message":"Duration: 1ms","service":"preplyte-api","timestamp":"2026-02-06 09:37:52"}
{"level":"debug","message":"Query: SELECT \"public\".\"lms_topics\".\"id\", \"public\".\"lms_topics\".\"moduleId\", \"public\".\"lms_topics\".\"title\", \"public\".\"lms_topics\".\"description\", \"public\".\"lms_topics\".\"order\", \"public\".\"lms_topics\".\"theoryContent\", \"public\".\"lms_topics\".\"videoUrl\", \"public\".\"lms_topics\".\"videoDuration\", \"public\".\"lms_topics\".\"estimatedMinutes\", \"public\".\"lms_topics\".\"resources\", \"public\".\"lms_topics\".\"isActive\", \"public\".\"lms_topics\".\"createdAt\", \"public\".\"lms_topics\".\"updatedAt\" FROM \"public\".\"lms_topics\" WHERE (\"public\".\"lms_topics\".\"isActive\" = $1 AND \"public\".\"lms_topics\".\"moduleId\" IN ($2)) ORDER BY \"public\".\"lms_topics\".\"order\" ASC OFFSET $3","service":"preplyte-api","timestamp":"2026-02-06 09:37:52"}
{"level":"debug","message":"Params: [true,\"cml94bejx00061360ybgbi4lp\",0]","service":"preplyte-api","timestamp":"2026-02-06 09:37:52"}
{"level":"debug","message":"Duration: 1ms","service":"preplyte-api","timestamp":"2026-02-06 09:37:52"}
{"level":"debug","message":"Query: SELECT \"public\".\"lms_module_tests\".\"id\", \"public\".\"lms_module_tests\".\"moduleId\", \"public\".\"lms_module_tests\".\"title\", \"public\".\"lms_module_tests\".\"instructions\", \"public\".\"lms_module_tests\".\"totalQuestions\", \"public\".\"lms_module_tests\".\"passingScore\", \"public\".\"lms_module_tests\".\"timeLimitMinutes\", \"public\".\"lms_module_tests\".\"maxAttempts\", \"public\".\"lms_module_tests\".\"pointsPerQuestion\", \"public\".\"lms_module_tests\".\"totalPoints\", \"public\".\"lms_module_tests\".\"isActive\", \"public\".\"lms_module_tests\".\"createdAt\", \"public\".\"lms_module_tests\".\"updatedAt\" FROM \"public\".\"lms_module_tests\" WHERE \"public\".\"lms_module_tests\".\"moduleId\" IN ($1) OFFSET $2","service":"preplyte-api","timestamp":"2026-02-06 09:37:52"}
{"level":"debug","message":"Params: [\"cml94bejx00061360ybgbi4lp\",0]","service":"preplyte-api","timestamp":"2026-02-06 09:37:52"}
{"level":"debug","message":"Duration: 1ms","service":"preplyte-api","timestamp":"2026-02-06 09:37:52"}
{"level":"debug","message":"Query: SELECT \"public\".\"lms_module_progress\".\"id\", \"public\".\"lms_module_progress\".\"userId\", \"public\".\"lms_module_progress\".\"moduleId\", \"public\".\"lms_module_progress\".\"status\"::text, \"public\".\"lms_module_progress\".\"completedTopics\", \"public\".\"lms_module_progress\".\"totalTopics\", \"public\".\"lms_module_progress\".\"progressPercent\", \"public\".\"lms_module_progress\".\"testAttempted\", \"public\".\"lms_module_progress\".\"testPassed\", \"public\".\"lms_module_progress\".\"testScore\", \"public\".\"lms_module_progress\".\"testAttempts\", \"public\".\"lms_module_progress\".\"pointsEarned\", \"public\".\"lms_module_progress\".\"timeSpentMinutes\", \"public\".\"lms_module_progress\".\"startedAt\", \"public\".\"lms_module_progress\".\"completedAt\", \"public\".\"lms_module_progress\".\"createdAt\", \"public\".\"lms_module_progress\".\"updatedAt\" FROM \"public\".\"lms_module_progress\" WHERE ((\"public\".\"lms_module_progress\".\"userId\" = $1 AND \"public\".\"lms_module_progress\".\"moduleId\" = $2) AND 1=1) LIMIT $3 OFFSET $4","service":"preplyte-api","timestamp":"2026-02-06 09:37:52"}
{"level":"debug","message":"Params: [\"cml92ugqs0007q3oof2k0hw35\",\"cml94bejx00061360ybgbi4lp\",1,0]","service":"preplyte-api","timestamp":"2026-02-06 09:37:52"}
{"level":"debug","message":"Duration: 1ms","service":"preplyte-api","timestamp":"2026-02-06 09:37:52"}
{"level":"debug","message":"Query: SELECT \"public\".\"lms_topic_progress\".\"id\", \"public\".\"lms_topic_progress\".\"userId\", \"public\".\"lms_topic_progress\".\"topicId\", \"public\".\"lms_topic_progress\".\"status\"::text, \"public\".\"lms_topic_progress\".\"theoryCompleted\", \"public\".\"lms_topic_progress\".\"videoWatched\", \"public\".\"lms_topic_progress\".\"videoProgress\", \"public\".\"lms_topic_progress\".\"timeSpentMinutes\", \"public\".\"lms_topic_progress\".\"startedAt\", \"public\".\"lms_topic_progress\".\"completedAt\", \"public\".\"lms_topic_progress\".\"createdAt\", \"public\".\"lms_topic_progress\".\"updatedAt\" FROM \"public\".\"lms_topic_progress\" WHERE (\"public\".\"lms_topic_progress\".\"userId\" = $1 AND \"public\".\"lms_topic_progress\".\"topicId\" IN ($2)) OFFSET $3","service":"preplyte-api","timestamp":"2026-02-06 09:37:52"}
{"level":"debug","message":"Params: [\"cml92ugqs0007q3oof2k0hw35\",\"cml94bejy00071360x0i56b1a\",0]","service":"preplyte-api","timestamp":"2026-02-06 09:37:52"}
{"level":"debug","message":"Duration: 0ms","service":"preplyte-api","timestamp":"2026-02-06 09:37:52"}
{"level":"info","message":"\u001b[0mGET /api/lms/courses/java-fullstack/modules/1 \u001b[36m304\u001b[0m 30.714 ms - -\u001b[0m","service":"preplyte-api","timestamp":"2026-02-06 09:37:52"}
{"level":"debug","message":"Query: SELECT 1","service":"preplyte-api","timestamp":"2026-02-06 09:38:06"}
{"level":"debug","message":"Params: []","service":"preplyte-api","timestamp":"2026-02-06 09:38:06"}
{"level":"debug","message":"Duration: 0ms","service":"preplyte-api","timestamp":"2026-02-06 09:38:06"}
{"level":"debug","message":"Query: SELECT \"public\".\"users\".\"id\", \"public\".\"users\".\"email\", \"public\".\"users\".\"role\"::text, \"public\".\"users\".\"instituteId\", \"public\".\"users\".\"isActive\", \"public\".\"users\".\"tokenVersion\" FROM \"public\".\"users\" WHERE (\"public\".\"users\".\"id\" = $1 AND 1=1) LIMIT $2 OFFSET $3","service":"preplyte-api","timestamp":"2026-02-06 09:38:06"}
{"level":"debug","message":"Params: [\"cml92ugqs0007q3oof2k0hw35\",1,0]","service":"preplyte-api","timestamp":"2026-02-06 09:38:06"}
{"level":"debug","message":"Duration: 0ms","service":"preplyte-api","timestamp":"2026-02-06 09:38:06"}
{"level":"debug","message":"Query: SELECT \"public\".\"lms_courses\".\"id\", \"public\".\"lms_courses\".\"title\", \"public\".\"lms_courses\".\"slug\" FROM \"public\".\"lms_courses\" WHERE (\"public\".\"lms_courses\".\"slug\" = $1 AND 1=1) LIMIT $2 OFFSET $3","service":"preplyte-api","timestamp":"2026-02-06 09:38:06"}
{"level":"debug","message":"Params: [\"java-fullstack\",1,0]","service":"preplyte-api","timestamp":"2026-02-06 09:38:06"}
{"level":"debug","message":"Duration: 0ms","service":"preplyte-api","timestamp":"2026-02-06 09:38:06"}
{"level":"debug","message":"Query: SELECT \"public\".\"lms_enrollments\".\"id\", \"public\".\"lms_enrollments\".\"userId\", \"public\".\"lms_enrollments\".\"courseId\", \"public\".\"lms_enrollments\".\"status\"::text, \"public\".\"lms_enrollments\".\"completedModules\", \"public\".\"lms_enrollments\".\"completedTopics\", \"public\".\"lms_enrollments\".\"progressPercent\", \"public\".\"lms_enrollments\".\"totalPointsEarned\", \"public\".\"lms_enrollments\".\"moduleTestPointsEarned\", \"public\".\"lms_enrollments\".\"finalTestPointsEarned\", \"public\".\"lms_enrollments\".\"finalTestAttempted\", \"public\".\"lms_enrollments\".\"finalTestPassed\", \"public\".\"lms_enrollments\".\"finalTestScore\", \"public\".\"lms_enrollments\".\"finalTestMarks\", \"public\".\"lms_enrollments\".\"enrolledAt\", \"public\".\"lms_enrollments\".\"startedAt\", \"public\".\"lms_enrollments\".\"completedAt\", \"public\".\"lms_enrollments\".\"lastAccessedAt\", \"public\".\"lms_enrollments\".\"certificateUrl\", \"public\".\"lms_enrollments\".\"certificateIssuedAt\", \"public\".\"lms_enrollments\".\"createdAt\", \"public\".\"lms_enrollments\".\"updatedAt\" FROM \"public\".\"lms_enrollments\" WHERE ((\"public\".\"lms_enrollments\".\"userId\" = $1 AND \"public\".\"lms_enrollments\".\"courseId\" = $2) AND 1=1) LIMIT $3 OFFSET $4","service":"preplyte-api","timestamp":"2026-02-06 09:38:06"}
{"level":"debug","message":"Params: [\"cml92ugqs0007q3oof2k0hw35\",\"cml94bejx00051360oftmcm9a\",1,0]","service":"preplyte-api","timestamp":"2026-02-06 09:38:06"}
{"level":"debug","message":"Duration: 1ms","service":"preplyte-api","timestamp":"2026-02-06 09:38:06"}
{"level":"debug","message":"Query: SELECT \"public\".\"lms_modules\".\"id\", \"public\".\"lms_modules\".\"courseId\", \"public\".\"lms_modules\".\"title\", \"public\".\"lms_modules\".\"shortDescription\", \"public\".\"lms_modules\".\"description\", \"public\".\"lms_modules\".\"order\", \"public\".\"lms_modules\".\"totalTopics\", \"public\".\"lms_modules\".\"points\", \"public\".\"lms_modules\".\"estimatedMinutes\", \"public\".\"lms_modules\".\"isActive\", \"public\".\"lms_modules\".\"createdAt\", \"public\".\"lms_modules\".\"updatedAt\" FROM \"public\".\"lms_modules\" WHERE (\"public\".\"lms_modules\".\"courseId\" = $1 AND \"public\".\"lms_modules\".\"order\" = $2 AND \"public\".\"lms_modules\".\"isActive\" = $3) LIMIT $4 OFFSET $5","service":"preplyte-api","timestamp":"2026-02-06 09:38:06"}
{"level":"debug","message":"Params: [\"cml94bejx00051360oftmcm9a\",1,true,1,0]","service":"preplyte-api","timestamp":"2026-02-06 09:38:06"}
{"level":"debug","message":"Duration: 0ms","service":"preplyte-api","timestamp":"2026-02-06 09:38:06"}
{"level":"debug","message":"Query: SELECT \"public\".\"lms_topics\".\"id\", \"public\".\"lms_topics\".\"moduleId\", \"public\".\"lms_topics\".\"title\", \"public\".\"lms_topics\".\"description\", \"public\".\"lms_topics\".\"order\", \"public\".\"lms_topics\".\"theoryContent\", \"public\".\"lms_topics\".\"videoUrl\", \"public\".\"lms_topics\".\"videoDuration\", \"public\".\"lms_topics\".\"estimatedMinutes\", \"public\".\"lms_topics\".\"resources\", \"public\".\"lms_topics\".\"isActive\", \"public\".\"lms_topics\".\"createdAt\", \"public\".\"lms_topics\".\"updatedAt\" FROM \"public\".\"lms_topics\" WHERE (\"public\".\"lms_topics\".\"isActive\" = $1 AND \"public\".\"lms_topics\".\"moduleId\" IN ($2)) ORDER BY \"public\".\"lms_topics\".\"order\" ASC OFFSET $3","service":"preplyte-api","timestamp":"2026-02-06 09:38:06"}
{"level":"debug","message":"Params: [true,\"cml94bejx00061360ybgbi4lp\",0]","service":"preplyte-api","timestamp":"2026-02-06 09:38:06"}
{"level":"debug","message":"Duration: 0ms","service":"preplyte-api","timestamp":"2026-02-06 09:38:06"}
{"level":"debug","message":"Query: SELECT \"public\".\"lms_topic_progress\".\"id\", \"public\".\"lms_topic_progress\".\"userId\", \"public\".\"lms_topic_progress\".\"topicId\", \"public\".\"lms_topic_progress\".\"status\"::text, \"public\".\"lms_topic_progress\".\"theoryCompleted\", \"public\".\"lms_topic_progress\".\"videoWatched\", \"public\".\"lms_topic_progress\".\"videoProgress\", \"public\".\"lms_topic_progress\".\"timeSpentMinutes\", \"public\".\"lms_topic_progress\".\"startedAt\", \"public\".\"lms_topic_progress\".\"completedAt\", \"public\".\"lms_topic_progress\".\"createdAt\", \"public\".\"lms_topic_progress\".\"updatedAt\" FROM \"public\".\"lms_topic_progress\" WHERE ((\"public\".\"lms_topic_progress\".\"userId\" = $1 AND \"public\".\"lms_topic_progress\".\"topicId\" = $2) AND 1=1) LIMIT $3 OFFSET $4","service":"preplyte-api","timestamp":"2026-02-06 09:38:06"}
{"level":"debug","message":"Params: [\"cml92ugqs0007q3oof2k0hw35\",\"cml94bejy00071360x0i56b1a\",1,0]","service":"preplyte-api","timestamp":"2026-02-06 09:38:06"}
{"level":"debug","message":"Duration: 1ms","service":"preplyte-api","timestamp":"2026-02-06 09:38:06"}
{"level":"debug","message":"Query: UPDATE \"public\".\"lms_enrollments\" SET \"lastAccessedAt\" = $1, \"updatedAt\" = $2 WHERE (\"public\".\"lms_enrollments\".\"id\" = $3 AND 1=1) RETURNING \"public\".\"lms_enrollments\".\"id\", \"public\".\"lms_enrollments\".\"userId\", \"public\".\"lms_enrollments\".\"courseId\", \"public\".\"lms_enrollments\".\"status\"::text, \"public\".\"lms_enrollments\".\"completedModules\", \"public\".\"lms_enrollments\".\"completedTopics\", \"public\".\"lms_enrollments\".\"progressPercent\", \"public\".\"lms_enrollments\".\"totalPointsEarned\", \"public\".\"lms_enrollments\".\"moduleTestPointsEarned\", \"public\".\"lms_enrollments\".\"finalTestPointsEarned\", \"public\".\"lms_enrollments\".\"finalTestAttempted\", \"public\".\"lms_enrollments\".\"finalTestPassed\", \"public\".\"lms_enrollments\".\"finalTestScore\", \"public\".\"lms_enrollments\".\"finalTestMarks\", \"public\".\"lms_enrollments\".\"enrolledAt\", \"public\".\"lms_enrollments\".\"startedAt\", \"public\".\"lms_enrollments\".\"completedAt\", \"public\".\"lms_enrollments\".\"lastAccessedAt\", \"public\".\"lms_enrollments\".\"certificateUrl\", \"public\".\"lms_enrollments\".\"certificateIssuedAt\", \"public\".\"lms_enrollments\".\"createdAt\", \"public\".\"lms_enrollments\".\"updatedAt\"","service":"preplyte-api","timestamp":"2026-02-06 09:38:06"}
{"level":"debug","message":"Params: [\"2026-02-06 04:08:06.722 UTC\",\"2026-02-06 04:08:06.725 UTC\",\"cml94d4ej000e136026t1ddly\"]","service":"preplyte-api","timestamp":"2026-02-06 09:38:06"}
{"level":"debug","message":"Duration: 6ms","service":"preplyte-api","timestamp":"2026-02-06 09:38:06"}
{"level":"info","message":"\u001b[0mGET /api/lms/courses/java-fullstack/modules/1/topics/1 \u001b[36m304\u001b[0m 57.853 ms - -\u001b[0m","service":"preplyte-api","timestamp":"2026-02-06 09:38:06"}
{"level":"debug","message":"Query: SELECT \"public\".\"users\".\"id\", \"public\".\"users\".\"email\", \"public\".\"users\".\"role\"::text, \"public\".\"users\".\"instituteId\", \"public\".\"users\".\"isActive\", \"public\".\"users\".\"tokenVersion\" FROM \"public\".\"users\" WHERE (\"public\".\"users\".\"id\" = $1 AND 1=1) LIMIT $2 OFFSET $3","service":"preplyte-api","timestamp":"2026-02-06 09:40:52"}
{"level":"debug","message":"Params: [\"cml92ugqs0007q3oof2k0hw35\",1,0]","service":"preplyte-api","timestamp":"2026-02-06 09:40:52"}
{"level":"debug","message":"Duration: 7ms","service":"preplyte-api","timestamp":"2026-02-06 09:40:52"}
{"level":"debug","message":"Query: SELECT \"public\".\"lms_courses\".\"id\", \"public\".\"lms_courses\".\"title\", \"public\".\"lms_courses\".\"slug\" FROM \"public\".\"lms_courses\" WHERE (\"public\".\"lms_courses\".\"slug\" = $1 AND 1=1) LIMIT $2 OFFSET $3","service":"preplyte-api","timestamp":"2026-02-06 09:40:52"}
{"level":"debug","message":"Params: [\"java-fullstack\",1,0]","service":"preplyte-api","timestamp":"2026-02-06 09:40:52"}
{"level":"debug","message":"Duration: 7ms","service":"preplyte-api","timestamp":"2026-02-06 09:40:52"}
{"level":"debug","message":"Query: SELECT \"public\".\"lms_enrollments\".\"id\", \"public\".\"lms_enrollments\".\"userId\", \"public\".\"lms_enrollments\".\"courseId\", \"public\".\"lms_enrollments\".\"status\"::text, \"public\".\"lms_enrollments\".\"completedModules\", \"public\".\"lms_enrollments\".\"completedTopics\", \"public\".\"lms_enrollments\".\"progressPercent\", \"public\".\"lms_enrollments\".\"totalPointsEarned\", \"public\".\"lms_enrollments\".\"moduleTestPointsEarned\", \"public\".\"lms_enrollments\".\"finalTestPointsEarned\", \"public\".\"lms_enrollments\".\"finalTestAttempted\", \"public\".\"lms_enrollments\".\"finalTestPassed\", \"public\".\"lms_enrollments\".\"finalTestScore\", \"public\".\"lms_enrollments\".\"finalTestMarks\", \"public\".\"lms_enrollments\".\"enrolledAt\", \"public\".\"lms_enrollments\".\"startedAt\", \"public\".\"lms_enrollments\".\"completedAt\", \"public\".\"lms_enrollments\".\"lastAccessedAt\", \"public\".\"lms_enrollments\".\"certificateUrl\", \"public\".\"lms_enrollments\".\"certificateIssuedAt\", \"public\".\"lms_enrollments\".\"createdAt\", \"public\".\"lms_enrollments\".\"updatedAt\" FROM \"public\".\"lms_enrollments\" WHERE ((\"public\".\"lms_enrollments\".\"userId\" = $1 AND \"public\".\"lms_enrollments\".\"courseId\" = $2) AND 1=1) LIMIT $3 OFFSET $4","service":"preplyte-api","timestamp":"2026-02-06 09:40:52"}
{"level":"debug","message":"Params: [\"cml92ugqs0007q3oof2k0hw35\",\"cml94bejx00051360oftmcm9a\",1,0]","service":"preplyte-api","timestamp":"2026-02-06 09:40:52"}
{"level":"debug","message":"Duration: 7ms","service":"preplyte-api","timestamp":"2026-02-06 09:40:52"}
{"level":"debug","message":"Query: SELECT \"public\".\"lms_modules\".\"id\", \"public\".\"lms_modules\".\"courseId\", \"public\".\"lms_modules\".\"title\", \"public\".\"lms_modules\".\"shortDescription\", \"public\".\"lms_modules\".\"description\", \"public\".\"lms_modules\".\"order\", \"public\".\"lms_modules\".\"totalTopics\", \"public\".\"lms_modules\".\"points\", \"public\".\"lms_modules\".\"estimatedMinutes\", \"public\".\"lms_modules\".\"isActive\", \"public\".\"lms_modules\".\"createdAt\", \"public\".\"lms_modules\".\"updatedAt\" FROM \"public\".\"lms_modules\" WHERE (\"public\".\"lms_modules\".\"courseId\" = $1 AND \"public\".\"lms_modules\".\"order\" = $2 AND \"public\".\"lms_modules\".\"isActive\" = $3) LIMIT $4 OFFSET $5","service":"preplyte-api","timestamp":"2026-02-06 09:40:52"}
{"level":"debug","message":"Params: [\"cml94bejx00051360oftmcm9a\",1,true,1,0]","service":"preplyte-api","timestamp":"2026-02-06 09:40:52"}
{"level":"debug","message":"Duration: 5ms","service":"preplyte-api","timestamp":"2026-02-06 09:40:52"}
{"level":"debug","message":"Query: SELECT \"public\".\"lms_topics\".\"id\", \"public\".\"lms_topics\".\"moduleId\", \"public\".\"lms_topics\".\"title\", \"public\".\"lms_topics\".\"description\", \"public\".\"lms_topics\".\"order\", \"public\".\"lms_topics\".\"theoryContent\", \"public\".\"lms_topics\".\"videoUrl\", \"public\".\"lms_topics\".\"videoDuration\", \"public\".\"lms_topics\".\"estimatedMinutes\", \"public\".\"lms_topics\".\"resources\", \"public\".\"lms_topics\".\"isActive\", \"public\".\"lms_topics\".\"createdAt\", \"public\".\"lms_topics\".\"updatedAt\" FROM \"public\".\"lms_topics\" WHERE (\"public\".\"lms_topics\".\"isActive\" = $1 AND \"public\".\"lms_topics\".\"moduleId\" IN ($2)) ORDER BY \"public\".\"lms_topics\".\"order\" ASC OFFSET $3","service":"preplyte-api","timestamp":"2026-02-06 09:40:52"}
{"level":"debug","message":"Params: [true,\"cml94bejx00061360ybgbi4lp\",0]","service":"preplyte-api","timestamp":"2026-02-06 09:40:52"}
{"level":"debug","message":"Duration: 5ms","service":"preplyte-api","timestamp":"2026-02-06 09:40:52"}
{"level":"debug","message":"Query: SELECT \"public\".\"lms_topic_progress\".\"id\", \"public\".\"lms_topic_progress\".\"userId\", \"public\".\"lms_topic_progress\".\"topicId\", \"public\".\"lms_topic_progress\".\"status\"::text, \"public\".\"lms_topic_progress\".\"theoryCompleted\", \"public\".\"lms_topic_progress\".\"videoWatched\", \"public\".\"lms_topic_progress\".\"videoProgress\", \"public\".\"lms_topic_progress\".\"timeSpentMinutes\", \"public\".\"lms_topic_progress\".\"startedAt\", \"public\".\"lms_topic_progress\".\"completedAt\", \"public\".\"lms_topic_progress\".\"createdAt\", \"public\".\"lms_topic_progress\".\"updatedAt\" FROM \"public\".\"lms_topic_progress\" WHERE ((\"public\".\"lms_topic_progress\".\"userId\" = $1 AND \"public\".\"lms_topic_progress\".\"topicId\" = $2) AND 1=1) LIMIT $3 OFFSET $4","service":"preplyte-api","timestamp":"2026-02-06 09:40:52"}
{"level":"debug","message":"Params: [\"cml92ugqs0007q3oof2k0hw35\",\"cml94bejy00071360x0i56b1a\",1,0]","service":"preplyte-api","timestamp":"2026-02-06 09:40:52"}
{"level":"debug","message":"Duration: 3ms","service":"preplyte-api","timestamp":"2026-02-06 09:40:52"}
{"level":"debug","message":"Query: UPDATE \"public\".\"lms_enrollments\" SET \"lastAccessedAt\" = $1, \"updatedAt\" = $2 WHERE (\"public\".\"lms_enrollments\".\"id\" = $3 AND 1=1) RETURNING \"public\".\"lms_enrollments\".\"id\", \"public\".\"lms_enrollments\".\"userId\", \"public\".\"lms_enrollments\".\"courseId\", \"public\".\"lms_enrollments\".\"status\"::text, \"public\".\"lms_enrollments\".\"completedModules\", \"public\".\"lms_enrollments\".\"completedTopics\", \"public\".\"lms_enrollments\".\"progressPercent\", \"public\".\"lms_enrollments\".\"totalPointsEarned\", \"public\".\"lms_enrollments\".\"moduleTestPointsEarned\", \"public\".\"lms_enrollments\".\"finalTestPointsEarned\", \"public\".\"lms_enrollments\".\"finalTestAttempted\", \"public\".\"lms_enrollments\".\"finalTestPassed\", \"public\".\"lms_enrollments\".\"finalTestScore\", \"public\".\"lms_enrollments\".\"finalTestMarks\", \"public\".\"lms_enrollments\".\"enrolledAt\", \"public\".\"lms_enrollments\".\"startedAt\", \"public\".\"lms_enrollments\".\"completedAt\", \"public\".\"lms_enrollments\".\"lastAccessedAt\", \"public\".\"lms_enrollments\".\"certificateUrl\", \"public\".\"lms_enrollments\".\"certificateIssuedAt\", \"public\".\"lms_enrollments\".\"createdAt\", \"public\".\"lms_enrollments\".\"updatedAt\"","service":"preplyte-api","timestamp":"2026-02-06 09:40:52"}
{"level":"debug","message":"Params: [\"2026-02-06 04:10:52.069 UTC\",\"2026-02-06 04:10:52.070 UTC\",\"cml94d4ej000e136026t1ddly\"]","service":"preplyte-api","timestamp":"2026-02-06 09:40:52"}
{"level":"debug","message":"Duration: 3ms","service":"preplyte-api","timestamp":"2026-02-06 09:40:52"}
{"level":"info","message":"\u001b[0mGET /api/lms/courses/java-fullstack/modules/1/topics/1 \u001b[36m304\u001b[0m 222.895 ms - -\u001b[0m","service":"preplyte-api","timestamp":"2026-02-06 09:40:52"}
{"level":"debug","message":"Query: SELECT 1","service":"preplyte-api","timestamp":"2026-02-06 09:41:10"}
{"level":"debug","message":"Params: []","service":"preplyte-api","timestamp":"2026-02-06 09:41:10"}
{"level":"debug","message":"Duration: 0ms","service":"preplyte-api","timestamp":"2026-02-06 09:41:10"}
{"level":"debug","message":"Query: SELECT \"public\".\"users\".\"id\", \"public\".\"users\".\"email\", \"public\".\"users\".\"role\"::text, \"public\".\"users\".\"instituteId\", \"public\".\"users\".\"isActive\", \"public\".\"users\".\"tokenVersion\" FROM \"public\".\"users\" WHERE (\"public\".\"users\".\"id\" = $1 AND 1=1) LIMIT $2 OFFSET $3","service":"preplyte-api","timestamp":"2026-02-06 09:41:10"}
{"level":"debug","message":"Params: [\"cml92r5r50001q3oopvkslp23\",1,0]","service":"preplyte-api","timestamp":"2026-02-06 09:41:10"}
{"level":"debug","message":"Duration: 0ms","service":"preplyte-api","timestamp":"2026-02-06 09:41:10"}
{"level":"debug","message":"Query: SELECT \"public\".\"lms_courses\".\"id\", \"public\".\"lms_courses\".\"categoryId\", \"public\".\"lms_courses\".\"title\", \"public\".\"lms_courses\".\"slug\", \"public\".\"lms_courses\".\"shortDescription\", \"public\".\"lms_courses\".\"description\", \"public\".\"lms_courses\".\"thumbnailUrl\", \"public\".\"lms_courses\".\"previewVideoUrl\", \"public\".\"lms_courses\".\"totalModules\", \"public\".\"lms_courses\".\"totalTopics\", \"public\".\"lms_courses\".\"totalPoints\", \"public\".\"lms_courses\".\"totalHours\", \"public\".\"lms_courses\".\"price\", \"public\".\"lms_courses\".\"discountPrice\", \"public\".\"lms_courses\".\"currency\", \"public\".\"lms_courses\".\"status\"::text, \"public\".\"lms_courses\".\"isActive\", \"public\".\"lms_courses\".\"certificateEnabled\", \"public\".\"lms_courses\".\"passingPercentage\", \"public\".\"lms_courses\".\"tags\", \"public\".\"lms_courses\".\"difficulty\"::text, \"public\".\"lms_courses\".\"instructor\", \"public\".\"lms_courses\".\"language\", \"public\".\"lms_courses\".\"createdAt\", \"public\".\"lms_courses\".\"updatedAt\", \"public\".\"lms_courses\".\"publishedAt\", COALESCE(\"aggr_selection_0_LmsEnrollment\".\"_aggr_count_enrollments\", 0) AS \"_aggr_count_enrollments\" FROM \"public\".\"lms_courses\" LEFT JOIN (SELECT \"public\".\"lms_enrollments\".\"courseId\", COUNT(*) AS \"_aggr_count_enrollments\" FROM \"public\".\"lms_enrollments\" WHERE 1=1 GROUP BY \"public\".\"lms_enrollments\".\"courseId\") AS \"aggr_selection_0_LmsEnrollment\" ON (\"public\".\"lms_courses\".\"id\" = \"aggr_selection_0_LmsEnrollment\".\"courseId\") WHERE (\"public\".\"lms_courses\".\"id\" = $1 AND 1=1) LIMIT $2 OFFSET $3","service":"preplyte-api","timestamp":"2026-02-06 09:41:10"}
{"level":"debug","message":"Params: [\"cml94bejx00051360oftmcm9a\",1,0]","service":"preplyte-api","timestamp":"2026-02-06 09:41:10"}
{"level":"debug","message":"Duration: 2ms","service":"preplyte-api","timestamp":"2026-02-06 09:41:10"}
{"level":"debug","message":"Query: SELECT \"public\".\"lms_categories\".\"id\", \"public\".\"lms_categories\".\"name\", \"public\".\"lms_categories\".\"slug\", \"public\".\"lms_categories\".\"description\", \"public\".\"lms_categories\".\"iconUrl\", \"public\".\"lms_categories\".\"order\", \"public\".\"lms_categories\".\"isActive\", \"public\".\"lms_categories\".\"createdAt\", \"public\".\"lms_categories\".\"updatedAt\" FROM \"public\".\"lms_categories\" WHERE \"public\".\"lms_categories\".\"id\" IN ($1) OFFSET $2","service":"preplyte-api","timestamp":"2026-02-06 09:41:10"}
{"level":"debug","message":"Params: [\"cml92k1i3000017d0bq70mkrl\",0]","service":"preplyte-api","timestamp":"2026-02-06 09:41:10"}
{"level":"debug","message":"Duration: 6ms","service":"preplyte-api","timestamp":"2026-02-06 09:41:10"}
{"level":"debug","message":"Query: SELECT \"public\".\"lms_modules\".\"id\", \"public\".\"lms_modules\".\"courseId\", \"public\".\"lms_modules\".\"title\", \"public\".\"lms_modules\".\"shortDescription\", \"public\".\"lms_modules\".\"description\", \"public\".\"lms_modules\".\"order\", \"public\".\"lms_modules\".\"totalTopics\", \"public\".\"lms_modules\".\"points\", \"public\".\"lms_modules\".\"estimatedMinutes\", \"public\".\"lms_modules\".\"isActive\", \"public\".\"lms_modules\".\"createdAt\", \"public\".\"lms_modules\".\"updatedAt\" FROM \"public\".\"lms_modules\" WHERE \"public\".\"lms_modules\".\"courseId\" IN ($1) ORDER BY \"public\".\"lms_modules\".\"order\" ASC OFFSET $2","service":"preplyte-api","timestamp":"2026-02-06 09:41:10"}
{"level":"debug","message":"Params: [\"cml94bejx00051360oftmcm9a\",0]","service":"preplyte-api","timestamp":"2026-02-06 09:41:10"}
{"level":"debug","message":"Duration: 1ms","service":"preplyte-api","timestamp":"2026-02-06 09:41:10"}
{"level":"debug","message":"Query: SELECT \"public\".\"lms_topics\".\"id\", \"public\".\"lms_topics\".\"moduleId\", \"public\".\"lms_topics\".\"title\", \"public\".\"lms_topics\".\"description\", \"public\".\"lms_topics\".\"order\", \"public\".\"lms_topics\".\"theoryContent\", \"public\".\"lms_topics\".\"videoUrl\", \"public\".\"lms_topics\".\"videoDuration\", \"public\".\"lms_topics\".\"estimatedMinutes\", \"public\".\"lms_topics\".\"resources\", \"public\".\"lms_topics\".\"isActive\", \"public\".\"lms_topics\".\"createdAt\", \"public\".\"lms_topics\".\"updatedAt\" FROM \"public\".\"lms_topics\" WHERE \"public\".\"lms_topics\".\"moduleId\" IN ($1) ORDER BY \"public\".\"lms_topics\".\"order\" ASC OFFSET $2","service":"preplyte-api","timestamp":"2026-02-06 09:41:10"}
{"level":"debug","message":"Params: [\"cml94bejx00061360ybgbi4lp\",0]","service":"preplyte-api","timestamp":"2026-02-06 09:41:10"}
{"level":"debug","message":"Duration: 1ms","service":"preplyte-api","timestamp":"2026-02-06 09:41:10"}
{"level":"debug","message":"Query: SELECT \"public\".\"lms_module_tests\".\"id\", \"public\".\"lms_module_tests\".\"moduleId\", \"public\".\"lms_module_tests\".\"title\", \"public\".\"lms_module_tests\".\"instructions\", \"public\".\"lms_module_tests\".\"totalQuestions\", \"public\".\"lms_module_tests\".\"passingScore\", \"public\".\"lms_module_tests\".\"timeLimitMinutes\", \"public\".\"lms_module_tests\".\"maxAttempts\", \"public\".\"lms_module_tests\".\"pointsPerQuestion\", \"public\".\"lms_module_tests\".\"totalPoints\", \"public\".\"lms_module_tests\".\"isActive\", \"public\".\"lms_module_tests\".\"createdAt\", \"public\".\"lms_module_tests\".\"updatedAt\" FROM \"public\".\"lms_module_tests\" WHERE \"public\".\"lms_module_tests\".\"moduleId\" IN ($1) OFFSET $2","service":"preplyte-api","timestamp":"2026-02-06 09:41:10"}
{"level":"debug","message":"Params: [\"cml94bejx00061360ybgbi4lp\",0]","service":"preplyte-api","timestamp":"2026-02-06 09:41:10"}
{"level":"debug","message":"Duration: 3ms","service":"preplyte-api","timestamp":"2026-02-06 09:41:10"}
{"level":"debug","message":"Query: SELECT \"public\".\"lms_final_tests\".\"id\", \"public\".\"lms_final_tests\".\"courseId\", \"public\".\"lms_final_tests\".\"title\", \"public\".\"lms_final_tests\".\"instructions\", \"public\".\"lms_final_tests\".\"totalQuestions\", \"public\".\"lms_final_tests\".\"passingScore\", \"public\".\"lms_final_tests\".\"timeLimitMinutes\", \"public\".\"lms_final_tests\".\"pointsPerQuestion\", \"public\".\"lms_final_tests\".\"totalPoints\", \"public\".\"lms_final_tests\".\"maxAttempts\", \"public\".\"lms_final_tests\".\"isActive\", \"public\".\"lms_final_tests\".\"createdAt\", \"public\".\"lms_final_tests\".\"updatedAt\" FROM \"public\".\"lms_final_tests\" WHERE \"public\".\"lms_final_tests\".\"courseId\" IN ($1) OFFSET $2","service":"preplyte-api","timestamp":"2026-02-06 09:41:10"}
{"level":"debug","message":"Params: [\"cml94bejx00051360oftmcm9a\",0]","service":"preplyte-api","timestamp":"2026-02-06 09:41:10"}
{"level":"debug","message":"Duration: 3ms","service":"preplyte-api","timestamp":"2026-02-06 09:41:10"}
{"level":"info","message":"\u001b[0mGET /api/admin/lms/courses/cml94bejx00051360oftmcm9a \u001b[36m304\u001b[0m 34.269 ms - -\u001b[0m","service":"preplyte-api","timestamp":"2026-02-06 09:41:10"}
{"level":"debug","message":"Query: SELECT \"public\".\"users\".\"id\", \"public\".\"users\".\"email\", \"public\".\"users\".\"role\"::text, \"public\".\"users\".\"instituteId\", \"public\".\"users\".\"isActive\", \"public\".\"users\".\"tokenVersion\" FROM \"public\".\"users\" WHERE (\"public\".\"users\".\"id\" = $1 AND 1=1) LIMIT $2 OFFSET $3","service":"preplyte-api","timestamp":"2026-02-06 09:41:10"}
{"level":"debug","message":"Params: [\"cml92r5r50001q3oopvkslp23\",1,0]","service":"preplyte-api","timestamp":"2026-02-06 09:41:10"}
{"level":"debug","message":"Duration: 5ms","service":"preplyte-api","timestamp":"2026-02-06 09:41:10"}
{"level":"debug","message":"Query: SELECT \"public\".\"lms_categories\".\"id\", \"public\".\"lms_categories\".\"name\", \"public\".\"lms_categories\".\"slug\", \"public\".\"lms_categories\".\"description\", \"public\".\"lms_categories\".\"iconUrl\", \"public\".\"lms_categories\".\"order\", \"public\".\"lms_categories\".\"isActive\", \"public\".\"lms_categories\".\"createdAt\", \"public\".\"lms_categories\".\"updatedAt\", COALESCE(\"aggr_selection_0_LmsCourse\".\"_aggr_count_courses\", 0) AS \"_aggr_count_courses\" FROM \"public\".\"lms_categories\" LEFT JOIN (SELECT \"public\".\"lms_courses\".\"categoryId\", COUNT(*) AS \"_aggr_count_courses\" FROM \"public\".\"lms_courses\" WHERE 1=1 GROUP BY \"public\".\"lms_courses\".\"categoryId\") AS \"aggr_selection_0_LmsCourse\" ON (\"public\".\"lms_categories\".\"id\" = \"aggr_selection_0_LmsCourse\".\"categoryId\") WHERE 1=1 ORDER BY \"public\".\"lms_categories\".\"order\" ASC OFFSET $1","service":"preplyte-api","timestamp":"2026-02-06 09:41:10"}
{"level":"debug","message":"Params: [0]","service":"preplyte-api","timestamp":"2026-02-06 09:41:10"}
{"level":"debug","message":"Duration: 1ms","service":"preplyte-api","timestamp":"2026-02-06 09:41:10"}
{"level":"info","message":"\u001b[0mGET /api/admin/lms/categories \u001b[36m304\u001b[0m 25.808 ms - -\u001b[0m","service":"preplyte-api","timestamp":"2026-02-06 09:41:10"}
{"level":"debug","message":"Query: SELECT 1","service":"preplyte-api","timestamp":"2026-02-06 09:43:18"}
{"level":"debug","message":"Params: []","service":"preplyte-api","timestamp":"2026-02-06 09:43:18"}
{"level":"debug","message":"Duration: 0ms","service":"preplyte-api","timestamp":"2026-02-06 09:43:18"}
{"level":"debug","message":"Query: SELECT \"public\".\"users\".\"id\", \"public\".\"users\".\"email\", \"public\".\"users\".\"role\"::text, \"public\".\"users\".\"instituteId\", \"public\".\"users\".\"isActive\", \"public\".\"users\".\"tokenVersion\" FROM \"public\".\"users\" WHERE (\"public\".\"users\".\"id\" = $1 AND 1=1) LIMIT $2 OFFSET $3","service":"preplyte-api","timestamp":"2026-02-06 09:43:18"}
{"level":"debug","message":"Params: [\"cml92ugqs0007q3oof2k0hw35\",1,0]","service":"preplyte-api","timestamp":"2026-02-06 09:43:18"}
{"level":"debug","message":"Duration: 0ms","service":"preplyte-api","timestamp":"2026-02-06 09:43:18"}
{"level":"debug","message":"Query: SELECT \"public\".\"lms_courses\".\"id\", \"public\".\"lms_courses\".\"title\", \"public\".\"lms_courses\".\"slug\" FROM \"public\".\"lms_courses\" WHERE (\"public\".\"lms_courses\".\"slug\" = $1 AND 1=1) LIMIT $2 OFFSET $3","service":"preplyte-api","timestamp":"2026-02-06 09:43:18"}
{"level":"debug","message":"Params: [\"java-fullstack\",1,0]","service":"preplyte-api","timestamp":"2026-02-06 09:43:18"}
{"level":"debug","message":"Duration: 0ms","service":"preplyte-api","timestamp":"2026-02-06 09:43:18"}
{"level":"debug","message":"Query: SELECT \"public\".\"lms_enrollments\".\"id\", \"public\".\"lms_enrollments\".\"userId\", \"public\".\"lms_enrollments\".\"courseId\", \"public\".\"lms_enrollments\".\"status\"::text, \"public\".\"lms_enrollments\".\"completedModules\", \"public\".\"lms_enrollments\".\"completedTopics\", \"public\".\"lms_enrollments\".\"progressPercent\", \"public\".\"lms_enrollments\".\"totalPointsEarned\", \"public\".\"lms_enrollments\".\"moduleTestPointsEarned\", \"public\".\"lms_enrollments\".\"finalTestPointsEarned\", \"public\".\"lms_enrollments\".\"finalTestAttempted\", \"public\".\"lms_enrollments\".\"finalTestPassed\", \"public\".\"lms_enrollments\".\"finalTestScore\", \"public\".\"lms_enrollments\".\"finalTestMarks\", \"public\".\"lms_enrollments\".\"enrolledAt\", \"public\".\"lms_enrollments\".\"startedAt\", \"public\".\"lms_enrollments\".\"completedAt\", \"public\".\"lms_enrollments\".\"lastAccessedAt\", \"public\".\"lms_enrollments\".\"certificateUrl\", \"public\".\"lms_enrollments\".\"certificateIssuedAt\", \"public\".\"lms_enrollments\".\"createdAt\", \"public\".\"lms_enrollments\".\"updatedAt\" FROM \"public\".\"lms_enrollments\" WHERE ((\"public\".\"lms_enrollments\".\"userId\" = $1 AND \"public\".\"lms_enrollments\".\"courseId\" = $2) AND 1=1) LIMIT $3 OFFSET $4","service":"preplyte-api","timestamp":"2026-02-06 09:43:18"}
{"level":"debug","message":"Params: [\"cml92ugqs0007q3oof2k0hw35\",\"cml94bejx00051360oftmcm9a\",1,0]","service":"preplyte-api","timestamp":"2026-02-06 09:43:18"}
{"level":"debug","message":"Duration: 0ms","service":"preplyte-api","timestamp":"2026-02-06 09:43:18"}
{"level":"debug","message":"Query: SELECT \"public\".\"lms_modules\".\"id\", \"public\".\"lms_modules\".\"courseId\", \"public\".\"lms_modules\".\"title\", \"public\".\"lms_modules\".\"shortDescription\", \"public\".\"lms_modules\".\"description\", \"public\".\"lms_modules\".\"order\", \"public\".\"lms_modules\".\"totalTopics\", \"public\".\"lms_modules\".\"points\", \"public\".\"lms_modules\".\"estimatedMinutes\", \"public\".\"lms_modules\".\"isActive\", \"public\".\"lms_modules\".\"createdAt\", \"public\".\"lms_modules\".\"updatedAt\" FROM \"public\".\"lms_modules\" WHERE (\"public\".\"lms_modules\".\"courseId\" = $1 AND \"public\".\"lms_modules\".\"order\" = $2 AND \"public\".\"lms_modules\".\"isActive\" = $3) LIMIT $4 OFFSET $5","service":"preplyte-api","timestamp":"2026-02-06 09:43:18"}
{"level":"debug","message":"Params: [\"cml94bejx00051360oftmcm9a\",1,true,1,0]","service":"preplyte-api","timestamp":"2026-02-06 09:43:18"}
{"level":"debug","message":"Duration: 0ms","service":"preplyte-api","timestamp":"2026-02-06 09:43:18"}
{"level":"debug","message":"Query: SELECT \"public\".\"lms_topics\".\"id\", \"public\".\"lms_topics\".\"moduleId\", \"public\".\"lms_topics\".\"title\", \"public\".\"lms_topics\".\"description\", \"public\".\"lms_topics\".\"order\", \"public\".\"lms_topics\".\"theoryContent\", \"public\".\"lms_topics\".\"videoUrl\", \"public\".\"lms_topics\".\"videoDuration\", \"public\".\"lms_topics\".\"estimatedMinutes\", \"public\".\"lms_topics\".\"resources\", \"public\".\"lms_topics\".\"isActive\", \"public\".\"lms_topics\".\"createdAt\", \"public\".\"lms_topics\".\"updatedAt\" FROM \"public\".\"lms_topics\" WHERE (\"public\".\"lms_topics\".\"isActive\" = $1 AND \"public\".\"lms_topics\".\"moduleId\" IN ($2)) ORDER BY \"public\".\"lms_topics\".\"order\" ASC OFFSET $3","service":"preplyte-api","timestamp":"2026-02-06 09:43:18"}
{"level":"debug","message":"Params: [true,\"cml94bejx00061360ybgbi4lp\",0]","service":"preplyte-api","timestamp":"2026-02-06 09:43:18"}
{"level":"debug","message":"Duration: 0ms","service":"preplyte-api","timestamp":"2026-02-06 09:43:18"}
{"level":"debug","message":"Query: SELECT \"public\".\"lms_topic_progress\".\"id\", \"public\".\"lms_topic_progress\".\"userId\", \"public\".\"lms_topic_progress\".\"topicId\", \"public\".\"lms_topic_progress\".\"status\"::text, \"public\".\"lms_topic_progress\".\"theoryCompleted\", \"public\".\"lms_topic_progress\".\"videoWatched\", \"public\".\"lms_topic_progress\".\"videoProgress\", \"public\".\"lms_topic_progress\".\"timeSpentMinutes\", \"public\".\"lms_topic_progress\".\"startedAt\", \"public\".\"lms_topic_progress\".\"completedAt\", \"public\".\"lms_topic_progress\".\"createdAt\", \"public\".\"lms_topic_progress\".\"updatedAt\" FROM \"public\".\"lms_topic_progress\" WHERE ((\"public\".\"lms_topic_progress\".\"userId\" = $1 AND \"public\".\"lms_topic_progress\".\"topicId\" = $2) AND 1=1) LIMIT $3 OFFSET $4","service":"preplyte-api","timestamp":"2026-02-06 09:43:18"}
{"level":"debug","message":"Params: [\"cml92ugqs0007q3oof2k0hw35\",\"cml94bejy00071360x0i56b1a\",1,0]","service":"preplyte-api","timestamp":"2026-02-06 09:43:18"}
{"level":"debug","message":"Duration: 0ms","service":"preplyte-api","timestamp":"2026-02-06 09:43:18"}
{"level":"debug","message":"Query: UPDATE \"public\".\"lms_enrollments\" SET \"lastAccessedAt\" = $1, \"updatedAt\" = $2 WHERE (\"public\".\"lms_enrollments\".\"id\" = $3 AND 1=1) RETURNING \"public\".\"lms_enrollments\".\"id\", \"public\".\"lms_enrollments\".\"userId\", \"public\".\"lms_enrollments\".\"courseId\", \"public\".\"lms_enrollments\".\"status\"::text, \"public\".\"lms_enrollments\".\"completedModules\", \"public\".\"lms_enrollments\".\"completedTopics\", \"public\".\"lms_enrollments\".\"progressPercent\", \"public\".\"lms_enrollments\".\"totalPointsEarned\", \"public\".\"lms_enrollments\".\"moduleTestPointsEarned\", \"public\".\"lms_enrollments\".\"finalTestPointsEarned\", \"public\".\"lms_enrollments\".\"finalTestAttempted\", \"public\".\"lms_enrollments\".\"finalTestPassed\", \"public\".\"lms_enrollments\".\"finalTestScore\", \"public\".\"lms_enrollments\".\"finalTestMarks\", \"public\".\"lms_enrollments\".\"enrolledAt\", \"public\".\"lms_enrollments\".\"startedAt\", \"public\".\"lms_enrollments\".\"completedAt\", \"public\".\"lms_enrollments\".\"lastAccessedAt\", \"public\".\"lms_enrollments\".\"certificateUrl\", \"public\".\"lms_enrollments\".\"certificateIssuedAt\", \"public\".\"lms_enrollments\".\"createdAt\", \"public\".\"lms_enrollments\".\"updatedAt\"","service":"preplyte-api","timestamp":"2026-02-06 09:43:18"}
{"level":"debug","message":"Params: [\"2026-02-06 04:13:18.146 UTC\",\"2026-02-06 04:13:18.149 UTC\",\"cml94d4ej000e136026t1ddly\"]","service":"preplyte-api","timestamp":"2026-02-06 09:43:18"}
{"level":"debug","message":"Duration: 1ms","service":"preplyte-api","timestamp":"2026-02-06 09:43:18"}
{"level":"info","message":"\u001b[0mGET /api/lms/courses/java-fullstack/modules/1/topics/1 \u001b[36m304\u001b[0m 27.546 ms - -\u001b[0m","service":"preplyte-api","timestamp":"2026-02-06 09:43:18"}
{"level":"info","message":"\u001b[0mGET /api/admin/lms/categories \u001b[33m401\u001b[0m 0.798 ms - 108\u001b[0m","service":"preplyte-api","timestamp":"2026-02-06 09:43:58"}
{"level":"debug","message":"Query: SELECT 1","service":"preplyte-api","timestamp":"2026-02-06 09:43:58"}
{"level":"debug","message":"Params: []","service":"preplyte-api","timestamp":"2026-02-06 09:43:58"}
{"level":"debug","message":"Duration: 0ms","service":"preplyte-api","timestamp":"2026-02-06 09:43:58"}
{"level":"debug","message":"Query: SELECT \"public\".\"refresh_tokens\".\"id\", \"public\".\"refresh_tokens\".\"token\", \"public\".\"refresh_tokens\".\"userId\", \"public\".\"refresh_tokens\".\"expiresAt\", \"public\".\"refresh_tokens\".\"revokedAt\", \"public\".\"refresh_tokens\".\"userAgent\", \"public\".\"refresh_tokens\".\"ipAddress\", \"public\".\"refresh_tokens\".\"createdAt\" FROM \"public\".\"refresh_tokens\" WHERE (\"public\".\"refresh_tokens\".\"token\" = $1 AND \"public\".\"refresh_tokens\".\"userId\" = $2) LIMIT $3 OFFSET $4","service":"preplyte-api","timestamp":"2026-02-06 09:43:58"}
{"level":"debug","message":"Params: [\"0d2b688ba4c606ee0816c0936a573eb885aec02704788f9258c6117193b02a30\",\"cml92r5r50001q3oopvkslp23\",1,0]","service":"preplyte-api","timestamp":"2026-02-06 09:43:58"}
{"level":"debug","message":"Duration: 5ms","service":"preplyte-api","timestamp":"2026-02-06 09:43:58"}
{"level":"debug","message":"Query: SELECT \"public\".\"users\".\"id\", \"public\".\"users\".\"email\", \"public\".\"users\".\"password\", \"public\".\"users\".\"name\", \"public\".\"users\".\"role\"::text, \"public\".\"users\".\"isActive\", \"public\".\"users\".\"instituteId\", \"public\".\"users\".\"createdAt\", \"public\".\"users\".\"updatedAt\", \"public\".\"users\".\"lastLoginAt\", \"public\".\"users\".\"tokenVersion\" FROM \"public\".\"users\" WHERE (\"public\".\"users\".\"id\" = $1 AND 1=1) LIMIT $2 OFFSET $3","service":"preplyte-api","timestamp":"2026-02-06 09:43:58"}
{"level":"debug","message":"Params: [\"cml92r5r50001q3oopvkslp23\",1,0]","service":"preplyte-api","timestamp":"2026-02-06 09:43:58"}
{"level":"debug","message":"Duration: 1ms","service":"preplyte-api","timestamp":"2026-02-06 09:43:58"}
{"level":"debug","message":"Query: BEGIN","service":"preplyte-api","timestamp":"2026-02-06 09:43:58"}
{"level":"debug","message":"Params: []","service":"preplyte-api","timestamp":"2026-02-06 09:43:58"}
{"level":"debug","message":"Duration: 0ms","service":"preplyte-api","timestamp":"2026-02-06 09:43:58"}
{"level":"debug","message":"Query: UPDATE \"public\".\"refresh_tokens\" SET \"revokedAt\" = $1 WHERE (\"public\".\"refresh_tokens\".\"id\" = $2 AND 1=1) RETURNING \"public\".\"refresh_tokens\".\"id\", \"public\".\"refresh_tokens\".\"token\", \"public\".\"refresh_tokens\".\"userId\", \"public\".\"refresh_tokens\".\"expiresAt\", \"public\".\"refresh_tokens\".\"revokedAt\", \"public\".\"refresh_tokens\".\"userAgent\", \"public\".\"refresh_tokens\".\"ipAddress\", \"public\".\"refresh_tokens\".\"createdAt\"","service":"preplyte-api","timestamp":"2026-02-06 09:43:58"}
{"level":"debug","message":"Params: [\"2026-02-06 04:13:58.699 UTC\",\"cmlactuvd0003nmfrxfckgxtn\"]","service":"preplyte-api","timestamp":"2026-02-06 09:43:58"}
{"level":"debug","message":"Duration: 2ms","service":"preplyte-api","timestamp":"2026-02-06 09:43:58"}
{"level":"debug","message":"Query: INSERT INTO \"public\".\"refresh_tokens\" (\"id\",\"token\",\"userId\",\"expiresAt\",\"createdAt\") VALUES ($1,$2,$3,$4,$5) RETURNING \"public\".\"refresh_tokens\".\"id\", \"public\".\"refresh_tokens\".\"token\", \"public\".\"refresh_tokens\".\"userId\", \"public\".\"refresh_tokens\".\"expiresAt\", \"public\".\"refresh_tokens\".\"revokedAt\", \"public\".\"refresh_tokens\".\"userAgent\", \"public\".\"refresh_tokens\".\"ipAddress\", \"public\".\"refresh_tokens\".\"createdAt\"","service":"preplyte-api","timestamp":"2026-02-06 09:43:58"}
{"level":"debug","message":"Params: [\"cmladf299000hnmfr7w8xoepm\",\"2b8c776c9eb9ce2cd5eac5683da781d068ca2df0c8c9f60d9543be8c14adfd97\",\"cml92r5r50001q3oopvkslp23\",\"2026-02-13 04:13:58.699 UTC\",\"2026-02-06 04:13:58.701 UTC\"]","service":"preplyte-api","timestamp":"2026-02-06 09:43:58"}
{"level":"debug","message":"Duration: 1ms","service":"preplyte-api","timestamp":"2026-02-06 09:43:58"}
{"level":"debug","message":"Query: COMMIT","service":"preplyte-api","timestamp":"2026-02-06 09:43:58"}
{"level":"debug","message":"Params: []","service":"preplyte-api","timestamp":"2026-02-06 09:43:58"}
{"level":"debug","message":"Duration: 0ms","service":"preplyte-api","timestamp":"2026-02-06 09:43:58"}
{"level":"info","message":"Token refreshed successfully","service":"preplyte-api","timestamp":"2026-02-06 09:43:58","userId":"cml92r5r50001q3oopvkslp23"}
{"level":"info","message":"\u001b[0mPOST /api/auth/refresh \u001b[32m200\u001b[0m 24.861 ms - 946\u001b[0m","service":"preplyte-api","timestamp":"2026-02-06 09:43:58"}
{"level":"debug","message":"Query: SELECT \"public\".\"users\".\"id\", \"public\".\"users\".\"email\", \"public\".\"users\".\"role\"::text, \"public\".\"users\".\"instituteId\", \"public\".\"users\".\"isActive\", \"public\".\"users\".\"tokenVersion\" FROM \"public\".\"users\" WHERE (\"public\".\"users\".\"id\" = $1 AND 1=1) LIMIT $2 OFFSET $3","service":"preplyte-api","timestamp":"2026-02-06 09:43:58"}
{"level":"debug","message":"Params: [\"cml92r5r50001q3oopvkslp23\",1,0]","service":"preplyte-api","timestamp":"2026-02-06 09:43:58"}
{"level":"debug","message":"Duration: 0ms","service":"preplyte-api","timestamp":"2026-02-06 09:43:58"}
{"level":"debug","message":"Query: SELECT \"public\".\"lms_categories\".\"id\", \"public\".\"lms_categories\".\"name\", \"public\".\"lms_categories\".\"slug\", \"public\".\"lms_categories\".\"description\", \"public\".\"lms_categories\".\"iconUrl\", \"public\".\"lms_categories\".\"order\", \"public\".\"lms_categories\".\"isActive\", \"public\".\"lms_categories\".\"createdAt\", \"public\".\"lms_categories\".\"updatedAt\", COALESCE(\"aggr_selection_0_LmsCourse\".\"_aggr_count_courses\", 0) AS \"_aggr_count_courses\" FROM \"public\".\"lms_categories\" LEFT JOIN (SELECT \"public\".\"lms_courses\".\"categoryId\", COUNT(*) AS \"_aggr_count_courses\" FROM \"public\".\"lms_courses\" WHERE 1=1 GROUP BY \"public\".\"lms_courses\".\"categoryId\") AS \"aggr_selection_0_LmsCourse\" ON (\"public\".\"lms_categories\".\"id\" = \"aggr_selection_0_LmsCourse\".\"categoryId\") WHERE 1=1 ORDER BY \"public\".\"lms_categories\".\"order\" ASC OFFSET $1","service":"preplyte-api","timestamp":"2026-02-06 09:43:58"}
{"level":"debug","message":"Params: [0]","service":"preplyte-api","timestamp":"2026-02-06 09:43:58"}
{"level":"debug","message":"Duration: 1ms","service":"preplyte-api","timestamp":"2026-02-06 09:43:58"}
{"level":"info","message":"\u001b[0mGET /api/admin/lms/categories \u001b[36m304\u001b[0m 8.497 ms - -\u001b[0m","service":"preplyte-api","timestamp":"2026-02-06 09:43:58"}
{"level":"debug","message":"Query: SELECT 1","service":"preplyte-api","timestamp":"2026-02-06 09:44:54"}
{"level":"debug","message":"Params: []","service":"preplyte-api","timestamp":"2026-02-06 09:44:54"}
{"level":"debug","message":"Duration: 0ms","service":"preplyte-api","timestamp":"2026-02-06 09:44:54"}
{"level":"debug","message":"Query: SELECT \"public\".\"users\".\"id\", \"public\".\"users\".\"email\", \"public\".\"users\".\"role\"::text, \"public\".\"users\".\"instituteId\", \"public\".\"users\".\"isActive\", \"public\".\"users\".\"tokenVersion\" FROM \"public\".\"users\" WHERE (\"public\".\"users\".\"id\" = $1 AND 1=1) LIMIT $2 OFFSET $3","service":"preplyte-api","timestamp":"2026-02-06 09:44:54"}
{"level":"debug","message":"Params: [\"cml92ugqs0007q3oof2k0hw35\",1,0]","service":"preplyte-api","timestamp":"2026-02-06 09:44:54"}
{"level":"debug","message":"Duration: 1ms","service":"preplyte-api","timestamp":"2026-02-06 09:44:54"}
{"level":"debug","message":"Query: SELECT \"public\".\"lms_courses\".\"id\", \"public\".\"lms_courses\".\"title\", \"public\".\"lms_courses\".\"slug\" FROM \"public\".\"lms_courses\" WHERE (\"public\".\"lms_courses\".\"slug\" = $1 AND 1=1) LIMIT $2 OFFSET $3","service":"preplyte-api","timestamp":"2026-02-06 09:44:54"}
{"level":"debug","message":"Params: [\"java-fullstack\",1,0]","service":"preplyte-api","timestamp":"2026-02-06 09:44:54"}
{"level":"debug","message":"Duration: 0ms","service":"preplyte-api","timestamp":"2026-02-06 09:44:54"}
{"level":"debug","message":"Query: SELECT \"public\".\"lms_enrollments\".\"id\", \"public\".\"lms_enrollments\".\"userId\", \"public\".\"lms_enrollments\".\"courseId\", \"public\".\"lms_enrollments\".\"status\"::text, \"public\".\"lms_enrollments\".\"completedModules\", \"public\".\"lms_enrollments\".\"completedTopics\", \"public\".\"lms_enrollments\".\"progressPercent\", \"public\".\"lms_enrollments\".\"totalPointsEarned\", \"public\".\"lms_enrollments\".\"moduleTestPointsEarned\", \"public\".\"lms_enrollments\".\"finalTestPointsEarned\", \"public\".\"lms_enrollments\".\"finalTestAttempted\", \"public\".\"lms_enrollments\".\"finalTestPassed\", \"public\".\"lms_enrollments\".\"finalTestScore\", \"public\".\"lms_enrollments\".\"finalTestMarks\", \"public\".\"lms_enrollments\".\"enrolledAt\", \"public\".\"lms_enrollments\".\"startedAt\", \"public\".\"lms_enrollments\".\"completedAt\", \"public\".\"lms_enrollments\".\"lastAccessedAt\", \"public\".\"lms_enrollments\".\"certificateUrl\", \"public\".\"lms_enrollments\".\"certificateIssuedAt\", \"public\".\"lms_enrollments\".\"createdAt\", \"public\".\"lms_enrollments\".\"updatedAt\" FROM \"public\".\"lms_enrollments\" WHERE ((\"public\".\"lms_enrollments\".\"userId\" = $1 AND \"public\".\"lms_enrollments\".\"courseId\" = $2) AND 1=1) LIMIT $3 OFFSET $4","service":"preplyte-api","timestamp":"2026-02-06 09:44:54"}
{"level":"debug","message":"Params: [\"cml92ugqs0007q3oof2k0hw35\",\"cml94bejx00051360oftmcm9a\",1,0]","service":"preplyte-api","timestamp":"2026-02-06 09:44:54"}
{"level":"debug","message":"Duration: 0ms","service":"preplyte-api","timestamp":"2026-02-06 09:44:54"}
{"level":"debug","message":"Query: SELECT \"public\".\"lms_modules\".\"id\", \"public\".\"lms_modules\".\"courseId\", \"public\".\"lms_modules\".\"title\", \"public\".\"lms_modules\".\"shortDescription\", \"public\".\"lms_modules\".\"description\", \"public\".\"lms_modules\".\"order\", \"public\".\"lms_modules\".\"totalTopics\", \"public\".\"lms_modules\".\"points\", \"public\".\"lms_modules\".\"estimatedMinutes\", \"public\".\"lms_modules\".\"isActive\", \"public\".\"lms_modules\".\"createdAt\", \"public\".\"lms_modules\".\"updatedAt\" FROM \"public\".\"lms_modules\" WHERE (\"public\".\"lms_modules\".\"courseId\" = $1 AND \"public\".\"lms_modules\".\"order\" = $2 AND \"public\".\"lms_modules\".\"isActive\" = $3) LIMIT $4 OFFSET $5","service":"preplyte-api","timestamp":"2026-02-06 09:44:54"}
{"level":"debug","message":"Params: [\"cml94bejx00051360oftmcm9a\",1,true,1,0]","service":"preplyte-api","timestamp":"2026-02-06 09:44:54"}
{"level":"debug","message":"Duration: 0ms","service":"preplyte-api","timestamp":"2026-02-06 09:44:54"}
{"level":"debug","message":"Query: SELECT \"public\".\"lms_topics\".\"id\", \"public\".\"lms_topics\".\"moduleId\", \"public\".\"lms_topics\".\"title\", \"public\".\"lms_topics\".\"description\", \"public\".\"lms_topics\".\"order\", \"public\".\"lms_topics\".\"theoryContent\", \"public\".\"lms_topics\".\"videoUrl\", \"public\".\"lms_topics\".\"videoDuration\", \"public\".\"lms_topics\".\"estimatedMinutes\", \"public\".\"lms_topics\".\"resources\", \"public\".\"lms_topics\".\"isActive\", \"public\".\"lms_topics\".\"createdAt\", \"public\".\"lms_topics\".\"updatedAt\" FROM \"public\".\"lms_topics\" WHERE (\"public\".\"lms_topics\".\"isActive\" = $1 AND \"public\".\"lms_topics\".\"moduleId\" IN ($2)) ORDER BY \"public\".\"lms_topics\".\"order\" ASC OFFSET $3","service":"preplyte-api","timestamp":"2026-02-06 09:44:54"}
{"level":"debug","message":"Params: [true,\"cml94bejx00061360ybgbi4lp\",0]","service":"preplyte-api","timestamp":"2026-02-06 09:44:54"}
{"level":"debug","message":"Duration: 0ms","service":"preplyte-api","timestamp":"2026-02-06 09:44:54"}
{"level":"debug","message":"Query: SELECT \"public\".\"lms_topic_progress\".\"id\", \"public\".\"lms_topic_progress\".\"userId\", \"public\".\"lms_topic_progress\".\"topicId\", \"public\".\"lms_topic_progress\".\"status\"::text, \"public\".\"lms_topic_progress\".\"theoryCompleted\", \"public\".\"lms_topic_progress\".\"videoWatched\", \"public\".\"lms_topic_progress\".\"videoProgress\", \"public\".\"lms_topic_progress\".\"timeSpentMinutes\", \"public\".\"lms_topic_progress\".\"startedAt\", \"public\".\"lms_topic_progress\".\"completedAt\", \"public\".\"lms_topic_progress\".\"createdAt\", \"public\".\"lms_topic_progress\".\"updatedAt\" FROM \"public\".\"lms_topic_progress\" WHERE ((\"public\".\"lms_topic_progress\".\"userId\" = $1 AND \"public\".\"lms_topic_progress\".\"topicId\" = $2) AND 1=1) LIMIT $3 OFFSET $4","service":"preplyte-api","timestamp":"2026-02-06 09:44:54"}
{"level":"debug","message":"Params: [\"cml92ugqs0007q3oof2k0hw35\",\"cml94bejy00071360x0i56b1a\",1,0]","service":"preplyte-api","timestamp":"2026-02-06 09:44:54"}
{"level":"debug","message":"Duration: 0ms","service":"preplyte-api","timestamp":"2026-02-06 09:44:54"}
{"level":"debug","message":"Query: UPDATE \"public\".\"lms_enrollments\" SET \"lastAccessedAt\" = $1, \"updatedAt\" = $2 WHERE (\"public\".\"lms_enrollments\".\"id\" = $3 AND 1=1) RETURNING \"public\".\"lms_enrollments\".\"id\", \"public\".\"lms_enrollments\".\"userId\", \"public\".\"lms_enrollments\".\"courseId\", \"public\".\"lms_enrollments\".\"status\"::text, \"public\".\"lms_enrollments\".\"completedModules\", \"public\".\"lms_enrollments\".\"completedTopics\", \"public\".\"lms_enrollments\".\"progressPercent\", \"public\".\"lms_enrollments\".\"totalPointsEarned\", \"public\".\"lms_enrollments\".\"moduleTestPointsEarned\", \"public\".\"lms_enrollments\".\"finalTestPointsEarned\", \"public\".\"lms_enrollments\".\"finalTestAttempted\", \"public\".\"lms_enrollments\".\"finalTestPassed\", \"public\".\"lms_enrollments\".\"finalTestScore\", \"public\".\"lms_enrollments\".\"finalTestMarks\", \"public\".\"lms_enrollments\".\"enrolledAt\", \"public\".\"lms_enrollments\".\"startedAt\", \"public\".\"lms_enrollments\".\"completedAt\", \"public\".\"lms_enrollments\".\"lastAccessedAt\", \"public\".\"lms_enrollments\".\"certificateUrl\", \"public\".\"lms_enrollments\".\"certificateIssuedAt\", \"public\".\"lms_enrollments\".\"createdAt\", \"public\".\"lms_enrollments\".\"updatedAt\"","service":"preplyte-api","timestamp":"2026-02-06 09:44:54"}
{"level":"debug","message":"Params: [\"2026-02-06 04:14:54.639 UTC\",\"2026-02-06 04:14:54.641 UTC\",\"cml94d4ej000e136026t1ddly\"]","service":"preplyte-api","timestamp":"2026-02-06 09:44:54"}
{"level":"debug","message":"Duration: 3ms","service":"preplyte-api","timestamp":"2026-02-06 09:44:54"}
{"level":"info","message":"\u001b[0mGET /api/lms/courses/java-fullstack/modules/1/topics/1 \u001b[36m304\u001b[0m 42.685 ms - -\u001b[0m","service":"preplyte-api","timestamp":"2026-02-06 09:44:54"}
{"baseURL":"https://judge0-ce.p.rapidapi.com","level":"info","message":"Judge0 client initialized","service":"preplyte-api","timestamp":"2026-02-06 09:49:35","useRapidAPI":true}
{"level":"info","message":"[TTS] Using Deepgram for text-to-speech","service":"preplyte-api","timestamp":"2026-02-06 09:49:35"}
{"environment":"development","host":"0.0.0.0","level":"info","message":"Starting server...","port":4000,"service":"preplyte-api","timestamp":"2026-02-06 09:49:36"}
{"level":"info","message":"Checking database connection...","service":"preplyte-api","timestamp":"2026-02-06 09:49:36"}
{"level":"debug","message":"Query: SELECT 1","service":"preplyte-api","timestamp":"2026-02-06 09:49:36"}
{"level":"debug","message":"Params: []","service":"preplyte-api","timestamp":"2026-02-06 09:49:36"}
{"level":"debug","message":"Duration: 1ms","service":"preplyte-api","timestamp":"2026-02-06 09:49:36"}
{"level":"info","message":"✅ Database connected successfully","service":"preplyte-api","timestamp":"2026-02-06 09:49:36"}
{"level":"info","message":"[WS Gateway] WebSocket server initialized","path":"/ws/interview/:sessionId","service":"preplyte-api","timestamp":"2026-02-06 09:49:36"}
{"api":"http://localhost:4000/api","environment":"development","health":"http://localhost:4000/health","host":"0.0.0.0","level":"info","message":"🚀 Server running","port":4000,"service":"preplyte-api","timestamp":"2026-02-06 09:49:36","websocket":"ws://localhost:4000/ws/interview/:sessionId"}
{"level":"debug","message":"Query: SELECT 1","service":"preplyte-api","timestamp":"2026-02-06 09:50:06"}
{"level":"debug","message":"Params: []","service":"preplyte-api","timestamp":"2026-02-06 09:50:06"}
{"level":"debug","message":"Duration: 0ms","service":"preplyte-api","timestamp":"2026-02-06 09:50:06"}
{"level":"debug","message":"Query: SELECT \"public\".\"users\".\"id\", \"public\".\"users\".\"email\", \"public\".\"users\".\"role\"::text, \"public\".\"users\".\"instituteId\", \"public\".\"users\".\"isActive\", \"public\".\"users\".\"tokenVersion\" FROM \"public\".\"users\" WHERE (\"public\".\"users\".\"id\" = $1 AND 1=1) LIMIT $2 OFFSET $3","service":"preplyte-api","timestamp":"2026-02-06 09:50:06"}
{"level":"debug","message":"Params: [\"cml92r5r50001q3oopvkslp23\",1,0]","service":"preplyte-api","timestamp":"2026-02-06 09:50:06"}
{"level":"debug","message":"Duration: 8ms","service":"preplyte-api","timestamp":"2026-02-06 09:50:06"}
{"level":"debug","message":"Query: SELECT \"public\".\"lms_categories\".\"id\", \"public\".\"lms_categories\".\"name\", \"public\".\"lms_categories\".\"slug\", \"public\".\"lms_categories\".\"description\", \"public\".\"lms_categories\".\"iconUrl\", \"public\".\"lms_categories\".\"order\", \"public\".\"lms_categories\".\"isActive\", \"public\".\"lms_categories\".\"createdAt\", \"public\".\"lms_categories\".\"updatedAt\", COALESCE(\"aggr_selection_0_LmsCourse\".\"_aggr_count_courses\", 0) AS \"_aggr_count_courses\" FROM \"public\".\"lms_categories\" LEFT JOIN (SELECT \"public\".\"lms_courses\".\"categoryId\", COUNT(*) AS \"_aggr_count_courses\" FROM \"public\".\"lms_courses\" WHERE 1=1 GROUP BY \"public\".\"lms_courses\".\"categoryId\") AS \"aggr_selection_0_LmsCourse\" ON (\"public\".\"lms_categories\".\"id\" = \"aggr_selection_0_LmsCourse\".\"categoryId\") WHERE 1=1 ORDER BY \"public\".\"lms_categories\".\"order\" ASC OFFSET $1","service":"preplyte-api","timestamp":"2026-02-06 09:50:06"}
{"level":"debug","message":"Params: [0]","service":"preplyte-api","timestamp":"2026-02-06 09:50:06"}
{"level":"debug","message":"Duration: 14ms","service":"preplyte-api","timestamp":"2026-02-06 09:50:06"}
{"level":"info","message":"\u001b[0mGET /api/admin/lms/categories \u001b[36m304\u001b[0m 41.483 ms - -\u001b[0m","service":"preplyte-api","timestamp":"2026-02-06 09:50:06"}
{"level":"debug","message":"Query: SELECT 1","service":"preplyte-api","timestamp":"2026-02-06 09:51:40"}
{"level":"debug","message":"Params: []","service":"preplyte-api","timestamp":"2026-02-06 09:51:40"}
{"level":"debug","message":"Duration: 0ms","service":"preplyte-api","timestamp":"2026-02-06 09:51:40"}
{"level":"debug","message":"Query: SELECT \"public\".\"users\".\"id\", \"public\".\"users\".\"email\", \"public\".\"users\".\"role\"::text, \"public\".\"users\".\"instituteId\", \"public\".\"users\".\"isActive\", \"public\".\"users\".\"tokenVersion\" FROM \"public\".\"users\" WHERE (\"public\".\"users\".\"id\" = $1 AND 1=1) LIMIT $2 OFFSET $3","service":"preplyte-api","timestamp":"2026-02-06 09:51:40"}
{"level":"debug","message":"Params: [\"cml92r5r50001q3oopvkslp23\",1,0]","service":"preplyte-api","timestamp":"2026-02-06 09:51:40"}
{"level":"debug","message":"Duration: 0ms","service":"preplyte-api","timestamp":"2026-02-06 09:51:40"}
{"level":"debug","message":"Query: SELECT \"public\".\"lms_categories\".\"id\", \"public\".\"lms_categories\".\"name\", \"public\".\"lms_categories\".\"slug\", \"public\".\"lms_categories\".\"description\", \"public\".\"lms_categories\".\"iconUrl\", \"public\".\"lms_categories\".\"order\", \"public\".\"lms_categories\".\"isActive\", \"public\".\"lms_categories\".\"createdAt\", \"public\".\"lms_categories\".\"updatedAt\", COALESCE(\"aggr_selection_0_LmsCourse\".\"_aggr_count_courses\", 0) AS \"_aggr_count_courses\" FROM \"public\".\"lms_categories\" LEFT JOIN (SELECT \"public\".\"lms_courses\".\"categoryId\", COUNT(*) AS \"_aggr_count_courses\" FROM \"public\".\"lms_courses\" WHERE 1=1 GROUP BY \"public\".\"lms_courses\".\"categoryId\") AS \"aggr_selection_0_LmsCourse\" ON (\"public\".\"lms_categories\".\"id\" = \"aggr_selection_0_LmsCourse\".\"categoryId\") WHERE 1=1 ORDER BY \"public\".\"lms_categories\".\"order\" ASC OFFSET $1","service":"preplyte-api","timestamp":"2026-02-06 09:51:40"}
{"level":"debug","message":"Params: [0]","service":"preplyte-api","timestamp":"2026-02-06 09:51:40"}
{"level":"debug","message":"Duration: 1ms","service":"preplyte-api","timestamp":"2026-02-06 09:51:40"}
{"level":"info","message":"\u001b[0mGET /api/admin/lms/categories \u001b[36m304\u001b[0m 12.306 ms - -\u001b[0m","service":"preplyte-api","timestamp":"2026-02-06 09:51:40"}
{"level":"debug","message":"Query: SELECT 1","service":"preplyte-api","timestamp":"2026-02-06 09:53:14"}
{"level":"debug","message":"Params: []","service":"preplyte-api","timestamp":"2026-02-06 09:53:14"}
{"level":"debug","message":"Duration: 0ms","service":"preplyte-api","timestamp":"2026-02-06 09:53:14"}
{"level":"debug","message":"Query: SELECT \"public\".\"users\".\"id\", \"public\".\"users\".\"email\", \"public\".\"users\".\"role\"::text, \"public\".\"users\".\"instituteId\", \"public\".\"users\".\"isActive\", \"public\".\"users\".\"tokenVersion\" FROM \"public\".\"users\" WHERE (\"public\".\"users\".\"id\" = $1 AND 1=1) LIMIT $2 OFFSET $3","service":"preplyte-api","timestamp":"2026-02-06 09:53:14"}
{"level":"debug","message":"Params: [\"cml92r5r50001q3oopvkslp23\",1,0]","service":"preplyte-api","timestamp":"2026-02-06 09:53:14"}
{"level":"debug","message":"Duration: 0ms","service":"preplyte-api","timestamp":"2026-02-06 09:53:14"}
{"level":"debug","message":"Query: SELECT \"public\".\"lms_courses\".\"id\", \"public\".\"lms_courses\".\"categoryId\", \"public\".\"lms_courses\".\"title\", \"public\".\"lms_courses\".\"slug\", \"public\".\"lms_courses\".\"shortDescription\", \"public\".\"lms_courses\".\"description\", \"public\".\"lms_courses\".\"thumbnailUrl\", \"public\".\"lms_courses\".\"previewVideoUrl\", \"public\".\"lms_courses\".\"totalModules\", \"public\".\"lms_courses\".\"totalTopics\", \"public\".\"lms_courses\".\"totalPoints\", \"public\".\"lms_courses\".\"totalHours\", \"public\".\"lms_courses\".\"price\", \"public\".\"lms_courses\".\"discountPrice\", \"public\".\"lms_courses\".\"currency\", \"public\".\"lms_courses\".\"status\"::text, \"public\".\"lms_courses\".\"isActive\", \"public\".\"lms_courses\".\"certificateEnabled\", \"public\".\"lms_courses\".\"passingPercentage\", \"public\".\"lms_courses\".\"tags\", \"public\".\"lms_courses\".\"difficulty\"::text, \"public\".\"lms_courses\".\"instructor\", \"public\".\"lms_courses\".\"language\", \"public\".\"lms_courses\".\"createdAt\", \"public\".\"lms_courses\".\"updatedAt\", \"public\".\"lms_courses\".\"publishedAt\", COALESCE(\"aggr_selection_0_LmsEnrollment\".\"_aggr_count_enrollments\", 0) AS \"_aggr_count_enrollments\" FROM \"public\".\"lms_courses\" LEFT JOIN (SELECT \"public\".\"lms_enrollments\".\"courseId\", COUNT(*) AS \"_aggr_count_enrollments\" FROM \"public\".\"lms_enrollments\" WHERE 1=1 GROUP BY \"public\".\"lms_enrollments\".\"courseId\") AS \"aggr_selection_0_LmsEnrollment\" ON (\"public\".\"lms_courses\".\"id\" = \"aggr_selection_0_LmsEnrollment\".\"courseId\") WHERE (\"public\".\"lms_courses\".\"id\" = $1 AND 1=1) LIMIT $2 OFFSET $3","service":"preplyte-api","timestamp":"2026-02-06 09:53:14"}
{"level":"debug","message":"Params: [\"cml94bejx00051360oftmcm9a\",1,0]","service":"preplyte-api","timestamp":"2026-02-06 09:53:14"}
{"level":"debug","message":"Duration: 11ms","service":"preplyte-api","timestamp":"2026-02-06 09:53:14"}
{"level":"debug","message":"Query: SELECT \"public\".\"lms_categories\".\"id\", \"public\".\"lms_categories\".\"name\", \"public\".\"lms_categories\".\"slug\", \"public\".\"lms_categories\".\"description\", \"public\".\"lms_categories\".\"iconUrl\", \"public\".\"lms_categories\".\"order\", \"public\".\"lms_categories\".\"isActive\", \"public\".\"lms_categories\".\"createdAt\", \"public\".\"lms_categories\".\"updatedAt\" FROM \"public\".\"lms_categories\" WHERE \"public\".\"lms_categories\".\"id\" IN ($1) OFFSET $2","service":"preplyte-api","timestamp":"2026-02-06 09:53:14"}
{"level":"debug","message":"Params: [\"cml92k1i3000017d0bq70mkrl\",0]","service":"preplyte-api","timestamp":"2026-02-06 09:53:14"}
{"level":"debug","message":"Duration: 1ms","service":"preplyte-api","timestamp":"2026-02-06 09:53:14"}
{"level":"debug","message":"Query: SELECT \"public\".\"lms_modules\".\"id\", \"public\".\"lms_modules\".\"courseId\", \"public\".\"lms_modules\".\"title\", \"public\".\"lms_modules\".\"shortDescription\", \"public\".\"lms_modules\".\"description\", \"public\".\"lms_modules\".\"order\", \"public\".\"lms_modules\".\"totalTopics\", \"public\".\"lms_modules\".\"points\", \"public\".\"lms_modules\".\"estimatedMinutes\", \"public\".\"lms_modules\".\"isActive\", \"public\".\"lms_modules\".\"createdAt\", \"public\".\"lms_modules\".\"updatedAt\" FROM \"public\".\"lms_modules\" WHERE \"public\".\"lms_modules\".\"courseId\" IN ($1) ORDER BY \"public\".\"lms_modules\".\"order\" ASC OFFSET $2","service":"preplyte-api","timestamp":"2026-02-06 09:53:14"}
{"level":"debug","message":"Params: [\"cml94bejx00051360oftmcm9a\",0]","service":"preplyte-api","timestamp":"2026-02-06 09:53:14"}
{"level":"debug","message":"Duration: 6ms","service":"preplyte-api","timestamp":"2026-02-06 09:53:14"}
{"level":"debug","message":"Query: SELECT \"public\".\"lms_topics\".\"id\", \"public\".\"lms_topics\".\"moduleId\", \"public\".\"lms_topics\".\"title\", \"public\".\"lms_topics\".\"description\", \"public\".\"lms_topics\".\"order\", \"public\".\"lms_topics\".\"theoryContent\", \"public\".\"lms_topics\".\"videoUrl\", \"public\".\"lms_topics\".\"videoDuration\", \"public\".\"lms_topics\".\"estimatedMinutes\", \"public\".\"lms_topics\".\"resources\", \"public\".\"lms_topics\".\"isActive\", \"public\".\"lms_topics\".\"createdAt\", \"public\".\"lms_topics\".\"updatedAt\" FROM \"public\".\"lms_topics\" WHERE \"public\".\"lms_topics\".\"moduleId\" IN ($1) ORDER BY \"public\".\"lms_topics\".\"order\" ASC OFFSET $2","service":"preplyte-api","timestamp":"2026-02-06 09:53:14"}
{"level":"debug","message":"Params: [\"cml94bejx00061360ybgbi4lp\",0]","service":"preplyte-api","timestamp":"2026-02-06 09:53:14"}
{"level":"debug","message":"Duration: 7ms","service":"preplyte-api","timestamp":"2026-02-06 09:53:14"}
{"level":"debug","message":"Query: SELECT \"public\".\"lms_module_tests\".\"id\", \"public\".\"lms_module_tests\".\"moduleId\", \"public\".\"lms_module_tests\".\"title\", \"public\".\"lms_module_tests\".\"instructions\", \"public\".\"lms_module_tests\".\"totalQuestions\", \"public\".\"lms_module_tests\".\"passingScore\", \"public\".\"lms_module_tests\".\"timeLimitMinutes\", \"public\".\"lms_module_tests\".\"maxAttempts\", \"public\".\"lms_module_tests\".\"pointsPerQuestion\", \"public\".\"lms_module_tests\".\"totalPoints\", \"public\".\"lms_module_tests\".\"isActive\", \"public\".\"lms_module_tests\".\"createdAt\", \"public\".\"lms_module_tests\".\"updatedAt\" FROM \"public\".\"lms_module_tests\" WHERE \"public\".\"lms_module_tests\".\"moduleId\" IN ($1) OFFSET $2","service":"preplyte-api","timestamp":"2026-02-06 09:53:14"}
{"level":"debug","message":"Params: [\"cml94bejx00061360ybgbi4lp\",0]","service":"preplyte-api","timestamp":"2026-02-06 09:53:14"}
{"level":"debug","message":"Duration: 5ms","service":"preplyte-api","timestamp":"2026-02-06 09:53:14"}
{"level":"debug","message":"Query: SELECT \"public\".\"lms_final_tests\".\"id\", \"public\".\"lms_final_tests\".\"courseId\", \"public\".\"lms_final_tests\".\"title\", \"public\".\"lms_final_tests\".\"instructions\", \"public\".\"lms_final_tests\".\"totalQuestions\", \"public\".\"lms_final_tests\".\"passingScore\", \"public\".\"lms_final_tests\".\"timeLimitMinutes\", \"public\".\"lms_final_tests\".\"pointsPerQuestion\", \"public\".\"lms_final_tests\".\"totalPoints\", \"public\".\"lms_final_tests\".\"maxAttempts\", \"public\".\"lms_final_tests\".\"isActive\", \"public\".\"lms_final_tests\".\"createdAt\", \"public\".\"lms_final_tests\".\"updatedAt\" FROM \"public\".\"lms_final_tests\" WHERE \"public\".\"lms_final_tests\".\"courseId\" IN ($1) OFFSET $2","service":"preplyte-api","timestamp":"2026-02-06 09:53:14"}
{"level":"debug","message":"Params: [\"cml94bejx00051360oftmcm9a\",0]","service":"preplyte-api","timestamp":"2026-02-06 09:53:14"}
{"level":"debug","message":"Duration: 4ms","service":"preplyte-api","timestamp":"2026-02-06 09:53:14"}
{"level":"debug","message":"Query: SELECT \"public\".\"lms_courses\".\"id\", \"public\".\"lms_courses\".\"categoryId\", \"public\".\"lms_courses\".\"title\", \"public\".\"lms_courses\".\"slug\", \"public\".\"lms_courses\".\"shortDescription\", \"public\".\"lms_courses\".\"description\", \"public\".\"lms_courses\".\"thumbnailUrl\", \"public\".\"lms_courses\".\"previewVideoUrl\", \"public\".\"lms_courses\".\"totalModules\", \"public\".\"lms_courses\".\"totalTopics\", \"public\".\"lms_courses\".\"totalPoints\", \"public\".\"lms_courses\".\"totalHours\", \"public\".\"lms_courses\".\"price\", \"public\".\"lms_courses\".\"discountPrice\", \"public\".\"lms_courses\".\"currency\", \"public\".\"lms_courses\".\"status\"::text, \"public\".\"lms_courses\".\"isActive\", \"public\".\"lms_courses\".\"certificateEnabled\", \"public\".\"lms_courses\".\"passingPercentage\", \"public\".\"lms_courses\".\"tags\", \"public\".\"lms_courses\".\"difficulty\"::text, \"public\".\"lms_courses\".\"instructor\", \"public\".\"lms_courses\".\"language\", \"public\".\"lms_courses\".\"createdAt\", \"public\".\"lms_courses\".\"updatedAt\", \"public\".\"lms_courses\".\"publishedAt\" FROM \"public\".\"lms_courses\" WHERE (\"public\".\"lms_courses\".\"slug\" = $1 AND 1=1) LIMIT $2 OFFSET $3","service":"preplyte-api","timestamp":"2026-02-06 09:53:14"}
{"level":"debug","message":"Params: [\"java-fullstack\",1,0]","service":"preplyte-api","timestamp":"2026-02-06 09:53:14"}
{"level":"debug","message":"Duration: 1ms","service":"preplyte-api","timestamp":"2026-02-06 09:53:14"}
{"level":"debug","message":"Query: BEGIN","service":"preplyte-api","timestamp":"2026-02-06 09:53:14"}
{"level":"debug","message":"Params: []","service":"preplyte-api","timestamp":"2026-02-06 09:53:14"}
{"level":"debug","message":"Duration: 0ms","service":"preplyte-api","timestamp":"2026-02-06 09:53:14"}
{"level":"debug","message":"Query: UPDATE \"public\".\"lms_courses\" SET \"categoryId\" = $1, \"title\" = $2, \"slug\" = $3, \"shortDescription\" = $4, \"description\" = $5, \"thumbnailUrl\" = $6, \"previewVideoUrl\" = $7, \"price\" = $8, \"discountPrice\" = $9, \"currency\" = $10, \"status\" = CAST($11::text AS \"public\".\"LmsCourseStatus\"), \"isActive\" = $12, \"certificateEnabled\" = $13, \"passingPercentage\" = $14, \"tags\" = $15, \"difficulty\" = CAST($16::text AS \"public\".\"DifficultyLevel\"), \"instructor\" = $17, \"language\" = $18, \"updatedAt\" = $19 WHERE (\"public\".\"lms_courses\".\"id\" = $20 AND 1=1) RETURNING \"public\".\"lms_courses\".\"id\", \"public\".\"lms_courses\".\"categoryId\", \"public\".\"lms_courses\".\"title\", \"public\".\"lms_courses\".\"slug\", \"public\".\"lms_courses\".\"shortDescription\", \"public\".\"lms_courses\".\"description\", \"public\".\"lms_courses\".\"thumbnailUrl\", \"public\".\"lms_courses\".\"previewVideoUrl\", \"public\".\"lms_courses\".\"totalModules\", \"public\".\"lms_courses\".\"totalTopics\", \"public\".\"lms_courses\".\"totalPoints\", \"public\".\"lms_courses\".\"totalHours\", \"public\".\"lms_courses\".\"price\", \"public\".\"lms_courses\".\"discountPrice\", \"public\".\"lms_courses\".\"currency\", \"public\".\"lms_courses\".\"status\"::text, \"public\".\"lms_courses\".\"isActive\", \"public\".\"lms_courses\".\"certificateEnabled\", \"public\".\"lms_courses\".\"passingPercentage\", \"public\".\"lms_courses\".\"tags\", \"public\".\"lms_courses\".\"difficulty\"::text, \"public\".\"lms_courses\".\"instructor\", \"public\".\"lms_courses\".\"language\", \"public\".\"lms_courses\".\"createdAt\", \"public\".\"lms_courses\".\"updatedAt\", \"public\".\"lms_courses\".\"publishedAt\"","service":"preplyte-api","timestamp":"2026-02-06 09:53:14"}
{"level":"debug","message":"Params: [\"cml92k1i3000017d0bq70mkrl\",\"Java fullstack\",\"java-fullstack\",\"Java is a good language\",\"Learn java with meLearn java with meLearn java with meLearn java with meLearn java with meLearn java with meLearn java with meLearn java with me\",null,null,1000,5,\"INR\",\"PUBLISHED\",true,false,70,[\"java programming\"],\"HARD\",\"Prathamesh Gaikwad\",\"English\",\"2026-02-06 04:23:14.798 UTC\",\"cml94bejx00051360oftmcm9a\"]","service":"preplyte-api","timestamp":"2026-02-06 09:53:14"}
{"level":"debug","message":"Duration: 2ms","service":"preplyte-api","timestamp":"2026-02-06 09:53:14"}
{"level":"debug","message":"Query: SELECT \"public\".\"lms_courses\".\"id\", \"public\".\"lms_courses\".\"categoryId\", \"public\".\"lms_courses\".\"title\", \"public\".\"lms_courses\".\"slug\", \"public\".\"lms_courses\".\"shortDescription\", \"public\".\"lms_courses\".\"description\", \"public\".\"lms_courses\".\"thumbnailUrl\", \"public\".\"lms_courses\".\"previewVideoUrl\", \"public\".\"lms_courses\".\"totalModules\", \"public\".\"lms_courses\".\"totalTopics\", \"public\".\"lms_courses\".\"totalPoints\", \"public\".\"lms_courses\".\"totalHours\", \"public\".\"lms_courses\".\"price\", \"public\".\"lms_courses\".\"discountPrice\", \"public\".\"lms_courses\".\"currency\", \"public\".\"lms_courses\".\"status\"::text, \"public\".\"lms_courses\".\"isActive\", \"public\".\"lms_courses\".\"certificateEnabled\", \"public\".\"lms_courses\".\"passingPercentage\", \"public\".\"lms_courses\".\"tags\", \"public\".\"lms_courses\".\"difficulty\"::text, \"public\".\"lms_courses\".\"instructor\", \"public\".\"lms_courses\".\"language\", \"public\".\"lms_courses\".\"createdAt\", \"public\".\"lms_courses\".\"updatedAt\", \"public\".\"lms_courses\".\"publishedAt\" FROM \"public\".\"lms_courses\" WHERE \"public\".\"lms_courses\".\"id\" = $1 LIMIT $2 OFFSET $3","service":"preplyte-api","timestamp":"2026-02-06 09:53:14"}
{"level":"debug","message":"Params: [\"cml94bejx00051360oftmcm9a\",1,0]","service":"preplyte-api","timestamp":"2026-02-06 09:53:14"}
{"level":"debug","message":"Duration: 1ms","service":"preplyte-api","timestamp":"2026-02-06 09:53:14"}
{"level":"debug","message":"Query: SELECT \"public\".\"lms_categories\".\"id\", \"public\".\"lms_categories\".\"name\", \"public\".\"lms_categories\".\"slug\", \"public\".\"lms_categories\".\"description\", \"public\".\"lms_categories\".\"iconUrl\", \"public\".\"lms_categories\".\"order\", \"public\".\"lms_categories\".\"isActive\", \"public\".\"lms_categories\".\"createdAt\", \"public\".\"lms_categories\".\"updatedAt\" FROM \"public\".\"lms_categories\" WHERE \"public\".\"lms_categories\".\"id\" IN ($1) OFFSET $2","service":"preplyte-api","timestamp":"2026-02-06 09:53:14"}
{"level":"debug","message":"Params: [\"cml92k1i3000017d0bq70mkrl\",0]","service":"preplyte-api","timestamp":"2026-02-06 09:53:14"}
{"level":"debug","message":"Duration: 0ms","service":"preplyte-api","timestamp":"2026-02-06 09:53:14"}
{"level":"debug","message":"Query: UPDATE \"public\".\"lms_final_tests\" SET \"title\" = $1, \"totalQuestions\" = $2, \"passingScore\" = $3, \"timeLimitMinutes\" = $4, \"maxAttempts\" = $5, \"pointsPerQuestion\" = $6, \"isActive\" = $7, \"totalPoints\" = $8, \"updatedAt\" = $9 WHERE (\"public\".\"lms_final_tests\".\"id\" = $10 AND 1=1) RETURNING \"public\".\"lms_final_tests\".\"id\", \"public\".\"lms_final_tests\".\"courseId\", \"public\".\"lms_final_tests\".\"title\", \"public\".\"lms_final_tests\".\"instructions\", \"public\".\"lms_final_tests\".\"totalQuestions\", \"public\".\"lms_final_tests\".\"passingScore\", \"public\".\"lms_final_tests\".\"timeLimitMinutes\", \"public\".\"lms_final_tests\".\"pointsPerQuestion\", \"public\".\"lms_final_tests\".\"totalPoints\", \"public\".\"lms_final_tests\".\"maxAttempts\", \"public\".\"lms_final_tests\".\"isActive\", \"public\".\"lms_final_tests\".\"createdAt\", \"public\".\"lms_final_tests\".\"updatedAt\"","service":"preplyte-api","timestamp":"2026-02-06 09:53:14"}
{"level":"debug","message":"Params: [\"Final Examination\",10,60,30,1,10,true,100,\"2026-02-06 04:23:14.812 UTC\",\"cml94bejz00091360pak7qfss\"]","service":"preplyte-api","timestamp":"2026-02-06 09:53:14"}
{"level":"debug","message":"Duration: 1ms","service":"preplyte-api","timestamp":"2026-02-06 09:53:14"}
{"level":"debug","message":"Query: DELETE FROM \"public\".\"lms_modules\" WHERE \"public\".\"lms_modules\".\"id\" IN ($1)","service":"preplyte-api","timestamp":"2026-02-06 09:53:14"}
{"level":"debug","message":"Params: [\"cml94bejx00061360ybgbi4lp\"]","service":"preplyte-api","timestamp":"2026-02-06 09:53:14"}
{"level":"debug","message":"Duration: 47ms","service":"preplyte-api","timestamp":"2026-02-06 09:53:14"}
{"level":"debug","message":"Query: INSERT INTO \"public\".\"lms_modules\" (\"id\",\"courseId\",\"title\",\"shortDescription\",\"description\",\"order\",\"totalTopics\",\"points\",\"estimatedMinutes\",\"isActive\",\"createdAt\",\"updatedAt\") VALUES ($1,$2,$3,$4,$5,$6,$7,$8,$9,$10,$11,$12) RETURNING \"public\".\"lms_modules\".\"id\", \"public\".\"lms_modules\".\"courseId\", \"public\".\"lms_modules\".\"title\", \"public\".\"lms_modules\".\"shortDescription\", \"public\".\"lms_modules\".\"description\", \"public\".\"lms_modules\".\"order\", \"public\".\"lms_modules\".\"totalTopics\", \"public\".\"lms_modules\".\"points\", \"public\".\"lms_modules\".\"estimatedMinutes\", \"public\".\"lms_modules\".\"isActive\", \"public\".\"lms_modules\".\"createdAt\", \"public\".\"lms_modules\".\"updatedAt\"","service":"preplyte-api","timestamp":"2026-02-06 09:53:14"}
{"level":"debug","message":"Params: [\"cmladqzeh0002ysbknl3q7vd4\",\"cml94bejx00051360oftmcm9a\",\"Variables\",\"Learn variables\",null,1,1,10,0,true,\"2026-02-06 04:23:14.873 UTC\",\"2026-02-06 04:23:14.873 UTC\"]","service":"preplyte-api","timestamp":"2026-02-06 09:53:14"}
{"level":"debug","message":"Duration: 2ms","service":"preplyte-api","timestamp":"2026-02-06 09:53:14"}
{"level":"debug","message":"Query: SELECT \"public\".\"lms_module_tests\".\"id\", \"public\".\"lms_module_tests\".\"moduleId\", \"public\".\"lms_module_tests\".\"title\", \"public\".\"lms_module_tests\".\"instructions\", \"public\".\"lms_module_tests\".\"totalQuestions\", \"public\".\"lms_module_tests\".\"passingScore\", \"public\".\"lms_module_tests\".\"timeLimitMinutes\", \"public\".\"lms_module_tests\".\"maxAttempts\", \"public\".\"lms_module_tests\".\"pointsPerQuestion\", \"public\".\"lms_module_tests\".\"totalPoints\", \"public\".\"lms_module_tests\".\"isActive\", \"public\".\"lms_module_tests\".\"createdAt\", \"public\".\"lms_module_tests\".\"updatedAt\" FROM \"public\".\"lms_module_tests\" WHERE (\"public\".\"lms_module_tests\".\"moduleId\" = $1 AND 1=1) LIMIT $2 OFFSET $3","service":"preplyte-api","timestamp":"2026-02-06 09:53:14"}
{"level":"debug","message":"Params: [\"cmladqzeh0002ysbknl3q7vd4\",1,0]","service":"preplyte-api","timestamp":"2026-02-06 09:53:14"}
{"level":"debug","message":"Duration: 1ms","service":"preplyte-api","timestamp":"2026-02-06 09:53:14"}
{"level":"debug","message":"Query: INSERT INTO \"public\".\"lms_module_tests\" (\"id\",\"moduleId\",\"title\",\"totalQuestions\",\"passingScore\",\"timeLimitMinutes\",\"maxAttempts\",\"pointsPerQuestion\",\"totalPoints\",\"isActive\",\"createdAt\",\"updatedAt\") VALUES ($1,$2,$3,$4,$5,$6,$7,$8,$9,$10,$11,$12) RETURNING \"public\".\"lms_module_tests\".\"id\", \"public\".\"lms_module_tests\".\"moduleId\", \"public\".\"lms_module_tests\".\"title\", \"public\".\"lms_module_tests\".\"instructions\", \"public\".\"lms_module_tests\".\"totalQuestions\", \"public\".\"lms_module_tests\".\"passingScore\", \"public\".\"lms_module_tests\".\"timeLimitMinutes\", \"public\".\"lms_module_tests\".\"maxAttempts\", \"public\".\"lms_module_tests\".\"pointsPerQuestion\", \"public\".\"lms_module_tests\".\"totalPoints\", \"public\".\"lms_module_tests\".\"isActive\", \"public\".\"lms_module_tests\".\"createdAt\", \"public\".\"lms_module_tests\".\"updatedAt\"","service":"preplyte-api","timestamp":"2026-02-06 09:53:14"}
{"level":"debug","message":"Params: [\"cmladqzet0004ysbktfh20dzn\",\"cmladqzeh0002ysbknl3q7vd4\",\"Test for Variables\",5,60,15,3,10,50,true,\"2026-02-06 04:23:14.885 UTC\",\"2026-02-06 04:23:14.885 UTC\"]","service":"preplyte-api","timestamp":"2026-02-06 09:53:14"}
{"level":"debug","message":"Duration: 2ms","service":"preplyte-api","timestamp":"2026-02-06 09:53:14"}
{"level":"debug","message":"Query: INSERT INTO \"public\".\"lms_topics\" (\"id\",\"moduleId\",\"title\",\"description\",\"order\",\"theoryContent\",\"videoUrl\",\"estimatedMinutes\",\"isActive\",\"createdAt\",\"updatedAt\") VALUES ($1,$2,$3,$4,$5,$6,$7,$8,$9,$10,$11) RETURNING \"public\".\"lms_topics\".\"id\", \"public\".\"lms_topics\".\"moduleId\", \"public\".\"lms_topics\".\"title\", \"public\".\"lms_topics\".\"description\", \"public\".\"lms_topics\".\"order\", \"public\".\"lms_topics\".\"theoryContent\", \"public\".\"lms_topics\".\"videoUrl\", \"public\".\"lms_topics\".\"videoDuration\", \"public\".\"lms_topics\".\"estimatedMinutes\", \"public\".\"lms_topics\".\"resources\", \"public\".\"lms_topics\".\"isActive\", \"public\".\"lms_topics\".\"createdAt\", \"public\".\"lms_topics\".\"updatedAt\"","service":"preplyte-api","timestamp":"2026-02-06 09:53:14"}
{"level":"debug","message":"Params: [\"cmladqzf00006ysbkvsbj0xtu\",\"cmladqzeh0002ysbknl3q7vd4\",\"int\",null,1,\"Learn variables with meLearn variables with meLearn variables with me\",\"https://www.youtube.com/watch?v=CNLk_uTYvVk\",10,true,\"2026-02-06 04:23:14.892 UTC\",\"2026-02-06 04:23:14.892 UTC\"]","service":"preplyte-api","timestamp":"2026-02-06 09:53:14"}
{"level":"debug","message":"Duration: 3ms","service":"preplyte-api","timestamp":"2026-02-06 09:53:14"}
{"level":"debug","message":"Query: SELECT \"public\".\"lms_courses\".\"id\", \"public\".\"lms_courses\".\"categoryId\", \"public\".\"lms_courses\".\"title\", \"public\".\"lms_courses\".\"slug\", \"public\".\"lms_courses\".\"shortDescription\", \"public\".\"lms_courses\".\"description\", \"public\".\"lms_courses\".\"thumbnailUrl\", \"public\".\"lms_courses\".\"previewVideoUrl\", \"public\".\"lms_courses\".\"totalModules\", \"public\".\"lms_courses\".\"totalTopics\", \"public\".\"lms_courses\".\"totalPoints\", \"public\".\"lms_courses\".\"totalHours\", \"public\".\"lms_courses\".\"price\", \"public\".\"lms_courses\".\"discountPrice\", \"public\".\"lms_courses\".\"currency\", \"public\".\"lms_courses\".\"status\"::text, \"public\".\"lms_courses\".\"isActive\", \"public\".\"lms_courses\".\"certificateEnabled\", \"public\".\"lms_courses\".\"passingPercentage\", \"public\".\"lms_courses\".\"tags\", \"public\".\"lms_courses\".\"difficulty\"::text, \"public\".\"lms_courses\".\"instructor\", \"public\".\"lms_courses\".\"language\", \"public\".\"lms_courses\".\"createdAt\", \"public\".\"lms_courses\".\"updatedAt\", \"public\".\"lms_courses\".\"publishedAt\" FROM \"public\".\"lms_courses\" WHERE (\"public\".\"lms_courses\".\"id\" = $1 AND 1=1) LIMIT $2 OFFSET $3","service":"preplyte-api","timestamp":"2026-02-06 09:53:14"}
{"level":"debug","message":"Params: [\"cml94bejx00051360oftmcm9a\",1,0]","service":"preplyte-api","timestamp":"2026-02-06 09:53:14"}
{"level":"debug","message":"Duration: 10ms","service":"preplyte-api","timestamp":"2026-02-06 09:53:14"}
{"level":"debug","message":"Query: SELECT \"public\".\"lms_modules\".\"id\", \"public\".\"lms_modules\".\"courseId\", \"public\".\"lms_modules\".\"title\", \"public\".\"lms_modules\".\"shortDescription\", \"public\".\"lms_modules\".\"description\", \"public\".\"lms_modules\".\"order\", \"public\".\"lms_modules\".\"totalTopics\", \"public\".\"lms_modules\".\"points\", \"public\".\"lms_modules\".\"estimatedMinutes\", \"public\".\"lms_modules\".\"isActive\", \"public\".\"lms_modules\".\"createdAt\", \"public\".\"lms_modules\".\"updatedAt\" FROM \"public\".\"lms_modules\" WHERE \"public\".\"lms_modules\".\"courseId\" IN ($1) OFFSET $2","service":"preplyte-api","timestamp":"2026-02-06 09:53:14"}
{"level":"debug","message":"Params: [\"cml94bejx00051360oftmcm9a\",0]","service":"preplyte-api","timestamp":"2026-02-06 09:53:14"}
{"level":"debug","message":"Duration: 6ms","service":"preplyte-api","timestamp":"2026-02-06 09:53:14"}
{"level":"debug","message":"Query: SELECT \"public\".\"lms_topics\".\"id\", \"public\".\"lms_topics\".\"moduleId\", \"public\".\"lms_topics\".\"title\", \"public\".\"lms_topics\".\"description\", \"public\".\"lms_topics\".\"order\", \"public\".\"lms_topics\".\"theoryContent\", \"public\".\"lms_topics\".\"videoUrl\", \"public\".\"lms_topics\".\"videoDuration\", \"public\".\"lms_topics\".\"estimatedMinutes\", \"public\".\"lms_topics\".\"resources\", \"public\".\"lms_topics\".\"isActive\", \"public\".\"lms_topics\".\"createdAt\", \"public\".\"lms_topics\".\"updatedAt\" FROM \"public\".\"lms_topics\" WHERE \"public\".\"lms_topics\".\"moduleId\" IN ($1) OFFSET $2","service":"preplyte-api","timestamp":"2026-02-06 09:53:14"}
{"level":"debug","message":"Params: [\"cml94bejx00061360ybgbi4lp\",0]","service":"preplyte-api","timestamp":"2026-02-06 09:53:14"}
{"level":"debug","message":"Duration: 5ms","service":"preplyte-api","timestamp":"2026-02-06 09:53:14"}
{"level":"debug","message":"Query: SELECT \"public\".\"lms_module_tests\".\"id\", \"public\".\"lms_module_tests\".\"moduleId\", \"public\".\"lms_module_tests\".\"title\", \"public\".\"lms_module_tests\".\"instructions\", \"public\".\"lms_module_tests\".\"totalQuestions\", \"public\".\"lms_module_tests\".\"passingScore\", \"public\".\"lms_module_tests\".\"timeLimitMinutes\", \"public\".\"lms_module_tests\".\"maxAttempts\", \"public\".\"lms_module_tests\".\"pointsPerQuestion\", \"public\".\"lms_module_tests\".\"totalPoints\", \"public\".\"lms_module_tests\".\"isActive\", \"public\".\"lms_module_tests\".\"createdAt\", \"public\".\"lms_module_tests\".\"updatedAt\" FROM \"public\".\"lms_module_tests\" WHERE \"public\".\"lms_module_tests\".\"moduleId\" IN ($1) OFFSET $2","service":"preplyte-api","timestamp":"2026-02-06 09:53:14"}
{"level":"debug","message":"Params: [\"cml94bejx00061360ybgbi4lp\",0]","service":"preplyte-api","timestamp":"2026-02-06 09:53:14"}
{"level":"debug","message":"Duration: 3ms","service":"preplyte-api","timestamp":"2026-02-06 09:53:14"}
{"level":"debug","message":"Query: SELECT \"public\".\"lms_final_tests\".\"id\", \"public\".\"lms_final_tests\".\"courseId\", \"public\".\"lms_final_tests\".\"title\", \"public\".\"lms_final_tests\".\"instructions\", \"public\".\"lms_final_tests\".\"totalQuestions\", \"public\".\"lms_final_tests\".\"passingScore\", \"public\".\"lms_final_tests\".\"timeLimitMinutes\", \"public\".\"lms_final_tests\".\"pointsPerQuestion\", \"public\".\"lms_final_tests\".\"totalPoints\", \"public\".\"lms_final_tests\".\"maxAttempts\", \"public\".\"lms_final_tests\".\"isActive\", \"public\".\"lms_final_tests\".\"createdAt\", \"public\".\"lms_final_tests\".\"updatedAt\" FROM \"public\".\"lms_final_tests\" WHERE \"public\".\"lms_final_tests\".\"courseId\" IN ($1) OFFSET $2","service":"preplyte-api","timestamp":"2026-02-06 09:53:14"}
{"level":"debug","message":"Params: [\"cml94bejx00051360oftmcm9a\",0]","service":"preplyte-api","timestamp":"2026-02-06 09:53:14"}
{"level":"debug","message":"Duration: 3ms","service":"preplyte-api","timestamp":"2026-02-06 09:53:14"}
{"level":"debug","message":"Query: ROLLBACK","service":"preplyte-api","timestamp":"2026-02-06 09:53:19"}
{"level":"debug","message":"Params: []","service":"preplyte-api","timestamp":"2026-02-06 09:53:19"}
{"level":"debug","message":"Duration: 4ms","service":"preplyte-api","timestamp":"2026-02-06 09:53:19"}
{"level":"debug","message":"Query: UPDATE \"public\".\"lms_courses\" SET \"totalModules\" = $1, \"totalTopics\" = $2, \"totalPoints\" = $3, \"totalHours\" = $4, \"updatedAt\" = $5 WHERE (\"public\".\"lms_courses\".\"id\" = $6 AND 1=1) RETURNING \"public\".\"lms_courses\".\"id\", \"public\".\"lms_courses\".\"categoryId\", \"public\".\"lms_courses\".\"title\", \"public\".\"lms_courses\".\"slug\", \"public\".\"lms_courses\".\"shortDescription\", \"public\".\"lms_courses\".\"description\", \"public\".\"lms_courses\".\"thumbnailUrl\", \"public\".\"lms_courses\".\"previewVideoUrl\", \"public\".\"lms_courses\".\"totalModules\", \"public\".\"lms_courses\".\"totalTopics\", \"public\".\"lms_courses\".\"totalPoints\", \"public\".\"lms_courses\".\"totalHours\", \"public\".\"lms_courses\".\"price\", \"public\".\"lms_courses\".\"discountPrice\", \"public\".\"lms_courses\".\"currency\", \"public\".\"lms_courses\".\"status\"::text, \"public\".\"lms_courses\".\"isActive\", \"public\".\"lms_courses\".\"certificateEnabled\", \"public\".\"lms_courses\".\"passingPercentage\", \"public\".\"lms_courses\".\"tags\", \"public\".\"lms_courses\".\"difficulty\"::text, \"public\".\"lms_courses\".\"instructor\", \"public\".\"lms_courses\".\"language\", \"public\".\"lms_courses\".\"createdAt\", \"public\".\"lms_courses\".\"updatedAt\", \"public\".\"lms_courses\".\"publishedAt\"","service":"preplyte-api","timestamp":"2026-02-06 09:53:19"}
{"level":"debug","message":"Params: [1,1,160,0.92,\"2026-02-06 04:23:15 UTC\",\"cml94bejx00051360oftmcm9a\"]","service":"preplyte-api","timestamp":"2026-02-06 09:53:19"}
{"level":"debug","message":"Duration: 4805ms","service":"preplyte-api","timestamp":"2026-02-06 09:53:19"}
{"code":"P2028","ip":"127.0.0.1","level":"warn","message":"Prisma error","method":"PATCH","path":"/api/admin/lms/courses/cml94bejx00051360oftmcm9a","requestId":"ecb5da46-ae95-49fb-8b66-ddfe9ffd57e4","service":"preplyte-api","timestamp":"2026-02-06 09:53:19","userAgent":"Mozilla/5.0 (Windows NT 10.0; Win64; x64) AppleWebKit/537.36 (KHTML, like Gecko) Chrome/144.0.0.0 Safari/537.36","userId":"cml92r5r50001q3oopvkslp23"}
{"code":"P2028","level":"error","message":"Unhandled Prisma error","meta":{"error":"Transaction already closed: A commit cannot be executed on an expired transaction. The timeout for this transaction was 5000 ms, however 5021 ms passed since the start of the transaction. Consider increasing the interactive transaction timeout or doing less work in the transaction."},"service":"preplyte-api","timestamp":"2026-02-06 09:53:19"}
{"level":"info","message":"\u001b[0mPATCH /api/admin/lms/courses/cml94bejx00051360oftmcm9a \u001b[31m500\u001b[0m 5150.917 ms - 420\u001b[0m","service":"preplyte-api","timestamp":"2026-02-06 09:53:19"}
{"level":"debug","message":"Query: SELECT \"public\".\"users\".\"id\", \"public\".\"users\".\"email\", \"public\".\"users\".\"role\"::text, \"public\".\"users\".\"instituteId\", \"public\".\"users\".\"isActive\", \"public\".\"users\".\"tokenVersion\" FROM \"public\".\"users\" WHERE (\"public\".\"users\".\"id\" = $1 AND 1=1) LIMIT $2 OFFSET $3","service":"preplyte-api","timestamp":"2026-02-06 09:53:20"}
{"level":"debug","message":"Params: [\"cml92r5r50001q3oopvkslp23\",1,0]","service":"preplyte-api","timestamp":"2026-02-06 09:53:20"}
{"level":"debug","message":"Duration: 7ms","service":"preplyte-api","timestamp":"2026-02-06 09:53:20"}
{"level":"debug","message":"Query: SELECT \"public\".\"lms_courses\".\"id\", \"public\".\"lms_courses\".\"categoryId\", \"public\".\"lms_courses\".\"title\", \"public\".\"lms_courses\".\"slug\", \"public\".\"lms_courses\".\"shortDescription\", \"public\".\"lms_courses\".\"description\", \"public\".\"lms_courses\".\"thumbnailUrl\", \"public\".\"lms_courses\".\"previewVideoUrl\", \"public\".\"lms_courses\".\"totalModules\", \"public\".\"lms_courses\".\"totalTopics\", \"public\".\"lms_courses\".\"totalPoints\", \"public\".\"lms_courses\".\"totalHours\", \"public\".\"lms_courses\".\"price\", \"public\".\"lms_courses\".\"discountPrice\", \"public\".\"lms_courses\".\"currency\", \"public\".\"lms_courses\".\"status\"::text, \"public\".\"lms_courses\".\"isActive\", \"public\".\"lms_courses\".\"certificateEnabled\", \"public\".\"lms_courses\".\"passingPercentage\", \"public\".\"lms_courses\".\"tags\", \"public\".\"lms_courses\".\"difficulty\"::text, \"public\".\"lms_courses\".\"instructor\", \"public\".\"lms_courses\".\"language\", \"public\".\"lms_courses\".\"createdAt\", \"public\".\"lms_courses\".\"updatedAt\", \"public\".\"lms_courses\".\"publishedAt\", COALESCE(\"aggr_selection_0_LmsEnrollment\".\"_aggr_count_enrollments\", 0) AS \"_aggr_count_enrollments\" FROM \"public\".\"lms_courses\" LEFT JOIN (SELECT \"public\".\"lms_enrollments\".\"courseId\", COUNT(*) AS \"_aggr_count_enrollments\" FROM \"public\".\"lms_enrollments\" WHERE 1=1 GROUP BY \"public\".\"lms_enrollments\".\"courseId\") AS \"aggr_selection_0_LmsEnrollment\" ON (\"public\".\"lms_courses\".\"id\" = \"aggr_selection_0_LmsEnrollment\".\"courseId\") WHERE (\"public\".\"lms_courses\".\"id\" = $1 AND 1=1) LIMIT $2 OFFSET $3","service":"preplyte-api","timestamp":"2026-02-06 09:53:20"}
{"level":"debug","message":"Params: [\"cml94bejx00051360oftmcm9a\",1,0]","service":"preplyte-api","timestamp":"2026-02-06 09:53:20"}
{"level":"debug","message":"Duration: 9ms","service":"preplyte-api","timestamp":"2026-02-06 09:53:20"}
{"level":"debug","message":"Query: SELECT \"public\".\"lms_categories\".\"id\", \"public\".\"lms_categories\".\"name\", \"public\".\"lms_categories\".\"slug\", \"public\".\"lms_categories\".\"description\", \"public\".\"lms_categories\".\"iconUrl\", \"public\".\"lms_categories\".\"order\", \"public\".\"lms_categories\".\"isActive\", \"public\".\"lms_categories\".\"createdAt\", \"public\".\"lms_categories\".\"updatedAt\" FROM \"public\".\"lms_categories\" WHERE \"public\".\"lms_categories\".\"id\" IN ($1) OFFSET $2","service":"preplyte-api","timestamp":"2026-02-06 09:53:20"}
{"level":"debug","message":"Params: [\"cml92k1i3000017d0bq70mkrl\",0]","service":"preplyte-api","timestamp":"2026-02-06 09:53:20"}
{"level":"debug","message":"Duration: 6ms","service":"preplyte-api","timestamp":"2026-02-06 09:53:20"}
{"level":"debug","message":"Query: SELECT \"public\".\"lms_modules\".\"id\", \"public\".\"lms_modules\".\"courseId\", \"public\".\"lms_modules\".\"title\", \"public\".\"lms_modules\".\"shortDescription\", \"public\".\"lms_modules\".\"description\", \"public\".\"lms_modules\".\"order\", \"public\".\"lms_modules\".\"totalTopics\", \"public\".\"lms_modules\".\"points\", \"public\".\"lms_modules\".\"estimatedMinutes\", \"public\".\"lms_modules\".\"isActive\", \"public\".\"lms_modules\".\"createdAt\", \"public\".\"lms_modules\".\"updatedAt\" FROM \"public\".\"lms_modules\" WHERE \"public\".\"lms_modules\".\"courseId\" IN ($1) ORDER BY \"public\".\"lms_modules\".\"order\" ASC OFFSET $2","service":"preplyte-api","timestamp":"2026-02-06 09:53:20"}
{"level":"debug","message":"Params: [\"cml94bejx00051360oftmcm9a\",0]","service":"preplyte-api","timestamp":"2026-02-06 09:53:20"}
{"level":"debug","message":"Duration: 1ms","service":"preplyte-api","timestamp":"2026-02-06 09:53:20"}
{"level":"debug","message":"Query: SELECT \"public\".\"lms_topics\".\"id\", \"public\".\"lms_topics\".\"moduleId\", \"public\".\"lms_topics\".\"title\", \"public\".\"lms_topics\".\"description\", \"public\".\"lms_topics\".\"order\", \"public\".\"lms_topics\".\"theoryContent\", \"public\".\"lms_topics\".\"videoUrl\", \"public\".\"lms_topics\".\"videoDuration\", \"public\".\"lms_topics\".\"estimatedMinutes\", \"public\".\"lms_topics\".\"resources\", \"public\".\"lms_topics\".\"isActive\", \"public\".\"lms_topics\".\"createdAt\", \"public\".\"lms_topics\".\"updatedAt\" FROM \"public\".\"lms_topics\" WHERE \"public\".\"lms_topics\".\"moduleId\" IN ($1) ORDER BY \"public\".\"lms_topics\".\"order\" ASC OFFSET $2","service":"preplyte-api","timestamp":"2026-02-06 09:53:20"}
{"level":"debug","message":"Params: [\"cml94bejx00061360ybgbi4lp\",0]","service":"preplyte-api","timestamp":"2026-02-06 09:53:20"}
{"level":"debug","message":"Duration: 1ms","service":"preplyte-api","timestamp":"2026-02-06 09:53:20"}
{"level":"debug","message":"Query: SELECT \"public\".\"lms_module_tests\".\"id\", \"public\".\"lms_module_tests\".\"moduleId\", \"public\".\"lms_module_tests\".\"title\", \"public\".\"lms_module_tests\".\"instructions\", \"public\".\"lms_module_tests\".\"totalQuestions\", \"public\".\"lms_module_tests\".\"passingScore\", \"public\".\"lms_module_tests\".\"timeLimitMinutes\", \"public\".\"lms_module_tests\".\"maxAttempts\", \"public\".\"lms_module_tests\".\"pointsPerQuestion\", \"public\".\"lms_module_tests\".\"totalPoints\", \"public\".\"lms_module_tests\".\"isActive\", \"public\".\"lms_module_tests\".\"createdAt\", \"public\".\"lms_module_tests\".\"updatedAt\" FROM \"public\".\"lms_module_tests\" WHERE \"public\".\"lms_module_tests\".\"moduleId\" IN ($1) OFFSET $2","service":"preplyte-api","timestamp":"2026-02-06 09:53:20"}
{"level":"debug","message":"Params: [\"cml94bejx00061360ybgbi4lp\",0]","service":"preplyte-api","timestamp":"2026-02-06 09:53:20"}
{"level":"debug","message":"Duration: 0ms","service":"preplyte-api","timestamp":"2026-02-06 09:53:20"}
{"level":"debug","message":"Query: SELECT \"public\".\"lms_final_tests\".\"id\", \"public\".\"lms_final_tests\".\"courseId\", \"public\".\"lms_final_tests\".\"title\", \"public\".\"lms_final_tests\".\"instructions\", \"public\".\"lms_final_tests\".\"totalQuestions\", \"public\".\"lms_final_tests\".\"passingScore\", \"public\".\"lms_final_tests\".\"timeLimitMinutes\", \"public\".\"lms_final_tests\".\"pointsPerQuestion\", \"public\".\"lms_final_tests\".\"totalPoints\", \"public\".\"lms_final_tests\".\"maxAttempts\", \"public\".\"lms_final_tests\".\"isActive\", \"public\".\"lms_final_tests\".\"createdAt\", \"public\".\"lms_final_tests\".\"updatedAt\" FROM \"public\".\"lms_final_tests\" WHERE \"public\".\"lms_final_tests\".\"courseId\" IN ($1) OFFSET $2","service":"preplyte-api","timestamp":"2026-02-06 09:53:20"}
{"level":"debug","message":"Params: [\"cml94bejx00051360oftmcm9a\",0]","service":"preplyte-api","timestamp":"2026-02-06 09:53:20"}
{"level":"debug","message":"Duration: 0ms","service":"preplyte-api","timestamp":"2026-02-06 09:53:20"}
{"level":"debug","message":"Query: SELECT \"public\".\"lms_courses\".\"id\", \"public\".\"lms_courses\".\"categoryId\", \"public\".\"lms_courses\".\"title\", \"public\".\"lms_courses\".\"slug\", \"public\".\"lms_courses\".\"shortDescription\", \"public\".\"lms_courses\".\"description\", \"public\".\"lms_courses\".\"thumbnailUrl\", \"public\".\"lms_courses\".\"previewVideoUrl\", \"public\".\"lms_courses\".\"totalModules\", \"public\".\"lms_courses\".\"totalTopics\", \"public\".\"lms_courses\".\"totalPoints\", \"public\".\"lms_courses\".\"totalHours\", \"public\".\"lms_courses\".\"price\", \"public\".\"lms_courses\".\"discountPrice\", \"public\".\"lms_courses\".\"currency\", \"public\".\"lms_courses\".\"status\"::text, \"public\".\"lms_courses\".\"isActive\", \"public\".\"lms_courses\".\"certificateEnabled\", \"public\".\"lms_courses\".\"passingPercentage\", \"public\".\"lms_courses\".\"tags\", \"public\".\"lms_courses\".\"difficulty\"::text, \"public\".\"lms_courses\".\"instructor\", \"public\".\"lms_courses\".\"language\", \"public\".\"lms_courses\".\"createdAt\", \"public\".\"lms_courses\".\"updatedAt\", \"public\".\"lms_courses\".\"publishedAt\" FROM \"public\".\"lms_courses\" WHERE (\"public\".\"lms_courses\".\"slug\" = $1 AND 1=1) LIMIT $2 OFFSET $3","service":"preplyte-api","timestamp":"2026-02-06 09:53:20"}
{"level":"debug","message":"Params: [\"java-fullstack\",1,0]","service":"preplyte-api","timestamp":"2026-02-06 09:53:20"}
{"level":"debug","message":"Duration: 1ms","service":"preplyte-api","timestamp":"2026-02-06 09:53:20"}
{"level":"debug","message":"Query: BEGIN","service":"preplyte-api","timestamp":"2026-02-06 09:53:20"}
{"level":"debug","message":"Params: []","service":"preplyte-api","timestamp":"2026-02-06 09:53:20"}
{"level":"debug","message":"Duration: 0ms","service":"preplyte-api","timestamp":"2026-02-06 09:53:20"}
{"level":"debug","message":"Query: UPDATE \"public\".\"lms_courses\" SET \"categoryId\" = $1, \"title\" = $2, \"slug\" = $3, \"shortDescription\" = $4, \"description\" = $5, \"thumbnailUrl\" = $6, \"previewVideoUrl\" = $7, \"price\" = $8, \"discountPrice\" = $9, \"currency\" = $10, \"status\" = CAST($11::text AS \"public\".\"LmsCourseStatus\"), \"isActive\" = $12, \"certificateEnabled\" = $13, \"passingPercentage\" = $14, \"tags\" = $15, \"difficulty\" = CAST($16::text AS \"public\".\"DifficultyLevel\"), \"instructor\" = $17, \"language\" = $18, \"updatedAt\" = $19 WHERE (\"public\".\"lms_courses\".\"id\" = $20 AND 1=1) RETURNING \"public\".\"lms_courses\".\"id\", \"public\".\"lms_courses\".\"categoryId\", \"public\".\"lms_courses\".\"title\", \"public\".\"lms_courses\".\"slug\", \"public\".\"lms_courses\".\"shortDescription\", \"public\".\"lms_courses\".\"description\", \"public\".\"lms_courses\".\"thumbnailUrl\", \"public\".\"lms_courses\".\"previewVideoUrl\", \"public\".\"lms_courses\".\"totalModules\", \"public\".\"lms_courses\".\"totalTopics\", \"public\".\"lms_courses\".\"totalPoints\", \"public\".\"lms_courses\".\"totalHours\", \"public\".\"lms_courses\".\"price\", \"public\".\"lms_courses\".\"discountPrice\", \"public\".\"lms_courses\".\"currency\", \"public\".\"lms_courses\".\"status\"::text, \"public\".\"lms_courses\".\"isActive\", \"public\".\"lms_courses\".\"certificateEnabled\", \"public\".\"lms_courses\".\"passingPercentage\", \"public\".\"lms_courses\".\"tags\", \"public\".\"lms_courses\".\"difficulty\"::text, \"public\".\"lms_courses\".\"instructor\", \"public\".\"lms_courses\".\"language\", \"public\".\"lms_courses\".\"createdAt\", \"public\".\"lms_courses\".\"updatedAt\", \"public\".\"lms_courses\".\"publishedAt\"","service":"preplyte-api","timestamp":"2026-02-06 09:53:20"}
{"level":"debug","message":"Params: [\"cml92k1i3000017d0bq70mkrl\",\"Java fullstack\",\"java-fullstack\",\"Java is a good language\",\"Learn java with meLearn java with meLearn java with meLearn java with meLearn java with meLearn java with meLearn java with meLearn java with me\",null,null,1000,5,\"INR\",\"PUBLISHED\",true,false,70,[\"java programming\"],\"HARD\",\"Prathamesh Gaikwad\",\"English\",\"2026-02-06 04:23:20.895 UTC\",\"cml94bejx00051360oftmcm9a\"]","service":"preplyte-api","timestamp":"2026-02-06 09:53:20"}
{"level":"debug","message":"Duration: 1ms","service":"preplyte-api","timestamp":"2026-02-06 09:53:20"}
{"level":"debug","message":"Query: SELECT \"public\".\"lms_courses\".\"id\", \"public\".\"lms_courses\".\"categoryId\", \"public\".\"lms_courses\".\"title\", \"public\".\"lms_courses\".\"slug\", \"public\".\"lms_courses\".\"shortDescription\", \"public\".\"lms_courses\".\"description\", \"public\".\"lms_courses\".\"thumbnailUrl\", \"public\".\"lms_courses\".\"previewVideoUrl\", \"public\".\"lms_courses\".\"totalModules\", \"public\".\"lms_courses\".\"totalTopics\", \"public\".\"lms_courses\".\"totalPoints\", \"public\".\"lms_courses\".\"totalHours\", \"public\".\"lms_courses\".\"price\", \"public\".\"lms_courses\".\"discountPrice\", \"public\".\"lms_courses\".\"currency\", \"public\".\"lms_courses\".\"status\"::text, \"public\".\"lms_courses\".\"isActive\", \"public\".\"lms_courses\".\"certificateEnabled\", \"public\".\"lms_courses\".\"passingPercentage\", \"public\".\"lms_courses\".\"tags\", \"public\".\"lms_courses\".\"difficulty\"::text, \"public\".\"lms_courses\".\"instructor\", \"public\".\"lms_courses\".\"language\", \"public\".\"lms_courses\".\"createdAt\", \"public\".\"lms_courses\".\"updatedAt\", \"public\".\"lms_courses\".\"publishedAt\" FROM \"public\".\"lms_courses\" WHERE \"public\".\"lms_courses\".\"id\" = $1 LIMIT $2 OFFSET $3","service":"preplyte-api","timestamp":"2026-02-06 09:53:20"}
{"level":"debug","message":"Params: [\"cml94bejx00051360oftmcm9a\",1,0]","service":"preplyte-api","timestamp":"2026-02-06 09:53:20"}
{"level":"debug","message":"Duration: 1ms","service":"preplyte-api","timestamp":"2026-02-06 09:53:20"}
{"level":"debug","message":"Query: SELECT \"public\".\"lms_categories\".\"id\", \"public\".\"lms_categories\".\"name\", \"public\".\"lms_categories\".\"slug\", \"public\".\"lms_categories\".\"description\", \"public\".\"lms_categories\".\"iconUrl\", \"public\".\"lms_categories\".\"order\", \"public\".\"lms_categories\".\"isActive\", \"public\".\"lms_categories\".\"createdAt\", \"public\".\"lms_categories\".\"updatedAt\" FROM \"public\".\"lms_categories\" WHERE \"public\".\"lms_categories\".\"id\" IN ($1) OFFSET $2","service":"preplyte-api","timestamp":"2026-02-06 09:53:20"}
{"level":"debug","message":"Params: [\"cml92k1i3000017d0bq70mkrl\",0]","service":"preplyte-api","timestamp":"2026-02-06 09:53:20"}
{"level":"debug","message":"Duration: 0ms","service":"preplyte-api","timestamp":"2026-02-06 09:53:20"}
{"level":"debug","message":"Query: UPDATE \"public\".\"lms_final_tests\" SET \"title\" = $1, \"totalQuestions\" = $2, \"passingScore\" = $3, \"timeLimitMinutes\" = $4, \"maxAttempts\" = $5, \"pointsPerQuestion\" = $6, \"isActive\" = $7, \"totalPoints\" = $8, \"updatedAt\" = $9 WHERE (\"public\".\"lms_final_tests\".\"id\" = $10 AND 1=1) RETURNING \"public\".\"lms_final_tests\".\"id\", \"public\".\"lms_final_tests\".\"courseId\", \"public\".\"lms_final_tests\".\"title\", \"public\".\"lms_final_tests\".\"instructions\", \"public\".\"lms_final_tests\".\"totalQuestions\", \"public\".\"lms_final_tests\".\"passingScore\", \"public\".\"lms_final_tests\".\"timeLimitMinutes\", \"public\".\"lms_final_tests\".\"pointsPerQuestion\", \"public\".\"lms_final_tests\".\"totalPoints\", \"public\".\"lms_final_tests\".\"maxAttempts\", \"public\".\"lms_final_tests\".\"isActive\", \"public\".\"lms_final_tests\".\"createdAt\", \"public\".\"lms_final_tests\".\"updatedAt\"","service":"preplyte-api","timestamp":"2026-02-06 09:53:20"}
{"level":"debug","message":"Params: [\"Final Examination\",10,60,30,1,10,true,100,\"2026-02-06 04:23:20.906 UTC\",\"cml94bejz00091360pak7qfss\"]","service":"preplyte-api","timestamp":"2026-02-06 09:53:20"}
{"level":"debug","message":"Duration: 1ms","service":"preplyte-api","timestamp":"2026-02-06 09:53:20"}
{"level":"debug","message":"Query: DELETE FROM \"public\".\"lms_modules\" WHERE \"public\".\"lms_modules\".\"id\" IN ($1)","service":"preplyte-api","timestamp":"2026-02-06 09:53:20"}
{"level":"debug","message":"Params: [\"cml94bejx00061360ybgbi4lp\"]","service":"preplyte-api","timestamp":"2026-02-06 09:53:20"}
{"level":"debug","message":"Duration: 30ms","service":"preplyte-api","timestamp":"2026-02-06 09:53:20"}
{"level":"debug","message":"Query: INSERT INTO \"public\".\"lms_modules\" (\"id\",\"courseId\",\"title\",\"shortDescription\",\"description\",\"order\",\"totalTopics\",\"points\",\"estimatedMinutes\",\"isActive\",\"createdAt\",\"updatedAt\") VALUES ($1,$2,$3,$4,$5,$6,$7,$8,$9,$10,$11,$12) RETURNING \"public\".\"lms_modules\".\"id\", \"public\".\"lms_modules\".\"courseId\", \"public\".\"lms_modules\".\"title\", \"public\".\"lms_modules\".\"shortDescription\", \"public\".\"lms_modules\".\"description\", \"public\".\"lms_modules\".\"order\", \"public\".\"lms_modules\".\"totalTopics\", \"public\".\"lms_modules\".\"points\", \"public\".\"lms_modules\".\"estimatedMinutes\", \"public\".\"lms_modules\".\"isActive\", \"public\".\"lms_modules\".\"createdAt\", \"public\".\"lms_modules\".\"updatedAt\"","service":"preplyte-api","timestamp":"2026-02-06 09:53:20"}
{"level":"debug","message":"Params: [\"cmladr4360009ysbkrje3q0wn\",\"cml94bejx00051360oftmcm9a\",\"Variables\",\"Learn variables\",null,1,1,10,0,true,\"2026-02-06 04:23:20.947 UTC\",\"2026-02-06 04:23:20.947 UTC\"]","service":"preplyte-api","timestamp":"2026-02-06 09:53:20"}
{"level":"debug","message":"Duration: 1ms","service":"preplyte-api","timestamp":"2026-02-06 09:53:20"}
{"level":"debug","message":"Query: SELECT \"public\".\"lms_module_tests\".\"id\", \"public\".\"lms_module_tests\".\"moduleId\", \"public\".\"lms_module_tests\".\"title\", \"public\".\"lms_module_tests\".\"instructions\", \"public\".\"lms_module_tests\".\"totalQuestions\", \"public\".\"lms_module_tests\".\"passingScore\", \"public\".\"lms_module_tests\".\"timeLimitMinutes\", \"public\".\"lms_module_tests\".\"maxAttempts\", \"public\".\"lms_module_tests\".\"pointsPerQuestion\", \"public\".\"lms_module_tests\".\"totalPoints\", \"public\".\"lms_module_tests\".\"isActive\", \"public\".\"lms_module_tests\".\"createdAt\", \"public\".\"lms_module_tests\".\"updatedAt\" FROM \"public\".\"lms_module_tests\" WHERE (\"public\".\"lms_module_tests\".\"moduleId\" = $1 AND 1=1) LIMIT $2 OFFSET $3","service":"preplyte-api","timestamp":"2026-02-06 09:53:20"}
{"level":"debug","message":"Params: [\"cmladr4360009ysbkrje3q0wn\",1,0]","service":"preplyte-api","timestamp":"2026-02-06 09:53:20"}
{"level":"debug","message":"Duration: 1ms","service":"preplyte-api","timestamp":"2026-02-06 09:53:20"}
{"level":"debug","message":"Query: INSERT INTO \"public\".\"lms_module_tests\" (\"id\",\"moduleId\",\"title\",\"totalQuestions\",\"passingScore\",\"timeLimitMinutes\",\"maxAttempts\",\"pointsPerQuestion\",\"totalPoints\",\"isActive\",\"createdAt\",\"updatedAt\") VALUES ($1,$2,$3,$4,$5,$6,$7,$8,$9,$10,$11,$12) RETURNING \"public\".\"lms_module_tests\".\"id\", \"public\".\"lms_module_tests\".\"moduleId\", \"public\".\"lms_module_tests\".\"title\", \"public\".\"lms_module_tests\".\"instructions\", \"public\".\"lms_module_tests\".\"totalQuestions\", \"public\".\"lms_module_tests\".\"passingScore\", \"public\".\"lms_module_tests\".\"timeLimitMinutes\", \"public\".\"lms_module_tests\".\"maxAttempts\", \"public\".\"lms_module_tests\".\"pointsPerQuestion\", \"public\".\"lms_module_tests\".\"totalPoints\", \"public\".\"lms_module_tests\".\"isActive\", \"public\".\"lms_module_tests\".\"createdAt\", \"public\".\"lms_module_tests\".\"updatedAt\"","service":"preplyte-api","timestamp":"2026-02-06 09:53:20"}
{"level":"debug","message":"Params: [\"cmladr43h000bysbkscsk3q6r\",\"cmladr4360009ysbkrje3q0wn\",\"Test for Variables\",5,60,15,3,10,50,true,\"2026-02-06 04:23:20.958 UTC\",\"2026-02-06 04:23:20.958 UTC\"]","service":"preplyte-api","timestamp":"2026-02-06 09:53:20"}
{"level":"debug","message":"Duration: 1ms","service":"preplyte-api","timestamp":"2026-02-06 09:53:20"}
{"level":"debug","message":"Query: INSERT INTO \"public\".\"lms_topics\" (\"id\",\"moduleId\",\"title\",\"description\",\"order\",\"theoryContent\",\"videoUrl\",\"estimatedMinutes\",\"isActive\",\"createdAt\",\"updatedAt\") VALUES ($1,$2,$3,$4,$5,$6,$7,$8,$9,$10,$11) RETURNING \"public\".\"lms_topics\".\"id\", \"public\".\"lms_topics\".\"moduleId\", \"public\".\"lms_topics\".\"title\", \"public\".\"lms_topics\".\"description\", \"public\".\"lms_topics\".\"order\", \"public\".\"lms_topics\".\"theoryContent\", \"public\".\"lms_topics\".\"videoUrl\", \"public\".\"lms_topics\".\"videoDuration\", \"public\".\"lms_topics\".\"estimatedMinutes\", \"public\".\"lms_topics\".\"resources\", \"public\".\"lms_topics\".\"isActive\", \"public\".\"lms_topics\".\"createdAt\", \"public\".\"lms_topics\".\"updatedAt\"","service":"preplyte-api","timestamp":"2026-02-06 09:53:20"}
{"level":"debug","message":"Params: [\"cmladr43o000dysbkgprssmk1\",\"cmladr4360009ysbkrje3q0wn\",\"int\",null,1,\"Learn variables with meLearn variables with meLearn variables with me\",\"https://www.youtube.com/watch?v=CNLk_uTYvVk\",10,true,\"2026-02-06 04:23:20.964 UTC\",\"2026-02-06 04:23:20.964 UTC\"]","service":"preplyte-api","timestamp":"2026-02-06 09:53:20"}
{"level":"debug","message":"Duration: 1ms","service":"preplyte-api","timestamp":"2026-02-06 09:53:20"}
{"level":"debug","message":"Query: SELECT \"public\".\"lms_courses\".\"id\", \"public\".\"lms_courses\".\"categoryId\", \"public\".\"lms_courses\".\"title\", \"public\".\"lms_courses\".\"slug\", \"public\".\"lms_courses\".\"shortDescription\", \"public\".\"lms_courses\".\"description\", \"public\".\"lms_courses\".\"thumbnailUrl\", \"public\".\"lms_courses\".\"previewVideoUrl\", \"public\".\"lms_courses\".\"totalModules\", \"public\".\"lms_courses\".\"totalTopics\", \"public\".\"lms_courses\".\"totalPoints\", \"public\".\"lms_courses\".\"totalHours\", \"public\".\"lms_courses\".\"price\", \"public\".\"lms_courses\".\"discountPrice\", \"public\".\"lms_courses\".\"currency\", \"public\".\"lms_courses\".\"status\"::text, \"public\".\"lms_courses\".\"isActive\", \"public\".\"lms_courses\".\"certificateEnabled\", \"public\".\"lms_courses\".\"passingPercentage\", \"public\".\"lms_courses\".\"tags\", \"public\".\"lms_courses\".\"difficulty\"::text, \"public\".\"lms_courses\".\"instructor\", \"public\".\"lms_courses\".\"language\", \"public\".\"lms_courses\".\"createdAt\", \"public\".\"lms_courses\".\"updatedAt\", \"public\".\"lms_courses\".\"publishedAt\" FROM \"public\".\"lms_courses\" WHERE (\"public\".\"lms_courses\".\"id\" = $1 AND 1=1) LIMIT $2 OFFSET $3","service":"preplyte-api","timestamp":"2026-02-06 09:53:20"}
{"level":"debug","message":"Params: [\"cml94bejx00051360oftmcm9a\",1,0]","service":"preplyte-api","timestamp":"2026-02-06 09:53:20"}
{"level":"debug","message":"Duration: 1ms","service":"preplyte-api","timestamp":"2026-02-06 09:53:20"}
{"level":"debug","message":"Query: SELECT \"public\".\"lms_modules\".\"id\", \"public\".\"lms_modules\".\"courseId\", \"public\".\"lms_modules\".\"title\", \"public\".\"lms_modules\".\"shortDescription\", \"public\".\"lms_modules\".\"description\", \"public\".\"lms_modules\".\"order\", \"public\".\"lms_modules\".\"totalTopics\", \"public\".\"lms_modules\".\"points\", \"public\".\"lms_modules\".\"estimatedMinutes\", \"public\".\"lms_modules\".\"isActive\", \"public\".\"lms_modules\".\"createdAt\", \"public\".\"lms_modules\".\"updatedAt\" FROM \"public\".\"lms_modules\" WHERE \"public\".\"lms_modules\".\"courseId\" IN ($1) OFFSET $2","service":"preplyte-api","timestamp":"2026-02-06 09:53:20"}
{"level":"debug","message":"Params: [\"cml94bejx00051360oftmcm9a\",0]","service":"preplyte-api","timestamp":"2026-02-06 09:53:20"}
{"level":"debug","message":"Duration: 1ms","service":"preplyte-api","timestamp":"2026-02-06 09:53:20"}
{"level":"debug","message":"Query: SELECT \"public\".\"lms_topics\".\"id\", \"public\".\"lms_topics\".\"moduleId\", \"public\".\"lms_topics\".\"title\", \"public\".\"lms_topics\".\"description\", \"public\".\"lms_topics\".\"order\", \"public\".\"lms_topics\".\"theoryContent\", \"public\".\"lms_topics\".\"videoUrl\", \"public\".\"lms_topics\".\"videoDuration\", \"public\".\"lms_topics\".\"estimatedMinutes\", \"public\".\"lms_topics\".\"resources\", \"public\".\"lms_topics\".\"isActive\", \"public\".\"lms_topics\".\"createdAt\", \"public\".\"lms_topics\".\"updatedAt\" FROM \"public\".\"lms_topics\" WHERE \"public\".\"lms_topics\".\"moduleId\" IN ($1) OFFSET $2","service":"preplyte-api","timestamp":"2026-02-06 09:53:20"}
{"level":"debug","message":"Params: [\"cml94bejx00061360ybgbi4lp\",0]","service":"preplyte-api","timestamp":"2026-02-06 09:53:20"}
{"level":"debug","message":"Duration: 1ms","service":"preplyte-api","timestamp":"2026-02-06 09:53:20"}
{"level":"debug","message":"Query: SELECT \"public\".\"lms_module_tests\".\"id\", \"public\".\"lms_module_tests\".\"moduleId\", \"public\".\"lms_module_tests\".\"title\", \"public\".\"lms_module_tests\".\"instructions\", \"public\".\"lms_module_tests\".\"totalQuestions\", \"public\".\"lms_module_tests\".\"passingScore\", \"public\".\"lms_module_tests\".\"timeLimitMinutes\", \"public\".\"lms_module_tests\".\"maxAttempts\", \"public\".\"lms_module_tests\".\"pointsPerQuestion\", \"public\".\"lms_module_tests\".\"totalPoints\", \"public\".\"lms_module_tests\".\"isActive\", \"public\".\"lms_module_tests\".\"createdAt\", \"public\".\"lms_module_tests\".\"updatedAt\" FROM \"public\".\"lms_module_tests\" WHERE \"public\".\"lms_module_tests\".\"moduleId\" IN ($1) OFFSET $2","service":"preplyte-api","timestamp":"2026-02-06 09:53:20"}
{"level":"debug","message":"Params: [\"cml94bejx00061360ybgbi4lp\",0]","service":"preplyte-api","timestamp":"2026-02-06 09:53:20"}
{"level":"debug","message":"Duration: 0ms","service":"preplyte-api","timestamp":"2026-02-06 09:53:20"}
{"level":"debug","message":"Query: SELECT \"public\".\"lms_final_tests\".\"id\", \"public\".\"lms_final_tests\".\"courseId\", \"public\".\"lms_final_tests\".\"title\", \"public\".\"lms_final_tests\".\"instructions\", \"public\".\"lms_final_tests\".\"totalQuestions\", \"public\".\"lms_final_tests\".\"passingScore\", \"public\".\"lms_final_tests\".\"timeLimitMinutes\", \"public\".\"lms_final_tests\".\"pointsPerQuestion\", \"public\".\"lms_final_tests\".\"totalPoints\", \"public\".\"lms_final_tests\".\"maxAttempts\", \"public\".\"lms_final_tests\".\"isActive\", \"public\".\"lms_final_tests\".\"createdAt\", \"public\".\"lms_final_tests\".\"updatedAt\" FROM \"public\".\"lms_final_tests\" WHERE \"public\".\"lms_final_tests\".\"courseId\" IN ($1) OFFSET $2","service":"preplyte-api","timestamp":"2026-02-06 09:53:20"}
{"level":"debug","message":"Params: [\"cml94bejx00051360oftmcm9a\",0]","service":"preplyte-api","timestamp":"2026-02-06 09:53:20"}
{"level":"debug","message":"Duration: 0ms","service":"preplyte-api","timestamp":"2026-02-06 09:53:20"}
{"level":"debug","message":"Query: ROLLBACK","service":"preplyte-api","timestamp":"2026-02-06 09:53:25"}
{"level":"debug","message":"Params: []","service":"preplyte-api","timestamp":"2026-02-06 09:53:25"}
{"level":"debug","message":"Duration: 0ms","service":"preplyte-api","timestamp":"2026-02-06 09:53:25"}
{"level":"debug","message":"Query: UPDATE \"public\".\"lms_courses\" SET \"totalModules\" = $1, \"totalTopics\" = $2, \"totalPoints\" = $3, \"totalHours\" = $4, \"updatedAt\" = $5 WHERE (\"public\".\"lms_courses\".\"id\" = $6 AND 1=1) RETURNING \"public\".\"lms_courses\".\"id\", \"public\".\"lms_courses\".\"categoryId\", \"public\".\"lms_courses\".\"title\", \"public\".\"lms_courses\".\"slug\", \"public\".\"lms_courses\".\"shortDescription\", \"public\".\"lms_courses\".\"description\", \"public\".\"lms_courses\".\"thumbnailUrl\", \"public\".\"lms_courses\".\"previewVideoUrl\", \"public\".\"lms_courses\".\"totalModules\", \"public\".\"lms_courses\".\"totalTopics\", \"public\".\"lms_courses\".\"totalPoints\", \"public\".\"lms_courses\".\"totalHours\", \"public\".\"lms_courses\".\"price\", \"public\".\"lms_courses\".\"discountPrice\", \"public\".\"lms_courses\".\"currency\", \"public\".\"lms_courses\".\"status\"::text, \"public\".\"lms_courses\".\"isActive\", \"public\".\"lms_courses\".\"certificateEnabled\", \"public\".\"lms_courses\".\"passingPercentage\", \"public\".\"lms_courses\".\"tags\", \"public\".\"lms_courses\".\"difficulty\"::text, \"public\".\"lms_courses\".\"instructor\", \"public\".\"lms_courses\".\"language\", \"public\".\"lms_courses\".\"createdAt\", \"public\".\"lms_courses\".\"updatedAt\", \"public\".\"lms_courses\".\"publishedAt\"","service":"preplyte-api","timestamp":"2026-02-06 09:53:25"}
{"level":"debug","message":"Params: [1,1,160,0.92,\"2026-02-06 04:23:20.987 UTC\",\"cml94bejx00051360oftmcm9a\"]","service":"preplyte-api","timestamp":"2026-02-06 09:53:25"}
{"level":"debug","message":"Duration: 4922ms","service":"preplyte-api","timestamp":"2026-02-06 09:53:25"}
{"code":"P2028","ip":"127.0.0.1","level":"warn","message":"Prisma error","method":"PATCH","path":"/api/admin/lms/courses/cml94bejx00051360oftmcm9a","requestId":"2577436b-bd38-441e-b7a4-4c6e57bbec6a","service":"preplyte-api","timestamp":"2026-02-06 09:53:25","userAgent":"Mozilla/5.0 (Windows NT 10.0; Win64; x64) AppleWebKit/537.36 (KHTML, like Gecko) Chrome/144.0.0.0 Safari/537.36","userId":"cml92r5r50001q3oopvkslp23"}
{"code":"P2028","level":"error","message":"Unhandled Prisma error","meta":{"error":"Transaction already closed: A commit cannot be executed on an expired transaction. The timeout for this transaction was 5000 ms, however 5021 ms passed since the start of the transaction. Consider increasing the interactive transaction timeout or doing less work in the transaction."},"service":"preplyte-api","timestamp":"2026-02-06 09:53:25"}
{"level":"info","message":"\u001b[0mPATCH /api/admin/lms/courses/cml94bejx00051360oftmcm9a \u001b[31m500\u001b[0m 5078.387 ms - 420\u001b[0m","service":"preplyte-api","timestamp":"2026-02-06 09:53:25"}
{"level":"debug","message":"Query: SELECT \"public\".\"users\".\"id\", \"public\".\"users\".\"email\", \"public\".\"users\".\"role\"::text, \"public\".\"users\".\"instituteId\", \"public\".\"users\".\"isActive\", \"public\".\"users\".\"tokenVersion\" FROM \"public\".\"users\" WHERE (\"public\".\"users\".\"id\" = $1 AND 1=1) LIMIT $2 OFFSET $3","service":"preplyte-api","timestamp":"2026-02-06 09:53:27"}
{"level":"debug","message":"Params: [\"cml92r5r50001q3oopvkslp23\",1,0]","service":"preplyte-api","timestamp":"2026-02-06 09:53:27"}
{"level":"debug","message":"Duration: 0ms","service":"preplyte-api","timestamp":"2026-02-06 09:53:27"}
{"level":"debug","message":"Query: SELECT \"public\".\"lms_courses\".\"id\", \"public\".\"lms_courses\".\"categoryId\", \"public\".\"lms_courses\".\"title\", \"public\".\"lms_courses\".\"slug\", \"public\".\"lms_courses\".\"shortDescription\", \"public\".\"lms_courses\".\"description\", \"public\".\"lms_courses\".\"thumbnailUrl\", \"public\".\"lms_courses\".\"previewVideoUrl\", \"public\".\"lms_courses\".\"totalModules\", \"public\".\"lms_courses\".\"totalTopics\", \"public\".\"lms_courses\".\"totalPoints\", \"public\".\"lms_courses\".\"totalHours\", \"public\".\"lms_courses\".\"price\", \"public\".\"lms_courses\".\"discountPrice\", \"public\".\"lms_courses\".\"currency\", \"public\".\"lms_courses\".\"status\"::text, \"public\".\"lms_courses\".\"isActive\", \"public\".\"lms_courses\".\"certificateEnabled\", \"public\".\"lms_courses\".\"passingPercentage\", \"public\".\"lms_courses\".\"tags\", \"public\".\"lms_courses\".\"difficulty\"::text, \"public\".\"lms_courses\".\"instructor\", \"public\".\"lms_courses\".\"language\", \"public\".\"lms_courses\".\"createdAt\", \"public\".\"lms_courses\".\"updatedAt\", \"public\".\"lms_courses\".\"publishedAt\", COALESCE(\"aggr_selection_0_LmsEnrollment\".\"_aggr_count_enrollments\", 0) AS \"_aggr_count_enrollments\" FROM \"public\".\"lms_courses\" LEFT JOIN (SELECT \"public\".\"lms_enrollments\".\"courseId\", COUNT(*) AS \"_aggr_count_enrollments\" FROM \"public\".\"lms_enrollments\" WHERE 1=1 GROUP BY \"public\".\"lms_enrollments\".\"courseId\") AS \"aggr_selection_0_LmsEnrollment\" ON (\"public\".\"lms_courses\".\"id\" = \"aggr_selection_0_LmsEnrollment\".\"courseId\") WHERE (\"public\".\"lms_courses\".\"id\" = $1 AND 1=1) LIMIT $2 OFFSET $3","service":"preplyte-api","timestamp":"2026-02-06 09:53:27"}
{"level":"debug","message":"Params: [\"cml94bejx00051360oftmcm9a\",1,0]","service":"preplyte-api","timestamp":"2026-02-06 09:53:27"}
{"level":"debug","message":"Duration: 1ms","service":"preplyte-api","timestamp":"2026-02-06 09:53:27"}
{"level":"debug","message":"Query: SELECT \"public\".\"lms_categories\".\"id\", \"public\".\"lms_categories\".\"name\", \"public\".\"lms_categories\".\"slug\", \"public\".\"lms_categories\".\"description\", \"public\".\"lms_categories\".\"iconUrl\", \"public\".\"lms_categories\".\"order\", \"public\".\"lms_categories\".\"isActive\", \"public\".\"lms_categories\".\"createdAt\", \"public\".\"lms_categories\".\"updatedAt\" FROM \"public\".\"lms_categories\" WHERE \"public\".\"lms_categories\".\"id\" IN ($1) OFFSET $2","service":"preplyte-api","timestamp":"2026-02-06 09:53:27"}
{"level":"debug","message":"Params: [\"cml92k1i3000017d0bq70mkrl\",0]","service":"preplyte-api","timestamp":"2026-02-06 09:53:27"}
{"level":"debug","message":"Duration: 0ms","service":"preplyte-api","timestamp":"2026-02-06 09:53:27"}
{"level":"debug","message":"Query: SELECT \"public\".\"lms_modules\".\"id\", \"public\".\"lms_modules\".\"courseId\", \"public\".\"lms_modules\".\"title\", \"public\".\"lms_modules\".\"shortDescription\", \"public\".\"lms_modules\".\"description\", \"public\".\"lms_modules\".\"order\", \"public\".\"lms_modules\".\"totalTopics\", \"public\".\"lms_modules\".\"points\", \"public\".\"lms_modules\".\"estimatedMinutes\", \"public\".\"lms_modules\".\"isActive\", \"public\".\"lms_modules\".\"createdAt\", \"public\".\"lms_modules\".\"updatedAt\" FROM \"public\".\"lms_modules\" WHERE \"public\".\"lms_modules\".\"courseId\" IN ($1) ORDER BY \"public\".\"lms_modules\".\"order\" ASC OFFSET $2","service":"preplyte-api","timestamp":"2026-02-06 09:53:27"}
{"level":"debug","message":"Params: [\"cml94bejx00051360oftmcm9a\",0]","service":"preplyte-api","timestamp":"2026-02-06 09:53:27"}
{"level":"debug","message":"Duration: 0ms","service":"preplyte-api","timestamp":"2026-02-06 09:53:27"}
{"level":"debug","message":"Query: SELECT \"public\".\"lms_topics\".\"id\", \"public\".\"lms_topics\".\"moduleId\", \"public\".\"lms_topics\".\"title\", \"public\".\"lms_topics\".\"description\", \"public\".\"lms_topics\".\"order\", \"public\".\"lms_topics\".\"theoryContent\", \"public\".\"lms_topics\".\"videoUrl\", \"public\".\"lms_topics\".\"videoDuration\", \"public\".\"lms_topics\".\"estimatedMinutes\", \"public\".\"lms_topics\".\"resources\", \"public\".\"lms_topics\".\"isActive\", \"public\".\"lms_topics\".\"createdAt\", \"public\".\"lms_topics\".\"updatedAt\" FROM \"public\".\"lms_topics\" WHERE \"public\".\"lms_topics\".\"moduleId\" IN ($1) ORDER BY \"public\".\"lms_topics\".\"order\" ASC OFFSET $2","service":"preplyte-api","timestamp":"2026-02-06 09:53:27"}
{"level":"debug","message":"Params: [\"cml94bejx00061360ybgbi4lp\",0]","service":"preplyte-api","timestamp":"2026-02-06 09:53:27"}
{"level":"debug","message":"Duration: 0ms","service":"preplyte-api","timestamp":"2026-02-06 09:53:27"}
{"level":"debug","message":"Query: SELECT \"public\".\"lms_module_tests\".\"id\", \"public\".\"lms_module_tests\".\"moduleId\", \"public\".\"lms_module_tests\".\"title\", \"public\".\"lms_module_tests\".\"instructions\", \"public\".\"lms_module_tests\".\"totalQuestions\", \"public\".\"lms_module_tests\".\"passingScore\", \"public\".\"lms_module_tests\".\"timeLimitMinutes\", \"public\".\"lms_module_tests\".\"maxAttempts\", \"public\".\"lms_module_tests\".\"pointsPerQuestion\", \"public\".\"lms_module_tests\".\"totalPoints\", \"public\".\"lms_module_tests\".\"isActive\", \"public\".\"lms_module_tests\".\"createdAt\", \"public\".\"lms_module_tests\".\"updatedAt\" FROM \"public\".\"lms_module_tests\" WHERE \"public\".\"lms_module_tests\".\"moduleId\" IN ($1) OFFSET $2","service":"preplyte-api","timestamp":"2026-02-06 09:53:27"}
{"level":"debug","message":"Params: [\"cml94bejx00061360ybgbi4lp\",0]","service":"preplyte-api","timestamp":"2026-02-06 09:53:27"}
{"level":"debug","message":"Duration: 0ms","service":"preplyte-api","timestamp":"2026-02-06 09:53:27"}
{"level":"debug","message":"Query: SELECT \"public\".\"lms_final_tests\".\"id\", \"public\".\"lms_final_tests\".\"courseId\", \"public\".\"lms_final_tests\".\"title\", \"public\".\"lms_final_tests\".\"instructions\", \"public\".\"lms_final_tests\".\"totalQuestions\", \"public\".\"lms_final_tests\".\"passingScore\", \"public\".\"lms_final_tests\".\"timeLimitMinutes\", \"public\".\"lms_final_tests\".\"pointsPerQuestion\", \"public\".\"lms_final_tests\".\"totalPoints\", \"public\".\"lms_final_tests\".\"maxAttempts\", \"public\".\"lms_final_tests\".\"isActive\", \"public\".\"lms_final_tests\".\"createdAt\", \"public\".\"lms_final_tests\".\"updatedAt\" FROM \"public\".\"lms_final_tests\" WHERE \"public\".\"lms_final_tests\".\"courseId\" IN ($1) OFFSET $2","service":"preplyte-api","timestamp":"2026-02-06 09:53:27"}
{"level":"debug","message":"Params: [\"cml94bejx00051360oftmcm9a\",0]","service":"preplyte-api","timestamp":"2026-02-06 09:53:27"}
{"level":"debug","message":"Duration: 0ms","service":"preplyte-api","timestamp":"2026-02-06 09:53:27"}
{"level":"debug","message":"Query: SELECT \"public\".\"lms_courses\".\"id\", \"public\".\"lms_courses\".\"categoryId\", \"public\".\"lms_courses\".\"title\", \"public\".\"lms_courses\".\"slug\", \"public\".\"lms_courses\".\"shortDescription\", \"public\".\"lms_courses\".\"description\", \"public\".\"lms_courses\".\"thumbnailUrl\", \"public\".\"lms_courses\".\"previewVideoUrl\", \"public\".\"lms_courses\".\"totalModules\", \"public\".\"lms_courses\".\"totalTopics\", \"public\".\"lms_courses\".\"totalPoints\", \"public\".\"lms_courses\".\"totalHours\", \"public\".\"lms_courses\".\"price\", \"public\".\"lms_courses\".\"discountPrice\", \"public\".\"lms_courses\".\"currency\", \"public\".\"lms_courses\".\"status\"::text, \"public\".\"lms_courses\".\"isActive\", \"public\".\"lms_courses\".\"certificateEnabled\", \"public\".\"lms_courses\".\"passingPercentage\", \"public\".\"lms_courses\".\"tags\", \"public\".\"lms_courses\".\"difficulty\"::text, \"public\".\"lms_courses\".\"instructor\", \"public\".\"lms_courses\".\"language\", \"public\".\"lms_courses\".\"createdAt\", \"public\".\"lms_courses\".\"updatedAt\", \"public\".\"lms_courses\".\"publishedAt\" FROM \"public\".\"lms_courses\" WHERE (\"public\".\"lms_courses\".\"slug\" = $1 AND 1=1) LIMIT $2 OFFSET $3","service":"preplyte-api","timestamp":"2026-02-06 09:53:27"}
{"level":"debug","message":"Params: [\"java-fullstack\",1,0]","service":"preplyte-api","timestamp":"2026-02-06 09:53:27"}
{"level":"debug","message":"Duration: 0ms","service":"preplyte-api","timestamp":"2026-02-06 09:53:27"}
{"level":"debug","message":"Query: BEGIN","service":"preplyte-api","timestamp":"2026-02-06 09:53:27"}
{"level":"debug","message":"Params: []","service":"preplyte-api","timestamp":"2026-02-06 09:53:27"}
{"level":"debug","message":"Duration: 0ms","service":"preplyte-api","timestamp":"2026-02-06 09:53:27"}
{"level":"debug","message":"Query: UPDATE \"public\".\"lms_courses\" SET \"categoryId\" = $1, \"title\" = $2, \"slug\" = $3, \"shortDescription\" = $4, \"description\" = $5, \"thumbnailUrl\" = $6, \"previewVideoUrl\" = $7, \"price\" = $8, \"discountPrice\" = $9, \"currency\" = $10, \"status\" = CAST($11::text AS \"public\".\"LmsCourseStatus\"), \"isActive\" = $12, \"certificateEnabled\" = $13, \"passingPercentage\" = $14, \"tags\" = $15, \"difficulty\" = CAST($16::text AS \"public\".\"DifficultyLevel\"), \"instructor\" = $17, \"language\" = $18, \"updatedAt\" = $19 WHERE (\"public\".\"lms_courses\".\"id\" = $20 AND 1=1) RETURNING \"public\".\"lms_courses\".\"id\", \"public\".\"lms_courses\".\"categoryId\", \"public\".\"lms_courses\".\"title\", \"public\".\"lms_courses\".\"slug\", \"public\".\"lms_courses\".\"shortDescription\", \"public\".\"lms_courses\".\"description\", \"public\".\"lms_courses\".\"thumbnailUrl\", \"public\".\"lms_courses\".\"previewVideoUrl\", \"public\".\"lms_courses\".\"totalModules\", \"public\".\"lms_courses\".\"totalTopics\", \"public\".\"lms_courses\".\"totalPoints\", \"public\".\"lms_courses\".\"totalHours\", \"public\".\"lms_courses\".\"price\", \"public\".\"lms_courses\".\"discountPrice\", \"public\".\"lms_courses\".\"currency\", \"public\".\"lms_courses\".\"status\"::text, \"public\".\"lms_courses\".\"isActive\", \"public\".\"lms_courses\".\"certificateEnabled\", \"public\".\"lms_courses\".\"passingPercentage\", \"public\".\"lms_courses\".\"tags\", \"public\".\"lms_courses\".\"difficulty\"::text, \"public\".\"lms_courses\".\"instructor\", \"public\".\"lms_courses\".\"language\", \"public\".\"lms_courses\".\"createdAt\", \"public\".\"lms_courses\".\"updatedAt\", \"public\".\"lms_courses\".\"publishedAt\"","service":"preplyte-api","timestamp":"2026-02-06 09:53:27"}
{"level":"debug","message":"Params: [\"cml92k1i3000017d0bq70mkrl\",\"Java fullstack\",\"java-fullstack\",\"Java is a good language\",\"Learn java with meLearn java with meLearn java with meLearn java with meLearn java with meLearn java with meLearn java with meLearn java with me\",null,null,1000,5,\"INR\",\"PUBLISHED\",true,false,70,[\"java programming\"],\"HARD\",\"Prathamesh Gaikwad\",\"English\",\"2026-02-06 04:23:27.976 UTC\",\"cml94bejx00051360oftmcm9a\"]","service":"preplyte-api","timestamp":"2026-02-06 09:53:27"}
{"level":"debug","message":"Duration: 1ms","service":"preplyte-api","timestamp":"2026-02-06 09:53:27"}
{"level":"debug","message":"Query: SELECT \"public\".\"lms_courses\".\"id\", \"public\".\"lms_courses\".\"categoryId\", \"public\".\"lms_courses\".\"title\", \"public\".\"lms_courses\".\"slug\", \"public\".\"lms_courses\".\"shortDescription\", \"public\".\"lms_courses\".\"description\", \"public\".\"lms_courses\".\"thumbnailUrl\", \"public\".\"lms_courses\".\"previewVideoUrl\", \"public\".\"lms_courses\".\"totalModules\", \"public\".\"lms_courses\".\"totalTopics\", \"public\".\"lms_courses\".\"totalPoints\", \"public\".\"lms_courses\".\"totalHours\", \"public\".\"lms_courses\".\"price\", \"public\".\"lms_courses\".\"discountPrice\", \"public\".\"lms_courses\".\"currency\", \"public\".\"lms_courses\".\"status\"::text, \"public\".\"lms_courses\".\"isActive\", \"public\".\"lms_courses\".\"certificateEnabled\", \"public\".\"lms_courses\".\"passingPercentage\", \"public\".\"lms_courses\".\"tags\", \"public\".\"lms_courses\".\"difficulty\"::text, \"public\".\"lms_courses\".\"instructor\", \"public\".\"lms_courses\".\"language\", \"public\".\"lms_courses\".\"createdAt\", \"public\".\"lms_courses\".\"updatedAt\", \"public\".\"lms_courses\".\"publishedAt\" FROM \"public\".\"lms_courses\" WHERE \"public\".\"lms_courses\".\"id\" = $1 LIMIT $2 OFFSET $3","service":"preplyte-api","timestamp":"2026-02-06 09:53:27"}
{"level":"debug","message":"Params: [\"cml94bejx00051360oftmcm9a\",1,0]","service":"preplyte-api","timestamp":"2026-02-06 09:53:27"}
{"level":"debug","message":"Duration: 0ms","service":"preplyte-api","timestamp":"2026-02-06 09:53:27"}
{"level":"debug","message":"Query: SELECT \"public\".\"lms_categories\".\"id\", \"public\".\"lms_categories\".\"name\", \"public\".\"lms_categories\".\"slug\", \"public\".\"lms_categories\".\"description\", \"public\".\"lms_categories\".\"iconUrl\", \"public\".\"lms_categories\".\"order\", \"public\".\"lms_categories\".\"isActive\", \"public\".\"lms_categories\".\"createdAt\", \"public\".\"lms_categories\".\"updatedAt\" FROM \"public\".\"lms_categories\" WHERE \"public\".\"lms_categories\".\"id\" IN ($1) OFFSET $2","service":"preplyte-api","timestamp":"2026-02-06 09:53:27"}
{"level":"debug","message":"Params: [\"cml92k1i3000017d0bq70mkrl\",0]","service":"preplyte-api","timestamp":"2026-02-06 09:53:27"}
{"level":"debug","message":"Duration: 0ms","service":"preplyte-api","timestamp":"2026-02-06 09:53:27"}
{"level":"debug","message":"Query: UPDATE \"public\".\"lms_final_tests\" SET \"title\" = $1, \"totalQuestions\" = $2, \"passingScore\" = $3, \"timeLimitMinutes\" = $4, \"maxAttempts\" = $5, \"pointsPerQuestion\" = $6, \"isActive\" = $7, \"totalPoints\" = $8, \"updatedAt\" = $9 WHERE (\"public\".\"lms_final_tests\".\"id\" = $10 AND 1=1) RETURNING \"public\".\"lms_final_tests\".\"id\", \"public\".\"lms_final_tests\".\"courseId\", \"public\".\"lms_final_tests\".\"title\", \"public\".\"lms_final_tests\".\"instructions\", \"public\".\"lms_final_tests\".\"totalQuestions\", \"public\".\"lms_final_tests\".\"passingScore\", \"public\".\"lms_final_tests\".\"timeLimitMinutes\", \"public\".\"lms_final_tests\".\"pointsPerQuestion\", \"public\".\"lms_final_tests\".\"totalPoints\", \"public\".\"lms_final_tests\".\"maxAttempts\", \"public\".\"lms_final_tests\".\"isActive\", \"public\".\"lms_final_tests\".\"createdAt\", \"public\".\"lms_final_tests\".\"updatedAt\"","service":"preplyte-api","timestamp":"2026-02-06 09:53:27"}
{"level":"debug","message":"Params: [\"Final Examination\",10,60,30,1,10,true,100,\"2026-02-06 04:23:27.987 UTC\",\"cml94bejz00091360pak7qfss\"]","service":"preplyte-api","timestamp":"2026-02-06 09:53:27"}
{"level":"debug","message":"Duration: 0ms","service":"preplyte-api","timestamp":"2026-02-06 09:53:27"}
{"level":"debug","message":"Query: DELETE FROM \"public\".\"lms_modules\" WHERE \"public\".\"lms_modules\".\"id\" IN ($1)","service":"preplyte-api","timestamp":"2026-02-06 09:53:27"}
{"level":"debug","message":"Params: [\"cml94bejx00061360ybgbi4lp\"]","service":"preplyte-api","timestamp":"2026-02-06 09:53:27"}
{"level":"debug","message":"Duration: 1ms","service":"preplyte-api","timestamp":"2026-02-06 09:53:27"}
{"level":"debug","message":"Query: INSERT INTO \"public\".\"lms_modules\" (\"id\",\"courseId\",\"title\",\"shortDescription\",\"description\",\"order\",\"totalTopics\",\"points\",\"estimatedMinutes\",\"isActive\",\"createdAt\",\"updatedAt\") VALUES ($1,$2,$3,$4,$5,$6,$7,$8,$9,$10,$11,$12) RETURNING \"public\".\"lms_modules\".\"id\", \"public\".\"lms_modules\".\"courseId\", \"public\".\"lms_modules\".\"title\", \"public\".\"lms_modules\".\"shortDescription\", \"public\".\"lms_modules\".\"description\", \"public\".\"lms_modules\".\"order\", \"public\".\"lms_modules\".\"totalTopics\", \"public\".\"lms_modules\".\"points\", \"public\".\"lms_modules\".\"estimatedMinutes\", \"public\".\"lms_modules\".\"isActive\", \"public\".\"lms_modules\".\"createdAt\", \"public\".\"lms_modules\".\"updatedAt\"","service":"preplyte-api","timestamp":"2026-02-06 09:53:27"}
{"level":"debug","message":"Params: [\"cmladr9j2000gysbkgdr0xosz\",\"cml94bejx00051360oftmcm9a\",\"Variables\",\"Learn variables\",null,1,1,10,0,true,\"2026-02-06 04:23:27.998 UTC\",\"2026-02-06 04:23:27.998 UTC\"]","service":"preplyte-api","timestamp":"2026-02-06 09:53:27"}
{"level":"debug","message":"Duration: 1ms","service":"preplyte-api","timestamp":"2026-02-06 09:53:27"}
{"level":"debug","message":"Query: SELECT \"public\".\"lms_module_tests\".\"id\", \"public\".\"lms_module_tests\".\"moduleId\", \"public\".\"lms_module_tests\".\"title\", \"public\".\"lms_module_tests\".\"instructions\", \"public\".\"lms_module_tests\".\"totalQuestions\", \"public\".\"lms_module_tests\".\"passingScore\", \"public\".\"lms_module_tests\".\"timeLimitMinutes\", \"public\".\"lms_module_tests\".\"maxAttempts\", \"public\".\"lms_module_tests\".\"pointsPerQuestion\", \"public\".\"lms_module_tests\".\"totalPoints\", \"public\".\"lms_module_tests\".\"isActive\", \"public\".\"lms_module_tests\".\"createdAt\", \"public\".\"lms_module_tests\".\"updatedAt\" FROM \"public\".\"lms_module_tests\" WHERE (\"public\".\"lms_module_tests\".\"moduleId\" = $1 AND 1=1) LIMIT $2 OFFSET $3","service":"preplyte-api","timestamp":"2026-02-06 09:53:28"}
{"level":"debug","message":"Params: [\"cmladr9j2000gysbkgdr0xosz\",1,0]","service":"preplyte-api","timestamp":"2026-02-06 09:53:28"}
{"level":"debug","message":"Duration: 0ms","service":"preplyte-api","timestamp":"2026-02-06 09:53:28"}
{"level":"debug","message":"Query: INSERT INTO \"public\".\"lms_module_tests\" (\"id\",\"moduleId\",\"title\",\"totalQuestions\",\"passingScore\",\"timeLimitMinutes\",\"maxAttempts\",\"pointsPerQuestion\",\"totalPoints\",\"isActive\",\"createdAt\",\"updatedAt\") VALUES ($1,$2,$3,$4,$5,$6,$7,$8,$9,$10,$11,$12) RETURNING \"public\".\"lms_module_tests\".\"id\", \"public\".\"lms_module_tests\".\"moduleId\", \"public\".\"lms_module_tests\".\"title\", \"public\".\"lms_module_tests\".\"instructions\", \"public\".\"lms_module_tests\".\"totalQuestions\", \"public\".\"lms_module_tests\".\"passingScore\", \"public\".\"lms_module_tests\".\"timeLimitMinutes\", \"public\".\"lms_module_tests\".\"maxAttempts\", \"public\".\"lms_module_tests\".\"pointsPerQuestion\", \"public\".\"lms_module_tests\".\"totalPoints\", \"public\".\"lms_module_tests\".\"isActive\", \"public\".\"lms_module_tests\".\"createdAt\", \"public\".\"lms_module_tests\".\"updatedAt\"","service":"preplyte-api","timestamp":"2026-02-06 09:53:28"}
{"level":"debug","message":"Params: [\"cmladr9jc000iysbkr9jxse7b\",\"cmladr9j2000gysbkgdr0xosz\",\"Test for Variables\",5,60,15,3,10,50,true,\"2026-02-06 04:23:28.008 UTC\",\"2026-02-06 04:23:28.008 UTC\"]","service":"preplyte-api","timestamp":"2026-02-06 09:53:28"}
{"level":"debug","message":"Duration: 0ms","service":"preplyte-api","timestamp":"2026-02-06 09:53:28"}
{"level":"debug","message":"Query: INSERT INTO \"public\".\"lms_topics\" (\"id\",\"moduleId\",\"title\",\"description\",\"order\",\"theoryContent\",\"videoUrl\",\"estimatedMinutes\",\"isActive\",\"createdAt\",\"updatedAt\") VALUES ($1,$2,$3,$4,$5,$6,$7,$8,$9,$10,$11) RETURNING \"public\".\"lms_topics\".\"id\", \"public\".\"lms_topics\".\"moduleId\", \"public\".\"lms_topics\".\"title\", \"public\".\"lms_topics\".\"description\", \"public\".\"lms_topics\".\"order\", \"public\".\"lms_topics\".\"theoryContent\", \"public\".\"lms_topics\".\"videoUrl\", \"public\".\"lms_topics\".\"videoDuration\", \"public\".\"lms_topics\".\"estimatedMinutes\", \"public\".\"lms_topics\".\"resources\", \"public\".\"lms_topics\".\"isActive\", \"public\".\"lms_topics\".\"createdAt\", \"public\".\"lms_topics\".\"updatedAt\"","service":"preplyte-api","timestamp":"2026-02-06 09:53:28"}
{"level":"debug","message":"Params: [\"cmladr9jh000kysbkv65y6ki8\",\"cmladr9j2000gysbkgdr0xosz\",\"int\",null,1,\"Learn variables with meLearn variables with meLearn variables with me\",\"https://www.youtube.com/watch?v=CNLk_uTYvVk\",10,true,\"2026-02-06 04:23:28.013 UTC\",\"2026-02-06 04:23:28.013 UTC\"]","service":"preplyte-api","timestamp":"2026-02-06 09:53:28"}
{"level":"debug","message":"Duration: 0ms","service":"preplyte-api","timestamp":"2026-02-06 09:53:28"}
{"level":"debug","message":"Query: SELECT \"public\".\"lms_courses\".\"id\", \"public\".\"lms_courses\".\"categoryId\", \"public\".\"lms_courses\".\"title\", \"public\".\"lms_courses\".\"slug\", \"public\".\"lms_courses\".\"shortDescription\", \"public\".\"lms_courses\".\"description\", \"public\".\"lms_courses\".\"thumbnailUrl\", \"public\".\"lms_courses\".\"previewVideoUrl\", \"public\".\"lms_courses\".\"totalModules\", \"public\".\"lms_courses\".\"totalTopics\", \"public\".\"lms_courses\".\"totalPoints\", \"public\".\"lms_courses\".\"totalHours\", \"public\".\"lms_courses\".\"price\", \"public\".\"lms_courses\".\"discountPrice\", \"public\".\"lms_courses\".\"currency\", \"public\".\"lms_courses\".\"status\"::text, \"public\".\"lms_courses\".\"isActive\", \"public\".\"lms_courses\".\"certificateEnabled\", \"public\".\"lms_courses\".\"passingPercentage\", \"public\".\"lms_courses\".\"tags\", \"public\".\"lms_courses\".\"difficulty\"::text, \"public\".\"lms_courses\".\"instructor\", \"public\".\"lms_courses\".\"language\", \"public\".\"lms_courses\".\"createdAt\", \"public\".\"lms_courses\".\"updatedAt\", \"public\".\"lms_courses\".\"publishedAt\" FROM \"public\".\"lms_courses\" WHERE (\"public\".\"lms_courses\".\"id\" = $1 AND 1=1) LIMIT $2 OFFSET $3","service":"preplyte-api","timestamp":"2026-02-06 09:53:28"}
{"level":"debug","message":"Params: [\"cml94bejx00051360oftmcm9a\",1,0]","service":"preplyte-api","timestamp":"2026-02-06 09:53:28"}
{"level":"debug","message":"Duration: 0ms","service":"preplyte-api","timestamp":"2026-02-06 09:53:28"}
{"level":"debug","message":"Query: SELECT \"public\".\"lms_modules\".\"id\", \"public\".\"lms_modules\".\"courseId\", \"public\".\"lms_modules\".\"title\", \"public\".\"lms_modules\".\"shortDescription\", \"public\".\"lms_modules\".\"description\", \"public\".\"lms_modules\".\"order\", \"public\".\"lms_modules\".\"totalTopics\", \"public\".\"lms_modules\".\"points\", \"public\".\"lms_modules\".\"estimatedMinutes\", \"public\".\"lms_modules\".\"isActive\", \"public\".\"lms_modules\".\"createdAt\", \"public\".\"lms_modules\".\"updatedAt\" FROM \"public\".\"lms_modules\" WHERE \"public\".\"lms_modules\".\"courseId\" IN ($1) OFFSET $2","service":"preplyte-api","timestamp":"2026-02-06 09:53:28"}
{"level":"debug","message":"Params: [\"cml94bejx00051360oftmcm9a\",0]","service":"preplyte-api","timestamp":"2026-02-06 09:53:28"}
{"level":"debug","message":"Duration: 0ms","service":"preplyte-api","timestamp":"2026-02-06 09:53:28"}
{"level":"debug","message":"Query: SELECT \"public\".\"lms_topics\".\"id\", \"public\".\"lms_topics\".\"moduleId\", \"public\".\"lms_topics\".\"title\", \"public\".\"lms_topics\".\"description\", \"public\".\"lms_topics\".\"order\", \"public\".\"lms_topics\".\"theoryContent\", \"public\".\"lms_topics\".\"videoUrl\", \"public\".\"lms_topics\".\"videoDuration\", \"public\".\"lms_topics\".\"estimatedMinutes\", \"public\".\"lms_topics\".\"resources\", \"public\".\"lms_topics\".\"isActive\", \"public\".\"lms_topics\".\"createdAt\", \"public\".\"lms_topics\".\"updatedAt\" FROM \"public\".\"lms_topics\" WHERE \"public\".\"lms_topics\".\"moduleId\" IN ($1) OFFSET $2","service":"preplyte-api","timestamp":"2026-02-06 09:53:28"}
{"level":"debug","message":"Params: [\"cml94bejx00061360ybgbi4lp\",0]","service":"preplyte-api","timestamp":"2026-02-06 09:53:28"}
{"level":"debug","message":"Duration: 0ms","service":"preplyte-api","timestamp":"2026-02-06 09:53:28"}
{"level":"debug","message":"Query: SELECT \"public\".\"lms_module_tests\".\"id\", \"public\".\"lms_module_tests\".\"moduleId\", \"public\".\"lms_module_tests\".\"title\", \"public\".\"lms_module_tests\".\"instructions\", \"public\".\"lms_module_tests\".\"totalQuestions\", \"public\".\"lms_module_tests\".\"passingScore\", \"public\".\"lms_module_tests\".\"timeLimitMinutes\", \"public\".\"lms_module_tests\".\"maxAttempts\", \"public\".\"lms_module_tests\".\"pointsPerQuestion\", \"public\".\"lms_module_tests\".\"totalPoints\", \"public\".\"lms_module_tests\".\"isActive\", \"public\".\"lms_module_tests\".\"createdAt\", \"public\".\"lms_module_tests\".\"updatedAt\" FROM \"public\".\"lms_module_tests\" WHERE \"public\".\"lms_module_tests\".\"moduleId\" IN ($1) OFFSET $2","service":"preplyte-api","timestamp":"2026-02-06 09:53:28"}
{"level":"debug","message":"Params: [\"cml94bejx00061360ybgbi4lp\",0]","service":"preplyte-api","timestamp":"2026-02-06 09:53:28"}
{"level":"debug","message":"Duration: 0ms","service":"preplyte-api","timestamp":"2026-02-06 09:53:28"}
{"level":"debug","message":"Query: SELECT \"public\".\"lms_final_tests\".\"id\", \"public\".\"lms_final_tests\".\"courseId\", \"public\".\"lms_final_tests\".\"title\", \"public\".\"lms_final_tests\".\"instructions\", \"public\".\"lms_final_tests\".\"totalQuestions\", \"public\".\"lms_final_tests\".\"passingScore\", \"public\".\"lms_final_tests\".\"timeLimitMinutes\", \"public\".\"lms_final_tests\".\"pointsPerQuestion\", \"public\".\"lms_final_tests\".\"totalPoints\", \"public\".\"lms_final_tests\".\"maxAttempts\", \"public\".\"lms_final_tests\".\"isActive\", \"public\".\"lms_final_tests\".\"createdAt\", \"public\".\"lms_final_tests\".\"updatedAt\" FROM \"public\".\"lms_final_tests\" WHERE \"public\".\"lms_final_tests\".\"courseId\" IN ($1) OFFSET $2","service":"preplyte-api","timestamp":"2026-02-06 09:53:28"}
{"level":"debug","message":"Params: [\"cml94bejx00051360oftmcm9a\",0]","service":"preplyte-api","timestamp":"2026-02-06 09:53:28"}
{"level":"debug","message":"Duration: 0ms","service":"preplyte-api","timestamp":"2026-02-06 09:53:28"}
{"level":"debug","message":"Query: ROLLBACK","service":"preplyte-api","timestamp":"2026-02-06 09:53:32"}
{"level":"debug","message":"Params: []","service":"preplyte-api","timestamp":"2026-02-06 09:53:32"}
{"level":"debug","message":"Duration: 0ms","service":"preplyte-api","timestamp":"2026-02-06 09:53:32"}
{"level":"debug","message":"Query: UPDATE \"public\".\"lms_courses\" SET \"totalModules\" = $1, \"totalTopics\" = $2, \"totalPoints\" = $3, \"totalHours\" = $4, \"updatedAt\" = $5 WHERE (\"public\".\"lms_courses\".\"id\" = $6 AND 1=1) RETURNING \"public\".\"lms_courses\".\"id\", \"public\".\"lms_courses\".\"categoryId\", \"public\".\"lms_courses\".\"title\", \"public\".\"lms_courses\".\"slug\", \"public\".\"lms_courses\".\"shortDescription\", \"public\".\"lms_courses\".\"description\", \"public\".\"lms_courses\".\"thumbnailUrl\", \"public\".\"lms_courses\".\"previewVideoUrl\", \"public\".\"lms_courses\".\"totalModules\", \"public\".\"lms_courses\".\"totalTopics\", \"public\".\"lms_courses\".\"totalPoints\", \"public\".\"lms_courses\".\"totalHours\", \"public\".\"lms_courses\".\"price\", \"public\".\"lms_courses\".\"discountPrice\", \"public\".\"lms_courses\".\"currency\", \"public\".\"lms_courses\".\"status\"::text, \"public\".\"lms_courses\".\"isActive\", \"public\".\"lms_courses\".\"certificateEnabled\", \"public\".\"lms_courses\".\"passingPercentage\", \"public\".\"lms_courses\".\"tags\", \"public\".\"lms_courses\".\"difficulty\"::text, \"public\".\"lms_courses\".\"instructor\", \"public\".\"lms_courses\".\"language\", \"public\".\"lms_courses\".\"createdAt\", \"public\".\"lms_courses\".\"updatedAt\", \"public\".\"lms_courses\".\"publishedAt\"","service":"preplyte-api","timestamp":"2026-02-06 09:53:32"}
{"level":"debug","message":"Params: [1,1,160,0.92,\"2026-02-06 04:23:28.033 UTC\",\"cml94bejx00051360oftmcm9a\"]","service":"preplyte-api","timestamp":"2026-02-06 09:53:32"}
{"level":"debug","message":"Duration: 4958ms","service":"preplyte-api","timestamp":"2026-02-06 09:53:32"}
{"code":"P2028","ip":"127.0.0.1","level":"warn","message":"Prisma error","method":"PATCH","path":"/api/admin/lms/courses/cml94bejx00051360oftmcm9a","requestId":"bc8528d8-7c3d-4782-bae3-1296ef94f97e","service":"preplyte-api","timestamp":"2026-02-06 09:53:32","userAgent":"Mozilla/5.0 (Windows NT 10.0; Win64; x64) AppleWebKit/537.36 (KHTML, like Gecko) Chrome/144.0.0.0 Safari/537.36","userId":"cml92r5r50001q3oopvkslp23"}
{"code":"P2028","level":"error","message":"Unhandled Prisma error","meta":{"error":"Transaction already closed: A commit cannot be executed on an expired transaction. The timeout for this transaction was 5000 ms, however 5028 ms passed since the start of the transaction. Consider increasing the interactive transaction timeout or doing less work in the transaction."},"service":"preplyte-api","timestamp":"2026-02-06 09:53:33"}
{"level":"info","message":"\u001b[0mPATCH /api/admin/lms/courses/cml94bejx00051360oftmcm9a \u001b[31m500\u001b[0m 5067.533 ms - 420\u001b[0m","service":"preplyte-api","timestamp":"2026-02-06 09:53:33"}
{"level":"debug","message":"Query: SELECT 1","service":"preplyte-api","timestamp":"2026-02-06 09:53:37"}
{"level":"debug","message":"Params: []","service":"preplyte-api","timestamp":"2026-02-06 09:53:37"}
{"level":"debug","message":"Duration: 0ms","service":"preplyte-api","timestamp":"2026-02-06 09:53:37"}
{"level":"debug","message":"Query: SELECT \"public\".\"users\".\"id\", \"public\".\"users\".\"email\", \"public\".\"users\".\"role\"::text, \"public\".\"users\".\"instituteId\", \"public\".\"users\".\"isActive\", \"public\".\"users\".\"tokenVersion\" FROM \"public\".\"users\" WHERE (\"public\".\"users\".\"id\" = $1 AND 1=1) LIMIT $2 OFFSET $3","service":"preplyte-api","timestamp":"2026-02-06 09:53:37"}
{"level":"debug","message":"Params: [\"cml92r5r50001q3oopvkslp23\",1,0]","service":"preplyte-api","timestamp":"2026-02-06 09:53:37"}
{"level":"debug","message":"Duration: 0ms","service":"preplyte-api","timestamp":"2026-02-06 09:53:37"}
{"level":"debug","message":"Query: SELECT \"public\".\"lms_courses\".\"id\", \"public\".\"lms_courses\".\"categoryId\", \"public\".\"lms_courses\".\"title\", \"public\".\"lms_courses\".\"slug\", \"public\".\"lms_courses\".\"shortDescription\", \"public\".\"lms_courses\".\"description\", \"public\".\"lms_courses\".\"thumbnailUrl\", \"public\".\"lms_courses\".\"previewVideoUrl\", \"public\".\"lms_courses\".\"totalModules\", \"public\".\"lms_courses\".\"totalTopics\", \"public\".\"lms_courses\".\"totalPoints\", \"public\".\"lms_courses\".\"totalHours\", \"public\".\"lms_courses\".\"price\", \"public\".\"lms_courses\".\"discountPrice\", \"public\".\"lms_courses\".\"currency\", \"public\".\"lms_courses\".\"status\"::text, \"public\".\"lms_courses\".\"isActive\", \"public\".\"lms_courses\".\"certificateEnabled\", \"public\".\"lms_courses\".\"passingPercentage\", \"public\".\"lms_courses\".\"tags\", \"public\".\"lms_courses\".\"difficulty\"::text, \"public\".\"lms_courses\".\"instructor\", \"public\".\"lms_courses\".\"language\", \"public\".\"lms_courses\".\"createdAt\", \"public\".\"lms_courses\".\"updatedAt\", \"public\".\"lms_courses\".\"publishedAt\", COALESCE(\"aggr_selection_0_LmsEnrollment\".\"_aggr_count_enrollments\", 0) AS \"_aggr_count_enrollments\" FROM \"public\".\"lms_courses\" LEFT JOIN (SELECT \"public\".\"lms_enrollments\".\"courseId\", COUNT(*) AS \"_aggr_count_enrollments\" FROM \"public\".\"lms_enrollments\" WHERE 1=1 GROUP BY \"public\".\"lms_enrollments\".\"courseId\") AS \"aggr_selection_0_LmsEnrollment\" ON (\"public\".\"lms_courses\".\"id\" = \"aggr_selection_0_LmsEnrollment\".\"courseId\") WHERE (\"public\".\"lms_courses\".\"id\" = $1 AND 1=1) LIMIT $2 OFFSET $3","service":"preplyte-api","timestamp":"2026-02-06 09:53:37"}
{"level":"debug","message":"Params: [\"cml94bejx00051360oftmcm9a\",1,0]","service":"preplyte-api","timestamp":"2026-02-06 09:53:37"}
{"level":"debug","message":"Duration: 1ms","service":"preplyte-api","timestamp":"2026-02-06 09:53:37"}
{"level":"debug","message":"Query: SELECT \"public\".\"lms_categories\".\"id\", \"public\".\"lms_categories\".\"name\", \"public\".\"lms_categories\".\"slug\", \"public\".\"lms_categories\".\"description\", \"public\".\"lms_categories\".\"iconUrl\", \"public\".\"lms_categories\".\"order\", \"public\".\"lms_categories\".\"isActive\", \"public\".\"lms_categories\".\"createdAt\", \"public\".\"lms_categories\".\"updatedAt\" FROM \"public\".\"lms_categories\" WHERE \"public\".\"lms_categories\".\"id\" IN ($1) OFFSET $2","service":"preplyte-api","timestamp":"2026-02-06 09:53:37"}
{"level":"debug","message":"Params: [\"cml92k1i3000017d0bq70mkrl\",0]","service":"preplyte-api","timestamp":"2026-02-06 09:53:37"}
{"level":"debug","message":"Duration: 0ms","service":"preplyte-api","timestamp":"2026-02-06 09:53:37"}
{"level":"debug","message":"Query: SELECT \"public\".\"lms_modules\".\"id\", \"public\".\"lms_modules\".\"courseId\", \"public\".\"lms_modules\".\"title\", \"public\".\"lms_modules\".\"shortDescription\", \"public\".\"lms_modules\".\"description\", \"public\".\"lms_modules\".\"order\", \"public\".\"lms_modules\".\"totalTopics\", \"public\".\"lms_modules\".\"points\", \"public\".\"lms_modules\".\"estimatedMinutes\", \"public\".\"lms_modules\".\"isActive\", \"public\".\"lms_modules\".\"createdAt\", \"public\".\"lms_modules\".\"updatedAt\" FROM \"public\".\"lms_modules\" WHERE \"public\".\"lms_modules\".\"courseId\" IN ($1) ORDER BY \"public\".\"lms_modules\".\"order\" ASC OFFSET $2","service":"preplyte-api","timestamp":"2026-02-06 09:53:37"}
{"level":"debug","message":"Params: [\"cml94bejx00051360oftmcm9a\",0]","service":"preplyte-api","timestamp":"2026-02-06 09:53:37"}
{"level":"debug","message":"Duration: 0ms","service":"preplyte-api","timestamp":"2026-02-06 09:53:37"}
{"level":"debug","message":"Query: SELECT \"public\".\"lms_topics\".\"id\", \"public\".\"lms_topics\".\"moduleId\", \"public\".\"lms_topics\".\"title\", \"public\".\"lms_topics\".\"description\", \"public\".\"lms_topics\".\"order\", \"public\".\"lms_topics\".\"theoryContent\", \"public\".\"lms_topics\".\"videoUrl\", \"public\".\"lms_topics\".\"videoDuration\", \"public\".\"lms_topics\".\"estimatedMinutes\", \"public\".\"lms_topics\".\"resources\", \"public\".\"lms_topics\".\"isActive\", \"public\".\"lms_topics\".\"createdAt\", \"public\".\"lms_topics\".\"updatedAt\" FROM \"public\".\"lms_topics\" WHERE \"public\".\"lms_topics\".\"moduleId\" IN ($1) ORDER BY \"public\".\"lms_topics\".\"order\" ASC OFFSET $2","service":"preplyte-api","timestamp":"2026-02-06 09:53:37"}
{"level":"debug","message":"Params: [\"cml94bejx00061360ybgbi4lp\",0]","service":"preplyte-api","timestamp":"2026-02-06 09:53:37"}
{"level":"debug","message":"Duration: 0ms","service":"preplyte-api","timestamp":"2026-02-06 09:53:37"}
{"level":"debug","message":"Query: SELECT \"public\".\"lms_module_tests\".\"id\", \"public\".\"lms_module_tests\".\"moduleId\", \"public\".\"lms_module_tests\".\"title\", \"public\".\"lms_module_tests\".\"instructions\", \"public\".\"lms_module_tests\".\"totalQuestions\", \"public\".\"lms_module_tests\".\"passingScore\", \"public\".\"lms_module_tests\".\"timeLimitMinutes\", \"public\".\"lms_module_tests\".\"maxAttempts\", \"public\".\"lms_module_tests\".\"pointsPerQuestion\", \"public\".\"lms_module_tests\".\"totalPoints\", \"public\".\"lms_module_tests\".\"isActive\", \"public\".\"lms_module_tests\".\"createdAt\", \"public\".\"lms_module_tests\".\"updatedAt\" FROM \"public\".\"lms_module_tests\" WHERE \"public\".\"lms_module_tests\".\"moduleId\" IN ($1) OFFSET $2","service":"preplyte-api","timestamp":"2026-02-06 09:53:37"}
{"level":"debug","message":"Params: [\"cml94bejx00061360ybgbi4lp\",0]","service":"preplyte-api","timestamp":"2026-02-06 09:53:37"}
{"level":"debug","message":"Duration: 0ms","service":"preplyte-api","timestamp":"2026-02-06 09:53:37"}
{"level":"debug","message":"Query: SELECT \"public\".\"lms_final_tests\".\"id\", \"public\".\"lms_final_tests\".\"courseId\", \"public\".\"lms_final_tests\".\"title\", \"public\".\"lms_final_tests\".\"instructions\", \"public\".\"lms_final_tests\".\"totalQuestions\", \"public\".\"lms_final_tests\".\"passingScore\", \"public\".\"lms_final_tests\".\"timeLimitMinutes\", \"public\".\"lms_final_tests\".\"pointsPerQuestion\", \"public\".\"lms_final_tests\".\"totalPoints\", \"public\".\"lms_final_tests\".\"maxAttempts\", \"public\".\"lms_final_tests\".\"isActive\", \"public\".\"lms_final_tests\".\"createdAt\", \"public\".\"lms_final_tests\".\"updatedAt\" FROM \"public\".\"lms_final_tests\" WHERE \"public\".\"lms_final_tests\".\"courseId\" IN ($1) OFFSET $2","service":"preplyte-api","timestamp":"2026-02-06 09:53:37"}
{"level":"debug","message":"Params: [\"cml94bejx00051360oftmcm9a\",0]","service":"preplyte-api","timestamp":"2026-02-06 09:53:37"}
{"level":"debug","message":"Duration: 0ms","service":"preplyte-api","timestamp":"2026-02-06 09:53:37"}
{"level":"debug","message":"Query: SELECT \"public\".\"lms_courses\".\"id\", \"public\".\"lms_courses\".\"categoryId\", \"public\".\"lms_courses\".\"title\", \"public\".\"lms_courses\".\"slug\", \"public\".\"lms_courses\".\"shortDescription\", \"public\".\"lms_courses\".\"description\", \"public\".\"lms_courses\".\"thumbnailUrl\", \"public\".\"lms_courses\".\"previewVideoUrl\", \"public\".\"lms_courses\".\"totalModules\", \"public\".\"lms_courses\".\"totalTopics\", \"public\".\"lms_courses\".\"totalPoints\", \"public\".\"lms_courses\".\"totalHours\", \"public\".\"lms_courses\".\"price\", \"public\".\"lms_courses\".\"discountPrice\", \"public\".\"lms_courses\".\"currency\", \"public\".\"lms_courses\".\"status\"::text, \"public\".\"lms_courses\".\"isActive\", \"public\".\"lms_courses\".\"certificateEnabled\", \"public\".\"lms_courses\".\"passingPercentage\", \"public\".\"lms_courses\".\"tags\", \"public\".\"lms_courses\".\"difficulty\"::text, \"public\".\"lms_courses\".\"instructor\", \"public\".\"lms_courses\".\"language\", \"public\".\"lms_courses\".\"createdAt\", \"public\".\"lms_courses\".\"updatedAt\", \"public\".\"lms_courses\".\"publishedAt\" FROM \"public\".\"lms_courses\" WHERE (\"public\".\"lms_courses\".\"slug\" = $1 AND 1=1) LIMIT $2 OFFSET $3","service":"preplyte-api","timestamp":"2026-02-06 09:53:37"}
{"level":"debug","message":"Params: [\"java-fullstack\",1,0]","service":"preplyte-api","timestamp":"2026-02-06 09:53:37"}
{"level":"debug","message":"Duration: 0ms","service":"preplyte-api","timestamp":"2026-02-06 09:53:37"}
{"level":"debug","message":"Query: BEGIN","service":"preplyte-api","timestamp":"2026-02-06 09:53:37"}
{"level":"debug","message":"Params: []","service":"preplyte-api","timestamp":"2026-02-06 09:53:37"}
{"level":"debug","message":"Duration: 0ms","service":"preplyte-api","timestamp":"2026-02-06 09:53:37"}
{"level":"debug","message":"Query: UPDATE \"public\".\"lms_courses\" SET \"categoryId\" = $1, \"title\" = $2, \"slug\" = $3, \"shortDescription\" = $4, \"description\" = $5, \"thumbnailUrl\" = $6, \"previewVideoUrl\" = $7, \"price\" = $8, \"discountPrice\" = $9, \"currency\" = $10, \"status\" = CAST($11::text AS \"public\".\"LmsCourseStatus\"), \"isActive\" = $12, \"certificateEnabled\" = $13, \"passingPercentage\" = $14, \"tags\" = $15, \"difficulty\" = CAST($16::text AS \"public\".\"DifficultyLevel\"), \"instructor\" = $17, \"language\" = $18, \"updatedAt\" = $19 WHERE (\"public\".\"lms_courses\".\"id\" = $20 AND 1=1) RETURNING \"public\".\"lms_courses\".\"id\", \"public\".\"lms_courses\".\"categoryId\", \"public\".\"lms_courses\".\"title\", \"public\".\"lms_courses\".\"slug\", \"public\".\"lms_courses\".\"shortDescription\", \"public\".\"lms_courses\".\"description\", \"public\".\"lms_courses\".\"thumbnailUrl\", \"public\".\"lms_courses\".\"previewVideoUrl\", \"public\".\"lms_courses\".\"totalModules\", \"public\".\"lms_courses\".\"totalTopics\", \"public\".\"lms_courses\".\"totalPoints\", \"public\".\"lms_courses\".\"totalHours\", \"public\".\"lms_courses\".\"price\", \"public\".\"lms_courses\".\"discountPrice\", \"public\".\"lms_courses\".\"currency\", \"public\".\"lms_courses\".\"status\"::text, \"public\".\"lms_courses\".\"isActive\", \"public\".\"lms_courses\".\"certificateEnabled\", \"public\".\"lms_courses\".\"passingPercentage\", \"public\".\"lms_courses\".\"tags\", \"public\".\"lms_courses\".\"difficulty\"::text, \"public\".\"lms_courses\".\"instructor\", \"public\".\"lms_courses\".\"language\", \"public\".\"lms_courses\".\"createdAt\", \"public\".\"lms_courses\".\"updatedAt\", \"public\".\"lms_courses\".\"publishedAt\"","service":"preplyte-api","timestamp":"2026-02-06 09:53:37"}
{"level":"debug","message":"Params: [\"cml92k1i3000017d0bq70mkrl\",\"Java fullstack\",\"java-fullstack\",\"Java is a good language\",\"Learn java with meLearn java with meLearn java with meLearn java with meLearn java with meLearn java with meLearn java with meLearn java with me\",null,null,1000,5,\"INR\",\"PUBLISHED\",true,false,70,[\"java programming\"],\"HARD\",\"Prathamesh Gaikwad\",\"English\",\"2026-02-06 04:23:37.061 UTC\",\"cml94bejx00051360oftmcm9a\"]","service":"preplyte-api","timestamp":"2026-02-06 09:53:37"}
{"level":"debug","message":"Duration: 0ms","service":"preplyte-api","timestamp":"2026-02-06 09:53:37"}
{"level":"debug","message":"Query: SELECT \"public\".\"lms_courses\".\"id\", \"public\".\"lms_courses\".\"categoryId\", \"public\".\"lms_courses\".\"title\", \"public\".\"lms_courses\".\"slug\", \"public\".\"lms_courses\".\"shortDescription\", \"public\".\"lms_courses\".\"description\", \"public\".\"lms_courses\".\"thumbnailUrl\", \"public\".\"lms_courses\".\"previewVideoUrl\", \"public\".\"lms_courses\".\"totalModules\", \"public\".\"lms_courses\".\"totalTopics\", \"public\".\"lms_courses\".\"totalPoints\", \"public\".\"lms_courses\".\"totalHours\", \"public\".\"lms_courses\".\"price\", \"public\".\"lms_courses\".\"discountPrice\", \"public\".\"lms_courses\".\"currency\", \"public\".\"lms_courses\".\"status\"::text, \"public\".\"lms_courses\".\"isActive\", \"public\".\"lms_courses\".\"certificateEnabled\", \"public\".\"lms_courses\".\"passingPercentage\", \"public\".\"lms_courses\".\"tags\", \"public\".\"lms_courses\".\"difficulty\"::text, \"public\".\"lms_courses\".\"instructor\", \"public\".\"lms_courses\".\"language\", \"public\".\"lms_courses\".\"createdAt\", \"public\".\"lms_courses\".\"updatedAt\", \"public\".\"lms_courses\".\"publishedAt\" FROM \"public\".\"lms_courses\" WHERE \"public\".\"lms_courses\".\"id\" = $1 LIMIT $2 OFFSET $3","service":"preplyte-api","timestamp":"2026-02-06 09:53:37"}
{"level":"debug","message":"Params: [\"cml94bejx00051360oftmcm9a\",1,0]","service":"preplyte-api","timestamp":"2026-02-06 09:53:37"}
{"level":"debug","message":"Duration: 0ms","service":"preplyte-api","timestamp":"2026-02-06 09:53:37"}
{"level":"debug","message":"Query: SELECT \"public\".\"lms_categories\".\"id\", \"public\".\"lms_categories\".\"name\", \"public\".\"lms_categories\".\"slug\", \"public\".\"lms_categories\".\"description\", \"public\".\"lms_categories\".\"iconUrl\", \"public\".\"lms_categories\".\"order\", \"public\".\"lms_categories\".\"isActive\", \"public\".\"lms_categories\".\"createdAt\", \"public\".\"lms_categories\".\"updatedAt\" FROM \"public\".\"lms_categories\" WHERE \"public\".\"lms_categories\".\"id\" IN ($1) OFFSET $2","service":"preplyte-api","timestamp":"2026-02-06 09:53:37"}
{"level":"debug","message":"Params: [\"cml92k1i3000017d0bq70mkrl\",0]","service":"preplyte-api","timestamp":"2026-02-06 09:53:37"}
{"level":"debug","message":"Duration: 0ms","service":"preplyte-api","timestamp":"2026-02-06 09:53:37"}
{"level":"debug","message":"Query: UPDATE \"public\".\"lms_final_tests\" SET \"title\" = $1, \"totalQuestions\" = $2, \"passingScore\" = $3, \"timeLimitMinutes\" = $4, \"maxAttempts\" = $5, \"pointsPerQuestion\" = $6, \"isActive\" = $7, \"totalPoints\" = $8, \"updatedAt\" = $9 WHERE (\"public\".\"lms_final_tests\".\"id\" = $10 AND 1=1) RETURNING \"public\".\"lms_final_tests\".\"id\", \"public\".\"lms_final_tests\".\"courseId\", \"public\".\"lms_final_tests\".\"title\", \"public\".\"lms_final_tests\".\"instructions\", \"public\".\"lms_final_tests\".\"totalQuestions\", \"public\".\"lms_final_tests\".\"passingScore\", \"public\".\"lms_final_tests\".\"timeLimitMinutes\", \"public\".\"lms_final_tests\".\"pointsPerQuestion\", \"public\".\"lms_final_tests\".\"totalPoints\", \"public\".\"lms_final_tests\".\"maxAttempts\", \"public\".\"lms_final_tests\".\"isActive\", \"public\".\"lms_final_tests\".\"createdAt\", \"public\".\"lms_final_tests\".\"updatedAt\"","service":"preplyte-api","timestamp":"2026-02-06 09:53:37"}
{"level":"debug","message":"Params: [\"Final Examination\",10,60,30,1,10,true,100,\"2026-02-06 04:23:37.073 UTC\",\"cml94bejz00091360pak7qfss\"]","service":"preplyte-api","timestamp":"2026-02-06 09:53:37"}
{"level":"debug","message":"Duration: 0ms","service":"preplyte-api","timestamp":"2026-02-06 09:53:37"}
{"level":"debug","message":"Query: DELETE FROM \"public\".\"lms_modules\" WHERE \"public\".\"lms_modules\".\"id\" IN ($1)","service":"preplyte-api","timestamp":"2026-02-06 09:53:37"}
{"level":"debug","message":"Params: [\"cml94bejx00061360ybgbi4lp\"]","service":"preplyte-api","timestamp":"2026-02-06 09:53:37"}
{"level":"debug","message":"Duration: 1ms","service":"preplyte-api","timestamp":"2026-02-06 09:53:37"}
{"level":"debug","message":"Query: INSERT INTO \"public\".\"lms_modules\" (\"id\",\"courseId\",\"title\",\"shortDescription\",\"description\",\"order\",\"totalTopics\",\"points\",\"estimatedMinutes\",\"isActive\",\"createdAt\",\"updatedAt\") VALUES ($1,$2,$3,$4,$5,$6,$7,$8,$9,$10,$11,$12) RETURNING \"public\".\"lms_modules\".\"id\", \"public\".\"lms_modules\".\"courseId\", \"public\".\"lms_modules\".\"title\", \"public\".\"lms_modules\".\"shortDescription\", \"public\".\"lms_modules\".\"description\", \"public\".\"lms_modules\".\"order\", \"public\".\"lms_modules\".\"totalTopics\", \"public\".\"lms_modules\".\"points\", \"public\".\"lms_modules\".\"estimatedMinutes\", \"public\".\"lms_modules\".\"isActive\", \"public\".\"lms_modules\".\"createdAt\", \"public\".\"lms_modules\".\"updatedAt\"","service":"preplyte-api","timestamp":"2026-02-06 09:53:37"}
{"level":"debug","message":"Params: [\"cmladrgjg000nysbkh44psf7j\",\"cml94bejx00051360oftmcm9a\",\"Variables\",\"Learn variables\",null,1,1,10,0,true,\"2026-02-06 04:23:37.084 UTC\",\"2026-02-06 04:23:37.084 UTC\"]","service":"preplyte-api","timestamp":"2026-02-06 09:53:37"}
{"level":"debug","message":"Duration: 1ms","service":"preplyte-api","timestamp":"2026-02-06 09:53:37"}
{"level":"debug","message":"Query: SELECT \"public\".\"lms_module_tests\".\"id\", \"public\".\"lms_module_tests\".\"moduleId\", \"public\".\"lms_module_tests\".\"title\", \"public\".\"lms_module_tests\".\"instructions\", \"public\".\"lms_module_tests\".\"totalQuestions\", \"public\".\"lms_module_tests\".\"passingScore\", \"public\".\"lms_module_tests\".\"timeLimitMinutes\", \"public\".\"lms_module_tests\".\"maxAttempts\", \"public\".\"lms_module_tests\".\"pointsPerQuestion\", \"public\".\"lms_module_tests\".\"totalPoints\", \"public\".\"lms_module_tests\".\"isActive\", \"public\".\"lms_module_tests\".\"createdAt\", \"public\".\"lms_module_tests\".\"updatedAt\" FROM \"public\".\"lms_module_tests\" WHERE (\"public\".\"lms_module_tests\".\"moduleId\" = $1 AND 1=1) LIMIT $2 OFFSET $3","service":"preplyte-api","timestamp":"2026-02-06 09:53:37"}
{"level":"debug","message":"Params: [\"cmladrgjg000nysbkh44psf7j\",1,0]","service":"preplyte-api","timestamp":"2026-02-06 09:53:37"}
{"level":"debug","message":"Duration: 0ms","service":"preplyte-api","timestamp":"2026-02-06 09:53:37"}
{"level":"debug","message":"Query: INSERT INTO \"public\".\"lms_module_tests\" (\"id\",\"moduleId\",\"title\",\"totalQuestions\",\"passingScore\",\"timeLimitMinutes\",\"maxAttempts\",\"pointsPerQuestion\",\"totalPoints\",\"isActive\",\"createdAt\",\"updatedAt\") VALUES ($1,$2,$3,$4,$5,$6,$7,$8,$9,$10,$11,$12) RETURNING \"public\".\"lms_module_tests\".\"id\", \"public\".\"lms_module_tests\".\"moduleId\", \"public\".\"lms_module_tests\".\"title\", \"public\".\"lms_module_tests\".\"instructions\", \"public\".\"lms_module_tests\".\"totalQuestions\", \"public\".\"lms_module_tests\".\"passingScore\", \"public\".\"lms_module_tests\".\"timeLimitMinutes\", \"public\".\"lms_module_tests\".\"maxAttempts\", \"public\".\"lms_module_tests\".\"pointsPerQuestion\", \"public\".\"lms_module_tests\".\"totalPoints\", \"public\".\"lms_module_tests\".\"isActive\", \"public\".\"lms_module_tests\".\"createdAt\", \"public\".\"lms_module_tests\".\"updatedAt\"","service":"preplyte-api","timestamp":"2026-02-06 09:53:37"}
{"level":"debug","message":"Params: [\"cmladrgjq000pysbkxetk999b\",\"cmladrgjg000nysbkh44psf7j\",\"Test for Variables\",5,60,15,3,10,50,true,\"2026-02-06 04:23:37.095 UTC\",\"2026-02-06 04:23:37.095 UTC\"]","service":"preplyte-api","timestamp":"2026-02-06 09:53:37"}
{"level":"debug","message":"Duration: 0ms","service":"preplyte-api","timestamp":"2026-02-06 09:53:37"}
{"level":"debug","message":"Query: INSERT INTO \"public\".\"lms_topics\" (\"id\",\"moduleId\",\"title\",\"description\",\"order\",\"theoryContent\",\"videoUrl\",\"estimatedMinutes\",\"isActive\",\"createdAt\",\"updatedAt\") VALUES ($1,$2,$3,$4,$5,$6,$7,$8,$9,$10,$11) RETURNING \"public\".\"lms_topics\".\"id\", \"public\".\"lms_topics\".\"moduleId\", \"public\".\"lms_topics\".\"title\", \"public\".\"lms_topics\".\"description\", \"public\".\"lms_topics\".\"order\", \"public\".\"lms_topics\".\"theoryContent\", \"public\".\"lms_topics\".\"videoUrl\", \"public\".\"lms_topics\".\"videoDuration\", \"public\".\"lms_topics\".\"estimatedMinutes\", \"public\".\"lms_topics\".\"resources\", \"public\".\"lms_topics\".\"isActive\", \"public\".\"lms_topics\".\"createdAt\", \"public\".\"lms_topics\".\"updatedAt\"","service":"preplyte-api","timestamp":"2026-02-06 09:53:37"}
{"level":"debug","message":"Params: [\"cmladrgjv000rysbkrfij9m17\",\"cmladrgjg000nysbkh44psf7j\",\"int\",null,1,\"Learn variables with meLearn variables with meLearn variables with me\",\"https://www.youtube.com/watch?v=CNLk_uTYvVk\",10,true,\"2026-02-06 04:23:37.100 UTC\",\"2026-02-06 04:23:37.100 UTC\"]","service":"preplyte-api","timestamp":"2026-02-06 09:53:37"}
{"level":"debug","message":"Duration: 1ms","service":"preplyte-api","timestamp":"2026-02-06 09:53:37"}
{"level":"debug","message":"Query: SELECT 1","service":"preplyte-api","timestamp":"2026-02-06 09:53:37"}
{"level":"debug","message":"Params: []","service":"preplyte-api","timestamp":"2026-02-06 09:53:37"}
{"level":"debug","message":"Duration: 0ms","service":"preplyte-api","timestamp":"2026-02-06 09:53:37"}
{"level":"debug","message":"Query: SELECT \"public\".\"lms_courses\".\"id\", \"public\".\"lms_courses\".\"categoryId\", \"public\".\"lms_courses\".\"title\", \"public\".\"lms_courses\".\"slug\", \"public\".\"lms_courses\".\"shortDescription\", \"public\".\"lms_courses\".\"description\", \"public\".\"lms_courses\".\"thumbnailUrl\", \"public\".\"lms_courses\".\"previewVideoUrl\", \"public\".\"lms_courses\".\"totalModules\", \"public\".\"lms_courses\".\"totalTopics\", \"public\".\"lms_courses\".\"totalPoints\", \"public\".\"lms_courses\".\"totalHours\", \"public\".\"lms_courses\".\"price\", \"public\".\"lms_courses\".\"discountPrice\", \"public\".\"lms_courses\".\"currency\", \"public\".\"lms_courses\".\"status\"::text, \"public\".\"lms_courses\".\"isActive\", \"public\".\"lms_courses\".\"certificateEnabled\", \"public\".\"lms_courses\".\"passingPercentage\", \"public\".\"lms_courses\".\"tags\", \"public\".\"lms_courses\".\"difficulty\"::text, \"public\".\"lms_courses\".\"instructor\", \"public\".\"lms_courses\".\"language\", \"public\".\"lms_courses\".\"createdAt\", \"public\".\"lms_courses\".\"updatedAt\", \"public\".\"lms_courses\".\"publishedAt\" FROM \"public\".\"lms_courses\" WHERE (\"public\".\"lms_courses\".\"id\" = $1 AND 1=1) LIMIT $2 OFFSET $3","service":"preplyte-api","timestamp":"2026-02-06 09:53:37"}
{"level":"debug","message":"Params: [\"cml94bejx00051360oftmcm9a\",1,0]","service":"preplyte-api","timestamp":"2026-02-06 09:53:37"}
{"level":"debug","message":"Duration: 0ms","service":"preplyte-api","timestamp":"2026-02-06 09:53:37"}
{"level":"debug","message":"Query: SELECT \"public\".\"lms_modules\".\"id\", \"public\".\"lms_modules\".\"courseId\", \"public\".\"lms_modules\".\"title\", \"public\".\"lms_modules\".\"shortDescription\", \"public\".\"lms_modules\".\"description\", \"public\".\"lms_modules\".\"order\", \"public\".\"lms_modules\".\"totalTopics\", \"public\".\"lms_modules\".\"points\", \"public\".\"lms_modules\".\"estimatedMinutes\", \"public\".\"lms_modules\".\"isActive\", \"public\".\"lms_modules\".\"createdAt\", \"public\".\"lms_modules\".\"updatedAt\" FROM \"public\".\"lms_modules\" WHERE \"public\".\"lms_modules\".\"courseId\" IN ($1) OFFSET $2","service":"preplyte-api","timestamp":"2026-02-06 09:53:37"}
{"level":"debug","message":"Params: [\"cml94bejx00051360oftmcm9a\",0]","service":"preplyte-api","timestamp":"2026-02-06 09:53:37"}
{"level":"debug","message":"Duration: 0ms","service":"preplyte-api","timestamp":"2026-02-06 09:53:37"}
{"level":"debug","message":"Query: SELECT \"public\".\"lms_topics\".\"id\", \"public\".\"lms_topics\".\"moduleId\", \"public\".\"lms_topics\".\"title\", \"public\".\"lms_topics\".\"description\", \"public\".\"lms_topics\".\"order\", \"public\".\"lms_topics\".\"theoryContent\", \"public\".\"lms_topics\".\"videoUrl\", \"public\".\"lms_topics\".\"videoDuration\", \"public\".\"lms_topics\".\"estimatedMinutes\", \"public\".\"lms_topics\".\"resources\", \"public\".\"lms_topics\".\"isActive\", \"public\".\"lms_topics\".\"createdAt\", \"public\".\"lms_topics\".\"updatedAt\" FROM \"public\".\"lms_topics\" WHERE \"public\".\"lms_topics\".\"moduleId\" IN ($1) OFFSET $2","service":"preplyte-api","timestamp":"2026-02-06 09:53:37"}
{"level":"debug","message":"Params: [\"cml94bejx00061360ybgbi4lp\",0]","service":"preplyte-api","timestamp":"2026-02-06 09:53:37"}
{"level":"debug","message":"Duration: 0ms","service":"preplyte-api","timestamp":"2026-02-06 09:53:37"}
{"level":"debug","message":"Query: SELECT \"public\".\"lms_module_tests\".\"id\", \"public\".\"lms_module_tests\".\"moduleId\", \"public\".\"lms_module_tests\".\"title\", \"public\".\"lms_module_tests\".\"instructions\", \"public\".\"lms_module_tests\".\"totalQuestions\", \"public\".\"lms_module_tests\".\"passingScore\", \"public\".\"lms_module_tests\".\"timeLimitMinutes\", \"public\".\"lms_module_tests\".\"maxAttempts\", \"public\".\"lms_module_tests\".\"pointsPerQuestion\", \"public\".\"lms_module_tests\".\"totalPoints\", \"public\".\"lms_module_tests\".\"isActive\", \"public\".\"lms_module_tests\".\"createdAt\", \"public\".\"lms_module_tests\".\"updatedAt\" FROM \"public\".\"lms_module_tests\" WHERE \"public\".\"lms_module_tests\".\"moduleId\" IN ($1) OFFSET $2","service":"preplyte-api","timestamp":"2026-02-06 09:53:37"}
{"level":"debug","message":"Params: [\"cml94bejx00061360ybgbi4lp\",0]","service":"preplyte-api","timestamp":"2026-02-06 09:53:37"}
{"level":"debug","message":"Duration: 0ms","service":"preplyte-api","timestamp":"2026-02-06 09:53:37"}
{"level":"debug","message":"Query: SELECT \"public\".\"lms_final_tests\".\"id\", \"public\".\"lms_final_tests\".\"courseId\", \"public\".\"lms_final_tests\".\"title\", \"public\".\"lms_final_tests\".\"instructions\", \"public\".\"lms_final_tests\".\"totalQuestions\", \"public\".\"lms_final_tests\".\"passingScore\", \"public\".\"lms_final_tests\".\"timeLimitMinutes\", \"public\".\"lms_final_tests\".\"pointsPerQuestion\", \"public\".\"lms_final_tests\".\"totalPoints\", \"public\".\"lms_final_tests\".\"maxAttempts\", \"public\".\"lms_final_tests\".\"isActive\", \"public\".\"lms_final_tests\".\"createdAt\", \"public\".\"lms_final_tests\".\"updatedAt\" FROM \"public\".\"lms_final_tests\" WHERE \"public\".\"lms_final_tests\".\"courseId\" IN ($1) OFFSET $2","service":"preplyte-api","timestamp":"2026-02-06 09:53:37"}
{"level":"debug","message":"Params: [\"cml94bejx00051360oftmcm9a\",0]","service":"preplyte-api","timestamp":"2026-02-06 09:53:37"}
{"level":"debug","message":"Duration: 0ms","service":"preplyte-api","timestamp":"2026-02-06 09:53:37"}
{"level":"debug","message":"Query: ROLLBACK","service":"preplyte-api","timestamp":"2026-02-06 09:53:42"}
{"level":"debug","message":"Params: []","service":"preplyte-api","timestamp":"2026-02-06 09:53:42"}
{"level":"debug","message":"Duration: 1ms","service":"preplyte-api","timestamp":"2026-02-06 09:53:42"}
{"level":"debug","message":"Query: UPDATE \"public\".\"lms_courses\" SET \"totalModules\" = $1, \"totalTopics\" = $2, \"totalPoints\" = $3, \"totalHours\" = $4, \"updatedAt\" = $5 WHERE (\"public\".\"lms_courses\".\"id\" = $6 AND 1=1) RETURNING \"public\".\"lms_courses\".\"id\", \"public\".\"lms_courses\".\"categoryId\", \"public\".\"lms_courses\".\"title\", \"public\".\"lms_courses\".\"slug\", \"public\".\"lms_courses\".\"shortDescription\", \"public\".\"lms_courses\".\"description\", \"public\".\"lms_courses\".\"thumbnailUrl\", \"public\".\"lms_courses\".\"previewVideoUrl\", \"public\".\"lms_courses\".\"totalModules\", \"public\".\"lms_courses\".\"totalTopics\", \"public\".\"lms_courses\".\"totalPoints\", \"public\".\"lms_courses\".\"totalHours\", \"public\".\"lms_courses\".\"price\", \"public\".\"lms_courses\".\"discountPrice\", \"public\".\"lms_courses\".\"currency\", \"public\".\"lms_courses\".\"status\"::text, \"public\".\"lms_courses\".\"isActive\", \"public\".\"lms_courses\".\"certificateEnabled\", \"public\".\"lms_courses\".\"passingPercentage\", \"public\".\"lms_courses\".\"tags\", \"public\".\"lms_courses\".\"difficulty\"::text, \"public\".\"lms_courses\".\"instructor\", \"public\".\"lms_courses\".\"language\", \"public\".\"lms_courses\".\"createdAt\", \"public\".\"lms_courses\".\"updatedAt\", \"public\".\"lms_courses\".\"publishedAt\"","service":"preplyte-api","timestamp":"2026-02-06 09:53:42"}
{"level":"debug","message":"Params: [1,1,160,0.92,\"2026-02-06 04:23:37.122 UTC\",\"cml94bejx00051360oftmcm9a\"]","service":"preplyte-api","timestamp":"2026-02-06 09:53:42"}
{"level":"debug","message":"Duration: 4946ms","service":"preplyte-api","timestamp":"2026-02-06 09:53:42"}
{"code":"P2028","ip":"127.0.0.1","level":"warn","message":"Prisma error","method":"PATCH","path":"/api/admin/lms/courses/cml94bejx00051360oftmcm9a","requestId":"6e446bc4-416e-45ac-afbf-573ec01fa794","service":"preplyte-api","timestamp":"2026-02-06 09:53:42","userAgent":"Mozilla/5.0 (Windows NT 10.0; Win64; x64) AppleWebKit/537.36 (KHTML, like Gecko) Chrome/144.0.0.0 Safari/537.36","userId":"cml92r5r50001q3oopvkslp23"}
{"code":"P2028","level":"error","message":"Unhandled Prisma error","meta":{"error":"Transaction already closed: A commit cannot be executed on an expired transaction. The timeout for this transaction was 5000 ms, however 5015 ms passed since the start of the transaction. Consider increasing the interactive transaction timeout or doing less work in the transaction."},"service":"preplyte-api","timestamp":"2026-02-06 09:53:42"}
{"level":"info","message":"\u001b[0mPATCH /api/admin/lms/courses/cml94bejx00051360oftmcm9a \u001b[31m500\u001b[0m 5054.104 ms - 420\u001b[0m","service":"preplyte-api","timestamp":"2026-02-06 09:53:42"}
{"baseURL":"https://judge0-ce.p.rapidapi.com","level":"info","message":"Judge0 client initialized","service":"preplyte-api","timestamp":"2026-02-06 09:55:00","useRapidAPI":true}
{"level":"info","message":"[TTS] Using Deepgram for text-to-speech","service":"preplyte-api","timestamp":"2026-02-06 09:55:00"}
{"environment":"development","host":"0.0.0.0","level":"info","message":"Starting server...","port":4000,"service":"preplyte-api","timestamp":"2026-02-06 09:55:01"}
{"level":"info","message":"Checking database connection...","service":"preplyte-api","timestamp":"2026-02-06 09:55:01"}
{"level":"debug","message":"Query: SELECT 1","service":"preplyte-api","timestamp":"2026-02-06 09:55:01"}
{"level":"debug","message":"Params: []","service":"preplyte-api","timestamp":"2026-02-06 09:55:01"}
{"level":"debug","message":"Duration: 1ms","service":"preplyte-api","timestamp":"2026-02-06 09:55:01"}
{"level":"info","message":"✅ Database connected successfully","service":"preplyte-api","timestamp":"2026-02-06 09:55:01"}
{"level":"info","message":"[WS Gateway] WebSocket server initialized","path":"/ws/interview/:sessionId","service":"preplyte-api","timestamp":"2026-02-06 09:55:01"}
{"api":"http://localhost:4000/api","environment":"development","health":"http://localhost:4000/health","host":"0.0.0.0","level":"info","message":"🚀 Server running","port":4000,"service":"preplyte-api","timestamp":"2026-02-06 09:55:01","websocket":"ws://localhost:4000/ws/interview/:sessionId"}
{"level":"debug","message":"Query: SELECT \"public\".\"users\".\"id\", \"public\".\"users\".\"email\", \"public\".\"users\".\"role\"::text, \"public\".\"users\".\"instituteId\", \"public\".\"users\".\"isActive\", \"public\".\"users\".\"tokenVersion\" FROM \"public\".\"users\" WHERE (\"public\".\"users\".\"id\" = $1 AND 1=1) LIMIT $2 OFFSET $3","service":"preplyte-api","timestamp":"2026-02-06 09:55:14"}
{"level":"debug","message":"Params: [\"cml92r5r50001q3oopvkslp23\",1,0]","service":"preplyte-api","timestamp":"2026-02-06 09:55:14"}
{"level":"debug","message":"Duration: 8ms","service":"preplyte-api","timestamp":"2026-02-06 09:55:14"}
{"level":"debug","message":"Query: SELECT \"public\".\"lms_categories\".\"id\", \"public\".\"lms_categories\".\"name\", \"public\".\"lms_categories\".\"slug\", \"public\".\"lms_categories\".\"description\", \"public\".\"lms_categories\".\"iconUrl\", \"public\".\"lms_categories\".\"order\", \"public\".\"lms_categories\".\"isActive\", \"public\".\"lms_categories\".\"createdAt\", \"public\".\"lms_categories\".\"updatedAt\", COALESCE(\"aggr_selection_0_LmsCourse\".\"_aggr_count_courses\", 0) AS \"_aggr_count_courses\" FROM \"public\".\"lms_categories\" LEFT JOIN (SELECT \"public\".\"lms_courses\".\"categoryId\", COUNT(*) AS \"_aggr_count_courses\" FROM \"public\".\"lms_courses\" WHERE 1=1 GROUP BY \"public\".\"lms_courses\".\"categoryId\") AS \"aggr_selection_0_LmsCourse\" ON (\"public\".\"lms_categories\".\"id\" = \"aggr_selection_0_LmsCourse\".\"categoryId\") WHERE 1=1 ORDER BY \"public\".\"lms_categories\".\"order\" ASC OFFSET $1","service":"preplyte-api","timestamp":"2026-02-06 09:55:14"}
{"level":"debug","message":"Params: [0]","service":"preplyte-api","timestamp":"2026-02-06 09:55:14"}
{"level":"debug","message":"Duration: 15ms","service":"preplyte-api","timestamp":"2026-02-06 09:55:14"}
{"level":"info","message":"\u001b[0mGET /api/admin/lms/categories \u001b[36m304\u001b[0m 40.162 ms - -\u001b[0m","service":"preplyte-api","timestamp":"2026-02-06 09:55:14"}
{"level":"debug","message":"Query: SELECT 1","service":"preplyte-api","timestamp":"2026-02-06 09:55:40"}
{"level":"debug","message":"Params: []","service":"preplyte-api","timestamp":"2026-02-06 09:55:40"}
{"level":"debug","message":"Duration: 0ms","service":"preplyte-api","timestamp":"2026-02-06 09:55:40"}
{"level":"debug","message":"Query: SELECT \"public\".\"users\".\"id\", \"public\".\"users\".\"email\", \"public\".\"users\".\"role\"::text, \"public\".\"users\".\"instituteId\", \"public\".\"users\".\"isActive\", \"public\".\"users\".\"tokenVersion\" FROM \"public\".\"users\" WHERE (\"public\".\"users\".\"id\" = $1 AND 1=1) LIMIT $2 OFFSET $3","service":"preplyte-api","timestamp":"2026-02-06 09:55:40"}
{"level":"debug","message":"Params: [\"cml92r5r50001q3oopvkslp23\",1,0]","service":"preplyte-api","timestamp":"2026-02-06 09:55:40"}
{"level":"debug","message":"Duration: 0ms","service":"preplyte-api","timestamp":"2026-02-06 09:55:40"}
{"level":"debug","message":"Query: SELECT \"public\".\"lms_courses\".\"id\", \"public\".\"lms_courses\".\"categoryId\", \"public\".\"lms_courses\".\"title\", \"public\".\"lms_courses\".\"slug\", \"public\".\"lms_courses\".\"shortDescription\", \"public\".\"lms_courses\".\"description\", \"public\".\"lms_courses\".\"thumbnailUrl\", \"public\".\"lms_courses\".\"previewVideoUrl\", \"public\".\"lms_courses\".\"totalModules\", \"public\".\"lms_courses\".\"totalTopics\", \"public\".\"lms_courses\".\"totalPoints\", \"public\".\"lms_courses\".\"totalHours\", \"public\".\"lms_courses\".\"price\", \"public\".\"lms_courses\".\"discountPrice\", \"public\".\"lms_courses\".\"currency\", \"public\".\"lms_courses\".\"status\"::text, \"public\".\"lms_courses\".\"isActive\", \"public\".\"lms_courses\".\"certificateEnabled\", \"public\".\"lms_courses\".\"passingPercentage\", \"public\".\"lms_courses\".\"tags\", \"public\".\"lms_courses\".\"difficulty\"::text, \"public\".\"lms_courses\".\"instructor\", \"public\".\"lms_courses\".\"language\", \"public\".\"lms_courses\".\"createdAt\", \"public\".\"lms_courses\".\"updatedAt\", \"public\".\"lms_courses\".\"publishedAt\", COALESCE(\"aggr_selection_0_LmsEnrollment\".\"_aggr_count_enrollments\", 0) AS \"_aggr_count_enrollments\" FROM \"public\".\"lms_courses\" LEFT JOIN (SELECT \"public\".\"lms_enrollments\".\"courseId\", COUNT(*) AS \"_aggr_count_enrollments\" FROM \"public\".\"lms_enrollments\" WHERE 1=1 GROUP BY \"public\".\"lms_enrollments\".\"courseId\") AS \"aggr_selection_0_LmsEnrollment\" ON (\"public\".\"lms_courses\".\"id\" = \"aggr_selection_0_LmsEnrollment\".\"courseId\") WHERE (\"public\".\"lms_courses\".\"id\" = $1 AND 1=1) LIMIT $2 OFFSET $3","service":"preplyte-api","timestamp":"2026-02-06 09:55:40"}
{"level":"debug","message":"Params: [\"cml94bejx00051360oftmcm9a\",1,0]","service":"preplyte-api","timestamp":"2026-02-06 09:55:40"}
{"level":"debug","message":"Duration: 8ms","service":"preplyte-api","timestamp":"2026-02-06 09:55:40"}
{"level":"debug","message":"Query: SELECT \"public\".\"lms_categories\".\"id\", \"public\".\"lms_categories\".\"name\", \"public\".\"lms_categories\".\"slug\", \"public\".\"lms_categories\".\"description\", \"public\".\"lms_categories\".\"iconUrl\", \"public\".\"lms_categories\".\"order\", \"public\".\"lms_categories\".\"isActive\", \"public\".\"lms_categories\".\"createdAt\", \"public\".\"lms_categories\".\"updatedAt\" FROM \"public\".\"lms_categories\" WHERE \"public\".\"lms_categories\".\"id\" IN ($1) OFFSET $2","service":"preplyte-api","timestamp":"2026-02-06 09:55:40"}
{"level":"debug","message":"Params: [\"cml92k1i3000017d0bq70mkrl\",0]","service":"preplyte-api","timestamp":"2026-02-06 09:55:40"}
{"level":"debug","message":"Duration: 1ms","service":"preplyte-api","timestamp":"2026-02-06 09:55:40"}
{"level":"debug","message":"Query: SELECT \"public\".\"lms_modules\".\"id\", \"public\".\"lms_modules\".\"courseId\", \"public\".\"lms_modules\".\"title\", \"public\".\"lms_modules\".\"shortDescription\", \"public\".\"lms_modules\".\"description\", \"public\".\"lms_modules\".\"order\", \"public\".\"lms_modules\".\"totalTopics\", \"public\".\"lms_modules\".\"points\", \"public\".\"lms_modules\".\"estimatedMinutes\", \"public\".\"lms_modules\".\"isActive\", \"public\".\"lms_modules\".\"createdAt\", \"public\".\"lms_modules\".\"updatedAt\" FROM \"public\".\"lms_modules\" WHERE \"public\".\"lms_modules\".\"courseId\" IN ($1) ORDER BY \"public\".\"lms_modules\".\"order\" ASC OFFSET $2","service":"preplyte-api","timestamp":"2026-02-06 09:55:40"}
{"level":"debug","message":"Params: [\"cml94bejx00051360oftmcm9a\",0]","service":"preplyte-api","timestamp":"2026-02-06 09:55:40"}
{"level":"debug","message":"Duration: 6ms","service":"preplyte-api","timestamp":"2026-02-06 09:55:40"}
{"level":"debug","message":"Query: SELECT \"public\".\"lms_topics\".\"id\", \"public\".\"lms_topics\".\"moduleId\", \"public\".\"lms_topics\".\"title\", \"public\".\"lms_topics\".\"description\", \"public\".\"lms_topics\".\"order\", \"public\".\"lms_topics\".\"theoryContent\", \"public\".\"lms_topics\".\"videoUrl\", \"public\".\"lms_topics\".\"videoDuration\", \"public\".\"lms_topics\".\"estimatedMinutes\", \"public\".\"lms_topics\".\"resources\", \"public\".\"lms_topics\".\"isActive\", \"public\".\"lms_topics\".\"createdAt\", \"public\".\"lms_topics\".\"updatedAt\" FROM \"public\".\"lms_topics\" WHERE \"public\".\"lms_topics\".\"moduleId\" IN ($1) ORDER BY \"public\".\"lms_topics\".\"order\" ASC OFFSET $2","service":"preplyte-api","timestamp":"2026-02-06 09:55:40"}
{"level":"debug","message":"Params: [\"cml94bejx00061360ybgbi4lp\",0]","service":"preplyte-api","timestamp":"2026-02-06 09:55:40"}
{"level":"debug","message":"Duration: 5ms","service":"preplyte-api","timestamp":"2026-02-06 09:55:40"}
{"level":"debug","message":"Query: SELECT \"public\".\"lms_module_tests\".\"id\", \"public\".\"lms_module_tests\".\"moduleId\", \"public\".\"lms_module_tests\".\"title\", \"public\".\"lms_module_tests\".\"instructions\", \"public\".\"lms_module_tests\".\"totalQuestions\", \"public\".\"lms_module_tests\".\"passingScore\", \"public\".\"lms_module_tests\".\"timeLimitMinutes\", \"public\".\"lms_module_tests\".\"maxAttempts\", \"public\".\"lms_module_tests\".\"pointsPerQuestion\", \"public\".\"lms_module_tests\".\"totalPoints\", \"public\".\"lms_module_tests\".\"isActive\", \"public\".\"lms_module_tests\".\"createdAt\", \"public\".\"lms_module_tests\".\"updatedAt\" FROM \"public\".\"lms_module_tests\" WHERE \"public\".\"lms_module_tests\".\"moduleId\" IN ($1) OFFSET $2","service":"preplyte-api","timestamp":"2026-02-06 09:55:40"}
{"level":"debug","message":"Params: [\"cml94bejx00061360ybgbi4lp\",0]","service":"preplyte-api","timestamp":"2026-02-06 09:55:40"}
{"level":"debug","message":"Duration: 4ms","service":"preplyte-api","timestamp":"2026-02-06 09:55:40"}
{"level":"debug","message":"Query: SELECT \"public\".\"lms_final_tests\".\"id\", \"public\".\"lms_final_tests\".\"courseId\", \"public\".\"lms_final_tests\".\"title\", \"public\".\"lms_final_tests\".\"instructions\", \"public\".\"lms_final_tests\".\"totalQuestions\", \"public\".\"lms_final_tests\".\"passingScore\", \"public\".\"lms_final_tests\".\"timeLimitMinutes\", \"public\".\"lms_final_tests\".\"pointsPerQuestion\", \"public\".\"lms_final_tests\".\"totalPoints\", \"public\".\"lms_final_tests\".\"maxAttempts\", \"public\".\"lms_final_tests\".\"isActive\", \"public\".\"lms_final_tests\".\"createdAt\", \"public\".\"lms_final_tests\".\"updatedAt\" FROM \"public\".\"lms_final_tests\" WHERE \"public\".\"lms_final_tests\".\"courseId\" IN ($1) OFFSET $2","service":"preplyte-api","timestamp":"2026-02-06 09:55:40"}
{"level":"debug","message":"Params: [\"cml94bejx00051360oftmcm9a\",0]","service":"preplyte-api","timestamp":"2026-02-06 09:55:40"}
{"level":"debug","message":"Duration: 4ms","service":"preplyte-api","timestamp":"2026-02-06 09:55:40"}
{"level":"debug","message":"Query: SELECT \"public\".\"lms_courses\".\"id\", \"public\".\"lms_courses\".\"categoryId\", \"public\".\"lms_courses\".\"title\", \"public\".\"lms_courses\".\"slug\", \"public\".\"lms_courses\".\"shortDescription\", \"public\".\"lms_courses\".\"description\", \"public\".\"lms_courses\".\"thumbnailUrl\", \"public\".\"lms_courses\".\"previewVideoUrl\", \"public\".\"lms_courses\".\"totalModules\", \"public\".\"lms_courses\".\"totalTopics\", \"public\".\"lms_courses\".\"totalPoints\", \"public\".\"lms_courses\".\"totalHours\", \"public\".\"lms_courses\".\"price\", \"public\".\"lms_courses\".\"discountPrice\", \"public\".\"lms_courses\".\"currency\", \"public\".\"lms_courses\".\"status\"::text, \"public\".\"lms_courses\".\"isActive\", \"public\".\"lms_courses\".\"certificateEnabled\", \"public\".\"lms_courses\".\"passingPercentage\", \"public\".\"lms_courses\".\"tags\", \"public\".\"lms_courses\".\"difficulty\"::text, \"public\".\"lms_courses\".\"instructor\", \"public\".\"lms_courses\".\"language\", \"public\".\"lms_courses\".\"createdAt\", \"public\".\"lms_courses\".\"updatedAt\", \"public\".\"lms_courses\".\"publishedAt\" FROM \"public\".\"lms_courses\" WHERE (\"public\".\"lms_courses\".\"slug\" = $1 AND 1=1) LIMIT $2 OFFSET $3","service":"preplyte-api","timestamp":"2026-02-06 09:55:40"}
{"level":"debug","message":"Params: [\"java-fullstack\",1,0]","service":"preplyte-api","timestamp":"2026-02-06 09:55:40"}
{"level":"debug","message":"Duration: 1ms","service":"preplyte-api","timestamp":"2026-02-06 09:55:40"}
{"level":"debug","message":"Query: BEGIN","service":"preplyte-api","timestamp":"2026-02-06 09:55:40"}
{"level":"debug","message":"Params: []","service":"preplyte-api","timestamp":"2026-02-06 09:55:40"}
{"level":"debug","message":"Duration: 0ms","service":"preplyte-api","timestamp":"2026-02-06 09:55:40"}
{"level":"debug","message":"Query: UPDATE \"public\".\"lms_courses\" SET \"categoryId\" = $1, \"title\" = $2, \"slug\" = $3, \"shortDescription\" = $4, \"description\" = $5, \"thumbnailUrl\" = $6, \"previewVideoUrl\" = $7, \"price\" = $8, \"discountPrice\" = $9, \"currency\" = $10, \"status\" = CAST($11::text AS \"public\".\"LmsCourseStatus\"), \"isActive\" = $12, \"certificateEnabled\" = $13, \"passingPercentage\" = $14, \"tags\" = $15, \"difficulty\" = CAST($16::text AS \"public\".\"DifficultyLevel\"), \"instructor\" = $17, \"language\" = $18, \"updatedAt\" = $19 WHERE (\"public\".\"lms_courses\".\"id\" = $20 AND 1=1) RETURNING \"public\".\"lms_courses\".\"id\", \"public\".\"lms_courses\".\"categoryId\", \"public\".\"lms_courses\".\"title\", \"public\".\"lms_courses\".\"slug\", \"public\".\"lms_courses\".\"shortDescription\", \"public\".\"lms_courses\".\"description\", \"public\".\"lms_courses\".\"thumbnailUrl\", \"public\".\"lms_courses\".\"previewVideoUrl\", \"public\".\"lms_courses\".\"totalModules\", \"public\".\"lms_courses\".\"totalTopics\", \"public\".\"lms_courses\".\"totalPoints\", \"public\".\"lms_courses\".\"totalHours\", \"public\".\"lms_courses\".\"price\", \"public\".\"lms_courses\".\"discountPrice\", \"public\".\"lms_courses\".\"currency\", \"public\".\"lms_courses\".\"status\"::text, \"public\".\"lms_courses\".\"isActive\", \"public\".\"lms_courses\".\"certificateEnabled\", \"public\".\"lms_courses\".\"passingPercentage\", \"public\".\"lms_courses\".\"tags\", \"public\".\"lms_courses\".\"difficulty\"::text, \"public\".\"lms_courses\".\"instructor\", \"public\".\"lms_courses\".\"language\", \"public\".\"lms_courses\".\"createdAt\", \"public\".\"lms_courses\".\"updatedAt\", \"public\".\"lms_courses\".\"publishedAt\"","service":"preplyte-api","timestamp":"2026-02-06 09:55:40"}
{"level":"debug","message":"Params: [\"cml92k1i3000017d0bq70mkrl\",\"Java fullstack\",\"java-fullstack\",\"Java is a good language\",\"Learn java with meLearn java with meLearn java with meLearn java with meLearn java with meLearn java with meLearn java with meLearn java with me\",null,null,1000,5,\"INR\",\"PUBLISHED\",true,false,70,[\"java programming\"],\"HARD\",\"Prathamesh Gaikwad\",\"English\",\"2026-02-06 04:25:40.380 UTC\",\"cml94bejx00051360oftmcm9a\"]","service":"preplyte-api","timestamp":"2026-02-06 09:55:40"}
{"level":"debug","message":"Duration: 2ms","service":"preplyte-api","timestamp":"2026-02-06 09:55:40"}
{"level":"debug","message":"Query: SELECT \"public\".\"lms_courses\".\"id\", \"public\".\"lms_courses\".\"categoryId\", \"public\".\"lms_courses\".\"title\", \"public\".\"lms_courses\".\"slug\", \"public\".\"lms_courses\".\"shortDescription\", \"public\".\"lms_courses\".\"description\", \"public\".\"lms_courses\".\"thumbnailUrl\", \"public\".\"lms_courses\".\"previewVideoUrl\", \"public\".\"lms_courses\".\"totalModules\", \"public\".\"lms_courses\".\"totalTopics\", \"public\".\"lms_courses\".\"totalPoints\", \"public\".\"lms_courses\".\"totalHours\", \"public\".\"lms_courses\".\"price\", \"public\".\"lms_courses\".\"discountPrice\", \"public\".\"lms_courses\".\"currency\", \"public\".\"lms_courses\".\"status\"::text, \"public\".\"lms_courses\".\"isActive\", \"public\".\"lms_courses\".\"certificateEnabled\", \"public\".\"lms_courses\".\"passingPercentage\", \"public\".\"lms_courses\".\"tags\", \"public\".\"lms_courses\".\"difficulty\"::text, \"public\".\"lms_courses\".\"instructor\", \"public\".\"lms_courses\".\"language\", \"public\".\"lms_courses\".\"createdAt\", \"public\".\"lms_courses\".\"updatedAt\", \"public\".\"lms_courses\".\"publishedAt\" FROM \"public\".\"lms_courses\" WHERE \"public\".\"lms_courses\".\"id\" = $1 LIMIT $2 OFFSET $3","service":"preplyte-api","timestamp":"2026-02-06 09:55:40"}
{"level":"debug","message":"Params: [\"cml94bejx00051360oftmcm9a\",1,0]","service":"preplyte-api","timestamp":"2026-02-06 09:55:40"}
{"level":"debug","message":"Duration: 1ms","service":"preplyte-api","timestamp":"2026-02-06 09:55:40"}
{"level":"debug","message":"Query: SELECT \"public\".\"lms_categories\".\"id\", \"public\".\"lms_categories\".\"name\", \"public\".\"lms_categories\".\"slug\", \"public\".\"lms_categories\".\"description\", \"public\".\"lms_categories\".\"iconUrl\", \"public\".\"lms_categories\".\"order\", \"public\".\"lms_categories\".\"isActive\", \"public\".\"lms_categories\".\"createdAt\", \"public\".\"lms_categories\".\"updatedAt\" FROM \"public\".\"lms_categories\" WHERE \"public\".\"lms_categories\".\"id\" IN ($1) OFFSET $2","service":"preplyte-api","timestamp":"2026-02-06 09:55:40"}
{"level":"debug","message":"Params: [\"cml92k1i3000017d0bq70mkrl\",0]","service":"preplyte-api","timestamp":"2026-02-06 09:55:40"}
{"level":"debug","message":"Duration: 0ms","service":"preplyte-api","timestamp":"2026-02-06 09:55:40"}
{"level":"debug","message":"Query: UPDATE \"public\".\"lms_final_tests\" SET \"title\" = $1, \"totalQuestions\" = $2, \"passingScore\" = $3, \"timeLimitMinutes\" = $4, \"maxAttempts\" = $5, \"pointsPerQuestion\" = $6, \"isActive\" = $7, \"totalPoints\" = $8, \"updatedAt\" = $9 WHERE (\"public\".\"lms_final_tests\".\"id\" = $10 AND 1=1) RETURNING \"public\".\"lms_final_tests\".\"id\", \"public\".\"lms_final_tests\".\"courseId\", \"public\".\"lms_final_tests\".\"title\", \"public\".\"lms_final_tests\".\"instructions\", \"public\".\"lms_final_tests\".\"totalQuestions\", \"public\".\"lms_final_tests\".\"passingScore\", \"public\".\"lms_final_tests\".\"timeLimitMinutes\", \"public\".\"lms_final_tests\".\"pointsPerQuestion\", \"public\".\"lms_final_tests\".\"totalPoints\", \"public\".\"lms_final_tests\".\"maxAttempts\", \"public\".\"lms_final_tests\".\"isActive\", \"public\".\"lms_final_tests\".\"createdAt\", \"public\".\"lms_final_tests\".\"updatedAt\"","service":"preplyte-api","timestamp":"2026-02-06 09:55:40"}
{"level":"debug","message":"Params: [\"Final Examination\",10,60,30,1,10,true,100,\"2026-02-06 04:25:40.393 UTC\",\"cml94bejz00091360pak7qfss\"]","service":"preplyte-api","timestamp":"2026-02-06 09:55:40"}
{"level":"debug","message":"Duration: 1ms","service":"preplyte-api","timestamp":"2026-02-06 09:55:40"}
{"level":"debug","message":"Query: DELETE FROM \"public\".\"lms_modules\" WHERE \"public\".\"lms_modules\".\"id\" IN ($1)","service":"preplyte-api","timestamp":"2026-02-06 09:55:40"}
{"level":"debug","message":"Params: [\"cml94bejx00061360ybgbi4lp\"]","service":"preplyte-api","timestamp":"2026-02-06 09:55:40"}
{"level":"debug","message":"Duration: 35ms","service":"preplyte-api","timestamp":"2026-02-06 09:55:40"}
{"level":"debug","message":"Query: INSERT INTO \"public\".\"lms_modules\" (\"id\",\"courseId\",\"title\",\"shortDescription\",\"description\",\"order\",\"totalTopics\",\"points\",\"estimatedMinutes\",\"isActive\",\"createdAt\",\"updatedAt\") VALUES ($1,$2,$3,$4,$5,$6,$7,$8,$9,$10,$11,$12) RETURNING \"public\".\"lms_modules\".\"id\", \"public\".\"lms_modules\".\"courseId\", \"public\".\"lms_modules\".\"title\", \"public\".\"lms_modules\".\"shortDescription\", \"public\".\"lms_modules\".\"description\", \"public\".\"lms_modules\".\"order\", \"public\".\"lms_modules\".\"totalTopics\", \"public\".\"lms_modules\".\"points\", \"public\".\"lms_modules\".\"estimatedMinutes\", \"public\".\"lms_modules\".\"isActive\", \"public\".\"lms_modules\".\"createdAt\", \"public\".\"lms_modules\".\"updatedAt\"","service":"preplyte-api","timestamp":"2026-02-06 09:55:40"}
{"level":"debug","message":"Params: [\"cmladu3py0002i0nawtrmw7x2\",\"cml94bejx00051360oftmcm9a\",\"Variables\",\"Learn variables\",null,1,1,10,0,true,\"2026-02-06 04:25:40.438 UTC\",\"2026-02-06 04:25:40.438 UTC\"]","service":"preplyte-api","timestamp":"2026-02-06 09:55:40"}
{"level":"debug","message":"Duration: 1ms","service":"preplyte-api","timestamp":"2026-02-06 09:55:40"}
{"level":"debug","message":"Query: SELECT \"public\".\"lms_module_tests\".\"id\", \"public\".\"lms_module_tests\".\"moduleId\", \"public\".\"lms_module_tests\".\"title\", \"public\".\"lms_module_tests\".\"instructions\", \"public\".\"lms_module_tests\".\"totalQuestions\", \"public\".\"lms_module_tests\".\"passingScore\", \"public\".\"lms_module_tests\".\"timeLimitMinutes\", \"public\".\"lms_module_tests\".\"maxAttempts\", \"public\".\"lms_module_tests\".\"pointsPerQuestion\", \"public\".\"lms_module_tests\".\"totalPoints\", \"public\".\"lms_module_tests\".\"isActive\", \"public\".\"lms_module_tests\".\"createdAt\", \"public\".\"lms_module_tests\".\"updatedAt\" FROM \"public\".\"lms_module_tests\" WHERE (\"public\".\"lms_module_tests\".\"moduleId\" = $1 AND 1=1) LIMIT $2 OFFSET $3","service":"preplyte-api","timestamp":"2026-02-06 09:55:40"}
{"level":"debug","message":"Params: [\"cmladu3py0002i0nawtrmw7x2\",1,0]","service":"preplyte-api","timestamp":"2026-02-06 09:55:40"}
{"level":"debug","message":"Duration: 1ms","service":"preplyte-api","timestamp":"2026-02-06 09:55:40"}
{"level":"debug","message":"Query: INSERT INTO \"public\".\"lms_module_tests\" (\"id\",\"moduleId\",\"title\",\"totalQuestions\",\"passingScore\",\"timeLimitMinutes\",\"maxAttempts\",\"pointsPerQuestion\",\"totalPoints\",\"isActive\",\"createdAt\",\"updatedAt\") VALUES ($1,$2,$3,$4,$5,$6,$7,$8,$9,$10,$11,$12) RETURNING \"public\".\"lms_module_tests\".\"id\", \"public\".\"lms_module_tests\".\"moduleId\", \"public\".\"lms_module_tests\".\"title\", \"public\".\"lms_module_tests\".\"instructions\", \"public\".\"lms_module_tests\".\"totalQuestions\", \"public\".\"lms_module_tests\".\"passingScore\", \"public\".\"lms_module_tests\".\"timeLimitMinutes\", \"public\".\"lms_module_tests\".\"maxAttempts\", \"public\".\"lms_module_tests\".\"pointsPerQuestion\", \"public\".\"lms_module_tests\".\"totalPoints\", \"public\".\"lms_module_tests\".\"isActive\", \"public\".\"lms_module_tests\".\"createdAt\", \"public\".\"lms_module_tests\".\"updatedAt\"","service":"preplyte-api","timestamp":"2026-02-06 09:55:40"}
{"level":"debug","message":"Params: [\"cmladu3qa0004i0naia1vprbs\",\"cmladu3py0002i0nawtrmw7x2\",\"Test for Variables\",5,60,15,3,10,50,true,\"2026-02-06 04:25:40.451 UTC\",\"2026-02-06 04:25:40.451 UTC\"]","service":"preplyte-api","timestamp":"2026-02-06 09:55:40"}
{"level":"debug","message":"Duration: 1ms","service":"preplyte-api","timestamp":"2026-02-06 09:55:40"}
{"level":"debug","message":"Query: INSERT INTO \"public\".\"lms_topics\" (\"id\",\"moduleId\",\"title\",\"description\",\"order\",\"theoryContent\",\"videoUrl\",\"estimatedMinutes\",\"isActive\",\"createdAt\",\"updatedAt\") VALUES ($1,$2,$3,$4,$5,$6,$7,$8,$9,$10,$11) RETURNING \"public\".\"lms_topics\".\"id\", \"public\".\"lms_topics\".\"moduleId\", \"public\".\"lms_topics\".\"title\", \"public\".\"lms_topics\".\"description\", \"public\".\"lms_topics\".\"order\", \"public\".\"lms_topics\".\"theoryContent\", \"public\".\"lms_topics\".\"videoUrl\", \"public\".\"lms_topics\".\"videoDuration\", \"public\".\"lms_topics\".\"estimatedMinutes\", \"public\".\"lms_topics\".\"resources\", \"public\".\"lms_topics\".\"isActive\", \"public\".\"lms_topics\".\"createdAt\", \"public\".\"lms_topics\".\"updatedAt\"","service":"preplyte-api","timestamp":"2026-02-06 09:55:40"}
{"level":"debug","message":"Params: [\"cmladu3qh0006i0najb1mzl1d\",\"cmladu3py0002i0nawtrmw7x2\",\"int\",null,1,\"Learn variables with meLearn variables with meLearn variables with me\",\"https://www.youtube.com/watch?v=CNLk_uTYvVk\",10,true,\"2026-02-06 04:25:40.457 UTC\",\"2026-02-06 04:25:40.457 UTC\"]","service":"preplyte-api","timestamp":"2026-02-06 09:55:40"}
{"level":"debug","message":"Duration: 1ms","service":"preplyte-api","timestamp":"2026-02-06 09:55:40"}
{"level":"debug","message":"Query: COMMIT","service":"preplyte-api","timestamp":"2026-02-06 09:55:40"}
{"level":"debug","message":"Params: []","service":"preplyte-api","timestamp":"2026-02-06 09:55:40"}
{"level":"debug","message":"Duration: 3ms","service":"preplyte-api","timestamp":"2026-02-06 09:55:40"}
{"level":"debug","message":"Query: SELECT \"public\".\"lms_courses\".\"id\", \"public\".\"lms_courses\".\"categoryId\", \"public\".\"lms_courses\".\"title\", \"public\".\"lms_courses\".\"slug\", \"public\".\"lms_courses\".\"shortDescription\", \"public\".\"lms_courses\".\"description\", \"public\".\"lms_courses\".\"thumbnailUrl\", \"public\".\"lms_courses\".\"previewVideoUrl\", \"public\".\"lms_courses\".\"totalModules\", \"public\".\"lms_courses\".\"totalTopics\", \"public\".\"lms_courses\".\"totalPoints\", \"public\".\"lms_courses\".\"totalHours\", \"public\".\"lms_courses\".\"price\", \"public\".\"lms_courses\".\"discountPrice\", \"public\".\"lms_courses\".\"currency\", \"public\".\"lms_courses\".\"status\"::text, \"public\".\"lms_courses\".\"isActive\", \"public\".\"lms_courses\".\"certificateEnabled\", \"public\".\"lms_courses\".\"passingPercentage\", \"public\".\"lms_courses\".\"tags\", \"public\".\"lms_courses\".\"difficulty\"::text, \"public\".\"lms_courses\".\"instructor\", \"public\".\"lms_courses\".\"language\", \"public\".\"lms_courses\".\"createdAt\", \"public\".\"lms_courses\".\"updatedAt\", \"public\".\"lms_courses\".\"publishedAt\" FROM \"public\".\"lms_courses\" WHERE (\"public\".\"lms_courses\".\"id\" = $1 AND 1=1) LIMIT $2 OFFSET $3","service":"preplyte-api","timestamp":"2026-02-06 09:55:40"}
{"level":"debug","message":"Params: [\"cml94bejx00051360oftmcm9a\",1,0]","service":"preplyte-api","timestamp":"2026-02-06 09:55:40"}
{"level":"debug","message":"Duration: 1ms","service":"preplyte-api","timestamp":"2026-02-06 09:55:40"}
{"level":"debug","message":"Query: SELECT \"public\".\"lms_modules\".\"id\", \"public\".\"lms_modules\".\"courseId\", \"public\".\"lms_modules\".\"title\", \"public\".\"lms_modules\".\"shortDescription\", \"public\".\"lms_modules\".\"description\", \"public\".\"lms_modules\".\"order\", \"public\".\"lms_modules\".\"totalTopics\", \"public\".\"lms_modules\".\"points\", \"public\".\"lms_modules\".\"estimatedMinutes\", \"public\".\"lms_modules\".\"isActive\", \"public\".\"lms_modules\".\"createdAt\", \"public\".\"lms_modules\".\"updatedAt\" FROM \"public\".\"lms_modules\" WHERE \"public\".\"lms_modules\".\"courseId\" IN ($1) OFFSET $2","service":"preplyte-api","timestamp":"2026-02-06 09:55:40"}
{"level":"debug","message":"Params: [\"cml94bejx00051360oftmcm9a\",0]","service":"preplyte-api","timestamp":"2026-02-06 09:55:40"}
{"level":"debug","message":"Duration: 1ms","service":"preplyte-api","timestamp":"2026-02-06 09:55:40"}
{"level":"debug","message":"Query: SELECT \"public\".\"lms_topics\".\"id\", \"public\".\"lms_topics\".\"moduleId\", \"public\".\"lms_topics\".\"title\", \"public\".\"lms_topics\".\"description\", \"public\".\"lms_topics\".\"order\", \"public\".\"lms_topics\".\"theoryContent\", \"public\".\"lms_topics\".\"videoUrl\", \"public\".\"lms_topics\".\"videoDuration\", \"public\".\"lms_topics\".\"estimatedMinutes\", \"public\".\"lms_topics\".\"resources\", \"public\".\"lms_topics\".\"isActive\", \"public\".\"lms_topics\".\"createdAt\", \"public\".\"lms_topics\".\"updatedAt\" FROM \"public\".\"lms_topics\" WHERE \"public\".\"lms_topics\".\"moduleId\" IN ($1) OFFSET $2","service":"preplyte-api","timestamp":"2026-02-06 09:55:40"}
{"level":"debug","message":"Params: [\"cmladu3py0002i0nawtrmw7x2\",0]","service":"preplyte-api","timestamp":"2026-02-06 09:55:40"}
{"level":"debug","message":"Duration: 1ms","service":"preplyte-api","timestamp":"2026-02-06 09:55:40"}
{"level":"debug","message":"Query: SELECT \"public\".\"lms_module_tests\".\"id\", \"public\".\"lms_module_tests\".\"moduleId\", \"public\".\"lms_module_tests\".\"title\", \"public\".\"lms_module_tests\".\"instructions\", \"public\".\"lms_module_tests\".\"totalQuestions\", \"public\".\"lms_module_tests\".\"passingScore\", \"public\".\"lms_module_tests\".\"timeLimitMinutes\", \"public\".\"lms_module_tests\".\"maxAttempts\", \"public\".\"lms_module_tests\".\"pointsPerQuestion\", \"public\".\"lms_module_tests\".\"totalPoints\", \"public\".\"lms_module_tests\".\"isActive\", \"public\".\"lms_module_tests\".\"createdAt\", \"public\".\"lms_module_tests\".\"updatedAt\" FROM \"public\".\"lms_module_tests\" WHERE \"public\".\"lms_module_tests\".\"moduleId\" IN ($1) OFFSET $2","service":"preplyte-api","timestamp":"2026-02-06 09:55:40"}
{"level":"debug","message":"Params: [\"cmladu3py0002i0nawtrmw7x2\",0]","service":"preplyte-api","timestamp":"2026-02-06 09:55:40"}
{"level":"debug","message":"Duration: 0ms","service":"preplyte-api","timestamp":"2026-02-06 09:55:40"}
{"level":"debug","message":"Query: SELECT \"public\".\"lms_final_tests\".\"id\", \"public\".\"lms_final_tests\".\"courseId\", \"public\".\"lms_final_tests\".\"title\", \"public\".\"lms_final_tests\".\"instructions\", \"public\".\"lms_final_tests\".\"totalQuestions\", \"public\".\"lms_final_tests\".\"passingScore\", \"public\".\"lms_final_tests\".\"timeLimitMinutes\", \"public\".\"lms_final_tests\".\"pointsPerQuestion\", \"public\".\"lms_final_tests\".\"totalPoints\", \"public\".\"lms_final_tests\".\"maxAttempts\", \"public\".\"lms_final_tests\".\"isActive\", \"public\".\"lms_final_tests\".\"createdAt\", \"public\".\"lms_final_tests\".\"updatedAt\" FROM \"public\".\"lms_final_tests\" WHERE \"public\".\"lms_final_tests\".\"courseId\" IN ($1) OFFSET $2","service":"preplyte-api","timestamp":"2026-02-06 09:55:40"}
{"level":"debug","message":"Params: [\"cml94bejx00051360oftmcm9a\",0]","service":"preplyte-api","timestamp":"2026-02-06 09:55:40"}
{"level":"debug","message":"Duration: 0ms","service":"preplyte-api","timestamp":"2026-02-06 09:55:40"}
{"level":"debug","message":"Query: UPDATE \"public\".\"lms_courses\" SET \"totalModules\" = $1, \"totalTopics\" = $2, \"totalPoints\" = $3, \"totalHours\" = $4, \"updatedAt\" = $5 WHERE (\"public\".\"lms_courses\".\"id\" = $6 AND 1=1) RETURNING \"public\".\"lms_courses\".\"id\", \"public\".\"lms_courses\".\"categoryId\", \"public\".\"lms_courses\".\"title\", \"public\".\"lms_courses\".\"slug\", \"public\".\"lms_courses\".\"shortDescription\", \"public\".\"lms_courses\".\"description\", \"public\".\"lms_courses\".\"thumbnailUrl\", \"public\".\"lms_courses\".\"previewVideoUrl\", \"public\".\"lms_courses\".\"totalModules\", \"public\".\"lms_courses\".\"totalTopics\", \"public\".\"lms_courses\".\"totalPoints\", \"public\".\"lms_courses\".\"totalHours\", \"public\".\"lms_courses\".\"price\", \"public\".\"lms_courses\".\"discountPrice\", \"public\".\"lms_courses\".\"currency\", \"public\".\"lms_courses\".\"status\"::text, \"public\".\"lms_courses\".\"isActive\", \"public\".\"lms_courses\".\"certificateEnabled\", \"public\".\"lms_courses\".\"passingPercentage\", \"public\".\"lms_courses\".\"tags\", \"public\".\"lms_courses\".\"difficulty\"::text, \"public\".\"lms_courses\".\"instructor\", \"public\".\"lms_courses\".\"language\", \"public\".\"lms_courses\".\"createdAt\", \"public\".\"lms_courses\".\"updatedAt\", \"public\".\"lms_courses\".\"publishedAt\"","service":"preplyte-api","timestamp":"2026-02-06 09:55:40"}
{"level":"debug","message":"Params: [1,1,160,0.92,\"2026-02-06 04:25:40.489 UTC\",\"cml94bejx00051360oftmcm9a\"]","service":"preplyte-api","timestamp":"2026-02-06 09:55:40"}
{"level":"debug","message":"Duration: 1ms","service":"preplyte-api","timestamp":"2026-02-06 09:55:40"}
{"level":"info","message":"\u001b[0mPATCH /api/admin/lms/courses/cml94bejx00051360oftmcm9a \u001b[32m200\u001b[0m 238.663 ms - -\u001b[0m","service":"preplyte-api","timestamp":"2026-02-06 09:55:40"}
{"level":"debug","message":"Query: SELECT \"public\".\"users\".\"id\", \"public\".\"users\".\"email\", \"public\".\"users\".\"role\"::text, \"public\".\"users\".\"instituteId\", \"public\".\"users\".\"isActive\", \"public\".\"users\".\"tokenVersion\" FROM \"public\".\"users\" WHERE (\"public\".\"users\".\"id\" = $1 AND 1=1) LIMIT $2 OFFSET $3","service":"preplyte-api","timestamp":"2026-02-06 09:55:40"}
{"level":"debug","message":"Params: [\"cml92r5r50001q3oopvkslp23\",1,0]","service":"preplyte-api","timestamp":"2026-02-06 09:55:40"}
{"level":"debug","message":"Duration: 0ms","service":"preplyte-api","timestamp":"2026-02-06 09:55:40"}
{"level":"debug","message":"Query: SELECT \"public\".\"lms_courses\".\"id\", \"public\".\"lms_courses\".\"categoryId\", \"public\".\"lms_courses\".\"title\", \"public\".\"lms_courses\".\"slug\", \"public\".\"lms_courses\".\"shortDescription\", \"public\".\"lms_courses\".\"description\", \"public\".\"lms_courses\".\"thumbnailUrl\", \"public\".\"lms_courses\".\"previewVideoUrl\", \"public\".\"lms_courses\".\"totalModules\", \"public\".\"lms_courses\".\"totalTopics\", \"public\".\"lms_courses\".\"totalPoints\", \"public\".\"lms_courses\".\"totalHours\", \"public\".\"lms_courses\".\"price\", \"public\".\"lms_courses\".\"discountPrice\", \"public\".\"lms_courses\".\"currency\", \"public\".\"lms_courses\".\"status\"::text, \"public\".\"lms_courses\".\"isActive\", \"public\".\"lms_courses\".\"certificateEnabled\", \"public\".\"lms_courses\".\"passingPercentage\", \"public\".\"lms_courses\".\"tags\", \"public\".\"lms_courses\".\"difficulty\"::text, \"public\".\"lms_courses\".\"instructor\", \"public\".\"lms_courses\".\"language\", \"public\".\"lms_courses\".\"createdAt\", \"public\".\"lms_courses\".\"updatedAt\", \"public\".\"lms_courses\".\"publishedAt\", COALESCE(\"aggr_selection_0_LmsEnrollment\".\"_aggr_count_enrollments\", 0) AS \"_aggr_count_enrollments\" FROM \"public\".\"lms_courses\" LEFT JOIN (SELECT \"public\".\"lms_enrollments\".\"courseId\", COUNT(*) AS \"_aggr_count_enrollments\" FROM \"public\".\"lms_enrollments\" WHERE 1=1 GROUP BY \"public\".\"lms_enrollments\".\"courseId\") AS \"aggr_selection_0_LmsEnrollment\" ON (\"public\".\"lms_courses\".\"id\" = \"aggr_selection_0_LmsEnrollment\".\"courseId\") WHERE (\"public\".\"lms_courses\".\"id\" = $1 AND 1=1) LIMIT $2 OFFSET $3","service":"preplyte-api","timestamp":"2026-02-06 09:55:40"}
{"level":"debug","message":"Params: [\"cml94bejx00051360oftmcm9a\",1,0]","service":"preplyte-api","timestamp":"2026-02-06 09:55:40"}
{"level":"debug","message":"Duration: 1ms","service":"preplyte-api","timestamp":"2026-02-06 09:55:40"}
{"level":"debug","message":"Query: SELECT \"public\".\"lms_categories\".\"id\", \"public\".\"lms_categories\".\"name\", \"public\".\"lms_categories\".\"slug\", \"public\".\"lms_categories\".\"description\", \"public\".\"lms_categories\".\"iconUrl\", \"public\".\"lms_categories\".\"order\", \"public\".\"lms_categories\".\"isActive\", \"public\".\"lms_categories\".\"createdAt\", \"public\".\"lms_categories\".\"updatedAt\" FROM \"public\".\"lms_categories\" WHERE \"public\".\"lms_categories\".\"id\" IN ($1) OFFSET $2","service":"preplyte-api","timestamp":"2026-02-06 09:55:40"}
{"level":"debug","message":"Params: [\"cml92k1i3000017d0bq70mkrl\",0]","service":"preplyte-api","timestamp":"2026-02-06 09:55:40"}
{"level":"debug","message":"Duration: 0ms","service":"preplyte-api","timestamp":"2026-02-06 09:55:40"}
{"level":"debug","message":"Query: SELECT \"public\".\"lms_modules\".\"id\", \"public\".\"lms_modules\".\"courseId\", \"public\".\"lms_modules\".\"title\", \"public\".\"lms_modules\".\"shortDescription\", \"public\".\"lms_modules\".\"description\", \"public\".\"lms_modules\".\"order\", \"public\".\"lms_modules\".\"totalTopics\", \"public\".\"lms_modules\".\"points\", \"public\".\"lms_modules\".\"estimatedMinutes\", \"public\".\"lms_modules\".\"isActive\", \"public\".\"lms_modules\".\"createdAt\", \"public\".\"lms_modules\".\"updatedAt\" FROM \"public\".\"lms_modules\" WHERE \"public\".\"lms_modules\".\"courseId\" IN ($1) ORDER BY \"public\".\"lms_modules\".\"order\" ASC OFFSET $2","service":"preplyte-api","timestamp":"2026-02-06 09:55:40"}
{"level":"debug","message":"Params: [\"cml94bejx00051360oftmcm9a\",0]","service":"preplyte-api","timestamp":"2026-02-06 09:55:40"}
{"level":"debug","message":"Duration: 0ms","service":"preplyte-api","timestamp":"2026-02-06 09:55:40"}
{"level":"debug","message":"Query: SELECT \"public\".\"lms_topics\".\"id\", \"public\".\"lms_topics\".\"moduleId\", \"public\".\"lms_topics\".\"title\", \"public\".\"lms_topics\".\"description\", \"public\".\"lms_topics\".\"order\", \"public\".\"lms_topics\".\"theoryContent\", \"public\".\"lms_topics\".\"videoUrl\", \"public\".\"lms_topics\".\"videoDuration\", \"public\".\"lms_topics\".\"estimatedMinutes\", \"public\".\"lms_topics\".\"resources\", \"public\".\"lms_topics\".\"isActive\", \"public\".\"lms_topics\".\"createdAt\", \"public\".\"lms_topics\".\"updatedAt\" FROM \"public\".\"lms_topics\" WHERE \"public\".\"lms_topics\".\"moduleId\" IN ($1) ORDER BY \"public\".\"lms_topics\".\"order\" ASC OFFSET $2","service":"preplyte-api","timestamp":"2026-02-06 09:55:40"}
{"level":"debug","message":"Params: [\"cmladu3py0002i0nawtrmw7x2\",0]","service":"preplyte-api","timestamp":"2026-02-06 09:55:40"}
{"level":"debug","message":"Duration: 0ms","service":"preplyte-api","timestamp":"2026-02-06 09:55:40"}
{"level":"debug","message":"Query: SELECT \"public\".\"lms_module_tests\".\"id\", \"public\".\"lms_module_tests\".\"moduleId\", \"public\".\"lms_module_tests\".\"title\", \"public\".\"lms_module_tests\".\"instructions\", \"public\".\"lms_module_tests\".\"totalQuestions\", \"public\".\"lms_module_tests\".\"passingScore\", \"public\".\"lms_module_tests\".\"timeLimitMinutes\", \"public\".\"lms_module_tests\".\"maxAttempts\", \"public\".\"lms_module_tests\".\"pointsPerQuestion\", \"public\".\"lms_module_tests\".\"totalPoints\", \"public\".\"lms_module_tests\".\"isActive\", \"public\".\"lms_module_tests\".\"createdAt\", \"public\".\"lms_module_tests\".\"updatedAt\" FROM \"public\".\"lms_module_tests\" WHERE \"public\".\"lms_module_tests\".\"moduleId\" IN ($1) OFFSET $2","service":"preplyte-api","timestamp":"2026-02-06 09:55:40"}
{"level":"debug","message":"Params: [\"cmladu3py0002i0nawtrmw7x2\",0]","service":"preplyte-api","timestamp":"2026-02-06 09:55:40"}
{"level":"debug","message":"Duration: 0ms","service":"preplyte-api","timestamp":"2026-02-06 09:55:40"}
{"level":"debug","message":"Query: SELECT \"public\".\"lms_final_tests\".\"id\", \"public\".\"lms_final_tests\".\"courseId\", \"public\".\"lms_final_tests\".\"title\", \"public\".\"lms_final_tests\".\"instructions\", \"public\".\"lms_final_tests\".\"totalQuestions\", \"public\".\"lms_final_tests\".\"passingScore\", \"public\".\"lms_final_tests\".\"timeLimitMinutes\", \"public\".\"lms_final_tests\".\"pointsPerQuestion\", \"public\".\"lms_final_tests\".\"totalPoints\", \"public\".\"lms_final_tests\".\"maxAttempts\", \"public\".\"lms_final_tests\".\"isActive\", \"public\".\"lms_final_tests\".\"createdAt\", \"public\".\"lms_final_tests\".\"updatedAt\" FROM \"public\".\"lms_final_tests\" WHERE \"public\".\"lms_final_tests\".\"courseId\" IN ($1) OFFSET $2","service":"preplyte-api","timestamp":"2026-02-06 09:55:40"}
{"level":"debug","message":"Params: [\"cml94bejx00051360oftmcm9a\",0]","service":"preplyte-api","timestamp":"2026-02-06 09:55:40"}
{"level":"debug","message":"Duration: 0ms","service":"preplyte-api","timestamp":"2026-02-06 09:55:40"}
{"level":"info","message":"\u001b[0mGET /api/admin/lms/courses/cml94bejx00051360oftmcm9a \u001b[32m200\u001b[0m 25.458 ms - -\u001b[0m","service":"preplyte-api","timestamp":"2026-02-06 09:55:40"}
{"level":"debug","message":"Query: SELECT \"public\".\"users\".\"id\", \"public\".\"users\".\"email\", \"public\".\"users\".\"role\"::text, \"public\".\"users\".\"instituteId\", \"public\".\"users\".\"isActive\", \"public\".\"users\".\"tokenVersion\" FROM \"public\".\"users\" WHERE (\"public\".\"users\".\"id\" = $1 AND 1=1) LIMIT $2 OFFSET $3","service":"preplyte-api","timestamp":"2026-02-06 09:55:40"}
{"level":"debug","message":"Params: [\"cml92r5r50001q3oopvkslp23\",1,0]","service":"preplyte-api","timestamp":"2026-02-06 09:55:40"}
{"level":"debug","message":"Duration: 0ms","service":"preplyte-api","timestamp":"2026-02-06 09:55:40"}
{"level":"debug","message":"Query: SELECT \"public\".\"lms_courses\".\"id\", \"public\".\"lms_courses\".\"categoryId\", \"public\".\"lms_courses\".\"title\", \"public\".\"lms_courses\".\"slug\", \"public\".\"lms_courses\".\"shortDescription\", \"public\".\"lms_courses\".\"description\", \"public\".\"lms_courses\".\"thumbnailUrl\", \"public\".\"lms_courses\".\"previewVideoUrl\", \"public\".\"lms_courses\".\"totalModules\", \"public\".\"lms_courses\".\"totalTopics\", \"public\".\"lms_courses\".\"totalPoints\", \"public\".\"lms_courses\".\"totalHours\", \"public\".\"lms_courses\".\"price\", \"public\".\"lms_courses\".\"discountPrice\", \"public\".\"lms_courses\".\"currency\", \"public\".\"lms_courses\".\"status\"::text, \"public\".\"lms_courses\".\"isActive\", \"public\".\"lms_courses\".\"certificateEnabled\", \"public\".\"lms_courses\".\"passingPercentage\", \"public\".\"lms_courses\".\"tags\", \"public\".\"lms_courses\".\"difficulty\"::text, \"public\".\"lms_courses\".\"instructor\", \"public\".\"lms_courses\".\"language\", \"public\".\"lms_courses\".\"createdAt\", \"public\".\"lms_courses\".\"updatedAt\", \"public\".\"lms_courses\".\"publishedAt\", COALESCE(\"aggr_selection_0_LmsEnrollment\".\"_aggr_count_enrollments\", 0) AS \"_aggr_count_enrollments\" FROM \"public\".\"lms_courses\" LEFT JOIN (SELECT \"public\".\"lms_enrollments\".\"courseId\", COUNT(*) AS \"_aggr_count_enrollments\" FROM \"public\".\"lms_enrollments\" WHERE 1=1 GROUP BY \"public\".\"lms_enrollments\".\"courseId\") AS \"aggr_selection_0_LmsEnrollment\" ON (\"public\".\"lms_courses\".\"id\" = \"aggr_selection_0_LmsEnrollment\".\"courseId\") WHERE (\"public\".\"lms_courses\".\"id\" = $1 AND 1=1) LIMIT $2 OFFSET $3","service":"preplyte-api","timestamp":"2026-02-06 09:55:40"}
{"level":"debug","message":"Params: [\"cml94bejx00051360oftmcm9a\",1,0]","service":"preplyte-api","timestamp":"2026-02-06 09:55:40"}
{"level":"debug","message":"Duration: 1ms","service":"preplyte-api","timestamp":"2026-02-06 09:55:40"}
{"level":"debug","message":"Query: SELECT \"public\".\"lms_categories\".\"id\", \"public\".\"lms_categories\".\"name\", \"public\".\"lms_categories\".\"slug\", \"public\".\"lms_categories\".\"description\", \"public\".\"lms_categories\".\"iconUrl\", \"public\".\"lms_categories\".\"order\", \"public\".\"lms_categories\".\"isActive\", \"public\".\"lms_categories\".\"createdAt\", \"public\".\"lms_categories\".\"updatedAt\" FROM \"public\".\"lms_categories\" WHERE \"public\".\"lms_categories\".\"id\" IN ($1) OFFSET $2","service":"preplyte-api","timestamp":"2026-02-06 09:55:40"}
{"level":"debug","message":"Params: [\"cml92k1i3000017d0bq70mkrl\",0]","service":"preplyte-api","timestamp":"2026-02-06 09:55:40"}
{"level":"debug","message":"Duration: 0ms","service":"preplyte-api","timestamp":"2026-02-06 09:55:40"}
{"level":"debug","message":"Query: SELECT \"public\".\"lms_modules\".\"id\", \"public\".\"lms_modules\".\"courseId\", \"public\".\"lms_modules\".\"title\", \"public\".\"lms_modules\".\"shortDescription\", \"public\".\"lms_modules\".\"description\", \"public\".\"lms_modules\".\"order\", \"public\".\"lms_modules\".\"totalTopics\", \"public\".\"lms_modules\".\"points\", \"public\".\"lms_modules\".\"estimatedMinutes\", \"public\".\"lms_modules\".\"isActive\", \"public\".\"lms_modules\".\"createdAt\", \"public\".\"lms_modules\".\"updatedAt\" FROM \"public\".\"lms_modules\" WHERE \"public\".\"lms_modules\".\"courseId\" IN ($1) ORDER BY \"public\".\"lms_modules\".\"order\" ASC OFFSET $2","service":"preplyte-api","timestamp":"2026-02-06 09:55:40"}
{"level":"debug","message":"Params: [\"cml94bejx00051360oftmcm9a\",0]","service":"preplyte-api","timestamp":"2026-02-06 09:55:40"}
{"level":"debug","message":"Duration: 0ms","service":"preplyte-api","timestamp":"2026-02-06 09:55:40"}
{"level":"debug","message":"Query: SELECT \"public\".\"lms_topics\".\"id\", \"public\".\"lms_topics\".\"moduleId\", \"public\".\"lms_topics\".\"title\", \"public\".\"lms_topics\".\"description\", \"public\".\"lms_topics\".\"order\", \"public\".\"lms_topics\".\"theoryContent\", \"public\".\"lms_topics\".\"videoUrl\", \"public\".\"lms_topics\".\"videoDuration\", \"public\".\"lms_topics\".\"estimatedMinutes\", \"public\".\"lms_topics\".\"resources\", \"public\".\"lms_topics\".\"isActive\", \"public\".\"lms_topics\".\"createdAt\", \"public\".\"lms_topics\".\"updatedAt\" FROM \"public\".\"lms_topics\" WHERE \"public\".\"lms_topics\".\"moduleId\" IN ($1) ORDER BY \"public\".\"lms_topics\".\"order\" ASC OFFSET $2","service":"preplyte-api","timestamp":"2026-02-06 09:55:40"}
{"level":"debug","message":"Params: [\"cmladu3py0002i0nawtrmw7x2\",0]","service":"preplyte-api","timestamp":"2026-02-06 09:55:40"}
{"level":"debug","message":"Duration: 0ms","service":"preplyte-api","timestamp":"2026-02-06 09:55:40"}
{"level":"debug","message":"Query: SELECT \"public\".\"lms_module_tests\".\"id\", \"public\".\"lms_module_tests\".\"moduleId\", \"public\".\"lms_module_tests\".\"title\", \"public\".\"lms_module_tests\".\"instructions\", \"public\".\"lms_module_tests\".\"totalQuestions\", \"public\".\"lms_module_tests\".\"passingScore\", \"public\".\"lms_module_tests\".\"timeLimitMinutes\", \"public\".\"lms_module_tests\".\"maxAttempts\", \"public\".\"lms_module_tests\".\"pointsPerQuestion\", \"public\".\"lms_module_tests\".\"totalPoints\", \"public\".\"lms_module_tests\".\"isActive\", \"public\".\"lms_module_tests\".\"createdAt\", \"public\".\"lms_module_tests\".\"updatedAt\" FROM \"public\".\"lms_module_tests\" WHERE \"public\".\"lms_module_tests\".\"moduleId\" IN ($1) OFFSET $2","service":"preplyte-api","timestamp":"2026-02-06 09:55:40"}
{"level":"debug","message":"Params: [\"cmladu3py0002i0nawtrmw7x2\",0]","service":"preplyte-api","timestamp":"2026-02-06 09:55:40"}
{"level":"debug","message":"Duration: 0ms","service":"preplyte-api","timestamp":"2026-02-06 09:55:40"}
{"level":"debug","message":"Query: SELECT \"public\".\"lms_final_tests\".\"id\", \"public\".\"lms_final_tests\".\"courseId\", \"public\".\"lms_final_tests\".\"title\", \"public\".\"lms_final_tests\".\"instructions\", \"public\".\"lms_final_tests\".\"totalQuestions\", \"public\".\"lms_final_tests\".\"passingScore\", \"public\".\"lms_final_tests\".\"timeLimitMinutes\", \"public\".\"lms_final_tests\".\"pointsPerQuestion\", \"public\".\"lms_final_tests\".\"totalPoints\", \"public\".\"lms_final_tests\".\"maxAttempts\", \"public\".\"lms_final_tests\".\"isActive\", \"public\".\"lms_final_tests\".\"createdAt\", \"public\".\"lms_final_tests\".\"updatedAt\" FROM \"public\".\"lms_final_tests\" WHERE \"public\".\"lms_final_tests\".\"courseId\" IN ($1) OFFSET $2","service":"preplyte-api","timestamp":"2026-02-06 09:55:40"}
{"level":"debug","message":"Params: [\"cml94bejx00051360oftmcm9a\",0]","service":"preplyte-api","timestamp":"2026-02-06 09:55:40"}
{"level":"debug","message":"Duration: 0ms","service":"preplyte-api","timestamp":"2026-02-06 09:55:40"}
{"level":"info","message":"\u001b[0mGET /api/admin/lms/courses/cml94bejx00051360oftmcm9a \u001b[36m304\u001b[0m 29.252 ms - -\u001b[0m","service":"preplyte-api","timestamp":"2026-02-06 09:55:40"}
{"level":"debug","message":"Query: SELECT \"public\".\"users\".\"id\", \"public\".\"users\".\"email\", \"public\".\"users\".\"role\"::text, \"public\".\"users\".\"instituteId\", \"public\".\"users\".\"isActive\", \"public\".\"users\".\"tokenVersion\" FROM \"public\".\"users\" WHERE (\"public\".\"users\".\"id\" = $1 AND 1=1) LIMIT $2 OFFSET $3","service":"preplyte-api","timestamp":"2026-02-06 09:55:40"}
{"level":"debug","message":"Params: [\"cml92r5r50001q3oopvkslp23\",1,0]","service":"preplyte-api","timestamp":"2026-02-06 09:55:40"}
{"level":"debug","message":"Duration: 0ms","service":"preplyte-api","timestamp":"2026-02-06 09:55:40"}
{"level":"debug","message":"Query: SELECT \"public\".\"lms_courses\".\"id\", \"public\".\"lms_courses\".\"categoryId\", \"public\".\"lms_courses\".\"title\", \"public\".\"lms_courses\".\"slug\", \"public\".\"lms_courses\".\"shortDescription\", \"public\".\"lms_courses\".\"description\", \"public\".\"lms_courses\".\"thumbnailUrl\", \"public\".\"lms_courses\".\"previewVideoUrl\", \"public\".\"lms_courses\".\"totalModules\", \"public\".\"lms_courses\".\"totalTopics\", \"public\".\"lms_courses\".\"totalPoints\", \"public\".\"lms_courses\".\"totalHours\", \"public\".\"lms_courses\".\"price\", \"public\".\"lms_courses\".\"discountPrice\", \"public\".\"lms_courses\".\"currency\", \"public\".\"lms_courses\".\"status\"::text, \"public\".\"lms_courses\".\"isActive\", \"public\".\"lms_courses\".\"certificateEnabled\", \"public\".\"lms_courses\".\"passingPercentage\", \"public\".\"lms_courses\".\"tags\", \"public\".\"lms_courses\".\"difficulty\"::text, \"public\".\"lms_courses\".\"instructor\", \"public\".\"lms_courses\".\"language\", \"public\".\"lms_courses\".\"createdAt\", \"public\".\"lms_courses\".\"updatedAt\", \"public\".\"lms_courses\".\"publishedAt\", COALESCE(\"aggr_selection_0_LmsModule\".\"_aggr_count_modules\", 0) AS \"_aggr_count_modules\", COALESCE(\"aggr_selection_1_LmsEnrollment\".\"_aggr_count_enrollments\", 0) AS \"_aggr_count_enrollments\" FROM \"public\".\"lms_courses\" LEFT JOIN (SELECT \"public\".\"lms_modules\".\"courseId\", COUNT(*) AS \"_aggr_count_modules\" FROM \"public\".\"lms_modules\" WHERE 1=1 GROUP BY \"public\".\"lms_modules\".\"courseId\") AS \"aggr_selection_0_LmsModule\" ON (\"public\".\"lms_courses\".\"id\" = \"aggr_selection_0_LmsModule\".\"courseId\") LEFT JOIN (SELECT \"public\".\"lms_enrollments\".\"courseId\", COUNT(*) AS \"_aggr_count_enrollments\" FROM \"public\".\"lms_enrollments\" WHERE 1=1 GROUP BY \"public\".\"lms_enrollments\".\"courseId\") AS \"aggr_selection_1_LmsEnrollment\" ON (\"public\".\"lms_courses\".\"id\" = \"aggr_selection_1_LmsEnrollment\".\"courseId\") WHERE 1=1 ORDER BY \"public\".\"lms_courses\".\"createdAt\" DESC OFFSET $1","service":"preplyte-api","timestamp":"2026-02-06 09:55:40"}
{"level":"debug","message":"Params: [0]","service":"preplyte-api","timestamp":"2026-02-06 09:55:40"}
{"level":"debug","message":"Duration: 3ms","service":"preplyte-api","timestamp":"2026-02-06 09:55:40"}
{"level":"debug","message":"Query: SELECT \"public\".\"lms_categories\".\"id\", \"public\".\"lms_categories\".\"name\", \"public\".\"lms_categories\".\"slug\", \"public\".\"lms_categories\".\"description\", \"public\".\"lms_categories\".\"iconUrl\", \"public\".\"lms_categories\".\"order\", \"public\".\"lms_categories\".\"isActive\", \"public\".\"lms_categories\".\"createdAt\", \"public\".\"lms_categories\".\"updatedAt\" FROM \"public\".\"lms_categories\" WHERE \"public\".\"lms_categories\".\"id\" IN ($1) OFFSET $2","service":"preplyte-api","timestamp":"2026-02-06 09:55:40"}
{"level":"debug","message":"Params: [\"cml92k1i3000017d0bq70mkrl\",0]","service":"preplyte-api","timestamp":"2026-02-06 09:55:40"}
{"level":"debug","message":"Duration: 0ms","service":"preplyte-api","timestamp":"2026-02-06 09:55:40"}
{"level":"info","message":"\u001b[0mGET /api/admin/lms/courses?page=1&limit=10&search= \u001b[32m200\u001b[0m 17.938 ms - -\u001b[0m","service":"preplyte-api","timestamp":"2026-02-06 09:55:40"}
{"level":"info","message":"\u001b[0mGET /api/lms/courses/java-fullstack/modules/1/topics/1 \u001b[33m401\u001b[0m 2.458 ms - 108\u001b[0m","service":"preplyte-api","timestamp":"2026-02-06 09:55:48"}
{"level":"debug","message":"Query: SELECT \"public\".\"refresh_tokens\".\"id\", \"public\".\"refresh_tokens\".\"token\", \"public\".\"refresh_tokens\".\"userId\", \"public\".\"refresh_tokens\".\"expiresAt\", \"public\".\"refresh_tokens\".\"revokedAt\", \"public\".\"refresh_tokens\".\"userAgent\", \"public\".\"refresh_tokens\".\"ipAddress\", \"public\".\"refresh_tokens\".\"createdAt\" FROM \"public\".\"refresh_tokens\" WHERE (\"public\".\"refresh_tokens\".\"token\" = $1 AND \"public\".\"refresh_tokens\".\"userId\" = $2) LIMIT $3 OFFSET $4","service":"preplyte-api","timestamp":"2026-02-06 09:55:49"}
{"level":"debug","message":"Params: [\"d139e32dec03211b07b1f8dd43fcf898304e9a8faa52b86a41995808a317d82a\",\"cml92ugqs0007q3oof2k0hw35\",1,0]","service":"preplyte-api","timestamp":"2026-02-06 09:55:49"}
{"level":"debug","message":"Duration: 5ms","service":"preplyte-api","timestamp":"2026-02-06 09:55:49"}
{"level":"debug","message":"Query: SELECT \"public\".\"users\".\"id\", \"public\".\"users\".\"email\", \"public\".\"users\".\"password\", \"public\".\"users\".\"name\", \"public\".\"users\".\"role\"::text, \"public\".\"users\".\"isActive\", \"public\".\"users\".\"instituteId\", \"public\".\"users\".\"createdAt\", \"public\".\"users\".\"updatedAt\", \"public\".\"users\".\"lastLoginAt\", \"public\".\"users\".\"tokenVersion\" FROM \"public\".\"users\" WHERE (\"public\".\"users\".\"id\" = $1 AND 1=1) LIMIT $2 OFFSET $3","service":"preplyte-api","timestamp":"2026-02-06 09:55:49"}
{"level":"debug","message":"Params: [\"cml92ugqs0007q3oof2k0hw35\",1,0]","service":"preplyte-api","timestamp":"2026-02-06 09:55:49"}
{"level":"debug","message":"Duration: 1ms","service":"preplyte-api","timestamp":"2026-02-06 09:55:49"}
{"level":"debug","message":"Query: BEGIN","service":"preplyte-api","timestamp":"2026-02-06 09:55:49"}
{"level":"debug","message":"Params: []","service":"preplyte-api","timestamp":"2026-02-06 09:55:49"}
{"level":"debug","message":"Duration: 0ms","service":"preplyte-api","timestamp":"2026-02-06 09:55:49"}
{"level":"debug","message":"Query: UPDATE \"public\".\"refresh_tokens\" SET \"revokedAt\" = $1 WHERE (\"public\".\"refresh_tokens\".\"id\" = $2 AND 1=1) RETURNING \"public\".\"refresh_tokens\".\"id\", \"public\".\"refresh_tokens\".\"token\", \"public\".\"refresh_tokens\".\"userId\", \"public\".\"refresh_tokens\".\"expiresAt\", \"public\".\"refresh_tokens\".\"revokedAt\", \"public\".\"refresh_tokens\".\"userAgent\", \"public\".\"refresh_tokens\".\"ipAddress\", \"public\".\"refresh_tokens\".\"createdAt\"","service":"preplyte-api","timestamp":"2026-02-06 09:55:49"}
{"level":"debug","message":"Params: [\"2026-02-06 04:25:49.154 UTC\",\"cmlad6qu1000fnmfrt3uao5hl\"]","service":"preplyte-api","timestamp":"2026-02-06 09:55:49"}
{"level":"debug","message":"Duration: 1ms","service":"preplyte-api","timestamp":"2026-02-06 09:55:49"}
{"level":"debug","message":"Query: INSERT INTO \"public\".\"refresh_tokens\" (\"id\",\"token\",\"userId\",\"expiresAt\",\"createdAt\") VALUES ($1,$2,$3,$4,$5) RETURNING \"public\".\"refresh_tokens\".\"id\", \"public\".\"refresh_tokens\".\"token\", \"public\".\"refresh_tokens\".\"userId\", \"public\".\"refresh_tokens\".\"expiresAt\", \"public\".\"refresh_tokens\".\"revokedAt\", \"public\".\"refresh_tokens\".\"userAgent\", \"public\".\"refresh_tokens\".\"ipAddress\", \"public\".\"refresh_tokens\".\"createdAt\"","service":"preplyte-api","timestamp":"2026-02-06 09:55:49"}
{"level":"debug","message":"Params: [\"cmladuagb0008i0na2x0y5uvi\",\"64a8b1c66e4cd417bd5583b1a957688ec6e4f87861aa8caac8d0383a3d07cbf3\",\"cml92ugqs0007q3oof2k0hw35\",\"2026-02-13 04:25:49.155 UTC\",\"2026-02-06 04:25:49.162 UTC\"]","service":"preplyte-api","timestamp":"2026-02-06 09:55:49"}
{"level":"debug","message":"Duration: 1ms","service":"preplyte-api","timestamp":"2026-02-06 09:55:49"}
{"level":"debug","message":"Query: COMMIT","service":"preplyte-api","timestamp":"2026-02-06 09:55:49"}
{"level":"debug","message":"Params: []","service":"preplyte-api","timestamp":"2026-02-06 09:55:49"}
{"level":"debug","message":"Duration: 2ms","service":"preplyte-api","timestamp":"2026-02-06 09:55:49"}
{"level":"info","message":"Token refreshed successfully","service":"preplyte-api","timestamp":"2026-02-06 09:55:49","userId":"cml92ugqs0007q3oof2k0hw35"}
{"level":"info","message":"\u001b[0mPOST /api/auth/refresh \u001b[32m200\u001b[0m 47.996 ms - 932\u001b[0m","service":"preplyte-api","timestamp":"2026-02-06 09:55:49"}
{"level":"debug","message":"Query: SELECT \"public\".\"users\".\"id\", \"public\".\"users\".\"email\", \"public\".\"users\".\"role\"::text, \"public\".\"users\".\"instituteId\", \"public\".\"users\".\"isActive\", \"public\".\"users\".\"tokenVersion\" FROM \"public\".\"users\" WHERE (\"public\".\"users\".\"id\" = $1 AND 1=1) LIMIT $2 OFFSET $3","service":"preplyte-api","timestamp":"2026-02-06 09:55:49"}
{"level":"debug","message":"Params: [\"cml92ugqs0007q3oof2k0hw35\",1,0]","service":"preplyte-api","timestamp":"2026-02-06 09:55:49"}
{"level":"debug","message":"Duration: 0ms","service":"preplyte-api","timestamp":"2026-02-06 09:55:49"}
{"level":"debug","message":"Query: SELECT \"public\".\"lms_courses\".\"id\", \"public\".\"lms_courses\".\"title\", \"public\".\"lms_courses\".\"slug\" FROM \"public\".\"lms_courses\" WHERE (\"public\".\"lms_courses\".\"slug\" = $1 AND 1=1) LIMIT $2 OFFSET $3","service":"preplyte-api","timestamp":"2026-02-06 09:55:49"}
{"level":"debug","message":"Params: [\"java-fullstack\",1,0]","service":"preplyte-api","timestamp":"2026-02-06 09:55:49"}
{"level":"debug","message":"Duration: 1ms","service":"preplyte-api","timestamp":"2026-02-06 09:55:49"}
{"level":"debug","message":"Query: SELECT \"public\".\"lms_enrollments\".\"id\", \"public\".\"lms_enrollments\".\"userId\", \"public\".\"lms_enrollments\".\"courseId\", \"public\".\"lms_enrollments\".\"status\"::text, \"public\".\"lms_enrollments\".\"completedModules\", \"public\".\"lms_enrollments\".\"completedTopics\", \"public\".\"lms_enrollments\".\"progressPercent\", \"public\".\"lms_enrollments\".\"totalPointsEarned\", \"public\".\"lms_enrollments\".\"moduleTestPointsEarned\", \"public\".\"lms_enrollments\".\"finalTestPointsEarned\", \"public\".\"lms_enrollments\".\"finalTestAttempted\", \"public\".\"lms_enrollments\".\"finalTestPassed\", \"public\".\"lms_enrollments\".\"finalTestScore\", \"public\".\"lms_enrollments\".\"finalTestMarks\", \"public\".\"lms_enrollments\".\"enrolledAt\", \"public\".\"lms_enrollments\".\"startedAt\", \"public\".\"lms_enrollments\".\"completedAt\", \"public\".\"lms_enrollments\".\"lastAccessedAt\", \"public\".\"lms_enrollments\".\"certificateUrl\", \"public\".\"lms_enrollments\".\"certificateIssuedAt\", \"public\".\"lms_enrollments\".\"createdAt\", \"public\".\"lms_enrollments\".\"updatedAt\" FROM \"public\".\"lms_enrollments\" WHERE ((\"public\".\"lms_enrollments\".\"userId\" = $1 AND \"public\".\"lms_enrollments\".\"courseId\" = $2) AND 1=1) LIMIT $3 OFFSET $4","service":"preplyte-api","timestamp":"2026-02-06 09:55:49"}
{"level":"debug","message":"Params: [\"cml92ugqs0007q3oof2k0hw35\",\"cml94bejx00051360oftmcm9a\",1,0]","service":"preplyte-api","timestamp":"2026-02-06 09:55:49"}
{"level":"debug","message":"Duration: 1ms","service":"preplyte-api","timestamp":"2026-02-06 09:55:49"}
{"level":"debug","message":"Query: SELECT \"public\".\"lms_modules\".\"id\", \"public\".\"lms_modules\".\"courseId\", \"public\".\"lms_modules\".\"title\", \"public\".\"lms_modules\".\"shortDescription\", \"public\".\"lms_modules\".\"description\", \"public\".\"lms_modules\".\"order\", \"public\".\"lms_modules\".\"totalTopics\", \"public\".\"lms_modules\".\"points\", \"public\".\"lms_modules\".\"estimatedMinutes\", \"public\".\"lms_modules\".\"isActive\", \"public\".\"lms_modules\".\"createdAt\", \"public\".\"lms_modules\".\"updatedAt\" FROM \"public\".\"lms_modules\" WHERE (\"public\".\"lms_modules\".\"courseId\" = $1 AND \"public\".\"lms_modules\".\"order\" = $2 AND \"public\".\"lms_modules\".\"isActive\" = $3) LIMIT $4 OFFSET $5","service":"preplyte-api","timestamp":"2026-02-06 09:55:49"}
{"level":"debug","message":"Params: [\"cml94bejx00051360oftmcm9a\",1,true,1,0]","service":"preplyte-api","timestamp":"2026-02-06 09:55:49"}
{"level":"debug","message":"Duration: 1ms","service":"preplyte-api","timestamp":"2026-02-06 09:55:49"}
{"level":"debug","message":"Query: SELECT \"public\".\"lms_topics\".\"id\", \"public\".\"lms_topics\".\"moduleId\", \"public\".\"lms_topics\".\"title\", \"public\".\"lms_topics\".\"description\", \"public\".\"lms_topics\".\"order\", \"public\".\"lms_topics\".\"theoryContent\", \"public\".\"lms_topics\".\"videoUrl\", \"public\".\"lms_topics\".\"videoDuration\", \"public\".\"lms_topics\".\"estimatedMinutes\", \"public\".\"lms_topics\".\"resources\", \"public\".\"lms_topics\".\"isActive\", \"public\".\"lms_topics\".\"createdAt\", \"public\".\"lms_topics\".\"updatedAt\" FROM \"public\".\"lms_topics\" WHERE (\"public\".\"lms_topics\".\"isActive\" = $1 AND \"public\".\"lms_topics\".\"moduleId\" IN ($2)) ORDER BY \"public\".\"lms_topics\".\"order\" ASC OFFSET $3","service":"preplyte-api","timestamp":"2026-02-06 09:55:49"}
{"level":"debug","message":"Params: [true,\"cmladu3py0002i0nawtrmw7x2\",0]","service":"preplyte-api","timestamp":"2026-02-06 09:55:49"}
{"level":"debug","message":"Duration: 1ms","service":"preplyte-api","timestamp":"2026-02-06 09:55:49"}
{"level":"debug","message":"Query: SELECT \"public\".\"lms_topic_progress\".\"id\", \"public\".\"lms_topic_progress\".\"userId\", \"public\".\"lms_topic_progress\".\"topicId\", \"public\".\"lms_topic_progress\".\"status\"::text, \"public\".\"lms_topic_progress\".\"theoryCompleted\", \"public\".\"lms_topic_progress\".\"videoWatched\", \"public\".\"lms_topic_progress\".\"videoProgress\", \"public\".\"lms_topic_progress\".\"timeSpentMinutes\", \"public\".\"lms_topic_progress\".\"startedAt\", \"public\".\"lms_topic_progress\".\"completedAt\", \"public\".\"lms_topic_progress\".\"createdAt\", \"public\".\"lms_topic_progress\".\"updatedAt\" FROM \"public\".\"lms_topic_progress\" WHERE ((\"public\".\"lms_topic_progress\".\"userId\" = $1 AND \"public\".\"lms_topic_progress\".\"topicId\" = $2) AND 1=1) LIMIT $3 OFFSET $4","service":"preplyte-api","timestamp":"2026-02-06 09:55:49"}
{"level":"debug","message":"Params: [\"cml92ugqs0007q3oof2k0hw35\",\"cmladu3qh0006i0najb1mzl1d\",1,0]","service":"preplyte-api","timestamp":"2026-02-06 09:55:49"}
{"level":"debug","message":"Duration: 1ms","service":"preplyte-api","timestamp":"2026-02-06 09:55:49"}
{"level":"debug","message":"Query: INSERT INTO \"public\".\"lms_topic_progress\" (\"id\",\"userId\",\"topicId\",\"status\",\"theoryCompleted\",\"videoWatched\",\"videoProgress\",\"timeSpentMinutes\",\"startedAt\",\"createdAt\",\"updatedAt\") VALUES ($1,$2,$3,CAST($4::text AS \"public\".\"LmsTopicStatus\"),$5,$6,$7,$8,$9,$10,$11) RETURNING \"public\".\"lms_topic_progress\".\"id\", \"public\".\"lms_topic_progress\".\"userId\", \"public\".\"lms_topic_progress\".\"topicId\", \"public\".\"lms_topic_progress\".\"status\"::text, \"public\".\"lms_topic_progress\".\"theoryCompleted\", \"public\".\"lms_topic_progress\".\"videoWatched\", \"public\".\"lms_topic_progress\".\"videoProgress\", \"public\".\"lms_topic_progress\".\"timeSpentMinutes\", \"public\".\"lms_topic_progress\".\"startedAt\", \"public\".\"lms_topic_progress\".\"completedAt\", \"public\".\"lms_topic_progress\".\"createdAt\", \"public\".\"lms_topic_progress\".\"updatedAt\"","service":"preplyte-api","timestamp":"2026-02-06 09:55:49"}
{"level":"debug","message":"Params: [\"cmladuaij000ai0na2tvttu6v\",\"cml92ugqs0007q3oof2k0hw35\",\"cmladu3qh0006i0najb1mzl1d\",\"IN_PROGRESS\",false,false,0,0,\"2026-02-06 04:25:49.238 UTC\",\"2026-02-06 04:25:49.243 UTC\",\"2026-02-06 04:25:49.243 UTC\"]","service":"preplyte-api","timestamp":"2026-02-06 09:55:49"}
{"level":"debug","message":"Duration: 4ms","service":"preplyte-api","timestamp":"2026-02-06 09:55:49"}
{"level":"debug","message":"Query: UPDATE \"public\".\"lms_enrollments\" SET \"lastAccessedAt\" = $1, \"updatedAt\" = $2 WHERE (\"public\".\"lms_enrollments\".\"id\" = $3 AND 1=1) RETURNING \"public\".\"lms_enrollments\".\"id\", \"public\".\"lms_enrollments\".\"userId\", \"public\".\"lms_enrollments\".\"courseId\", \"public\".\"lms_enrollments\".\"status\"::text, \"public\".\"lms_enrollments\".\"completedModules\", \"public\".\"lms_enrollments\".\"completedTopics\", \"public\".\"lms_enrollments\".\"progressPercent\", \"public\".\"lms_enrollments\".\"totalPointsEarned\", \"public\".\"lms_enrollments\".\"moduleTestPointsEarned\", \"public\".\"lms_enrollments\".\"finalTestPointsEarned\", \"public\".\"lms_enrollments\".\"finalTestAttempted\", \"public\".\"lms_enrollments\".\"finalTestPassed\", \"public\".\"lms_enrollments\".\"finalTestScore\", \"public\".\"lms_enrollments\".\"finalTestMarks\", \"public\".\"lms_enrollments\".\"enrolledAt\", \"public\".\"lms_enrollments\".\"startedAt\", \"public\".\"lms_enrollments\".\"completedAt\", \"public\".\"lms_enrollments\".\"lastAccessedAt\", \"public\".\"lms_enrollments\".\"certificateUrl\", \"public\".\"lms_enrollments\".\"certificateIssuedAt\", \"public\".\"lms_enrollments\".\"createdAt\", \"public\".\"lms_enrollments\".\"updatedAt\"","service":"preplyte-api","timestamp":"2026-02-06 09:55:49"}
{"level":"debug","message":"Params: [\"2026-02-06 04:25:49.247 UTC\",\"2026-02-06 04:25:49.253 UTC\",\"cml94d4ej000e136026t1ddly\"]","service":"preplyte-api","timestamp":"2026-02-06 09:55:49"}
{"level":"debug","message":"Duration: 2ms","service":"preplyte-api","timestamp":"2026-02-06 09:55:49"}
{"level":"info","message":"\u001b[0mGET /api/lms/courses/java-fullstack/modules/1/topics/1 \u001b[32m200\u001b[0m 74.008 ms - -\u001b[0m","service":"preplyte-api","timestamp":"2026-02-06 09:55:49"}
{"level":"debug","message":"Query: SELECT \"public\".\"users\".\"id\", \"public\".\"users\".\"email\", \"public\".\"users\".\"role\"::text, \"public\".\"users\".\"instituteId\", \"public\".\"users\".\"isActive\", \"public\".\"users\".\"tokenVersion\" FROM \"public\".\"users\" WHERE (\"public\".\"users\".\"id\" = $1 AND 1=1) LIMIT $2 OFFSET $3","service":"preplyte-api","timestamp":"2026-02-06 09:55:52"}
{"level":"debug","message":"Params: [\"cml92ugqs0007q3oof2k0hw35\",1,0]","service":"preplyte-api","timestamp":"2026-02-06 09:55:52"}
{"level":"debug","message":"Duration: 1ms","service":"preplyte-api","timestamp":"2026-02-06 09:55:52"}
{"level":"debug","message":"Query: SELECT \"public\".\"lms_courses\".\"id\" FROM \"public\".\"lms_courses\" WHERE (\"public\".\"lms_courses\".\"slug\" = $1 AND 1=1) LIMIT $2 OFFSET $3","service":"preplyte-api","timestamp":"2026-02-06 09:55:52"}
{"level":"debug","message":"Params: [\"java-fullstack\",1,0]","service":"preplyte-api","timestamp":"2026-02-06 09:55:52"}
{"level":"debug","message":"Duration: 2ms","service":"preplyte-api","timestamp":"2026-02-06 09:55:52"}
{"level":"debug","message":"Query: SELECT \"public\".\"lms_modules\".\"id\", \"public\".\"lms_modules\".\"courseId\", \"public\".\"lms_modules\".\"title\", \"public\".\"lms_modules\".\"shortDescription\", \"public\".\"lms_modules\".\"description\", \"public\".\"lms_modules\".\"order\", \"public\".\"lms_modules\".\"totalTopics\", \"public\".\"lms_modules\".\"points\", \"public\".\"lms_modules\".\"estimatedMinutes\", \"public\".\"lms_modules\".\"isActive\", \"public\".\"lms_modules\".\"createdAt\", \"public\".\"lms_modules\".\"updatedAt\" FROM \"public\".\"lms_modules\" WHERE (\"public\".\"lms_modules\".\"courseId\" = $1 AND \"public\".\"lms_modules\".\"order\" = $2) LIMIT $3 OFFSET $4","service":"preplyte-api","timestamp":"2026-02-06 09:55:52"}
{"level":"debug","message":"Params: [\"cml94bejx00051360oftmcm9a\",1,1,0]","service":"preplyte-api","timestamp":"2026-02-06 09:55:52"}
{"level":"debug","message":"Duration: 2ms","service":"preplyte-api","timestamp":"2026-02-06 09:55:52"}
{"level":"debug","message":"Query: SELECT \"public\".\"lms_topics\".\"id\", \"public\".\"lms_topics\".\"moduleId\", \"public\".\"lms_topics\".\"title\", \"public\".\"lms_topics\".\"description\", \"public\".\"lms_topics\".\"order\", \"public\".\"lms_topics\".\"theoryContent\", \"public\".\"lms_topics\".\"videoUrl\", \"public\".\"lms_topics\".\"videoDuration\", \"public\".\"lms_topics\".\"estimatedMinutes\", \"public\".\"lms_topics\".\"resources\", \"public\".\"lms_topics\".\"isActive\", \"public\".\"lms_topics\".\"createdAt\", \"public\".\"lms_topics\".\"updatedAt\" FROM \"public\".\"lms_topics\" WHERE \"public\".\"lms_topics\".\"moduleId\" IN ($1) ORDER BY \"public\".\"lms_topics\".\"order\" ASC OFFSET $2","service":"preplyte-api","timestamp":"2026-02-06 09:55:52"}
{"level":"debug","message":"Params: [\"cmladu3py0002i0nawtrmw7x2\",0]","service":"preplyte-api","timestamp":"2026-02-06 09:55:52"}
{"level":"debug","message":"Duration: 1ms","service":"preplyte-api","timestamp":"2026-02-06 09:55:52"}
{"level":"debug","message":"Query: INSERT INTO \"public\".\"lms_topic_progress\" (\"id\",\"userId\",\"topicId\",\"status\",\"theoryCompleted\",\"videoWatched\",\"videoProgress\",\"timeSpentMinutes\",\"startedAt\",\"createdAt\",\"updatedAt\") VALUES ($1,$2,$3,CAST($4::text AS \"public\".\"LmsTopicStatus\"),$5,$6,$7,$8,$9,$10,$11) ON CONFLICT (\"userId\",\"topicId\") DO UPDATE SET \"theoryCompleted\" = $12, \"updatedAt\" = $13 WHERE ((\"public\".\"lms_topic_progress\".\"userId\" = $14 AND \"public\".\"lms_topic_progress\".\"topicId\" = $15) AND 1=1) RETURNING \"public\".\"lms_topic_progress\".\"id\", \"public\".\"lms_topic_progress\".\"userId\", \"public\".\"lms_topic_progress\".\"topicId\", \"public\".\"lms_topic_progress\".\"status\"::text, \"public\".\"lms_topic_progress\".\"theoryCompleted\", \"public\".\"lms_topic_progress\".\"videoWatched\", \"public\".\"lms_topic_progress\".\"videoProgress\", \"public\".\"lms_topic_progress\".\"timeSpentMinutes\", \"public\".\"lms_topic_progress\".\"startedAt\", \"public\".\"lms_topic_progress\".\"completedAt\", \"public\".\"lms_topic_progress\".\"createdAt\", \"public\".\"lms_topic_progress\".\"updatedAt\"","service":"preplyte-api","timestamp":"2026-02-06 09:55:52"}
{"level":"debug","message":"Params: [\"cmlaductx000ci0naxbtq9wsw\",\"cml92ugqs0007q3oof2k0hw35\",\"cmladu3qh0006i0najb1mzl1d\",\"IN_PROGRESS\",true,false,0,0,\"2026-02-06 04:25:52.240 UTC\",\"2026-02-06 04:25:52.245 UTC\",\"2026-02-06 04:25:52.245 UTC\",true,\"2026-02-06 04:25:52.245 UTC\",\"cml92ugqs0007q3oof2k0hw35\",\"cmladu3qh0006i0najb1mzl1d\"]","service":"preplyte-api","timestamp":"2026-02-06 09:55:52"}
{"level":"debug","message":"Duration: 5ms","service":"preplyte-api","timestamp":"2026-02-06 09:55:52"}
{"level":"info","message":"\u001b[0mPATCH /api/lms/courses/java-fullstack/modules/1/topics/1/progress \u001b[32m200\u001b[0m 53.256 ms - 417\u001b[0m","service":"preplyte-api","timestamp":"2026-02-06 09:55:52"}
{"level":"debug","message":"Query: SELECT \"public\".\"users\".\"id\", \"public\".\"users\".\"email\", \"public\".\"users\".\"role\"::text, \"public\".\"users\".\"instituteId\", \"public\".\"users\".\"isActive\", \"public\".\"users\".\"tokenVersion\" FROM \"public\".\"users\" WHERE (\"public\".\"users\".\"id\" = $1 AND 1=1) LIMIT $2 OFFSET $3","service":"preplyte-api","timestamp":"2026-02-06 09:55:52"}
{"level":"debug","message":"Params: [\"cml92ugqs0007q3oof2k0hw35\",1,0]","service":"preplyte-api","timestamp":"2026-02-06 09:55:52"}
{"level":"debug","message":"Duration: 1ms","service":"preplyte-api","timestamp":"2026-02-06 09:55:52"}
{"level":"debug","message":"Query: SELECT \"public\".\"lms_courses\".\"id\", \"public\".\"lms_courses\".\"title\", \"public\".\"lms_courses\".\"slug\" FROM \"public\".\"lms_courses\" WHERE (\"public\".\"lms_courses\".\"slug\" = $1 AND 1=1) LIMIT $2 OFFSET $3","service":"preplyte-api","timestamp":"2026-02-06 09:55:52"}
{"level":"debug","message":"Params: [\"java-fullstack\",1,0]","service":"preplyte-api","timestamp":"2026-02-06 09:55:52"}
{"level":"debug","message":"Duration: 1ms","service":"preplyte-api","timestamp":"2026-02-06 09:55:52"}
{"level":"debug","message":"Query: SELECT \"public\".\"lms_enrollments\".\"id\", \"public\".\"lms_enrollments\".\"userId\", \"public\".\"lms_enrollments\".\"courseId\", \"public\".\"lms_enrollments\".\"status\"::text, \"public\".\"lms_enrollments\".\"completedModules\", \"public\".\"lms_enrollments\".\"completedTopics\", \"public\".\"lms_enrollments\".\"progressPercent\", \"public\".\"lms_enrollments\".\"totalPointsEarned\", \"public\".\"lms_enrollments\".\"moduleTestPointsEarned\", \"public\".\"lms_enrollments\".\"finalTestPointsEarned\", \"public\".\"lms_enrollments\".\"finalTestAttempted\", \"public\".\"lms_enrollments\".\"finalTestPassed\", \"public\".\"lms_enrollments\".\"finalTestScore\", \"public\".\"lms_enrollments\".\"finalTestMarks\", \"public\".\"lms_enrollments\".\"enrolledAt\", \"public\".\"lms_enrollments\".\"startedAt\", \"public\".\"lms_enrollments\".\"completedAt\", \"public\".\"lms_enrollments\".\"lastAccessedAt\", \"public\".\"lms_enrollments\".\"certificateUrl\", \"public\".\"lms_enrollments\".\"certificateIssuedAt\", \"public\".\"lms_enrollments\".\"createdAt\", \"public\".\"lms_enrollments\".\"updatedAt\" FROM \"public\".\"lms_enrollments\" WHERE ((\"public\".\"lms_enrollments\".\"userId\" = $1 AND \"public\".\"lms_enrollments\".\"courseId\" = $2) AND 1=1) LIMIT $3 OFFSET $4","service":"preplyte-api","timestamp":"2026-02-06 09:55:52"}
{"level":"debug","message":"Params: [\"cml92ugqs0007q3oof2k0hw35\",\"cml94bejx00051360oftmcm9a\",1,0]","service":"preplyte-api","timestamp":"2026-02-06 09:55:52"}
{"level":"debug","message":"Duration: 1ms","service":"preplyte-api","timestamp":"2026-02-06 09:55:52"}
{"level":"debug","message":"Query: SELECT \"public\".\"lms_modules\".\"id\", \"public\".\"lms_modules\".\"courseId\", \"public\".\"lms_modules\".\"title\", \"public\".\"lms_modules\".\"shortDescription\", \"public\".\"lms_modules\".\"description\", \"public\".\"lms_modules\".\"order\", \"public\".\"lms_modules\".\"totalTopics\", \"public\".\"lms_modules\".\"points\", \"public\".\"lms_modules\".\"estimatedMinutes\", \"public\".\"lms_modules\".\"isActive\", \"public\".\"lms_modules\".\"createdAt\", \"public\".\"lms_modules\".\"updatedAt\" FROM \"public\".\"lms_modules\" WHERE (\"public\".\"lms_modules\".\"courseId\" = $1 AND \"public\".\"lms_modules\".\"order\" = $2 AND \"public\".\"lms_modules\".\"isActive\" = $3) LIMIT $4 OFFSET $5","service":"preplyte-api","timestamp":"2026-02-06 09:55:52"}
{"level":"debug","message":"Params: [\"cml94bejx00051360oftmcm9a\",1,true,1,0]","service":"preplyte-api","timestamp":"2026-02-06 09:55:52"}
{"level":"debug","message":"Duration: 1ms","service":"preplyte-api","timestamp":"2026-02-06 09:55:52"}
{"level":"debug","message":"Query: SELECT \"public\".\"lms_topics\".\"id\", \"public\".\"lms_topics\".\"moduleId\", \"public\".\"lms_topics\".\"title\", \"public\".\"lms_topics\".\"description\", \"public\".\"lms_topics\".\"order\", \"public\".\"lms_topics\".\"theoryContent\", \"public\".\"lms_topics\".\"videoUrl\", \"public\".\"lms_topics\".\"videoDuration\", \"public\".\"lms_topics\".\"estimatedMinutes\", \"public\".\"lms_topics\".\"resources\", \"public\".\"lms_topics\".\"isActive\", \"public\".\"lms_topics\".\"createdAt\", \"public\".\"lms_topics\".\"updatedAt\" FROM \"public\".\"lms_topics\" WHERE (\"public\".\"lms_topics\".\"isActive\" = $1 AND \"public\".\"lms_topics\".\"moduleId\" IN ($2)) ORDER BY \"public\".\"lms_topics\".\"order\" ASC OFFSET $3","service":"preplyte-api","timestamp":"2026-02-06 09:55:52"}
{"level":"debug","message":"Params: [true,\"cmladu3py0002i0nawtrmw7x2\",0]","service":"preplyte-api","timestamp":"2026-02-06 09:55:52"}
{"level":"debug","message":"Duration: 1ms","service":"preplyte-api","timestamp":"2026-02-06 09:55:52"}
{"level":"debug","message":"Query: SELECT \"public\".\"lms_topic_progress\".\"id\", \"public\".\"lms_topic_progress\".\"userId\", \"public\".\"lms_topic_progress\".\"topicId\", \"public\".\"lms_topic_progress\".\"status\"::text, \"public\".\"lms_topic_progress\".\"theoryCompleted\", \"public\".\"lms_topic_progress\".\"videoWatched\", \"public\".\"lms_topic_progress\".\"videoProgress\", \"public\".\"lms_topic_progress\".\"timeSpentMinutes\", \"public\".\"lms_topic_progress\".\"startedAt\", \"public\".\"lms_topic_progress\".\"completedAt\", \"public\".\"lms_topic_progress\".\"createdAt\", \"public\".\"lms_topic_progress\".\"updatedAt\" FROM \"public\".\"lms_topic_progress\" WHERE ((\"public\".\"lms_topic_progress\".\"userId\" = $1 AND \"public\".\"lms_topic_progress\".\"topicId\" = $2) AND 1=1) LIMIT $3 OFFSET $4","service":"preplyte-api","timestamp":"2026-02-06 09:55:52"}
{"level":"debug","message":"Params: [\"cml92ugqs0007q3oof2k0hw35\",\"cmladu3qh0006i0najb1mzl1d\",1,0]","service":"preplyte-api","timestamp":"2026-02-06 09:55:52"}
{"level":"debug","message":"Duration: 0ms","service":"preplyte-api","timestamp":"2026-02-06 09:55:52"}
{"level":"debug","message":"Query: UPDATE \"public\".\"lms_enrollments\" SET \"lastAccessedAt\" = $1, \"updatedAt\" = $2 WHERE (\"public\".\"lms_enrollments\".\"id\" = $3 AND 1=1) RETURNING \"public\".\"lms_enrollments\".\"id\", \"public\".\"lms_enrollments\".\"userId\", \"public\".\"lms_enrollments\".\"courseId\", \"public\".\"lms_enrollments\".\"status\"::text, \"public\".\"lms_enrollments\".\"completedModules\", \"public\".\"lms_enrollments\".\"completedTopics\", \"public\".\"lms_enrollments\".\"progressPercent\", \"public\".\"lms_enrollments\".\"totalPointsEarned\", \"public\".\"lms_enrollments\".\"moduleTestPointsEarned\", \"public\".\"lms_enrollments\".\"finalTestPointsEarned\", \"public\".\"lms_enrollments\".\"finalTestAttempted\", \"public\".\"lms_enrollments\".\"finalTestPassed\", \"public\".\"lms_enrollments\".\"finalTestScore\", \"public\".\"lms_enrollments\".\"finalTestMarks\", \"public\".\"lms_enrollments\".\"enrolledAt\", \"public\".\"lms_enrollments\".\"startedAt\", \"public\".\"lms_enrollments\".\"completedAt\", \"public\".\"lms_enrollments\".\"lastAccessedAt\", \"public\".\"lms_enrollments\".\"certificateUrl\", \"public\".\"lms_enrollments\".\"certificateIssuedAt\", \"public\".\"lms_enrollments\".\"createdAt\", \"public\".\"lms_enrollments\".\"updatedAt\"","service":"preplyte-api","timestamp":"2026-02-06 09:55:52"}
{"level":"debug","message":"Params: [\"2026-02-06 04:25:52.319 UTC\",\"2026-02-06 04:25:52.325 UTC\",\"cml94d4ej000e136026t1ddly\"]","service":"preplyte-api","timestamp":"2026-02-06 09:55:52"}
{"level":"debug","message":"Duration: 2ms","service":"preplyte-api","timestamp":"2026-02-06 09:55:52"}
{"level":"info","message":"\u001b[0mGET /api/lms/courses/java-fullstack/modules/1/topics/1 \u001b[32m200\u001b[0m 64.510 ms - -\u001b[0m","service":"preplyte-api","timestamp":"2026-02-06 09:55:52"}
{"level":"debug","message":"Query: SELECT 1","service":"preplyte-api","timestamp":"2026-02-06 09:56:19"}
{"level":"debug","message":"Params: []","service":"preplyte-api","timestamp":"2026-02-06 09:56:19"}
{"level":"debug","message":"Duration: 0ms","service":"preplyte-api","timestamp":"2026-02-06 09:56:19"}
{"level":"debug","message":"Query: SELECT \"public\".\"users\".\"id\", \"public\".\"users\".\"email\", \"public\".\"users\".\"role\"::text, \"public\".\"users\".\"instituteId\", \"public\".\"users\".\"isActive\", \"public\".\"users\".\"tokenVersion\" FROM \"public\".\"users\" WHERE (\"public\".\"users\".\"id\" = $1 AND 1=1) LIMIT $2 OFFSET $3","service":"preplyte-api","timestamp":"2026-02-06 09:56:19"}
{"level":"debug","message":"Params: [\"cml92ugqs0007q3oof2k0hw35\",1,0]","service":"preplyte-api","timestamp":"2026-02-06 09:56:19"}
{"level":"debug","message":"Duration: 0ms","service":"preplyte-api","timestamp":"2026-02-06 09:56:19"}
{"level":"debug","message":"Query: SELECT \"public\".\"lms_courses\".\"id\", \"public\".\"lms_courses\".\"title\", \"public\".\"lms_courses\".\"slug\" FROM \"public\".\"lms_courses\" WHERE (\"public\".\"lms_courses\".\"slug\" = $1 AND 1=1) LIMIT $2 OFFSET $3","service":"preplyte-api","timestamp":"2026-02-06 09:56:19"}
{"level":"debug","message":"Params: [\"java-fullstack\",1,0]","service":"preplyte-api","timestamp":"2026-02-06 09:56:19"}
{"level":"debug","message":"Duration: 0ms","service":"preplyte-api","timestamp":"2026-02-06 09:56:19"}
{"level":"debug","message":"Query: SELECT \"public\".\"lms_enrollments\".\"id\", \"public\".\"lms_enrollments\".\"userId\", \"public\".\"lms_enrollments\".\"courseId\", \"public\".\"lms_enrollments\".\"status\"::text, \"public\".\"lms_enrollments\".\"completedModules\", \"public\".\"lms_enrollments\".\"completedTopics\", \"public\".\"lms_enrollments\".\"progressPercent\", \"public\".\"lms_enrollments\".\"totalPointsEarned\", \"public\".\"lms_enrollments\".\"moduleTestPointsEarned\", \"public\".\"lms_enrollments\".\"finalTestPointsEarned\", \"public\".\"lms_enrollments\".\"finalTestAttempted\", \"public\".\"lms_enrollments\".\"finalTestPassed\", \"public\".\"lms_enrollments\".\"finalTestScore\", \"public\".\"lms_enrollments\".\"finalTestMarks\", \"public\".\"lms_enrollments\".\"enrolledAt\", \"public\".\"lms_enrollments\".\"startedAt\", \"public\".\"lms_enrollments\".\"completedAt\", \"public\".\"lms_enrollments\".\"lastAccessedAt\", \"public\".\"lms_enrollments\".\"certificateUrl\", \"public\".\"lms_enrollments\".\"certificateIssuedAt\", \"public\".\"lms_enrollments\".\"createdAt\", \"public\".\"lms_enrollments\".\"updatedAt\" FROM \"public\".\"lms_enrollments\" WHERE ((\"public\".\"lms_enrollments\".\"userId\" = $1 AND \"public\".\"lms_enrollments\".\"courseId\" = $2) AND 1=1) LIMIT $3 OFFSET $4","service":"preplyte-api","timestamp":"2026-02-06 09:56:19"}
{"level":"debug","message":"Params: [\"cml92ugqs0007q3oof2k0hw35\",\"cml94bejx00051360oftmcm9a\",1,0]","service":"preplyte-api","timestamp":"2026-02-06 09:56:19"}
{"level":"debug","message":"Duration: 0ms","service":"preplyte-api","timestamp":"2026-02-06 09:56:19"}
{"level":"debug","message":"Query: SELECT \"public\".\"lms_modules\".\"id\", \"public\".\"lms_modules\".\"courseId\", \"public\".\"lms_modules\".\"title\", \"public\".\"lms_modules\".\"shortDescription\", \"public\".\"lms_modules\".\"description\", \"public\".\"lms_modules\".\"order\", \"public\".\"lms_modules\".\"totalTopics\", \"public\".\"lms_modules\".\"points\", \"public\".\"lms_modules\".\"estimatedMinutes\", \"public\".\"lms_modules\".\"isActive\", \"public\".\"lms_modules\".\"createdAt\", \"public\".\"lms_modules\".\"updatedAt\" FROM \"public\".\"lms_modules\" WHERE (\"public\".\"lms_modules\".\"courseId\" = $1 AND \"public\".\"lms_modules\".\"order\" = $2 AND \"public\".\"lms_modules\".\"isActive\" = $3) LIMIT $4 OFFSET $5","service":"preplyte-api","timestamp":"2026-02-06 09:56:19"}
{"level":"debug","message":"Params: [\"cml94bejx00051360oftmcm9a\",1,true,1,0]","service":"preplyte-api","timestamp":"2026-02-06 09:56:19"}
{"level":"debug","message":"Duration: 0ms","service":"preplyte-api","timestamp":"2026-02-06 09:56:19"}
{"level":"debug","message":"Query: SELECT \"public\".\"lms_topics\".\"id\", \"public\".\"lms_topics\".\"moduleId\", \"public\".\"lms_topics\".\"title\", \"public\".\"lms_topics\".\"description\", \"public\".\"lms_topics\".\"order\", \"public\".\"lms_topics\".\"theoryContent\", \"public\".\"lms_topics\".\"videoUrl\", \"public\".\"lms_topics\".\"videoDuration\", \"public\".\"lms_topics\".\"estimatedMinutes\", \"public\".\"lms_topics\".\"resources\", \"public\".\"lms_topics\".\"isActive\", \"public\".\"lms_topics\".\"createdAt\", \"public\".\"lms_topics\".\"updatedAt\" FROM \"public\".\"lms_topics\" WHERE (\"public\".\"lms_topics\".\"isActive\" = $1 AND \"public\".\"lms_topics\".\"moduleId\" IN ($2)) ORDER BY \"public\".\"lms_topics\".\"order\" ASC OFFSET $3","service":"preplyte-api","timestamp":"2026-02-06 09:56:19"}
{"level":"debug","message":"Params: [true,\"cmladu3py0002i0nawtrmw7x2\",0]","service":"preplyte-api","timestamp":"2026-02-06 09:56:19"}
{"level":"debug","message":"Duration: 0ms","service":"preplyte-api","timestamp":"2026-02-06 09:56:19"}
{"level":"debug","message":"Query: SELECT \"public\".\"lms_module_tests\".\"id\", \"public\".\"lms_module_tests\".\"moduleId\", \"public\".\"lms_module_tests\".\"title\", \"public\".\"lms_module_tests\".\"instructions\", \"public\".\"lms_module_tests\".\"totalQuestions\", \"public\".\"lms_module_tests\".\"passingScore\", \"public\".\"lms_module_tests\".\"timeLimitMinutes\", \"public\".\"lms_module_tests\".\"maxAttempts\", \"public\".\"lms_module_tests\".\"pointsPerQuestion\", \"public\".\"lms_module_tests\".\"totalPoints\", \"public\".\"lms_module_tests\".\"isActive\", \"public\".\"lms_module_tests\".\"createdAt\", \"public\".\"lms_module_tests\".\"updatedAt\" FROM \"public\".\"lms_module_tests\" WHERE \"public\".\"lms_module_tests\".\"moduleId\" IN ($1) OFFSET $2","service":"preplyte-api","timestamp":"2026-02-06 09:56:19"}
{"level":"debug","message":"Params: [\"cmladu3py0002i0nawtrmw7x2\",0]","service":"preplyte-api","timestamp":"2026-02-06 09:56:19"}
{"level":"debug","message":"Duration: 0ms","service":"preplyte-api","timestamp":"2026-02-06 09:56:19"}
{"level":"debug","message":"Query: SELECT \"public\".\"lms_module_progress\".\"id\", \"public\".\"lms_module_progress\".\"userId\", \"public\".\"lms_module_progress\".\"moduleId\", \"public\".\"lms_module_progress\".\"status\"::text, \"public\".\"lms_module_progress\".\"completedTopics\", \"public\".\"lms_module_progress\".\"totalTopics\", \"public\".\"lms_module_progress\".\"progressPercent\", \"public\".\"lms_module_progress\".\"testAttempted\", \"public\".\"lms_module_progress\".\"testPassed\", \"public\".\"lms_module_progress\".\"testScore\", \"public\".\"lms_module_progress\".\"testAttempts\", \"public\".\"lms_module_progress\".\"pointsEarned\", \"public\".\"lms_module_progress\".\"timeSpentMinutes\", \"public\".\"lms_module_progress\".\"startedAt\", \"public\".\"lms_module_progress\".\"completedAt\", \"public\".\"lms_module_progress\".\"createdAt\", \"public\".\"lms_module_progress\".\"updatedAt\" FROM \"public\".\"lms_module_progress\" WHERE ((\"public\".\"lms_module_progress\".\"userId\" = $1 AND \"public\".\"lms_module_progress\".\"moduleId\" = $2) AND 1=1) LIMIT $3 OFFSET $4","service":"preplyte-api","timestamp":"2026-02-06 09:56:19"}
{"level":"debug","message":"Params: [\"cml92ugqs0007q3oof2k0hw35\",\"cmladu3py0002i0nawtrmw7x2\",1,0]","service":"preplyte-api","timestamp":"2026-02-06 09:56:19"}
{"level":"debug","message":"Duration: 1ms","service":"preplyte-api","timestamp":"2026-02-06 09:56:19"}
{"level":"debug","message":"Query: SELECT \"public\".\"lms_topic_progress\".\"id\", \"public\".\"lms_topic_progress\".\"userId\", \"public\".\"lms_topic_progress\".\"topicId\", \"public\".\"lms_topic_progress\".\"status\"::text, \"public\".\"lms_topic_progress\".\"theoryCompleted\", \"public\".\"lms_topic_progress\".\"videoWatched\", \"public\".\"lms_topic_progress\".\"videoProgress\", \"public\".\"lms_topic_progress\".\"timeSpentMinutes\", \"public\".\"lms_topic_progress\".\"startedAt\", \"public\".\"lms_topic_progress\".\"completedAt\", \"public\".\"lms_topic_progress\".\"createdAt\", \"public\".\"lms_topic_progress\".\"updatedAt\" FROM \"public\".\"lms_topic_progress\" WHERE (\"public\".\"lms_topic_progress\".\"userId\" = $1 AND \"public\".\"lms_topic_progress\".\"topicId\" IN ($2)) OFFSET $3","service":"preplyte-api","timestamp":"2026-02-06 09:56:19"}
{"level":"debug","message":"Params: [\"cml92ugqs0007q3oof2k0hw35\",\"cmladu3qh0006i0najb1mzl1d\",0]","service":"preplyte-api","timestamp":"2026-02-06 09:56:19"}
{"level":"debug","message":"Duration: 0ms","service":"preplyte-api","timestamp":"2026-02-06 09:56:19"}
{"level":"info","message":"\u001b[0mGET /api/lms/courses/java-fullstack/modules/1 \u001b[32m200\u001b[0m 40.068 ms - -\u001b[0m","service":"preplyte-api","timestamp":"2026-02-06 09:56:19"}
{"level":"debug","message":"Query: SELECT 1","service":"preplyte-api","timestamp":"2026-02-06 09:56:35"}
{"level":"debug","message":"Params: []","service":"preplyte-api","timestamp":"2026-02-06 09:56:35"}
{"level":"debug","message":"Duration: 0ms","service":"preplyte-api","timestamp":"2026-02-06 09:56:35"}
{"level":"debug","message":"Query: SELECT \"public\".\"users\".\"id\", \"public\".\"users\".\"email\", \"public\".\"users\".\"role\"::text, \"public\".\"users\".\"instituteId\", \"public\".\"users\".\"isActive\", \"public\".\"users\".\"tokenVersion\" FROM \"public\".\"users\" WHERE (\"public\".\"users\".\"id\" = $1 AND 1=1) LIMIT $2 OFFSET $3","service":"preplyte-api","timestamp":"2026-02-06 09:56:35"}
{"level":"debug","message":"Params: [\"cml92r5r50001q3oopvkslp23\",1,0]","service":"preplyte-api","timestamp":"2026-02-06 09:56:35"}
{"level":"debug","message":"Duration: 0ms","service":"preplyte-api","timestamp":"2026-02-06 09:56:35"}
{"level":"debug","message":"Query: SELECT \"public\".\"lms_categories\".\"id\", \"public\".\"lms_categories\".\"name\", \"public\".\"lms_categories\".\"slug\", \"public\".\"lms_categories\".\"description\", \"public\".\"lms_categories\".\"iconUrl\", \"public\".\"lms_categories\".\"order\", \"public\".\"lms_categories\".\"isActive\", \"public\".\"lms_categories\".\"createdAt\", \"public\".\"lms_categories\".\"updatedAt\", COALESCE(\"aggr_selection_0_LmsCourse\".\"_aggr_count_courses\", 0) AS \"_aggr_count_courses\" FROM \"public\".\"lms_categories\" LEFT JOIN (SELECT \"public\".\"lms_courses\".\"categoryId\", COUNT(*) AS \"_aggr_count_courses\" FROM \"public\".\"lms_courses\" WHERE 1=1 GROUP BY \"public\".\"lms_courses\".\"categoryId\") AS \"aggr_selection_0_LmsCourse\" ON (\"public\".\"lms_categories\".\"id\" = \"aggr_selection_0_LmsCourse\".\"categoryId\") WHERE 1=1 ORDER BY \"public\".\"lms_categories\".\"order\" ASC OFFSET $1","service":"preplyte-api","timestamp":"2026-02-06 09:56:35"}
{"level":"debug","message":"Params: [0]","service":"preplyte-api","timestamp":"2026-02-06 09:56:35"}
{"level":"debug","message":"Duration: 1ms","service":"preplyte-api","timestamp":"2026-02-06 09:56:35"}
{"level":"info","message":"\u001b[0mGET /api/admin/lms/categories \u001b[36m304\u001b[0m 11.585 ms - -\u001b[0m","service":"preplyte-api","timestamp":"2026-02-06 09:56:35"}
{"level":"debug","message":"Query: SELECT 1","service":"preplyte-api","timestamp":"2026-02-06 09:56:57"}
{"level":"debug","message":"Params: []","service":"preplyte-api","timestamp":"2026-02-06 09:56:57"}
{"level":"debug","message":"Duration: 0ms","service":"preplyte-api","timestamp":"2026-02-06 09:56:57"}
{"level":"debug","message":"Query: SELECT \"public\".\"users\".\"id\", \"public\".\"users\".\"email\", \"public\".\"users\".\"role\"::text, \"public\".\"users\".\"instituteId\", \"public\".\"users\".\"isActive\", \"public\".\"users\".\"tokenVersion\" FROM \"public\".\"users\" WHERE (\"public\".\"users\".\"id\" = $1 AND 1=1) LIMIT $2 OFFSET $3","service":"preplyte-api","timestamp":"2026-02-06 09:56:57"}
{"level":"debug","message":"Params: [\"cml92r5r50001q3oopvkslp23\",1,0]","service":"preplyte-api","timestamp":"2026-02-06 09:56:57"}
{"level":"debug","message":"Duration: 0ms","service":"preplyte-api","timestamp":"2026-02-06 09:56:57"}
{"level":"debug","message":"Query: SELECT \"public\".\"lms_courses\".\"id\", \"public\".\"lms_courses\".\"categoryId\", \"public\".\"lms_courses\".\"title\", \"public\".\"lms_courses\".\"slug\", \"public\".\"lms_courses\".\"shortDescription\", \"public\".\"lms_courses\".\"description\", \"public\".\"lms_courses\".\"thumbnailUrl\", \"public\".\"lms_courses\".\"previewVideoUrl\", \"public\".\"lms_courses\".\"totalModules\", \"public\".\"lms_courses\".\"totalTopics\", \"public\".\"lms_courses\".\"totalPoints\", \"public\".\"lms_courses\".\"totalHours\", \"public\".\"lms_courses\".\"price\", \"public\".\"lms_courses\".\"discountPrice\", \"public\".\"lms_courses\".\"currency\", \"public\".\"lms_courses\".\"status\"::text, \"public\".\"lms_courses\".\"isActive\", \"public\".\"lms_courses\".\"certificateEnabled\", \"public\".\"lms_courses\".\"passingPercentage\", \"public\".\"lms_courses\".\"tags\", \"public\".\"lms_courses\".\"difficulty\"::text, \"public\".\"lms_courses\".\"instructor\", \"public\".\"lms_courses\".\"language\", \"public\".\"lms_courses\".\"createdAt\", \"public\".\"lms_courses\".\"updatedAt\", \"public\".\"lms_courses\".\"publishedAt\", COALESCE(\"aggr_selection_0_LmsModule\".\"_aggr_count_modules\", 0) AS \"_aggr_count_modules\", COALESCE(\"aggr_selection_1_LmsEnrollment\".\"_aggr_count_enrollments\", 0) AS \"_aggr_count_enrollments\" FROM \"public\".\"lms_courses\" LEFT JOIN (SELECT \"public\".\"lms_modules\".\"courseId\", COUNT(*) AS \"_aggr_count_modules\" FROM \"public\".\"lms_modules\" WHERE 1=1 GROUP BY \"public\".\"lms_modules\".\"courseId\") AS \"aggr_selection_0_LmsModule\" ON (\"public\".\"lms_courses\".\"id\" = \"aggr_selection_0_LmsModule\".\"courseId\") LEFT JOIN (SELECT \"public\".\"lms_enrollments\".\"courseId\", COUNT(*) AS \"_aggr_count_enrollments\" FROM \"public\".\"lms_enrollments\" WHERE 1=1 GROUP BY \"public\".\"lms_enrollments\".\"courseId\") AS \"aggr_selection_1_LmsEnrollment\" ON (\"public\".\"lms_courses\".\"id\" = \"aggr_selection_1_LmsEnrollment\".\"courseId\") WHERE 1=1 ORDER BY \"public\".\"lms_courses\".\"createdAt\" DESC OFFSET $1","service":"preplyte-api","timestamp":"2026-02-06 09:56:57"}
{"level":"debug","message":"Params: [0]","service":"preplyte-api","timestamp":"2026-02-06 09:56:57"}
{"level":"debug","message":"Duration: 2ms","service":"preplyte-api","timestamp":"2026-02-06 09:56:57"}
{"level":"debug","message":"Query: SELECT \"public\".\"lms_categories\".\"id\", \"public\".\"lms_categories\".\"name\", \"public\".\"lms_categories\".\"slug\", \"public\".\"lms_categories\".\"description\", \"public\".\"lms_categories\".\"iconUrl\", \"public\".\"lms_categories\".\"order\", \"public\".\"lms_categories\".\"isActive\", \"public\".\"lms_categories\".\"createdAt\", \"public\".\"lms_categories\".\"updatedAt\" FROM \"public\".\"lms_categories\" WHERE \"public\".\"lms_categories\".\"id\" IN ($1) OFFSET $2","service":"preplyte-api","timestamp":"2026-02-06 09:56:57"}
{"level":"debug","message":"Params: [\"cml92k1i3000017d0bq70mkrl\",0]","service":"preplyte-api","timestamp":"2026-02-06 09:56:57"}
{"level":"debug","message":"Duration: 0ms","service":"preplyte-api","timestamp":"2026-02-06 09:56:57"}
{"level":"info","message":"\u001b[0mGET /api/admin/lms/courses?page=1&limit=10&search= \u001b[36m304\u001b[0m 18.935 ms - -\u001b[0m","service":"preplyte-api","timestamp":"2026-02-06 09:56:57"}
{"level":"debug","message":"Query: SELECT \"public\".\"users\".\"id\", \"public\".\"users\".\"email\", \"public\".\"users\".\"role\"::text, \"public\".\"users\".\"instituteId\", \"public\".\"users\".\"isActive\", \"public\".\"users\".\"tokenVersion\" FROM \"public\".\"users\" WHERE (\"public\".\"users\".\"id\" = $1 AND 1=1) LIMIT $2 OFFSET $3","service":"preplyte-api","timestamp":"2026-02-06 09:57:03"}
{"level":"debug","message":"Params: [\"cml92r5r50001q3oopvkslp23\",1,0]","service":"preplyte-api","timestamp":"2026-02-06 09:57:03"}
{"level":"debug","message":"Duration: 0ms","service":"preplyte-api","timestamp":"2026-02-06 09:57:03"}
{"level":"debug","message":"Query: SELECT \"public\".\"lms_courses\".\"id\", \"public\".\"lms_courses\".\"categoryId\", \"public\".\"lms_courses\".\"title\", \"public\".\"lms_courses\".\"slug\", \"public\".\"lms_courses\".\"shortDescription\", \"public\".\"lms_courses\".\"description\", \"public\".\"lms_courses\".\"thumbnailUrl\", \"public\".\"lms_courses\".\"previewVideoUrl\", \"public\".\"lms_courses\".\"totalModules\", \"public\".\"lms_courses\".\"totalTopics\", \"public\".\"lms_courses\".\"totalPoints\", \"public\".\"lms_courses\".\"totalHours\", \"public\".\"lms_courses\".\"price\", \"public\".\"lms_courses\".\"discountPrice\", \"public\".\"lms_courses\".\"currency\", \"public\".\"lms_courses\".\"status\"::text, \"public\".\"lms_courses\".\"isActive\", \"public\".\"lms_courses\".\"certificateEnabled\", \"public\".\"lms_courses\".\"passingPercentage\", \"public\".\"lms_courses\".\"tags\", \"public\".\"lms_courses\".\"difficulty\"::text, \"public\".\"lms_courses\".\"instructor\", \"public\".\"lms_courses\".\"language\", \"public\".\"lms_courses\".\"createdAt\", \"public\".\"lms_courses\".\"updatedAt\", \"public\".\"lms_courses\".\"publishedAt\", COALESCE(\"aggr_selection_0_LmsEnrollment\".\"_aggr_count_enrollments\", 0) AS \"_aggr_count_enrollments\" FROM \"public\".\"lms_courses\" LEFT JOIN (SELECT \"public\".\"lms_enrollments\".\"courseId\", COUNT(*) AS \"_aggr_count_enrollments\" FROM \"public\".\"lms_enrollments\" WHERE 1=1 GROUP BY \"public\".\"lms_enrollments\".\"courseId\") AS \"aggr_selection_0_LmsEnrollment\" ON (\"public\".\"lms_courses\".\"id\" = \"aggr_selection_0_LmsEnrollment\".\"courseId\") WHERE (\"public\".\"lms_courses\".\"id\" = $1 AND 1=1) LIMIT $2 OFFSET $3","service":"preplyte-api","timestamp":"2026-02-06 09:57:03"}
{"level":"debug","message":"Params: [\"cml94bejx00051360oftmcm9a\",1,0]","service":"preplyte-api","timestamp":"2026-02-06 09:57:03"}
{"level":"debug","message":"Duration: 1ms","service":"preplyte-api","timestamp":"2026-02-06 09:57:03"}
{"level":"debug","message":"Query: SELECT \"public\".\"lms_categories\".\"id\", \"public\".\"lms_categories\".\"name\", \"public\".\"lms_categories\".\"slug\", \"public\".\"lms_categories\".\"description\", \"public\".\"lms_categories\".\"iconUrl\", \"public\".\"lms_categories\".\"order\", \"public\".\"lms_categories\".\"isActive\", \"public\".\"lms_categories\".\"createdAt\", \"public\".\"lms_categories\".\"updatedAt\" FROM \"public\".\"lms_categories\" WHERE \"public\".\"lms_categories\".\"id\" IN ($1) OFFSET $2","service":"preplyte-api","timestamp":"2026-02-06 09:57:03"}
{"level":"debug","message":"Params: [\"cml92k1i3000017d0bq70mkrl\",0]","service":"preplyte-api","timestamp":"2026-02-06 09:57:03"}
{"level":"debug","message":"Duration: 0ms","service":"preplyte-api","timestamp":"2026-02-06 09:57:03"}
{"level":"debug","message":"Query: SELECT \"public\".\"lms_modules\".\"id\", \"public\".\"lms_modules\".\"courseId\", \"public\".\"lms_modules\".\"title\", \"public\".\"lms_modules\".\"shortDescription\", \"public\".\"lms_modules\".\"description\", \"public\".\"lms_modules\".\"order\", \"public\".\"lms_modules\".\"totalTopics\", \"public\".\"lms_modules\".\"points\", \"public\".\"lms_modules\".\"estimatedMinutes\", \"public\".\"lms_modules\".\"isActive\", \"public\".\"lms_modules\".\"createdAt\", \"public\".\"lms_modules\".\"updatedAt\" FROM \"public\".\"lms_modules\" WHERE \"public\".\"lms_modules\".\"courseId\" IN ($1) ORDER BY \"public\".\"lms_modules\".\"order\" ASC OFFSET $2","service":"preplyte-api","timestamp":"2026-02-06 09:57:03"}
{"level":"debug","message":"Params: [\"cml94bejx00051360oftmcm9a\",0]","service":"preplyte-api","timestamp":"2026-02-06 09:57:03"}
{"level":"debug","message":"Duration: 0ms","service":"preplyte-api","timestamp":"2026-02-06 09:57:03"}
{"level":"debug","message":"Query: SELECT \"public\".\"lms_topics\".\"id\", \"public\".\"lms_topics\".\"moduleId\", \"public\".\"lms_topics\".\"title\", \"public\".\"lms_topics\".\"description\", \"public\".\"lms_topics\".\"order\", \"public\".\"lms_topics\".\"theoryContent\", \"public\".\"lms_topics\".\"videoUrl\", \"public\".\"lms_topics\".\"videoDuration\", \"public\".\"lms_topics\".\"estimatedMinutes\", \"public\".\"lms_topics\".\"resources\", \"public\".\"lms_topics\".\"isActive\", \"public\".\"lms_topics\".\"createdAt\", \"public\".\"lms_topics\".\"updatedAt\" FROM \"public\".\"lms_topics\" WHERE \"public\".\"lms_topics\".\"moduleId\" IN ($1) ORDER BY \"public\".\"lms_topics\".\"order\" ASC OFFSET $2","service":"preplyte-api","timestamp":"2026-02-06 09:57:03"}
{"level":"debug","message":"Params: [\"cmladu3py0002i0nawtrmw7x2\",0]","service":"preplyte-api","timestamp":"2026-02-06 09:57:03"}
{"level":"debug","message":"Duration: 0ms","service":"preplyte-api","timestamp":"2026-02-06 09:57:03"}
{"level":"debug","message":"Query: SELECT \"public\".\"lms_module_tests\".\"id\", \"public\".\"lms_module_tests\".\"moduleId\", \"public\".\"lms_module_tests\".\"title\", \"public\".\"lms_module_tests\".\"instructions\", \"public\".\"lms_module_tests\".\"totalQuestions\", \"public\".\"lms_module_tests\".\"passingScore\", \"public\".\"lms_module_tests\".\"timeLimitMinutes\", \"public\".\"lms_module_tests\".\"maxAttempts\", \"public\".\"lms_module_tests\".\"pointsPerQuestion\", \"public\".\"lms_module_tests\".\"totalPoints\", \"public\".\"lms_module_tests\".\"isActive\", \"public\".\"lms_module_tests\".\"createdAt\", \"public\".\"lms_module_tests\".\"updatedAt\" FROM \"public\".\"lms_module_tests\" WHERE \"public\".\"lms_module_tests\".\"moduleId\" IN ($1) OFFSET $2","service":"preplyte-api","timestamp":"2026-02-06 09:57:03"}
{"level":"debug","message":"Params: [\"cmladu3py0002i0nawtrmw7x2\",0]","service":"preplyte-api","timestamp":"2026-02-06 09:57:03"}
{"level":"debug","message":"Duration: 0ms","service":"preplyte-api","timestamp":"2026-02-06 09:57:03"}
{"level":"debug","message":"Query: SELECT \"public\".\"lms_final_tests\".\"id\", \"public\".\"lms_final_tests\".\"courseId\", \"public\".\"lms_final_tests\".\"title\", \"public\".\"lms_final_tests\".\"instructions\", \"public\".\"lms_final_tests\".\"totalQuestions\", \"public\".\"lms_final_tests\".\"passingScore\", \"public\".\"lms_final_tests\".\"timeLimitMinutes\", \"public\".\"lms_final_tests\".\"pointsPerQuestion\", \"public\".\"lms_final_tests\".\"totalPoints\", \"public\".\"lms_final_tests\".\"maxAttempts\", \"public\".\"lms_final_tests\".\"isActive\", \"public\".\"lms_final_tests\".\"createdAt\", \"public\".\"lms_final_tests\".\"updatedAt\" FROM \"public\".\"lms_final_tests\" WHERE \"public\".\"lms_final_tests\".\"courseId\" IN ($1) OFFSET $2","service":"preplyte-api","timestamp":"2026-02-06 09:57:03"}
{"level":"debug","message":"Params: [\"cml94bejx00051360oftmcm9a\",0]","service":"preplyte-api","timestamp":"2026-02-06 09:57:03"}
{"level":"debug","message":"Duration: 0ms","service":"preplyte-api","timestamp":"2026-02-06 09:57:03"}
{"level":"info","message":"\u001b[0mGET /api/admin/lms/courses/cml94bejx00051360oftmcm9a \u001b[36m304\u001b[0m 22.851 ms - -\u001b[0m","service":"preplyte-api","timestamp":"2026-02-06 09:57:03"}
{"level":"debug","message":"Query: SELECT \"public\".\"users\".\"id\", \"public\".\"users\".\"email\", \"public\".\"users\".\"role\"::text, \"public\".\"users\".\"instituteId\", \"public\".\"users\".\"isActive\", \"public\".\"users\".\"tokenVersion\" FROM \"public\".\"users\" WHERE (\"public\".\"users\".\"id\" = $1 AND 1=1) LIMIT $2 OFFSET $3","service":"preplyte-api","timestamp":"2026-02-06 09:57:05"}
{"level":"debug","message":"Params: [\"cml92r5r50001q3oopvkslp23\",1,0]","service":"preplyte-api","timestamp":"2026-02-06 09:57:05"}
{"level":"debug","message":"Duration: 0ms","service":"preplyte-api","timestamp":"2026-02-06 09:57:05"}
{"level":"debug","message":"Query: SELECT \"public\".\"lms_courses\".\"id\", \"public\".\"lms_courses\".\"categoryId\", \"public\".\"lms_courses\".\"title\", \"public\".\"lms_courses\".\"slug\", \"public\".\"lms_courses\".\"shortDescription\", \"public\".\"lms_courses\".\"description\", \"public\".\"lms_courses\".\"thumbnailUrl\", \"public\".\"lms_courses\".\"previewVideoUrl\", \"public\".\"lms_courses\".\"totalModules\", \"public\".\"lms_courses\".\"totalTopics\", \"public\".\"lms_courses\".\"totalPoints\", \"public\".\"lms_courses\".\"totalHours\", \"public\".\"lms_courses\".\"price\", \"public\".\"lms_courses\".\"discountPrice\", \"public\".\"lms_courses\".\"currency\", \"public\".\"lms_courses\".\"status\"::text, \"public\".\"lms_courses\".\"isActive\", \"public\".\"lms_courses\".\"certificateEnabled\", \"public\".\"lms_courses\".\"passingPercentage\", \"public\".\"lms_courses\".\"tags\", \"public\".\"lms_courses\".\"difficulty\"::text, \"public\".\"lms_courses\".\"instructor\", \"public\".\"lms_courses\".\"language\", \"public\".\"lms_courses\".\"createdAt\", \"public\".\"lms_courses\".\"updatedAt\", \"public\".\"lms_courses\".\"publishedAt\", COALESCE(\"aggr_selection_0_LmsEnrollment\".\"_aggr_count_enrollments\", 0) AS \"_aggr_count_enrollments\" FROM \"public\".\"lms_courses\" LEFT JOIN (SELECT \"public\".\"lms_enrollments\".\"courseId\", COUNT(*) AS \"_aggr_count_enrollments\" FROM \"public\".\"lms_enrollments\" WHERE 1=1 GROUP BY \"public\".\"lms_enrollments\".\"courseId\") AS \"aggr_selection_0_LmsEnrollment\" ON (\"public\".\"lms_courses\".\"id\" = \"aggr_selection_0_LmsEnrollment\".\"courseId\") WHERE (\"public\".\"lms_courses\".\"id\" = $1 AND 1=1) LIMIT $2 OFFSET $3","service":"preplyte-api","timestamp":"2026-02-06 09:57:05"}
{"level":"debug","message":"Params: [\"cml93bbti0001h2p0y0h24vng\",1,0]","service":"preplyte-api","timestamp":"2026-02-06 09:57:05"}
{"level":"debug","message":"Duration: 1ms","service":"preplyte-api","timestamp":"2026-02-06 09:57:05"}
{"level":"debug","message":"Query: SELECT \"public\".\"lms_categories\".\"id\", \"public\".\"lms_categories\".\"name\", \"public\".\"lms_categories\".\"slug\", \"public\".\"lms_categories\".\"description\", \"public\".\"lms_categories\".\"iconUrl\", \"public\".\"lms_categories\".\"order\", \"public\".\"lms_categories\".\"isActive\", \"public\".\"lms_categories\".\"createdAt\", \"public\".\"lms_categories\".\"updatedAt\" FROM \"public\".\"lms_categories\" WHERE \"public\".\"lms_categories\".\"id\" IN ($1) OFFSET $2","service":"preplyte-api","timestamp":"2026-02-06 09:57:05"}
{"level":"debug","message":"Params: [\"cml92k1i3000017d0bq70mkrl\",0]","service":"preplyte-api","timestamp":"2026-02-06 09:57:05"}
{"level":"debug","message":"Duration: 0ms","service":"preplyte-api","timestamp":"2026-02-06 09:57:05"}
{"level":"debug","message":"Query: SELECT \"public\".\"lms_modules\".\"id\", \"public\".\"lms_modules\".\"courseId\", \"public\".\"lms_modules\".\"title\", \"public\".\"lms_modules\".\"shortDescription\", \"public\".\"lms_modules\".\"description\", \"public\".\"lms_modules\".\"order\", \"public\".\"lms_modules\".\"totalTopics\", \"public\".\"lms_modules\".\"points\", \"public\".\"lms_modules\".\"estimatedMinutes\", \"public\".\"lms_modules\".\"isActive\", \"public\".\"lms_modules\".\"createdAt\", \"public\".\"lms_modules\".\"updatedAt\" FROM \"public\".\"lms_modules\" WHERE \"public\".\"lms_modules\".\"courseId\" IN ($1) ORDER BY \"public\".\"lms_modules\".\"order\" ASC OFFSET $2","service":"preplyte-api","timestamp":"2026-02-06 09:57:05"}
{"level":"debug","message":"Params: [\"cml93bbti0001h2p0y0h24vng\",0]","service":"preplyte-api","timestamp":"2026-02-06 09:57:05"}
{"level":"debug","message":"Duration: 0ms","service":"preplyte-api","timestamp":"2026-02-06 09:57:05"}
{"level":"debug","message":"Query: SELECT \"public\".\"lms_final_tests\".\"id\", \"public\".\"lms_final_tests\".\"courseId\", \"public\".\"lms_final_tests\".\"title\", \"public\".\"lms_final_tests\".\"instructions\", \"public\".\"lms_final_tests\".\"totalQuestions\", \"public\".\"lms_final_tests\".\"passingScore\", \"public\".\"lms_final_tests\".\"timeLimitMinutes\", \"public\".\"lms_final_tests\".\"pointsPerQuestion\", \"public\".\"lms_final_tests\".\"totalPoints\", \"public\".\"lms_final_tests\".\"maxAttempts\", \"public\".\"lms_final_tests\".\"isActive\", \"public\".\"lms_final_tests\".\"createdAt\", \"public\".\"lms_final_tests\".\"updatedAt\" FROM \"public\".\"lms_final_tests\" WHERE \"public\".\"lms_final_tests\".\"courseId\" IN ($1) OFFSET $2","service":"preplyte-api","timestamp":"2026-02-06 09:57:05"}
{"level":"debug","message":"Params: [\"cml93bbti0001h2p0y0h24vng\",0]","service":"preplyte-api","timestamp":"2026-02-06 09:57:05"}
{"level":"debug","message":"Duration: 0ms","service":"preplyte-api","timestamp":"2026-02-06 09:57:05"}
{"level":"info","message":"\u001b[0mGET /api/admin/lms/courses/cml93bbti0001h2p0y0h24vng \u001b[32m200\u001b[0m 20.058 ms - -\u001b[0m","service":"preplyte-api","timestamp":"2026-02-06 09:57:05"}
{"level":"debug","message":"Query: SELECT 1","service":"preplyte-api","timestamp":"2026-02-06 09:57:16"}
{"level":"debug","message":"Params: []","service":"preplyte-api","timestamp":"2026-02-06 09:57:16"}
{"level":"debug","message":"Duration: 0ms","service":"preplyte-api","timestamp":"2026-02-06 09:57:16"}
{"level":"debug","message":"Query: SELECT \"public\".\"users\".\"id\", \"public\".\"users\".\"email\", \"public\".\"users\".\"role\"::text, \"public\".\"users\".\"instituteId\", \"public\".\"users\".\"isActive\", \"public\".\"users\".\"tokenVersion\" FROM \"public\".\"users\" WHERE (\"public\".\"users\".\"id\" = $1 AND 1=1) LIMIT $2 OFFSET $3","service":"preplyte-api","timestamp":"2026-02-06 09:57:16"}
{"level":"debug","message":"Params: [\"cml92r5r50001q3oopvkslp23\",1,0]","service":"preplyte-api","timestamp":"2026-02-06 09:57:16"}
{"level":"debug","message":"Duration: 0ms","service":"preplyte-api","timestamp":"2026-02-06 09:57:16"}
{"level":"debug","message":"Query: SELECT COUNT(*) FROM (SELECT \"public\".\"lms_courses\".\"id\" FROM \"public\".\"lms_courses\" WHERE 1=1 OFFSET $1) AS \"sub\"","service":"preplyte-api","timestamp":"2026-02-06 09:57:16"}
{"level":"debug","message":"Params: [0]","service":"preplyte-api","timestamp":"2026-02-06 09:57:16"}
{"level":"debug","message":"Duration: 2ms","service":"preplyte-api","timestamp":"2026-02-06 09:57:16"}
{"level":"debug","message":"Query: SELECT COUNT(*) FROM (SELECT \"public\".\"lms_enrollments\".\"id\" FROM \"public\".\"lms_enrollments\" WHERE 1=1 OFFSET $1) AS \"sub\"","service":"preplyte-api","timestamp":"2026-02-06 09:57:16"}
{"level":"debug","message":"Params: [0]","service":"preplyte-api","timestamp":"2026-02-06 09:57:16"}
{"level":"debug","message":"Duration: 2ms","service":"preplyte-api","timestamp":"2026-02-06 09:57:16"}
{"level":"debug","message":"Query: SELECT COUNT(*) FROM (SELECT \"public\".\"lms_categories\".\"id\" FROM \"public\".\"lms_categories\" WHERE 1=1 OFFSET $1) AS \"sub\"","service":"preplyte-api","timestamp":"2026-02-06 09:57:16"}
{"level":"debug","message":"Params: [0]","service":"preplyte-api","timestamp":"2026-02-06 09:57:16"}
{"level":"debug","message":"Duration: 2ms","service":"preplyte-api","timestamp":"2026-02-06 09:57:16"}
{"level":"debug","message":"Query: SELECT COUNT(*) FROM (SELECT \"public\".\"lms_modules\".\"id\" FROM \"public\".\"lms_modules\" WHERE 1=1 OFFSET $1) AS \"sub\"","service":"preplyte-api","timestamp":"2026-02-06 09:57:16"}
{"level":"debug","message":"Params: [0]","service":"preplyte-api","timestamp":"2026-02-06 09:57:16"}
{"level":"debug","message":"Duration: 2ms","service":"preplyte-api","timestamp":"2026-02-06 09:57:16"}
{"level":"debug","message":"Query: SELECT COUNT(*) FROM (SELECT \"public\".\"lms_topics\".\"id\" FROM \"public\".\"lms_topics\" WHERE 1=1 OFFSET $1) AS \"sub\"","service":"preplyte-api","timestamp":"2026-02-06 09:57:16"}
{"level":"debug","message":"Params: [0]","service":"preplyte-api","timestamp":"2026-02-06 09:57:16"}
{"level":"debug","message":"Duration: 2ms","service":"preplyte-api","timestamp":"2026-02-06 09:57:16"}
{"level":"debug","message":"Query: SELECT COUNT(*) FROM (SELECT \"public\".\"lms_enrollments\".\"id\" FROM \"public\".\"lms_enrollments\" WHERE \"public\".\"lms_enrollments\".\"status\" = CAST($1::text AS \"public\".\"LmsEnrollmentStatus\") OFFSET $2) AS \"sub\"","service":"preplyte-api","timestamp":"2026-02-06 09:57:16"}
{"level":"debug","message":"Params: [\"COMPLETED\",0]","service":"preplyte-api","timestamp":"2026-02-06 09:57:16"}
{"level":"debug","message":"Duration: 13ms","service":"preplyte-api","timestamp":"2026-02-06 09:57:16"}
{"level":"debug","message":"Query: SELECT AVG(\"progressPercent\") FROM (SELECT \"public\".\"lms_enrollments\".\"progressPercent\" FROM \"public\".\"lms_enrollments\" WHERE 1=1 OFFSET $1) AS \"sub\"","service":"preplyte-api","timestamp":"2026-02-06 09:57:16"}
{"level":"debug","message":"Params: [0]","service":"preplyte-api","timestamp":"2026-02-06 09:57:16"}
{"level":"debug","message":"Duration: 6ms","service":"preplyte-api","timestamp":"2026-02-06 09:57:16"}
{"level":"debug","message":"Query: SELECT COUNT(*) FROM (SELECT \"public\".\"lms_courses\".\"id\" FROM \"public\".\"lms_courses\" WHERE \"public\".\"lms_courses\".\"status\" = CAST($1::text AS \"public\".\"LmsCourseStatus\") OFFSET $2) AS \"sub\"","service":"preplyte-api","timestamp":"2026-02-06 09:57:16"}
{"level":"debug","message":"Params: [\"PUBLISHED\",0]","service":"preplyte-api","timestamp":"2026-02-06 09:57:16"}
{"level":"debug","message":"Duration: 7ms","service":"preplyte-api","timestamp":"2026-02-06 09:57:16"}
{"level":"debug","message":"Query: SELECT \"public\".\"lms_courses\".\"id\", \"public\".\"lms_courses\".\"price\", \"public\".\"lms_courses\".\"discountPrice\", COALESCE(\"aggr_selection_0_LmsEnrollment\".\"_aggr_count_enrollments\", 0) AS \"_aggr_count_enrollments\" FROM \"public\".\"lms_courses\" LEFT JOIN (SELECT \"public\".\"lms_enrollments\".\"courseId\", COUNT(*) AS \"_aggr_count_enrollments\" FROM \"public\".\"lms_enrollments\" WHERE 1=1 GROUP BY \"public\".\"lms_enrollments\".\"courseId\") AS \"aggr_selection_0_LmsEnrollment\" ON (\"public\".\"lms_courses\".\"id\" = \"aggr_selection_0_LmsEnrollment\".\"courseId\") WHERE \"public\".\"lms_courses\".\"price\" > $1 OFFSET $2","service":"preplyte-api","timestamp":"2026-02-06 09:57:16"}
{"level":"debug","message":"Params: [0,0]","service":"preplyte-api","timestamp":"2026-02-06 09:57:16"}
{"level":"debug","message":"Duration: 12ms","service":"preplyte-api","timestamp":"2026-02-06 09:57:16"}
{"level":"debug","message":"Query: SELECT \"public\".\"lms_enrollments\".\"id\", \"public\".\"lms_enrollments\".\"enrolledAt\" FROM \"public\".\"lms_enrollments\" WHERE \"public\".\"lms_enrollments\".\"enrolledAt\" >= $1 ORDER BY \"public\".\"lms_enrollments\".\"id\" ASC LIMIT $2 OFFSET $3","service":"preplyte-api","timestamp":"2026-02-06 09:57:16"}
{"level":"debug","message":"Params: [\"2026-01-07 04:27:16.716 UTC\",1000,0]","service":"preplyte-api","timestamp":"2026-02-06 09:57:16"}
{"level":"debug","message":"Duration: 1ms","service":"preplyte-api","timestamp":"2026-02-06 09:57:16"}
{"level":"debug","message":"Query: SELECT \"public\".\"lms_categories\".\"id\", \"public\".\"lms_categories\".\"name\", \"public\".\"lms_categories\".\"slug\", \"public\".\"lms_categories\".\"description\", \"public\".\"lms_categories\".\"iconUrl\", \"public\".\"lms_categories\".\"order\", \"public\".\"lms_categories\".\"isActive\", \"public\".\"lms_categories\".\"createdAt\", \"public\".\"lms_categories\".\"updatedAt\" FROM \"public\".\"lms_categories\" WHERE 1=1 OFFSET $1","service":"preplyte-api","timestamp":"2026-02-06 09:57:16"}
{"level":"debug","message":"Params: [0]","service":"preplyte-api","timestamp":"2026-02-06 09:57:16"}
{"level":"debug","message":"Duration: 8ms","service":"preplyte-api","timestamp":"2026-02-06 09:57:16"}
{"level":"debug","message":"Query: SELECT \"public\".\"lms_courses\".\"id\", \"public\".\"lms_courses\".\"title\", \"public\".\"lms_courses\".\"price\", \"public\".\"lms_courses\".\"discountPrice\", COALESCE(\"aggr_selection_0_LmsEnrollment\".\"_aggr_count_enrollments\", 0) AS \"_aggr_count_enrollments\" FROM \"public\".\"lms_courses\" LEFT JOIN (SELECT \"public\".\"lms_enrollments\".\"courseId\", COUNT(*) AS \"orderby_aggregator\" FROM \"public\".\"lms_enrollments\" WHERE 1=1 GROUP BY \"public\".\"lms_enrollments\".\"courseId\") AS \"orderby_1_LmsEnrollment\" ON (\"public\".\"lms_courses\".\"id\" = \"orderby_1_LmsEnrollment\".\"courseId\") LEFT JOIN (SELECT \"public\".\"lms_enrollments\".\"courseId\", COUNT(*) AS \"_aggr_count_enrollments\" FROM \"public\".\"lms_enrollments\" WHERE 1=1 GROUP BY \"public\".\"lms_enrollments\".\"courseId\") AS \"aggr_selection_0_LmsEnrollment\" ON (\"public\".\"lms_courses\".\"id\" = \"aggr_selection_0_LmsEnrollment\".\"courseId\") WHERE 1=1 ORDER BY COALESCE(\"orderby_1_LmsEnrollment\".\"orderby_aggregator\", $1) DESC LIMIT $2 OFFSET $3","service":"preplyte-api","timestamp":"2026-02-06 09:57:16"}
{"level":"debug","message":"Params: [0,5,0]","service":"preplyte-api","timestamp":"2026-02-06 09:57:16"}
{"level":"debug","message":"Duration: 12ms","service":"preplyte-api","timestamp":"2026-02-06 09:57:16"}
{"level":"debug","message":"Query: SELECT \"public\".\"lms_courses\".\"id\", \"public\".\"lms_courses\".\"categoryId\", COALESCE(\"aggr_selection_0_LmsEnrollment\".\"_aggr_count_enrollments\", 0) AS \"_aggr_count_enrollments\" FROM \"public\".\"lms_courses\" LEFT JOIN (SELECT \"public\".\"lms_enrollments\".\"courseId\", COUNT(*) AS \"_aggr_count_enrollments\" FROM \"public\".\"lms_enrollments\" WHERE 1=1 GROUP BY \"public\".\"lms_enrollments\".\"courseId\") AS \"aggr_selection_0_LmsEnrollment\" ON (\"public\".\"lms_courses\".\"id\" = \"aggr_selection_0_LmsEnrollment\".\"courseId\") WHERE \"public\".\"lms_courses\".\"categoryId\" IN ($1,$2,$3) OFFSET $4","service":"preplyte-api","timestamp":"2026-02-06 09:57:16"}
{"level":"debug","message":"Params: [\"cml92k1i3000017d0bq70mkrl\",\"cml92k1jr000117d0cg73jwlc\",\"cml92k1jt000217d0r4tfrsnl\",0]","service":"preplyte-api","timestamp":"2026-02-06 09:57:16"}
{"level":"debug","message":"Duration: 7ms","service":"preplyte-api","timestamp":"2026-02-06 09:57:16"}
{"level":"debug","message":"Query: SELECT AVG(\"public\".\"lms_enrollments\".\"progressPercent\"), \"public\".\"lms_enrollments\".\"courseId\" FROM \"public\".\"lms_enrollments\" WHERE \"public\".\"lms_enrollments\".\"courseId\" IN ($1,$2,$3) GROUP BY \"public\".\"lms_enrollments\".\"courseId\" OFFSET $4","service":"preplyte-api","timestamp":"2026-02-06 09:57:16"}
{"level":"debug","message":"Params: [\"cml94bejx00051360oftmcm9a\",\"cml92k1k4000417d09rzlrf37\",\"cml93bbti0001h2p0y0h24vng\",0]","service":"preplyte-api","timestamp":"2026-02-06 09:57:16"}
{"level":"debug","message":"Duration: 1ms","service":"preplyte-api","timestamp":"2026-02-06 09:57:16"}
{"level":"info","message":"\u001b[0mGET /api/admin/lms/analytics/overview \u001b[32m200\u001b[0m 221.124 ms - -\u001b[0m","service":"preplyte-api","timestamp":"2026-02-06 09:57:16"}
{"level":"debug","message":"Query: SELECT 1","service":"preplyte-api","timestamp":"2026-02-06 09:57:35"}
{"level":"debug","message":"Params: []","service":"preplyte-api","timestamp":"2026-02-06 09:57:35"}
{"level":"debug","message":"Duration: 0ms","service":"preplyte-api","timestamp":"2026-02-06 09:57:35"}
{"level":"debug","message":"Query: SELECT 1","service":"preplyte-api","timestamp":"2026-02-06 09:57:35"}
{"level":"debug","message":"Params: []","service":"preplyte-api","timestamp":"2026-02-06 09:57:35"}
{"level":"debug","message":"Duration: 0ms","service":"preplyte-api","timestamp":"2026-02-06 09:57:35"}
{"level":"debug","message":"Query: SELECT \"public\".\"users\".\"id\", \"public\".\"users\".\"email\", \"public\".\"users\".\"role\"::text, \"public\".\"users\".\"instituteId\", \"public\".\"users\".\"isActive\", \"public\".\"users\".\"tokenVersion\" FROM \"public\".\"users\" WHERE (\"public\".\"users\".\"id\" = $1 AND 1=1) LIMIT $2 OFFSET $3","service":"preplyte-api","timestamp":"2026-02-06 09:57:35"}
{"level":"debug","message":"Params: [\"cml92r5r50001q3oopvkslp23\",1,0]","service":"preplyte-api","timestamp":"2026-02-06 09:57:35"}
{"level":"debug","message":"Duration: 6ms","service":"preplyte-api","timestamp":"2026-02-06 09:57:35"}
{"level":"debug","message":"Query: SELECT \"public\".\"users\".\"id\", \"public\".\"users\".\"email\", \"public\".\"users\".\"role\"::text, \"public\".\"users\".\"instituteId\", \"public\".\"users\".\"isActive\", \"public\".\"users\".\"tokenVersion\" FROM \"public\".\"users\" WHERE (\"public\".\"users\".\"id\" = $1 AND 1=1) LIMIT $2 OFFSET $3","service":"preplyte-api","timestamp":"2026-02-06 09:57:35"}
{"level":"debug","message":"Params: [\"cml92r5r50001q3oopvkslp23\",1,0]","service":"preplyte-api","timestamp":"2026-02-06 09:57:35"}
{"level":"debug","message":"Duration: 6ms","service":"preplyte-api","timestamp":"2026-02-06 09:57:35"}
{"level":"debug","message":"Query: SELECT \"public\".\"lms_courses\".\"id\", \"public\".\"lms_courses\".\"categoryId\", \"public\".\"lms_courses\".\"title\", \"public\".\"lms_courses\".\"slug\", \"public\".\"lms_courses\".\"shortDescription\", \"public\".\"lms_courses\".\"description\", \"public\".\"lms_courses\".\"thumbnailUrl\", \"public\".\"lms_courses\".\"previewVideoUrl\", \"public\".\"lms_courses\".\"totalModules\", \"public\".\"lms_courses\".\"totalTopics\", \"public\".\"lms_courses\".\"totalPoints\", \"public\".\"lms_courses\".\"totalHours\", \"public\".\"lms_courses\".\"price\", \"public\".\"lms_courses\".\"discountPrice\", \"public\".\"lms_courses\".\"currency\", \"public\".\"lms_courses\".\"status\"::text, \"public\".\"lms_courses\".\"isActive\", \"public\".\"lms_courses\".\"certificateEnabled\", \"public\".\"lms_courses\".\"passingPercentage\", \"public\".\"lms_courses\".\"tags\", \"public\".\"lms_courses\".\"difficulty\"::text, \"public\".\"lms_courses\".\"instructor\", \"public\".\"lms_courses\".\"language\", \"public\".\"lms_courses\".\"createdAt\", \"public\".\"lms_courses\".\"updatedAt\", \"public\".\"lms_courses\".\"publishedAt\", COALESCE(\"aggr_selection_0_LmsEnrollment\".\"_aggr_count_enrollments\", 0) AS \"_aggr_count_enrollments\" FROM \"public\".\"lms_courses\" LEFT JOIN (SELECT \"public\".\"lms_enrollments\".\"courseId\", COUNT(*) AS \"_aggr_count_enrollments\" FROM \"public\".\"lms_enrollments\" WHERE 1=1 GROUP BY \"public\".\"lms_enrollments\".\"courseId\") AS \"aggr_selection_0_LmsEnrollment\" ON (\"public\".\"lms_courses\".\"id\" = \"aggr_selection_0_LmsEnrollment\".\"courseId\") WHERE (\"public\".\"lms_courses\".\"id\" = $1 AND 1=1) LIMIT $2 OFFSET $3","service":"preplyte-api","timestamp":"2026-02-06 09:57:35"}
{"level":"debug","message":"Params: [\"cml92k1k4000417d09rzlrf37\",1,0]","service":"preplyte-api","timestamp":"2026-02-06 09:57:35"}
{"level":"debug","message":"Duration: 2ms","service":"preplyte-api","timestamp":"2026-02-06 09:57:35"}
{"level":"debug","message":"Query: SELECT \"public\".\"lms_modules\".\"id\", \"public\".\"lms_modules\".\"courseId\", \"public\".\"lms_modules\".\"title\", \"public\".\"lms_modules\".\"shortDescription\", \"public\".\"lms_modules\".\"description\", \"public\".\"lms_modules\".\"order\", \"public\".\"lms_modules\".\"totalTopics\", \"public\".\"lms_modules\".\"points\", \"public\".\"lms_modules\".\"estimatedMinutes\", \"public\".\"lms_modules\".\"isActive\", \"public\".\"lms_modules\".\"createdAt\", \"public\".\"lms_modules\".\"updatedAt\" FROM \"public\".\"lms_modules\" WHERE \"public\".\"lms_modules\".\"courseId\" = $1 ORDER BY \"public\".\"lms_modules\".\"order\" ASC OFFSET $2","service":"preplyte-api","timestamp":"2026-02-06 09:57:35"}
{"level":"debug","message":"Params: [\"cml92k1k4000417d09rzlrf37\",0]","service":"preplyte-api","timestamp":"2026-02-06 09:57:35"}
{"level":"debug","message":"Duration: 5ms","service":"preplyte-api","timestamp":"2026-02-06 09:57:35"}
{"level":"debug","message":"Query: SELECT \"public\".\"lms_categories\".\"id\", \"public\".\"lms_categories\".\"name\", \"public\".\"lms_categories\".\"slug\", \"public\".\"lms_categories\".\"description\", \"public\".\"lms_categories\".\"iconUrl\", \"public\".\"lms_categories\".\"order\", \"public\".\"lms_categories\".\"isActive\", \"public\".\"lms_categories\".\"createdAt\", \"public\".\"lms_categories\".\"updatedAt\" FROM \"public\".\"lms_categories\" WHERE \"public\".\"lms_categories\".\"id\" IN ($1) OFFSET $2","service":"preplyte-api","timestamp":"2026-02-06 09:57:35"}
{"level":"debug","message":"Params: [\"cml92k1i3000017d0bq70mkrl\",0]","service":"preplyte-api","timestamp":"2026-02-06 09:57:35"}
{"level":"debug","message":"Duration: 5ms","service":"preplyte-api","timestamp":"2026-02-06 09:57:35"}
{"level":"info","message":"\u001b[0mGET /api/admin/lms/courses/cml92k1k4000417d09rzlrf37/modules?courseId=cml92k1k4000417d09rzlrf37 \u001b[36m304\u001b[0m 34.884 ms - -\u001b[0m","service":"preplyte-api","timestamp":"2026-02-06 09:57:35"}
{"level":"debug","message":"Query: SELECT \"public\".\"lms_modules\".\"id\", \"public\".\"lms_modules\".\"courseId\", \"public\".\"lms_modules\".\"title\", \"public\".\"lms_modules\".\"shortDescription\", \"public\".\"lms_modules\".\"description\", \"public\".\"lms_modules\".\"order\", \"public\".\"lms_modules\".\"totalTopics\", \"public\".\"lms_modules\".\"points\", \"public\".\"lms_modules\".\"estimatedMinutes\", \"public\".\"lms_modules\".\"isActive\", \"public\".\"lms_modules\".\"createdAt\", \"public\".\"lms_modules\".\"updatedAt\" FROM \"public\".\"lms_modules\" WHERE \"public\".\"lms_modules\".\"courseId\" IN ($1) ORDER BY \"public\".\"lms_modules\".\"order\" ASC OFFSET $2","service":"preplyte-api","timestamp":"2026-02-06 09:57:35"}
{"level":"debug","message":"Params: [\"cml92k1k4000417d09rzlrf37\",0]","service":"preplyte-api","timestamp":"2026-02-06 09:57:35"}
{"level":"debug","message":"Duration: 8ms","service":"preplyte-api","timestamp":"2026-02-06 09:57:35"}
{"level":"debug","message":"Query: SELECT \"public\".\"lms_topics\".\"id\", \"public\".\"lms_topics\".\"moduleId\", \"public\".\"lms_topics\".\"title\", \"public\".\"lms_topics\".\"description\", \"public\".\"lms_topics\".\"order\", \"public\".\"lms_topics\".\"theoryContent\", \"public\".\"lms_topics\".\"videoUrl\", \"public\".\"lms_topics\".\"videoDuration\", \"public\".\"lms_topics\".\"estimatedMinutes\", \"public\".\"lms_topics\".\"resources\", \"public\".\"lms_topics\".\"isActive\", \"public\".\"lms_topics\".\"createdAt\", \"public\".\"lms_topics\".\"updatedAt\" FROM \"public\".\"lms_topics\" WHERE \"public\".\"lms_topics\".\"moduleId\" IN ($1,$2,$3,$4,$5) ORDER BY \"public\".\"lms_topics\".\"order\" ASC OFFSET $6","service":"preplyte-api","timestamp":"2026-02-06 09:57:35"}
{"level":"debug","message":"Params: [\"cml92k1ke000617d0l56w3n45\",\"cml92k1kj000817d0x6y6z5f7\",\"cml92k1kl000a17d0yp4e89wr\",\"cml92k1kn000c17d0ocn7frmc\",\"cml92k1kp000e17d03txb42ra\",0]","service":"preplyte-api","timestamp":"2026-02-06 09:57:35"}
{"level":"debug","message":"Duration: 8ms","service":"preplyte-api","timestamp":"2026-02-06 09:57:35"}
{"level":"debug","message":"Query: SELECT \"public\".\"lms_module_tests\".\"id\", \"public\".\"lms_module_tests\".\"moduleId\", \"public\".\"lms_module_tests\".\"title\", \"public\".\"lms_module_tests\".\"instructions\", \"public\".\"lms_module_tests\".\"totalQuestions\", \"public\".\"lms_module_tests\".\"passingScore\", \"public\".\"lms_module_tests\".\"timeLimitMinutes\", \"public\".\"lms_module_tests\".\"maxAttempts\", \"public\".\"lms_module_tests\".\"pointsPerQuestion\", \"public\".\"lms_module_tests\".\"totalPoints\", \"public\".\"lms_module_tests\".\"isActive\", \"public\".\"lms_module_tests\".\"createdAt\", \"public\".\"lms_module_tests\".\"updatedAt\" FROM \"public\".\"lms_module_tests\" WHERE \"public\".\"lms_module_tests\".\"moduleId\" IN ($1,$2,$3,$4,$5) OFFSET $6","service":"preplyte-api","timestamp":"2026-02-06 09:57:35"}
{"level":"debug","message":"Params: [\"cml92k1ke000617d0l56w3n45\",\"cml92k1kj000817d0x6y6z5f7\",\"cml92k1kl000a17d0yp4e89wr\",\"cml92k1kn000c17d0ocn7frmc\",\"cml92k1kp000e17d03txb42ra\",0]","service":"preplyte-api","timestamp":"2026-02-06 09:57:35"}
{"level":"debug","message":"Duration: 8ms","service":"preplyte-api","timestamp":"2026-02-06 09:57:35"}
{"level":"debug","message":"Query: SELECT \"public\".\"lms_final_tests\".\"id\", \"public\".\"lms_final_tests\".\"courseId\", \"public\".\"lms_final_tests\".\"title\", \"public\".\"lms_final_tests\".\"instructions\", \"public\".\"lms_final_tests\".\"totalQuestions\", \"public\".\"lms_final_tests\".\"passingScore\", \"public\".\"lms_final_tests\".\"timeLimitMinutes\", \"public\".\"lms_final_tests\".\"pointsPerQuestion\", \"public\".\"lms_final_tests\".\"totalPoints\", \"public\".\"lms_final_tests\".\"maxAttempts\", \"public\".\"lms_final_tests\".\"isActive\", \"public\".\"lms_final_tests\".\"createdAt\", \"public\".\"lms_final_tests\".\"updatedAt\" FROM \"public\".\"lms_final_tests\" WHERE \"public\".\"lms_final_tests\".\"courseId\" IN ($1) OFFSET $2","service":"preplyte-api","timestamp":"2026-02-06 09:57:35"}
{"level":"debug","message":"Params: [\"cml92k1k4000417d09rzlrf37\",0]","service":"preplyte-api","timestamp":"2026-02-06 09:57:35"}
{"level":"debug","message":"Duration: 7ms","service":"preplyte-api","timestamp":"2026-02-06 09:57:35"}
{"level":"info","message":"\u001b[0mGET /api/admin/lms/courses/cml92k1k4000417d09rzlrf37 \u001b[36m304\u001b[0m 71.230 ms - -\u001b[0m","service":"preplyte-api","timestamp":"2026-02-06 09:57:35"}
{"level":"debug","message":"Query: SELECT 1","service":"preplyte-api","timestamp":"2026-02-06 09:57:54"}
{"level":"debug","message":"Params: []","service":"preplyte-api","timestamp":"2026-02-06 09:57:54"}
{"level":"debug","message":"Duration: 0ms","service":"preplyte-api","timestamp":"2026-02-06 09:57:54"}
{"level":"debug","message":"Query: SELECT \"public\".\"users\".\"id\", \"public\".\"users\".\"email\", \"public\".\"users\".\"role\"::text, \"public\".\"users\".\"instituteId\", \"public\".\"users\".\"isActive\", \"public\".\"users\".\"tokenVersion\" FROM \"public\".\"users\" WHERE (\"public\".\"users\".\"id\" = $1 AND 1=1) LIMIT $2 OFFSET $3","service":"preplyte-api","timestamp":"2026-02-06 09:57:54"}
{"level":"debug","message":"Params: [\"cml92r5r50001q3oopvkslp23\",1,0]","service":"preplyte-api","timestamp":"2026-02-06 09:57:54"}
{"level":"debug","message":"Duration: 0ms","service":"preplyte-api","timestamp":"2026-02-06 09:57:54"}
{"level":"debug","message":"Query: SELECT \"public\".\"lms_modules\".\"id\", \"public\".\"lms_modules\".\"courseId\", \"public\".\"lms_modules\".\"title\", \"public\".\"lms_modules\".\"shortDescription\", \"public\".\"lms_modules\".\"description\", \"public\".\"lms_modules\".\"order\", \"public\".\"lms_modules\".\"totalTopics\", \"public\".\"lms_modules\".\"points\", \"public\".\"lms_modules\".\"estimatedMinutes\", \"public\".\"lms_modules\".\"isActive\", \"public\".\"lms_modules\".\"createdAt\", \"public\".\"lms_modules\".\"updatedAt\" FROM \"public\".\"lms_modules\" WHERE (\"public\".\"lms_modules\".\"id\" = $1 AND 1=1) LIMIT $2 OFFSET $3","service":"preplyte-api","timestamp":"2026-02-06 09:57:54"}
{"level":"debug","message":"Params: [\"cml92k1ke000617d0l56w3n45\",1,0]","service":"preplyte-api","timestamp":"2026-02-06 09:57:54"}
{"level":"debug","message":"Duration: 1ms","service":"preplyte-api","timestamp":"2026-02-06 09:57:54"}
{"level":"debug","message":"Query: SELECT \"public\".\"lms_topics\".\"id\", \"public\".\"lms_topics\".\"moduleId\", \"public\".\"lms_topics\".\"title\", \"public\".\"lms_topics\".\"description\", \"public\".\"lms_topics\".\"order\", \"public\".\"lms_topics\".\"theoryContent\", \"public\".\"lms_topics\".\"videoUrl\", \"public\".\"lms_topics\".\"videoDuration\", \"public\".\"lms_topics\".\"estimatedMinutes\", \"public\".\"lms_topics\".\"resources\", \"public\".\"lms_topics\".\"isActive\", \"public\".\"lms_topics\".\"createdAt\", \"public\".\"lms_topics\".\"updatedAt\" FROM \"public\".\"lms_topics\" WHERE \"public\".\"lms_topics\".\"moduleId\" IN ($1) ORDER BY \"public\".\"lms_topics\".\"order\" ASC OFFSET $2","service":"preplyte-api","timestamp":"2026-02-06 09:57:54"}
{"level":"debug","message":"Params: [\"cml92k1ke000617d0l56w3n45\",0]","service":"preplyte-api","timestamp":"2026-02-06 09:57:54"}
{"level":"debug","message":"Duration: 2ms","service":"preplyte-api","timestamp":"2026-02-06 09:57:54"}
{"level":"info","message":"\u001b[0mGET /api/admin/lms/modules/cml92k1ke000617d0l56w3n45 \u001b[36m304\u001b[0m 19.474 ms - -\u001b[0m","service":"preplyte-api","timestamp":"2026-02-06 09:57:54"}
{"level":"debug","message":"Query: SELECT \"public\".\"users\".\"id\", \"public\".\"users\".\"email\", \"public\".\"users\".\"role\"::text, \"public\".\"users\".\"instituteId\", \"public\".\"users\".\"isActive\", \"public\".\"users\".\"tokenVersion\" FROM \"public\".\"users\" WHERE (\"public\".\"users\".\"id\" = $1 AND 1=1) LIMIT $2 OFFSET $3","service":"preplyte-api","timestamp":"2026-02-06 09:57:55"}
{"level":"debug","message":"Params: [\"cml92r5r50001q3oopvkslp23\",1,0]","service":"preplyte-api","timestamp":"2026-02-06 09:57:55"}
{"level":"debug","message":"Duration: 0ms","service":"preplyte-api","timestamp":"2026-02-06 09:57:55"}
{"level":"debug","message":"Query: SELECT \"public\".\"lms_topics\".\"id\", \"public\".\"lms_topics\".\"moduleId\", \"public\".\"lms_topics\".\"title\", \"public\".\"lms_topics\".\"description\", \"public\".\"lms_topics\".\"order\", \"public\".\"lms_topics\".\"theoryContent\", \"public\".\"lms_topics\".\"videoUrl\", \"public\".\"lms_topics\".\"videoDuration\", \"public\".\"lms_topics\".\"estimatedMinutes\", \"public\".\"lms_topics\".\"resources\", \"public\".\"lms_topics\".\"isActive\", \"public\".\"lms_topics\".\"createdAt\", \"public\".\"lms_topics\".\"updatedAt\" FROM \"public\".\"lms_topics\" WHERE \"public\".\"lms_topics\".\"moduleId\" = $1 ORDER BY \"public\".\"lms_topics\".\"order\" ASC OFFSET $2","service":"preplyte-api","timestamp":"2026-02-06 09:57:55"}
{"level":"debug","message":"Params: [\"cml92k1ke000617d0l56w3n45\",0]","service":"preplyte-api","timestamp":"2026-02-06 09:57:55"}
{"level":"debug","message":"Duration: 1ms","service":"preplyte-api","timestamp":"2026-02-06 09:57:55"}
{"level":"info","message":"\u001b[0mGET /api/admin/lms/modules/cml92k1ke000617d0l56w3n45/topics?moduleId=cml92k1ke000617d0l56w3n45 \u001b[32m200\u001b[0m 15.912 ms - -\u001b[0m","service":"preplyte-api","timestamp":"2026-02-06 09:57:55"}
{"level":"info","message":"\u001b[0mGET /api/admin/lms/courses/cml92k1k4000417d09rzlrf37 \u001b[33m401\u001b[0m 1.317 ms - 108\u001b[0m","service":"preplyte-api","timestamp":"2026-02-06 09:59:06"}
{"level":"info","message":"\u001b[0mGET /api/admin/lms/courses/cml92k1k4000417d09rzlrf37/modules?courseId=cml92k1k4000417d09rzlrf37 \u001b[33m401\u001b[0m 1.044 ms - 108\u001b[0m","service":"preplyte-api","timestamp":"2026-02-06 09:59:06"}
{"level":"debug","message":"Query: SELECT 1","service":"preplyte-api","timestamp":"2026-02-06 09:59:06"}
{"level":"debug","message":"Params: []","service":"preplyte-api","timestamp":"2026-02-06 09:59:06"}
{"level":"debug","message":"Duration: 0ms","service":"preplyte-api","timestamp":"2026-02-06 09:59:06"}
{"level":"debug","message":"Query: SELECT \"public\".\"refresh_tokens\".\"id\", \"public\".\"refresh_tokens\".\"token\", \"public\".\"refresh_tokens\".\"userId\", \"public\".\"refresh_tokens\".\"expiresAt\", \"public\".\"refresh_tokens\".\"revokedAt\", \"public\".\"refresh_tokens\".\"userAgent\", \"public\".\"refresh_tokens\".\"ipAddress\", \"public\".\"refresh_tokens\".\"createdAt\" FROM \"public\".\"refresh_tokens\" WHERE (\"public\".\"refresh_tokens\".\"token\" = $1 AND \"public\".\"refresh_tokens\".\"userId\" = $2) LIMIT $3 OFFSET $4","service":"preplyte-api","timestamp":"2026-02-06 09:59:06"}
{"level":"debug","message":"Params: [\"2b8c776c9eb9ce2cd5eac5683da781d068ca2df0c8c9f60d9543be8c14adfd97\",\"cml92r5r50001q3oopvkslp23\",1,0]","service":"preplyte-api","timestamp":"2026-02-06 09:59:06"}
{"level":"debug","message":"Duration: 6ms","service":"preplyte-api","timestamp":"2026-02-06 09:59:06"}
{"level":"debug","message":"Query: SELECT \"public\".\"users\".\"id\", \"public\".\"users\".\"email\", \"public\".\"users\".\"password\", \"public\".\"users\".\"name\", \"public\".\"users\".\"role\"::text, \"public\".\"users\".\"isActive\", \"public\".\"users\".\"instituteId\", \"public\".\"users\".\"createdAt\", \"public\".\"users\".\"updatedAt\", \"public\".\"users\".\"lastLoginAt\", \"public\".\"users\".\"tokenVersion\" FROM \"public\".\"users\" WHERE (\"public\".\"users\".\"id\" = $1 AND 1=1) LIMIT $2 OFFSET $3","service":"preplyte-api","timestamp":"2026-02-06 09:59:06"}
{"level":"debug","message":"Params: [\"cml92r5r50001q3oopvkslp23\",1,0]","service":"preplyte-api","timestamp":"2026-02-06 09:59:06"}
{"level":"debug","message":"Duration: 1ms","service":"preplyte-api","timestamp":"2026-02-06 09:59:06"}
{"level":"debug","message":"Query: BEGIN","service":"preplyte-api","timestamp":"2026-02-06 09:59:06"}
{"level":"debug","message":"Params: []","service":"preplyte-api","timestamp":"2026-02-06 09:59:06"}
{"level":"debug","message":"Duration: 0ms","service":"preplyte-api","timestamp":"2026-02-06 09:59:06"}
{"level":"debug","message":"Query: UPDATE \"public\".\"refresh_tokens\" SET \"revokedAt\" = $1 WHERE (\"public\".\"refresh_tokens\".\"id\" = $2 AND 1=1) RETURNING \"public\".\"refresh_tokens\".\"id\", \"public\".\"refresh_tokens\".\"token\", \"public\".\"refresh_tokens\".\"userId\", \"public\".\"refresh_tokens\".\"expiresAt\", \"public\".\"refresh_tokens\".\"revokedAt\", \"public\".\"refresh_tokens\".\"userAgent\", \"public\".\"refresh_tokens\".\"ipAddress\", \"public\".\"refresh_tokens\".\"createdAt\"","service":"preplyte-api","timestamp":"2026-02-06 09:59:06"}
{"level":"debug","message":"Params: [\"2026-02-06 04:29:06.811 UTC\",\"cmladf299000hnmfr7w8xoepm\"]","service":"preplyte-api","timestamp":"2026-02-06 09:59:06"}
{"level":"debug","message":"Duration: 1ms","service":"preplyte-api","timestamp":"2026-02-06 09:59:06"}
{"level":"debug","message":"Query: INSERT INTO \"public\".\"refresh_tokens\" (\"id\",\"token\",\"userId\",\"expiresAt\",\"createdAt\") VALUES ($1,$2,$3,$4,$5) RETURNING \"public\".\"refresh_tokens\".\"id\", \"public\".\"refresh_tokens\".\"token\", \"public\".\"refresh_tokens\".\"userId\", \"public\".\"refresh_tokens\".\"expiresAt\", \"public\".\"refresh_tokens\".\"revokedAt\", \"public\".\"refresh_tokens\".\"userAgent\", \"public\".\"refresh_tokens\".\"ipAddress\", \"public\".\"refresh_tokens\".\"createdAt\"","service":"preplyte-api","timestamp":"2026-02-06 09:59:06"}
{"level":"debug","message":"Params: [\"cmladyiym000ei0najvcwsliq\",\"72dcffabe3bfe8759cb3e1516cea80a8b8894711247d4c7504e2033aeafce29a\",\"cml92r5r50001q3oopvkslp23\",\"2026-02-13 04:29:06.811 UTC\",\"2026-02-06 04:29:06.814 UTC\"]","service":"preplyte-api","timestamp":"2026-02-06 09:59:06"}
{"level":"debug","message":"Duration: 1ms","service":"preplyte-api","timestamp":"2026-02-06 09:59:06"}
{"level":"debug","message":"Query: COMMIT","service":"preplyte-api","timestamp":"2026-02-06 09:59:06"}
{"level":"debug","message":"Params: []","service":"preplyte-api","timestamp":"2026-02-06 09:59:06"}
{"level":"debug","message":"Duration: 3ms","service":"preplyte-api","timestamp":"2026-02-06 09:59:06"}
{"level":"info","message":"Token refreshed successfully","service":"preplyte-api","timestamp":"2026-02-06 09:59:06","userId":"cml92r5r50001q3oopvkslp23"}
{"level":"info","message":"\u001b[0mPOST /api/auth/refresh \u001b[32m200\u001b[0m 33.663 ms - 946\u001b[0m","service":"preplyte-api","timestamp":"2026-02-06 09:59:06"}
{"level":"debug","message":"Query: SELECT \"public\".\"users\".\"id\", \"public\".\"users\".\"email\", \"public\".\"users\".\"role\"::text, \"public\".\"users\".\"instituteId\", \"public\".\"users\".\"isActive\", \"public\".\"users\".\"tokenVersion\" FROM \"public\".\"users\" WHERE (\"public\".\"users\".\"id\" = $1 AND 1=1) LIMIT $2 OFFSET $3","service":"preplyte-api","timestamp":"2026-02-06 09:59:06"}
{"level":"debug","message":"Params: [\"cml92r5r50001q3oopvkslp23\",1,0]","service":"preplyte-api","timestamp":"2026-02-06 09:59:06"}
{"level":"debug","message":"Duration: 0ms","service":"preplyte-api","timestamp":"2026-02-06 09:59:06"}
{"level":"debug","message":"Query: SELECT \"public\".\"users\".\"id\", \"public\".\"users\".\"email\", \"public\".\"users\".\"role\"::text, \"public\".\"users\".\"instituteId\", \"public\".\"users\".\"isActive\", \"public\".\"users\".\"tokenVersion\" FROM \"public\".\"users\" WHERE (\"public\".\"users\".\"id\" = $1 AND 1=1) LIMIT $2 OFFSET $3","service":"preplyte-api","timestamp":"2026-02-06 09:59:06"}
{"level":"debug","message":"Params: [\"cml92r5r50001q3oopvkslp23\",1,0]","service":"preplyte-api","timestamp":"2026-02-06 09:59:06"}
{"level":"debug","message":"Duration: 0ms","service":"preplyte-api","timestamp":"2026-02-06 09:59:06"}
{"level":"debug","message":"Query: SELECT 1","service":"preplyte-api","timestamp":"2026-02-06 09:59:06"}
{"level":"debug","message":"Params: []","service":"preplyte-api","timestamp":"2026-02-06 09:59:06"}
{"level":"debug","message":"Duration: 0ms","service":"preplyte-api","timestamp":"2026-02-06 09:59:06"}
{"level":"debug","message":"Query: SELECT \"public\".\"lms_modules\".\"id\", \"public\".\"lms_modules\".\"courseId\", \"public\".\"lms_modules\".\"title\", \"public\".\"lms_modules\".\"shortDescription\", \"public\".\"lms_modules\".\"description\", \"public\".\"lms_modules\".\"order\", \"public\".\"lms_modules\".\"totalTopics\", \"public\".\"lms_modules\".\"points\", \"public\".\"lms_modules\".\"estimatedMinutes\", \"public\".\"lms_modules\".\"isActive\", \"public\".\"lms_modules\".\"createdAt\", \"public\".\"lms_modules\".\"updatedAt\" FROM \"public\".\"lms_modules\" WHERE \"public\".\"lms_modules\".\"courseId\" = $1 ORDER BY \"public\".\"lms_modules\".\"order\" ASC OFFSET $2","service":"preplyte-api","timestamp":"2026-02-06 09:59:06"}
{"level":"debug","message":"Params: [\"cml92k1k4000417d09rzlrf37\",0]","service":"preplyte-api","timestamp":"2026-02-06 09:59:06"}
{"level":"debug","message":"Duration: 2ms","service":"preplyte-api","timestamp":"2026-02-06 09:59:06"}
{"level":"debug","message":"Query: SELECT \"public\".\"lms_courses\".\"id\", \"public\".\"lms_courses\".\"categoryId\", \"public\".\"lms_courses\".\"title\", \"public\".\"lms_courses\".\"slug\", \"public\".\"lms_courses\".\"shortDescription\", \"public\".\"lms_courses\".\"description\", \"public\".\"lms_courses\".\"thumbnailUrl\", \"public\".\"lms_courses\".\"previewVideoUrl\", \"public\".\"lms_courses\".\"totalModules\", \"public\".\"lms_courses\".\"totalTopics\", \"public\".\"lms_courses\".\"totalPoints\", \"public\".\"lms_courses\".\"totalHours\", \"public\".\"lms_courses\".\"price\", \"public\".\"lms_courses\".\"discountPrice\", \"public\".\"lms_courses\".\"currency\", \"public\".\"lms_courses\".\"status\"::text, \"public\".\"lms_courses\".\"isActive\", \"public\".\"lms_courses\".\"certificateEnabled\", \"public\".\"lms_courses\".\"passingPercentage\", \"public\".\"lms_courses\".\"tags\", \"public\".\"lms_courses\".\"difficulty\"::text, \"public\".\"lms_courses\".\"instructor\", \"public\".\"lms_courses\".\"language\", \"public\".\"lms_courses\".\"createdAt\", \"public\".\"lms_courses\".\"updatedAt\", \"public\".\"lms_courses\".\"publishedAt\", COALESCE(\"aggr_selection_0_LmsEnrollment\".\"_aggr_count_enrollments\", 0) AS \"_aggr_count_enrollments\" FROM \"public\".\"lms_courses\" LEFT JOIN (SELECT \"public\".\"lms_enrollments\".\"courseId\", COUNT(*) AS \"_aggr_count_enrollments\" FROM \"public\".\"lms_enrollments\" WHERE 1=1 GROUP BY \"public\".\"lms_enrollments\".\"courseId\") AS \"aggr_selection_0_LmsEnrollment\" ON (\"public\".\"lms_courses\".\"id\" = \"aggr_selection_0_LmsEnrollment\".\"courseId\") WHERE (\"public\".\"lms_courses\".\"id\" = $1 AND 1=1) LIMIT $2 OFFSET $3","service":"preplyte-api","timestamp":"2026-02-06 09:59:06"}
{"level":"debug","message":"Params: [\"cml92k1k4000417d09rzlrf37\",1,0]","service":"preplyte-api","timestamp":"2026-02-06 09:59:06"}
{"level":"debug","message":"Duration: 2ms","service":"preplyte-api","timestamp":"2026-02-06 09:59:06"}
{"level":"debug","message":"Query: SELECT \"public\".\"lms_categories\".\"id\", \"public\".\"lms_categories\".\"name\", \"public\".\"lms_categories\".\"slug\", \"public\".\"lms_categories\".\"description\", \"public\".\"lms_categories\".\"iconUrl\", \"public\".\"lms_categories\".\"order\", \"public\".\"lms_categories\".\"isActive\", \"public\".\"lms_categories\".\"createdAt\", \"public\".\"lms_categories\".\"updatedAt\" FROM \"public\".\"lms_categories\" WHERE \"public\".\"lms_categories\".\"id\" IN ($1) OFFSET $2","service":"preplyte-api","timestamp":"2026-02-06 09:59:06"}
{"level":"debug","message":"Params: [\"cml92k1i3000017d0bq70mkrl\",0]","service":"preplyte-api","timestamp":"2026-02-06 09:59:06"}
{"level":"debug","message":"Duration: 0ms","service":"preplyte-api","timestamp":"2026-02-06 09:59:06"}
{"level":"debug","message":"Query: SELECT \"public\".\"lms_modules\".\"id\", \"public\".\"lms_modules\".\"courseId\", \"public\".\"lms_modules\".\"title\", \"public\".\"lms_modules\".\"shortDescription\", \"public\".\"lms_modules\".\"description\", \"public\".\"lms_modules\".\"order\", \"public\".\"lms_modules\".\"totalTopics\", \"public\".\"lms_modules\".\"points\", \"public\".\"lms_modules\".\"estimatedMinutes\", \"public\".\"lms_modules\".\"isActive\", \"public\".\"lms_modules\".\"createdAt\", \"public\".\"lms_modules\".\"updatedAt\" FROM \"public\".\"lms_modules\" WHERE \"public\".\"lms_modules\".\"courseId\" IN ($1) ORDER BY \"public\".\"lms_modules\".\"order\" ASC OFFSET $2","service":"preplyte-api","timestamp":"2026-02-06 09:59:06"}
{"level":"debug","message":"Params: [\"cml92k1k4000417d09rzlrf37\",0]","service":"preplyte-api","timestamp":"2026-02-06 09:59:06"}
{"level":"debug","message":"Duration: 1ms","service":"preplyte-api","timestamp":"2026-02-06 09:59:06"}
{"level":"info","message":"\u001b[0mGET /api/admin/lms/courses/cml92k1k4000417d09rzlrf37/modules?courseId=cml92k1k4000417d09rzlrf37 \u001b[36m304\u001b[0m 21.734 ms - -\u001b[0m","service":"preplyte-api","timestamp":"2026-02-06 09:59:06"}
{"level":"debug","message":"Query: SELECT \"public\".\"lms_topics\".\"id\", \"public\".\"lms_topics\".\"moduleId\", \"public\".\"lms_topics\".\"title\", \"public\".\"lms_topics\".\"description\", \"public\".\"lms_topics\".\"order\", \"public\".\"lms_topics\".\"theoryContent\", \"public\".\"lms_topics\".\"videoUrl\", \"public\".\"lms_topics\".\"videoDuration\", \"public\".\"lms_topics\".\"estimatedMinutes\", \"public\".\"lms_topics\".\"resources\", \"public\".\"lms_topics\".\"isActive\", \"public\".\"lms_topics\".\"createdAt\", \"public\".\"lms_topics\".\"updatedAt\" FROM \"public\".\"lms_topics\" WHERE \"public\".\"lms_topics\".\"moduleId\" IN ($1,$2,$3,$4,$5) ORDER BY \"public\".\"lms_topics\".\"order\" ASC OFFSET $6","service":"preplyte-api","timestamp":"2026-02-06 09:59:06"}
{"level":"debug","message":"Params: [\"cml92k1ke000617d0l56w3n45\",\"cml92k1kj000817d0x6y6z5f7\",\"cml92k1kl000a17d0yp4e89wr\",\"cml92k1kn000c17d0ocn7frmc\",\"cml92k1kp000e17d03txb42ra\",0]","service":"preplyte-api","timestamp":"2026-02-06 09:59:06"}
{"level":"debug","message":"Duration: 5ms","service":"preplyte-api","timestamp":"2026-02-06 09:59:06"}
{"level":"debug","message":"Query: SELECT \"public\".\"lms_module_tests\".\"id\", \"public\".\"lms_module_tests\".\"moduleId\", \"public\".\"lms_module_tests\".\"title\", \"public\".\"lms_module_tests\".\"instructions\", \"public\".\"lms_module_tests\".\"totalQuestions\", \"public\".\"lms_module_tests\".\"passingScore\", \"public\".\"lms_module_tests\".\"timeLimitMinutes\", \"public\".\"lms_module_tests\".\"maxAttempts\", \"public\".\"lms_module_tests\".\"pointsPerQuestion\", \"public\".\"lms_module_tests\".\"totalPoints\", \"public\".\"lms_module_tests\".\"isActive\", \"public\".\"lms_module_tests\".\"createdAt\", \"public\".\"lms_module_tests\".\"updatedAt\" FROM \"public\".\"lms_module_tests\" WHERE \"public\".\"lms_module_tests\".\"moduleId\" IN ($1,$2,$3,$4,$5) OFFSET $6","service":"preplyte-api","timestamp":"2026-02-06 09:59:06"}
{"level":"debug","message":"Params: [\"cml92k1ke000617d0l56w3n45\",\"cml92k1kj000817d0x6y6z5f7\",\"cml92k1kl000a17d0yp4e89wr\",\"cml92k1kn000c17d0ocn7frmc\",\"cml92k1kp000e17d03txb42ra\",0]","service":"preplyte-api","timestamp":"2026-02-06 09:59:06"}
{"level":"debug","message":"Duration: 3ms","service":"preplyte-api","timestamp":"2026-02-06 09:59:06"}
{"level":"debug","message":"Query: SELECT \"public\".\"lms_final_tests\".\"id\", \"public\".\"lms_final_tests\".\"courseId\", \"public\".\"lms_final_tests\".\"title\", \"public\".\"lms_final_tests\".\"instructions\", \"public\".\"lms_final_tests\".\"totalQuestions\", \"public\".\"lms_final_tests\".\"passingScore\", \"public\".\"lms_final_tests\".\"timeLimitMinutes\", \"public\".\"lms_final_tests\".\"pointsPerQuestion\", \"public\".\"lms_final_tests\".\"totalPoints\", \"public\".\"lms_final_tests\".\"maxAttempts\", \"public\".\"lms_final_tests\".\"isActive\", \"public\".\"lms_final_tests\".\"createdAt\", \"public\".\"lms_final_tests\".\"updatedAt\" FROM \"public\".\"lms_final_tests\" WHERE \"public\".\"lms_final_tests\".\"courseId\" IN ($1) OFFSET $2","service":"preplyte-api","timestamp":"2026-02-06 09:59:06"}
{"level":"debug","message":"Params: [\"cml92k1k4000417d09rzlrf37\",0]","service":"preplyte-api","timestamp":"2026-02-06 09:59:06"}
{"level":"debug","message":"Duration: 4ms","service":"preplyte-api","timestamp":"2026-02-06 09:59:06"}
{"level":"info","message":"\u001b[0mGET /api/admin/lms/courses/cml92k1k4000417d09rzlrf37 \u001b[36m304\u001b[0m 31.047 ms - -\u001b[0m","service":"preplyte-api","timestamp":"2026-02-06 09:59:06"}
{"level":"debug","message":"Query: SELECT \"public\".\"users\".\"id\", \"public\".\"users\".\"email\", \"public\".\"users\".\"role\"::text, \"public\".\"users\".\"instituteId\", \"public\".\"users\".\"isActive\", \"public\".\"users\".\"tokenVersion\" FROM \"public\".\"users\" WHERE (\"public\".\"users\".\"id\" = $1 AND 1=1) LIMIT $2 OFFSET $3","service":"preplyte-api","timestamp":"2026-02-06 09:59:07"}
{"level":"debug","message":"Params: [\"cml92r5r50001q3oopvkslp23\",1,0]","service":"preplyte-api","timestamp":"2026-02-06 09:59:07"}
{"level":"debug","message":"Duration: 0ms","service":"preplyte-api","timestamp":"2026-02-06 09:59:07"}
{"level":"debug","message":"Query: SELECT \"public\".\"lms_courses\".\"id\", \"public\".\"lms_courses\".\"categoryId\", \"public\".\"lms_courses\".\"title\", \"public\".\"lms_courses\".\"slug\", \"public\".\"lms_courses\".\"shortDescription\", \"public\".\"lms_courses\".\"description\", \"public\".\"lms_courses\".\"thumbnailUrl\", \"public\".\"lms_courses\".\"previewVideoUrl\", \"public\".\"lms_courses\".\"totalModules\", \"public\".\"lms_courses\".\"totalTopics\", \"public\".\"lms_courses\".\"totalPoints\", \"public\".\"lms_courses\".\"totalHours\", \"public\".\"lms_courses\".\"price\", \"public\".\"lms_courses\".\"discountPrice\", \"public\".\"lms_courses\".\"currency\", \"public\".\"lms_courses\".\"status\"::text, \"public\".\"lms_courses\".\"isActive\", \"public\".\"lms_courses\".\"certificateEnabled\", \"public\".\"lms_courses\".\"passingPercentage\", \"public\".\"lms_courses\".\"tags\", \"public\".\"lms_courses\".\"difficulty\"::text, \"public\".\"lms_courses\".\"instructor\", \"public\".\"lms_courses\".\"language\", \"public\".\"lms_courses\".\"createdAt\", \"public\".\"lms_courses\".\"updatedAt\", \"public\".\"lms_courses\".\"publishedAt\", COALESCE(\"aggr_selection_0_LmsModule\".\"_aggr_count_modules\", 0) AS \"_aggr_count_modules\", COALESCE(\"aggr_selection_1_LmsEnrollment\".\"_aggr_count_enrollments\", 0) AS \"_aggr_count_enrollments\" FROM \"public\".\"lms_courses\" LEFT JOIN (SELECT \"public\".\"lms_modules\".\"courseId\", COUNT(*) AS \"_aggr_count_modules\" FROM \"public\".\"lms_modules\" WHERE 1=1 GROUP BY \"public\".\"lms_modules\".\"courseId\") AS \"aggr_selection_0_LmsModule\" ON (\"public\".\"lms_courses\".\"id\" = \"aggr_selection_0_LmsModule\".\"courseId\") LEFT JOIN (SELECT \"public\".\"lms_enrollments\".\"courseId\", COUNT(*) AS \"_aggr_count_enrollments\" FROM \"public\".\"lms_enrollments\" WHERE 1=1 GROUP BY \"public\".\"lms_enrollments\".\"courseId\") AS \"aggr_selection_1_LmsEnrollment\" ON (\"public\".\"lms_courses\".\"id\" = \"aggr_selection_1_LmsEnrollment\".\"courseId\") WHERE 1=1 ORDER BY \"public\".\"lms_courses\".\"createdAt\" DESC OFFSET $1","service":"preplyte-api","timestamp":"2026-02-06 09:59:07"}
{"level":"debug","message":"Params: [0]","service":"preplyte-api","timestamp":"2026-02-06 09:59:07"}
{"level":"debug","message":"Duration: 2ms","service":"preplyte-api","timestamp":"2026-02-06 09:59:07"}
{"level":"debug","message":"Query: SELECT \"public\".\"lms_categories\".\"id\", \"public\".\"lms_categories\".\"name\", \"public\".\"lms_categories\".\"slug\", \"public\".\"lms_categories\".\"description\", \"public\".\"lms_categories\".\"iconUrl\", \"public\".\"lms_categories\".\"order\", \"public\".\"lms_categories\".\"isActive\", \"public\".\"lms_categories\".\"createdAt\", \"public\".\"lms_categories\".\"updatedAt\" FROM \"public\".\"lms_categories\" WHERE \"public\".\"lms_categories\".\"id\" IN ($1) OFFSET $2","service":"preplyte-api","timestamp":"2026-02-06 09:59:07"}
{"level":"debug","message":"Params: [\"cml92k1i3000017d0bq70mkrl\",0]","service":"preplyte-api","timestamp":"2026-02-06 09:59:07"}
{"level":"debug","message":"Duration: 0ms","service":"preplyte-api","timestamp":"2026-02-06 09:59:07"}
{"level":"info","message":"\u001b[0mGET /api/admin/lms/courses?page=1&limit=10&search= \u001b[36m304\u001b[0m 15.073 ms - -\u001b[0m","service":"preplyte-api","timestamp":"2026-02-06 09:59:07"}
{"level":"debug","message":"Query: SELECT \"public\".\"users\".\"id\", \"public\".\"users\".\"email\", \"public\".\"users\".\"role\"::text, \"public\".\"users\".\"instituteId\", \"public\".\"users\".\"isActive\", \"public\".\"users\".\"tokenVersion\" FROM \"public\".\"users\" WHERE (\"public\".\"users\".\"id\" = $1 AND 1=1) LIMIT $2 OFFSET $3","service":"preplyte-api","timestamp":"2026-02-06 09:59:14"}
{"level":"debug","message":"Params: [\"cml92r5r50001q3oopvkslp23\",1,0]","service":"preplyte-api","timestamp":"2026-02-06 09:59:14"}
{"level":"debug","message":"Duration: 0ms","service":"preplyte-api","timestamp":"2026-02-06 09:59:14"}
{"level":"debug","message":"Query: SELECT \"public\".\"lms_courses\".\"id\", \"public\".\"lms_courses\".\"categoryId\", \"public\".\"lms_courses\".\"title\", \"public\".\"lms_courses\".\"slug\", \"public\".\"lms_courses\".\"shortDescription\", \"public\".\"lms_courses\".\"description\", \"public\".\"lms_courses\".\"thumbnailUrl\", \"public\".\"lms_courses\".\"previewVideoUrl\", \"public\".\"lms_courses\".\"totalModules\", \"public\".\"lms_courses\".\"totalTopics\", \"public\".\"lms_courses\".\"totalPoints\", \"public\".\"lms_courses\".\"totalHours\", \"public\".\"lms_courses\".\"price\", \"public\".\"lms_courses\".\"discountPrice\", \"public\".\"lms_courses\".\"currency\", \"public\".\"lms_courses\".\"status\"::text, \"public\".\"lms_courses\".\"isActive\", \"public\".\"lms_courses\".\"certificateEnabled\", \"public\".\"lms_courses\".\"passingPercentage\", \"public\".\"lms_courses\".\"tags\", \"public\".\"lms_courses\".\"difficulty\"::text, \"public\".\"lms_courses\".\"instructor\", \"public\".\"lms_courses\".\"language\", \"public\".\"lms_courses\".\"createdAt\", \"public\".\"lms_courses\".\"updatedAt\", \"public\".\"lms_courses\".\"publishedAt\", COALESCE(\"aggr_selection_0_LmsEnrollment\".\"_aggr_count_enrollments\", 0) AS \"_aggr_count_enrollments\" FROM \"public\".\"lms_courses\" LEFT JOIN (SELECT \"public\".\"lms_enrollments\".\"courseId\", COUNT(*) AS \"_aggr_count_enrollments\" FROM \"public\".\"lms_enrollments\" WHERE 1=1 GROUP BY \"public\".\"lms_enrollments\".\"courseId\") AS \"aggr_selection_0_LmsEnrollment\" ON (\"public\".\"lms_courses\".\"id\" = \"aggr_selection_0_LmsEnrollment\".\"courseId\") WHERE (\"public\".\"lms_courses\".\"id\" = $1 AND 1=1) LIMIT $2 OFFSET $3","service":"preplyte-api","timestamp":"2026-02-06 09:59:14"}
{"level":"debug","message":"Params: [\"cml94bejx00051360oftmcm9a\",1,0]","service":"preplyte-api","timestamp":"2026-02-06 09:59:14"}
{"level":"debug","message":"Duration: 1ms","service":"preplyte-api","timestamp":"2026-02-06 09:59:14"}
{"level":"debug","message":"Query: SELECT \"public\".\"lms_categories\".\"id\", \"public\".\"lms_categories\".\"name\", \"public\".\"lms_categories\".\"slug\", \"public\".\"lms_categories\".\"description\", \"public\".\"lms_categories\".\"iconUrl\", \"public\".\"lms_categories\".\"order\", \"public\".\"lms_categories\".\"isActive\", \"public\".\"lms_categories\".\"createdAt\", \"public\".\"lms_categories\".\"updatedAt\" FROM \"public\".\"lms_categories\" WHERE \"public\".\"lms_categories\".\"id\" IN ($1) OFFSET $2","service":"preplyte-api","timestamp":"2026-02-06 09:59:14"}
{"level":"debug","message":"Params: [\"cml92k1i3000017d0bq70mkrl\",0]","service":"preplyte-api","timestamp":"2026-02-06 09:59:14"}
{"level":"debug","message":"Duration: 0ms","service":"preplyte-api","timestamp":"2026-02-06 09:59:14"}
{"level":"debug","message":"Query: SELECT \"public\".\"lms_modules\".\"id\", \"public\".\"lms_modules\".\"courseId\", \"public\".\"lms_modules\".\"title\", \"public\".\"lms_modules\".\"shortDescription\", \"public\".\"lms_modules\".\"description\", \"public\".\"lms_modules\".\"order\", \"public\".\"lms_modules\".\"totalTopics\", \"public\".\"lms_modules\".\"points\", \"public\".\"lms_modules\".\"estimatedMinutes\", \"public\".\"lms_modules\".\"isActive\", \"public\".\"lms_modules\".\"createdAt\", \"public\".\"lms_modules\".\"updatedAt\" FROM \"public\".\"lms_modules\" WHERE \"public\".\"lms_modules\".\"courseId\" IN ($1) ORDER BY \"public\".\"lms_modules\".\"order\" ASC OFFSET $2","service":"preplyte-api","timestamp":"2026-02-06 09:59:14"}
{"level":"debug","message":"Params: [\"cml94bejx00051360oftmcm9a\",0]","service":"preplyte-api","timestamp":"2026-02-06 09:59:14"}
{"level":"debug","message":"Duration: 0ms","service":"preplyte-api","timestamp":"2026-02-06 09:59:14"}
{"level":"debug","message":"Query: SELECT \"public\".\"lms_topics\".\"id\", \"public\".\"lms_topics\".\"moduleId\", \"public\".\"lms_topics\".\"title\", \"public\".\"lms_topics\".\"description\", \"public\".\"lms_topics\".\"order\", \"public\".\"lms_topics\".\"theoryContent\", \"public\".\"lms_topics\".\"videoUrl\", \"public\".\"lms_topics\".\"videoDuration\", \"public\".\"lms_topics\".\"estimatedMinutes\", \"public\".\"lms_topics\".\"resources\", \"public\".\"lms_topics\".\"isActive\", \"public\".\"lms_topics\".\"createdAt\", \"public\".\"lms_topics\".\"updatedAt\" FROM \"public\".\"lms_topics\" WHERE \"public\".\"lms_topics\".\"moduleId\" IN ($1) ORDER BY \"public\".\"lms_topics\".\"order\" ASC OFFSET $2","service":"preplyte-api","timestamp":"2026-02-06 09:59:14"}
{"level":"debug","message":"Params: [\"cmladu3py0002i0nawtrmw7x2\",0]","service":"preplyte-api","timestamp":"2026-02-06 09:59:14"}
{"level":"debug","message":"Duration: 0ms","service":"preplyte-api","timestamp":"2026-02-06 09:59:14"}
{"level":"debug","message":"Query: SELECT \"public\".\"lms_module_tests\".\"id\", \"public\".\"lms_module_tests\".\"moduleId\", \"public\".\"lms_module_tests\".\"title\", \"public\".\"lms_module_tests\".\"instructions\", \"public\".\"lms_module_tests\".\"totalQuestions\", \"public\".\"lms_module_tests\".\"passingScore\", \"public\".\"lms_module_tests\".\"timeLimitMinutes\", \"public\".\"lms_module_tests\".\"maxAttempts\", \"public\".\"lms_module_tests\".\"pointsPerQuestion\", \"public\".\"lms_module_tests\".\"totalPoints\", \"public\".\"lms_module_tests\".\"isActive\", \"public\".\"lms_module_tests\".\"createdAt\", \"public\".\"lms_module_tests\".\"updatedAt\" FROM \"public\".\"lms_module_tests\" WHERE \"public\".\"lms_module_tests\".\"moduleId\" IN ($1) OFFSET $2","service":"preplyte-api","timestamp":"2026-02-06 09:59:14"}
{"level":"debug","message":"Params: [\"cmladu3py0002i0nawtrmw7x2\",0]","service":"preplyte-api","timestamp":"2026-02-06 09:59:14"}
{"level":"debug","message":"Duration: 1ms","service":"preplyte-api","timestamp":"2026-02-06 09:59:14"}
{"level":"debug","message":"Query: SELECT \"public\".\"lms_final_tests\".\"id\", \"public\".\"lms_final_tests\".\"courseId\", \"public\".\"lms_final_tests\".\"title\", \"public\".\"lms_final_tests\".\"instructions\", \"public\".\"lms_final_tests\".\"totalQuestions\", \"public\".\"lms_final_tests\".\"passingScore\", \"public\".\"lms_final_tests\".\"timeLimitMinutes\", \"public\".\"lms_final_tests\".\"pointsPerQuestion\", \"public\".\"lms_final_tests\".\"totalPoints\", \"public\".\"lms_final_tests\".\"maxAttempts\", \"public\".\"lms_final_tests\".\"isActive\", \"public\".\"lms_final_tests\".\"createdAt\", \"public\".\"lms_final_tests\".\"updatedAt\" FROM \"public\".\"lms_final_tests\" WHERE \"public\".\"lms_final_tests\".\"courseId\" IN ($1) OFFSET $2","service":"preplyte-api","timestamp":"2026-02-06 09:59:14"}
{"level":"debug","message":"Params: [\"cml94bejx00051360oftmcm9a\",0]","service":"preplyte-api","timestamp":"2026-02-06 09:59:14"}
{"level":"debug","message":"Duration: 0ms","service":"preplyte-api","timestamp":"2026-02-06 09:59:14"}
{"level":"info","message":"\u001b[0mGET /api/admin/lms/courses/cml94bejx00051360oftmcm9a \u001b[36m304\u001b[0m 21.738 ms - -\u001b[0m","service":"preplyte-api","timestamp":"2026-02-06 09:59:14"}
{"level":"debug","message":"Query: SELECT \"public\".\"users\".\"id\", \"public\".\"users\".\"email\", \"public\".\"users\".\"role\"::text, \"public\".\"users\".\"instituteId\", \"public\".\"users\".\"isActive\", \"public\".\"users\".\"tokenVersion\" FROM \"public\".\"users\" WHERE (\"public\".\"users\".\"id\" = $1 AND 1=1) LIMIT $2 OFFSET $3","service":"preplyte-api","timestamp":"2026-02-06 09:59:14"}
{"level":"debug","message":"Params: [\"cml92r5r50001q3oopvkslp23\",1,0]","service":"preplyte-api","timestamp":"2026-02-06 09:59:14"}
{"level":"debug","message":"Duration: 0ms","service":"preplyte-api","timestamp":"2026-02-06 09:59:14"}
{"level":"debug","message":"Query: SELECT \"public\".\"lms_modules\".\"id\", \"public\".\"lms_modules\".\"courseId\", \"public\".\"lms_modules\".\"title\", \"public\".\"lms_modules\".\"shortDescription\", \"public\".\"lms_modules\".\"description\", \"public\".\"lms_modules\".\"order\", \"public\".\"lms_modules\".\"totalTopics\", \"public\".\"lms_modules\".\"points\", \"public\".\"lms_modules\".\"estimatedMinutes\", \"public\".\"lms_modules\".\"isActive\", \"public\".\"lms_modules\".\"createdAt\", \"public\".\"lms_modules\".\"updatedAt\" FROM \"public\".\"lms_modules\" WHERE \"public\".\"lms_modules\".\"courseId\" = $1 ORDER BY \"public\".\"lms_modules\".\"order\" ASC OFFSET $2","service":"preplyte-api","timestamp":"2026-02-06 09:59:14"}
{"level":"debug","message":"Params: [\"cml94bejx00051360oftmcm9a\",0]","service":"preplyte-api","timestamp":"2026-02-06 09:59:14"}
{"level":"debug","message":"Duration: 0ms","service":"preplyte-api","timestamp":"2026-02-06 09:59:14"}
{"level":"info","message":"\u001b[0mGET /api/admin/lms/courses/cml94bejx00051360oftmcm9a/modules?courseId=cml94bejx00051360oftmcm9a \u001b[32m200\u001b[0m 9.866 ms - 328\u001b[0m","service":"preplyte-api","timestamp":"2026-02-06 09:59:14"}
{"level":"debug","message":"Query: SELECT 1","service":"preplyte-api","timestamp":"2026-02-06 09:59:27"}
{"level":"debug","message":"Params: []","service":"preplyte-api","timestamp":"2026-02-06 09:59:27"}
{"level":"debug","message":"Duration: 0ms","service":"preplyte-api","timestamp":"2026-02-06 09:59:27"}
{"level":"debug","message":"Query: SELECT \"public\".\"users\".\"id\", \"public\".\"users\".\"email\", \"public\".\"users\".\"role\"::text, \"public\".\"users\".\"instituteId\", \"public\".\"users\".\"isActive\", \"public\".\"users\".\"tokenVersion\" FROM \"public\".\"users\" WHERE (\"public\".\"users\".\"id\" = $1 AND 1=1) LIMIT $2 OFFSET $3","service":"preplyte-api","timestamp":"2026-02-06 09:59:27"}
{"level":"debug","message":"Params: [\"cml92r5r50001q3oopvkslp23\",1,0]","service":"preplyte-api","timestamp":"2026-02-06 09:59:27"}
{"level":"debug","message":"Duration: 0ms","service":"preplyte-api","timestamp":"2026-02-06 09:59:27"}
{"level":"debug","message":"Query: SELECT \"public\".\"lms_categories\".\"id\", \"public\".\"lms_categories\".\"name\", \"public\".\"lms_categories\".\"slug\", \"public\".\"lms_categories\".\"description\", \"public\".\"lms_categories\".\"iconUrl\", \"public\".\"lms_categories\".\"order\", \"public\".\"lms_categories\".\"isActive\", \"public\".\"lms_categories\".\"createdAt\", \"public\".\"lms_categories\".\"updatedAt\", COALESCE(\"aggr_selection_0_LmsCourse\".\"_aggr_count_courses\", 0) AS \"_aggr_count_courses\" FROM \"public\".\"lms_categories\" LEFT JOIN (SELECT \"public\".\"lms_courses\".\"categoryId\", COUNT(*) AS \"_aggr_count_courses\" FROM \"public\".\"lms_courses\" WHERE 1=1 GROUP BY \"public\".\"lms_courses\".\"categoryId\") AS \"aggr_selection_0_LmsCourse\" ON (\"public\".\"lms_categories\".\"id\" = \"aggr_selection_0_LmsCourse\".\"categoryId\") WHERE 1=1 ORDER BY \"public\".\"lms_categories\".\"order\" ASC OFFSET $1","service":"preplyte-api","timestamp":"2026-02-06 09:59:27"}
{"level":"debug","message":"Params: [0]","service":"preplyte-api","timestamp":"2026-02-06 09:59:27"}
{"level":"debug","message":"Duration: 1ms","service":"preplyte-api","timestamp":"2026-02-06 09:59:27"}
{"level":"info","message":"\u001b[0mGET /api/admin/lms/categories \u001b[36m304\u001b[0m 11.372 ms - -\u001b[0m","service":"preplyte-api","timestamp":"2026-02-06 09:59:27"}
{"level":"debug","message":"Query: SELECT 1","service":"preplyte-api","timestamp":"2026-02-06 10:00:15"}
{"level":"debug","message":"Params: []","service":"preplyte-api","timestamp":"2026-02-06 10:00:15"}
{"level":"debug","message":"Duration: 0ms","service":"preplyte-api","timestamp":"2026-02-06 10:00:15"}
{"level":"debug","message":"Query: SELECT \"public\".\"users\".\"id\", \"public\".\"users\".\"email\", \"public\".\"users\".\"role\"::text, \"public\".\"users\".\"instituteId\", \"public\".\"users\".\"isActive\", \"public\".\"users\".\"tokenVersion\" FROM \"public\".\"users\" WHERE (\"public\".\"users\".\"id\" = $1 AND 1=1) LIMIT $2 OFFSET $3","service":"preplyte-api","timestamp":"2026-02-06 10:00:15"}
{"level":"debug","message":"Params: [\"cml92r5r50001q3oopvkslp23\",1,0]","service":"preplyte-api","timestamp":"2026-02-06 10:00:15"}
{"level":"debug","message":"Duration: 0ms","service":"preplyte-api","timestamp":"2026-02-06 10:00:15"}
{"level":"debug","message":"Query: SELECT \"public\".\"lms_courses\".\"id\", \"public\".\"lms_courses\".\"categoryId\", \"public\".\"lms_courses\".\"title\", \"public\".\"lms_courses\".\"slug\", \"public\".\"lms_courses\".\"shortDescription\", \"public\".\"lms_courses\".\"description\", \"public\".\"lms_courses\".\"thumbnailUrl\", \"public\".\"lms_courses\".\"previewVideoUrl\", \"public\".\"lms_courses\".\"totalModules\", \"public\".\"lms_courses\".\"totalTopics\", \"public\".\"lms_courses\".\"totalPoints\", \"public\".\"lms_courses\".\"totalHours\", \"public\".\"lms_courses\".\"price\", \"public\".\"lms_courses\".\"discountPrice\", \"public\".\"lms_courses\".\"currency\", \"public\".\"lms_courses\".\"status\"::text, \"public\".\"lms_courses\".\"isActive\", \"public\".\"lms_courses\".\"certificateEnabled\", \"public\".\"lms_courses\".\"passingPercentage\", \"public\".\"lms_courses\".\"tags\", \"public\".\"lms_courses\".\"difficulty\"::text, \"public\".\"lms_courses\".\"instructor\", \"public\".\"lms_courses\".\"language\", \"public\".\"lms_courses\".\"createdAt\", \"public\".\"lms_courses\".\"updatedAt\", \"public\".\"lms_courses\".\"publishedAt\", COALESCE(\"aggr_selection_0_LmsModule\".\"_aggr_count_modules\", 0) AS \"_aggr_count_modules\", COALESCE(\"aggr_selection_1_LmsEnrollment\".\"_aggr_count_enrollments\", 0) AS \"_aggr_count_enrollments\" FROM \"public\".\"lms_courses\" LEFT JOIN (SELECT \"public\".\"lms_modules\".\"courseId\", COUNT(*) AS \"_aggr_count_modules\" FROM \"public\".\"lms_modules\" WHERE 1=1 GROUP BY \"public\".\"lms_modules\".\"courseId\") AS \"aggr_selection_0_LmsModule\" ON (\"public\".\"lms_courses\".\"id\" = \"aggr_selection_0_LmsModule\".\"courseId\") LEFT JOIN (SELECT \"public\".\"lms_enrollments\".\"courseId\", COUNT(*) AS \"_aggr_count_enrollments\" FROM \"public\".\"lms_enrollments\" WHERE 1=1 GROUP BY \"public\".\"lms_enrollments\".\"courseId\") AS \"aggr_selection_1_LmsEnrollment\" ON (\"public\".\"lms_courses\".\"id\" = \"aggr_selection_1_LmsEnrollment\".\"courseId\") WHERE 1=1 ORDER BY \"public\".\"lms_courses\".\"createdAt\" DESC OFFSET $1","service":"preplyte-api","timestamp":"2026-02-06 10:00:15"}
{"level":"debug","message":"Params: [0]","service":"preplyte-api","timestamp":"2026-02-06 10:00:15"}
{"level":"debug","message":"Duration: 2ms","service":"preplyte-api","timestamp":"2026-02-06 10:00:15"}
{"level":"debug","message":"Query: SELECT \"public\".\"lms_categories\".\"id\", \"public\".\"lms_categories\".\"name\", \"public\".\"lms_categories\".\"slug\", \"public\".\"lms_categories\".\"description\", \"public\".\"lms_categories\".\"iconUrl\", \"public\".\"lms_categories\".\"order\", \"public\".\"lms_categories\".\"isActive\", \"public\".\"lms_categories\".\"createdAt\", \"public\".\"lms_categories\".\"updatedAt\" FROM \"public\".\"lms_categories\" WHERE \"public\".\"lms_categories\".\"id\" IN ($1) OFFSET $2","service":"preplyte-api","timestamp":"2026-02-06 10:00:15"}
{"level":"debug","message":"Params: [\"cml92k1i3000017d0bq70mkrl\",0]","service":"preplyte-api","timestamp":"2026-02-06 10:00:15"}
{"level":"debug","message":"Duration: 0ms","service":"preplyte-api","timestamp":"2026-02-06 10:00:15"}
{"level":"info","message":"\u001b[0mGET /api/admin/lms/courses?page=1&limit=10&search= \u001b[36m304\u001b[0m 15.640 ms - -\u001b[0m","service":"preplyte-api","timestamp":"2026-02-06 10:00:15"}
{"level":"debug","message":"Query: SELECT \"public\".\"users\".\"id\", \"public\".\"users\".\"email\", \"public\".\"users\".\"role\"::text, \"public\".\"users\".\"instituteId\", \"public\".\"users\".\"isActive\", \"public\".\"users\".\"tokenVersion\" FROM \"public\".\"users\" WHERE (\"public\".\"users\".\"id\" = $1 AND 1=1) LIMIT $2 OFFSET $3","service":"preplyte-api","timestamp":"2026-02-06 10:00:17"}
{"level":"debug","message":"Params: [\"cml92r5r50001q3oopvkslp23\",1,0]","service":"preplyte-api","timestamp":"2026-02-06 10:00:17"}
{"level":"debug","message":"Duration: 0ms","service":"preplyte-api","timestamp":"2026-02-06 10:00:17"}
{"level":"debug","message":"Query: SELECT \"public\".\"users\".\"id\", \"public\".\"users\".\"email\", \"public\".\"users\".\"role\"::text, \"public\".\"users\".\"instituteId\", \"public\".\"users\".\"isActive\", \"public\".\"users\".\"tokenVersion\" FROM \"public\".\"users\" WHERE (\"public\".\"users\".\"id\" = $1 AND 1=1) LIMIT $2 OFFSET $3","service":"preplyte-api","timestamp":"2026-02-06 10:00:17"}
{"level":"debug","message":"Params: [\"cml92r5r50001q3oopvkslp23\",1,0]","service":"preplyte-api","timestamp":"2026-02-06 10:00:17"}
{"level":"debug","message":"Duration: 0ms","service":"preplyte-api","timestamp":"2026-02-06 10:00:17"}
{"level":"debug","message":"Query: SELECT 1","service":"preplyte-api","timestamp":"2026-02-06 10:00:17"}
{"level":"debug","message":"Params: []","service":"preplyte-api","timestamp":"2026-02-06 10:00:17"}
{"level":"debug","message":"Duration: 0ms","service":"preplyte-api","timestamp":"2026-02-06 10:00:17"}
{"level":"debug","message":"Query: SELECT \"public\".\"lms_courses\".\"id\", \"public\".\"lms_courses\".\"categoryId\", \"public\".\"lms_courses\".\"title\", \"public\".\"lms_courses\".\"slug\", \"public\".\"lms_courses\".\"shortDescription\", \"public\".\"lms_courses\".\"description\", \"public\".\"lms_courses\".\"thumbnailUrl\", \"public\".\"lms_courses\".\"previewVideoUrl\", \"public\".\"lms_courses\".\"totalModules\", \"public\".\"lms_courses\".\"totalTopics\", \"public\".\"lms_courses\".\"totalPoints\", \"public\".\"lms_courses\".\"totalHours\", \"public\".\"lms_courses\".\"price\", \"public\".\"lms_courses\".\"discountPrice\", \"public\".\"lms_courses\".\"currency\", \"public\".\"lms_courses\".\"status\"::text, \"public\".\"lms_courses\".\"isActive\", \"public\".\"lms_courses\".\"certificateEnabled\", \"public\".\"lms_courses\".\"passingPercentage\", \"public\".\"lms_courses\".\"tags\", \"public\".\"lms_courses\".\"difficulty\"::text, \"public\".\"lms_courses\".\"instructor\", \"public\".\"lms_courses\".\"language\", \"public\".\"lms_courses\".\"createdAt\", \"public\".\"lms_courses\".\"updatedAt\", \"public\".\"lms_courses\".\"publishedAt\", COALESCE(\"aggr_selection_0_LmsEnrollment\".\"_aggr_count_enrollments\", 0) AS \"_aggr_count_enrollments\" FROM \"public\".\"lms_courses\" LEFT JOIN (SELECT \"public\".\"lms_enrollments\".\"courseId\", COUNT(*) AS \"_aggr_count_enrollments\" FROM \"public\".\"lms_enrollments\" WHERE 1=1 GROUP BY \"public\".\"lms_enrollments\".\"courseId\") AS \"aggr_selection_0_LmsEnrollment\" ON (\"public\".\"lms_courses\".\"id\" = \"aggr_selection_0_LmsEnrollment\".\"courseId\") WHERE (\"public\".\"lms_courses\".\"id\" = $1 AND 1=1) LIMIT $2 OFFSET $3","service":"preplyte-api","timestamp":"2026-02-06 10:00:17"}
{"level":"debug","message":"Params: [\"cml94bejx00051360oftmcm9a\",1,0]","service":"preplyte-api","timestamp":"2026-02-06 10:00:17"}
{"level":"debug","message":"Duration: 0ms","service":"preplyte-api","timestamp":"2026-02-06 10:00:17"}
{"level":"debug","message":"Query: SELECT \"public\".\"lms_modules\".\"id\", \"public\".\"lms_modules\".\"courseId\", \"public\".\"lms_modules\".\"title\", \"public\".\"lms_modules\".\"shortDescription\", \"public\".\"lms_modules\".\"description\", \"public\".\"lms_modules\".\"order\", \"public\".\"lms_modules\".\"totalTopics\", \"public\".\"lms_modules\".\"points\", \"public\".\"lms_modules\".\"estimatedMinutes\", \"public\".\"lms_modules\".\"isActive\", \"public\".\"lms_modules\".\"createdAt\", \"public\".\"lms_modules\".\"updatedAt\" FROM \"public\".\"lms_modules\" WHERE \"public\".\"lms_modules\".\"courseId\" = $1 ORDER BY \"public\".\"lms_modules\".\"order\" ASC OFFSET $2","service":"preplyte-api","timestamp":"2026-02-06 10:00:17"}
{"level":"debug","message":"Params: [\"cml94bejx00051360oftmcm9a\",0]","service":"preplyte-api","timestamp":"2026-02-06 10:00:17"}
{"level":"debug","message":"Duration: 2ms","service":"preplyte-api","timestamp":"2026-02-06 10:00:17"}
{"level":"debug","message":"Query: SELECT \"public\".\"lms_categories\".\"id\", \"public\".\"lms_categories\".\"name\", \"public\".\"lms_categories\".\"slug\", \"public\".\"lms_categories\".\"description\", \"public\".\"lms_categories\".\"iconUrl\", \"public\".\"lms_categories\".\"order\", \"public\".\"lms_categories\".\"isActive\", \"public\".\"lms_categories\".\"createdAt\", \"public\".\"lms_categories\".\"updatedAt\" FROM \"public\".\"lms_categories\" WHERE \"public\".\"lms_categories\".\"id\" IN ($1) OFFSET $2","service":"preplyte-api","timestamp":"2026-02-06 10:00:17"}
{"level":"debug","message":"Params: [\"cml92k1i3000017d0bq70mkrl\",0]","service":"preplyte-api","timestamp":"2026-02-06 10:00:17"}
{"level":"debug","message":"Duration: 1ms","service":"preplyte-api","timestamp":"2026-02-06 10:00:17"}
{"level":"debug","message":"Query: SELECT \"public\".\"lms_modules\".\"id\", \"public\".\"lms_modules\".\"courseId\", \"public\".\"lms_modules\".\"title\", \"public\".\"lms_modules\".\"shortDescription\", \"public\".\"lms_modules\".\"description\", \"public\".\"lms_modules\".\"order\", \"public\".\"lms_modules\".\"totalTopics\", \"public\".\"lms_modules\".\"points\", \"public\".\"lms_modules\".\"estimatedMinutes\", \"public\".\"lms_modules\".\"isActive\", \"public\".\"lms_modules\".\"createdAt\", \"public\".\"lms_modules\".\"updatedAt\" FROM \"public\".\"lms_modules\" WHERE \"public\".\"lms_modules\".\"courseId\" IN ($1) ORDER BY \"public\".\"lms_modules\".\"order\" ASC OFFSET $2","service":"preplyte-api","timestamp":"2026-02-06 10:00:17"}
{"level":"debug","message":"Params: [\"cml94bejx00051360oftmcm9a\",0]","service":"preplyte-api","timestamp":"2026-02-06 10:00:17"}
{"level":"debug","message":"Duration: 0ms","service":"preplyte-api","timestamp":"2026-02-06 10:00:17"}
{"level":"debug","message":"Query: SELECT \"public\".\"lms_topics\".\"id\", \"public\".\"lms_topics\".\"moduleId\", \"public\".\"lms_topics\".\"title\", \"public\".\"lms_topics\".\"description\", \"public\".\"lms_topics\".\"order\", \"public\".\"lms_topics\".\"theoryContent\", \"public\".\"lms_topics\".\"videoUrl\", \"public\".\"lms_topics\".\"videoDuration\", \"public\".\"lms_topics\".\"estimatedMinutes\", \"public\".\"lms_topics\".\"resources\", \"public\".\"lms_topics\".\"isActive\", \"public\".\"lms_topics\".\"createdAt\", \"public\".\"lms_topics\".\"updatedAt\" FROM \"public\".\"lms_topics\" WHERE \"public\".\"lms_topics\".\"moduleId\" IN ($1) ORDER BY \"public\".\"lms_topics\".\"order\" ASC OFFSET $2","service":"preplyte-api","timestamp":"2026-02-06 10:00:17"}
{"level":"debug","message":"Params: [\"cmladu3py0002i0nawtrmw7x2\",0]","service":"preplyte-api","timestamp":"2026-02-06 10:00:17"}
{"level":"debug","message":"Duration: 0ms","service":"preplyte-api","timestamp":"2026-02-06 10:00:17"}
{"level":"debug","message":"Query: SELECT \"public\".\"lms_module_tests\".\"id\", \"public\".\"lms_module_tests\".\"moduleId\", \"public\".\"lms_module_tests\".\"title\", \"public\".\"lms_module_tests\".\"instructions\", \"public\".\"lms_module_tests\".\"totalQuestions\", \"public\".\"lms_module_tests\".\"passingScore\", \"public\".\"lms_module_tests\".\"timeLimitMinutes\", \"public\".\"lms_module_tests\".\"maxAttempts\", \"public\".\"lms_module_tests\".\"pointsPerQuestion\", \"public\".\"lms_module_tests\".\"totalPoints\", \"public\".\"lms_module_tests\".\"isActive\", \"public\".\"lms_module_tests\".\"createdAt\", \"public\".\"lms_module_tests\".\"updatedAt\" FROM \"public\".\"lms_module_tests\" WHERE \"public\".\"lms_module_tests\".\"moduleId\" IN ($1) OFFSET $2","service":"preplyte-api","timestamp":"2026-02-06 10:00:17"}
{"level":"debug","message":"Params: [\"cmladu3py0002i0nawtrmw7x2\",0]","service":"preplyte-api","timestamp":"2026-02-06 10:00:17"}
{"level":"debug","message":"Duration: 0ms","service":"preplyte-api","timestamp":"2026-02-06 10:00:17"}
{"level":"debug","message":"Query: SELECT \"public\".\"lms_final_tests\".\"id\", \"public\".\"lms_final_tests\".\"courseId\", \"public\".\"lms_final_tests\".\"title\", \"public\".\"lms_final_tests\".\"instructions\", \"public\".\"lms_final_tests\".\"totalQuestions\", \"public\".\"lms_final_tests\".\"passingScore\", \"public\".\"lms_final_tests\".\"timeLimitMinutes\", \"public\".\"lms_final_tests\".\"pointsPerQuestion\", \"public\".\"lms_final_tests\".\"totalPoints\", \"public\".\"lms_final_tests\".\"maxAttempts\", \"public\".\"lms_final_tests\".\"isActive\", \"public\".\"lms_final_tests\".\"createdAt\", \"public\".\"lms_final_tests\".\"updatedAt\" FROM \"public\".\"lms_final_tests\" WHERE \"public\".\"lms_final_tests\".\"courseId\" IN ($1) OFFSET $2","service":"preplyte-api","timestamp":"2026-02-06 10:00:17"}
{"level":"debug","message":"Params: [\"cml94bejx00051360oftmcm9a\",0]","service":"preplyte-api","timestamp":"2026-02-06 10:00:17"}
{"level":"debug","message":"Duration: 0ms","service":"preplyte-api","timestamp":"2026-02-06 10:00:17"}
{"level":"info","message":"\u001b[0mGET /api/admin/lms/courses/cml94bejx00051360oftmcm9a/modules?courseId=cml94bejx00051360oftmcm9a \u001b[36m304\u001b[0m 26.725 ms - -\u001b[0m","service":"preplyte-api","timestamp":"2026-02-06 10:00:17"}
{"level":"info","message":"\u001b[0mGET /api/admin/lms/courses/cml94bejx00051360oftmcm9a \u001b[36m304\u001b[0m 31.763 ms - -\u001b[0m","service":"preplyte-api","timestamp":"2026-02-06 10:00:17"}
{"level":"debug","message":"Query: SELECT 1","service":"preplyte-api","timestamp":"2026-02-06 10:00:47"}
{"level":"debug","message":"Params: []","service":"preplyte-api","timestamp":"2026-02-06 10:00:47"}
{"level":"debug","message":"Duration: 0ms","service":"preplyte-api","timestamp":"2026-02-06 10:00:47"}
{"level":"debug","message":"Query: SELECT \"public\".\"users\".\"id\", \"public\".\"users\".\"email\", \"public\".\"users\".\"role\"::text, \"public\".\"users\".\"instituteId\", \"public\".\"users\".\"isActive\", \"public\".\"users\".\"tokenVersion\" FROM \"public\".\"users\" WHERE (\"public\".\"users\".\"id\" = $1 AND 1=1) LIMIT $2 OFFSET $3","service":"preplyte-api","timestamp":"2026-02-06 10:00:47"}
{"level":"debug","message":"Params: [\"cml92r5r50001q3oopvkslp23\",1,0]","service":"preplyte-api","timestamp":"2026-02-06 10:00:47"}
{"level":"debug","message":"Duration: 0ms","service":"preplyte-api","timestamp":"2026-02-06 10:00:47"}
{"level":"debug","message":"Query: SELECT \"public\".\"users\".\"id\", \"public\".\"users\".\"email\", \"public\".\"users\".\"role\"::text, \"public\".\"users\".\"instituteId\", \"public\".\"users\".\"isActive\", \"public\".\"users\".\"tokenVersion\" FROM \"public\".\"users\" WHERE (\"public\".\"users\".\"id\" = $1 AND 1=1) LIMIT $2 OFFSET $3","service":"preplyte-api","timestamp":"2026-02-06 10:00:47"}
{"level":"debug","message":"Params: [\"cml92r5r50001q3oopvkslp23\",1,0]","service":"preplyte-api","timestamp":"2026-02-06 10:00:47"}
{"level":"debug","message":"Duration: 0ms","service":"preplyte-api","timestamp":"2026-02-06 10:00:47"}
{"level":"debug","message":"Query: SELECT 1","service":"preplyte-api","timestamp":"2026-02-06 10:00:47"}
{"level":"debug","message":"Params: []","service":"preplyte-api","timestamp":"2026-02-06 10:00:47"}
{"level":"debug","message":"Duration: 0ms","service":"preplyte-api","timestamp":"2026-02-06 10:00:47"}
{"level":"debug","message":"Query: SELECT \"public\".\"lms_courses\".\"id\", \"public\".\"lms_courses\".\"categoryId\", \"public\".\"lms_courses\".\"title\", \"public\".\"lms_courses\".\"slug\", \"public\".\"lms_courses\".\"shortDescription\", \"public\".\"lms_courses\".\"description\", \"public\".\"lms_courses\".\"thumbnailUrl\", \"public\".\"lms_courses\".\"previewVideoUrl\", \"public\".\"lms_courses\".\"totalModules\", \"public\".\"lms_courses\".\"totalTopics\", \"public\".\"lms_courses\".\"totalPoints\", \"public\".\"lms_courses\".\"totalHours\", \"public\".\"lms_courses\".\"price\", \"public\".\"lms_courses\".\"discountPrice\", \"public\".\"lms_courses\".\"currency\", \"public\".\"lms_courses\".\"status\"::text, \"public\".\"lms_courses\".\"isActive\", \"public\".\"lms_courses\".\"certificateEnabled\", \"public\".\"lms_courses\".\"passingPercentage\", \"public\".\"lms_courses\".\"tags\", \"public\".\"lms_courses\".\"difficulty\"::text, \"public\".\"lms_courses\".\"instructor\", \"public\".\"lms_courses\".\"language\", \"public\".\"lms_courses\".\"createdAt\", \"public\".\"lms_courses\".\"updatedAt\", \"public\".\"lms_courses\".\"publishedAt\", COALESCE(\"aggr_selection_0_LmsEnrollment\".\"_aggr_count_enrollments\", 0) AS \"_aggr_count_enrollments\" FROM \"public\".\"lms_courses\" LEFT JOIN (SELECT \"public\".\"lms_enrollments\".\"courseId\", COUNT(*) AS \"_aggr_count_enrollments\" FROM \"public\".\"lms_enrollments\" WHERE 1=1 GROUP BY \"public\".\"lms_enrollments\".\"courseId\") AS \"aggr_selection_0_LmsEnrollment\" ON (\"public\".\"lms_courses\".\"id\" = \"aggr_selection_0_LmsEnrollment\".\"courseId\") WHERE (\"public\".\"lms_courses\".\"id\" = $1 AND 1=1) LIMIT $2 OFFSET $3","service":"preplyte-api","timestamp":"2026-02-06 10:00:47"}
{"level":"debug","message":"Params: [\"cml93bbti0001h2p0y0h24vng\",1,0]","service":"preplyte-api","timestamp":"2026-02-06 10:00:47"}
{"level":"debug","message":"Duration: 1ms","service":"preplyte-api","timestamp":"2026-02-06 10:00:47"}
{"level":"debug","message":"Query: SELECT \"public\".\"lms_modules\".\"id\", \"public\".\"lms_modules\".\"courseId\", \"public\".\"lms_modules\".\"title\", \"public\".\"lms_modules\".\"shortDescription\", \"public\".\"lms_modules\".\"description\", \"public\".\"lms_modules\".\"order\", \"public\".\"lms_modules\".\"totalTopics\", \"public\".\"lms_modules\".\"points\", \"public\".\"lms_modules\".\"estimatedMinutes\", \"public\".\"lms_modules\".\"isActive\", \"public\".\"lms_modules\".\"createdAt\", \"public\".\"lms_modules\".\"updatedAt\" FROM \"public\".\"lms_modules\" WHERE \"public\".\"lms_modules\".\"courseId\" = $1 ORDER BY \"public\".\"lms_modules\".\"order\" ASC OFFSET $2","service":"preplyte-api","timestamp":"2026-02-06 10:00:47"}
{"level":"debug","message":"Params: [\"cml93bbti0001h2p0y0h24vng\",0]","service":"preplyte-api","timestamp":"2026-02-06 10:00:47"}
{"level":"debug","message":"Duration: 0ms","service":"preplyte-api","timestamp":"2026-02-06 10:00:47"}
{"level":"debug","message":"Query: SELECT \"public\".\"lms_categories\".\"id\", \"public\".\"lms_categories\".\"name\", \"public\".\"lms_categories\".\"slug\", \"public\".\"lms_categories\".\"description\", \"public\".\"lms_categories\".\"iconUrl\", \"public\".\"lms_categories\".\"order\", \"public\".\"lms_categories\".\"isActive\", \"public\".\"lms_categories\".\"createdAt\", \"public\".\"lms_categories\".\"updatedAt\" FROM \"public\".\"lms_categories\" WHERE \"public\".\"lms_categories\".\"id\" IN ($1) OFFSET $2","service":"preplyte-api","timestamp":"2026-02-06 10:00:47"}
{"level":"debug","message":"Params: [\"cml92k1i3000017d0bq70mkrl\",0]","service":"preplyte-api","timestamp":"2026-02-06 10:00:47"}
{"level":"debug","message":"Duration: 0ms","service":"preplyte-api","timestamp":"2026-02-06 10:00:47"}
{"level":"debug","message":"Query: SELECT \"public\".\"lms_modules\".\"id\", \"public\".\"lms_modules\".\"courseId\", \"public\".\"lms_modules\".\"title\", \"public\".\"lms_modules\".\"shortDescription\", \"public\".\"lms_modules\".\"description\", \"public\".\"lms_modules\".\"order\", \"public\".\"lms_modules\".\"totalTopics\", \"public\".\"lms_modules\".\"points\", \"public\".\"lms_modules\".\"estimatedMinutes\", \"public\".\"lms_modules\".\"isActive\", \"public\".\"lms_modules\".\"createdAt\", \"public\".\"lms_modules\".\"updatedAt\" FROM \"public\".\"lms_modules\" WHERE \"public\".\"lms_modules\".\"courseId\" IN ($1) ORDER BY \"public\".\"lms_modules\".\"order\" ASC OFFSET $2","service":"preplyte-api","timestamp":"2026-02-06 10:00:47"}
{"level":"debug","message":"Params: [\"cml93bbti0001h2p0y0h24vng\",0]","service":"preplyte-api","timestamp":"2026-02-06 10:00:47"}
{"level":"debug","message":"Duration: 0ms","service":"preplyte-api","timestamp":"2026-02-06 10:00:47"}
{"level":"debug","message":"Query: SELECT \"public\".\"lms_final_tests\".\"id\", \"public\".\"lms_final_tests\".\"courseId\", \"public\".\"lms_final_tests\".\"title\", \"public\".\"lms_final_tests\".\"instructions\", \"public\".\"lms_final_tests\".\"totalQuestions\", \"public\".\"lms_final_tests\".\"passingScore\", \"public\".\"lms_final_tests\".\"timeLimitMinutes\", \"public\".\"lms_final_tests\".\"pointsPerQuestion\", \"public\".\"lms_final_tests\".\"totalPoints\", \"public\".\"lms_final_tests\".\"maxAttempts\", \"public\".\"lms_final_tests\".\"isActive\", \"public\".\"lms_final_tests\".\"createdAt\", \"public\".\"lms_final_tests\".\"updatedAt\" FROM \"public\".\"lms_final_tests\" WHERE \"public\".\"lms_final_tests\".\"courseId\" IN ($1) OFFSET $2","service":"preplyte-api","timestamp":"2026-02-06 10:00:47"}
{"level":"debug","message":"Params: [\"cml93bbti0001h2p0y0h24vng\",0]","service":"preplyte-api","timestamp":"2026-02-06 10:00:47"}
{"level":"debug","message":"Duration: 0ms","service":"preplyte-api","timestamp":"2026-02-06 10:00:47"}
{"level":"info","message":"\u001b[0mGET /api/admin/lms/courses/cml93bbti0001h2p0y0h24vng/modules?courseId=cml93bbti0001h2p0y0h24vng \u001b[36m304\u001b[0m 25.113 ms - -\u001b[0m","service":"preplyte-api","timestamp":"2026-02-06 10:00:47"}
{"level":"info","message":"\u001b[0mGET /api/admin/lms/courses/cml93bbti0001h2p0y0h24vng \u001b[36m304\u001b[0m 30.991 ms - -\u001b[0m","service":"preplyte-api","timestamp":"2026-02-06 10:00:47"}
{"level":"debug","message":"Query: SELECT \"public\".\"users\".\"id\", \"public\".\"users\".\"email\", \"public\".\"users\".\"role\"::text, \"public\".\"users\".\"instituteId\", \"public\".\"users\".\"isActive\", \"public\".\"users\".\"tokenVersion\" FROM \"public\".\"users\" WHERE (\"public\".\"users\".\"id\" = $1 AND 1=1) LIMIT $2 OFFSET $3","service":"preplyte-api","timestamp":"2026-02-06 10:00:50"}
{"level":"debug","message":"Params: [\"cml92r5r50001q3oopvkslp23\",1,0]","service":"preplyte-api","timestamp":"2026-02-06 10:00:50"}
{"level":"debug","message":"Duration: 0ms","service":"preplyte-api","timestamp":"2026-02-06 10:00:50"}
{"level":"debug","message":"Query: SELECT \"public\".\"users\".\"id\", \"public\".\"users\".\"email\", \"public\".\"users\".\"role\"::text, \"public\".\"users\".\"instituteId\", \"public\".\"users\".\"isActive\", \"public\".\"users\".\"tokenVersion\" FROM \"public\".\"users\" WHERE (\"public\".\"users\".\"id\" = $1 AND 1=1) LIMIT $2 OFFSET $3","service":"preplyte-api","timestamp":"2026-02-06 10:00:50"}
{"level":"debug","message":"Params: [\"cml92r5r50001q3oopvkslp23\",1,0]","service":"preplyte-api","timestamp":"2026-02-06 10:00:50"}
{"level":"debug","message":"Duration: 0ms","service":"preplyte-api","timestamp":"2026-02-06 10:00:50"}
{"level":"debug","message":"Query: SELECT \"public\".\"lms_modules\".\"id\", \"public\".\"lms_modules\".\"courseId\", \"public\".\"lms_modules\".\"title\", \"public\".\"lms_modules\".\"shortDescription\", \"public\".\"lms_modules\".\"description\", \"public\".\"lms_modules\".\"order\", \"public\".\"lms_modules\".\"totalTopics\", \"public\".\"lms_modules\".\"points\", \"public\".\"lms_modules\".\"estimatedMinutes\", \"public\".\"lms_modules\".\"isActive\", \"public\".\"lms_modules\".\"createdAt\", \"public\".\"lms_modules\".\"updatedAt\" FROM \"public\".\"lms_modules\" WHERE \"public\".\"lms_modules\".\"courseId\" = $1 ORDER BY \"public\".\"lms_modules\".\"order\" ASC OFFSET $2","service":"preplyte-api","timestamp":"2026-02-06 10:00:50"}
{"level":"debug","message":"Params: [\"cml92k1k4000417d09rzlrf37\",0]","service":"preplyte-api","timestamp":"2026-02-06 10:00:50"}
{"level":"debug","message":"Duration: 0ms","service":"preplyte-api","timestamp":"2026-02-06 10:00:50"}
{"level":"debug","message":"Query: SELECT \"public\".\"lms_courses\".\"id\", \"public\".\"lms_courses\".\"categoryId\", \"public\".\"lms_courses\".\"title\", \"public\".\"lms_courses\".\"slug\", \"public\".\"lms_courses\".\"shortDescription\", \"public\".\"lms_courses\".\"description\", \"public\".\"lms_courses\".\"thumbnailUrl\", \"public\".\"lms_courses\".\"previewVideoUrl\", \"public\".\"lms_courses\".\"totalModules\", \"public\".\"lms_courses\".\"totalTopics\", \"public\".\"lms_courses\".\"totalPoints\", \"public\".\"lms_courses\".\"totalHours\", \"public\".\"lms_courses\".\"price\", \"public\".\"lms_courses\".\"discountPrice\", \"public\".\"lms_courses\".\"currency\", \"public\".\"lms_courses\".\"status\"::text, \"public\".\"lms_courses\".\"isActive\", \"public\".\"lms_courses\".\"certificateEnabled\", \"public\".\"lms_courses\".\"passingPercentage\", \"public\".\"lms_courses\".\"tags\", \"public\".\"lms_courses\".\"difficulty\"::text, \"public\".\"lms_courses\".\"instructor\", \"public\".\"lms_courses\".\"language\", \"public\".\"lms_courses\".\"createdAt\", \"public\".\"lms_courses\".\"updatedAt\", \"public\".\"lms_courses\".\"publishedAt\", COALESCE(\"aggr_selection_0_LmsEnrollment\".\"_aggr_count_enrollments\", 0) AS \"_aggr_count_enrollments\" FROM \"public\".\"lms_courses\" LEFT JOIN (SELECT \"public\".\"lms_enrollments\".\"courseId\", COUNT(*) AS \"_aggr_count_enrollments\" FROM \"public\".\"lms_enrollments\" WHERE 1=1 GROUP BY \"public\".\"lms_enrollments\".\"courseId\") AS \"aggr_selection_0_LmsEnrollment\" ON (\"public\".\"lms_courses\".\"id\" = \"aggr_selection_0_LmsEnrollment\".\"courseId\") WHERE (\"public\".\"lms_courses\".\"id\" = $1 AND 1=1) LIMIT $2 OFFSET $3","service":"preplyte-api","timestamp":"2026-02-06 10:00:50"}
{"level":"debug","message":"Params: [\"cml92k1k4000417d09rzlrf37\",1,0]","service":"preplyte-api","timestamp":"2026-02-06 10:00:50"}
{"level":"debug","message":"Duration: 1ms","service":"preplyte-api","timestamp":"2026-02-06 10:00:50"}
{"level":"debug","message":"Query: SELECT \"public\".\"lms_categories\".\"id\", \"public\".\"lms_categories\".\"name\", \"public\".\"lms_categories\".\"slug\", \"public\".\"lms_categories\".\"description\", \"public\".\"lms_categories\".\"iconUrl\", \"public\".\"lms_categories\".\"order\", \"public\".\"lms_categories\".\"isActive\", \"public\".\"lms_categories\".\"createdAt\", \"public\".\"lms_categories\".\"updatedAt\" FROM \"public\".\"lms_categories\" WHERE \"public\".\"lms_categories\".\"id\" IN ($1) OFFSET $2","service":"preplyte-api","timestamp":"2026-02-06 10:00:50"}
{"level":"debug","message":"Params: [\"cml92k1i3000017d0bq70mkrl\",0]","service":"preplyte-api","timestamp":"2026-02-06 10:00:50"}
{"level":"debug","message":"Duration: 0ms","service":"preplyte-api","timestamp":"2026-02-06 10:00:50"}
{"level":"debug","message":"Query: SELECT \"public\".\"lms_modules\".\"id\", \"public\".\"lms_modules\".\"courseId\", \"public\".\"lms_modules\".\"title\", \"public\".\"lms_modules\".\"shortDescription\", \"public\".\"lms_modules\".\"description\", \"public\".\"lms_modules\".\"order\", \"public\".\"lms_modules\".\"totalTopics\", \"public\".\"lms_modules\".\"points\", \"public\".\"lms_modules\".\"estimatedMinutes\", \"public\".\"lms_modules\".\"isActive\", \"public\".\"lms_modules\".\"createdAt\", \"public\".\"lms_modules\".\"updatedAt\" FROM \"public\".\"lms_modules\" WHERE \"public\".\"lms_modules\".\"courseId\" IN ($1) ORDER BY \"public\".\"lms_modules\".\"order\" ASC OFFSET $2","service":"preplyte-api","timestamp":"2026-02-06 10:00:50"}
{"level":"debug","message":"Params: [\"cml92k1k4000417d09rzlrf37\",0]","service":"preplyte-api","timestamp":"2026-02-06 10:00:50"}
{"level":"debug","message":"Duration: 0ms","service":"preplyte-api","timestamp":"2026-02-06 10:00:50"}
{"level":"debug","message":"Query: SELECT \"public\".\"lms_topics\".\"id\", \"public\".\"lms_topics\".\"moduleId\", \"public\".\"lms_topics\".\"title\", \"public\".\"lms_topics\".\"description\", \"public\".\"lms_topics\".\"order\", \"public\".\"lms_topics\".\"theoryContent\", \"public\".\"lms_topics\".\"videoUrl\", \"public\".\"lms_topics\".\"videoDuration\", \"public\".\"lms_topics\".\"estimatedMinutes\", \"public\".\"lms_topics\".\"resources\", \"public\".\"lms_topics\".\"isActive\", \"public\".\"lms_topics\".\"createdAt\", \"public\".\"lms_topics\".\"updatedAt\" FROM \"public\".\"lms_topics\" WHERE \"public\".\"lms_topics\".\"moduleId\" IN ($1,$2,$3,$4,$5) ORDER BY \"public\".\"lms_topics\".\"order\" ASC OFFSET $6","service":"preplyte-api","timestamp":"2026-02-06 10:00:50"}
{"level":"debug","message":"Params: [\"cml92k1ke000617d0l56w3n45\",\"cml92k1kj000817d0x6y6z5f7\",\"cml92k1kl000a17d0yp4e89wr\",\"cml92k1kn000c17d0ocn7frmc\",\"cml92k1kp000e17d03txb42ra\",0]","service":"preplyte-api","timestamp":"2026-02-06 10:00:50"}
{"level":"debug","message":"Duration: 0ms","service":"preplyte-api","timestamp":"2026-02-06 10:00:50"}
{"level":"debug","message":"Query: SELECT \"public\".\"lms_module_tests\".\"id\", \"public\".\"lms_module_tests\".\"moduleId\", \"public\".\"lms_module_tests\".\"title\", \"public\".\"lms_module_tests\".\"instructions\", \"public\".\"lms_module_tests\".\"totalQuestions\", \"public\".\"lms_module_tests\".\"passingScore\", \"public\".\"lms_module_tests\".\"timeLimitMinutes\", \"public\".\"lms_module_tests\".\"maxAttempts\", \"public\".\"lms_module_tests\".\"pointsPerQuestion\", \"public\".\"lms_module_tests\".\"totalPoints\", \"public\".\"lms_module_tests\".\"isActive\", \"public\".\"lms_module_tests\".\"createdAt\", \"public\".\"lms_module_tests\".\"updatedAt\" FROM \"public\".\"lms_module_tests\" WHERE \"public\".\"lms_module_tests\".\"moduleId\" IN ($1,$2,$3,$4,$5) OFFSET $6","service":"preplyte-api","timestamp":"2026-02-06 10:00:50"}
{"level":"debug","message":"Params: [\"cml92k1ke000617d0l56w3n45\",\"cml92k1kj000817d0x6y6z5f7\",\"cml92k1kl000a17d0yp4e89wr\",\"cml92k1kn000c17d0ocn7frmc\",\"cml92k1kp000e17d03txb42ra\",0]","service":"preplyte-api","timestamp":"2026-02-06 10:00:50"}
{"level":"debug","message":"Duration: 0ms","service":"preplyte-api","timestamp":"2026-02-06 10:00:50"}
{"level":"debug","message":"Query: SELECT \"public\".\"lms_final_tests\".\"id\", \"public\".\"lms_final_tests\".\"courseId\", \"public\".\"lms_final_tests\".\"title\", \"public\".\"lms_final_tests\".\"instructions\", \"public\".\"lms_final_tests\".\"totalQuestions\", \"public\".\"lms_final_tests\".\"passingScore\", \"public\".\"lms_final_tests\".\"timeLimitMinutes\", \"public\".\"lms_final_tests\".\"pointsPerQuestion\", \"public\".\"lms_final_tests\".\"totalPoints\", \"public\".\"lms_final_tests\".\"maxAttempts\", \"public\".\"lms_final_tests\".\"isActive\", \"public\".\"lms_final_tests\".\"createdAt\", \"public\".\"lms_final_tests\".\"updatedAt\" FROM \"public\".\"lms_final_tests\" WHERE \"public\".\"lms_final_tests\".\"courseId\" IN ($1) OFFSET $2","service":"preplyte-api","timestamp":"2026-02-06 10:00:50"}
{"level":"debug","message":"Params: [\"cml92k1k4000417d09rzlrf37\",0]","service":"preplyte-api","timestamp":"2026-02-06 10:00:50"}
{"level":"debug","message":"Duration: 0ms","service":"preplyte-api","timestamp":"2026-02-06 10:00:50"}
{"level":"info","message":"\u001b[0mGET /api/admin/lms/courses/cml92k1k4000417d09rzlrf37/modules?courseId=cml92k1k4000417d09rzlrf37 \u001b[36m304\u001b[0m 24.681 ms - -\u001b[0m","service":"preplyte-api","timestamp":"2026-02-06 10:00:50"}
{"level":"info","message":"\u001b[0mGET /api/admin/lms/courses/cml92k1k4000417d09rzlrf37 \u001b[36m304\u001b[0m 29.061 ms - -\u001b[0m","service":"preplyte-api","timestamp":"2026-02-06 10:00:50"}
{"level":"debug","message":"Query: SELECT \"public\".\"users\".\"id\", \"public\".\"users\".\"email\", \"public\".\"users\".\"role\"::text, \"public\".\"users\".\"instituteId\", \"public\".\"users\".\"isActive\", \"public\".\"users\".\"tokenVersion\" FROM \"public\".\"users\" WHERE (\"public\".\"users\".\"id\" = $1 AND 1=1) LIMIT $2 OFFSET $3","service":"preplyte-api","timestamp":"2026-02-06 10:00:52"}
{"level":"debug","message":"Params: [\"cml92r5r50001q3oopvkslp23\",1,0]","service":"preplyte-api","timestamp":"2026-02-06 10:00:52"}
{"level":"debug","message":"Duration: 0ms","service":"preplyte-api","timestamp":"2026-02-06 10:00:52"}
{"level":"debug","message":"Query: SELECT \"public\".\"users\".\"id\", \"public\".\"users\".\"email\", \"public\".\"users\".\"role\"::text, \"public\".\"users\".\"instituteId\", \"public\".\"users\".\"isActive\", \"public\".\"users\".\"tokenVersion\" FROM \"public\".\"users\" WHERE (\"public\".\"users\".\"id\" = $1 AND 1=1) LIMIT $2 OFFSET $3","service":"preplyte-api","timestamp":"2026-02-06 10:00:52"}
{"level":"debug","message":"Params: [\"cml92r5r50001q3oopvkslp23\",1,0]","service":"preplyte-api","timestamp":"2026-02-06 10:00:52"}
{"level":"debug","message":"Duration: 0ms","service":"preplyte-api","timestamp":"2026-02-06 10:00:52"}
{"level":"debug","message":"Query: SELECT \"public\".\"lms_modules\".\"id\", \"public\".\"lms_modules\".\"courseId\", \"public\".\"lms_modules\".\"title\", \"public\".\"lms_modules\".\"shortDescription\", \"public\".\"lms_modules\".\"description\", \"public\".\"lms_modules\".\"order\", \"public\".\"lms_modules\".\"totalTopics\", \"public\".\"lms_modules\".\"points\", \"public\".\"lms_modules\".\"estimatedMinutes\", \"public\".\"lms_modules\".\"isActive\", \"public\".\"lms_modules\".\"createdAt\", \"public\".\"lms_modules\".\"updatedAt\" FROM \"public\".\"lms_modules\" WHERE (\"public\".\"lms_modules\".\"id\" = $1 AND 1=1) LIMIT $2 OFFSET $3","service":"preplyte-api","timestamp":"2026-02-06 10:00:52"}
{"level":"debug","message":"Params: [\"cml92k1ke000617d0l56w3n45\",1,0]","service":"preplyte-api","timestamp":"2026-02-06 10:00:52"}
{"level":"debug","message":"Duration: 1ms","service":"preplyte-api","timestamp":"2026-02-06 10:00:52"}
{"level":"debug","message":"Query: SELECT \"public\".\"lms_topics\".\"id\", \"public\".\"lms_topics\".\"moduleId\", \"public\".\"lms_topics\".\"title\", \"public\".\"lms_topics\".\"description\", \"public\".\"lms_topics\".\"order\", \"public\".\"lms_topics\".\"theoryContent\", \"public\".\"lms_topics\".\"videoUrl\", \"public\".\"lms_topics\".\"videoDuration\", \"public\".\"lms_topics\".\"estimatedMinutes\", \"public\".\"lms_topics\".\"resources\", \"public\".\"lms_topics\".\"isActive\", \"public\".\"lms_topics\".\"createdAt\", \"public\".\"lms_topics\".\"updatedAt\" FROM \"public\".\"lms_topics\" WHERE \"public\".\"lms_topics\".\"moduleId\" = $1 ORDER BY \"public\".\"lms_topics\".\"order\" ASC OFFSET $2","service":"preplyte-api","timestamp":"2026-02-06 10:00:52"}
{"level":"debug","message":"Params: [\"cml92k1ke000617d0l56w3n45\",0]","service":"preplyte-api","timestamp":"2026-02-06 10:00:52"}
{"level":"debug","message":"Duration: 0ms","service":"preplyte-api","timestamp":"2026-02-06 10:00:52"}
{"level":"debug","message":"Query: SELECT \"public\".\"lms_topics\".\"id\", \"public\".\"lms_topics\".\"moduleId\", \"public\".\"lms_topics\".\"title\", \"public\".\"lms_topics\".\"description\", \"public\".\"lms_topics\".\"order\", \"public\".\"lms_topics\".\"theoryContent\", \"public\".\"lms_topics\".\"videoUrl\", \"public\".\"lms_topics\".\"videoDuration\", \"public\".\"lms_topics\".\"estimatedMinutes\", \"public\".\"lms_topics\".\"resources\", \"public\".\"lms_topics\".\"isActive\", \"public\".\"lms_topics\".\"createdAt\", \"public\".\"lms_topics\".\"updatedAt\" FROM \"public\".\"lms_topics\" WHERE \"public\".\"lms_topics\".\"moduleId\" IN ($1) ORDER BY \"public\".\"lms_topics\".\"order\" ASC OFFSET $2","service":"preplyte-api","timestamp":"2026-02-06 10:00:52"}
{"level":"debug","message":"Params: [\"cml92k1ke000617d0l56w3n45\",0]","service":"preplyte-api","timestamp":"2026-02-06 10:00:52"}
{"level":"debug","message":"Duration: 0ms","service":"preplyte-api","timestamp":"2026-02-06 10:00:52"}
{"level":"info","message":"\u001b[0mGET /api/admin/lms/modules/cml92k1ke000617d0l56w3n45/topics?moduleId=cml92k1ke000617d0l56w3n45 \u001b[36m304\u001b[0m 14.387 ms - -\u001b[0m","service":"preplyte-api","timestamp":"2026-02-06 10:00:52"}
{"level":"info","message":"\u001b[0mGET /api/admin/lms/modules/cml92k1ke000617d0l56w3n45 \u001b[36m304\u001b[0m 19.156 ms - -\u001b[0m","service":"preplyte-api","timestamp":"2026-02-06 10:00:52"}
{"level":"debug","message":"Query: SELECT 1","service":"preplyte-api","timestamp":"2026-02-06 10:01:10"}
{"level":"debug","message":"Params: []","service":"preplyte-api","timestamp":"2026-02-06 10:01:10"}
{"level":"debug","message":"Duration: 0ms","service":"preplyte-api","timestamp":"2026-02-06 10:01:10"}
{"level":"debug","message":"Query: SELECT \"public\".\"users\".\"id\", \"public\".\"users\".\"email\", \"public\".\"users\".\"role\"::text, \"public\".\"users\".\"instituteId\", \"public\".\"users\".\"isActive\", \"public\".\"users\".\"tokenVersion\" FROM \"public\".\"users\" WHERE (\"public\".\"users\".\"id\" = $1 AND 1=1) LIMIT $2 OFFSET $3","service":"preplyte-api","timestamp":"2026-02-06 10:01:10"}
{"level":"debug","message":"Params: [\"cml92r5r50001q3oopvkslp23\",1,0]","service":"preplyte-api","timestamp":"2026-02-06 10:01:10"}
{"level":"debug","message":"Duration: 1ms","service":"preplyte-api","timestamp":"2026-02-06 10:01:10"}
{"level":"debug","message":"Query: SELECT \"public\".\"lms_topics\".\"id\", \"public\".\"lms_topics\".\"moduleId\", \"public\".\"lms_topics\".\"title\", \"public\".\"lms_topics\".\"description\", \"public\".\"lms_topics\".\"order\", \"public\".\"lms_topics\".\"theoryContent\", \"public\".\"lms_topics\".\"videoUrl\", \"public\".\"lms_topics\".\"videoDuration\", \"public\".\"lms_topics\".\"estimatedMinutes\", \"public\".\"lms_topics\".\"resources\", \"public\".\"lms_topics\".\"isActive\", \"public\".\"lms_topics\".\"createdAt\", \"public\".\"lms_topics\".\"updatedAt\" FROM \"public\".\"lms_topics\" WHERE (\"public\".\"lms_topics\".\"id\" = $1 AND 1=1) LIMIT $2 OFFSET $3","service":"preplyte-api","timestamp":"2026-02-06 10:01:10"}
{"level":"debug","message":"Params: [\"cml92k1kr000g17d0vh5otsfa\",1,0]","service":"preplyte-api","timestamp":"2026-02-06 10:01:10"}
{"level":"debug","message":"Duration: 2ms","service":"preplyte-api","timestamp":"2026-02-06 10:01:10"}
{"level":"info","message":"\u001b[0mGET /api/admin/lms/topics/cml92k1kr000g17d0vh5otsfa \u001b[32m200\u001b[0m 22.926 ms - -\u001b[0m","service":"preplyte-api","timestamp":"2026-02-06 10:01:10"}
{"level":"debug","message":"Query: SELECT 1","service":"preplyte-api","timestamp":"2026-02-06 10:01:55"}
{"level":"debug","message":"Params: []","service":"preplyte-api","timestamp":"2026-02-06 10:01:55"}
{"level":"debug","message":"Duration: 0ms","service":"preplyte-api","timestamp":"2026-02-06 10:01:55"}
{"level":"debug","message":"Query: SELECT 1","service":"preplyte-api","timestamp":"2026-02-06 10:01:55"}
{"level":"debug","message":"Params: []","service":"preplyte-api","timestamp":"2026-02-06 10:01:55"}
{"level":"debug","message":"Duration: 0ms","service":"preplyte-api","timestamp":"2026-02-06 10:01:55"}
{"level":"debug","message":"Query: SELECT \"public\".\"users\".\"id\", \"public\".\"users\".\"email\", \"public\".\"users\".\"role\"::text, \"public\".\"users\".\"instituteId\", \"public\".\"users\".\"isActive\", \"public\".\"users\".\"tokenVersion\" FROM \"public\".\"users\" WHERE (\"public\".\"users\".\"id\" = $1 AND 1=1) LIMIT $2 OFFSET $3","service":"preplyte-api","timestamp":"2026-02-06 10:01:55"}
{"level":"debug","message":"Params: [\"cml92r5r50001q3oopvkslp23\",1,0]","service":"preplyte-api","timestamp":"2026-02-06 10:01:55"}
{"level":"debug","message":"Duration: 0ms","service":"preplyte-api","timestamp":"2026-02-06 10:01:55"}
{"level":"debug","message":"Query: SELECT \"public\".\"users\".\"id\", \"public\".\"users\".\"email\", \"public\".\"users\".\"role\"::text, \"public\".\"users\".\"instituteId\", \"public\".\"users\".\"isActive\", \"public\".\"users\".\"tokenVersion\" FROM \"public\".\"users\" WHERE (\"public\".\"users\".\"id\" = $1 AND 1=1) LIMIT $2 OFFSET $3","service":"preplyte-api","timestamp":"2026-02-06 10:01:55"}
{"level":"debug","message":"Params: [\"cml92r5r50001q3oopvkslp23\",1,0]","service":"preplyte-api","timestamp":"2026-02-06 10:01:55"}
{"level":"debug","message":"Duration: 0ms","service":"preplyte-api","timestamp":"2026-02-06 10:01:55"}
{"level":"debug","message":"Query: SELECT \"public\".\"lms_modules\".\"id\", \"public\".\"lms_modules\".\"courseId\", \"public\".\"lms_modules\".\"title\", \"public\".\"lms_modules\".\"shortDescription\", \"public\".\"lms_modules\".\"description\", \"public\".\"lms_modules\".\"order\", \"public\".\"lms_modules\".\"totalTopics\", \"public\".\"lms_modules\".\"points\", \"public\".\"lms_modules\".\"estimatedMinutes\", \"public\".\"lms_modules\".\"isActive\", \"public\".\"lms_modules\".\"createdAt\", \"public\".\"lms_modules\".\"updatedAt\" FROM \"public\".\"lms_modules\" WHERE \"public\".\"lms_modules\".\"courseId\" = $1 ORDER BY \"public\".\"lms_modules\".\"order\" ASC OFFSET $2","service":"preplyte-api","timestamp":"2026-02-06 10:01:55"}
{"level":"debug","message":"Params: [\"cml92k1k4000417d09rzlrf37\",0]","service":"preplyte-api","timestamp":"2026-02-06 10:01:55"}
{"level":"debug","message":"Duration: 0ms","service":"preplyte-api","timestamp":"2026-02-06 10:01:55"}
{"level":"debug","message":"Query: SELECT \"public\".\"lms_courses\".\"id\", \"public\".\"lms_courses\".\"categoryId\", \"public\".\"lms_courses\".\"title\", \"public\".\"lms_courses\".\"slug\", \"public\".\"lms_courses\".\"shortDescription\", \"public\".\"lms_courses\".\"description\", \"public\".\"lms_courses\".\"thumbnailUrl\", \"public\".\"lms_courses\".\"previewVideoUrl\", \"public\".\"lms_courses\".\"totalModules\", \"public\".\"lms_courses\".\"totalTopics\", \"public\".\"lms_courses\".\"totalPoints\", \"public\".\"lms_courses\".\"totalHours\", \"public\".\"lms_courses\".\"price\", \"public\".\"lms_courses\".\"discountPrice\", \"public\".\"lms_courses\".\"currency\", \"public\".\"lms_courses\".\"status\"::text, \"public\".\"lms_courses\".\"isActive\", \"public\".\"lms_courses\".\"certificateEnabled\", \"public\".\"lms_courses\".\"passingPercentage\", \"public\".\"lms_courses\".\"tags\", \"public\".\"lms_courses\".\"difficulty\"::text, \"public\".\"lms_courses\".\"instructor\", \"public\".\"lms_courses\".\"language\", \"public\".\"lms_courses\".\"createdAt\", \"public\".\"lms_courses\".\"updatedAt\", \"public\".\"lms_courses\".\"publishedAt\", COALESCE(\"aggr_selection_0_LmsEnrollment\".\"_aggr_count_enrollments\", 0) AS \"_aggr_count_enrollments\" FROM \"public\".\"lms_courses\" LEFT JOIN (SELECT \"public\".\"lms_enrollments\".\"courseId\", COUNT(*) AS \"_aggr_count_enrollments\" FROM \"public\".\"lms_enrollments\" WHERE 1=1 GROUP BY \"public\".\"lms_enrollments\".\"courseId\") AS \"aggr_selection_0_LmsEnrollment\" ON (\"public\".\"lms_courses\".\"id\" = \"aggr_selection_0_LmsEnrollment\".\"courseId\") WHERE (\"public\".\"lms_courses\".\"id\" = $1 AND 1=1) LIMIT $2 OFFSET $3","service":"preplyte-api","timestamp":"2026-02-06 10:01:55"}
{"level":"debug","message":"Params: [\"cml92k1k4000417d09rzlrf37\",1,0]","service":"preplyte-api","timestamp":"2026-02-06 10:01:55"}
{"level":"debug","message":"Duration: 1ms","service":"preplyte-api","timestamp":"2026-02-06 10:01:55"}
{"level":"debug","message":"Query: SELECT \"public\".\"lms_categories\".\"id\", \"public\".\"lms_categories\".\"name\", \"public\".\"lms_categories\".\"slug\", \"public\".\"lms_categories\".\"description\", \"public\".\"lms_categories\".\"iconUrl\", \"public\".\"lms_categories\".\"order\", \"public\".\"lms_categories\".\"isActive\", \"public\".\"lms_categories\".\"createdAt\", \"public\".\"lms_categories\".\"updatedAt\" FROM \"public\".\"lms_categories\" WHERE \"public\".\"lms_categories\".\"id\" IN ($1) OFFSET $2","service":"preplyte-api","timestamp":"2026-02-06 10:01:55"}
{"level":"debug","message":"Params: [\"cml92k1i3000017d0bq70mkrl\",0]","service":"preplyte-api","timestamp":"2026-02-06 10:01:55"}
{"level":"debug","message":"Duration: 0ms","service":"preplyte-api","timestamp":"2026-02-06 10:01:55"}
{"level":"debug","message":"Query: SELECT \"public\".\"lms_modules\".\"id\", \"public\".\"lms_modules\".\"courseId\", \"public\".\"lms_modules\".\"title\", \"public\".\"lms_modules\".\"shortDescription\", \"public\".\"lms_modules\".\"description\", \"public\".\"lms_modules\".\"order\", \"public\".\"lms_modules\".\"totalTopics\", \"public\".\"lms_modules\".\"points\", \"public\".\"lms_modules\".\"estimatedMinutes\", \"public\".\"lms_modules\".\"isActive\", \"public\".\"lms_modules\".\"createdAt\", \"public\".\"lms_modules\".\"updatedAt\" FROM \"public\".\"lms_modules\" WHERE \"public\".\"lms_modules\".\"courseId\" IN ($1) ORDER BY \"public\".\"lms_modules\".\"order\" ASC OFFSET $2","service":"preplyte-api","timestamp":"2026-02-06 10:01:55"}
{"level":"debug","message":"Params: [\"cml92k1k4000417d09rzlrf37\",0]","service":"preplyte-api","timestamp":"2026-02-06 10:01:55"}
{"level":"debug","message":"Duration: 0ms","service":"preplyte-api","timestamp":"2026-02-06 10:01:55"}
{"level":"debug","message":"Query: SELECT \"public\".\"lms_topics\".\"id\", \"public\".\"lms_topics\".\"moduleId\", \"public\".\"lms_topics\".\"title\", \"public\".\"lms_topics\".\"description\", \"public\".\"lms_topics\".\"order\", \"public\".\"lms_topics\".\"theoryContent\", \"public\".\"lms_topics\".\"videoUrl\", \"public\".\"lms_topics\".\"videoDuration\", \"public\".\"lms_topics\".\"estimatedMinutes\", \"public\".\"lms_topics\".\"resources\", \"public\".\"lms_topics\".\"isActive\", \"public\".\"lms_topics\".\"createdAt\", \"public\".\"lms_topics\".\"updatedAt\" FROM \"public\".\"lms_topics\" WHERE \"public\".\"lms_topics\".\"moduleId\" IN ($1,$2,$3,$4,$5) ORDER BY \"public\".\"lms_topics\".\"order\" ASC OFFSET $6","service":"preplyte-api","timestamp":"2026-02-06 10:01:55"}
{"level":"debug","message":"Params: [\"cml92k1ke000617d0l56w3n45\",\"cml92k1kj000817d0x6y6z5f7\",\"cml92k1kl000a17d0yp4e89wr\",\"cml92k1kn000c17d0ocn7frmc\",\"cml92k1kp000e17d03txb42ra\",0]","service":"preplyte-api","timestamp":"2026-02-06 10:01:55"}
{"level":"debug","message":"Duration: 1ms","service":"preplyte-api","timestamp":"2026-02-06 10:01:55"}
{"level":"debug","message":"Query: SELECT \"public\".\"lms_module_tests\".\"id\", \"public\".\"lms_module_tests\".\"moduleId\", \"public\".\"lms_module_tests\".\"title\", \"public\".\"lms_module_tests\".\"instructions\", \"public\".\"lms_module_tests\".\"totalQuestions\", \"public\".\"lms_module_tests\".\"passingScore\", \"public\".\"lms_module_tests\".\"timeLimitMinutes\", \"public\".\"lms_module_tests\".\"maxAttempts\", \"public\".\"lms_module_tests\".\"pointsPerQuestion\", \"public\".\"lms_module_tests\".\"totalPoints\", \"public\".\"lms_module_tests\".\"isActive\", \"public\".\"lms_module_tests\".\"createdAt\", \"public\".\"lms_module_tests\".\"updatedAt\" FROM \"public\".\"lms_module_tests\" WHERE \"public\".\"lms_module_tests\".\"moduleId\" IN ($1,$2,$3,$4,$5) OFFSET $6","service":"preplyte-api","timestamp":"2026-02-06 10:01:55"}
{"level":"debug","message":"Params: [\"cml92k1ke000617d0l56w3n45\",\"cml92k1kj000817d0x6y6z5f7\",\"cml92k1kl000a17d0yp4e89wr\",\"cml92k1kn000c17d0ocn7frmc\",\"cml92k1kp000e17d03txb42ra\",0]","service":"preplyte-api","timestamp":"2026-02-06 10:01:55"}
{"level":"debug","message":"Duration: 0ms","service":"preplyte-api","timestamp":"2026-02-06 10:01:55"}
{"level":"debug","message":"Query: SELECT \"public\".\"lms_final_tests\".\"id\", \"public\".\"lms_final_tests\".\"courseId\", \"public\".\"lms_final_tests\".\"title\", \"public\".\"lms_final_tests\".\"instructions\", \"public\".\"lms_final_tests\".\"totalQuestions\", \"public\".\"lms_final_tests\".\"passingScore\", \"public\".\"lms_final_tests\".\"timeLimitMinutes\", \"public\".\"lms_final_tests\".\"pointsPerQuestion\", \"public\".\"lms_final_tests\".\"totalPoints\", \"public\".\"lms_final_tests\".\"maxAttempts\", \"public\".\"lms_final_tests\".\"isActive\", \"public\".\"lms_final_tests\".\"createdAt\", \"public\".\"lms_final_tests\".\"updatedAt\" FROM \"public\".\"lms_final_tests\" WHERE \"public\".\"lms_final_tests\".\"courseId\" IN ($1) OFFSET $2","service":"preplyte-api","timestamp":"2026-02-06 10:01:55"}
{"level":"debug","message":"Params: [\"cml92k1k4000417d09rzlrf37\",0]","service":"preplyte-api","timestamp":"2026-02-06 10:01:55"}
{"level":"debug","message":"Duration: 0ms","service":"preplyte-api","timestamp":"2026-02-06 10:01:55"}
{"level":"info","message":"\u001b[0mGET /api/admin/lms/courses/cml92k1k4000417d09rzlrf37/modules?courseId=cml92k1k4000417d09rzlrf37 \u001b[36m304\u001b[0m 30.037 ms - -\u001b[0m","service":"preplyte-api","timestamp":"2026-02-06 10:01:55"}
{"level":"info","message":"\u001b[0mGET /api/admin/lms/courses/cml92k1k4000417d09rzlrf37 \u001b[36m304\u001b[0m 34.243 ms - -\u001b[0m","service":"preplyte-api","timestamp":"2026-02-06 10:01:55"}
{"level":"debug","message":"Query: SELECT \"public\".\"users\".\"id\", \"public\".\"users\".\"email\", \"public\".\"users\".\"role\"::text, \"public\".\"users\".\"instituteId\", \"public\".\"users\".\"isActive\", \"public\".\"users\".\"tokenVersion\" FROM \"public\".\"users\" WHERE (\"public\".\"users\".\"id\" = $1 AND 1=1) LIMIT $2 OFFSET $3","service":"preplyte-api","timestamp":"2026-02-06 10:01:57"}
{"level":"debug","message":"Params: [\"cml92r5r50001q3oopvkslp23\",1,0]","service":"preplyte-api","timestamp":"2026-02-06 10:01:57"}
{"level":"debug","message":"Duration: 0ms","service":"preplyte-api","timestamp":"2026-02-06 10:01:57"}
{"level":"debug","message":"Query: SELECT \"public\".\"users\".\"id\", \"public\".\"users\".\"email\", \"public\".\"users\".\"role\"::text, \"public\".\"users\".\"instituteId\", \"public\".\"users\".\"isActive\", \"public\".\"users\".\"tokenVersion\" FROM \"public\".\"users\" WHERE (\"public\".\"users\".\"id\" = $1 AND 1=1) LIMIT $2 OFFSET $3","service":"preplyte-api","timestamp":"2026-02-06 10:01:57"}
{"level":"debug","message":"Params: [\"cml92r5r50001q3oopvkslp23\",1,0]","service":"preplyte-api","timestamp":"2026-02-06 10:01:57"}
{"level":"debug","message":"Duration: 0ms","service":"preplyte-api","timestamp":"2026-02-06 10:01:57"}
{"level":"debug","message":"Query: SELECT \"public\".\"lms_modules\".\"id\", \"public\".\"lms_modules\".\"courseId\", \"public\".\"lms_modules\".\"title\", \"public\".\"lms_modules\".\"shortDescription\", \"public\".\"lms_modules\".\"description\", \"public\".\"lms_modules\".\"order\", \"public\".\"lms_modules\".\"totalTopics\", \"public\".\"lms_modules\".\"points\", \"public\".\"lms_modules\".\"estimatedMinutes\", \"public\".\"lms_modules\".\"isActive\", \"public\".\"lms_modules\".\"createdAt\", \"public\".\"lms_modules\".\"updatedAt\" FROM \"public\".\"lms_modules\" WHERE (\"public\".\"lms_modules\".\"id\" = $1 AND 1=1) LIMIT $2 OFFSET $3","service":"preplyte-api","timestamp":"2026-02-06 10:01:57"}
{"level":"debug","message":"Params: [\"cml92k1ke000617d0l56w3n45\",1,0]","service":"preplyte-api","timestamp":"2026-02-06 10:01:57"}
{"level":"debug","message":"Duration: 0ms","service":"preplyte-api","timestamp":"2026-02-06 10:01:57"}
{"level":"debug","message":"Query: SELECT \"public\".\"lms_topics\".\"id\", \"public\".\"lms_topics\".\"moduleId\", \"public\".\"lms_topics\".\"title\", \"public\".\"lms_topics\".\"description\", \"public\".\"lms_topics\".\"order\", \"public\".\"lms_topics\".\"theoryContent\", \"public\".\"lms_topics\".\"videoUrl\", \"public\".\"lms_topics\".\"videoDuration\", \"public\".\"lms_topics\".\"estimatedMinutes\", \"public\".\"lms_topics\".\"resources\", \"public\".\"lms_topics\".\"isActive\", \"public\".\"lms_topics\".\"createdAt\", \"public\".\"lms_topics\".\"updatedAt\" FROM \"public\".\"lms_topics\" WHERE \"public\".\"lms_topics\".\"moduleId\" IN ($1) ORDER BY \"public\".\"lms_topics\".\"order\" ASC OFFSET $2","service":"preplyte-api","timestamp":"2026-02-06 10:01:57"}
{"level":"debug","message":"Params: [\"cml92k1ke000617d0l56w3n45\",0]","service":"preplyte-api","timestamp":"2026-02-06 10:01:57"}
{"level":"debug","message":"Duration: 0ms","service":"preplyte-api","timestamp":"2026-02-06 10:01:57"}
{"level":"debug","message":"Query: SELECT \"public\".\"lms_topics\".\"id\", \"public\".\"lms_topics\".\"moduleId\", \"public\".\"lms_topics\".\"title\", \"public\".\"lms_topics\".\"description\", \"public\".\"lms_topics\".\"order\", \"public\".\"lms_topics\".\"theoryContent\", \"public\".\"lms_topics\".\"videoUrl\", \"public\".\"lms_topics\".\"videoDuration\", \"public\".\"lms_topics\".\"estimatedMinutes\", \"public\".\"lms_topics\".\"resources\", \"public\".\"lms_topics\".\"isActive\", \"public\".\"lms_topics\".\"createdAt\", \"public\".\"lms_topics\".\"updatedAt\" FROM \"public\".\"lms_topics\" WHERE \"public\".\"lms_topics\".\"moduleId\" = $1 ORDER BY \"public\".\"lms_topics\".\"order\" ASC OFFSET $2","service":"preplyte-api","timestamp":"2026-02-06 10:01:57"}
{"level":"debug","message":"Params: [\"cml92k1ke000617d0l56w3n45\",0]","service":"preplyte-api","timestamp":"2026-02-06 10:01:57"}
{"level":"debug","message":"Duration: 0ms","service":"preplyte-api","timestamp":"2026-02-06 10:01:57"}
{"level":"info","message":"\u001b[0mGET /api/admin/lms/modules/cml92k1ke000617d0l56w3n45 \u001b[36m304\u001b[0m 34.512 ms - -\u001b[0m","service":"preplyte-api","timestamp":"2026-02-06 10:01:57"}
{"level":"info","message":"\u001b[0mGET /api/admin/lms/modules/cml92k1ke000617d0l56w3n45/topics?moduleId=cml92k1ke000617d0l56w3n45 \u001b[36m304\u001b[0m 35.264 ms - -\u001b[0m","service":"preplyte-api","timestamp":"2026-02-06 10:01:57"}
{"level":"debug","message":"Query: SELECT 1","service":"preplyte-api","timestamp":"2026-02-06 10:02:13"}
{"level":"debug","message":"Params: []","service":"preplyte-api","timestamp":"2026-02-06 10:02:13"}
{"level":"debug","message":"Duration: 1ms","service":"preplyte-api","timestamp":"2026-02-06 10:02:13"}
{"level":"debug","message":"Query: SELECT 1","service":"preplyte-api","timestamp":"2026-02-06 10:02:13"}
{"level":"debug","message":"Params: []","service":"preplyte-api","timestamp":"2026-02-06 10:02:13"}
{"level":"debug","message":"Duration: 0ms","service":"preplyte-api","timestamp":"2026-02-06 10:02:13"}
{"level":"debug","message":"Query: SELECT 1","service":"preplyte-api","timestamp":"2026-02-06 10:02:13"}
{"level":"debug","message":"Params: []","service":"preplyte-api","timestamp":"2026-02-06 10:02:13"}
{"level":"debug","message":"Duration: 0ms","service":"preplyte-api","timestamp":"2026-02-06 10:02:13"}
{"level":"debug","message":"Query: SELECT 1","service":"preplyte-api","timestamp":"2026-02-06 10:02:13"}
{"level":"debug","message":"Params: []","service":"preplyte-api","timestamp":"2026-02-06 10:02:13"}
{"level":"debug","message":"Duration: 1ms","service":"preplyte-api","timestamp":"2026-02-06 10:02:13"}
{"level":"debug","message":"Query: SELECT \"public\".\"lms_categories\".\"id\", \"public\".\"lms_categories\".\"name\", \"public\".\"lms_categories\".\"slug\", \"public\".\"lms_categories\".\"description\", \"public\".\"lms_categories\".\"iconUrl\", \"public\".\"lms_categories\".\"order\", \"public\".\"lms_categories\".\"isActive\", \"public\".\"lms_categories\".\"createdAt\", \"public\".\"lms_categories\".\"updatedAt\", COALESCE(\"aggr_selection_0_LmsCourse\".\"_aggr_count_courses\", 0) AS \"_aggr_count_courses\" FROM \"public\".\"lms_categories\" LEFT JOIN (SELECT \"public\".\"lms_courses\".\"categoryId\", COUNT(*) AS \"_aggr_count_courses\" FROM \"public\".\"lms_courses\" WHERE (\"public\".\"lms_courses\".\"status\" = CAST($1::text AS \"public\".\"LmsCourseStatus\") AND \"public\".\"lms_courses\".\"isActive\" = $2) GROUP BY \"public\".\"lms_courses\".\"categoryId\") AS \"aggr_selection_0_LmsCourse\" ON (\"public\".\"lms_categories\".\"id\" = \"aggr_selection_0_LmsCourse\".\"categoryId\") WHERE \"public\".\"lms_categories\".\"isActive\" = $3 ORDER BY \"public\".\"lms_categories\".\"order\" ASC OFFSET $4","service":"preplyte-api","timestamp":"2026-02-06 10:02:13"}
{"level":"debug","message":"Params: [\"PUBLISHED\",true,true,0]","service":"preplyte-api","timestamp":"2026-02-06 10:02:13"}
{"level":"debug","message":"Duration: 2ms","service":"preplyte-api","timestamp":"2026-02-06 10:02:13"}
{"level":"debug","message":"Query: SELECT COUNT(*), \"public\".\"lms_enrollments\".\"userId\" FROM \"public\".\"lms_enrollments\" WHERE 1=1 GROUP BY \"public\".\"lms_enrollments\".\"userId\" OFFSET $1","service":"preplyte-api","timestamp":"2026-02-06 10:02:13"}
{"level":"debug","message":"Params: [0]","service":"preplyte-api","timestamp":"2026-02-06 10:02:13"}
{"level":"debug","message":"Duration: 3ms","service":"preplyte-api","timestamp":"2026-02-06 10:02:13"}
{"level":"debug","message":"Query: SELECT COUNT(*) FROM (SELECT \"public\".\"lms_courses\".\"id\" FROM \"public\".\"lms_courses\" WHERE (\"public\".\"lms_courses\".\"status\" = CAST($1::text AS \"public\".\"LmsCourseStatus\") AND \"public\".\"lms_courses\".\"isActive\" = $2) OFFSET $3) AS \"sub\"","service":"preplyte-api","timestamp":"2026-02-06 10:02:13"}
{"level":"debug","message":"Params: [\"PUBLISHED\",true,0]","service":"preplyte-api","timestamp":"2026-02-06 10:02:13"}
{"level":"debug","message":"Duration: 3ms","service":"preplyte-api","timestamp":"2026-02-06 10:02:13"}
{"level":"debug","message":"Query: SELECT \"public\".\"users\".\"id\", \"public\".\"users\".\"email\", \"public\".\"users\".\"role\"::text, \"public\".\"users\".\"instituteId\", \"public\".\"users\".\"isActive\", \"public\".\"users\".\"tokenVersion\" FROM \"public\".\"users\" WHERE (\"public\".\"users\".\"id\" = $1 AND 1=1) LIMIT $2 OFFSET $3","service":"preplyte-api","timestamp":"2026-02-06 10:02:13"}
{"level":"debug","message":"Params: [\"cml92ugqs0007q3oof2k0hw35\",1,0]","service":"preplyte-api","timestamp":"2026-02-06 10:02:13"}
{"level":"debug","message":"Duration: 1ms","service":"preplyte-api","timestamp":"2026-02-06 10:02:13"}
{"level":"debug","message":"Query: SELECT \"public\".\"lms_courses\".\"id\", \"public\".\"lms_courses\".\"instructor\" FROM \"public\".\"lms_courses\" WHERE (\"public\".\"lms_courses\".\"status\" = CAST($1::text AS \"public\".\"LmsCourseStatus\") AND \"public\".\"lms_courses\".\"isActive\" = $2) OFFSET $3","service":"preplyte-api","timestamp":"2026-02-06 10:02:13"}
{"level":"debug","message":"Params: [\"PUBLISHED\",true,0]","service":"preplyte-api","timestamp":"2026-02-06 10:02:13"}
{"level":"debug","message":"Duration: 3ms","service":"preplyte-api","timestamp":"2026-02-06 10:02:13"}
{"level":"info","message":"\u001b[0mGET /api/lms/categories \u001b[36m304\u001b[0m 57.808 ms - -\u001b[0m","service":"preplyte-api","timestamp":"2026-02-06 10:02:13"}
{"level":"debug","message":"Query: SELECT \"public\".\"lms_enrollments\".\"id\", \"public\".\"lms_enrollments\".\"courseId\", \"public\".\"lms_enrollments\".\"progressPercent\" FROM \"public\".\"lms_enrollments\" WHERE \"public\".\"lms_enrollments\".\"userId\" = $1 OFFSET $2","service":"preplyte-api","timestamp":"2026-02-06 10:02:13"}
{"level":"debug","message":"Params: [\"cml92ugqs0007q3oof2k0hw35\",0]","service":"preplyte-api","timestamp":"2026-02-06 10:02:13"}
{"level":"debug","message":"Duration: 2ms","service":"preplyte-api","timestamp":"2026-02-06 10:02:13"}
{"level":"debug","message":"Query: SELECT COUNT(*) FROM (SELECT \"public\".\"lms_courses\".\"id\" FROM \"public\".\"lms_courses\" WHERE (\"public\".\"lms_courses\".\"status\" = CAST($1::text AS \"public\".\"LmsCourseStatus\") AND \"public\".\"lms_courses\".\"isActive\" = $2) OFFSET $3) AS \"sub\"","service":"preplyte-api","timestamp":"2026-02-06 10:02:13"}
{"level":"debug","message":"Params: [\"PUBLISHED\",true,0]","service":"preplyte-api","timestamp":"2026-02-06 10:02:13"}
{"level":"debug","message":"Duration: 3ms","service":"preplyte-api","timestamp":"2026-02-06 10:02:13"}
{"level":"debug","message":"Query: SELECT \"public\".\"lms_courses\".\"id\", \"public\".\"lms_courses\".\"categoryId\", \"public\".\"lms_courses\".\"title\", \"public\".\"lms_courses\".\"slug\", \"public\".\"lms_courses\".\"shortDescription\", \"public\".\"lms_courses\".\"description\", \"public\".\"lms_courses\".\"thumbnailUrl\", \"public\".\"lms_courses\".\"previewVideoUrl\", \"public\".\"lms_courses\".\"totalModules\", \"public\".\"lms_courses\".\"totalTopics\", \"public\".\"lms_courses\".\"totalPoints\", \"public\".\"lms_courses\".\"totalHours\", \"public\".\"lms_courses\".\"price\", \"public\".\"lms_courses\".\"discountPrice\", \"public\".\"lms_courses\".\"currency\", \"public\".\"lms_courses\".\"status\"::text, \"public\".\"lms_courses\".\"isActive\", \"public\".\"lms_courses\".\"certificateEnabled\", \"public\".\"lms_courses\".\"passingPercentage\", \"public\".\"lms_courses\".\"tags\", \"public\".\"lms_courses\".\"difficulty\"::text, \"public\".\"lms_courses\".\"instructor\", \"public\".\"lms_courses\".\"language\", \"public\".\"lms_courses\".\"createdAt\", \"public\".\"lms_courses\".\"updatedAt\", \"public\".\"lms_courses\".\"publishedAt\" FROM \"public\".\"lms_courses\" LEFT JOIN (SELECT \"public\".\"lms_enrollments\".\"courseId\", COUNT(*) AS \"orderby_aggregator\" FROM \"public\".\"lms_enrollments\" WHERE 1=1 GROUP BY \"public\".\"lms_enrollments\".\"courseId\") AS \"orderby_1_LmsEnrollment\" ON (\"public\".\"lms_courses\".\"id\" = \"orderby_1_LmsEnrollment\".\"courseId\") WHERE (\"public\".\"lms_courses\".\"status\" = CAST($1::text AS \"public\".\"LmsCourseStatus\") AND \"public\".\"lms_courses\".\"isActive\" = $2) ORDER BY COALESCE(\"orderby_1_LmsEnrollment\".\"orderby_aggregator\", $3) DESC LIMIT $4 OFFSET $5","service":"preplyte-api","timestamp":"2026-02-06 10:02:13"}
{"level":"debug","message":"Params: [\"PUBLISHED\",true,0,12,0]","service":"preplyte-api","timestamp":"2026-02-06 10:02:13"}
{"level":"debug","message":"Duration: 4ms","service":"preplyte-api","timestamp":"2026-02-06 10:02:13"}
{"level":"debug","message":"Query: SELECT \"public\".\"lms_categories\".\"id\", \"public\".\"lms_categories\".\"name\", \"public\".\"lms_categories\".\"slug\" FROM \"public\".\"lms_categories\" WHERE \"public\".\"lms_categories\".\"id\" IN ($1) OFFSET $2","service":"preplyte-api","timestamp":"2026-02-06 10:02:13"}
{"level":"debug","message":"Params: [\"cml92k1i3000017d0bq70mkrl\",0]","service":"preplyte-api","timestamp":"2026-02-06 10:02:13"}
{"level":"debug","message":"Duration: 2ms","service":"preplyte-api","timestamp":"2026-02-06 10:02:13"}
{"level":"info","message":"\u001b[0mGET /api/lms/courses?page=1&limit=12&priceRange=all&sortBy=popular&search= \u001b[36m304\u001b[0m 85.436 ms - -\u001b[0m","service":"preplyte-api","timestamp":"2026-02-06 10:02:13"}
{"level":"debug","message":"Query: SELECT AVG(\"progressPercent\") FROM (SELECT \"public\".\"lms_enrollments\".\"progressPercent\" FROM \"public\".\"lms_enrollments\" WHERE \"public\".\"lms_enrollments\".\"status\" = CAST($1::text AS \"public\".\"LmsEnrollmentStatus\") OFFSET $2) AS \"sub\"","service":"preplyte-api","timestamp":"2026-02-06 10:02:13"}
{"level":"debug","message":"Params: [\"COMPLETED\",0]","service":"preplyte-api","timestamp":"2026-02-06 10:02:13"}
{"level":"debug","message":"Duration: 7ms","service":"preplyte-api","timestamp":"2026-02-06 10:02:13"}
{"level":"info","message":"\u001b[0mGET /api/lms/stats \u001b[36m304\u001b[0m 127.040 ms - -\u001b[0m","service":"preplyte-api","timestamp":"2026-02-06 10:02:13"}
{"level":"debug","message":"Query: SELECT \"public\".\"users\".\"id\", \"public\".\"users\".\"email\", \"public\".\"users\".\"role\"::text, \"public\".\"users\".\"instituteId\", \"public\".\"users\".\"isActive\", \"public\".\"users\".\"tokenVersion\" FROM \"public\".\"users\" WHERE (\"public\".\"users\".\"id\" = $1 AND 1=1) LIMIT $2 OFFSET $3","service":"preplyte-api","timestamp":"2026-02-06 10:02:24"}
{"level":"debug","message":"Params: [\"cml92ugqs0007q3oof2k0hw35\",1,0]","service":"preplyte-api","timestamp":"2026-02-06 10:02:24"}
{"level":"debug","message":"Duration: 8ms","service":"preplyte-api","timestamp":"2026-02-06 10:02:24"}
{"level":"debug","message":"Query: SELECT \"public\".\"lms_courses\".\"id\", \"public\".\"lms_courses\".\"categoryId\", \"public\".\"lms_courses\".\"title\", \"public\".\"lms_courses\".\"slug\", \"public\".\"lms_courses\".\"shortDescription\", \"public\".\"lms_courses\".\"description\", \"public\".\"lms_courses\".\"thumbnailUrl\", \"public\".\"lms_courses\".\"previewVideoUrl\", \"public\".\"lms_courses\".\"totalModules\", \"public\".\"lms_courses\".\"totalTopics\", \"public\".\"lms_courses\".\"totalPoints\", \"public\".\"lms_courses\".\"totalHours\", \"public\".\"lms_courses\".\"price\", \"public\".\"lms_courses\".\"discountPrice\", \"public\".\"lms_courses\".\"currency\", \"public\".\"lms_courses\".\"status\"::text, \"public\".\"lms_courses\".\"isActive\", \"public\".\"lms_courses\".\"certificateEnabled\", \"public\".\"lms_courses\".\"passingPercentage\", \"public\".\"lms_courses\".\"tags\", \"public\".\"lms_courses\".\"difficulty\"::text, \"public\".\"lms_courses\".\"instructor\", \"public\".\"lms_courses\".\"language\", \"public\".\"lms_courses\".\"createdAt\", \"public\".\"lms_courses\".\"updatedAt\", \"public\".\"lms_courses\".\"publishedAt\" FROM \"public\".\"lms_courses\" WHERE (\"public\".\"lms_courses\".\"slug\" = $1 AND 1=1) LIMIT $2 OFFSET $3","service":"preplyte-api","timestamp":"2026-02-06 10:02:24"}
{"level":"debug","message":"Params: [\"complete-web-development-bootcamp\",1,0]","service":"preplyte-api","timestamp":"2026-02-06 10:02:24"}
{"level":"debug","message":"Duration: 10ms","service":"preplyte-api","timestamp":"2026-02-06 10:02:24"}
{"level":"debug","message":"Query: SELECT \"public\".\"lms_categories\".\"id\", \"public\".\"lms_categories\".\"name\", \"public\".\"lms_categories\".\"slug\", \"public\".\"lms_categories\".\"description\", \"public\".\"lms_categories\".\"iconUrl\", \"public\".\"lms_categories\".\"order\", \"public\".\"lms_categories\".\"isActive\", \"public\".\"lms_categories\".\"createdAt\", \"public\".\"lms_categories\".\"updatedAt\" FROM \"public\".\"lms_categories\" WHERE \"public\".\"lms_categories\".\"id\" IN ($1) OFFSET $2","service":"preplyte-api","timestamp":"2026-02-06 10:02:24"}
{"level":"debug","message":"Params: [\"cml92k1i3000017d0bq70mkrl\",0]","service":"preplyte-api","timestamp":"2026-02-06 10:02:24"}
{"level":"debug","message":"Duration: 6ms","service":"preplyte-api","timestamp":"2026-02-06 10:02:24"}
{"level":"debug","message":"Query: SELECT \"public\".\"lms_modules\".\"id\", \"public\".\"lms_modules\".\"courseId\", \"public\".\"lms_modules\".\"title\", \"public\".\"lms_modules\".\"shortDescription\", \"public\".\"lms_modules\".\"description\", \"public\".\"lms_modules\".\"order\", \"public\".\"lms_modules\".\"totalTopics\", \"public\".\"lms_modules\".\"points\", \"public\".\"lms_modules\".\"estimatedMinutes\", \"public\".\"lms_modules\".\"isActive\", \"public\".\"lms_modules\".\"createdAt\", \"public\".\"lms_modules\".\"updatedAt\" FROM \"public\".\"lms_modules\" WHERE (\"public\".\"lms_modules\".\"isActive\" = $1 AND \"public\".\"lms_modules\".\"courseId\" IN ($2)) ORDER BY \"public\".\"lms_modules\".\"order\" ASC OFFSET $3","service":"preplyte-api","timestamp":"2026-02-06 10:02:24"}
{"level":"debug","message":"Params: [true,\"cml92k1k4000417d09rzlrf37\",0]","service":"preplyte-api","timestamp":"2026-02-06 10:02:24"}
{"level":"debug","message":"Duration: 7ms","service":"preplyte-api","timestamp":"2026-02-06 10:02:24"}
{"level":"debug","message":"Query: SELECT \"public\".\"lms_topics\".\"id\", \"public\".\"lms_topics\".\"title\", \"public\".\"lms_topics\".\"order\", \"public\".\"lms_topics\".\"estimatedMinutes\", \"public\".\"lms_topics\".\"videoUrl\", \"public\".\"lms_topics\".\"moduleId\" FROM \"public\".\"lms_topics\" WHERE (\"public\".\"lms_topics\".\"isActive\" = $1 AND \"public\".\"lms_topics\".\"moduleId\" IN ($2,$3,$4,$5,$6)) ORDER BY \"public\".\"lms_topics\".\"order\" ASC OFFSET $7","service":"preplyte-api","timestamp":"2026-02-06 10:02:24"}
{"level":"debug","message":"Params: [true,\"cml92k1ke000617d0l56w3n45\",\"cml92k1kj000817d0x6y6z5f7\",\"cml92k1kl000a17d0yp4e89wr\",\"cml92k1kn000c17d0ocn7frmc\",\"cml92k1kp000e17d03txb42ra\",0]","service":"preplyte-api","timestamp":"2026-02-06 10:02:24"}
{"level":"debug","message":"Duration: 7ms","service":"preplyte-api","timestamp":"2026-02-06 10:02:24"}
{"level":"debug","message":"Query: SELECT \"public\".\"lms_module_tests\".\"id\", \"public\".\"lms_module_tests\".\"title\", \"public\".\"lms_module_tests\".\"instructions\", \"public\".\"lms_module_tests\".\"totalQuestions\", \"public\".\"lms_module_tests\".\"timeLimitMinutes\", \"public\".\"lms_module_tests\".\"passingScore\", \"public\".\"lms_module_tests\".\"maxAttempts\", \"public\".\"lms_module_tests\".\"pointsPerQuestion\", \"public\".\"lms_module_tests\".\"totalPoints\", \"public\".\"lms_module_tests\".\"isActive\", \"public\".\"lms_module_tests\".\"moduleId\" FROM \"public\".\"lms_module_tests\" WHERE \"public\".\"lms_module_tests\".\"moduleId\" IN ($1,$2,$3,$4,$5) OFFSET $6","service":"preplyte-api","timestamp":"2026-02-06 10:02:24"}
{"level":"debug","message":"Params: [\"cml92k1ke000617d0l56w3n45\",\"cml92k1kj000817d0x6y6z5f7\",\"cml92k1kl000a17d0yp4e89wr\",\"cml92k1kn000c17d0ocn7frmc\",\"cml92k1kp000e17d03txb42ra\",0]","service":"preplyte-api","timestamp":"2026-02-06 10:02:24"}
{"level":"debug","message":"Duration: 5ms","service":"preplyte-api","timestamp":"2026-02-06 10:02:24"}
{"level":"debug","message":"Query: SELECT \"public\".\"lms_final_tests\".\"id\", \"public\".\"lms_final_tests\".\"courseId\", \"public\".\"lms_final_tests\".\"title\", \"public\".\"lms_final_tests\".\"instructions\", \"public\".\"lms_final_tests\".\"totalQuestions\", \"public\".\"lms_final_tests\".\"passingScore\", \"public\".\"lms_final_tests\".\"timeLimitMinutes\", \"public\".\"lms_final_tests\".\"pointsPerQuestion\", \"public\".\"lms_final_tests\".\"totalPoints\", \"public\".\"lms_final_tests\".\"maxAttempts\", \"public\".\"lms_final_tests\".\"isActive\", \"public\".\"lms_final_tests\".\"createdAt\", \"public\".\"lms_final_tests\".\"updatedAt\" FROM \"public\".\"lms_final_tests\" WHERE \"public\".\"lms_final_tests\".\"courseId\" IN ($1) OFFSET $2","service":"preplyte-api","timestamp":"2026-02-06 10:02:24"}
{"level":"debug","message":"Params: [\"cml92k1k4000417d09rzlrf37\",0]","service":"preplyte-api","timestamp":"2026-02-06 10:02:24"}
{"level":"debug","message":"Duration: 4ms","service":"preplyte-api","timestamp":"2026-02-06 10:02:24"}
{"level":"debug","message":"Query: SELECT \"public\".\"lms_enrollments\".\"id\", \"public\".\"lms_enrollments\".\"userId\", \"public\".\"lms_enrollments\".\"courseId\", \"public\".\"lms_enrollments\".\"status\"::text, \"public\".\"lms_enrollments\".\"completedModules\", \"public\".\"lms_enrollments\".\"completedTopics\", \"public\".\"lms_enrollments\".\"progressPercent\", \"public\".\"lms_enrollments\".\"totalPointsEarned\", \"public\".\"lms_enrollments\".\"moduleTestPointsEarned\", \"public\".\"lms_enrollments\".\"finalTestPointsEarned\", \"public\".\"lms_enrollments\".\"finalTestAttempted\", \"public\".\"lms_enrollments\".\"finalTestPassed\", \"public\".\"lms_enrollments\".\"finalTestScore\", \"public\".\"lms_enrollments\".\"finalTestMarks\", \"public\".\"lms_enrollments\".\"enrolledAt\", \"public\".\"lms_enrollments\".\"startedAt\", \"public\".\"lms_enrollments\".\"completedAt\", \"public\".\"lms_enrollments\".\"lastAccessedAt\", \"public\".\"lms_enrollments\".\"certificateUrl\", \"public\".\"lms_enrollments\".\"certificateIssuedAt\", \"public\".\"lms_enrollments\".\"createdAt\", \"public\".\"lms_enrollments\".\"updatedAt\" FROM \"public\".\"lms_enrollments\" WHERE ((\"public\".\"lms_enrollments\".\"userId\" = $1 AND \"public\".\"lms_enrollments\".\"courseId\" = $2) AND 1=1) LIMIT $3 OFFSET $4","service":"preplyte-api","timestamp":"2026-02-06 10:02:24"}
{"level":"debug","message":"Params: [\"cml92ugqs0007q3oof2k0hw35\",\"cml92k1k4000417d09rzlrf37\",1,0]","service":"preplyte-api","timestamp":"2026-02-06 10:02:24"}
{"level":"debug","message":"Duration: 2ms","service":"preplyte-api","timestamp":"2026-02-06 10:02:24"}
{"level":"debug","message":"Query: SELECT \"public\".\"lms_module_progress\".\"id\", \"public\".\"lms_module_progress\".\"userId\", \"public\".\"lms_module_progress\".\"moduleId\", \"public\".\"lms_module_progress\".\"status\"::text, \"public\".\"lms_module_progress\".\"completedTopics\", \"public\".\"lms_module_progress\".\"totalTopics\", \"public\".\"lms_module_progress\".\"progressPercent\", \"public\".\"lms_module_progress\".\"testAttempted\", \"public\".\"lms_module_progress\".\"testPassed\", \"public\".\"lms_module_progress\".\"testScore\", \"public\".\"lms_module_progress\".\"testAttempts\", \"public\".\"lms_module_progress\".\"pointsEarned\", \"public\".\"lms_module_progress\".\"timeSpentMinutes\", \"public\".\"lms_module_progress\".\"startedAt\", \"public\".\"lms_module_progress\".\"completedAt\", \"public\".\"lms_module_progress\".\"createdAt\", \"public\".\"lms_module_progress\".\"updatedAt\" FROM \"public\".\"lms_module_progress\" WHERE (\"public\".\"lms_module_progress\".\"userId\" = $1 AND \"public\".\"lms_module_progress\".\"moduleId\" IN ($2,$3,$4,$5,$6)) OFFSET $7","service":"preplyte-api","timestamp":"2026-02-06 10:02:24"}
{"level":"debug","message":"Params: [\"cml92ugqs0007q3oof2k0hw35\",\"cml92k1ke000617d0l56w3n45\",\"cml92k1kj000817d0x6y6z5f7\",\"cml92k1kl000a17d0yp4e89wr\",\"cml92k1kn000c17d0ocn7frmc\",\"cml92k1kp000e17d03txb42ra\",0]","service":"preplyte-api","timestamp":"2026-02-06 10:02:24"}
{"level":"debug","message":"Duration: 7ms","service":"preplyte-api","timestamp":"2026-02-06 10:02:24"}
{"level":"debug","message":"Query: SELECT \"public\".\"lms_topic_progress\".\"id\", \"public\".\"lms_topic_progress\".\"userId\", \"public\".\"lms_topic_progress\".\"topicId\", \"public\".\"lms_topic_progress\".\"status\"::text, \"public\".\"lms_topic_progress\".\"theoryCompleted\", \"public\".\"lms_topic_progress\".\"videoWatched\", \"public\".\"lms_topic_progress\".\"videoProgress\", \"public\".\"lms_topic_progress\".\"timeSpentMinutes\", \"public\".\"lms_topic_progress\".\"startedAt\", \"public\".\"lms_topic_progress\".\"completedAt\", \"public\".\"lms_topic_progress\".\"createdAt\", \"public\".\"lms_topic_progress\".\"updatedAt\" FROM \"public\".\"lms_topic_progress\" WHERE (\"public\".\"lms_topic_progress\".\"userId\" = $1 AND \"public\".\"lms_topic_progress\".\"topicId\" IN ($2,$3,$4,$5,$6)) OFFSET $7","service":"preplyte-api","timestamp":"2026-02-06 10:02:24"}
{"level":"debug","message":"Params: [\"cml92ugqs0007q3oof2k0hw35\",\"cml92k1kr000g17d0vh5otsfa\",\"cml92k1kw000i17d0kdgbg4p1\",\"cml92k1kx000k17d0p0xuoeib\",\"cml92k1kz000m17d0a96g0m1n\",\"cml92k1l0000o17d0fy4n2x8m\",0]","service":"preplyte-api","timestamp":"2026-02-06 10:02:24"}
{"level":"debug","message":"Duration: 9ms","service":"preplyte-api","timestamp":"2026-02-06 10:02:24"}
{"level":"info","message":"\u001b[0mGET /api/lms/courses/complete-web-development-bootcamp \u001b[36m304\u001b[0m 102.030 ms - -\u001b[0m","service":"preplyte-api","timestamp":"2026-02-06 10:02:24"}
{"level":"debug","message":"Query: SELECT 1","service":"preplyte-api","timestamp":"2026-02-06 10:02:37"}
{"level":"debug","message":"Params: []","service":"preplyte-api","timestamp":"2026-02-06 10:02:37"}
{"level":"debug","message":"Duration: 0ms","service":"preplyte-api","timestamp":"2026-02-06 10:02:37"}
{"level":"debug","message":"Query: SELECT \"public\".\"users\".\"id\", \"public\".\"users\".\"email\", \"public\".\"users\".\"role\"::text, \"public\".\"users\".\"instituteId\", \"public\".\"users\".\"isActive\", \"public\".\"users\".\"tokenVersion\" FROM \"public\".\"users\" WHERE (\"public\".\"users\".\"id\" = $1 AND 1=1) LIMIT $2 OFFSET $3","service":"preplyte-api","timestamp":"2026-02-06 10:02:37"}
{"level":"debug","message":"Params: [\"cml92ugqs0007q3oof2k0hw35\",1,0]","service":"preplyte-api","timestamp":"2026-02-06 10:02:37"}
{"level":"debug","message":"Duration: 0ms","service":"preplyte-api","timestamp":"2026-02-06 10:02:37"}
{"level":"debug","message":"Query: SELECT \"public\".\"lms_courses\".\"id\", \"public\".\"lms_courses\".\"title\", \"public\".\"lms_courses\".\"slug\" FROM \"public\".\"lms_courses\" WHERE (\"public\".\"lms_courses\".\"slug\" = $1 AND 1=1) LIMIT $2 OFFSET $3","service":"preplyte-api","timestamp":"2026-02-06 10:02:37"}
{"level":"debug","message":"Params: [\"complete-web-development-bootcamp\",1,0]","service":"preplyte-api","timestamp":"2026-02-06 10:02:37"}
{"level":"debug","message":"Duration: 1ms","service":"preplyte-api","timestamp":"2026-02-06 10:02:37"}
{"level":"debug","message":"Query: SELECT \"public\".\"lms_enrollments\".\"id\", \"public\".\"lms_enrollments\".\"userId\", \"public\".\"lms_enrollments\".\"courseId\", \"public\".\"lms_enrollments\".\"status\"::text, \"public\".\"lms_enrollments\".\"completedModules\", \"public\".\"lms_enrollments\".\"completedTopics\", \"public\".\"lms_enrollments\".\"progressPercent\", \"public\".\"lms_enrollments\".\"totalPointsEarned\", \"public\".\"lms_enrollments\".\"moduleTestPointsEarned\", \"public\".\"lms_enrollments\".\"finalTestPointsEarned\", \"public\".\"lms_enrollments\".\"finalTestAttempted\", \"public\".\"lms_enrollments\".\"finalTestPassed\", \"public\".\"lms_enrollments\".\"finalTestScore\", \"public\".\"lms_enrollments\".\"finalTestMarks\", \"public\".\"lms_enrollments\".\"enrolledAt\", \"public\".\"lms_enrollments\".\"startedAt\", \"public\".\"lms_enrollments\".\"completedAt\", \"public\".\"lms_enrollments\".\"lastAccessedAt\", \"public\".\"lms_enrollments\".\"certificateUrl\", \"public\".\"lms_enrollments\".\"certificateIssuedAt\", \"public\".\"lms_enrollments\".\"createdAt\", \"public\".\"lms_enrollments\".\"updatedAt\" FROM \"public\".\"lms_enrollments\" WHERE ((\"public\".\"lms_enrollments\".\"userId\" = $1 AND \"public\".\"lms_enrollments\".\"courseId\" = $2) AND 1=1) LIMIT $3 OFFSET $4","service":"preplyte-api","timestamp":"2026-02-06 10:02:37"}
{"level":"debug","message":"Params: [\"cml92ugqs0007q3oof2k0hw35\",\"cml92k1k4000417d09rzlrf37\",1,0]","service":"preplyte-api","timestamp":"2026-02-06 10:02:37"}
{"level":"debug","message":"Duration: 0ms","service":"preplyte-api","timestamp":"2026-02-06 10:02:37"}
{"level":"debug","message":"Query: SELECT \"public\".\"lms_modules\".\"id\", \"public\".\"lms_modules\".\"courseId\", \"public\".\"lms_modules\".\"title\", \"public\".\"lms_modules\".\"shortDescription\", \"public\".\"lms_modules\".\"description\", \"public\".\"lms_modules\".\"order\", \"public\".\"lms_modules\".\"totalTopics\", \"public\".\"lms_modules\".\"points\", \"public\".\"lms_modules\".\"estimatedMinutes\", \"public\".\"lms_modules\".\"isActive\", \"public\".\"lms_modules\".\"createdAt\", \"public\".\"lms_modules\".\"updatedAt\" FROM \"public\".\"lms_modules\" WHERE (\"public\".\"lms_modules\".\"courseId\" = $1 AND \"public\".\"lms_modules\".\"order\" = $2 AND \"public\".\"lms_modules\".\"isActive\" = $3) LIMIT $4 OFFSET $5","service":"preplyte-api","timestamp":"2026-02-06 10:02:37"}
{"level":"debug","message":"Params: [\"cml92k1k4000417d09rzlrf37\",1,true,1,0]","service":"preplyte-api","timestamp":"2026-02-06 10:02:37"}
{"level":"debug","message":"Duration: 1ms","service":"preplyte-api","timestamp":"2026-02-06 10:02:37"}
{"level":"debug","message":"Query: SELECT \"public\".\"lms_topics\".\"id\", \"public\".\"lms_topics\".\"moduleId\", \"public\".\"lms_topics\".\"title\", \"public\".\"lms_topics\".\"description\", \"public\".\"lms_topics\".\"order\", \"public\".\"lms_topics\".\"theoryContent\", \"public\".\"lms_topics\".\"videoUrl\", \"public\".\"lms_topics\".\"videoDuration\", \"public\".\"lms_topics\".\"estimatedMinutes\", \"public\".\"lms_topics\".\"resources\", \"public\".\"lms_topics\".\"isActive\", \"public\".\"lms_topics\".\"createdAt\", \"public\".\"lms_topics\".\"updatedAt\" FROM \"public\".\"lms_topics\" WHERE (\"public\".\"lms_topics\".\"isActive\" = $1 AND \"public\".\"lms_topics\".\"moduleId\" IN ($2)) ORDER BY \"public\".\"lms_topics\".\"order\" ASC OFFSET $3","service":"preplyte-api","timestamp":"2026-02-06 10:02:37"}
{"level":"debug","message":"Params: [true,\"cml92k1ke000617d0l56w3n45\",0]","service":"preplyte-api","timestamp":"2026-02-06 10:02:37"}
{"level":"debug","message":"Duration: 1ms","service":"preplyte-api","timestamp":"2026-02-06 10:02:37"}
{"level":"debug","message":"Query: SELECT \"public\".\"lms_module_tests\".\"id\", \"public\".\"lms_module_tests\".\"moduleId\", \"public\".\"lms_module_tests\".\"title\", \"public\".\"lms_module_tests\".\"instructions\", \"public\".\"lms_module_tests\".\"totalQuestions\", \"public\".\"lms_module_tests\".\"passingScore\", \"public\".\"lms_module_tests\".\"timeLimitMinutes\", \"public\".\"lms_module_tests\".\"maxAttempts\", \"public\".\"lms_module_tests\".\"pointsPerQuestion\", \"public\".\"lms_module_tests\".\"totalPoints\", \"public\".\"lms_module_tests\".\"isActive\", \"public\".\"lms_module_tests\".\"createdAt\", \"public\".\"lms_module_tests\".\"updatedAt\" FROM \"public\".\"lms_module_tests\" WHERE \"public\".\"lms_module_tests\".\"moduleId\" IN ($1) OFFSET $2","service":"preplyte-api","timestamp":"2026-02-06 10:02:37"}
{"level":"debug","message":"Params: [\"cml92k1ke000617d0l56w3n45\",0]","service":"preplyte-api","timestamp":"2026-02-06 10:02:37"}
{"level":"debug","message":"Duration: 1ms","service":"preplyte-api","timestamp":"2026-02-06 10:02:37"}
{"level":"debug","message":"Query: SELECT \"public\".\"lms_module_progress\".\"id\", \"public\".\"lms_module_progress\".\"userId\", \"public\".\"lms_module_progress\".\"moduleId\", \"public\".\"lms_module_progress\".\"status\"::text, \"public\".\"lms_module_progress\".\"completedTopics\", \"public\".\"lms_module_progress\".\"totalTopics\", \"public\".\"lms_module_progress\".\"progressPercent\", \"public\".\"lms_module_progress\".\"testAttempted\", \"public\".\"lms_module_progress\".\"testPassed\", \"public\".\"lms_module_progress\".\"testScore\", \"public\".\"lms_module_progress\".\"testAttempts\", \"public\".\"lms_module_progress\".\"pointsEarned\", \"public\".\"lms_module_progress\".\"timeSpentMinutes\", \"public\".\"lms_module_progress\".\"startedAt\", \"public\".\"lms_module_progress\".\"completedAt\", \"public\".\"lms_module_progress\".\"createdAt\", \"public\".\"lms_module_progress\".\"updatedAt\" FROM \"public\".\"lms_module_progress\" WHERE ((\"public\".\"lms_module_progress\".\"userId\" = $1 AND \"public\".\"lms_module_progress\".\"moduleId\" = $2) AND 1=1) LIMIT $3 OFFSET $4","service":"preplyte-api","timestamp":"2026-02-06 10:02:37"}
{"level":"debug","message":"Params: [\"cml92ugqs0007q3oof2k0hw35\",\"cml92k1ke000617d0l56w3n45\",1,0]","service":"preplyte-api","timestamp":"2026-02-06 10:02:37"}
{"level":"debug","message":"Duration: 1ms","service":"preplyte-api","timestamp":"2026-02-06 10:02:37"}
{"level":"debug","message":"Query: SELECT \"public\".\"lms_topic_progress\".\"id\", \"public\".\"lms_topic_progress\".\"userId\", \"public\".\"lms_topic_progress\".\"topicId\", \"public\".\"lms_topic_progress\".\"status\"::text, \"public\".\"lms_topic_progress\".\"theoryCompleted\", \"public\".\"lms_topic_progress\".\"videoWatched\", \"public\".\"lms_topic_progress\".\"videoProgress\", \"public\".\"lms_topic_progress\".\"timeSpentMinutes\", \"public\".\"lms_topic_progress\".\"startedAt\", \"public\".\"lms_topic_progress\".\"completedAt\", \"public\".\"lms_topic_progress\".\"createdAt\", \"public\".\"lms_topic_progress\".\"updatedAt\" FROM \"public\".\"lms_topic_progress\" WHERE (\"public\".\"lms_topic_progress\".\"userId\" = $1 AND \"public\".\"lms_topic_progress\".\"topicId\" IN ($2,$3,$4,$5,$6)) OFFSET $7","service":"preplyte-api","timestamp":"2026-02-06 10:02:37"}
{"level":"debug","message":"Params: [\"cml92ugqs0007q3oof2k0hw35\",\"cml92k1kr000g17d0vh5otsfa\",\"cml92k1kw000i17d0kdgbg4p1\",\"cml92k1kx000k17d0p0xuoeib\",\"cml92k1kz000m17d0a96g0m1n\",\"cml92k1l0000o17d0fy4n2x8m\",0]","service":"preplyte-api","timestamp":"2026-02-06 10:02:37"}
{"level":"debug","message":"Duration: 0ms","service":"preplyte-api","timestamp":"2026-02-06 10:02:37"}
{"level":"info","message":"\u001b[0mGET /api/lms/courses/complete-web-development-bootcamp/modules/1 \u001b[32m200\u001b[0m 36.369 ms - -\u001b[0m","service":"preplyte-api","timestamp":"2026-02-06 10:02:37"}
{"level":"debug","message":"Query: SELECT \"public\".\"users\".\"id\", \"public\".\"users\".\"email\", \"public\".\"users\".\"role\"::text, \"public\".\"users\".\"instituteId\", \"public\".\"users\".\"isActive\", \"public\".\"users\".\"tokenVersion\" FROM \"public\".\"users\" WHERE (\"public\".\"users\".\"id\" = $1 AND 1=1) LIMIT $2 OFFSET $3","service":"preplyte-api","timestamp":"2026-02-06 10:02:48"}
{"level":"debug","message":"Params: [\"cml92ugqs0007q3oof2k0hw35\",1,0]","service":"preplyte-api","timestamp":"2026-02-06 10:02:48"}
{"level":"debug","message":"Duration: 0ms","service":"preplyte-api","timestamp":"2026-02-06 10:02:48"}
{"level":"debug","message":"Query: SELECT \"public\".\"lms_courses\".\"id\", \"public\".\"lms_courses\".\"title\", \"public\".\"lms_courses\".\"slug\" FROM \"public\".\"lms_courses\" WHERE (\"public\".\"lms_courses\".\"slug\" = $1 AND 1=1) LIMIT $2 OFFSET $3","service":"preplyte-api","timestamp":"2026-02-06 10:02:48"}
{"level":"debug","message":"Params: [\"complete-web-development-bootcamp\",1,0]","service":"preplyte-api","timestamp":"2026-02-06 10:02:48"}
{"level":"debug","message":"Duration: 1ms","service":"preplyte-api","timestamp":"2026-02-06 10:02:48"}
{"level":"debug","message":"Query: SELECT \"public\".\"lms_enrollments\".\"id\", \"public\".\"lms_enrollments\".\"userId\", \"public\".\"lms_enrollments\".\"courseId\", \"public\".\"lms_enrollments\".\"status\"::text, \"public\".\"lms_enrollments\".\"completedModules\", \"public\".\"lms_enrollments\".\"completedTopics\", \"public\".\"lms_enrollments\".\"progressPercent\", \"public\".\"lms_enrollments\".\"totalPointsEarned\", \"public\".\"lms_enrollments\".\"moduleTestPointsEarned\", \"public\".\"lms_enrollments\".\"finalTestPointsEarned\", \"public\".\"lms_enrollments\".\"finalTestAttempted\", \"public\".\"lms_enrollments\".\"finalTestPassed\", \"public\".\"lms_enrollments\".\"finalTestScore\", \"public\".\"lms_enrollments\".\"finalTestMarks\", \"public\".\"lms_enrollments\".\"enrolledAt\", \"public\".\"lms_enrollments\".\"startedAt\", \"public\".\"lms_enrollments\".\"completedAt\", \"public\".\"lms_enrollments\".\"lastAccessedAt\", \"public\".\"lms_enrollments\".\"certificateUrl\", \"public\".\"lms_enrollments\".\"certificateIssuedAt\", \"public\".\"lms_enrollments\".\"createdAt\", \"public\".\"lms_enrollments\".\"updatedAt\" FROM \"public\".\"lms_enrollments\" WHERE ((\"public\".\"lms_enrollments\".\"userId\" = $1 AND \"public\".\"lms_enrollments\".\"courseId\" = $2) AND 1=1) LIMIT $3 OFFSET $4","service":"preplyte-api","timestamp":"2026-02-06 10:02:48"}
{"level":"debug","message":"Params: [\"cml92ugqs0007q3oof2k0hw35\",\"cml92k1k4000417d09rzlrf37\",1,0]","service":"preplyte-api","timestamp":"2026-02-06 10:02:48"}
{"level":"debug","message":"Duration: 1ms","service":"preplyte-api","timestamp":"2026-02-06 10:02:48"}
{"level":"debug","message":"Query: SELECT \"public\".\"lms_modules\".\"id\", \"public\".\"lms_modules\".\"courseId\", \"public\".\"lms_modules\".\"title\", \"public\".\"lms_modules\".\"shortDescription\", \"public\".\"lms_modules\".\"description\", \"public\".\"lms_modules\".\"order\", \"public\".\"lms_modules\".\"totalTopics\", \"public\".\"lms_modules\".\"points\", \"public\".\"lms_modules\".\"estimatedMinutes\", \"public\".\"lms_modules\".\"isActive\", \"public\".\"lms_modules\".\"createdAt\", \"public\".\"lms_modules\".\"updatedAt\" FROM \"public\".\"lms_modules\" WHERE (\"public\".\"lms_modules\".\"courseId\" = $1 AND \"public\".\"lms_modules\".\"order\" = $2 AND \"public\".\"lms_modules\".\"isActive\" = $3) LIMIT $4 OFFSET $5","service":"preplyte-api","timestamp":"2026-02-06 10:02:48"}
{"level":"debug","message":"Params: [\"cml92k1k4000417d09rzlrf37\",1,true,1,0]","service":"preplyte-api","timestamp":"2026-02-06 10:02:48"}
{"level":"debug","message":"Duration: 1ms","service":"preplyte-api","timestamp":"2026-02-06 10:02:48"}
{"level":"debug","message":"Query: SELECT \"public\".\"lms_topics\".\"id\", \"public\".\"lms_topics\".\"moduleId\", \"public\".\"lms_topics\".\"title\", \"public\".\"lms_topics\".\"description\", \"public\".\"lms_topics\".\"order\", \"public\".\"lms_topics\".\"theoryContent\", \"public\".\"lms_topics\".\"videoUrl\", \"public\".\"lms_topics\".\"videoDuration\", \"public\".\"lms_topics\".\"estimatedMinutes\", \"public\".\"lms_topics\".\"resources\", \"public\".\"lms_topics\".\"isActive\", \"public\".\"lms_topics\".\"createdAt\", \"public\".\"lms_topics\".\"updatedAt\" FROM \"public\".\"lms_topics\" WHERE (\"public\".\"lms_topics\".\"isActive\" = $1 AND \"public\".\"lms_topics\".\"moduleId\" IN ($2)) ORDER BY \"public\".\"lms_topics\".\"order\" ASC OFFSET $3","service":"preplyte-api","timestamp":"2026-02-06 10:02:48"}
{"level":"debug","message":"Params: [true,\"cml92k1ke000617d0l56w3n45\",0]","service":"preplyte-api","timestamp":"2026-02-06 10:02:48"}
{"level":"debug","message":"Duration: 0ms","service":"preplyte-api","timestamp":"2026-02-06 10:02:48"}
{"level":"debug","message":"Query: SELECT \"public\".\"lms_topic_progress\".\"id\", \"public\".\"lms_topic_progress\".\"userId\", \"public\".\"lms_topic_progress\".\"topicId\", \"public\".\"lms_topic_progress\".\"status\"::text, \"public\".\"lms_topic_progress\".\"theoryCompleted\", \"public\".\"lms_topic_progress\".\"videoWatched\", \"public\".\"lms_topic_progress\".\"videoProgress\", \"public\".\"lms_topic_progress\".\"timeSpentMinutes\", \"public\".\"lms_topic_progress\".\"startedAt\", \"public\".\"lms_topic_progress\".\"completedAt\", \"public\".\"lms_topic_progress\".\"createdAt\", \"public\".\"lms_topic_progress\".\"updatedAt\" FROM \"public\".\"lms_topic_progress\" WHERE ((\"public\".\"lms_topic_progress\".\"userId\" = $1 AND \"public\".\"lms_topic_progress\".\"topicId\" = $2) AND 1=1) LIMIT $3 OFFSET $4","service":"preplyte-api","timestamp":"2026-02-06 10:02:48"}
{"level":"debug","message":"Params: [\"cml92ugqs0007q3oof2k0hw35\",\"cml92k1kr000g17d0vh5otsfa\",1,0]","service":"preplyte-api","timestamp":"2026-02-06 10:02:48"}
{"level":"debug","message":"Duration: 1ms","service":"preplyte-api","timestamp":"2026-02-06 10:02:48"}
{"level":"debug","message":"Query: UPDATE \"public\".\"lms_topic_progress\" SET \"status\" = CAST($1::text AS \"public\".\"LmsTopicStatus\"), \"startedAt\" = $2, \"updatedAt\" = $3 WHERE (\"public\".\"lms_topic_progress\".\"id\" = $4 AND 1=1) RETURNING \"public\".\"lms_topic_progress\".\"id\", \"public\".\"lms_topic_progress\".\"userId\", \"public\".\"lms_topic_progress\".\"topicId\", \"public\".\"lms_topic_progress\".\"status\"::text, \"public\".\"lms_topic_progress\".\"theoryCompleted\", \"public\".\"lms_topic_progress\".\"videoWatched\", \"public\".\"lms_topic_progress\".\"videoProgress\", \"public\".\"lms_topic_progress\".\"timeSpentMinutes\", \"public\".\"lms_topic_progress\".\"startedAt\", \"public\".\"lms_topic_progress\".\"completedAt\", \"public\".\"lms_topic_progress\".\"createdAt\", \"public\".\"lms_topic_progress\".\"updatedAt\"","service":"preplyte-api","timestamp":"2026-02-06 10:02:48"}
{"level":"debug","message":"Params: [\"IN_PROGRESS\",\"2026-02-06 04:32:48.198 UTC\",\"2026-02-06 04:32:48.201 UTC\",\"cmlachpcp000a118r8kw5uyba\"]","service":"preplyte-api","timestamp":"2026-02-06 10:02:48"}
{"level":"debug","message":"Duration: 5ms","service":"preplyte-api","timestamp":"2026-02-06 10:02:48"}
{"level":"debug","message":"Query: UPDATE \"public\".\"lms_enrollments\" SET \"lastAccessedAt\" = $1, \"updatedAt\" = $2 WHERE (\"public\".\"lms_enrollments\".\"id\" = $3 AND 1=1) RETURNING \"public\".\"lms_enrollments\".\"id\", \"public\".\"lms_enrollments\".\"userId\", \"public\".\"lms_enrollments\".\"courseId\", \"public\".\"lms_enrollments\".\"status\"::text, \"public\".\"lms_enrollments\".\"completedModules\", \"public\".\"lms_enrollments\".\"completedTopics\", \"public\".\"lms_enrollments\".\"progressPercent\", \"public\".\"lms_enrollments\".\"totalPointsEarned\", \"public\".\"lms_enrollments\".\"moduleTestPointsEarned\", \"public\".\"lms_enrollments\".\"finalTestPointsEarned\", \"public\".\"lms_enrollments\".\"finalTestAttempted\", \"public\".\"lms_enrollments\".\"finalTestPassed\", \"public\".\"lms_enrollments\".\"finalTestScore\", \"public\".\"lms_enrollments\".\"finalTestMarks\", \"public\".\"lms_enrollments\".\"enrolledAt\", \"public\".\"lms_enrollments\".\"startedAt\", \"public\".\"lms_enrollments\".\"completedAt\", \"public\".\"lms_enrollments\".\"lastAccessedAt\", \"public\".\"lms_enrollments\".\"certificateUrl\", \"public\".\"lms_enrollments\".\"certificateIssuedAt\", \"public\".\"lms_enrollments\".\"createdAt\", \"public\".\"lms_enrollments\".\"updatedAt\"","service":"preplyte-api","timestamp":"2026-02-06 10:02:48"}
{"level":"debug","message":"Params: [\"2026-02-06 04:32:48.208 UTC\",\"2026-02-06 04:32:48.212 UTC\",\"cmlachpc30004118ri8zrzcv6\"]","service":"preplyte-api","timestamp":"2026-02-06 10:02:48"}
{"level":"debug","message":"Duration: 2ms","service":"preplyte-api","timestamp":"2026-02-06 10:02:48"}
{"level":"info","message":"\u001b[0mGET /api/lms/courses/complete-web-development-bootcamp/modules/1/topics/1 \u001b[32m200\u001b[0m 60.710 ms - -\u001b[0m","service":"preplyte-api","timestamp":"2026-02-06 10:02:48"}
{"level":"debug","message":"Query: SELECT \"public\".\"users\".\"id\", \"public\".\"users\".\"email\", \"public\".\"users\".\"role\"::text, \"public\".\"users\".\"instituteId\", \"public\".\"users\".\"isActive\", \"public\".\"users\".\"tokenVersion\" FROM \"public\".\"users\" WHERE (\"public\".\"users\".\"id\" = $1 AND 1=1) LIMIT $2 OFFSET $3","service":"preplyte-api","timestamp":"2026-02-06 10:02:50"}
{"level":"debug","message":"Params: [\"cml92ugqs0007q3oof2k0hw35\",1,0]","service":"preplyte-api","timestamp":"2026-02-06 10:02:50"}
{"level":"debug","message":"Duration: 1ms","service":"preplyte-api","timestamp":"2026-02-06 10:02:50"}
{"level":"debug","message":"Query: SELECT \"public\".\"lms_courses\".\"id\" FROM \"public\".\"lms_courses\" WHERE (\"public\".\"lms_courses\".\"slug\" = $1 AND 1=1) LIMIT $2 OFFSET $3","service":"preplyte-api","timestamp":"2026-02-06 10:02:50"}
{"level":"debug","message":"Params: [\"complete-web-development-bootcamp\",1,0]","service":"preplyte-api","timestamp":"2026-02-06 10:02:50"}
{"level":"debug","message":"Duration: 1ms","service":"preplyte-api","timestamp":"2026-02-06 10:02:50"}
{"level":"debug","message":"Query: SELECT \"public\".\"lms_modules\".\"id\", \"public\".\"lms_modules\".\"courseId\", \"public\".\"lms_modules\".\"title\", \"public\".\"lms_modules\".\"shortDescription\", \"public\".\"lms_modules\".\"description\", \"public\".\"lms_modules\".\"order\", \"public\".\"lms_modules\".\"totalTopics\", \"public\".\"lms_modules\".\"points\", \"public\".\"lms_modules\".\"estimatedMinutes\", \"public\".\"lms_modules\".\"isActive\", \"public\".\"lms_modules\".\"createdAt\", \"public\".\"lms_modules\".\"updatedAt\" FROM \"public\".\"lms_modules\" WHERE (\"public\".\"lms_modules\".\"courseId\" = $1 AND \"public\".\"lms_modules\".\"order\" = $2) LIMIT $3 OFFSET $4","service":"preplyte-api","timestamp":"2026-02-06 10:02:50"}
{"level":"debug","message":"Params: [\"cml92k1k4000417d09rzlrf37\",1,1,0]","service":"preplyte-api","timestamp":"2026-02-06 10:02:50"}
{"level":"debug","message":"Duration: 1ms","service":"preplyte-api","timestamp":"2026-02-06 10:02:50"}
{"level":"debug","message":"Query: SELECT \"public\".\"lms_topics\".\"id\", \"public\".\"lms_topics\".\"moduleId\", \"public\".\"lms_topics\".\"title\", \"public\".\"lms_topics\".\"description\", \"public\".\"lms_topics\".\"order\", \"public\".\"lms_topics\".\"theoryContent\", \"public\".\"lms_topics\".\"videoUrl\", \"public\".\"lms_topics\".\"videoDuration\", \"public\".\"lms_topics\".\"estimatedMinutes\", \"public\".\"lms_topics\".\"resources\", \"public\".\"lms_topics\".\"isActive\", \"public\".\"lms_topics\".\"createdAt\", \"public\".\"lms_topics\".\"updatedAt\" FROM \"public\".\"lms_topics\" WHERE \"public\".\"lms_topics\".\"moduleId\" IN ($1) ORDER BY \"public\".\"lms_topics\".\"order\" ASC OFFSET $2","service":"preplyte-api","timestamp":"2026-02-06 10:02:50"}
{"level":"debug","message":"Params: [\"cml92k1ke000617d0l56w3n45\",0]","service":"preplyte-api","timestamp":"2026-02-06 10:02:50"}
{"level":"debug","message":"Duration: 1ms","service":"preplyte-api","timestamp":"2026-02-06 10:02:50"}
{"level":"debug","message":"Query: INSERT INTO \"public\".\"lms_topic_progress\" (\"id\",\"userId\",\"topicId\",\"status\",\"theoryCompleted\",\"videoWatched\",\"videoProgress\",\"timeSpentMinutes\",\"startedAt\",\"createdAt\",\"updatedAt\") VALUES ($1,$2,$3,CAST($4::text AS \"public\".\"LmsTopicStatus\"),$5,$6,$7,$8,$9,$10,$11) ON CONFLICT (\"userId\",\"topicId\") DO UPDATE SET \"theoryCompleted\" = $12, \"updatedAt\" = $13 WHERE ((\"public\".\"lms_topic_progress\".\"userId\" = $14 AND \"public\".\"lms_topic_progress\".\"topicId\" = $15) AND 1=1) RETURNING \"public\".\"lms_topic_progress\".\"id\", \"public\".\"lms_topic_progress\".\"userId\", \"public\".\"lms_topic_progress\".\"topicId\", \"public\".\"lms_topic_progress\".\"status\"::text, \"public\".\"lms_topic_progress\".\"theoryCompleted\", \"public\".\"lms_topic_progress\".\"videoWatched\", \"public\".\"lms_topic_progress\".\"videoProgress\", \"public\".\"lms_topic_progress\".\"timeSpentMinutes\", \"public\".\"lms_topic_progress\".\"startedAt\", \"public\".\"lms_topic_progress\".\"completedAt\", \"public\".\"lms_topic_progress\".\"createdAt\", \"public\".\"lms_topic_progress\".\"updatedAt\"","service":"preplyte-api","timestamp":"2026-02-06 10:02:50"}
{"level":"debug","message":"Params: [\"cmlae3bm1000gi0naekf5tqup\",\"cml92ugqs0007q3oof2k0hw35\",\"cml92k1kr000g17d0vh5otsfa\",\"IN_PROGRESS\",true,false,0,0,\"2026-02-06 04:32:50.566 UTC\",\"2026-02-06 04:32:50.569 UTC\",\"2026-02-06 04:32:50.569 UTC\",true,\"2026-02-06 04:32:50.569 UTC\",\"cml92ugqs0007q3oof2k0hw35\",\"cml92k1kr000g17d0vh5otsfa\"]","service":"preplyte-api","timestamp":"2026-02-06 10:02:50"}
{"level":"debug","message":"Duration: 3ms","service":"preplyte-api","timestamp":"2026-02-06 10:02:50"}
{"level":"info","message":"\u001b[0mPATCH /api/lms/courses/complete-web-development-bootcamp/modules/1/topics/1/progress \u001b[32m200\u001b[0m 37.805 ms - 417\u001b[0m","service":"preplyte-api","timestamp":"2026-02-06 10:02:50"}
{"level":"debug","message":"Query: SELECT \"public\".\"users\".\"id\", \"public\".\"users\".\"email\", \"public\".\"users\".\"role\"::text, \"public\".\"users\".\"instituteId\", \"public\".\"users\".\"isActive\", \"public\".\"users\".\"tokenVersion\" FROM \"public\".\"users\" WHERE (\"public\".\"users\".\"id\" = $1 AND 1=1) LIMIT $2 OFFSET $3","service":"preplyte-api","timestamp":"2026-02-06 10:02:50"}
{"level":"debug","message":"Params: [\"cml92ugqs0007q3oof2k0hw35\",1,0]","service":"preplyte-api","timestamp":"2026-02-06 10:02:50"}
{"level":"debug","message":"Duration: 0ms","service":"preplyte-api","timestamp":"2026-02-06 10:02:50"}
{"level":"debug","message":"Query: SELECT \"public\".\"lms_courses\".\"id\", \"public\".\"lms_courses\".\"title\", \"public\".\"lms_courses\".\"slug\" FROM \"public\".\"lms_courses\" WHERE (\"public\".\"lms_courses\".\"slug\" = $1 AND 1=1) LIMIT $2 OFFSET $3","service":"preplyte-api","timestamp":"2026-02-06 10:02:50"}
{"level":"debug","message":"Params: [\"complete-web-development-bootcamp\",1,0]","service":"preplyte-api","timestamp":"2026-02-06 10:02:50"}
{"level":"debug","message":"Duration: 1ms","service":"preplyte-api","timestamp":"2026-02-06 10:02:50"}
{"level":"debug","message":"Query: SELECT \"public\".\"lms_enrollments\".\"id\", \"public\".\"lms_enrollments\".\"userId\", \"public\".\"lms_enrollments\".\"courseId\", \"public\".\"lms_enrollments\".\"status\"::text, \"public\".\"lms_enrollments\".\"completedModules\", \"public\".\"lms_enrollments\".\"completedTopics\", \"public\".\"lms_enrollments\".\"progressPercent\", \"public\".\"lms_enrollments\".\"totalPointsEarned\", \"public\".\"lms_enrollments\".\"moduleTestPointsEarned\", \"public\".\"lms_enrollments\".\"finalTestPointsEarned\", \"public\".\"lms_enrollments\".\"finalTestAttempted\", \"public\".\"lms_enrollments\".\"finalTestPassed\", \"public\".\"lms_enrollments\".\"finalTestScore\", \"public\".\"lms_enrollments\".\"finalTestMarks\", \"public\".\"lms_enrollments\".\"enrolledAt\", \"public\".\"lms_enrollments\".\"startedAt\", \"public\".\"lms_enrollments\".\"completedAt\", \"public\".\"lms_enrollments\".\"lastAccessedAt\", \"public\".\"lms_enrollments\".\"certificateUrl\", \"public\".\"lms_enrollments\".\"certificateIssuedAt\", \"public\".\"lms_enrollments\".\"createdAt\", \"public\".\"lms_enrollments\".\"updatedAt\" FROM \"public\".\"lms_enrollments\" WHERE ((\"public\".\"lms_enrollments\".\"userId\" = $1 AND \"public\".\"lms_enrollments\".\"courseId\" = $2) AND 1=1) LIMIT $3 OFFSET $4","service":"preplyte-api","timestamp":"2026-02-06 10:02:50"}
{"level":"debug","message":"Params: [\"cml92ugqs0007q3oof2k0hw35\",\"cml92k1k4000417d09rzlrf37\",1,0]","service":"preplyte-api","timestamp":"2026-02-06 10:02:50"}
{"level":"debug","message":"Duration: 0ms","service":"preplyte-api","timestamp":"2026-02-06 10:02:50"}
{"level":"debug","message":"Query: SELECT \"public\".\"lms_modules\".\"id\", \"public\".\"lms_modules\".\"courseId\", \"public\".\"lms_modules\".\"title\", \"public\".\"lms_modules\".\"shortDescription\", \"public\".\"lms_modules\".\"description\", \"public\".\"lms_modules\".\"order\", \"public\".\"lms_modules\".\"totalTopics\", \"public\".\"lms_modules\".\"points\", \"public\".\"lms_modules\".\"estimatedMinutes\", \"public\".\"lms_modules\".\"isActive\", \"public\".\"lms_modules\".\"createdAt\", \"public\".\"lms_modules\".\"updatedAt\" FROM \"public\".\"lms_modules\" WHERE (\"public\".\"lms_modules\".\"courseId\" = $1 AND \"public\".\"lms_modules\".\"order\" = $2 AND \"public\".\"lms_modules\".\"isActive\" = $3) LIMIT $4 OFFSET $5","service":"preplyte-api","timestamp":"2026-02-06 10:02:50"}
{"level":"debug","message":"Params: [\"cml92k1k4000417d09rzlrf37\",1,true,1,0]","service":"preplyte-api","timestamp":"2026-02-06 10:02:50"}
{"level":"debug","message":"Duration: 1ms","service":"preplyte-api","timestamp":"2026-02-06 10:02:50"}
{"level":"debug","message":"Query: SELECT \"public\".\"lms_topics\".\"id\", \"public\".\"lms_topics\".\"moduleId\", \"public\".\"lms_topics\".\"title\", \"public\".\"lms_topics\".\"description\", \"public\".\"lms_topics\".\"order\", \"public\".\"lms_topics\".\"theoryContent\", \"public\".\"lms_topics\".\"videoUrl\", \"public\".\"lms_topics\".\"videoDuration\", \"public\".\"lms_topics\".\"estimatedMinutes\", \"public\".\"lms_topics\".\"resources\", \"public\".\"lms_topics\".\"isActive\", \"public\".\"lms_topics\".\"createdAt\", \"public\".\"lms_topics\".\"updatedAt\" FROM \"public\".\"lms_topics\" WHERE (\"public\".\"lms_topics\".\"isActive\" = $1 AND \"public\".\"lms_topics\".\"moduleId\" IN ($2)) ORDER BY \"public\".\"lms_topics\".\"order\" ASC OFFSET $3","service":"preplyte-api","timestamp":"2026-02-06 10:02:50"}
{"level":"debug","message":"Params: [true,\"cml92k1ke000617d0l56w3n45\",0]","service":"preplyte-api","timestamp":"2026-02-06 10:02:50"}
{"level":"debug","message":"Duration: 1ms","service":"preplyte-api","timestamp":"2026-02-06 10:02:50"}
{"level":"debug","message":"Query: SELECT \"public\".\"lms_topic_progress\".\"id\", \"public\".\"lms_topic_progress\".\"userId\", \"public\".\"lms_topic_progress\".\"topicId\", \"public\".\"lms_topic_progress\".\"status\"::text, \"public\".\"lms_topic_progress\".\"theoryCompleted\", \"public\".\"lms_topic_progress\".\"videoWatched\", \"public\".\"lms_topic_progress\".\"videoProgress\", \"public\".\"lms_topic_progress\".\"timeSpentMinutes\", \"public\".\"lms_topic_progress\".\"startedAt\", \"public\".\"lms_topic_progress\".\"completedAt\", \"public\".\"lms_topic_progress\".\"createdAt\", \"public\".\"lms_topic_progress\".\"updatedAt\" FROM \"public\".\"lms_topic_progress\" WHERE ((\"public\".\"lms_topic_progress\".\"userId\" = $1 AND \"public\".\"lms_topic_progress\".\"topicId\" = $2) AND 1=1) LIMIT $3 OFFSET $4","service":"preplyte-api","timestamp":"2026-02-06 10:02:50"}
{"level":"debug","message":"Params: [\"cml92ugqs0007q3oof2k0hw35\",\"cml92k1kr000g17d0vh5otsfa\",1,0]","service":"preplyte-api","timestamp":"2026-02-06 10:02:50"}
{"level":"debug","message":"Duration: 1ms","service":"preplyte-api","timestamp":"2026-02-06 10:02:50"}
{"level":"debug","message":"Query: UPDATE \"public\".\"lms_enrollments\" SET \"lastAccessedAt\" = $1, \"updatedAt\" = $2 WHERE (\"public\".\"lms_enrollments\".\"id\" = $3 AND 1=1) RETURNING \"public\".\"lms_enrollments\".\"id\", \"public\".\"lms_enrollments\".\"userId\", \"public\".\"lms_enrollments\".\"courseId\", \"public\".\"lms_enrollments\".\"status\"::text, \"public\".\"lms_enrollments\".\"completedModules\", \"public\".\"lms_enrollments\".\"completedTopics\", \"public\".\"lms_enrollments\".\"progressPercent\", \"public\".\"lms_enrollments\".\"totalPointsEarned\", \"public\".\"lms_enrollments\".\"moduleTestPointsEarned\", \"public\".\"lms_enrollments\".\"finalTestPointsEarned\", \"public\".\"lms_enrollments\".\"finalTestAttempted\", \"public\".\"lms_enrollments\".\"finalTestPassed\", \"public\".\"lms_enrollments\".\"finalTestScore\", \"public\".\"lms_enrollments\".\"finalTestMarks\", \"public\".\"lms_enrollments\".\"enrolledAt\", \"public\".\"lms_enrollments\".\"startedAt\", \"public\".\"lms_enrollments\".\"completedAt\", \"public\".\"lms_enrollments\".\"lastAccessedAt\", \"public\".\"lms_enrollments\".\"certificateUrl\", \"public\".\"lms_enrollments\".\"certificateIssuedAt\", \"public\".\"lms_enrollments\".\"createdAt\", \"public\".\"lms_enrollments\".\"updatedAt\"","service":"preplyte-api","timestamp":"2026-02-06 10:02:50"}
{"level":"debug","message":"Params: [\"2026-02-06 04:32:50.621 UTC\",\"2026-02-06 04:32:50.625 UTC\",\"cmlachpc30004118ri8zrzcv6\"]","service":"preplyte-api","timestamp":"2026-02-06 10:02:50"}
{"level":"debug","message":"Duration: 2ms","service":"preplyte-api","timestamp":"2026-02-06 10:02:50"}
{"level":"info","message":"\u001b[0mGET /api/lms/courses/complete-web-development-bootcamp/modules/1/topics/1 \u001b[32m200\u001b[0m 44.654 ms - -\u001b[0m","service":"preplyte-api","timestamp":"2026-02-06 10:02:50"}
{"level":"debug","message":"Query: SELECT \"public\".\"users\".\"id\", \"public\".\"users\".\"email\", \"public\".\"users\".\"role\"::text, \"public\".\"users\".\"instituteId\", \"public\".\"users\".\"isActive\", \"public\".\"users\".\"tokenVersion\" FROM \"public\".\"users\" WHERE (\"public\".\"users\".\"id\" = $1 AND 1=1) LIMIT $2 OFFSET $3","service":"preplyte-api","timestamp":"2026-02-06 10:08:58"}
{"level":"debug","message":"Params: [\"cml92r5r50001q3oopvkslp23\",1,0]","service":"preplyte-api","timestamp":"2026-02-06 10:08:58"}
{"level":"debug","message":"Duration: 11ms","service":"preplyte-api","timestamp":"2026-02-06 10:08:58"}
{"level":"debug","message":"Query: SELECT \"public\".\"users\".\"id\", \"public\".\"users\".\"email\", \"public\".\"users\".\"role\"::text, \"public\".\"users\".\"instituteId\", \"public\".\"users\".\"isActive\", \"public\".\"users\".\"tokenVersion\" FROM \"public\".\"users\" WHERE (\"public\".\"users\".\"id\" = $1 AND 1=1) LIMIT $2 OFFSET $3","service":"preplyte-api","timestamp":"2026-02-06 10:08:58"}
{"level":"debug","message":"Params: [\"cml92r5r50001q3oopvkslp23\",1,0]","service":"preplyte-api","timestamp":"2026-02-06 10:08:58"}
{"level":"debug","message":"Duration: 7ms","service":"preplyte-api","timestamp":"2026-02-06 10:08:58"}
{"level":"debug","message":"Query: SELECT \"public\".\"lms_modules\".\"id\", \"public\".\"lms_modules\".\"courseId\", \"public\".\"lms_modules\".\"title\", \"public\".\"lms_modules\".\"shortDescription\", \"public\".\"lms_modules\".\"description\", \"public\".\"lms_modules\".\"order\", \"public\".\"lms_modules\".\"totalTopics\", \"public\".\"lms_modules\".\"points\", \"public\".\"lms_modules\".\"estimatedMinutes\", \"public\".\"lms_modules\".\"isActive\", \"public\".\"lms_modules\".\"createdAt\", \"public\".\"lms_modules\".\"updatedAt\" FROM \"public\".\"lms_modules\" WHERE (\"public\".\"lms_modules\".\"id\" = $1 AND 1=1) LIMIT $2 OFFSET $3","service":"preplyte-api","timestamp":"2026-02-06 10:08:58"}
{"level":"debug","message":"Params: [\"cml92k1ke000617d0l56w3n45\",1,0]","service":"preplyte-api","timestamp":"2026-02-06 10:08:58"}
{"level":"debug","message":"Duration: 5ms","service":"preplyte-api","timestamp":"2026-02-06 10:08:58"}
{"level":"debug","message":"Query: SELECT \"public\".\"lms_topics\".\"id\", \"public\".\"lms_topics\".\"moduleId\", \"public\".\"lms_topics\".\"title\", \"public\".\"lms_topics\".\"description\", \"public\".\"lms_topics\".\"order\", \"public\".\"lms_topics\".\"theoryContent\", \"public\".\"lms_topics\".\"videoUrl\", \"public\".\"lms_topics\".\"videoDuration\", \"public\".\"lms_topics\".\"estimatedMinutes\", \"public\".\"lms_topics\".\"resources\", \"public\".\"lms_topics\".\"isActive\", \"public\".\"lms_topics\".\"createdAt\", \"public\".\"lms_topics\".\"updatedAt\" FROM \"public\".\"lms_topics\" WHERE \"public\".\"lms_topics\".\"moduleId\" IN ($1) ORDER BY \"public\".\"lms_topics\".\"order\" ASC OFFSET $2","service":"preplyte-api","timestamp":"2026-02-06 10:08:58"}
{"level":"debug","message":"Params: [\"cml92k1ke000617d0l56w3n45\",0]","service":"preplyte-api","timestamp":"2026-02-06 10:08:58"}
{"level":"debug","message":"Duration: 4ms","service":"preplyte-api","timestamp":"2026-02-06 10:08:58"}
{"level":"debug","message":"Query: SELECT \"public\".\"lms_topics\".\"id\", \"public\".\"lms_topics\".\"moduleId\", \"public\".\"lms_topics\".\"title\", \"public\".\"lms_topics\".\"description\", \"public\".\"lms_topics\".\"order\", \"public\".\"lms_topics\".\"theoryContent\", \"public\".\"lms_topics\".\"videoUrl\", \"public\".\"lms_topics\".\"videoDuration\", \"public\".\"lms_topics\".\"estimatedMinutes\", \"public\".\"lms_topics\".\"resources\", \"public\".\"lms_topics\".\"isActive\", \"public\".\"lms_topics\".\"createdAt\", \"public\".\"lms_topics\".\"updatedAt\" FROM \"public\".\"lms_topics\" WHERE \"public\".\"lms_topics\".\"moduleId\" = $1 ORDER BY \"public\".\"lms_topics\".\"order\" ASC OFFSET $2","service":"preplyte-api","timestamp":"2026-02-06 10:08:58"}
{"level":"debug","message":"Params: [\"cml92k1ke000617d0l56w3n45\",0]","service":"preplyte-api","timestamp":"2026-02-06 10:08:58"}
{"level":"debug","message":"Duration: 5ms","service":"preplyte-api","timestamp":"2026-02-06 10:08:58"}
{"level":"info","message":"\u001b[0mGET /api/admin/lms/modules/cml92k1ke000617d0l56w3n45 \u001b[36m304\u001b[0m 93.755 ms - -\u001b[0m","service":"preplyte-api","timestamp":"2026-02-06 10:08:58"}
{"level":"info","message":"\u001b[0mGET /api/admin/lms/modules/cml92k1ke000617d0l56w3n45/topics?moduleId=cml92k1ke000617d0l56w3n45 \u001b[36m304\u001b[0m 95.190 ms - -\u001b[0m","service":"preplyte-api","timestamp":"2026-02-06 10:08:58"}
{"level":"debug","message":"Query: SELECT 1","service":"preplyte-api","timestamp":"2026-02-06 10:09:17"}
{"level":"debug","message":"Params: []","service":"preplyte-api","timestamp":"2026-02-06 10:09:17"}
{"level":"debug","message":"Duration: 0ms","service":"preplyte-api","timestamp":"2026-02-06 10:09:17"}
{"level":"debug","message":"Query: SELECT \"public\".\"users\".\"id\", \"public\".\"users\".\"email\", \"public\".\"users\".\"role\"::text, \"public\".\"users\".\"instituteId\", \"public\".\"users\".\"isActive\", \"public\".\"users\".\"tokenVersion\" FROM \"public\".\"users\" WHERE (\"public\".\"users\".\"id\" = $1 AND 1=1) LIMIT $2 OFFSET $3","service":"preplyte-api","timestamp":"2026-02-06 10:09:17"}
{"level":"debug","message":"Params: [\"cml92r5r50001q3oopvkslp23\",1,0]","service":"preplyte-api","timestamp":"2026-02-06 10:09:17"}
{"level":"debug","message":"Duration: 0ms","service":"preplyte-api","timestamp":"2026-02-06 10:09:17"}
{"level":"debug","message":"Query: SELECT \"public\".\"lms_courses\".\"id\", \"public\".\"lms_courses\".\"categoryId\", \"public\".\"lms_courses\".\"title\", \"public\".\"lms_courses\".\"slug\", \"public\".\"lms_courses\".\"shortDescription\", \"public\".\"lms_courses\".\"description\", \"public\".\"lms_courses\".\"thumbnailUrl\", \"public\".\"lms_courses\".\"previewVideoUrl\", \"public\".\"lms_courses\".\"totalModules\", \"public\".\"lms_courses\".\"totalTopics\", \"public\".\"lms_courses\".\"totalPoints\", \"public\".\"lms_courses\".\"totalHours\", \"public\".\"lms_courses\".\"price\", \"public\".\"lms_courses\".\"discountPrice\", \"public\".\"lms_courses\".\"currency\", \"public\".\"lms_courses\".\"status\"::text, \"public\".\"lms_courses\".\"isActive\", \"public\".\"lms_courses\".\"certificateEnabled\", \"public\".\"lms_courses\".\"passingPercentage\", \"public\".\"lms_courses\".\"tags\", \"public\".\"lms_courses\".\"difficulty\"::text, \"public\".\"lms_courses\".\"instructor\", \"public\".\"lms_courses\".\"language\", \"public\".\"lms_courses\".\"createdAt\", \"public\".\"lms_courses\".\"updatedAt\", \"public\".\"lms_courses\".\"publishedAt\", COALESCE(\"aggr_selection_0_LmsEnrollment\".\"_aggr_count_enrollments\", 0) AS \"_aggr_count_enrollments\" FROM \"public\".\"lms_courses\" LEFT JOIN (SELECT \"public\".\"lms_enrollments\".\"courseId\", COUNT(*) AS \"_aggr_count_enrollments\" FROM \"public\".\"lms_enrollments\" WHERE 1=1 GROUP BY \"public\".\"lms_enrollments\".\"courseId\") AS \"aggr_selection_0_LmsEnrollment\" ON (\"public\".\"lms_courses\".\"id\" = \"aggr_selection_0_LmsEnrollment\".\"courseId\") WHERE (\"public\".\"lms_courses\".\"id\" = $1 AND 1=1) LIMIT $2 OFFSET $3","service":"preplyte-api","timestamp":"2026-02-06 10:09:17"}
{"level":"debug","message":"Params: [\"cml92k1k4000417d09rzlrf37\",1,0]","service":"preplyte-api","timestamp":"2026-02-06 10:09:17"}
{"level":"debug","message":"Duration: 16ms","service":"preplyte-api","timestamp":"2026-02-06 10:09:17"}
{"level":"debug","message":"Query: SELECT \"public\".\"lms_categories\".\"id\", \"public\".\"lms_categories\".\"name\", \"public\".\"lms_categories\".\"slug\", \"public\".\"lms_categories\".\"description\", \"public\".\"lms_categories\".\"iconUrl\", \"public\".\"lms_categories\".\"order\", \"public\".\"lms_categories\".\"isActive\", \"public\".\"lms_categories\".\"createdAt\", \"public\".\"lms_categories\".\"updatedAt\" FROM \"public\".\"lms_categories\" WHERE \"public\".\"lms_categories\".\"id\" IN ($1) OFFSET $2","service":"preplyte-api","timestamp":"2026-02-06 10:09:17"}
{"level":"debug","message":"Params: [\"cml92k1i3000017d0bq70mkrl\",0]","service":"preplyte-api","timestamp":"2026-02-06 10:09:17"}
{"level":"debug","message":"Duration: 5ms","service":"preplyte-api","timestamp":"2026-02-06 10:09:17"}
{"level":"debug","message":"Query: SELECT \"public\".\"lms_modules\".\"id\", \"public\".\"lms_modules\".\"courseId\", \"public\".\"lms_modules\".\"title\", \"public\".\"lms_modules\".\"shortDescription\", \"public\".\"lms_modules\".\"description\", \"public\".\"lms_modules\".\"order\", \"public\".\"lms_modules\".\"totalTopics\", \"public\".\"lms_modules\".\"points\", \"public\".\"lms_modules\".\"estimatedMinutes\", \"public\".\"lms_modules\".\"isActive\", \"public\".\"lms_modules\".\"createdAt\", \"public\".\"lms_modules\".\"updatedAt\" FROM \"public\".\"lms_modules\" WHERE \"public\".\"lms_modules\".\"courseId\" IN ($1) ORDER BY \"public\".\"lms_modules\".\"order\" ASC OFFSET $2","service":"preplyte-api","timestamp":"2026-02-06 10:09:17"}
{"level":"debug","message":"Params: [\"cml92k1k4000417d09rzlrf37\",0]","service":"preplyte-api","timestamp":"2026-02-06 10:09:17"}
{"level":"debug","message":"Duration: 4ms","service":"preplyte-api","timestamp":"2026-02-06 10:09:17"}
{"level":"debug","message":"Query: SELECT \"public\".\"lms_topics\".\"id\", \"public\".\"lms_topics\".\"moduleId\", \"public\".\"lms_topics\".\"title\", \"public\".\"lms_topics\".\"description\", \"public\".\"lms_topics\".\"order\", \"public\".\"lms_topics\".\"theoryContent\", \"public\".\"lms_topics\".\"videoUrl\", \"public\".\"lms_topics\".\"videoDuration\", \"public\".\"lms_topics\".\"estimatedMinutes\", \"public\".\"lms_topics\".\"resources\", \"public\".\"lms_topics\".\"isActive\", \"public\".\"lms_topics\".\"createdAt\", \"public\".\"lms_topics\".\"updatedAt\" FROM \"public\".\"lms_topics\" WHERE \"public\".\"lms_topics\".\"moduleId\" IN ($1,$2,$3,$4,$5) ORDER BY \"public\".\"lms_topics\".\"order\" ASC OFFSET $6","service":"preplyte-api","timestamp":"2026-02-06 10:09:17"}
{"level":"debug","message":"Params: [\"cml92k1ke000617d0l56w3n45\",\"cml92k1kj000817d0x6y6z5f7\",\"cml92k1kl000a17d0yp4e89wr\",\"cml92k1kn000c17d0ocn7frmc\",\"cml92k1kp000e17d03txb42ra\",0]","service":"preplyte-api","timestamp":"2026-02-06 10:09:17"}
{"level":"debug","message":"Duration: 1ms","service":"preplyte-api","timestamp":"2026-02-06 10:09:17"}
{"level":"debug","message":"Query: SELECT \"public\".\"lms_module_tests\".\"id\", \"public\".\"lms_module_tests\".\"moduleId\", \"public\".\"lms_module_tests\".\"title\", \"public\".\"lms_module_tests\".\"instructions\", \"public\".\"lms_module_tests\".\"totalQuestions\", \"public\".\"lms_module_tests\".\"passingScore\", \"public\".\"lms_module_tests\".\"timeLimitMinutes\", \"public\".\"lms_module_tests\".\"maxAttempts\", \"public\".\"lms_module_tests\".\"pointsPerQuestion\", \"public\".\"lms_module_tests\".\"totalPoints\", \"public\".\"lms_module_tests\".\"isActive\", \"public\".\"lms_module_tests\".\"createdAt\", \"public\".\"lms_module_tests\".\"updatedAt\" FROM \"public\".\"lms_module_tests\" WHERE \"public\".\"lms_module_tests\".\"moduleId\" IN ($1,$2,$3,$4,$5) OFFSET $6","service":"preplyte-api","timestamp":"2026-02-06 10:09:17"}
{"level":"debug","message":"Params: [\"cml92k1ke000617d0l56w3n45\",\"cml92k1kj000817d0x6y6z5f7\",\"cml92k1kl000a17d0yp4e89wr\",\"cml92k1kn000c17d0ocn7frmc\",\"cml92k1kp000e17d03txb42ra\",0]","service":"preplyte-api","timestamp":"2026-02-06 10:09:17"}
{"level":"debug","message":"Duration: 3ms","service":"preplyte-api","timestamp":"2026-02-06 10:09:17"}
{"level":"debug","message":"Query: SELECT \"public\".\"lms_final_tests\".\"id\", \"public\".\"lms_final_tests\".\"courseId\", \"public\".\"lms_final_tests\".\"title\", \"public\".\"lms_final_tests\".\"instructions\", \"public\".\"lms_final_tests\".\"totalQuestions\", \"public\".\"lms_final_tests\".\"passingScore\", \"public\".\"lms_final_tests\".\"timeLimitMinutes\", \"public\".\"lms_final_tests\".\"pointsPerQuestion\", \"public\".\"lms_final_tests\".\"totalPoints\", \"public\".\"lms_final_tests\".\"maxAttempts\", \"public\".\"lms_final_tests\".\"isActive\", \"public\".\"lms_final_tests\".\"createdAt\", \"public\".\"lms_final_tests\".\"updatedAt\" FROM \"public\".\"lms_final_tests\" WHERE \"public\".\"lms_final_tests\".\"courseId\" IN ($1) OFFSET $2","service":"preplyte-api","timestamp":"2026-02-06 10:09:17"}
{"level":"debug","message":"Params: [\"cml92k1k4000417d09rzlrf37\",0]","service":"preplyte-api","timestamp":"2026-02-06 10:09:17"}
{"level":"debug","message":"Duration: 3ms","service":"preplyte-api","timestamp":"2026-02-06 10:09:17"}
{"level":"info","message":"\u001b[0mGET /api/admin/lms/courses/cml92k1k4000417d09rzlrf37 \u001b[36m304\u001b[0m 49.633 ms - -\u001b[0m","service":"preplyte-api","timestamp":"2026-02-06 10:09:17"}
{"level":"debug","message":"Query: SELECT \"public\".\"users\".\"id\", \"public\".\"users\".\"email\", \"public\".\"users\".\"role\"::text, \"public\".\"users\".\"instituteId\", \"public\".\"users\".\"isActive\", \"public\".\"users\".\"tokenVersion\" FROM \"public\".\"users\" WHERE (\"public\".\"users\".\"id\" = $1 AND 1=1) LIMIT $2 OFFSET $3","service":"preplyte-api","timestamp":"2026-02-06 10:09:17"}
{"level":"debug","message":"Params: [\"cml92r5r50001q3oopvkslp23\",1,0]","service":"preplyte-api","timestamp":"2026-02-06 10:09:17"}
{"level":"debug","message":"Duration: 0ms","service":"preplyte-api","timestamp":"2026-02-06 10:09:17"}
{"level":"debug","message":"Query: SELECT \"public\".\"lms_modules\".\"id\", \"public\".\"lms_modules\".\"courseId\", \"public\".\"lms_modules\".\"title\", \"public\".\"lms_modules\".\"shortDescription\", \"public\".\"lms_modules\".\"description\", \"public\".\"lms_modules\".\"order\", \"public\".\"lms_modules\".\"totalTopics\", \"public\".\"lms_modules\".\"points\", \"public\".\"lms_modules\".\"estimatedMinutes\", \"public\".\"lms_modules\".\"isActive\", \"public\".\"lms_modules\".\"createdAt\", \"public\".\"lms_modules\".\"updatedAt\" FROM \"public\".\"lms_modules\" WHERE \"public\".\"lms_modules\".\"courseId\" = $1 ORDER BY \"public\".\"lms_modules\".\"order\" ASC OFFSET $2","service":"preplyte-api","timestamp":"2026-02-06 10:09:17"}
{"level":"debug","message":"Params: [\"cml92k1k4000417d09rzlrf37\",0]","service":"preplyte-api","timestamp":"2026-02-06 10:09:17"}
{"level":"debug","message":"Duration: 1ms","service":"preplyte-api","timestamp":"2026-02-06 10:09:17"}
{"level":"info","message":"\u001b[0mGET /api/admin/lms/courses/cml92k1k4000417d09rzlrf37/modules?courseId=cml92k1k4000417d09rzlrf37 \u001b[36m304\u001b[0m 9.331 ms - -\u001b[0m","service":"preplyte-api","timestamp":"2026-02-06 10:09:17"}
