{"baseURL":"https://judge0-ce.p.rapidapi.com","level":"info","message":"Judge0 client initialized","service":"preplyte-api","timestamp":"2026-02-05 11:49:19","useRapidAPI":true}
{"level":"info","message":"[TTS] Using Deepgram for text-to-speech","service":"preplyte-api","timestamp":"2026-02-05 11:49:19"}
{"environment":"development","host":"0.0.0.0","level":"info","message":"Starting server...","port":4000,"service":"preplyte-api","timestamp":"2026-02-05 11:49:19"}
{"level":"info","message":"Checking database connection...","service":"preplyte-api","timestamp":"2026-02-05 11:49:19"}
{"level":"debug","message":"Query: SELECT 1","service":"preplyte-api","timestamp":"2026-02-05 11:49:19"}
{"level":"debug","message":"Params: []","service":"preplyte-api","timestamp":"2026-02-05 11:49:19"}
{"level":"debug","message":"Duration: 0ms","service":"preplyte-api","timestamp":"2026-02-05 11:49:19"}
{"level":"info","message":"✅ Database connected successfully","service":"preplyte-api","timestamp":"2026-02-05 11:49:19"}
{"level":"info","message":"[WS Gateway] WebSocket server initialized","path":"/ws/interview/:sessionId","service":"preplyte-api","timestamp":"2026-02-05 11:49:19"}
{"api":"http://localhost:4000/api","environment":"development","health":"http://localhost:4000/health","host":"0.0.0.0","level":"info","message":"🚀 Server running","port":4000,"service":"preplyte-api","timestamp":"2026-02-05 11:49:19","websocket":"ws://localhost:4000/ws/interview/:sessionId"}
{"baseURL":"https://judge0-ce.p.rapidapi.com","level":"info","message":"Judge0 client initialized","service":"preplyte-api","timestamp":"2026-02-05 11:49:26","useRapidAPI":true}
{"level":"info","message":"[TTS] Using Deepgram for text-to-speech","service":"preplyte-api","timestamp":"2026-02-05 11:49:26"}
{"environment":"development","host":"0.0.0.0","level":"info","message":"Starting server...","port":4000,"service":"preplyte-api","timestamp":"2026-02-05 11:49:26"}
{"level":"info","message":"Checking database connection...","service":"preplyte-api","timestamp":"2026-02-05 11:49:26"}
{"level":"debug","message":"Query: SELECT 1","service":"preplyte-api","timestamp":"2026-02-05 11:49:26"}
{"level":"debug","message":"Params: []","service":"preplyte-api","timestamp":"2026-02-05 11:49:26"}
{"level":"debug","message":"Duration: 1ms","service":"preplyte-api","timestamp":"2026-02-05 11:49:26"}
{"level":"info","message":"✅ Database connected successfully","service":"preplyte-api","timestamp":"2026-02-05 11:49:26"}
{"level":"info","message":"[WS Gateway] WebSocket server initialized","path":"/ws/interview/:sessionId","service":"preplyte-api","timestamp":"2026-02-05 11:49:26"}
{"api":"http://localhost:4000/api","environment":"development","health":"http://localhost:4000/health","host":"0.0.0.0","level":"info","message":"🚀 Server running","port":4000,"service":"preplyte-api","timestamp":"2026-02-05 11:49:26","websocket":"ws://localhost:4000/ws/interview/:sessionId"}
{"level":"debug","message":"AnalyticsService: Starting getOverview","service":"preplyte-api","timestamp":"2026-02-05 11:49:37"}
{"level":"debug","message":"AnalyticsService: Fetching counts","service":"preplyte-api","timestamp":"2026-02-05 11:49:37"}
{"level":"debug","message":"Query: SELECT COUNT(*) FROM (SELECT \"public\".\"lms_enrollments\".\"id\" FROM \"public\".\"lms_enrollments\" WHERE 1=1 OFFSET $1) AS \"sub\"","service":"preplyte-api","timestamp":"2026-02-05 11:49:38"}
{"level":"debug","message":"Params: [0]","service":"preplyte-api","timestamp":"2026-02-05 11:49:38"}
{"level":"debug","message":"Duration: 1ms","service":"preplyte-api","timestamp":"2026-02-05 11:49:38"}
{"clientVersion":"5.22.0","code":"P2021","level":"error","message":"CRITICAL Error in AnalyticsService.getOverview \nInvalid `prisma.lmsEnrollment.count()` invocation in\nC:\\Users\\Kartik Vichare\\Desktop\\NodePreplyte\\preplyte\\backend\\src\\module\\admin\\lms\\analytics\\analytics.service.ts:19:38\n\n  16     totalTopics\n  17 ] = await Promise.all([\n  18     prisma.lmsCourse.count(),\n→ 19     prisma.lmsEnrollment.count(\nThe table `public.lms_enrollments` does not exist in the current database.","meta":{"modelName":"LmsEnrollment","table":"public.lms_enrollments"},"name":"PrismaClientKnownRequestError","service":"preplyte-api","stack":"PrismaClientKnownRequestError: \nInvalid `prisma.lmsEnrollment.count()` invocation in\nC:\\Users\\Kartik Vichare\\Desktop\\NodePreplyte\\preplyte\\backend\\src\\module\\admin\\lms\\analytics\\analytics.service.ts:19:38\n\n  16     totalTopics\n  17 ] = await Promise.all([\n  18     prisma.lmsCourse.count(),\n→ 19     prisma.lmsEnrollment.count(\nThe table `public.lms_enrollments` does not exist in the current database.\n    at $n.handleRequestError (C:\\Users\\Kartik Vichare\\Desktop\\NodePreplyte\\preplyte\\backend\\node_modules\\@prisma\\client\\runtime\\library.js:121:7315)\n    at $n.handleAndLogRequestError (C:\\Users\\Kartik Vichare\\Desktop\\NodePreplyte\\preplyte\\backend\\node_modules\\@prisma\\client\\runtime\\library.js:121:6623)\n    at $n.request (C:\\Users\\Kartik Vichare\\Desktop\\NodePreplyte\\preplyte\\backend\\node_modules\\@prisma\\client\\runtime\\library.js:121:6307)\n    at async l (C:\\Users\\Kartik Vichare\\Desktop\\NodePreplyte\\preplyte\\backend\\node_modules\\@prisma\\client\\runtime\\library.js:130:9633)\n    at async Promise.all (index 1)\n    at async AnalyticsService.getOverview (C:\\Users\\Kartik Vichare\\Desktop\\NodePreplyte\\preplyte\\backend\\src\\module\\admin\\lms\\analytics\\analytics.service.ts:17:17)\n    at async testService (C:\\Users\\Kartik Vichare\\Desktop\\NodePreplyte\\preplyte\\backend\\test-service.ts:7:23)","timestamp":"2026-02-05 11:49:38"}
{"level":"debug","message":"Query: SELECT COUNT(*) FROM (SELECT \"public\".\"lms_courses\".\"id\" FROM \"public\".\"lms_courses\" WHERE 1=1 OFFSET $1) AS \"sub\"","service":"preplyte-api","timestamp":"2026-02-05 11:49:38"}
{"level":"debug","message":"Params: [0]","service":"preplyte-api","timestamp":"2026-02-05 11:49:38"}
{"level":"debug","message":"Duration: 4ms","service":"preplyte-api","timestamp":"2026-02-05 11:49:38"}
{"level":"debug","message":"Query: SELECT COUNT(*) FROM (SELECT \"public\".\"lms_categories\".\"id\" FROM \"public\".\"lms_categories\" WHERE 1=1 OFFSET $1) AS \"sub\"","service":"preplyte-api","timestamp":"2026-02-05 11:49:38"}
{"level":"debug","message":"Params: [0]","service":"preplyte-api","timestamp":"2026-02-05 11:49:38"}
{"level":"debug","message":"Duration: 0ms","service":"preplyte-api","timestamp":"2026-02-05 11:49:38"}
{"level":"debug","message":"Query: SELECT COUNT(*) FROM (SELECT \"public\".\"lms_modules\".\"id\" FROM \"public\".\"lms_modules\" WHERE 1=1 OFFSET $1) AS \"sub\"","service":"preplyte-api","timestamp":"2026-02-05 11:49:38"}
{"level":"debug","message":"Params: [0]","service":"preplyte-api","timestamp":"2026-02-05 11:49:38"}
{"level":"debug","message":"Duration: 0ms","service":"preplyte-api","timestamp":"2026-02-05 11:49:38"}
{"level":"debug","message":"Query: SELECT COUNT(*) FROM (SELECT \"public\".\"lms_topics\".\"id\" FROM \"public\".\"lms_topics\" WHERE 1=1 OFFSET $1) AS \"sub\"","service":"preplyte-api","timestamp":"2026-02-05 11:49:38"}
{"level":"debug","message":"Params: [0]","service":"preplyte-api","timestamp":"2026-02-05 11:49:38"}
{"level":"debug","message":"Duration: 0ms","service":"preplyte-api","timestamp":"2026-02-05 11:49:38"}
{"baseURL":"https://judge0-ce.p.rapidapi.com","level":"info","message":"Judge0 client initialized","service":"preplyte-api","timestamp":"2026-02-05 11:50:53","useRapidAPI":true}
{"level":"info","message":"[TTS] Using Deepgram for text-to-speech","service":"preplyte-api","timestamp":"2026-02-05 11:50:53"}
{"environment":"development","host":"0.0.0.0","level":"info","message":"Starting server...","port":4000,"service":"preplyte-api","timestamp":"2026-02-05 11:50:53"}
{"level":"info","message":"Checking database connection...","service":"preplyte-api","timestamp":"2026-02-05 11:50:53"}
{"level":"debug","message":"Query: SELECT 1","service":"preplyte-api","timestamp":"2026-02-05 11:50:53"}
{"level":"debug","message":"Params: []","service":"preplyte-api","timestamp":"2026-02-05 11:50:53"}
{"level":"debug","message":"Duration: 0ms","service":"preplyte-api","timestamp":"2026-02-05 11:50:53"}
{"level":"info","message":"✅ Database connected successfully","service":"preplyte-api","timestamp":"2026-02-05 11:50:53"}
{"level":"info","message":"[WS Gateway] WebSocket server initialized","path":"/ws/interview/:sessionId","service":"preplyte-api","timestamp":"2026-02-05 11:50:53"}
{"api":"http://localhost:4000/api","environment":"development","health":"http://localhost:4000/health","host":"0.0.0.0","level":"info","message":"🚀 Server running","port":4000,"service":"preplyte-api","timestamp":"2026-02-05 11:50:53","websocket":"ws://localhost:4000/ws/interview/:sessionId"}
{"level":"debug","message":"Query: SELECT tablename FROM pg_catalog.pg_tables WHERE schemaname = 'public'","service":"preplyte-api","timestamp":"2026-02-05 11:51:02"}
{"level":"debug","message":"Params: []","service":"preplyte-api","timestamp":"2026-02-05 11:51:02"}
{"level":"debug","message":"Duration: 10ms","service":"preplyte-api","timestamp":"2026-02-05 11:51:02"}
{"level":"debug","message":"Query: SELECT tablename FROM pg_catalog.pg_tables WHERE schemaname = 'public'","service":"preplyte-api","timestamp":"2026-02-05 11:51:16"}
{"level":"debug","message":"Params: []","service":"preplyte-api","timestamp":"2026-02-05 11:51:16"}
{"level":"debug","message":"Duration: 7ms","service":"preplyte-api","timestamp":"2026-02-05 11:51:16"}
{"baseURL":"https://judge0-ce.p.rapidapi.com","level":"info","message":"Judge0 client initialized","service":"preplyte-api","timestamp":"2026-02-05 11:51:18","useRapidAPI":true}
{"level":"info","message":"[TTS] Using Deepgram for text-to-speech","service":"preplyte-api","timestamp":"2026-02-05 11:51:19"}
{"environment":"development","host":"0.0.0.0","level":"info","message":"Starting server...","port":4000,"service":"preplyte-api","timestamp":"2026-02-05 11:51:19"}
{"level":"info","message":"Checking database connection...","service":"preplyte-api","timestamp":"2026-02-05 11:51:19"}
{"level":"debug","message":"Query: SELECT 1","service":"preplyte-api","timestamp":"2026-02-05 11:51:19"}
{"level":"debug","message":"Params: []","service":"preplyte-api","timestamp":"2026-02-05 11:51:19"}
{"level":"debug","message":"Duration: 1ms","service":"preplyte-api","timestamp":"2026-02-05 11:51:19"}
{"level":"info","message":"✅ Database connected successfully","service":"preplyte-api","timestamp":"2026-02-05 11:51:19"}
{"level":"info","message":"[WS Gateway] WebSocket server initialized","path":"/ws/interview/:sessionId","service":"preplyte-api","timestamp":"2026-02-05 11:51:19"}
{"api":"http://localhost:4000/api","environment":"development","health":"http://localhost:4000/health","host":"0.0.0.0","level":"info","message":"🚀 Server running","port":4000,"service":"preplyte-api","timestamp":"2026-02-05 11:51:19","websocket":"ws://localhost:4000/ws/interview/:sessionId"}
{"level":"debug","message":"Query: SELECT tablename FROM pg_catalog.pg_tables WHERE schemaname = 'public'","service":"preplyte-api","timestamp":"2026-02-05 11:51:30"}
{"level":"debug","message":"Params: []","service":"preplyte-api","timestamp":"2026-02-05 11:51:30"}
{"level":"debug","message":"Duration: 5ms","service":"preplyte-api","timestamp":"2026-02-05 11:51:30"}
{"baseURL":"https://judge0-ce.p.rapidapi.com","level":"info","message":"Judge0 client initialized","service":"preplyte-api","timestamp":"2026-02-05 11:51:32","useRapidAPI":true}
{"level":"info","message":"[TTS] Using Deepgram for text-to-speech","service":"preplyte-api","timestamp":"2026-02-05 11:51:32"}
{"environment":"development","host":"0.0.0.0","level":"info","message":"Starting server...","port":4000,"service":"preplyte-api","timestamp":"2026-02-05 11:51:32"}
{"level":"info","message":"Checking database connection...","service":"preplyte-api","timestamp":"2026-02-05 11:51:32"}
{"level":"debug","message":"Query: SELECT 1","service":"preplyte-api","timestamp":"2026-02-05 11:51:32"}
{"level":"debug","message":"Params: []","service":"preplyte-api","timestamp":"2026-02-05 11:51:32"}
{"level":"debug","message":"Duration: 0ms","service":"preplyte-api","timestamp":"2026-02-05 11:51:32"}
{"level":"info","message":"✅ Database connected successfully","service":"preplyte-api","timestamp":"2026-02-05 11:51:32"}
{"level":"info","message":"[WS Gateway] WebSocket server initialized","path":"/ws/interview/:sessionId","service":"preplyte-api","timestamp":"2026-02-05 11:51:32"}
{"api":"http://localhost:4000/api","environment":"development","health":"http://localhost:4000/health","host":"0.0.0.0","level":"info","message":"🚀 Server running","port":4000,"service":"preplyte-api","timestamp":"2026-02-05 11:51:32","websocket":"ws://localhost:4000/ws/interview/:sessionId"}
{"level":"debug","message":"Query: SELECT tablename FROM pg_catalog.pg_tables WHERE schemaname = 'public'","service":"preplyte-api","timestamp":"2026-02-05 11:52:19"}
{"level":"debug","message":"Params: []","service":"preplyte-api","timestamp":"2026-02-05 11:52:19"}
{"level":"debug","message":"Duration: 5ms","service":"preplyte-api","timestamp":"2026-02-05 11:52:19"}
{"baseURL":"https://judge0-ce.p.rapidapi.com","level":"info","message":"Judge0 client initialized","service":"preplyte-api","timestamp":"2026-02-05 11:52:21","useRapidAPI":true}
{"level":"info","message":"[TTS] Using Deepgram for text-to-speech","service":"preplyte-api","timestamp":"2026-02-05 11:52:21"}
{"environment":"development","host":"0.0.0.0","level":"info","message":"Starting server...","port":4000,"service":"preplyte-api","timestamp":"2026-02-05 11:52:21"}
{"level":"info","message":"Checking database connection...","service":"preplyte-api","timestamp":"2026-02-05 11:52:21"}
{"level":"debug","message":"Query: SELECT 1","service":"preplyte-api","timestamp":"2026-02-05 11:52:21"}
{"level":"debug","message":"Params: []","service":"preplyte-api","timestamp":"2026-02-05 11:52:21"}
{"level":"debug","message":"Duration: 0ms","service":"preplyte-api","timestamp":"2026-02-05 11:52:21"}
{"level":"info","message":"✅ Database connected successfully","service":"preplyte-api","timestamp":"2026-02-05 11:52:21"}
{"level":"info","message":"[WS Gateway] WebSocket server initialized","path":"/ws/interview/:sessionId","service":"preplyte-api","timestamp":"2026-02-05 11:52:21"}
{"api":"http://localhost:4000/api","environment":"development","health":"http://localhost:4000/health","host":"0.0.0.0","level":"info","message":"🚀 Server running","port":4000,"service":"preplyte-api","timestamp":"2026-02-05 11:52:21","websocket":"ws://localhost:4000/ws/interview/:sessionId"}
{"level":"debug","message":"AnalyticsService: Starting getOverview","service":"preplyte-api","timestamp":"2026-02-05 11:52:31"}
{"level":"debug","message":"AnalyticsService: Fetching counts","service":"preplyte-api","timestamp":"2026-02-05 11:52:31"}
{"level":"debug","message":"Query: SELECT COUNT(*) FROM (SELECT \"public\".\"lms_courses\".\"id\" FROM \"public\".\"lms_courses\" WHERE 1=1 OFFSET $1) AS \"sub\"","service":"preplyte-api","timestamp":"2026-02-05 11:52:31"}
{"level":"debug","message":"Params: [0]","service":"preplyte-api","timestamp":"2026-02-05 11:52:31"}
{"level":"debug","message":"Duration: 7ms","service":"preplyte-api","timestamp":"2026-02-05 11:52:31"}
{"level":"debug","message":"Query: SELECT COUNT(*) FROM (SELECT \"public\".\"lms_categories\".\"id\" FROM \"public\".\"lms_categories\" WHERE 1=1 OFFSET $1) AS \"sub\"","service":"preplyte-api","timestamp":"2026-02-05 11:52:31"}
{"level":"debug","message":"Params: [0]","service":"preplyte-api","timestamp":"2026-02-05 11:52:31"}
{"level":"debug","message":"Duration: 5ms","service":"preplyte-api","timestamp":"2026-02-05 11:52:31"}
{"level":"debug","message":"Query: SELECT COUNT(*) FROM (SELECT \"public\".\"lms_enrollments\".\"id\" FROM \"public\".\"lms_enrollments\" WHERE 1=1 OFFSET $1) AS \"sub\"","service":"preplyte-api","timestamp":"2026-02-05 11:52:31"}
{"level":"debug","message":"Params: [0]","service":"preplyte-api","timestamp":"2026-02-05 11:52:31"}
{"level":"debug","message":"Duration: 6ms","service":"preplyte-api","timestamp":"2026-02-05 11:52:31"}
{"level":"debug","message":"Query: SELECT COUNT(*) FROM (SELECT \"public\".\"lms_topics\".\"id\" FROM \"public\".\"lms_topics\" WHERE 1=1 OFFSET $1) AS \"sub\"","service":"preplyte-api","timestamp":"2026-02-05 11:52:31"}
{"level":"debug","message":"Params: [0]","service":"preplyte-api","timestamp":"2026-02-05 11:52:31"}
{"level":"debug","message":"Duration: 4ms","service":"preplyte-api","timestamp":"2026-02-05 11:52:31"}
{"level":"debug","message":"Query: SELECT COUNT(*) FROM (SELECT \"public\".\"lms_modules\".\"id\" FROM \"public\".\"lms_modules\" WHERE 1=1 OFFSET $1) AS \"sub\"","service":"preplyte-api","timestamp":"2026-02-05 11:52:31"}
{"level":"debug","message":"Params: [0]","service":"preplyte-api","timestamp":"2026-02-05 11:52:31"}
{"level":"debug","message":"Duration: 4ms","service":"preplyte-api","timestamp":"2026-02-05 11:52:31"}
{"level":"debug","message":"AnalyticsService: Fetching completedCount","service":"preplyte-api","timestamp":"2026-02-05 11:52:31"}
{"level":"debug","message":"Query: SELECT COUNT(*) FROM (SELECT \"public\".\"lms_enrollments\".\"id\" FROM \"public\".\"lms_enrollments\" WHERE \"public\".\"lms_enrollments\".\"status\" = CAST($1::text AS \"public\".\"LmsEnrollmentStatus\") OFFSET $2) AS \"sub\"","service":"preplyte-api","timestamp":"2026-02-05 11:52:31"}
{"level":"debug","message":"Params: [\"COMPLETED\",0]","service":"preplyte-api","timestamp":"2026-02-05 11:52:31"}
{"level":"debug","message":"Duration: 4ms","service":"preplyte-api","timestamp":"2026-02-05 11:52:31"}
{"level":"debug","message":"AnalyticsService: Fetching publishedCount","service":"preplyte-api","timestamp":"2026-02-05 11:52:31"}
{"level":"debug","message":"Query: SELECT COUNT(*) FROM (SELECT \"public\".\"lms_courses\".\"id\" FROM \"public\".\"lms_courses\" WHERE \"public\".\"lms_courses\".\"status\" = CAST($1::text AS \"public\".\"LmsCourseStatus\") OFFSET $2) AS \"sub\"","service":"preplyte-api","timestamp":"2026-02-05 11:52:31"}
{"level":"debug","message":"Params: [\"PUBLISHED\",0]","service":"preplyte-api","timestamp":"2026-02-05 11:52:31"}
{"level":"debug","message":"Duration: 4ms","service":"preplyte-api","timestamp":"2026-02-05 11:52:31"}
{"level":"debug","message":"AnalyticsService: Fetching avgProgress","service":"preplyte-api","timestamp":"2026-02-05 11:52:31"}
{"level":"debug","message":"Query: SELECT AVG(\"progressPercent\") FROM (SELECT \"public\".\"lms_enrollments\".\"progressPercent\" FROM \"public\".\"lms_enrollments\" WHERE 1=1 OFFSET $1) AS \"sub\"","service":"preplyte-api","timestamp":"2026-02-05 11:52:31"}
{"level":"debug","message":"Params: [0]","service":"preplyte-api","timestamp":"2026-02-05 11:52:31"}
{"level":"debug","message":"Duration: 1ms","service":"preplyte-api","timestamp":"2026-02-05 11:52:31"}
{"level":"debug","message":"AnalyticsService: Fetching revenueData","service":"preplyte-api","timestamp":"2026-02-05 11:52:31"}
{"level":"debug","message":"Query: SELECT \"public\".\"lms_courses\".\"id\", \"public\".\"lms_courses\".\"price\", COALESCE(\"aggr_selection_0_LmsEnrollment\".\"_aggr_count_enrollments\", 0) AS \"_aggr_count_enrollments\" FROM \"public\".\"lms_courses\" LEFT JOIN (SELECT \"public\".\"lms_enrollments\".\"courseId\", COUNT(*) AS \"_aggr_count_enrollments\" FROM \"public\".\"lms_enrollments\" WHERE 1=1 GROUP BY \"public\".\"lms_enrollments\".\"courseId\") AS \"aggr_selection_0_LmsEnrollment\" ON (\"public\".\"lms_courses\".\"id\" = \"aggr_selection_0_LmsEnrollment\".\"courseId\") WHERE \"public\".\"lms_courses\".\"price\" > $1 OFFSET $2","service":"preplyte-api","timestamp":"2026-02-05 11:52:31"}
{"level":"debug","message":"Params: [0,0]","service":"preplyte-api","timestamp":"2026-02-05 11:52:31"}
{"level":"debug","message":"Duration: 1ms","service":"preplyte-api","timestamp":"2026-02-05 11:52:31"}
{"level":"debug","message":"AnalyticsService: Fetching trends, categories, topCourses","service":"preplyte-api","timestamp":"2026-02-05 11:52:31"}
{"level":"debug","message":"Query: SELECT \"public\".\"lms_enrollments\".\"id\", \"public\".\"lms_enrollments\".\"enrolledAt\" FROM \"public\".\"lms_enrollments\" WHERE \"public\".\"lms_enrollments\".\"enrolledAt\" >= $1 ORDER BY \"public\".\"lms_enrollments\".\"id\" ASC LIMIT $2 OFFSET $3","service":"preplyte-api","timestamp":"2026-02-05 11:52:31"}
{"level":"debug","message":"Params: [\"2026-01-06 06:22:31.806 UTC\",1000,0]","service":"preplyte-api","timestamp":"2026-02-05 11:52:31"}
{"level":"debug","message":"Duration: 0ms","service":"preplyte-api","timestamp":"2026-02-05 11:52:31"}
{"level":"debug","message":"Query: SELECT \"public\".\"lms_categories\".\"id\", \"public\".\"lms_categories\".\"name\", \"public\".\"lms_categories\".\"slug\", \"public\".\"lms_categories\".\"description\", \"public\".\"lms_categories\".\"iconUrl\", \"public\".\"lms_categories\".\"order\", \"public\".\"lms_categories\".\"isActive\", \"public\".\"lms_categories\".\"createdAt\", \"public\".\"lms_categories\".\"updatedAt\" FROM \"public\".\"lms_categories\" WHERE 1=1 OFFSET $1","service":"preplyte-api","timestamp":"2026-02-05 11:52:31"}
{"level":"debug","message":"Params: [0]","service":"preplyte-api","timestamp":"2026-02-05 11:52:31"}
{"level":"debug","message":"Duration: 4ms","service":"preplyte-api","timestamp":"2026-02-05 11:52:31"}
{"level":"debug","message":"Query: SELECT \"public\".\"lms_courses\".\"id\", \"public\".\"lms_courses\".\"title\", \"public\".\"lms_courses\".\"price\", COALESCE(\"aggr_selection_0_LmsEnrollment\".\"_aggr_count_enrollments\", 0) AS \"_aggr_count_enrollments\" FROM \"public\".\"lms_courses\" LEFT JOIN (SELECT \"public\".\"lms_enrollments\".\"courseId\", COUNT(*) AS \"orderby_aggregator\" FROM \"public\".\"lms_enrollments\" WHERE 1=1 GROUP BY \"public\".\"lms_enrollments\".\"courseId\") AS \"orderby_1_LmsEnrollment\" ON (\"public\".\"lms_courses\".\"id\" = \"orderby_1_LmsEnrollment\".\"courseId\") LEFT JOIN (SELECT \"public\".\"lms_enrollments\".\"courseId\", COUNT(*) AS \"_aggr_count_enrollments\" FROM \"public\".\"lms_enrollments\" WHERE 1=1 GROUP BY \"public\".\"lms_enrollments\".\"courseId\") AS \"aggr_selection_0_LmsEnrollment\" ON (\"public\".\"lms_courses\".\"id\" = \"aggr_selection_0_LmsEnrollment\".\"courseId\") WHERE 1=1 ORDER BY COALESCE(\"orderby_1_LmsEnrollment\".\"orderby_aggregator\", $1) DESC LIMIT $2 OFFSET $3","service":"preplyte-api","timestamp":"2026-02-05 11:52:31"}
{"level":"debug","message":"Params: [0,5,0]","service":"preplyte-api","timestamp":"2026-02-05 11:52:31"}
{"level":"debug","message":"Duration: 6ms","service":"preplyte-api","timestamp":"2026-02-05 11:52:31"}
{"level":"debug","message":"Query: SELECT AVG(\"public\".\"lms_enrollments\".\"progressPercent\"), \"public\".\"lms_enrollments\".\"courseId\" FROM \"public\".\"lms_enrollments\" WHERE \"public\".\"lms_enrollments\".\"courseId\" IN ($1) GROUP BY \"public\".\"lms_enrollments\".\"courseId\" OFFSET $2","service":"preplyte-api","timestamp":"2026-02-05 11:52:31"}
{"level":"debug","message":"Params: [\"cml92k1k4000417d09rzlrf37\",0]","service":"preplyte-api","timestamp":"2026-02-05 11:52:31"}
{"level":"debug","message":"Duration: 0ms","service":"preplyte-api","timestamp":"2026-02-05 11:52:31"}
{"level":"debug","message":"Query: SELECT \"public\".\"lms_courses\".\"id\", \"public\".\"lms_courses\".\"categoryId\", COALESCE(\"aggr_selection_0_LmsEnrollment\".\"_aggr_count_enrollments\", 0) AS \"_aggr_count_enrollments\" FROM \"public\".\"lms_courses\" LEFT JOIN (SELECT \"public\".\"lms_enrollments\".\"courseId\", COUNT(*) AS \"_aggr_count_enrollments\" FROM \"public\".\"lms_enrollments\" WHERE 1=1 GROUP BY \"public\".\"lms_enrollments\".\"courseId\") AS \"aggr_selection_0_LmsEnrollment\" ON (\"public\".\"lms_courses\".\"id\" = \"aggr_selection_0_LmsEnrollment\".\"courseId\") WHERE \"public\".\"lms_courses\".\"categoryId\" IN ($1,$2,$3) OFFSET $4","service":"preplyte-api","timestamp":"2026-02-05 11:52:31"}
{"level":"debug","message":"Params: [\"cml92k1i3000017d0bq70mkrl\",\"cml92k1jr000117d0cg73jwlc\",\"cml92k1jt000217d0r4tfrsnl\",0]","service":"preplyte-api","timestamp":"2026-02-05 11:52:31"}
{"level":"debug","message":"Duration: 10ms","service":"preplyte-api","timestamp":"2026-02-05 11:52:31"}
{"level":"debug","message":"AnalyticsService: getOverview complete","service":"preplyte-api","timestamp":"2026-02-05 11:52:31"}
{"baseURL":"https://judge0-ce.p.rapidapi.com","level":"info","message":"Judge0 client initialized","service":"preplyte-api","timestamp":"2026-02-05 12:09:02","useRapidAPI":true}
{"level":"info","message":"[TTS] Using Deepgram for text-to-speech","service":"preplyte-api","timestamp":"2026-02-05 12:09:02"}
{"environment":"development","host":"0.0.0.0","level":"info","message":"Starting server...","port":4000,"service":"preplyte-api","timestamp":"2026-02-05 12:09:03"}
{"level":"info","message":"Checking database connection...","service":"preplyte-api","timestamp":"2026-02-05 12:09:03"}
{"level":"debug","message":"Query: SELECT 1","service":"preplyte-api","timestamp":"2026-02-05 12:09:03"}
{"level":"debug","message":"Params: []","service":"preplyte-api","timestamp":"2026-02-05 12:09:03"}
{"level":"debug","message":"Duration: 0ms","service":"preplyte-api","timestamp":"2026-02-05 12:09:03"}
{"level":"info","message":"✅ Database connected successfully","service":"preplyte-api","timestamp":"2026-02-05 12:09:03"}
{"level":"info","message":"[WS Gateway] WebSocket server initialized","path":"/ws/interview/:sessionId","service":"preplyte-api","timestamp":"2026-02-05 12:09:03"}
{"api":"http://localhost:4000/api","environment":"development","health":"http://localhost:4000/health","host":"0.0.0.0","level":"info","message":"🚀 Server running","port":4000,"service":"preplyte-api","timestamp":"2026-02-05 12:09:03","websocket":"ws://localhost:4000/ws/interview/:sessionId"}
{"baseURL":"https://judge0-ce.p.rapidapi.com","level":"info","message":"Judge0 client initialized","service":"preplyte-api","timestamp":"2026-02-05 12:10:54","useRapidAPI":true}
{"level":"info","message":"[TTS] Using Deepgram for text-to-speech","service":"preplyte-api","timestamp":"2026-02-05 12:10:54"}
{"environment":"development","host":"0.0.0.0","level":"info","message":"Starting server...","port":4000,"service":"preplyte-api","timestamp":"2026-02-05 12:10:55"}
{"level":"info","message":"Checking database connection...","service":"preplyte-api","timestamp":"2026-02-05 12:10:55"}
{"level":"debug","message":"Query: SELECT 1","service":"preplyte-api","timestamp":"2026-02-05 12:10:55"}
{"level":"debug","message":"Params: []","service":"preplyte-api","timestamp":"2026-02-05 12:10:55"}
{"level":"debug","message":"Duration: 1ms","service":"preplyte-api","timestamp":"2026-02-05 12:10:55"}
{"level":"info","message":"✅ Database connected successfully","service":"preplyte-api","timestamp":"2026-02-05 12:10:55"}
{"level":"info","message":"[WS Gateway] WebSocket server initialized","path":"/ws/interview/:sessionId","service":"preplyte-api","timestamp":"2026-02-05 12:10:55"}
{"api":"http://localhost:4000/api","environment":"development","health":"http://localhost:4000/health","host":"0.0.0.0","level":"info","message":"🚀 Server running","port":4000,"service":"preplyte-api","timestamp":"2026-02-05 12:10:55","websocket":"ws://localhost:4000/ws/interview/:sessionId"}
{"baseURL":"https://judge0-ce.p.rapidapi.com","level":"info","message":"Judge0 client initialized","service":"preplyte-api","timestamp":"2026-02-05 12:11:08","useRapidAPI":true}
{"level":"info","message":"[TTS] Using Deepgram for text-to-speech","service":"preplyte-api","timestamp":"2026-02-05 12:11:08"}
{"environment":"development","host":"0.0.0.0","level":"info","message":"Starting server...","port":4000,"service":"preplyte-api","timestamp":"2026-02-05 12:11:08"}
{"level":"info","message":"Checking database connection...","service":"preplyte-api","timestamp":"2026-02-05 12:11:08"}
{"level":"debug","message":"Query: SELECT 1","service":"preplyte-api","timestamp":"2026-02-05 12:11:08"}
{"level":"debug","message":"Params: []","service":"preplyte-api","timestamp":"2026-02-05 12:11:08"}
{"level":"debug","message":"Duration: 0ms","service":"preplyte-api","timestamp":"2026-02-05 12:11:08"}
{"level":"info","message":"✅ Database connected successfully","service":"preplyte-api","timestamp":"2026-02-05 12:11:08"}
{"level":"info","message":"[WS Gateway] WebSocket server initialized","path":"/ws/interview/:sessionId","service":"preplyte-api","timestamp":"2026-02-05 12:11:08"}
{"api":"http://localhost:4000/api","environment":"development","health":"http://localhost:4000/health","host":"0.0.0.0","level":"info","message":"🚀 Server running","port":4000,"service":"preplyte-api","timestamp":"2026-02-05 12:11:08","websocket":"ws://localhost:4000/ws/interview/:sessionId"}
{"baseURL":"https://judge0-ce.p.rapidapi.com","level":"info","message":"Judge0 client initialized","service":"preplyte-api","timestamp":"2026-02-05 12:12:00","useRapidAPI":true}
{"level":"info","message":"[TTS] Using Deepgram for text-to-speech","service":"preplyte-api","timestamp":"2026-02-05 12:12:01"}
{"environment":"development","host":"0.0.0.0","level":"info","message":"Starting server...","port":4000,"service":"preplyte-api","timestamp":"2026-02-05 12:12:01"}
{"level":"info","message":"Checking database connection...","service":"preplyte-api","timestamp":"2026-02-05 12:12:01"}
{"level":"debug","message":"Query: SELECT 1","service":"preplyte-api","timestamp":"2026-02-05 12:12:01"}
{"level":"debug","message":"Params: []","service":"preplyte-api","timestamp":"2026-02-05 12:12:01"}
{"level":"debug","message":"Duration: 0ms","service":"preplyte-api","timestamp":"2026-02-05 12:12:01"}
{"level":"info","message":"✅ Database connected successfully","service":"preplyte-api","timestamp":"2026-02-05 12:12:01"}
{"level":"info","message":"[WS Gateway] WebSocket server initialized","path":"/ws/interview/:sessionId","service":"preplyte-api","timestamp":"2026-02-05 12:12:01"}
{"api":"http://localhost:4000/api","environment":"development","health":"http://localhost:4000/health","host":"0.0.0.0","level":"info","message":"🚀 Server running","port":4000,"service":"preplyte-api","timestamp":"2026-02-05 12:12:01","websocket":"ws://localhost:4000/ws/interview/:sessionId"}
{"level":"debug","message":"Query: SELECT COUNT(*) FROM (SELECT \"public\".\"lms_categories\".\"id\" FROM \"public\".\"lms_categories\" WHERE 1=1 OFFSET $1) AS \"sub\"","service":"preplyte-api","timestamp":"2026-02-05 12:12:19"}
{"level":"debug","message":"Params: [0]","service":"preplyte-api","timestamp":"2026-02-05 12:12:19"}
{"level":"debug","message":"Duration: 4ms","service":"preplyte-api","timestamp":"2026-02-05 12:12:19"}
{"level":"debug","message":"Query: SELECT COUNT(*) FROM (SELECT \"public\".\"lms_courses\".\"id\" FROM \"public\".\"lms_courses\" WHERE 1=1 OFFSET $1) AS \"sub\"","service":"preplyte-api","timestamp":"2026-02-05 12:12:19"}
{"level":"debug","message":"Params: [0]","service":"preplyte-api","timestamp":"2026-02-05 12:12:19"}
{"level":"debug","message":"Duration: 5ms","service":"preplyte-api","timestamp":"2026-02-05 12:12:19"}
{"level":"debug","message":"Query: SELECT \"public\".\"lms_categories\".\"id\", \"public\".\"lms_categories\".\"name\", \"public\".\"lms_categories\".\"slug\", \"public\".\"lms_categories\".\"description\", \"public\".\"lms_categories\".\"iconUrl\", \"public\".\"lms_categories\".\"order\", \"public\".\"lms_categories\".\"isActive\", \"public\".\"lms_categories\".\"createdAt\", \"public\".\"lms_categories\".\"updatedAt\" FROM \"public\".\"lms_categories\" WHERE 1=1 LIMIT $1 OFFSET $2","service":"preplyte-api","timestamp":"2026-02-05 12:12:19"}
{"level":"debug","message":"Params: [1,0]","service":"preplyte-api","timestamp":"2026-02-05 12:12:19"}
{"level":"debug","message":"Duration: 0ms","service":"preplyte-api","timestamp":"2026-02-05 12:12:19"}
{"baseURL":"https://judge0-ce.p.rapidapi.com","level":"info","message":"Judge0 client initialized","service":"preplyte-api","timestamp":"2026-02-05 12:12:34","useRapidAPI":true}
{"level":"info","message":"[TTS] Using Deepgram for text-to-speech","service":"preplyte-api","timestamp":"2026-02-05 12:12:34"}
{"environment":"development","host":"0.0.0.0","level":"info","message":"Starting server...","port":4000,"service":"preplyte-api","timestamp":"2026-02-05 12:12:35"}
{"level":"info","message":"Checking database connection...","service":"preplyte-api","timestamp":"2026-02-05 12:12:35"}
{"level":"debug","message":"Query: SELECT 1","service":"preplyte-api","timestamp":"2026-02-05 12:12:35"}
{"level":"debug","message":"Params: []","service":"preplyte-api","timestamp":"2026-02-05 12:12:35"}
{"level":"debug","message":"Duration: 0ms","service":"preplyte-api","timestamp":"2026-02-05 12:12:35"}
{"level":"info","message":"✅ Database connected successfully","service":"preplyte-api","timestamp":"2026-02-05 12:12:35"}
{"level":"info","message":"[WS Gateway] WebSocket server initialized","path":"/ws/interview/:sessionId","service":"preplyte-api","timestamp":"2026-02-05 12:12:35"}
{"api":"http://localhost:4000/api","environment":"development","health":"http://localhost:4000/health","host":"0.0.0.0","level":"info","message":"🚀 Server running","port":4000,"service":"preplyte-api","timestamp":"2026-02-05 12:12:35","websocket":"ws://localhost:4000/ws/interview/:sessionId"}
{"baseURL":"https://judge0-ce.p.rapidapi.com","level":"info","message":"Judge0 client initialized","service":"preplyte-api","timestamp":"2026-02-05 12:12:57","useRapidAPI":true}
{"level":"info","message":"[TTS] Using Deepgram for text-to-speech","service":"preplyte-api","timestamp":"2026-02-05 12:12:58"}
{"environment":"development","host":"0.0.0.0","level":"info","message":"Starting server...","port":4000,"service":"preplyte-api","timestamp":"2026-02-05 12:12:58"}
{"level":"info","message":"Checking database connection...","service":"preplyte-api","timestamp":"2026-02-05 12:12:58"}
{"level":"debug","message":"Query: SELECT 1","service":"preplyte-api","timestamp":"2026-02-05 12:12:58"}
{"level":"debug","message":"Params: []","service":"preplyte-api","timestamp":"2026-02-05 12:12:58"}
{"level":"debug","message":"Duration: 0ms","service":"preplyte-api","timestamp":"2026-02-05 12:12:58"}
{"level":"info","message":"✅ Database connected successfully","service":"preplyte-api","timestamp":"2026-02-05 12:12:58"}
{"level":"info","message":"[WS Gateway] WebSocket server initialized","path":"/ws/interview/:sessionId","service":"preplyte-api","timestamp":"2026-02-05 12:12:58"}
{"api":"http://localhost:4000/api","environment":"development","health":"http://localhost:4000/health","host":"0.0.0.0","level":"info","message":"🚀 Server running","port":4000,"service":"preplyte-api","timestamp":"2026-02-05 12:12:58","websocket":"ws://localhost:4000/ws/interview/:sessionId"}
{"level":"debug","message":"Query: SELECT \"public\".\"users\".\"id\", \"public\".\"users\".\"email\", \"public\".\"users\".\"role\"::text, \"public\".\"users\".\"instituteId\", \"public\".\"users\".\"isActive\", \"public\".\"users\".\"tokenVersion\" FROM \"public\".\"users\" WHERE (\"public\".\"users\".\"id\" = $1 AND 1=1) LIMIT $2 OFFSET $3","service":"preplyte-api","timestamp":"2026-02-05 12:12:59"}
{"level":"debug","message":"Params: [\"cml92ugqs0007q3oof2k0hw35\",1,0]","service":"preplyte-api","timestamp":"2026-02-05 12:12:59"}
{"level":"debug","message":"Duration: 11ms","service":"preplyte-api","timestamp":"2026-02-05 12:12:59"}
{"level":"debug","message":"Query: SELECT \"public\".\"lms_courses\".\"id\", \"public\".\"lms_courses\".\"categoryId\", \"public\".\"lms_courses\".\"title\", \"public\".\"lms_courses\".\"slug\", \"public\".\"lms_courses\".\"shortDescription\", \"public\".\"lms_courses\".\"description\", \"public\".\"lms_courses\".\"thumbnailUrl\", \"public\".\"lms_courses\".\"previewVideoUrl\", \"public\".\"lms_courses\".\"totalModules\", \"public\".\"lms_courses\".\"totalTopics\", \"public\".\"lms_courses\".\"totalPoints\", \"public\".\"lms_courses\".\"totalHours\", \"public\".\"lms_courses\".\"price\", \"public\".\"lms_courses\".\"discountPrice\", \"public\".\"lms_courses\".\"currency\", \"public\".\"lms_courses\".\"status\"::text, \"public\".\"lms_courses\".\"isActive\", \"public\".\"lms_courses\".\"certificateEnabled\", \"public\".\"lms_courses\".\"passingPercentage\", \"public\".\"lms_courses\".\"tags\", \"public\".\"lms_courses\".\"difficulty\"::text, \"public\".\"lms_courses\".\"instructor\", \"public\".\"lms_courses\".\"language\", \"public\".\"lms_courses\".\"createdAt\", \"public\".\"lms_courses\".\"updatedAt\", \"public\".\"lms_courses\".\"publishedAt\" FROM \"public\".\"lms_courses\" WHERE (\"public\".\"lms_courses\".\"slug\" = $1 AND 1=1) LIMIT $2 OFFSET $3","service":"preplyte-api","timestamp":"2026-02-05 12:12:59"}
{"level":"debug","message":"Params: [\"complete-web-development-bootcamp\",1,0]","service":"preplyte-api","timestamp":"2026-02-05 12:12:59"}
{"level":"debug","message":"Duration: 12ms","service":"preplyte-api","timestamp":"2026-02-05 12:12:59"}
{"level":"debug","message":"Query: SELECT \"public\".\"lms_categories\".\"id\", \"public\".\"lms_categories\".\"name\", \"public\".\"lms_categories\".\"slug\", \"public\".\"lms_categories\".\"description\", \"public\".\"lms_categories\".\"iconUrl\", \"public\".\"lms_categories\".\"order\", \"public\".\"lms_categories\".\"isActive\", \"public\".\"lms_categories\".\"createdAt\", \"public\".\"lms_categories\".\"updatedAt\" FROM \"public\".\"lms_categories\" WHERE \"public\".\"lms_categories\".\"id\" IN ($1) OFFSET $2","service":"preplyte-api","timestamp":"2026-02-05 12:12:59"}
{"level":"debug","message":"Params: [\"cml92k1i3000017d0bq70mkrl\",0]","service":"preplyte-api","timestamp":"2026-02-05 12:12:59"}
{"level":"debug","message":"Duration: 9ms","service":"preplyte-api","timestamp":"2026-02-05 12:12:59"}
{"level":"debug","message":"Query: SELECT \"public\".\"lms_modules\".\"id\", \"public\".\"lms_modules\".\"courseId\", \"public\".\"lms_modules\".\"title\", \"public\".\"lms_modules\".\"shortDescription\", \"public\".\"lms_modules\".\"description\", \"public\".\"lms_modules\".\"order\", \"public\".\"lms_modules\".\"totalTopics\", \"public\".\"lms_modules\".\"points\", \"public\".\"lms_modules\".\"estimatedMinutes\", \"public\".\"lms_modules\".\"isActive\", \"public\".\"lms_modules\".\"createdAt\", \"public\".\"lms_modules\".\"updatedAt\" FROM \"public\".\"lms_modules\" WHERE (\"public\".\"lms_modules\".\"isActive\" = $1 AND \"public\".\"lms_modules\".\"courseId\" IN ($2)) ORDER BY \"public\".\"lms_modules\".\"order\" ASC OFFSET $3","service":"preplyte-api","timestamp":"2026-02-05 12:12:59"}
{"level":"debug","message":"Params: [true,\"cml92k1k4000417d09rzlrf37\",0]","service":"preplyte-api","timestamp":"2026-02-05 12:12:59"}
{"level":"debug","message":"Duration: 8ms","service":"preplyte-api","timestamp":"2026-02-05 12:12:59"}
{"level":"debug","message":"Query: SELECT \"public\".\"lms_topics\".\"id\", \"public\".\"lms_topics\".\"title\", \"public\".\"lms_topics\".\"order\", \"public\".\"lms_topics\".\"estimatedMinutes\", \"public\".\"lms_topics\".\"videoUrl\", \"public\".\"lms_topics\".\"moduleId\" FROM \"public\".\"lms_topics\" WHERE (\"public\".\"lms_topics\".\"isActive\" = $1 AND \"public\".\"lms_topics\".\"moduleId\" IN ($2,$3,$4,$5,$6)) ORDER BY \"public\".\"lms_topics\".\"order\" ASC OFFSET $7","service":"preplyte-api","timestamp":"2026-02-05 12:12:59"}
{"level":"debug","message":"Params: [true,\"cml92k1ke000617d0l56w3n45\",\"cml92k1kj000817d0x6y6z5f7\",\"cml92k1kl000a17d0yp4e89wr\",\"cml92k1kn000c17d0ocn7frmc\",\"cml92k1kp000e17d03txb42ra\",0]","service":"preplyte-api","timestamp":"2026-02-05 12:12:59"}
{"level":"debug","message":"Duration: 9ms","service":"preplyte-api","timestamp":"2026-02-05 12:12:59"}
{"level":"debug","message":"Query: SELECT \"public\".\"lms_module_tests\".\"id\", \"public\".\"lms_module_tests\".\"title\", \"public\".\"lms_module_tests\".\"instructions\", \"public\".\"lms_module_tests\".\"totalQuestions\", \"public\".\"lms_module_tests\".\"timeLimitMinutes\", \"public\".\"lms_module_tests\".\"passingScore\", \"public\".\"lms_module_tests\".\"maxAttempts\", \"public\".\"lms_module_tests\".\"pointsPerQuestion\", \"public\".\"lms_module_tests\".\"totalPoints\", \"public\".\"lms_module_tests\".\"isActive\", \"public\".\"lms_module_tests\".\"moduleId\" FROM \"public\".\"lms_module_tests\" WHERE \"public\".\"lms_module_tests\".\"moduleId\" IN ($1,$2,$3,$4,$5) OFFSET $6","service":"preplyte-api","timestamp":"2026-02-05 12:12:59"}
{"level":"debug","message":"Params: [\"cml92k1ke000617d0l56w3n45\",\"cml92k1kj000817d0x6y6z5f7\",\"cml92k1kl000a17d0yp4e89wr\",\"cml92k1kn000c17d0ocn7frmc\",\"cml92k1kp000e17d03txb42ra\",0]","service":"preplyte-api","timestamp":"2026-02-05 12:12:59"}
{"level":"debug","message":"Duration: 5ms","service":"preplyte-api","timestamp":"2026-02-05 12:12:59"}
{"level":"debug","message":"Query: SELECT \"public\".\"lms_final_tests\".\"id\", \"public\".\"lms_final_tests\".\"courseId\", \"public\".\"lms_final_tests\".\"title\", \"public\".\"lms_final_tests\".\"instructions\", \"public\".\"lms_final_tests\".\"totalQuestions\", \"public\".\"lms_final_tests\".\"passingScore\", \"public\".\"lms_final_tests\".\"timeLimitMinutes\", \"public\".\"lms_final_tests\".\"pointsPerQuestion\", \"public\".\"lms_final_tests\".\"totalPoints\", \"public\".\"lms_final_tests\".\"maxAttempts\", \"public\".\"lms_final_tests\".\"isActive\", \"public\".\"lms_final_tests\".\"createdAt\", \"public\".\"lms_final_tests\".\"updatedAt\" FROM \"public\".\"lms_final_tests\" WHERE \"public\".\"lms_final_tests\".\"courseId\" IN ($1) OFFSET $2","service":"preplyte-api","timestamp":"2026-02-05 12:12:59"}
{"level":"debug","message":"Params: [\"cml92k1k4000417d09rzlrf37\",0]","service":"preplyte-api","timestamp":"2026-02-05 12:12:59"}
{"level":"debug","message":"Duration: 5ms","service":"preplyte-api","timestamp":"2026-02-05 12:12:59"}
{"level":"debug","message":"Query: SELECT \"public\".\"lms_enrollments\".\"id\", \"public\".\"lms_enrollments\".\"userId\", \"public\".\"lms_enrollments\".\"courseId\", \"public\".\"lms_enrollments\".\"status\"::text, \"public\".\"lms_enrollments\".\"completedModules\", \"public\".\"lms_enrollments\".\"completedTopics\", \"public\".\"lms_enrollments\".\"progressPercent\", \"public\".\"lms_enrollments\".\"totalPointsEarned\", \"public\".\"lms_enrollments\".\"moduleTestPointsEarned\", \"public\".\"lms_enrollments\".\"finalTestPointsEarned\", \"public\".\"lms_enrollments\".\"finalTestAttempted\", \"public\".\"lms_enrollments\".\"finalTestPassed\", \"public\".\"lms_enrollments\".\"finalTestScore\", \"public\".\"lms_enrollments\".\"finalTestMarks\", \"public\".\"lms_enrollments\".\"enrolledAt\", \"public\".\"lms_enrollments\".\"startedAt\", \"public\".\"lms_enrollments\".\"completedAt\", \"public\".\"lms_enrollments\".\"lastAccessedAt\", \"public\".\"lms_enrollments\".\"certificateUrl\", \"public\".\"lms_enrollments\".\"certificateIssuedAt\", \"public\".\"lms_enrollments\".\"createdAt\", \"public\".\"lms_enrollments\".\"updatedAt\" FROM \"public\".\"lms_enrollments\" WHERE ((\"public\".\"lms_enrollments\".\"userId\" = $1 AND \"public\".\"lms_enrollments\".\"courseId\" = $2) AND 1=1) LIMIT $3 OFFSET $4","service":"preplyte-api","timestamp":"2026-02-05 12:12:59"}
{"level":"debug","message":"Params: [\"cml92ugqs0007q3oof2k0hw35\",\"cml92k1k4000417d09rzlrf37\",1,0]","service":"preplyte-api","timestamp":"2026-02-05 12:12:59"}
{"level":"debug","message":"Duration: 9ms","service":"preplyte-api","timestamp":"2026-02-05 12:12:59"}
{"level":"info","message":"\u001b[0mGET /api/lms/courses/complete-web-development-bootcamp \u001b[32m200\u001b[0m 134.544 ms - -\u001b[0m","service":"preplyte-api","timestamp":"2026-02-05 12:12:59"}
{"baseURL":"https://judge0-ce.p.rapidapi.com","level":"info","message":"Judge0 client initialized","service":"preplyte-api","timestamp":"2026-02-05 12:13:05","useRapidAPI":true}
{"level":"info","message":"[TTS] Using Deepgram for text-to-speech","service":"preplyte-api","timestamp":"2026-02-05 12:13:05"}
{"environment":"development","host":"0.0.0.0","level":"info","message":"Starting server...","port":4000,"service":"preplyte-api","timestamp":"2026-02-05 12:13:05"}
{"level":"info","message":"Checking database connection...","service":"preplyte-api","timestamp":"2026-02-05 12:13:05"}
{"level":"debug","message":"Query: SELECT 1","service":"preplyte-api","timestamp":"2026-02-05 12:13:05"}
{"level":"debug","message":"Params: []","service":"preplyte-api","timestamp":"2026-02-05 12:13:05"}
{"level":"debug","message":"Duration: 0ms","service":"preplyte-api","timestamp":"2026-02-05 12:13:05"}
{"level":"info","message":"✅ Database connected successfully","service":"preplyte-api","timestamp":"2026-02-05 12:13:05"}
{"level":"info","message":"[WS Gateway] WebSocket server initialized","path":"/ws/interview/:sessionId","service":"preplyte-api","timestamp":"2026-02-05 12:13:05"}
{"api":"http://localhost:4000/api","environment":"development","health":"http://localhost:4000/health","host":"0.0.0.0","level":"info","message":"🚀 Server running","port":4000,"service":"preplyte-api","timestamp":"2026-02-05 12:13:05","websocket":"ws://localhost:4000/ws/interview/:sessionId"}
{"level":"debug","message":"Query: SELECT 1","service":"preplyte-api","timestamp":"2026-02-05 12:13:22"}
{"level":"debug","message":"Params: []","service":"preplyte-api","timestamp":"2026-02-05 12:13:22"}
{"level":"debug","message":"Duration: 0ms","service":"preplyte-api","timestamp":"2026-02-05 12:13:22"}
{"level":"debug","message":"Query: SELECT \"public\".\"users\".\"id\", \"public\".\"users\".\"email\", \"public\".\"users\".\"role\"::text, \"public\".\"users\".\"instituteId\", \"public\".\"users\".\"isActive\", \"public\".\"users\".\"tokenVersion\" FROM \"public\".\"users\" WHERE (\"public\".\"users\".\"id\" = $1 AND 1=1) LIMIT $2 OFFSET $3","service":"preplyte-api","timestamp":"2026-02-05 12:13:22"}
{"level":"debug","message":"Params: [\"cml92r5r50001q3oopvkslp23\",1,0]","service":"preplyte-api","timestamp":"2026-02-05 12:13:22"}
{"level":"debug","message":"Duration: 9ms","service":"preplyte-api","timestamp":"2026-02-05 12:13:22"}
{"level":"debug","message":"Query: SELECT \"public\".\"lms_courses\".\"id\", \"public\".\"lms_courses\".\"categoryId\", \"public\".\"lms_courses\".\"title\", \"public\".\"lms_courses\".\"slug\", \"public\".\"lms_courses\".\"shortDescription\", \"public\".\"lms_courses\".\"description\", \"public\".\"lms_courses\".\"thumbnailUrl\", \"public\".\"lms_courses\".\"previewVideoUrl\", \"public\".\"lms_courses\".\"totalModules\", \"public\".\"lms_courses\".\"totalTopics\", \"public\".\"lms_courses\".\"totalPoints\", \"public\".\"lms_courses\".\"totalHours\", \"public\".\"lms_courses\".\"price\", \"public\".\"lms_courses\".\"discountPrice\", \"public\".\"lms_courses\".\"currency\", \"public\".\"lms_courses\".\"status\"::text, \"public\".\"lms_courses\".\"isActive\", \"public\".\"lms_courses\".\"certificateEnabled\", \"public\".\"lms_courses\".\"passingPercentage\", \"public\".\"lms_courses\".\"tags\", \"public\".\"lms_courses\".\"difficulty\"::text, \"public\".\"lms_courses\".\"instructor\", \"public\".\"lms_courses\".\"language\", \"public\".\"lms_courses\".\"createdAt\", \"public\".\"lms_courses\".\"updatedAt\", \"public\".\"lms_courses\".\"publishedAt\" FROM \"public\".\"lms_courses\" WHERE (\"public\".\"lms_courses\".\"slug\" = $1 AND 1=1) LIMIT $2 OFFSET $3","service":"preplyte-api","timestamp":"2026-02-05 12:13:22"}
{"level":"debug","message":"Params: [\"prompt-engineering\",1,0]","service":"preplyte-api","timestamp":"2026-02-05 12:13:22"}
{"level":"debug","message":"Duration: 10ms","service":"preplyte-api","timestamp":"2026-02-05 12:13:22"}
{"level":"debug","message":"Query: BEGIN","service":"preplyte-api","timestamp":"2026-02-05 12:13:22"}
{"level":"debug","message":"Params: []","service":"preplyte-api","timestamp":"2026-02-05 12:13:22"}
{"level":"debug","message":"Duration: 0ms","service":"preplyte-api","timestamp":"2026-02-05 12:13:22"}
{"level":"debug","message":"Query: INSERT INTO \"public\".\"lms_courses\" (\"id\",\"categoryId\",\"title\",\"slug\",\"shortDescription\",\"description\",\"thumbnailUrl\",\"totalModules\",\"totalTopics\",\"totalPoints\",\"totalHours\",\"price\",\"currency\",\"status\",\"isActive\",\"certificateEnabled\",\"passingPercentage\",\"tags\",\"difficulty\",\"instructor\",\"language\",\"createdAt\",\"updatedAt\") VALUES ($1,$2,$3,$4,$5,$6,$7,$8,$9,$10,$11,$12,$13,CAST($14::text AS \"public\".\"LmsCourseStatus\"),$15,$16,$17,$18,CAST($19::text AS \"public\".\"DifficultyLevel\"),$20,$21,$22,$23) RETURNING \"public\".\"lms_courses\".\"id\"","service":"preplyte-api","timestamp":"2026-02-05 12:13:22"}
{"level":"debug","message":"Params: [\"cml93bbti0001h2p0y0h24vng\",\"cml92k1i3000017d0bq70mkrl\",\"Prompt Engineering\",\"prompt-engineering\",\"This is a good course\",\"Nice contentThis is a good courseThis is a good courseThis is a good courseThis is a good courseThis is a good courseThis is a good course\",null,0,0,0,0,2000,\"INR\",\"DRAFT\",true,false,70,[],\"EASY\",\"Prathamesh Gaikwad\",\"English\",\"2026-02-05 06:43:22.132 UTC\",\"2026-02-05 06:43:22.132 UTC\"]","service":"preplyte-api","timestamp":"2026-02-05 12:13:22"}
{"level":"debug","message":"Duration: 10ms","service":"preplyte-api","timestamp":"2026-02-05 12:13:22"}
{"level":"debug","message":"Query: SELECT \"public\".\"lms_courses\".\"id\", \"public\".\"lms_courses\".\"categoryId\", \"public\".\"lms_courses\".\"title\", \"public\".\"lms_courses\".\"slug\", \"public\".\"lms_courses\".\"shortDescription\", \"public\".\"lms_courses\".\"description\", \"public\".\"lms_courses\".\"thumbnailUrl\", \"public\".\"lms_courses\".\"previewVideoUrl\", \"public\".\"lms_courses\".\"totalModules\", \"public\".\"lms_courses\".\"totalTopics\", \"public\".\"lms_courses\".\"totalPoints\", \"public\".\"lms_courses\".\"totalHours\", \"public\".\"lms_courses\".\"price\", \"public\".\"lms_courses\".\"discountPrice\", \"public\".\"lms_courses\".\"currency\", \"public\".\"lms_courses\".\"status\"::text, \"public\".\"lms_courses\".\"isActive\", \"public\".\"lms_courses\".\"certificateEnabled\", \"public\".\"lms_courses\".\"passingPercentage\", \"public\".\"lms_courses\".\"tags\", \"public\".\"lms_courses\".\"difficulty\"::text, \"public\".\"lms_courses\".\"instructor\", \"public\".\"lms_courses\".\"language\", \"public\".\"lms_courses\".\"createdAt\", \"public\".\"lms_courses\".\"updatedAt\", \"public\".\"lms_courses\".\"publishedAt\" FROM \"public\".\"lms_courses\" WHERE \"public\".\"lms_courses\".\"id\" = $1 LIMIT $2 OFFSET $3","service":"preplyte-api","timestamp":"2026-02-05 12:13:22"}
{"level":"debug","message":"Params: [\"cml93bbti0001h2p0y0h24vng\",1,0]","service":"preplyte-api","timestamp":"2026-02-05 12:13:22"}
{"level":"debug","message":"Duration: 1ms","service":"preplyte-api","timestamp":"2026-02-05 12:13:22"}
{"level":"debug","message":"Query: SELECT \"public\".\"lms_categories\".\"id\", \"public\".\"lms_categories\".\"name\", \"public\".\"lms_categories\".\"slug\", \"public\".\"lms_categories\".\"description\", \"public\".\"lms_categories\".\"iconUrl\", \"public\".\"lms_categories\".\"order\", \"public\".\"lms_categories\".\"isActive\", \"public\".\"lms_categories\".\"createdAt\", \"public\".\"lms_categories\".\"updatedAt\" FROM \"public\".\"lms_categories\" WHERE \"public\".\"lms_categories\".\"id\" IN ($1) OFFSET $2","service":"preplyte-api","timestamp":"2026-02-05 12:13:22"}
{"level":"debug","message":"Params: [\"cml92k1i3000017d0bq70mkrl\",0]","service":"preplyte-api","timestamp":"2026-02-05 12:13:22"}
{"level":"debug","message":"Duration: 1ms","service":"preplyte-api","timestamp":"2026-02-05 12:13:22"}
{"level":"debug","message":"Query: COMMIT","service":"preplyte-api","timestamp":"2026-02-05 12:13:22"}
{"level":"debug","message":"Params: []","service":"preplyte-api","timestamp":"2026-02-05 12:13:22"}
{"level":"debug","message":"Duration: 2ms","service":"preplyte-api","timestamp":"2026-02-05 12:13:22"}
{"level":"info","message":"\u001b[0mPOST /api/admin/lms/courses \u001b[32m201\u001b[0m 158.827 ms - -\u001b[0m","service":"preplyte-api","timestamp":"2026-02-05 12:13:22"}
{"level":"debug","message":"Query: SELECT \"public\".\"users\".\"id\", \"public\".\"users\".\"email\", \"public\".\"users\".\"role\"::text, \"public\".\"users\".\"instituteId\", \"public\".\"users\".\"isActive\", \"public\".\"users\".\"tokenVersion\" FROM \"public\".\"users\" WHERE (\"public\".\"users\".\"id\" = $1 AND 1=1) LIMIT $2 OFFSET $3","service":"preplyte-api","timestamp":"2026-02-05 12:13:28"}
{"level":"debug","message":"Params: [\"cml92r5r50001q3oopvkslp23\",1,0]","service":"preplyte-api","timestamp":"2026-02-05 12:13:28"}
{"level":"debug","message":"Duration: 1ms","service":"preplyte-api","timestamp":"2026-02-05 12:13:28"}
{"level":"debug","message":"Query: SELECT \"public\".\"lms_courses\".\"id\", \"public\".\"lms_courses\".\"categoryId\", \"public\".\"lms_courses\".\"title\", \"public\".\"lms_courses\".\"slug\", \"public\".\"lms_courses\".\"shortDescription\", \"public\".\"lms_courses\".\"description\", \"public\".\"lms_courses\".\"thumbnailUrl\", \"public\".\"lms_courses\".\"previewVideoUrl\", \"public\".\"lms_courses\".\"totalModules\", \"public\".\"lms_courses\".\"totalTopics\", \"public\".\"lms_courses\".\"totalPoints\", \"public\".\"lms_courses\".\"totalHours\", \"public\".\"lms_courses\".\"price\", \"public\".\"lms_courses\".\"discountPrice\", \"public\".\"lms_courses\".\"currency\", \"public\".\"lms_courses\".\"status\"::text, \"public\".\"lms_courses\".\"isActive\", \"public\".\"lms_courses\".\"certificateEnabled\", \"public\".\"lms_courses\".\"passingPercentage\", \"public\".\"lms_courses\".\"tags\", \"public\".\"lms_courses\".\"difficulty\"::text, \"public\".\"lms_courses\".\"instructor\", \"public\".\"lms_courses\".\"language\", \"public\".\"lms_courses\".\"createdAt\", \"public\".\"lms_courses\".\"updatedAt\", \"public\".\"lms_courses\".\"publishedAt\", COALESCE(\"aggr_selection_0_LmsModule\".\"_aggr_count_modules\", 0) AS \"_aggr_count_modules\", COALESCE(\"aggr_selection_1_LmsEnrollment\".\"_aggr_count_enrollments\", 0) AS \"_aggr_count_enrollments\" FROM \"public\".\"lms_courses\" LEFT JOIN (SELECT \"public\".\"lms_modules\".\"courseId\", COUNT(*) AS \"_aggr_count_modules\" FROM \"public\".\"lms_modules\" WHERE 1=1 GROUP BY \"public\".\"lms_modules\".\"courseId\") AS \"aggr_selection_0_LmsModule\" ON (\"public\".\"lms_courses\".\"id\" = \"aggr_selection_0_LmsModule\".\"courseId\") LEFT JOIN (SELECT \"public\".\"lms_enrollments\".\"courseId\", COUNT(*) AS \"_aggr_count_enrollments\" FROM \"public\".\"lms_enrollments\" WHERE 1=1 GROUP BY \"public\".\"lms_enrollments\".\"courseId\") AS \"aggr_selection_1_LmsEnrollment\" ON (\"public\".\"lms_courses\".\"id\" = \"aggr_selection_1_LmsEnrollment\".\"courseId\") WHERE 1=1 ORDER BY \"public\".\"lms_courses\".\"createdAt\" DESC OFFSET $1","service":"preplyte-api","timestamp":"2026-02-05 12:13:28"}
{"level":"debug","message":"Params: [0]","service":"preplyte-api","timestamp":"2026-02-05 12:13:28"}
{"level":"debug","message":"Duration: 30ms","service":"preplyte-api","timestamp":"2026-02-05 12:13:28"}
{"level":"debug","message":"Query: SELECT \"public\".\"lms_categories\".\"id\", \"public\".\"lms_categories\".\"name\", \"public\".\"lms_categories\".\"slug\", \"public\".\"lms_categories\".\"description\", \"public\".\"lms_categories\".\"iconUrl\", \"public\".\"lms_categories\".\"order\", \"public\".\"lms_categories\".\"isActive\", \"public\".\"lms_categories\".\"createdAt\", \"public\".\"lms_categories\".\"updatedAt\" FROM \"public\".\"lms_categories\" WHERE \"public\".\"lms_categories\".\"id\" IN ($1) OFFSET $2","service":"preplyte-api","timestamp":"2026-02-05 12:13:28"}
{"level":"debug","message":"Params: [\"cml92k1i3000017d0bq70mkrl\",0]","service":"preplyte-api","timestamp":"2026-02-05 12:13:28"}
{"level":"debug","message":"Duration: 0ms","service":"preplyte-api","timestamp":"2026-02-05 12:13:28"}
{"level":"info","message":"\u001b[0mGET /api/admin/lms/courses?page=1&limit=10&search= \u001b[32m200\u001b[0m 58.750 ms - -\u001b[0m","service":"preplyte-api","timestamp":"2026-02-05 12:13:28"}
{"level":"debug","message":"Query: SELECT 1","service":"preplyte-api","timestamp":"2026-02-05 12:13:40"}
{"level":"debug","message":"Params: []","service":"preplyte-api","timestamp":"2026-02-05 12:13:40"}
{"level":"debug","message":"Duration: 0ms","service":"preplyte-api","timestamp":"2026-02-05 12:13:40"}
{"level":"debug","message":"Query: SELECT \"public\".\"users\".\"id\", \"public\".\"users\".\"email\", \"public\".\"users\".\"role\"::text, \"public\".\"users\".\"instituteId\", \"public\".\"users\".\"isActive\", \"public\".\"users\".\"tokenVersion\" FROM \"public\".\"users\" WHERE (\"public\".\"users\".\"id\" = $1 AND 1=1) LIMIT $2 OFFSET $3","service":"preplyte-api","timestamp":"2026-02-05 12:13:40"}
{"level":"debug","message":"Params: [\"cml92r5r50001q3oopvkslp23\",1,0]","service":"preplyte-api","timestamp":"2026-02-05 12:13:40"}
{"level":"debug","message":"Duration: 1ms","service":"preplyte-api","timestamp":"2026-02-05 12:13:40"}
{"level":"debug","message":"Query: SELECT \"public\".\"users\".\"id\", \"public\".\"users\".\"email\", \"public\".\"users\".\"role\"::text, \"public\".\"users\".\"instituteId\", \"public\".\"users\".\"isActive\", \"public\".\"users\".\"tokenVersion\" FROM \"public\".\"users\" WHERE (\"public\".\"users\".\"id\" = $1 AND 1=1) LIMIT $2 OFFSET $3","service":"preplyte-api","timestamp":"2026-02-05 12:13:40"}
{"level":"debug","message":"Params: [\"cml92r5r50001q3oopvkslp23\",1,0]","service":"preplyte-api","timestamp":"2026-02-05 12:13:40"}
{"level":"debug","message":"Duration: 0ms","service":"preplyte-api","timestamp":"2026-02-05 12:13:40"}
{"level":"debug","message":"Query: SELECT \"public\".\"lms_courses\".\"id\", \"public\".\"lms_courses\".\"categoryId\", \"public\".\"lms_courses\".\"title\", \"public\".\"lms_courses\".\"slug\", \"public\".\"lms_courses\".\"shortDescription\", \"public\".\"lms_courses\".\"description\", \"public\".\"lms_courses\".\"thumbnailUrl\", \"public\".\"lms_courses\".\"previewVideoUrl\", \"public\".\"lms_courses\".\"totalModules\", \"public\".\"lms_courses\".\"totalTopics\", \"public\".\"lms_courses\".\"totalPoints\", \"public\".\"lms_courses\".\"totalHours\", \"public\".\"lms_courses\".\"price\", \"public\".\"lms_courses\".\"discountPrice\", \"public\".\"lms_courses\".\"currency\", \"public\".\"lms_courses\".\"status\"::text, \"public\".\"lms_courses\".\"isActive\", \"public\".\"lms_courses\".\"certificateEnabled\", \"public\".\"lms_courses\".\"passingPercentage\", \"public\".\"lms_courses\".\"tags\", \"public\".\"lms_courses\".\"difficulty\"::text, \"public\".\"lms_courses\".\"instructor\", \"public\".\"lms_courses\".\"language\", \"public\".\"lms_courses\".\"createdAt\", \"public\".\"lms_courses\".\"updatedAt\", \"public\".\"lms_courses\".\"publishedAt\", COALESCE(\"aggr_selection_0_LmsEnrollment\".\"_aggr_count_enrollments\", 0) AS \"_aggr_count_enrollments\" FROM \"public\".\"lms_courses\" LEFT JOIN (SELECT \"public\".\"lms_enrollments\".\"courseId\", COUNT(*) AS \"_aggr_count_enrollments\" FROM \"public\".\"lms_enrollments\" WHERE 1=1 GROUP BY \"public\".\"lms_enrollments\".\"courseId\") AS \"aggr_selection_0_LmsEnrollment\" ON (\"public\".\"lms_courses\".\"id\" = \"aggr_selection_0_LmsEnrollment\".\"courseId\") WHERE (\"public\".\"lms_courses\".\"id\" = $1 AND 1=1) LIMIT $2 OFFSET $3","service":"preplyte-api","timestamp":"2026-02-05 12:13:40"}
{"level":"debug","message":"Params: [\"cml92k1k4000417d09rzlrf37\",1,0]","service":"preplyte-api","timestamp":"2026-02-05 12:13:40"}
{"level":"debug","message":"Duration: 3ms","service":"preplyte-api","timestamp":"2026-02-05 12:13:40"}
{"level":"debug","message":"Query: SELECT \"public\".\"lms_categories\".\"id\", \"public\".\"lms_categories\".\"name\", \"public\".\"lms_categories\".\"slug\", \"public\".\"lms_categories\".\"description\", \"public\".\"lms_categories\".\"iconUrl\", \"public\".\"lms_categories\".\"order\", \"public\".\"lms_categories\".\"isActive\", \"public\".\"lms_categories\".\"createdAt\", \"public\".\"lms_categories\".\"updatedAt\" FROM \"public\".\"lms_categories\" WHERE \"public\".\"lms_categories\".\"id\" IN ($1) OFFSET $2","service":"preplyte-api","timestamp":"2026-02-05 12:13:40"}
{"level":"debug","message":"Params: [\"cml92k1i3000017d0bq70mkrl\",0]","service":"preplyte-api","timestamp":"2026-02-05 12:13:40"}
{"level":"debug","message":"Duration: 0ms","service":"preplyte-api","timestamp":"2026-02-05 12:13:40"}
{"level":"debug","message":"Query: SELECT \"public\".\"lms_modules\".\"id\", \"public\".\"lms_modules\".\"courseId\", \"public\".\"lms_modules\".\"title\", \"public\".\"lms_modules\".\"shortDescription\", \"public\".\"lms_modules\".\"description\", \"public\".\"lms_modules\".\"order\", \"public\".\"lms_modules\".\"totalTopics\", \"public\".\"lms_modules\".\"points\", \"public\".\"lms_modules\".\"estimatedMinutes\", \"public\".\"lms_modules\".\"isActive\", \"public\".\"lms_modules\".\"createdAt\", \"public\".\"lms_modules\".\"updatedAt\" FROM \"public\".\"lms_modules\" WHERE \"public\".\"lms_modules\".\"courseId\" IN ($1) ORDER BY \"public\".\"lms_modules\".\"order\" ASC OFFSET $2","service":"preplyte-api","timestamp":"2026-02-05 12:13:40"}
{"level":"debug","message":"Params: [\"cml92k1k4000417d09rzlrf37\",0]","service":"preplyte-api","timestamp":"2026-02-05 12:13:40"}
{"level":"debug","message":"Duration: 2ms","service":"preplyte-api","timestamp":"2026-02-05 12:13:40"}
{"level":"debug","message":"Query: SELECT \"public\".\"lms_topics\".\"id\", \"public\".\"lms_topics\".\"moduleId\", \"public\".\"lms_topics\".\"title\", \"public\".\"lms_topics\".\"description\", \"public\".\"lms_topics\".\"order\", \"public\".\"lms_topics\".\"theoryContent\", \"public\".\"lms_topics\".\"videoUrl\", \"public\".\"lms_topics\".\"videoDuration\", \"public\".\"lms_topics\".\"estimatedMinutes\", \"public\".\"lms_topics\".\"resources\", \"public\".\"lms_topics\".\"isActive\", \"public\".\"lms_topics\".\"createdAt\", \"public\".\"lms_topics\".\"updatedAt\" FROM \"public\".\"lms_topics\" WHERE \"public\".\"lms_topics\".\"moduleId\" IN ($1,$2,$3,$4,$5) ORDER BY \"public\".\"lms_topics\".\"order\" ASC OFFSET $6","service":"preplyte-api","timestamp":"2026-02-05 12:13:40"}
{"level":"debug","message":"Params: [\"cml92k1ke000617d0l56w3n45\",\"cml92k1kj000817d0x6y6z5f7\",\"cml92k1kl000a17d0yp4e89wr\",\"cml92k1kn000c17d0ocn7frmc\",\"cml92k1kp000e17d03txb42ra\",0]","service":"preplyte-api","timestamp":"2026-02-05 12:13:41"}
{"level":"debug","message":"Duration: 12ms","service":"preplyte-api","timestamp":"2026-02-05 12:13:41"}
{"level":"info","message":"\u001b[0mGET /api/admin/lms/courses/cml92k1k4000417d09rzlrf37 \u001b[32m200\u001b[0m 60.276 ms - -\u001b[0m","service":"preplyte-api","timestamp":"2026-02-05 12:13:41"}
{"level":"debug","message":"Query: SELECT \"public\".\"lms_modules\".\"id\", \"public\".\"lms_modules\".\"courseId\", \"public\".\"lms_modules\".\"title\", \"public\".\"lms_modules\".\"shortDescription\", \"public\".\"lms_modules\".\"description\", \"public\".\"lms_modules\".\"order\", \"public\".\"lms_modules\".\"totalTopics\", \"public\".\"lms_modules\".\"points\", \"public\".\"lms_modules\".\"estimatedMinutes\", \"public\".\"lms_modules\".\"isActive\", \"public\".\"lms_modules\".\"createdAt\", \"public\".\"lms_modules\".\"updatedAt\" FROM \"public\".\"lms_modules\" WHERE \"public\".\"lms_modules\".\"courseId\" = $1 ORDER BY \"public\".\"lms_modules\".\"order\" ASC OFFSET $2","service":"preplyte-api","timestamp":"2026-02-05 12:13:41"}
{"level":"debug","message":"Params: [\"cml92k1k4000417d09rzlrf37\",0]","service":"preplyte-api","timestamp":"2026-02-05 12:13:41"}
{"level":"debug","message":"Duration: 10ms","service":"preplyte-api","timestamp":"2026-02-05 12:13:41"}
{"level":"info","message":"\u001b[0mGET /api/admin/lms/courses/cml92k1k4000417d09rzlrf37/modules?courseId=cml92k1k4000417d09rzlrf37 \u001b[32m200\u001b[0m 149.164 ms - -\u001b[0m","service":"preplyte-api","timestamp":"2026-02-05 12:13:41"}
{"level":"info","message":"\u001b[0mGET /api/admin/lms/courses/cml92k1k4000417d09rzlrf37 \u001b[33m401\u001b[0m 2.258 ms - 108\u001b[0m","service":"preplyte-api","timestamp":"2026-02-05 12:14:05"}
{"level":"info","message":"\u001b[0mGET /api/admin/lms/courses/cml92k1k4000417d09rzlrf37/modules?courseId=cml92k1k4000417d09rzlrf37 \u001b[33m401\u001b[0m 0.981 ms - 108\u001b[0m","service":"preplyte-api","timestamp":"2026-02-05 12:14:05"}
{"level":"debug","message":"Query: SELECT 1","service":"preplyte-api","timestamp":"2026-02-05 12:14:05"}
{"level":"debug","message":"Params: []","service":"preplyte-api","timestamp":"2026-02-05 12:14:05"}
{"level":"debug","message":"Duration: 0ms","service":"preplyte-api","timestamp":"2026-02-05 12:14:05"}
{"level":"debug","message":"Query: SELECT \"public\".\"refresh_tokens\".\"id\", \"public\".\"refresh_tokens\".\"token\", \"public\".\"refresh_tokens\".\"userId\", \"public\".\"refresh_tokens\".\"expiresAt\", \"public\".\"refresh_tokens\".\"revokedAt\", \"public\".\"refresh_tokens\".\"userAgent\", \"public\".\"refresh_tokens\".\"ipAddress\", \"public\".\"refresh_tokens\".\"createdAt\" FROM \"public\".\"refresh_tokens\" WHERE (\"public\".\"refresh_tokens\".\"token\" = $1 AND \"public\".\"refresh_tokens\".\"userId\" = $2) LIMIT $3 OFFSET $4","service":"preplyte-api","timestamp":"2026-02-05 12:14:05"}
{"level":"debug","message":"Params: [\"4a74ac347887cceb5cbb227e0108b79eb1c7ef745977de66effb81a3203740f6\",\"cml92r5r50001q3oopvkslp23\",1,0]","service":"preplyte-api","timestamp":"2026-02-05 12:14:05"}
{"level":"debug","message":"Duration: 6ms","service":"preplyte-api","timestamp":"2026-02-05 12:14:05"}
{"level":"debug","message":"Query: SELECT \"public\".\"users\".\"id\", \"public\".\"users\".\"email\", \"public\".\"users\".\"password\", \"public\".\"users\".\"name\", \"public\".\"users\".\"role\"::text, \"public\".\"users\".\"isActive\", \"public\".\"users\".\"instituteId\", \"public\".\"users\".\"createdAt\", \"public\".\"users\".\"updatedAt\", \"public\".\"users\".\"lastLoginAt\", \"public\".\"users\".\"tokenVersion\" FROM \"public\".\"users\" WHERE (\"public\".\"users\".\"id\" = $1 AND 1=1) LIMIT $2 OFFSET $3","service":"preplyte-api","timestamp":"2026-02-05 12:14:05"}
{"level":"debug","message":"Params: [\"cml92r5r50001q3oopvkslp23\",1,0]","service":"preplyte-api","timestamp":"2026-02-05 12:14:05"}
{"level":"debug","message":"Duration: 5ms","service":"preplyte-api","timestamp":"2026-02-05 12:14:05"}
{"level":"debug","message":"Query: BEGIN","service":"preplyte-api","timestamp":"2026-02-05 12:14:05"}
{"level":"debug","message":"Params: []","service":"preplyte-api","timestamp":"2026-02-05 12:14:05"}
{"level":"debug","message":"Duration: 0ms","service":"preplyte-api","timestamp":"2026-02-05 12:14:05"}
{"level":"debug","message":"Query: UPDATE \"public\".\"refresh_tokens\" SET \"revokedAt\" = $1 WHERE (\"public\".\"refresh_tokens\".\"id\" = $2 AND 1=1) RETURNING \"public\".\"refresh_tokens\".\"id\", \"public\".\"refresh_tokens\".\"token\", \"public\".\"refresh_tokens\".\"userId\", \"public\".\"refresh_tokens\".\"expiresAt\", \"public\".\"refresh_tokens\".\"revokedAt\", \"public\".\"refresh_tokens\".\"userAgent\", \"public\".\"refresh_tokens\".\"ipAddress\", \"public\".\"refresh_tokens\".\"createdAt\"","service":"preplyte-api","timestamp":"2026-02-05 12:14:05"}
{"level":"debug","message":"Params: [\"2026-02-05 06:44:05.469 UTC\",\"cml92srn90005q3oo6dqx9lbe\"]","service":"preplyte-api","timestamp":"2026-02-05 12:14:05"}
{"level":"debug","message":"Duration: 1ms","service":"preplyte-api","timestamp":"2026-02-05 12:14:05"}
{"level":"debug","message":"Query: INSERT INTO \"public\".\"refresh_tokens\" (\"id\",\"token\",\"userId\",\"expiresAt\",\"createdAt\") VALUES ($1,$2,$3,$4,$5) RETURNING \"public\".\"refresh_tokens\".\"id\", \"public\".\"refresh_tokens\".\"token\", \"public\".\"refresh_tokens\".\"userId\", \"public\".\"refresh_tokens\".\"expiresAt\", \"public\".\"refresh_tokens\".\"revokedAt\", \"public\".\"refresh_tokens\".\"userAgent\", \"public\".\"refresh_tokens\".\"ipAddress\", \"public\".\"refresh_tokens\".\"createdAt\"","service":"preplyte-api","timestamp":"2026-02-05 12:14:05"}
{"level":"debug","message":"Params: [\"cml93c99f0003h2p0seoychgh\",\"2f201ae66352839d6b4477f7ee62d8c01da89f785b29533af30e7aae7498e268\",\"cml92r5r50001q3oopvkslp23\",\"2026-02-12 06:44:05.469 UTC\",\"2026-02-05 06:44:05.474 UTC\"]","service":"preplyte-api","timestamp":"2026-02-05 12:14:05"}
{"level":"debug","message":"Duration: 1ms","service":"preplyte-api","timestamp":"2026-02-05 12:14:05"}
{"level":"debug","message":"Query: COMMIT","service":"preplyte-api","timestamp":"2026-02-05 12:14:05"}
{"level":"debug","message":"Params: []","service":"preplyte-api","timestamp":"2026-02-05 12:14:05"}
{"level":"debug","message":"Duration: 1ms","service":"preplyte-api","timestamp":"2026-02-05 12:14:05"}
{"level":"info","message":"Token refreshed successfully","service":"preplyte-api","timestamp":"2026-02-05 12:14:05","userId":"cml92r5r50001q3oopvkslp23"}
{"level":"info","message":"\u001b[0mPOST /api/auth/refresh \u001b[32m200\u001b[0m 37.077 ms - 946\u001b[0m","service":"preplyte-api","timestamp":"2026-02-05 12:14:05"}
{"level":"debug","message":"Query: SELECT \"public\".\"users\".\"id\", \"public\".\"users\".\"email\", \"public\".\"users\".\"role\"::text, \"public\".\"users\".\"instituteId\", \"public\".\"users\".\"isActive\", \"public\".\"users\".\"tokenVersion\" FROM \"public\".\"users\" WHERE (\"public\".\"users\".\"id\" = $1 AND 1=1) LIMIT $2 OFFSET $3","service":"preplyte-api","timestamp":"2026-02-05 12:14:05"}
{"level":"debug","message":"Params: [\"cml92r5r50001q3oopvkslp23\",1,0]","service":"preplyte-api","timestamp":"2026-02-05 12:14:05"}
{"level":"debug","message":"Duration: 1ms","service":"preplyte-api","timestamp":"2026-02-05 12:14:05"}
{"level":"debug","message":"Query: SELECT \"public\".\"lms_modules\".\"id\", \"public\".\"lms_modules\".\"courseId\", \"public\".\"lms_modules\".\"title\", \"public\".\"lms_modules\".\"shortDescription\", \"public\".\"lms_modules\".\"description\", \"public\".\"lms_modules\".\"order\", \"public\".\"lms_modules\".\"totalTopics\", \"public\".\"lms_modules\".\"points\", \"public\".\"lms_modules\".\"estimatedMinutes\", \"public\".\"lms_modules\".\"isActive\", \"public\".\"lms_modules\".\"createdAt\", \"public\".\"lms_modules\".\"updatedAt\" FROM \"public\".\"lms_modules\" WHERE \"public\".\"lms_modules\".\"courseId\" = $1 ORDER BY \"public\".\"lms_modules\".\"order\" ASC OFFSET $2","service":"preplyte-api","timestamp":"2026-02-05 12:14:05"}
{"level":"debug","message":"Params: [\"cml92k1k4000417d09rzlrf37\",0]","service":"preplyte-api","timestamp":"2026-02-05 12:14:05"}
{"level":"debug","message":"Duration: 0ms","service":"preplyte-api","timestamp":"2026-02-05 12:14:05"}
{"level":"info","message":"\u001b[0mGET /api/admin/lms/courses/cml92k1k4000417d09rzlrf37/modules?courseId=cml92k1k4000417d09rzlrf37 \u001b[36m304\u001b[0m 9.729 ms - -\u001b[0m","service":"preplyte-api","timestamp":"2026-02-05 12:14:05"}
{"level":"debug","message":"Query: SELECT \"public\".\"users\".\"id\", \"public\".\"users\".\"email\", \"public\".\"users\".\"role\"::text, \"public\".\"users\".\"instituteId\", \"public\".\"users\".\"isActive\", \"public\".\"users\".\"tokenVersion\" FROM \"public\".\"users\" WHERE (\"public\".\"users\".\"id\" = $1 AND 1=1) LIMIT $2 OFFSET $3","service":"preplyte-api","timestamp":"2026-02-05 12:14:05"}
{"level":"debug","message":"Params: [\"cml92r5r50001q3oopvkslp23\",1,0]","service":"preplyte-api","timestamp":"2026-02-05 12:14:05"}
{"level":"debug","message":"Duration: 0ms","service":"preplyte-api","timestamp":"2026-02-05 12:14:05"}
{"level":"debug","message":"Query: SELECT \"public\".\"lms_courses\".\"id\", \"public\".\"lms_courses\".\"categoryId\", \"public\".\"lms_courses\".\"title\", \"public\".\"lms_courses\".\"slug\", \"public\".\"lms_courses\".\"shortDescription\", \"public\".\"lms_courses\".\"description\", \"public\".\"lms_courses\".\"thumbnailUrl\", \"public\".\"lms_courses\".\"previewVideoUrl\", \"public\".\"lms_courses\".\"totalModules\", \"public\".\"lms_courses\".\"totalTopics\", \"public\".\"lms_courses\".\"totalPoints\", \"public\".\"lms_courses\".\"totalHours\", \"public\".\"lms_courses\".\"price\", \"public\".\"lms_courses\".\"discountPrice\", \"public\".\"lms_courses\".\"currency\", \"public\".\"lms_courses\".\"status\"::text, \"public\".\"lms_courses\".\"isActive\", \"public\".\"lms_courses\".\"certificateEnabled\", \"public\".\"lms_courses\".\"passingPercentage\", \"public\".\"lms_courses\".\"tags\", \"public\".\"lms_courses\".\"difficulty\"::text, \"public\".\"lms_courses\".\"instructor\", \"public\".\"lms_courses\".\"language\", \"public\".\"lms_courses\".\"createdAt\", \"public\".\"lms_courses\".\"updatedAt\", \"public\".\"lms_courses\".\"publishedAt\", COALESCE(\"aggr_selection_0_LmsEnrollment\".\"_aggr_count_enrollments\", 0) AS \"_aggr_count_enrollments\" FROM \"public\".\"lms_courses\" LEFT JOIN (SELECT \"public\".\"lms_enrollments\".\"courseId\", COUNT(*) AS \"_aggr_count_enrollments\" FROM \"public\".\"lms_enrollments\" WHERE 1=1 GROUP BY \"public\".\"lms_enrollments\".\"courseId\") AS \"aggr_selection_0_LmsEnrollment\" ON (\"public\".\"lms_courses\".\"id\" = \"aggr_selection_0_LmsEnrollment\".\"courseId\") WHERE (\"public\".\"lms_courses\".\"id\" = $1 AND 1=1) LIMIT $2 OFFSET $3","service":"preplyte-api","timestamp":"2026-02-05 12:14:05"}
{"level":"debug","message":"Params: [\"cml92k1k4000417d09rzlrf37\",1,0]","service":"preplyte-api","timestamp":"2026-02-05 12:14:05"}
{"level":"debug","message":"Duration: 13ms","service":"preplyte-api","timestamp":"2026-02-05 12:14:05"}
{"level":"debug","message":"Query: SELECT \"public\".\"lms_categories\".\"id\", \"public\".\"lms_categories\".\"name\", \"public\".\"lms_categories\".\"slug\", \"public\".\"lms_categories\".\"description\", \"public\".\"lms_categories\".\"iconUrl\", \"public\".\"lms_categories\".\"order\", \"public\".\"lms_categories\".\"isActive\", \"public\".\"lms_categories\".\"createdAt\", \"public\".\"lms_categories\".\"updatedAt\" FROM \"public\".\"lms_categories\" WHERE \"public\".\"lms_categories\".\"id\" IN ($1) OFFSET $2","service":"preplyte-api","timestamp":"2026-02-05 12:14:05"}
{"level":"debug","message":"Params: [\"cml92k1i3000017d0bq70mkrl\",0]","service":"preplyte-api","timestamp":"2026-02-05 12:14:05"}
{"level":"debug","message":"Duration: 6ms","service":"preplyte-api","timestamp":"2026-02-05 12:14:05"}
{"level":"debug","message":"Query: SELECT \"public\".\"lms_modules\".\"id\", \"public\".\"lms_modules\".\"courseId\", \"public\".\"lms_modules\".\"title\", \"public\".\"lms_modules\".\"shortDescription\", \"public\".\"lms_modules\".\"description\", \"public\".\"lms_modules\".\"order\", \"public\".\"lms_modules\".\"totalTopics\", \"public\".\"lms_modules\".\"points\", \"public\".\"lms_modules\".\"estimatedMinutes\", \"public\".\"lms_modules\".\"isActive\", \"public\".\"lms_modules\".\"createdAt\", \"public\".\"lms_modules\".\"updatedAt\" FROM \"public\".\"lms_modules\" WHERE \"public\".\"lms_modules\".\"courseId\" IN ($1) ORDER BY \"public\".\"lms_modules\".\"order\" ASC OFFSET $2","service":"preplyte-api","timestamp":"2026-02-05 12:14:05"}
{"level":"debug","message":"Params: [\"cml92k1k4000417d09rzlrf37\",0]","service":"preplyte-api","timestamp":"2026-02-05 12:14:05"}
{"level":"debug","message":"Duration: 0ms","service":"preplyte-api","timestamp":"2026-02-05 12:14:05"}
{"level":"debug","message":"Query: SELECT \"public\".\"lms_topics\".\"id\", \"public\".\"lms_topics\".\"moduleId\", \"public\".\"lms_topics\".\"title\", \"public\".\"lms_topics\".\"description\", \"public\".\"lms_topics\".\"order\", \"public\".\"lms_topics\".\"theoryContent\", \"public\".\"lms_topics\".\"videoUrl\", \"public\".\"lms_topics\".\"videoDuration\", \"public\".\"lms_topics\".\"estimatedMinutes\", \"public\".\"lms_topics\".\"resources\", \"public\".\"lms_topics\".\"isActive\", \"public\".\"lms_topics\".\"createdAt\", \"public\".\"lms_topics\".\"updatedAt\" FROM \"public\".\"lms_topics\" WHERE \"public\".\"lms_topics\".\"moduleId\" IN ($1,$2,$3,$4,$5) ORDER BY \"public\".\"lms_topics\".\"order\" ASC OFFSET $6","service":"preplyte-api","timestamp":"2026-02-05 12:14:05"}
{"level":"debug","message":"Params: [\"cml92k1ke000617d0l56w3n45\",\"cml92k1kj000817d0x6y6z5f7\",\"cml92k1kl000a17d0yp4e89wr\",\"cml92k1kn000c17d0ocn7frmc\",\"cml92k1kp000e17d03txb42ra\",0]","service":"preplyte-api","timestamp":"2026-02-05 12:14:05"}
{"level":"debug","message":"Duration: 5ms","service":"preplyte-api","timestamp":"2026-02-05 12:14:05"}
{"level":"info","message":"\u001b[0mGET /api/admin/lms/courses/cml92k1k4000417d09rzlrf37 \u001b[36m304\u001b[0m 36.002 ms - -\u001b[0m","service":"preplyte-api","timestamp":"2026-02-05 12:14:05"}
{"level":"debug","message":"Query: SELECT \"public\".\"users\".\"id\", \"public\".\"users\".\"email\", \"public\".\"users\".\"role\"::text, \"public\".\"users\".\"instituteId\", \"public\".\"users\".\"isActive\", \"public\".\"users\".\"tokenVersion\" FROM \"public\".\"users\" WHERE (\"public\".\"users\".\"id\" = $1 AND 1=1) LIMIT $2 OFFSET $3","service":"preplyte-api","timestamp":"2026-02-05 12:14:15"}
{"level":"debug","message":"Params: [\"cml92r5r50001q3oopvkslp23\",1,0]","service":"preplyte-api","timestamp":"2026-02-05 12:14:15"}
{"level":"debug","message":"Duration: 1ms","service":"preplyte-api","timestamp":"2026-02-05 12:14:15"}
{"level":"debug","message":"Query: SELECT \"public\".\"lms_courses\".\"id\", \"public\".\"lms_courses\".\"categoryId\", \"public\".\"lms_courses\".\"title\", \"public\".\"lms_courses\".\"slug\", \"public\".\"lms_courses\".\"shortDescription\", \"public\".\"lms_courses\".\"description\", \"public\".\"lms_courses\".\"thumbnailUrl\", \"public\".\"lms_courses\".\"previewVideoUrl\", \"public\".\"lms_courses\".\"totalModules\", \"public\".\"lms_courses\".\"totalTopics\", \"public\".\"lms_courses\".\"totalPoints\", \"public\".\"lms_courses\".\"totalHours\", \"public\".\"lms_courses\".\"price\", \"public\".\"lms_courses\".\"discountPrice\", \"public\".\"lms_courses\".\"currency\", \"public\".\"lms_courses\".\"status\"::text, \"public\".\"lms_courses\".\"isActive\", \"public\".\"lms_courses\".\"certificateEnabled\", \"public\".\"lms_courses\".\"passingPercentage\", \"public\".\"lms_courses\".\"tags\", \"public\".\"lms_courses\".\"difficulty\"::text, \"public\".\"lms_courses\".\"instructor\", \"public\".\"lms_courses\".\"language\", \"public\".\"lms_courses\".\"createdAt\", \"public\".\"lms_courses\".\"updatedAt\", \"public\".\"lms_courses\".\"publishedAt\", COALESCE(\"aggr_selection_0_LmsModule\".\"_aggr_count_modules\", 0) AS \"_aggr_count_modules\", COALESCE(\"aggr_selection_1_LmsEnrollment\".\"_aggr_count_enrollments\", 0) AS \"_aggr_count_enrollments\" FROM \"public\".\"lms_courses\" LEFT JOIN (SELECT \"public\".\"lms_modules\".\"courseId\", COUNT(*) AS \"_aggr_count_modules\" FROM \"public\".\"lms_modules\" WHERE 1=1 GROUP BY \"public\".\"lms_modules\".\"courseId\") AS \"aggr_selection_0_LmsModule\" ON (\"public\".\"lms_courses\".\"id\" = \"aggr_selection_0_LmsModule\".\"courseId\") LEFT JOIN (SELECT \"public\".\"lms_enrollments\".\"courseId\", COUNT(*) AS \"_aggr_count_enrollments\" FROM \"public\".\"lms_enrollments\" WHERE 1=1 GROUP BY \"public\".\"lms_enrollments\".\"courseId\") AS \"aggr_selection_1_LmsEnrollment\" ON (\"public\".\"lms_courses\".\"id\" = \"aggr_selection_1_LmsEnrollment\".\"courseId\") WHERE 1=1 ORDER BY \"public\".\"lms_courses\".\"createdAt\" DESC OFFSET $1","service":"preplyte-api","timestamp":"2026-02-05 12:14:15"}
{"level":"debug","message":"Params: [0]","service":"preplyte-api","timestamp":"2026-02-05 12:14:15"}
{"level":"debug","message":"Duration: 6ms","service":"preplyte-api","timestamp":"2026-02-05 12:14:15"}
{"level":"debug","message":"Query: SELECT \"public\".\"lms_categories\".\"id\", \"public\".\"lms_categories\".\"name\", \"public\".\"lms_categories\".\"slug\", \"public\".\"lms_categories\".\"description\", \"public\".\"lms_categories\".\"iconUrl\", \"public\".\"lms_categories\".\"order\", \"public\".\"lms_categories\".\"isActive\", \"public\".\"lms_categories\".\"createdAt\", \"public\".\"lms_categories\".\"updatedAt\" FROM \"public\".\"lms_categories\" WHERE \"public\".\"lms_categories\".\"id\" IN ($1) OFFSET $2","service":"preplyte-api","timestamp":"2026-02-05 12:14:15"}
{"level":"debug","message":"Params: [\"cml92k1i3000017d0bq70mkrl\",0]","service":"preplyte-api","timestamp":"2026-02-05 12:14:15"}
{"level":"debug","message":"Duration: 1ms","service":"preplyte-api","timestamp":"2026-02-05 12:14:15"}
{"level":"info","message":"\u001b[0mGET /api/admin/lms/courses?page=1&limit=10&search= \u001b[36m304\u001b[0m 25.148 ms - -\u001b[0m","service":"preplyte-api","timestamp":"2026-02-05 12:14:15"}
{"level":"debug","message":"Query: SELECT 1","service":"preplyte-api","timestamp":"2026-02-05 12:14:23"}
{"level":"debug","message":"Params: []","service":"preplyte-api","timestamp":"2026-02-05 12:14:23"}
{"level":"debug","message":"Duration: 0ms","service":"preplyte-api","timestamp":"2026-02-05 12:14:23"}
{"level":"debug","message":"Query: SELECT \"public\".\"users\".\"id\", \"public\".\"users\".\"email\", \"public\".\"users\".\"role\"::text, \"public\".\"users\".\"instituteId\", \"public\".\"users\".\"isActive\", \"public\".\"users\".\"tokenVersion\" FROM \"public\".\"users\" WHERE (\"public\".\"users\".\"id\" = $1 AND 1=1) LIMIT $2 OFFSET $3","service":"preplyte-api","timestamp":"2026-02-05 12:14:23"}
{"level":"debug","message":"Params: [\"cml92r5r50001q3oopvkslp23\",1,0]","service":"preplyte-api","timestamp":"2026-02-05 12:14:23"}
{"level":"debug","message":"Duration: 0ms","service":"preplyte-api","timestamp":"2026-02-05 12:14:23"}
{"level":"debug","message":"Query: SELECT \"public\".\"lms_courses\".\"id\", \"public\".\"lms_courses\".\"categoryId\", \"public\".\"lms_courses\".\"title\", \"public\".\"lms_courses\".\"slug\", \"public\".\"lms_courses\".\"shortDescription\", \"public\".\"lms_courses\".\"description\", \"public\".\"lms_courses\".\"thumbnailUrl\", \"public\".\"lms_courses\".\"previewVideoUrl\", \"public\".\"lms_courses\".\"totalModules\", \"public\".\"lms_courses\".\"totalTopics\", \"public\".\"lms_courses\".\"totalPoints\", \"public\".\"lms_courses\".\"totalHours\", \"public\".\"lms_courses\".\"price\", \"public\".\"lms_courses\".\"discountPrice\", \"public\".\"lms_courses\".\"currency\", \"public\".\"lms_courses\".\"status\"::text, \"public\".\"lms_courses\".\"isActive\", \"public\".\"lms_courses\".\"certificateEnabled\", \"public\".\"lms_courses\".\"passingPercentage\", \"public\".\"lms_courses\".\"tags\", \"public\".\"lms_courses\".\"difficulty\"::text, \"public\".\"lms_courses\".\"instructor\", \"public\".\"lms_courses\".\"language\", \"public\".\"lms_courses\".\"createdAt\", \"public\".\"lms_courses\".\"updatedAt\", \"public\".\"lms_courses\".\"publishedAt\", COALESCE(\"aggr_selection_0_LmsEnrollment\".\"_aggr_count_enrollments\", 0) AS \"_aggr_count_enrollments\" FROM \"public\".\"lms_courses\" LEFT JOIN (SELECT \"public\".\"lms_enrollments\".\"courseId\", COUNT(*) AS \"_aggr_count_enrollments\" FROM \"public\".\"lms_enrollments\" WHERE 1=1 GROUP BY \"public\".\"lms_enrollments\".\"courseId\") AS \"aggr_selection_0_LmsEnrollment\" ON (\"public\".\"lms_courses\".\"id\" = \"aggr_selection_0_LmsEnrollment\".\"courseId\") WHERE (\"public\".\"lms_courses\".\"id\" = $1 AND 1=1) LIMIT $2 OFFSET $3","service":"preplyte-api","timestamp":"2026-02-05 12:14:23"}
{"level":"debug","message":"Params: [\"cml93bbti0001h2p0y0h24vng\",1,0]","service":"preplyte-api","timestamp":"2026-02-05 12:14:23"}
{"level":"debug","message":"Duration: 2ms","service":"preplyte-api","timestamp":"2026-02-05 12:14:23"}
{"level":"debug","message":"Query: SELECT \"public\".\"lms_categories\".\"id\", \"public\".\"lms_categories\".\"name\", \"public\".\"lms_categories\".\"slug\", \"public\".\"lms_categories\".\"description\", \"public\".\"lms_categories\".\"iconUrl\", \"public\".\"lms_categories\".\"order\", \"public\".\"lms_categories\".\"isActive\", \"public\".\"lms_categories\".\"createdAt\", \"public\".\"lms_categories\".\"updatedAt\" FROM \"public\".\"lms_categories\" WHERE \"public\".\"lms_categories\".\"id\" IN ($1) OFFSET $2","service":"preplyte-api","timestamp":"2026-02-05 12:14:23"}
{"level":"debug","message":"Params: [\"cml92k1i3000017d0bq70mkrl\",0]","service":"preplyte-api","timestamp":"2026-02-05 12:14:23"}
{"level":"debug","message":"Duration: 0ms","service":"preplyte-api","timestamp":"2026-02-05 12:14:23"}
{"level":"debug","message":"Query: SELECT \"public\".\"lms_modules\".\"id\", \"public\".\"lms_modules\".\"courseId\", \"public\".\"lms_modules\".\"title\", \"public\".\"lms_modules\".\"shortDescription\", \"public\".\"lms_modules\".\"description\", \"public\".\"lms_modules\".\"order\", \"public\".\"lms_modules\".\"totalTopics\", \"public\".\"lms_modules\".\"points\", \"public\".\"lms_modules\".\"estimatedMinutes\", \"public\".\"lms_modules\".\"isActive\", \"public\".\"lms_modules\".\"createdAt\", \"public\".\"lms_modules\".\"updatedAt\" FROM \"public\".\"lms_modules\" WHERE \"public\".\"lms_modules\".\"courseId\" IN ($1) ORDER BY \"public\".\"lms_modules\".\"order\" ASC OFFSET $2","service":"preplyte-api","timestamp":"2026-02-05 12:14:23"}
{"level":"debug","message":"Params: [\"cml93bbti0001h2p0y0h24vng\",0]","service":"preplyte-api","timestamp":"2026-02-05 12:14:23"}
{"level":"debug","message":"Duration: 0ms","service":"preplyte-api","timestamp":"2026-02-05 12:14:23"}
{"level":"info","message":"\u001b[0mGET /api/admin/lms/courses/cml93bbti0001h2p0y0h24vng \u001b[32m200\u001b[0m 24.315 ms - -\u001b[0m","service":"preplyte-api","timestamp":"2026-02-05 12:14:23"}
{"level":"debug","message":"Query: SELECT \"public\".\"users\".\"id\", \"public\".\"users\".\"email\", \"public\".\"users\".\"role\"::text, \"public\".\"users\".\"instituteId\", \"public\".\"users\".\"isActive\", \"public\".\"users\".\"tokenVersion\" FROM \"public\".\"users\" WHERE (\"public\".\"users\".\"id\" = $1 AND 1=1) LIMIT $2 OFFSET $3","service":"preplyte-api","timestamp":"2026-02-05 12:14:23"}
{"level":"debug","message":"Params: [\"cml92r5r50001q3oopvkslp23\",1,0]","service":"preplyte-api","timestamp":"2026-02-05 12:14:23"}
{"level":"debug","message":"Duration: 0ms","service":"preplyte-api","timestamp":"2026-02-05 12:14:23"}
{"level":"debug","message":"Query: SELECT \"public\".\"lms_categories\".\"id\", \"public\".\"lms_categories\".\"name\", \"public\".\"lms_categories\".\"slug\", \"public\".\"lms_categories\".\"description\", \"public\".\"lms_categories\".\"iconUrl\", \"public\".\"lms_categories\".\"order\", \"public\".\"lms_categories\".\"isActive\", \"public\".\"lms_categories\".\"createdAt\", \"public\".\"lms_categories\".\"updatedAt\", COALESCE(\"aggr_selection_0_LmsCourse\".\"_aggr_count_courses\", 0) AS \"_aggr_count_courses\" FROM \"public\".\"lms_categories\" LEFT JOIN (SELECT \"public\".\"lms_courses\".\"categoryId\", COUNT(*) AS \"_aggr_count_courses\" FROM \"public\".\"lms_courses\" WHERE 1=1 GROUP BY \"public\".\"lms_courses\".\"categoryId\") AS \"aggr_selection_0_LmsCourse\" ON (\"public\".\"lms_categories\".\"id\" = \"aggr_selection_0_LmsCourse\".\"categoryId\") WHERE 1=1 ORDER BY \"public\".\"lms_categories\".\"order\" ASC OFFSET $1","service":"preplyte-api","timestamp":"2026-02-05 12:14:23"}
{"level":"debug","message":"Params: [0]","service":"preplyte-api","timestamp":"2026-02-05 12:14:23"}
{"level":"debug","message":"Duration: 2ms","service":"preplyte-api","timestamp":"2026-02-05 12:14:23"}
{"level":"info","message":"\u001b[0mGET /api/admin/lms/categories \u001b[32m200\u001b[0m 18.292 ms - 860\u001b[0m","service":"preplyte-api","timestamp":"2026-02-05 12:14:23"}
{"level":"debug","message":"Query: SELECT 1","service":"preplyte-api","timestamp":"2026-02-05 12:14:55"}
{"level":"debug","message":"Params: []","service":"preplyte-api","timestamp":"2026-02-05 12:14:55"}
{"level":"debug","message":"Duration: 0ms","service":"preplyte-api","timestamp":"2026-02-05 12:14:55"}
{"level":"debug","message":"Query: SELECT \"public\".\"users\".\"id\", \"public\".\"users\".\"email\", \"public\".\"users\".\"role\"::text, \"public\".\"users\".\"instituteId\", \"public\".\"users\".\"isActive\", \"public\".\"users\".\"tokenVersion\" FROM \"public\".\"users\" WHERE (\"public\".\"users\".\"id\" = $1 AND 1=1) LIMIT $2 OFFSET $3","service":"preplyte-api","timestamp":"2026-02-05 12:14:55"}
{"level":"debug","message":"Params: [\"cml92r5r50001q3oopvkslp23\",1,0]","service":"preplyte-api","timestamp":"2026-02-05 12:14:55"}
{"level":"debug","message":"Duration: 0ms","service":"preplyte-api","timestamp":"2026-02-05 12:14:55"}
{"level":"debug","message":"Query: SELECT \"public\".\"lms_modules\".\"id\", \"public\".\"lms_modules\".\"courseId\", \"public\".\"lms_modules\".\"title\", \"public\".\"lms_modules\".\"shortDescription\", \"public\".\"lms_modules\".\"description\", \"public\".\"lms_modules\".\"order\", \"public\".\"lms_modules\".\"totalTopics\", \"public\".\"lms_modules\".\"points\", \"public\".\"lms_modules\".\"estimatedMinutes\", \"public\".\"lms_modules\".\"isActive\", \"public\".\"lms_modules\".\"createdAt\", \"public\".\"lms_modules\".\"updatedAt\" FROM \"public\".\"lms_modules\" WHERE (\"public\".\"lms_modules\".\"id\" = $1 AND 1=1) LIMIT $2 OFFSET $3","service":"preplyte-api","timestamp":"2026-02-05 12:14:55"}
{"level":"debug","message":"Params: [\"cml92k1ke000617d0l56w3n45\",1,0]","service":"preplyte-api","timestamp":"2026-02-05 12:14:55"}
{"level":"debug","message":"Duration: 4ms","service":"preplyte-api","timestamp":"2026-02-05 12:14:55"}
{"level":"debug","message":"Query: SELECT \"public\".\"lms_topics\".\"id\", \"public\".\"lms_topics\".\"moduleId\", \"public\".\"lms_topics\".\"title\", \"public\".\"lms_topics\".\"description\", \"public\".\"lms_topics\".\"order\", \"public\".\"lms_topics\".\"theoryContent\", \"public\".\"lms_topics\".\"videoUrl\", \"public\".\"lms_topics\".\"videoDuration\", \"public\".\"lms_topics\".\"estimatedMinutes\", \"public\".\"lms_topics\".\"resources\", \"public\".\"lms_topics\".\"isActive\", \"public\".\"lms_topics\".\"createdAt\", \"public\".\"lms_topics\".\"updatedAt\" FROM \"public\".\"lms_topics\" WHERE \"public\".\"lms_topics\".\"moduleId\" IN ($1) ORDER BY \"public\".\"lms_topics\".\"order\" ASC OFFSET $2","service":"preplyte-api","timestamp":"2026-02-05 12:14:55"}
{"level":"debug","message":"Params: [\"cml92k1ke000617d0l56w3n45\",0]","service":"preplyte-api","timestamp":"2026-02-05 12:14:55"}
{"level":"debug","message":"Duration: 1ms","service":"preplyte-api","timestamp":"2026-02-05 12:14:55"}
{"level":"info","message":"\u001b[0mGET /api/admin/lms/modules/cml92k1ke000617d0l56w3n45 \u001b[32m200\u001b[0m 22.402 ms - -\u001b[0m","service":"preplyte-api","timestamp":"2026-02-05 12:14:55"}
{"level":"debug","message":"Query: SELECT \"public\".\"users\".\"id\", \"public\".\"users\".\"email\", \"public\".\"users\".\"role\"::text, \"public\".\"users\".\"instituteId\", \"public\".\"users\".\"isActive\", \"public\".\"users\".\"tokenVersion\" FROM \"public\".\"users\" WHERE (\"public\".\"users\".\"id\" = $1 AND 1=1) LIMIT $2 OFFSET $3","service":"preplyte-api","timestamp":"2026-02-05 12:15:09"}
{"level":"debug","message":"Params: [\"cml92r5r50001q3oopvkslp23\",1,0]","service":"preplyte-api","timestamp":"2026-02-05 12:15:09"}
{"level":"debug","message":"Duration: 0ms","service":"preplyte-api","timestamp":"2026-02-05 12:15:09"}
{"level":"debug","message":"Query: SELECT \"public\".\"lms_courses\".\"id\", \"public\".\"lms_courses\".\"categoryId\", \"public\".\"lms_courses\".\"title\", \"public\".\"lms_courses\".\"slug\", \"public\".\"lms_courses\".\"shortDescription\", \"public\".\"lms_courses\".\"description\", \"public\".\"lms_courses\".\"thumbnailUrl\", \"public\".\"lms_courses\".\"previewVideoUrl\", \"public\".\"lms_courses\".\"totalModules\", \"public\".\"lms_courses\".\"totalTopics\", \"public\".\"lms_courses\".\"totalPoints\", \"public\".\"lms_courses\".\"totalHours\", \"public\".\"lms_courses\".\"price\", \"public\".\"lms_courses\".\"discountPrice\", \"public\".\"lms_courses\".\"currency\", \"public\".\"lms_courses\".\"status\"::text, \"public\".\"lms_courses\".\"isActive\", \"public\".\"lms_courses\".\"certificateEnabled\", \"public\".\"lms_courses\".\"passingPercentage\", \"public\".\"lms_courses\".\"tags\", \"public\".\"lms_courses\".\"difficulty\"::text, \"public\".\"lms_courses\".\"instructor\", \"public\".\"lms_courses\".\"language\", \"public\".\"lms_courses\".\"createdAt\", \"public\".\"lms_courses\".\"updatedAt\", \"public\".\"lms_courses\".\"publishedAt\", COALESCE(\"aggr_selection_0_LmsEnrollment\".\"_aggr_count_enrollments\", 0) AS \"_aggr_count_enrollments\" FROM \"public\".\"lms_courses\" LEFT JOIN (SELECT \"public\".\"lms_enrollments\".\"courseId\", COUNT(*) AS \"_aggr_count_enrollments\" FROM \"public\".\"lms_enrollments\" WHERE 1=1 GROUP BY \"public\".\"lms_enrollments\".\"courseId\") AS \"aggr_selection_0_LmsEnrollment\" ON (\"public\".\"lms_courses\".\"id\" = \"aggr_selection_0_LmsEnrollment\".\"courseId\") WHERE (\"public\".\"lms_courses\".\"id\" = $1 AND 1=1) LIMIT $2 OFFSET $3","service":"preplyte-api","timestamp":"2026-02-05 12:15:09"}
{"level":"debug","message":"Params: [\"cml92k1k4000417d09rzlrf37\",1,0]","service":"preplyte-api","timestamp":"2026-02-05 12:15:09"}
{"level":"debug","message":"Duration: 1ms","service":"preplyte-api","timestamp":"2026-02-05 12:15:09"}
{"level":"debug","message":"Query: SELECT \"public\".\"lms_categories\".\"id\", \"public\".\"lms_categories\".\"name\", \"public\".\"lms_categories\".\"slug\", \"public\".\"lms_categories\".\"description\", \"public\".\"lms_categories\".\"iconUrl\", \"public\".\"lms_categories\".\"order\", \"public\".\"lms_categories\".\"isActive\", \"public\".\"lms_categories\".\"createdAt\", \"public\".\"lms_categories\".\"updatedAt\" FROM \"public\".\"lms_categories\" WHERE \"public\".\"lms_categories\".\"id\" IN ($1) OFFSET $2","service":"preplyte-api","timestamp":"2026-02-05 12:15:09"}
{"level":"debug","message":"Params: [\"cml92k1i3000017d0bq70mkrl\",0]","service":"preplyte-api","timestamp":"2026-02-05 12:15:09"}
{"level":"debug","message":"Duration: 0ms","service":"preplyte-api","timestamp":"2026-02-05 12:15:09"}
{"level":"debug","message":"Query: SELECT \"public\".\"lms_modules\".\"id\", \"public\".\"lms_modules\".\"courseId\", \"public\".\"lms_modules\".\"title\", \"public\".\"lms_modules\".\"shortDescription\", \"public\".\"lms_modules\".\"description\", \"public\".\"lms_modules\".\"order\", \"public\".\"lms_modules\".\"totalTopics\", \"public\".\"lms_modules\".\"points\", \"public\".\"lms_modules\".\"estimatedMinutes\", \"public\".\"lms_modules\".\"isActive\", \"public\".\"lms_modules\".\"createdAt\", \"public\".\"lms_modules\".\"updatedAt\" FROM \"public\".\"lms_modules\" WHERE \"public\".\"lms_modules\".\"courseId\" IN ($1) ORDER BY \"public\".\"lms_modules\".\"order\" ASC OFFSET $2","service":"preplyte-api","timestamp":"2026-02-05 12:15:09"}
{"level":"debug","message":"Params: [\"cml92k1k4000417d09rzlrf37\",0]","service":"preplyte-api","timestamp":"2026-02-05 12:15:09"}
{"level":"debug","message":"Duration: 0ms","service":"preplyte-api","timestamp":"2026-02-05 12:15:09"}
{"level":"debug","message":"Query: SELECT \"public\".\"lms_topics\".\"id\", \"public\".\"lms_topics\".\"moduleId\", \"public\".\"lms_topics\".\"title\", \"public\".\"lms_topics\".\"description\", \"public\".\"lms_topics\".\"order\", \"public\".\"lms_topics\".\"theoryContent\", \"public\".\"lms_topics\".\"videoUrl\", \"public\".\"lms_topics\".\"videoDuration\", \"public\".\"lms_topics\".\"estimatedMinutes\", \"public\".\"lms_topics\".\"resources\", \"public\".\"lms_topics\".\"isActive\", \"public\".\"lms_topics\".\"createdAt\", \"public\".\"lms_topics\".\"updatedAt\" FROM \"public\".\"lms_topics\" WHERE \"public\".\"lms_topics\".\"moduleId\" IN ($1,$2,$3,$4,$5) ORDER BY \"public\".\"lms_topics\".\"order\" ASC OFFSET $6","service":"preplyte-api","timestamp":"2026-02-05 12:15:09"}
{"level":"debug","message":"Params: [\"cml92k1ke000617d0l56w3n45\",\"cml92k1kj000817d0x6y6z5f7\",\"cml92k1kl000a17d0yp4e89wr\",\"cml92k1kn000c17d0ocn7frmc\",\"cml92k1kp000e17d03txb42ra\",0]","service":"preplyte-api","timestamp":"2026-02-05 12:15:09"}
{"level":"debug","message":"Duration: 0ms","service":"preplyte-api","timestamp":"2026-02-05 12:15:09"}
{"level":"info","message":"\u001b[0mGET /api/admin/lms/courses/cml92k1k4000417d09rzlrf37 \u001b[36m304\u001b[0m 44.196 ms - -\u001b[0m","service":"preplyte-api","timestamp":"2026-02-05 12:15:09"}
{"level":"debug","message":"Query: SELECT \"public\".\"users\".\"id\", \"public\".\"users\".\"email\", \"public\".\"users\".\"role\"::text, \"public\".\"users\".\"instituteId\", \"public\".\"users\".\"isActive\", \"public\".\"users\".\"tokenVersion\" FROM \"public\".\"users\" WHERE (\"public\".\"users\".\"id\" = $1 AND 1=1) LIMIT $2 OFFSET $3","service":"preplyte-api","timestamp":"2026-02-05 12:15:09"}
{"level":"debug","message":"Params: [\"cml92r5r50001q3oopvkslp23\",1,0]","service":"preplyte-api","timestamp":"2026-02-05 12:15:09"}
{"level":"debug","message":"Duration: 0ms","service":"preplyte-api","timestamp":"2026-02-05 12:15:09"}
{"level":"debug","message":"Query: SELECT \"public\".\"lms_modules\".\"id\", \"public\".\"lms_modules\".\"courseId\", \"public\".\"lms_modules\".\"title\", \"public\".\"lms_modules\".\"shortDescription\", \"public\".\"lms_modules\".\"description\", \"public\".\"lms_modules\".\"order\", \"public\".\"lms_modules\".\"totalTopics\", \"public\".\"lms_modules\".\"points\", \"public\".\"lms_modules\".\"estimatedMinutes\", \"public\".\"lms_modules\".\"isActive\", \"public\".\"lms_modules\".\"createdAt\", \"public\".\"lms_modules\".\"updatedAt\" FROM \"public\".\"lms_modules\" WHERE \"public\".\"lms_modules\".\"courseId\" = $1 ORDER BY \"public\".\"lms_modules\".\"order\" ASC OFFSET $2","service":"preplyte-api","timestamp":"2026-02-05 12:15:09"}
{"level":"debug","message":"Params: [\"cml92k1k4000417d09rzlrf37\",0]","service":"preplyte-api","timestamp":"2026-02-05 12:15:09"}
{"level":"debug","message":"Duration: 0ms","service":"preplyte-api","timestamp":"2026-02-05 12:15:09"}
{"level":"info","message":"\u001b[0mGET /api/admin/lms/courses/cml92k1k4000417d09rzlrf37/modules?courseId=cml92k1k4000417d09rzlrf37 \u001b[36m304\u001b[0m 13.483 ms - -\u001b[0m","service":"preplyte-api","timestamp":"2026-02-05 12:15:09"}
{"level":"debug","message":"Query: SELECT 1","service":"preplyte-api","timestamp":"2026-02-05 12:15:20"}
{"level":"debug","message":"Params: []","service":"preplyte-api","timestamp":"2026-02-05 12:15:20"}
{"level":"debug","message":"Duration: 0ms","service":"preplyte-api","timestamp":"2026-02-05 12:15:20"}
{"level":"debug","message":"Query: SELECT \"public\".\"users\".\"id\", \"public\".\"users\".\"email\", \"public\".\"users\".\"role\"::text, \"public\".\"users\".\"instituteId\", \"public\".\"users\".\"isActive\", \"public\".\"users\".\"tokenVersion\" FROM \"public\".\"users\" WHERE (\"public\".\"users\".\"id\" = $1 AND 1=1) LIMIT $2 OFFSET $3","service":"preplyte-api","timestamp":"2026-02-05 12:15:20"}
{"level":"debug","message":"Params: [\"cml92r5r50001q3oopvkslp23\",1,0]","service":"preplyte-api","timestamp":"2026-02-05 12:15:20"}
{"level":"debug","message":"Duration: 0ms","service":"preplyte-api","timestamp":"2026-02-05 12:15:20"}
{"level":"debug","message":"Query: SELECT \"public\".\"lms_courses\".\"id\", \"public\".\"lms_courses\".\"categoryId\", \"public\".\"lms_courses\".\"title\", \"public\".\"lms_courses\".\"slug\", \"public\".\"lms_courses\".\"shortDescription\", \"public\".\"lms_courses\".\"description\", \"public\".\"lms_courses\".\"thumbnailUrl\", \"public\".\"lms_courses\".\"previewVideoUrl\", \"public\".\"lms_courses\".\"totalModules\", \"public\".\"lms_courses\".\"totalTopics\", \"public\".\"lms_courses\".\"totalPoints\", \"public\".\"lms_courses\".\"totalHours\", \"public\".\"lms_courses\".\"price\", \"public\".\"lms_courses\".\"discountPrice\", \"public\".\"lms_courses\".\"currency\", \"public\".\"lms_courses\".\"status\"::text, \"public\".\"lms_courses\".\"isActive\", \"public\".\"lms_courses\".\"certificateEnabled\", \"public\".\"lms_courses\".\"passingPercentage\", \"public\".\"lms_courses\".\"tags\", \"public\".\"lms_courses\".\"difficulty\"::text, \"public\".\"lms_courses\".\"instructor\", \"public\".\"lms_courses\".\"language\", \"public\".\"lms_courses\".\"createdAt\", \"public\".\"lms_courses\".\"updatedAt\", \"public\".\"lms_courses\".\"publishedAt\", COALESCE(\"aggr_selection_0_LmsModule\".\"_aggr_count_modules\", 0) AS \"_aggr_count_modules\", COALESCE(\"aggr_selection_1_LmsEnrollment\".\"_aggr_count_enrollments\", 0) AS \"_aggr_count_enrollments\" FROM \"public\".\"lms_courses\" LEFT JOIN (SELECT \"public\".\"lms_modules\".\"courseId\", COUNT(*) AS \"_aggr_count_modules\" FROM \"public\".\"lms_modules\" WHERE 1=1 GROUP BY \"public\".\"lms_modules\".\"courseId\") AS \"aggr_selection_0_LmsModule\" ON (\"public\".\"lms_courses\".\"id\" = \"aggr_selection_0_LmsModule\".\"courseId\") LEFT JOIN (SELECT \"public\".\"lms_enrollments\".\"courseId\", COUNT(*) AS \"_aggr_count_enrollments\" FROM \"public\".\"lms_enrollments\" WHERE 1=1 GROUP BY \"public\".\"lms_enrollments\".\"courseId\") AS \"aggr_selection_1_LmsEnrollment\" ON (\"public\".\"lms_courses\".\"id\" = \"aggr_selection_1_LmsEnrollment\".\"courseId\") WHERE 1=1 ORDER BY \"public\".\"lms_courses\".\"createdAt\" DESC OFFSET $1","service":"preplyte-api","timestamp":"2026-02-05 12:15:20"}
{"level":"debug","message":"Params: [0]","service":"preplyte-api","timestamp":"2026-02-05 12:15:20"}
{"level":"debug","message":"Duration: 1ms","service":"preplyte-api","timestamp":"2026-02-05 12:15:20"}
{"level":"debug","message":"Query: SELECT \"public\".\"lms_categories\".\"id\", \"public\".\"lms_categories\".\"name\", \"public\".\"lms_categories\".\"slug\", \"public\".\"lms_categories\".\"description\", \"public\".\"lms_categories\".\"iconUrl\", \"public\".\"lms_categories\".\"order\", \"public\".\"lms_categories\".\"isActive\", \"public\".\"lms_categories\".\"createdAt\", \"public\".\"lms_categories\".\"updatedAt\" FROM \"public\".\"lms_categories\" WHERE \"public\".\"lms_categories\".\"id\" IN ($1) OFFSET $2","service":"preplyte-api","timestamp":"2026-02-05 12:15:20"}
{"level":"debug","message":"Params: [\"cml92k1i3000017d0bq70mkrl\",0]","service":"preplyte-api","timestamp":"2026-02-05 12:15:20"}
{"level":"debug","message":"Duration: 0ms","service":"preplyte-api","timestamp":"2026-02-05 12:15:20"}
{"level":"info","message":"\u001b[0mGET /api/admin/lms/courses?page=1&limit=10&search= \u001b[36m304\u001b[0m 16.992 ms - -\u001b[0m","service":"preplyte-api","timestamp":"2026-02-05 12:15:20"}
{"level":"debug","message":"Query: SELECT \"public\".\"users\".\"id\", \"public\".\"users\".\"email\", \"public\".\"users\".\"role\"::text, \"public\".\"users\".\"instituteId\", \"public\".\"users\".\"isActive\", \"public\".\"users\".\"tokenVersion\" FROM \"public\".\"users\" WHERE (\"public\".\"users\".\"id\" = $1 AND 1=1) LIMIT $2 OFFSET $3","service":"preplyte-api","timestamp":"2026-02-05 12:15:23"}
{"level":"debug","message":"Params: [\"cml92r5r50001q3oopvkslp23\",1,0]","service":"preplyte-api","timestamp":"2026-02-05 12:15:23"}
{"level":"debug","message":"Duration: 0ms","service":"preplyte-api","timestamp":"2026-02-05 12:15:23"}
{"level":"debug","message":"Query: SELECT \"public\".\"lms_categories\".\"id\", \"public\".\"lms_categories\".\"name\", \"public\".\"lms_categories\".\"slug\", \"public\".\"lms_categories\".\"description\", \"public\".\"lms_categories\".\"iconUrl\", \"public\".\"lms_categories\".\"order\", \"public\".\"lms_categories\".\"isActive\", \"public\".\"lms_categories\".\"createdAt\", \"public\".\"lms_categories\".\"updatedAt\", COALESCE(\"aggr_selection_0_LmsCourse\".\"_aggr_count_courses\", 0) AS \"_aggr_count_courses\" FROM \"public\".\"lms_categories\" LEFT JOIN (SELECT \"public\".\"lms_courses\".\"categoryId\", COUNT(*) AS \"_aggr_count_courses\" FROM \"public\".\"lms_courses\" WHERE 1=1 GROUP BY \"public\".\"lms_courses\".\"categoryId\") AS \"aggr_selection_0_LmsCourse\" ON (\"public\".\"lms_categories\".\"id\" = \"aggr_selection_0_LmsCourse\".\"categoryId\") WHERE 1=1 ORDER BY \"public\".\"lms_categories\".\"order\" ASC OFFSET $1","service":"preplyte-api","timestamp":"2026-02-05 12:15:23"}
{"level":"debug","message":"Params: [0]","service":"preplyte-api","timestamp":"2026-02-05 12:15:23"}
{"level":"debug","message":"Duration: 1ms","service":"preplyte-api","timestamp":"2026-02-05 12:15:23"}
{"level":"info","message":"\u001b[0mGET /api/admin/lms/categories \u001b[36m304\u001b[0m 10.008 ms - -\u001b[0m","service":"preplyte-api","timestamp":"2026-02-05 12:15:23"}
{"level":"debug","message":"Query: SELECT \"public\".\"users\".\"id\", \"public\".\"users\".\"email\", \"public\".\"users\".\"role\"::text, \"public\".\"users\".\"instituteId\", \"public\".\"users\".\"isActive\", \"public\".\"users\".\"tokenVersion\" FROM \"public\".\"users\" WHERE (\"public\".\"users\".\"id\" = $1 AND 1=1) LIMIT $2 OFFSET $3","service":"preplyte-api","timestamp":"2026-02-05 12:15:23"}
{"level":"debug","message":"Params: [\"cml92r5r50001q3oopvkslp23\",1,0]","service":"preplyte-api","timestamp":"2026-02-05 12:15:23"}
{"level":"debug","message":"Duration: 0ms","service":"preplyte-api","timestamp":"2026-02-05 12:15:23"}
{"level":"debug","message":"Query: SELECT \"public\".\"lms_courses\".\"id\", \"public\".\"lms_courses\".\"categoryId\", \"public\".\"lms_courses\".\"title\", \"public\".\"lms_courses\".\"slug\", \"public\".\"lms_courses\".\"shortDescription\", \"public\".\"lms_courses\".\"description\", \"public\".\"lms_courses\".\"thumbnailUrl\", \"public\".\"lms_courses\".\"previewVideoUrl\", \"public\".\"lms_courses\".\"totalModules\", \"public\".\"lms_courses\".\"totalTopics\", \"public\".\"lms_courses\".\"totalPoints\", \"public\".\"lms_courses\".\"totalHours\", \"public\".\"lms_courses\".\"price\", \"public\".\"lms_courses\".\"discountPrice\", \"public\".\"lms_courses\".\"currency\", \"public\".\"lms_courses\".\"status\"::text, \"public\".\"lms_courses\".\"isActive\", \"public\".\"lms_courses\".\"certificateEnabled\", \"public\".\"lms_courses\".\"passingPercentage\", \"public\".\"lms_courses\".\"tags\", \"public\".\"lms_courses\".\"difficulty\"::text, \"public\".\"lms_courses\".\"instructor\", \"public\".\"lms_courses\".\"language\", \"public\".\"lms_courses\".\"createdAt\", \"public\".\"lms_courses\".\"updatedAt\", \"public\".\"lms_courses\".\"publishedAt\", COALESCE(\"aggr_selection_0_LmsEnrollment\".\"_aggr_count_enrollments\", 0) AS \"_aggr_count_enrollments\" FROM \"public\".\"lms_courses\" LEFT JOIN (SELECT \"public\".\"lms_enrollments\".\"courseId\", COUNT(*) AS \"_aggr_count_enrollments\" FROM \"public\".\"lms_enrollments\" WHERE 1=1 GROUP BY \"public\".\"lms_enrollments\".\"courseId\") AS \"aggr_selection_0_LmsEnrollment\" ON (\"public\".\"lms_courses\".\"id\" = \"aggr_selection_0_LmsEnrollment\".\"courseId\") WHERE (\"public\".\"lms_courses\".\"id\" = $1 AND 1=1) LIMIT $2 OFFSET $3","service":"preplyte-api","timestamp":"2026-02-05 12:15:23"}
{"level":"debug","message":"Params: [\"cml93bbti0001h2p0y0h24vng\",1,0]","service":"preplyte-api","timestamp":"2026-02-05 12:15:23"}
{"level":"debug","message":"Duration: 1ms","service":"preplyte-api","timestamp":"2026-02-05 12:15:23"}
{"level":"debug","message":"Query: SELECT \"public\".\"lms_categories\".\"id\", \"public\".\"lms_categories\".\"name\", \"public\".\"lms_categories\".\"slug\", \"public\".\"lms_categories\".\"description\", \"public\".\"lms_categories\".\"iconUrl\", \"public\".\"lms_categories\".\"order\", \"public\".\"lms_categories\".\"isActive\", \"public\".\"lms_categories\".\"createdAt\", \"public\".\"lms_categories\".\"updatedAt\" FROM \"public\".\"lms_categories\" WHERE \"public\".\"lms_categories\".\"id\" IN ($1) OFFSET $2","service":"preplyte-api","timestamp":"2026-02-05 12:15:23"}
{"level":"debug","message":"Params: [\"cml92k1i3000017d0bq70mkrl\",0]","service":"preplyte-api","timestamp":"2026-02-05 12:15:23"}
{"level":"debug","message":"Duration: 0ms","service":"preplyte-api","timestamp":"2026-02-05 12:15:23"}
{"level":"debug","message":"Query: SELECT \"public\".\"lms_modules\".\"id\", \"public\".\"lms_modules\".\"courseId\", \"public\".\"lms_modules\".\"title\", \"public\".\"lms_modules\".\"shortDescription\", \"public\".\"lms_modules\".\"description\", \"public\".\"lms_modules\".\"order\", \"public\".\"lms_modules\".\"totalTopics\", \"public\".\"lms_modules\".\"points\", \"public\".\"lms_modules\".\"estimatedMinutes\", \"public\".\"lms_modules\".\"isActive\", \"public\".\"lms_modules\".\"createdAt\", \"public\".\"lms_modules\".\"updatedAt\" FROM \"public\".\"lms_modules\" WHERE \"public\".\"lms_modules\".\"courseId\" IN ($1) ORDER BY \"public\".\"lms_modules\".\"order\" ASC OFFSET $2","service":"preplyte-api","timestamp":"2026-02-05 12:15:23"}
{"level":"debug","message":"Params: [\"cml93bbti0001h2p0y0h24vng\",0]","service":"preplyte-api","timestamp":"2026-02-05 12:15:23"}
{"level":"debug","message":"Duration: 0ms","service":"preplyte-api","timestamp":"2026-02-05 12:15:23"}
{"level":"info","message":"\u001b[0mGET /api/admin/lms/courses/cml93bbti0001h2p0y0h24vng \u001b[36m304\u001b[0m 17.194 ms - -\u001b[0m","service":"preplyte-api","timestamp":"2026-02-05 12:15:23"}
{"baseURL":"https://judge0-ce.p.rapidapi.com","level":"info","message":"Judge0 client initialized","service":"preplyte-api","timestamp":"2026-02-05 12:19:30","useRapidAPI":true}
{"level":"info","message":"[TTS] Using Deepgram for text-to-speech","service":"preplyte-api","timestamp":"2026-02-05 12:19:31"}
{"environment":"development","host":"0.0.0.0","level":"info","message":"Starting server...","port":4000,"service":"preplyte-api","timestamp":"2026-02-05 12:19:31"}
{"level":"info","message":"Checking database connection...","service":"preplyte-api","timestamp":"2026-02-05 12:19:31"}
{"level":"debug","message":"Query: SELECT 1","service":"preplyte-api","timestamp":"2026-02-05 12:19:31"}
{"level":"debug","message":"Params: []","service":"preplyte-api","timestamp":"2026-02-05 12:19:31"}
{"level":"debug","message":"Duration: 1ms","service":"preplyte-api","timestamp":"2026-02-05 12:19:31"}
{"level":"info","message":"✅ Database connected successfully","service":"preplyte-api","timestamp":"2026-02-05 12:19:31"}
{"level":"info","message":"[WS Gateway] WebSocket server initialized","path":"/ws/interview/:sessionId","service":"preplyte-api","timestamp":"2026-02-05 12:19:31"}
{"api":"http://localhost:4000/api","environment":"development","health":"http://localhost:4000/health","host":"0.0.0.0","level":"info","message":"🚀 Server running","port":4000,"service":"preplyte-api","timestamp":"2026-02-05 12:19:31","websocket":"ws://localhost:4000/ws/interview/:sessionId"}
{"baseURL":"https://judge0-ce.p.rapidapi.com","level":"info","message":"Judge0 client initialized","service":"preplyte-api","timestamp":"2026-02-05 12:19:42","useRapidAPI":true}
{"level":"info","message":"[TTS] Using Deepgram for text-to-speech","service":"preplyte-api","timestamp":"2026-02-05 12:19:42"}
{"environment":"development","host":"0.0.0.0","level":"info","message":"Starting server...","port":4000,"service":"preplyte-api","timestamp":"2026-02-05 12:19:43"}
{"level":"info","message":"Checking database connection...","service":"preplyte-api","timestamp":"2026-02-05 12:19:43"}
{"level":"debug","message":"Query: SELECT 1","service":"preplyte-api","timestamp":"2026-02-05 12:19:43"}
{"level":"debug","message":"Params: []","service":"preplyte-api","timestamp":"2026-02-05 12:19:43"}
{"level":"debug","message":"Duration: 0ms","service":"preplyte-api","timestamp":"2026-02-05 12:19:43"}
{"level":"info","message":"✅ Database connected successfully","service":"preplyte-api","timestamp":"2026-02-05 12:19:43"}
{"level":"info","message":"[WS Gateway] WebSocket server initialized","path":"/ws/interview/:sessionId","service":"preplyte-api","timestamp":"2026-02-05 12:19:43"}
{"api":"http://localhost:4000/api","environment":"development","health":"http://localhost:4000/health","host":"0.0.0.0","level":"info","message":"🚀 Server running","port":4000,"service":"preplyte-api","timestamp":"2026-02-05 12:19:43","websocket":"ws://localhost:4000/ws/interview/:sessionId"}
{"baseURL":"https://judge0-ce.p.rapidapi.com","level":"info","message":"Judge0 client initialized","service":"preplyte-api","timestamp":"2026-02-05 12:19:51","useRapidAPI":true}
{"level":"info","message":"[TTS] Using Deepgram for text-to-speech","service":"preplyte-api","timestamp":"2026-02-05 12:19:52"}
{"environment":"development","host":"0.0.0.0","level":"info","message":"Starting server...","port":4000,"service":"preplyte-api","timestamp":"2026-02-05 12:19:52"}
{"level":"info","message":"Checking database connection...","service":"preplyte-api","timestamp":"2026-02-05 12:19:52"}
{"level":"debug","message":"Query: SELECT 1","service":"preplyte-api","timestamp":"2026-02-05 12:19:52"}
{"level":"debug","message":"Params: []","service":"preplyte-api","timestamp":"2026-02-05 12:19:52"}
{"level":"debug","message":"Duration: 1ms","service":"preplyte-api","timestamp":"2026-02-05 12:19:52"}
{"level":"info","message":"✅ Database connected successfully","service":"preplyte-api","timestamp":"2026-02-05 12:19:52"}
{"level":"info","message":"[WS Gateway] WebSocket server initialized","path":"/ws/interview/:sessionId","service":"preplyte-api","timestamp":"2026-02-05 12:19:52"}
{"api":"http://localhost:4000/api","environment":"development","health":"http://localhost:4000/health","host":"0.0.0.0","level":"info","message":"🚀 Server running","port":4000,"service":"preplyte-api","timestamp":"2026-02-05 12:19:52","websocket":"ws://localhost:4000/ws/interview/:sessionId"}
{"level":"debug","message":"Query: SELECT 1","service":"preplyte-api","timestamp":"2026-02-05 12:21:32"}
{"level":"debug","message":"Params: []","service":"preplyte-api","timestamp":"2026-02-05 12:21:32"}
{"level":"debug","message":"Duration: 0ms","service":"preplyte-api","timestamp":"2026-02-05 12:21:32"}
{"level":"debug","message":"Query: SELECT \"public\".\"users\".\"id\", \"public\".\"users\".\"email\", \"public\".\"users\".\"role\"::text, \"public\".\"users\".\"instituteId\", \"public\".\"users\".\"isActive\", \"public\".\"users\".\"tokenVersion\" FROM \"public\".\"users\" WHERE (\"public\".\"users\".\"id\" = $1 AND 1=1) LIMIT $2 OFFSET $3","service":"preplyte-api","timestamp":"2026-02-05 12:21:32"}
{"level":"debug","message":"Params: [\"cml92r5r50001q3oopvkslp23\",1,0]","service":"preplyte-api","timestamp":"2026-02-05 12:21:32"}
{"level":"debug","message":"Duration: 8ms","service":"preplyte-api","timestamp":"2026-02-05 12:21:32"}
{"level":"debug","message":"Query: SELECT \"public\".\"lms_courses\".\"id\", \"public\".\"lms_courses\".\"categoryId\", \"public\".\"lms_courses\".\"title\", \"public\".\"lms_courses\".\"slug\", \"public\".\"lms_courses\".\"shortDescription\", \"public\".\"lms_courses\".\"description\", \"public\".\"lms_courses\".\"thumbnailUrl\", \"public\".\"lms_courses\".\"previewVideoUrl\", \"public\".\"lms_courses\".\"totalModules\", \"public\".\"lms_courses\".\"totalTopics\", \"public\".\"lms_courses\".\"totalPoints\", \"public\".\"lms_courses\".\"totalHours\", \"public\".\"lms_courses\".\"price\", \"public\".\"lms_courses\".\"discountPrice\", \"public\".\"lms_courses\".\"currency\", \"public\".\"lms_courses\".\"status\"::text, \"public\".\"lms_courses\".\"isActive\", \"public\".\"lms_courses\".\"certificateEnabled\", \"public\".\"lms_courses\".\"passingPercentage\", \"public\".\"lms_courses\".\"tags\", \"public\".\"lms_courses\".\"difficulty\"::text, \"public\".\"lms_courses\".\"instructor\", \"public\".\"lms_courses\".\"language\", \"public\".\"lms_courses\".\"createdAt\", \"public\".\"lms_courses\".\"updatedAt\", \"public\".\"lms_courses\".\"publishedAt\", COALESCE(\"aggr_selection_0_LmsModule\".\"_aggr_count_modules\", 0) AS \"_aggr_count_modules\", COALESCE(\"aggr_selection_1_LmsEnrollment\".\"_aggr_count_enrollments\", 0) AS \"_aggr_count_enrollments\" FROM \"public\".\"lms_courses\" LEFT JOIN (SELECT \"public\".\"lms_modules\".\"courseId\", COUNT(*) AS \"_aggr_count_modules\" FROM \"public\".\"lms_modules\" WHERE 1=1 GROUP BY \"public\".\"lms_modules\".\"courseId\") AS \"aggr_selection_0_LmsModule\" ON (\"public\".\"lms_courses\".\"id\" = \"aggr_selection_0_LmsModule\".\"courseId\") LEFT JOIN (SELECT \"public\".\"lms_enrollments\".\"courseId\", COUNT(*) AS \"_aggr_count_enrollments\" FROM \"public\".\"lms_enrollments\" WHERE 1=1 GROUP BY \"public\".\"lms_enrollments\".\"courseId\") AS \"aggr_selection_1_LmsEnrollment\" ON (\"public\".\"lms_courses\".\"id\" = \"aggr_selection_1_LmsEnrollment\".\"courseId\") WHERE 1=1 ORDER BY \"public\".\"lms_courses\".\"createdAt\" DESC OFFSET $1","service":"preplyte-api","timestamp":"2026-02-05 12:21:32"}
{"level":"debug","message":"Params: [0]","service":"preplyte-api","timestamp":"2026-02-05 12:21:32"}
{"level":"debug","message":"Duration: 20ms","service":"preplyte-api","timestamp":"2026-02-05 12:21:32"}
{"level":"debug","message":"Query: SELECT \"public\".\"lms_categories\".\"id\", \"public\".\"lms_categories\".\"name\", \"public\".\"lms_categories\".\"slug\", \"public\".\"lms_categories\".\"description\", \"public\".\"lms_categories\".\"iconUrl\", \"public\".\"lms_categories\".\"order\", \"public\".\"lms_categories\".\"isActive\", \"public\".\"lms_categories\".\"createdAt\", \"public\".\"lms_categories\".\"updatedAt\" FROM \"public\".\"lms_categories\" WHERE \"public\".\"lms_categories\".\"id\" IN ($1) OFFSET $2","service":"preplyte-api","timestamp":"2026-02-05 12:21:32"}
{"level":"debug","message":"Params: [\"cml92k1i3000017d0bq70mkrl\",0]","service":"preplyte-api","timestamp":"2026-02-05 12:21:32"}
{"level":"debug","message":"Duration: 6ms","service":"preplyte-api","timestamp":"2026-02-05 12:21:32"}
{"level":"info","message":"\u001b[0mGET /api/admin/lms/courses?page=1&limit=10&search= \u001b[36m304\u001b[0m 53.180 ms - -\u001b[0m","service":"preplyte-api","timestamp":"2026-02-05 12:21:32"}
{"level":"info","message":"\u001b[0mGET /api/admin/lms/courses?page=1&limit=10&search= \u001b[33m401\u001b[0m 4.598 ms - 108\u001b[0m","service":"preplyte-api","timestamp":"2026-02-05 12:23:21"}
{"level":"debug","message":"Query: SELECT 1","service":"preplyte-api","timestamp":"2026-02-05 12:23:21"}
{"level":"debug","message":"Params: []","service":"preplyte-api","timestamp":"2026-02-05 12:23:21"}
{"level":"debug","message":"Duration: 1ms","service":"preplyte-api","timestamp":"2026-02-05 12:23:21"}
{"level":"debug","message":"Query: SELECT \"public\".\"refresh_tokens\".\"id\", \"public\".\"refresh_tokens\".\"token\", \"public\".\"refresh_tokens\".\"userId\", \"public\".\"refresh_tokens\".\"expiresAt\", \"public\".\"refresh_tokens\".\"revokedAt\", \"public\".\"refresh_tokens\".\"userAgent\", \"public\".\"refresh_tokens\".\"ipAddress\", \"public\".\"refresh_tokens\".\"createdAt\" FROM \"public\".\"refresh_tokens\" WHERE (\"public\".\"refresh_tokens\".\"token\" = $1 AND \"public\".\"refresh_tokens\".\"userId\" = $2) LIMIT $3 OFFSET $4","service":"preplyte-api","timestamp":"2026-02-05 12:23:21"}
{"level":"debug","message":"Params: [\"4a74ac347887cceb5cbb227e0108b79eb1c7ef745977de66effb81a3203740f6\",\"cml92r5r50001q3oopvkslp23\",1,0]","service":"preplyte-api","timestamp":"2026-02-05 12:23:21"}
{"level":"debug","message":"Duration: 10ms","service":"preplyte-api","timestamp":"2026-02-05 12:23:21"}
{"level":"warn","message":"Refresh token reuse detected","revokedAt":"2026-02-05T06:44:05.469Z","service":"preplyte-api","timestamp":"2026-02-05 12:23:21","tokenId":"cml92srn90005q3oo6dqx9lbe","userId":"cml92r5r50001q3oopvkslp23"}
{"level":"debug","message":"Query: UPDATE \"public\".\"users\" SET \"tokenVersion\" = (\"public\".\"users\".\"tokenVersion\" + $1), \"updatedAt\" = $2 WHERE (\"public\".\"users\".\"id\" = $3 AND 1=1) RETURNING \"public\".\"users\".\"id\", \"public\".\"users\".\"email\", \"public\".\"users\".\"password\", \"public\".\"users\".\"name\", \"public\".\"users\".\"role\"::text, \"public\".\"users\".\"isActive\", \"public\".\"users\".\"instituteId\", \"public\".\"users\".\"createdAt\", \"public\".\"users\".\"updatedAt\", \"public\".\"users\".\"lastLoginAt\", \"public\".\"users\".\"tokenVersion\"","service":"preplyte-api","timestamp":"2026-02-05 12:23:21"}
{"level":"debug","message":"Params: [1,\"2026-02-05 06:53:21.976 UTC\",\"cml92r5r50001q3oopvkslp23\"]","service":"preplyte-api","timestamp":"2026-02-05 12:23:21"}
{"level":"debug","message":"Duration: 6ms","service":"preplyte-api","timestamp":"2026-02-05 12:23:21"}
{"level":"debug","message":"Query: BEGIN","service":"preplyte-api","timestamp":"2026-02-05 12:23:22"}
{"level":"debug","message":"Params: []","service":"preplyte-api","timestamp":"2026-02-05 12:23:22"}
{"level":"debug","message":"Duration: 0ms","service":"preplyte-api","timestamp":"2026-02-05 12:23:22"}
{"level":"debug","message":"Query: UPDATE \"public\".\"refresh_tokens\" SET \"revokedAt\" = $1 WHERE (\"public\".\"refresh_tokens\".\"userId\" = $2 AND \"public\".\"refresh_tokens\".\"revokedAt\" IS NULL)","service":"preplyte-api","timestamp":"2026-02-05 12:23:22"}
{"level":"debug","message":"Params: [\"2026-02-05 06:53:21.974 UTC\",\"cml92r5r50001q3oopvkslp23\"]","service":"preplyte-api","timestamp":"2026-02-05 12:23:22"}
{"level":"debug","message":"Duration: 11ms","service":"preplyte-api","timestamp":"2026-02-05 12:23:22"}
{"level":"debug","message":"Query: COMMIT","service":"preplyte-api","timestamp":"2026-02-05 12:23:22"}
{"level":"debug","message":"Params: []","service":"preplyte-api","timestamp":"2026-02-05 12:23:22"}
{"level":"debug","message":"Duration: 2ms","service":"preplyte-api","timestamp":"2026-02-05 12:23:22"}
{"level":"info","message":"User logged out from all devices","service":"preplyte-api","timestamp":"2026-02-05 12:23:22","userId":"cml92r5r50001q3oopvkslp23"}
{"code":"UNAUTHORIZED","ip":"127.0.0.1","level":"warn","message":"Operational error Token reuse detected. All sessions have been revoked for security.","method":"POST","path":"/api/auth/refresh","requestId":"ml93o6lf-e0a1e7da82b43632","service":"preplyte-api","timestamp":"2026-02-05 12:23:22","userAgent":"Mozilla/5.0 (Windows NT 10.0; Win64; x64) AppleWebKit/537.36 (KHTML, like Gecko) Chrome/144.0.0.0 Safari/537.36"}
{"level":"info","message":"\u001b[0mPOST /api/auth/refresh \u001b[33m401\u001b[0m 218.710 ms - 168\u001b[0m","service":"preplyte-api","timestamp":"2026-02-05 12:23:22"}
{"level":"info","message":"\u001b[0mGET /api/admin/lms/courses?page=1&limit=10&search= \u001b[33m401\u001b[0m 1.664 ms - 85\u001b[0m","service":"preplyte-api","timestamp":"2026-02-05 12:23:23"}
{"level":"debug","message":"Query: SELECT 1","service":"preplyte-api","timestamp":"2026-02-05 12:23:47"}
{"level":"debug","message":"Params: []","service":"preplyte-api","timestamp":"2026-02-05 12:23:47"}
{"level":"debug","message":"Duration: 0ms","service":"preplyte-api","timestamp":"2026-02-05 12:23:47"}
{"level":"debug","message":"Query: SELECT \"public\".\"users\".\"id\", \"public\".\"users\".\"email\", \"public\".\"users\".\"password\", \"public\".\"users\".\"name\", \"public\".\"users\".\"role\"::text, \"public\".\"users\".\"isActive\", \"public\".\"users\".\"instituteId\", \"public\".\"users\".\"createdAt\", \"public\".\"users\".\"updatedAt\", \"public\".\"users\".\"lastLoginAt\", \"public\".\"users\".\"tokenVersion\" FROM \"public\".\"users\" WHERE (\"public\".\"users\".\"email\" = $1 AND 1=1) LIMIT $2 OFFSET $3","service":"preplyte-api","timestamp":"2026-02-05 12:23:47"}
{"level":"debug","message":"Params: [\"admin@platform.com\",1,0]","service":"preplyte-api","timestamp":"2026-02-05 12:23:47"}
{"level":"debug","message":"Duration: 7ms","service":"preplyte-api","timestamp":"2026-02-05 12:23:47"}
{"level":"debug","message":"Query: SELECT 1","service":"preplyte-api","timestamp":"2026-02-05 12:23:47"}
{"level":"debug","message":"Params: []","service":"preplyte-api","timestamp":"2026-02-05 12:23:47"}
{"level":"debug","message":"Duration: 0ms","service":"preplyte-api","timestamp":"2026-02-05 12:23:47"}
{"level":"debug","message":"Query: UPDATE \"public\".\"users\" SET \"lastLoginAt\" = $1, \"updatedAt\" = $2 WHERE (\"public\".\"users\".\"id\" = $3 AND 1=1) RETURNING \"public\".\"users\".\"id\", \"public\".\"users\".\"email\", \"public\".\"users\".\"password\", \"public\".\"users\".\"name\", \"public\".\"users\".\"role\"::text, \"public\".\"users\".\"isActive\", \"public\".\"users\".\"instituteId\", \"public\".\"users\".\"createdAt\", \"public\".\"users\".\"updatedAt\", \"public\".\"users\".\"lastLoginAt\", \"public\".\"users\".\"tokenVersion\"","service":"preplyte-api","timestamp":"2026-02-05 12:23:47"}
{"level":"debug","message":"Params: [\"2026-02-05 06:53:47.893 UTC\",\"2026-02-05 06:53:47.895 UTC\",\"cml92r5r50001q3oopvkslp23\"]","service":"preplyte-api","timestamp":"2026-02-05 12:23:47"}
{"level":"debug","message":"Duration: 3ms","service":"preplyte-api","timestamp":"2026-02-05 12:23:47"}
{"level":"debug","message":"Query: INSERT INTO \"public\".\"refresh_tokens\" (\"id\",\"token\",\"userId\",\"expiresAt\",\"createdAt\") VALUES ($1,$2,$3,$4,$5) RETURNING \"public\".\"refresh_tokens\".\"id\", \"public\".\"refresh_tokens\".\"token\", \"public\".\"refresh_tokens\".\"userId\", \"public\".\"refresh_tokens\".\"expiresAt\", \"public\".\"refresh_tokens\".\"revokedAt\", \"public\".\"refresh_tokens\".\"userAgent\", \"public\".\"refresh_tokens\".\"ipAddress\", \"public\".\"refresh_tokens\".\"createdAt\"","service":"preplyte-api","timestamp":"2026-02-05 12:23:47"}
{"level":"debug","message":"Params: [\"cml93oqnq00011360vco55u2x\",\"119da10366f32cf7bca9d0adddc0d398054dad5cdd253d2d0d3ad5c61073864a\",\"cml92r5r50001q3oopvkslp23\",\"2026-02-12 06:53:47.892 UTC\",\"2026-02-05 06:53:47.895 UTC\"]","service":"preplyte-api","timestamp":"2026-02-05 12:23:47"}
{"level":"debug","message":"Duration: 5ms","service":"preplyte-api","timestamp":"2026-02-05 12:23:47"}
{"level":"info","message":"User logged in","service":"preplyte-api","timestamp":"2026-02-05 12:23:47","userId":"cml92r5r50001q3oopvkslp23"}
{"level":"info","message":"\u001b[0mPOST /api/auth/login \u001b[32m200\u001b[0m 886.784 ms - 934\u001b[0m","service":"preplyte-api","timestamp":"2026-02-05 12:23:47"}
{"level":"debug","message":"Query: SELECT 1","service":"preplyte-api","timestamp":"2026-02-05 12:24:37"}
{"level":"debug","message":"Params: []","service":"preplyte-api","timestamp":"2026-02-05 12:24:37"}
{"level":"debug","message":"Duration: 0ms","service":"preplyte-api","timestamp":"2026-02-05 12:24:37"}
{"level":"debug","message":"Query: SELECT \"public\".\"users\".\"id\", \"public\".\"users\".\"email\", \"public\".\"users\".\"role\"::text, \"public\".\"users\".\"instituteId\", \"public\".\"users\".\"isActive\", \"public\".\"users\".\"tokenVersion\" FROM \"public\".\"users\" WHERE (\"public\".\"users\".\"id\" = $1 AND 1=1) LIMIT $2 OFFSET $3","service":"preplyte-api","timestamp":"2026-02-05 12:24:37"}
{"level":"debug","message":"Params: [\"cml92r5r50001q3oopvkslp23\",1,0]","service":"preplyte-api","timestamp":"2026-02-05 12:24:37"}
{"level":"debug","message":"Duration: 1ms","service":"preplyte-api","timestamp":"2026-02-05 12:24:37"}
{"level":"debug","message":"Query: SELECT \"public\".\"users\".\"id\", \"public\".\"users\".\"email\", \"public\".\"users\".\"role\"::text, \"public\".\"users\".\"instituteId\", \"public\".\"users\".\"isActive\", \"public\".\"users\".\"tokenVersion\" FROM \"public\".\"users\" WHERE (\"public\".\"users\".\"id\" = $1 AND 1=1) LIMIT $2 OFFSET $3","service":"preplyte-api","timestamp":"2026-02-05 12:24:37"}
{"level":"debug","message":"Params: [\"cml92r5r50001q3oopvkslp23\",1,0]","service":"preplyte-api","timestamp":"2026-02-05 12:24:37"}
{"level":"debug","message":"Duration: 1ms","service":"preplyte-api","timestamp":"2026-02-05 12:24:37"}
{"level":"debug","message":"Query: SELECT \"public\".\"users\".\"id\", \"public\".\"users\".\"email\", \"public\".\"users\".\"role\"::text, \"public\".\"users\".\"instituteId\", \"public\".\"users\".\"isActive\", \"public\".\"users\".\"tokenVersion\" FROM \"public\".\"users\" WHERE (\"public\".\"users\".\"id\" = $1 AND 1=1) LIMIT $2 OFFSET $3","service":"preplyte-api","timestamp":"2026-02-05 12:24:37"}
{"level":"debug","message":"Params: [\"cml92r5r50001q3oopvkslp23\",1,0]","service":"preplyte-api","timestamp":"2026-02-05 12:24:37"}
{"level":"debug","message":"Duration: 0ms","service":"preplyte-api","timestamp":"2026-02-05 12:24:37"}
{"level":"debug","message":"Query: SELECT 1","service":"preplyte-api","timestamp":"2026-02-05 12:24:37"}
{"level":"debug","message":"Params: []","service":"preplyte-api","timestamp":"2026-02-05 12:24:37"}
{"level":"debug","message":"Duration: 0ms","service":"preplyte-api","timestamp":"2026-02-05 12:24:37"}
{"level":"debug","message":"Query: SELECT \"public\".\"institutes\".\"id\", \"public\".\"institutes\".\"name\", \"public\".\"institutes\".\"domain\", \"public\".\"institutes\".\"isActive\", \"public\".\"institutes\".\"createdAt\", \"public\".\"institutes\".\"updatedAt\", COALESCE(\"aggr_selection_0_User\".\"_aggr_count_users\", 0) AS \"_aggr_count_users\" FROM \"public\".\"institutes\" LEFT JOIN (SELECT \"public\".\"users\".\"instituteId\", COUNT(*) AS \"_aggr_count_users\" FROM \"public\".\"users\" WHERE 1=1 GROUP BY \"public\".\"users\".\"instituteId\") AS \"aggr_selection_0_User\" ON (\"public\".\"institutes\".\"id\" = \"aggr_selection_0_User\".\"instituteId\") WHERE 1=1 ORDER BY \"public\".\"institutes\".\"createdAt\" DESC LIMIT $1 OFFSET $2","service":"preplyte-api","timestamp":"2026-02-05 12:24:37"}
{"level":"debug","message":"Params: [10,0]","service":"preplyte-api","timestamp":"2026-02-05 12:24:37"}
{"level":"debug","message":"Duration: 10ms","service":"preplyte-api","timestamp":"2026-02-05 12:24:37"}
{"level":"debug","message":"Query: SELECT COUNT(*) FROM (SELECT \"public\".\"institutes\".\"id\" FROM \"public\".\"institutes\" WHERE 1=1 OFFSET $1) AS \"sub\"","service":"preplyte-api","timestamp":"2026-02-05 12:24:37"}
{"level":"debug","message":"Params: [0]","service":"preplyte-api","timestamp":"2026-02-05 12:24:37"}
{"level":"debug","message":"Duration: 7ms","service":"preplyte-api","timestamp":"2026-02-05 12:24:37"}
{"level":"debug","message":"Query: SELECT COUNT(*) FROM (SELECT \"public\".\"institutes\".\"id\" FROM \"public\".\"institutes\" WHERE 1=1 OFFSET $1) AS \"sub\"","service":"preplyte-api","timestamp":"2026-02-05 12:24:37"}
{"level":"debug","message":"Params: [0]","service":"preplyte-api","timestamp":"2026-02-05 12:24:37"}
{"level":"debug","message":"Duration: 1ms","service":"preplyte-api","timestamp":"2026-02-05 12:24:37"}
{"level":"debug","message":"Query: SELECT \"public\".\"institutes\".\"id\", \"public\".\"institutes\".\"name\", \"public\".\"institutes\".\"domain\", \"public\".\"institutes\".\"isActive\", \"public\".\"institutes\".\"createdAt\", \"public\".\"institutes\".\"updatedAt\", COALESCE(\"aggr_selection_0_User\".\"_aggr_count_users\", 0) AS \"_aggr_count_users\" FROM \"public\".\"institutes\" LEFT JOIN (SELECT \"public\".\"users\".\"instituteId\", COUNT(*) AS \"_aggr_count_users\" FROM \"public\".\"users\" WHERE 1=1 GROUP BY \"public\".\"users\".\"instituteId\") AS \"aggr_selection_0_User\" ON (\"public\".\"institutes\".\"id\" = \"aggr_selection_0_User\".\"instituteId\") WHERE 1=1 ORDER BY \"public\".\"institutes\".\"createdAt\" DESC LIMIT $1 OFFSET $2","service":"preplyte-api","timestamp":"2026-02-05 12:24:37"}
{"level":"debug","message":"Params: [5,0]","service":"preplyte-api","timestamp":"2026-02-05 12:24:37"}
{"level":"debug","message":"Duration: 2ms","service":"preplyte-api","timestamp":"2026-02-05 12:24:37"}
{"level":"info","message":"\u001b[0mGET /api/admin/institutes?page=1&limit=10&sortBy=createdAt&sortOrder=desc \u001b[36m304\u001b[0m 80.087 ms - -\u001b[0m","service":"preplyte-api","timestamp":"2026-02-05 12:24:37"}
{"level":"info","message":"\u001b[0mGET /api/admin/institutes?page=1&limit=5&sortBy=createdAt&sortOrder=desc \u001b[36m304\u001b[0m 79.151 ms - -\u001b[0m","service":"preplyte-api","timestamp":"2026-02-05 12:24:37"}
{"level":"debug","message":"Query: SELECT \"public\".\"users\".\"id\", \"public\".\"users\".\"email\", \"public\".\"users\".\"role\"::text, \"public\".\"users\".\"instituteId\", \"public\".\"users\".\"isActive\", \"public\".\"users\".\"tokenVersion\" FROM \"public\".\"users\" WHERE (\"public\".\"users\".\"id\" = $1 AND 1=1) LIMIT $2 OFFSET $3","service":"preplyte-api","timestamp":"2026-02-05 12:24:37"}
{"level":"debug","message":"Params: [\"cml92r5r50001q3oopvkslp23\",1,0]","service":"preplyte-api","timestamp":"2026-02-05 12:24:37"}
{"level":"debug","message":"Duration: 0ms","service":"preplyte-api","timestamp":"2026-02-05 12:24:37"}
{"level":"debug","message":"Query: SELECT \"public\".\"users\".\"id\", \"public\".\"users\".\"email\", \"public\".\"users\".\"role\"::text, \"public\".\"users\".\"instituteId\", \"public\".\"users\".\"isActive\", \"public\".\"users\".\"tokenVersion\" FROM \"public\".\"users\" WHERE (\"public\".\"users\".\"id\" = $1 AND 1=1) LIMIT $2 OFFSET $3","service":"preplyte-api","timestamp":"2026-02-05 12:24:37"}
{"level":"debug","message":"Params: [\"cml92r5r50001q3oopvkslp23\",1,0]","service":"preplyte-api","timestamp":"2026-02-05 12:24:37"}
{"level":"debug","message":"Duration: 0ms","service":"preplyte-api","timestamp":"2026-02-05 12:24:37"}
{"level":"debug","message":"Query: SELECT COUNT(*) FROM (SELECT \"public\".\"institutes\".\"id\" FROM \"public\".\"institutes\" WHERE 1=1 OFFSET $1) AS \"sub\"","service":"preplyte-api","timestamp":"2026-02-05 12:24:37"}
{"level":"debug","message":"Params: [0]","service":"preplyte-api","timestamp":"2026-02-05 12:24:37"}
{"level":"debug","message":"Duration: 0ms","service":"preplyte-api","timestamp":"2026-02-05 12:24:37"}
{"level":"debug","message":"Query: SELECT \"public\".\"institutes\".\"id\", \"public\".\"institutes\".\"name\", \"public\".\"institutes\".\"domain\", \"public\".\"institutes\".\"isActive\", \"public\".\"institutes\".\"createdAt\", \"public\".\"institutes\".\"updatedAt\", COALESCE(\"aggr_selection_0_User\".\"_aggr_count_users\", 0) AS \"_aggr_count_users\" FROM \"public\".\"institutes\" LEFT JOIN (SELECT \"public\".\"users\".\"instituteId\", COUNT(*) AS \"_aggr_count_users\" FROM \"public\".\"users\" WHERE 1=1 GROUP BY \"public\".\"users\".\"instituteId\") AS \"aggr_selection_0_User\" ON (\"public\".\"institutes\".\"id\" = \"aggr_selection_0_User\".\"instituteId\") WHERE 1=1 ORDER BY \"public\".\"institutes\".\"createdAt\" DESC LIMIT $1 OFFSET $2","service":"preplyte-api","timestamp":"2026-02-05 12:24:37"}
{"level":"debug","message":"Params: [10,0]","service":"preplyte-api","timestamp":"2026-02-05 12:24:37"}
{"level":"debug","message":"Duration: 0ms","service":"preplyte-api","timestamp":"2026-02-05 12:24:37"}
{"level":"debug","message":"Query: SELECT COUNT(*) FROM (SELECT \"public\".\"institutes\".\"id\" FROM \"public\".\"institutes\" WHERE 1=1 OFFSET $1) AS \"sub\"","service":"preplyte-api","timestamp":"2026-02-05 12:24:37"}
{"level":"debug","message":"Params: [0]","service":"preplyte-api","timestamp":"2026-02-05 12:24:37"}
{"level":"debug","message":"Duration: 0ms","service":"preplyte-api","timestamp":"2026-02-05 12:24:37"}
{"level":"debug","message":"Query: SELECT \"public\".\"institutes\".\"id\", \"public\".\"institutes\".\"name\", \"public\".\"institutes\".\"domain\", \"public\".\"institutes\".\"isActive\", \"public\".\"institutes\".\"createdAt\", \"public\".\"institutes\".\"updatedAt\", COALESCE(\"aggr_selection_0_User\".\"_aggr_count_users\", 0) AS \"_aggr_count_users\" FROM \"public\".\"institutes\" LEFT JOIN (SELECT \"public\".\"users\".\"instituteId\", COUNT(*) AS \"_aggr_count_users\" FROM \"public\".\"users\" WHERE 1=1 GROUP BY \"public\".\"users\".\"instituteId\") AS \"aggr_selection_0_User\" ON (\"public\".\"institutes\".\"id\" = \"aggr_selection_0_User\".\"instituteId\") WHERE 1=1 ORDER BY \"public\".\"institutes\".\"createdAt\" DESC LIMIT $1 OFFSET $2","service":"preplyte-api","timestamp":"2026-02-05 12:24:37"}
{"level":"debug","message":"Params: [5,0]","service":"preplyte-api","timestamp":"2026-02-05 12:24:37"}
{"level":"debug","message":"Duration: 0ms","service":"preplyte-api","timestamp":"2026-02-05 12:24:37"}
{"level":"debug","message":"Query: SELECT COUNT(*) FROM (SELECT \"public\".\"machine_practice_sessions\".\"id\" FROM \"public\".\"machine_practice_sessions\" WHERE 1=1 OFFSET $1) AS \"sub\"","service":"preplyte-api","timestamp":"2026-02-05 12:24:37"}
{"level":"debug","message":"Params: [0]","service":"preplyte-api","timestamp":"2026-02-05 12:24:37"}
{"level":"debug","message":"Duration: 4ms","service":"preplyte-api","timestamp":"2026-02-05 12:24:37"}
{"level":"debug","message":"Query: SELECT COUNT(*), AVG(\"totalScore\") FROM (SELECT \"public\".\"machine_practice_sessions\".\"id\", \"public\".\"machine_practice_sessions\".\"totalScore\" FROM \"public\".\"machine_practice_sessions\" WHERE \"public\".\"machine_practice_sessions\".\"completedAt\" IS NOT NULL OFFSET $1) AS \"sub\"","service":"preplyte-api","timestamp":"2026-02-05 12:24:37"}
{"level":"debug","message":"Params: [0]","service":"preplyte-api","timestamp":"2026-02-05 12:24:37"}
{"level":"debug","message":"Duration: 6ms","service":"preplyte-api","timestamp":"2026-02-05 12:24:37"}
{"level":"debug","message":"Query: SELECT COUNT(*), \"public\".\"institutes\".\"isActive\" FROM \"public\".\"institutes\" WHERE 1=1 GROUP BY \"public\".\"institutes\".\"isActive\" OFFSET $1","service":"preplyte-api","timestamp":"2026-02-05 12:24:37"}
{"level":"debug","message":"Params: [0]","service":"preplyte-api","timestamp":"2026-02-05 12:24:37"}
{"level":"debug","message":"Duration: 5ms","service":"preplyte-api","timestamp":"2026-02-05 12:24:37"}
{"level":"debug","message":"Query: SELECT AVG(\"overallScore\") FROM (SELECT \"public\".\"ai_interview_feedbacks\".\"overallScore\" FROM \"public\".\"ai_interview_feedbacks\" WHERE 1=1 OFFSET $1) AS \"sub\"","service":"preplyte-api","timestamp":"2026-02-05 12:24:37"}
{"level":"debug","message":"Params: [0]","service":"preplyte-api","timestamp":"2026-02-05 12:24:37"}
{"level":"debug","message":"Duration: 5ms","service":"preplyte-api","timestamp":"2026-02-05 12:24:37"}
{"level":"debug","message":"Query: SELECT COUNT(*), AVG(\"totalScore\") FROM (SELECT \"public\".\"aptitude_practice_sessions\".\"id\", \"public\".\"aptitude_practice_sessions\".\"totalScore\" FROM \"public\".\"aptitude_practice_sessions\" WHERE \"public\".\"aptitude_practice_sessions\".\"completedAt\" IS NOT NULL OFFSET $1) AS \"sub\"","service":"preplyte-api","timestamp":"2026-02-05 12:24:37"}
{"level":"debug","message":"Params: [0]","service":"preplyte-api","timestamp":"2026-02-05 12:24:37"}
{"level":"debug","message":"Duration: 5ms","service":"preplyte-api","timestamp":"2026-02-05 12:24:37"}
{"level":"debug","message":"Query: SELECT COUNT(*) FROM (SELECT \"public\".\"ai_interview_sessions\".\"id\" FROM \"public\".\"ai_interview_sessions\" WHERE \"public\".\"ai_interview_sessions\".\"status\" = CAST($1::text AS \"public\".\"AiInterviewSessionStatus\") OFFSET $2) AS \"sub\"","service":"preplyte-api","timestamp":"2026-02-05 12:24:37"}
{"level":"debug","message":"Params: [\"COMPLETED\",0]","service":"preplyte-api","timestamp":"2026-02-05 12:24:37"}
{"level":"debug","message":"Duration: 9ms","service":"preplyte-api","timestamp":"2026-02-05 12:24:37"}
{"level":"info","message":"\u001b[0mGET /api/admin/institutes?page=1&limit=10&sortBy=createdAt&sortOrder=desc \u001b[36m304\u001b[0m 103.272 ms - -\u001b[0m","service":"preplyte-api","timestamp":"2026-02-05 12:24:37"}
{"level":"info","message":"\u001b[0mGET /api/admin/institutes?page=1&limit=5&sortBy=createdAt&sortOrder=desc \u001b[36m304\u001b[0m 100.803 ms - -\u001b[0m","service":"preplyte-api","timestamp":"2026-02-05 12:24:37"}
{"level":"debug","message":"Query: SELECT \"public\".\"ai_interview_sessions\".\"id\", \"public\".\"ai_interview_sessions\".\"createdAt\" FROM \"public\".\"ai_interview_sessions\" WHERE \"public\".\"ai_interview_sessions\".\"createdAt\" >= $1 OFFSET $2","service":"preplyte-api","timestamp":"2026-02-05 12:24:37"}
{"level":"debug","message":"Params: [\"2026-01-06 06:54:37.366 UTC\",0]","service":"preplyte-api","timestamp":"2026-02-05 12:24:37"}
{"level":"debug","message":"Duration: 10ms","service":"preplyte-api","timestamp":"2026-02-05 12:24:37"}
{"level":"debug","message":"Query: SELECT COUNT(*), \"public\".\"users\".\"role\"::text, \"public\".\"users\".\"isActive\" FROM \"public\".\"users\" WHERE 1=1 GROUP BY \"public\".\"users\".\"role\", \"public\".\"users\".\"isActive\" OFFSET $1","service":"preplyte-api","timestamp":"2026-02-05 12:24:37"}
{"level":"debug","message":"Params: [0]","service":"preplyte-api","timestamp":"2026-02-05 12:24:37"}
{"level":"debug","message":"Duration: 13ms","service":"preplyte-api","timestamp":"2026-02-05 12:24:37"}
{"level":"debug","message":"Query: SELECT \"public\".\"aptitude_practice_sessions\".\"id\", \"public\".\"aptitude_practice_sessions\".\"createdAt\" FROM \"public\".\"aptitude_practice_sessions\" WHERE \"public\".\"aptitude_practice_sessions\".\"createdAt\" >= $1 OFFSET $2","service":"preplyte-api","timestamp":"2026-02-05 12:24:37"}
{"level":"debug","message":"Params: [\"2026-01-06 06:54:37.366 UTC\",0]","service":"preplyte-api","timestamp":"2026-02-05 12:24:37"}
{"level":"debug","message":"Duration: 3ms","service":"preplyte-api","timestamp":"2026-02-05 12:24:37"}
{"level":"debug","message":"Query: SELECT COUNT(*) FROM (SELECT \"public\".\"aptitude_practice_sessions\".\"id\" FROM \"public\".\"aptitude_practice_sessions\" WHERE 1=1 OFFSET $1) AS \"sub\"","service":"preplyte-api","timestamp":"2026-02-05 12:24:37"}
{"level":"debug","message":"Params: [0]","service":"preplyte-api","timestamp":"2026-02-05 12:24:37"}
{"level":"debug","message":"Duration: 3ms","service":"preplyte-api","timestamp":"2026-02-05 12:24:37"}
{"level":"debug","message":"Query: SELECT COUNT(*) FROM (SELECT \"public\".\"ai_interview_sessions\".\"id\" FROM \"public\".\"ai_interview_sessions\" WHERE 1=1 OFFSET $1) AS \"sub\"","service":"preplyte-api","timestamp":"2026-02-05 12:24:37"}
{"level":"debug","message":"Params: [0]","service":"preplyte-api","timestamp":"2026-02-05 12:24:37"}
{"level":"debug","message":"Duration: 4ms","service":"preplyte-api","timestamp":"2026-02-05 12:24:37"}
{"level":"debug","message":"Query: SELECT \"public\".\"users\".\"id\", \"public\".\"users\".\"createdAt\" FROM \"public\".\"users\" WHERE \"public\".\"users\".\"createdAt\" >= $1 OFFSET $2","service":"preplyte-api","timestamp":"2026-02-05 12:24:37"}
{"level":"debug","message":"Params: [\"2026-01-06 06:54:37.365 UTC\",0]","service":"preplyte-api","timestamp":"2026-02-05 12:24:37"}
{"level":"debug","message":"Duration: 5ms","service":"preplyte-api","timestamp":"2026-02-05 12:24:37"}
{"level":"debug","message":"Query: SELECT \"public\".\"machine_practice_sessions\".\"id\", \"public\".\"machine_practice_sessions\".\"createdAt\" FROM \"public\".\"machine_practice_sessions\" WHERE \"public\".\"machine_practice_sessions\".\"createdAt\" >= $1 OFFSET $2","service":"preplyte-api","timestamp":"2026-02-05 12:24:37"}
{"level":"debug","message":"Params: [\"2026-01-06 06:54:37.366 UTC\",0]","service":"preplyte-api","timestamp":"2026-02-05 12:24:37"}
{"level":"debug","message":"Duration: 3ms","service":"preplyte-api","timestamp":"2026-02-05 12:24:37"}
{"level":"info","message":"\u001b[0mGET /api/admin/analytics \u001b[32m200\u001b[0m 233.396 ms - -\u001b[0m","service":"preplyte-api","timestamp":"2026-02-05 12:24:37"}
{"level":"debug","message":"Query: SELECT \"public\".\"users\".\"id\", \"public\".\"users\".\"email\", \"public\".\"users\".\"role\"::text, \"public\".\"users\".\"instituteId\", \"public\".\"users\".\"isActive\", \"public\".\"users\".\"tokenVersion\" FROM \"public\".\"users\" WHERE (\"public\".\"users\".\"id\" = $1 AND 1=1) LIMIT $2 OFFSET $3","service":"preplyte-api","timestamp":"2026-02-05 12:24:37"}
{"level":"debug","message":"Params: [\"cml92r5r50001q3oopvkslp23\",1,0]","service":"preplyte-api","timestamp":"2026-02-05 12:24:37"}
{"level":"debug","message":"Duration: 4ms","service":"preplyte-api","timestamp":"2026-02-05 12:24:37"}
{"level":"debug","message":"Query: SELECT COUNT(*) FROM (SELECT \"public\".\"ai_interview_sessions\".\"id\" FROM \"public\".\"ai_interview_sessions\" WHERE \"public\".\"ai_interview_sessions\".\"status\" = CAST($1::text AS \"public\".\"AiInterviewSessionStatus\") OFFSET $2) AS \"sub\"","service":"preplyte-api","timestamp":"2026-02-05 12:24:37"}
{"level":"debug","message":"Params: [\"COMPLETED\",0]","service":"preplyte-api","timestamp":"2026-02-05 12:24:37"}
{"level":"debug","message":"Duration: 1ms","service":"preplyte-api","timestamp":"2026-02-05 12:24:37"}
{"level":"debug","message":"Query: SELECT \"public\".\"machine_practice_sessions\".\"id\", \"public\".\"machine_practice_sessions\".\"createdAt\" FROM \"public\".\"machine_practice_sessions\" WHERE \"public\".\"machine_practice_sessions\".\"createdAt\" >= $1 OFFSET $2","service":"preplyte-api","timestamp":"2026-02-05 12:24:37"}
{"level":"debug","message":"Params: [\"2026-01-06 06:54:37.588 UTC\",0]","service":"preplyte-api","timestamp":"2026-02-05 12:24:37"}
{"level":"debug","message":"Duration: 1ms","service":"preplyte-api","timestamp":"2026-02-05 12:24:37"}
{"level":"debug","message":"Query: SELECT COUNT(*), \"public\".\"users\".\"role\"::text, \"public\".\"users\".\"isActive\" FROM \"public\".\"users\" WHERE 1=1 GROUP BY \"public\".\"users\".\"role\", \"public\".\"users\".\"isActive\" OFFSET $1","service":"preplyte-api","timestamp":"2026-02-05 12:24:37"}
{"level":"debug","message":"Params: [0]","service":"preplyte-api","timestamp":"2026-02-05 12:24:37"}
{"level":"debug","message":"Duration: 3ms","service":"preplyte-api","timestamp":"2026-02-05 12:24:37"}
{"level":"debug","message":"Query: SELECT COUNT(*), AVG(\"totalScore\") FROM (SELECT \"public\".\"aptitude_practice_sessions\".\"id\", \"public\".\"aptitude_practice_sessions\".\"totalScore\" FROM \"public\".\"aptitude_practice_sessions\" WHERE \"public\".\"aptitude_practice_sessions\".\"completedAt\" IS NOT NULL OFFSET $1) AS \"sub\"","service":"preplyte-api","timestamp":"2026-02-05 12:24:37"}
{"level":"debug","message":"Params: [0]","service":"preplyte-api","timestamp":"2026-02-05 12:24:37"}
{"level":"debug","message":"Duration: 2ms","service":"preplyte-api","timestamp":"2026-02-05 12:24:37"}
{"level":"debug","message":"Query: SELECT COUNT(*) FROM (SELECT \"public\".\"aptitude_practice_sessions\".\"id\" FROM \"public\".\"aptitude_practice_sessions\" WHERE 1=1 OFFSET $1) AS \"sub\"","service":"preplyte-api","timestamp":"2026-02-05 12:24:37"}
{"level":"debug","message":"Params: [0]","service":"preplyte-api","timestamp":"2026-02-05 12:24:37"}
{"level":"debug","message":"Duration: 6ms","service":"preplyte-api","timestamp":"2026-02-05 12:24:37"}
{"level":"debug","message":"Query: SELECT \"public\".\"aptitude_practice_sessions\".\"id\", \"public\".\"aptitude_practice_sessions\".\"createdAt\" FROM \"public\".\"aptitude_practice_sessions\" WHERE \"public\".\"aptitude_practice_sessions\".\"createdAt\" >= $1 OFFSET $2","service":"preplyte-api","timestamp":"2026-02-05 12:24:37"}
{"level":"debug","message":"Params: [\"2026-01-06 06:54:37.588 UTC\",0]","service":"preplyte-api","timestamp":"2026-02-05 12:24:37"}
{"level":"debug","message":"Duration: 6ms","service":"preplyte-api","timestamp":"2026-02-05 12:24:37"}
{"level":"debug","message":"Query: SELECT COUNT(*) FROM (SELECT \"public\".\"machine_practice_sessions\".\"id\" FROM \"public\".\"machine_practice_sessions\" WHERE 1=1 OFFSET $1) AS \"sub\"","service":"preplyte-api","timestamp":"2026-02-05 12:24:37"}
{"level":"debug","message":"Params: [0]","service":"preplyte-api","timestamp":"2026-02-05 12:24:37"}
{"level":"debug","message":"Duration: 7ms","service":"preplyte-api","timestamp":"2026-02-05 12:24:37"}
{"level":"debug","message":"Query: SELECT AVG(\"overallScore\") FROM (SELECT \"public\".\"ai_interview_feedbacks\".\"overallScore\" FROM \"public\".\"ai_interview_feedbacks\" WHERE 1=1 OFFSET $1) AS \"sub\"","service":"preplyte-api","timestamp":"2026-02-05 12:24:37"}
{"level":"debug","message":"Params: [0]","service":"preplyte-api","timestamp":"2026-02-05 12:24:37"}
{"level":"debug","message":"Duration: 7ms","service":"preplyte-api","timestamp":"2026-02-05 12:24:37"}
{"level":"debug","message":"Query: SELECT COUNT(*), \"public\".\"institutes\".\"isActive\" FROM \"public\".\"institutes\" WHERE 1=1 GROUP BY \"public\".\"institutes\".\"isActive\" OFFSET $1","service":"preplyte-api","timestamp":"2026-02-05 12:24:37"}
{"level":"debug","message":"Params: [0]","service":"preplyte-api","timestamp":"2026-02-05 12:24:37"}
{"level":"debug","message":"Duration: 8ms","service":"preplyte-api","timestamp":"2026-02-05 12:24:37"}
{"level":"debug","message":"Query: SELECT COUNT(*), AVG(\"totalScore\") FROM (SELECT \"public\".\"machine_practice_sessions\".\"id\", \"public\".\"machine_practice_sessions\".\"totalScore\" FROM \"public\".\"machine_practice_sessions\" WHERE \"public\".\"machine_practice_sessions\".\"completedAt\" IS NOT NULL OFFSET $1) AS \"sub\"","service":"preplyte-api","timestamp":"2026-02-05 12:24:37"}
{"level":"debug","message":"Params: [0]","service":"preplyte-api","timestamp":"2026-02-05 12:24:37"}
{"level":"debug","message":"Duration: 9ms","service":"preplyte-api","timestamp":"2026-02-05 12:24:37"}
{"level":"debug","message":"Query: SELECT \"public\".\"users\".\"id\", \"public\".\"users\".\"createdAt\" FROM \"public\".\"users\" WHERE \"public\".\"users\".\"createdAt\" >= $1 OFFSET $2","service":"preplyte-api","timestamp":"2026-02-05 12:24:37"}
{"level":"debug","message":"Params: [\"2026-01-06 06:54:37.588 UTC\",0]","service":"preplyte-api","timestamp":"2026-02-05 12:24:37"}
{"level":"debug","message":"Duration: 9ms","service":"preplyte-api","timestamp":"2026-02-05 12:24:37"}
{"level":"debug","message":"Query: SELECT \"public\".\"ai_interview_sessions\".\"id\", \"public\".\"ai_interview_sessions\".\"createdAt\" FROM \"public\".\"ai_interview_sessions\" WHERE \"public\".\"ai_interview_sessions\".\"createdAt\" >= $1 OFFSET $2","service":"preplyte-api","timestamp":"2026-02-05 12:24:37"}
{"level":"debug","message":"Params: [\"2026-01-06 06:54:37.588 UTC\",0]","service":"preplyte-api","timestamp":"2026-02-05 12:24:37"}
{"level":"debug","message":"Duration: 9ms","service":"preplyte-api","timestamp":"2026-02-05 12:24:37"}
{"level":"debug","message":"Query: SELECT COUNT(*) FROM (SELECT \"public\".\"ai_interview_sessions\".\"id\" FROM \"public\".\"ai_interview_sessions\" WHERE 1=1 OFFSET $1) AS \"sub\"","service":"preplyte-api","timestamp":"2026-02-05 12:24:37"}
{"level":"debug","message":"Params: [0]","service":"preplyte-api","timestamp":"2026-02-05 12:24:37"}
{"level":"debug","message":"Duration: 10ms","service":"preplyte-api","timestamp":"2026-02-05 12:24:37"}
{"level":"info","message":"\u001b[0mGET /api/admin/analytics \u001b[36m304\u001b[0m 51.885 ms - -\u001b[0m","service":"preplyte-api","timestamp":"2026-02-05 12:24:37"}
{"level":"debug","message":"Query: SELECT \"public\".\"users\".\"id\", \"public\".\"users\".\"email\", \"public\".\"users\".\"role\"::text, \"public\".\"users\".\"instituteId\", \"public\".\"users\".\"isActive\", \"public\".\"users\".\"tokenVersion\" FROM \"public\".\"users\" WHERE (\"public\".\"users\".\"id\" = $1 AND 1=1) LIMIT $2 OFFSET $3","service":"preplyte-api","timestamp":"2026-02-05 12:24:45"}
{"level":"debug","message":"Params: [\"cml92r5r50001q3oopvkslp23\",1,0]","service":"preplyte-api","timestamp":"2026-02-05 12:24:45"}
{"level":"debug","message":"Duration: 2ms","service":"preplyte-api","timestamp":"2026-02-05 12:24:45"}
{"level":"debug","message":"Query: SELECT COUNT(*) FROM (SELECT \"public\".\"lms_courses\".\"id\" FROM \"public\".\"lms_courses\" WHERE 1=1 OFFSET $1) AS \"sub\"","service":"preplyte-api","timestamp":"2026-02-05 12:24:45"}
{"level":"debug","message":"Params: [0]","service":"preplyte-api","timestamp":"2026-02-05 12:24:45"}
{"level":"debug","message":"Duration: 9ms","service":"preplyte-api","timestamp":"2026-02-05 12:24:45"}
{"level":"debug","message":"Query: SELECT AVG(\"progressPercent\") FROM (SELECT \"public\".\"lms_enrollments\".\"progressPercent\" FROM \"public\".\"lms_enrollments\" WHERE 1=1 OFFSET $1) AS \"sub\"","service":"preplyte-api","timestamp":"2026-02-05 12:24:45"}
{"level":"debug","message":"Params: [0]","service":"preplyte-api","timestamp":"2026-02-05 12:24:45"}
{"level":"debug","message":"Duration: 9ms","service":"preplyte-api","timestamp":"2026-02-05 12:24:45"}
{"level":"debug","message":"Query: SELECT COUNT(*) FROM (SELECT \"public\".\"lms_enrollments\".\"id\" FROM \"public\".\"lms_enrollments\" WHERE \"public\".\"lms_enrollments\".\"status\" = CAST($1::text AS \"public\".\"LmsEnrollmentStatus\") OFFSET $2) AS \"sub\"","service":"preplyte-api","timestamp":"2026-02-05 12:24:45"}
{"level":"debug","message":"Params: [\"COMPLETED\",0]","service":"preplyte-api","timestamp":"2026-02-05 12:24:45"}
{"level":"debug","message":"Duration: 9ms","service":"preplyte-api","timestamp":"2026-02-05 12:24:45"}
{"level":"debug","message":"Query: SELECT COUNT(*) FROM (SELECT \"public\".\"lms_courses\".\"id\" FROM \"public\".\"lms_courses\" WHERE \"public\".\"lms_courses\".\"status\" = CAST($1::text AS \"public\".\"LmsCourseStatus\") OFFSET $2) AS \"sub\"","service":"preplyte-api","timestamp":"2026-02-05 12:24:45"}
{"level":"debug","message":"Params: [\"PUBLISHED\",0]","service":"preplyte-api","timestamp":"2026-02-05 12:24:45"}
{"level":"debug","message":"Duration: 11ms","service":"preplyte-api","timestamp":"2026-02-05 12:24:45"}
{"level":"debug","message":"Query: SELECT \"public\".\"lms_courses\".\"id\", \"public\".\"lms_courses\".\"price\", COALESCE(\"aggr_selection_0_LmsEnrollment\".\"_aggr_count_enrollments\", 0) AS \"_aggr_count_enrollments\" FROM \"public\".\"lms_courses\" LEFT JOIN (SELECT \"public\".\"lms_enrollments\".\"courseId\", COUNT(*) AS \"_aggr_count_enrollments\" FROM \"public\".\"lms_enrollments\" WHERE 1=1 GROUP BY \"public\".\"lms_enrollments\".\"courseId\") AS \"aggr_selection_0_LmsEnrollment\" ON (\"public\".\"lms_courses\".\"id\" = \"aggr_selection_0_LmsEnrollment\".\"courseId\") WHERE \"public\".\"lms_courses\".\"price\" > $1 OFFSET $2","service":"preplyte-api","timestamp":"2026-02-05 12:24:45"}
{"level":"debug","message":"Params: [0,0]","service":"preplyte-api","timestamp":"2026-02-05 12:24:45"}
{"level":"debug","message":"Duration: 18ms","service":"preplyte-api","timestamp":"2026-02-05 12:24:45"}
{"level":"debug","message":"Query: SELECT COUNT(*) FROM (SELECT \"public\".\"lms_enrollments\".\"id\" FROM \"public\".\"lms_enrollments\" WHERE 1=1 OFFSET $1) AS \"sub\"","service":"preplyte-api","timestamp":"2026-02-05 12:24:45"}
{"level":"debug","message":"Params: [0]","service":"preplyte-api","timestamp":"2026-02-05 12:24:45"}
{"level":"debug","message":"Duration: 1ms","service":"preplyte-api","timestamp":"2026-02-05 12:24:45"}
{"level":"debug","message":"Query: SELECT COUNT(*) FROM (SELECT \"public\".\"lms_categories\".\"id\" FROM \"public\".\"lms_categories\" WHERE 1=1 OFFSET $1) AS \"sub\"","service":"preplyte-api","timestamp":"2026-02-05 12:24:45"}
{"level":"debug","message":"Params: [0]","service":"preplyte-api","timestamp":"2026-02-05 12:24:45"}
{"level":"debug","message":"Duration: 6ms","service":"preplyte-api","timestamp":"2026-02-05 12:24:45"}
{"level":"debug","message":"Query: SELECT COUNT(*) FROM (SELECT \"public\".\"lms_modules\".\"id\" FROM \"public\".\"lms_modules\" WHERE 1=1 OFFSET $1) AS \"sub\"","service":"preplyte-api","timestamp":"2026-02-05 12:24:45"}
{"level":"debug","message":"Params: [0]","service":"preplyte-api","timestamp":"2026-02-05 12:24:45"}
{"level":"debug","message":"Duration: 6ms","service":"preplyte-api","timestamp":"2026-02-05 12:24:45"}
{"level":"debug","message":"Query: SELECT COUNT(*) FROM (SELECT \"public\".\"lms_topics\".\"id\" FROM \"public\".\"lms_topics\" WHERE 1=1 OFFSET $1) AS \"sub\"","service":"preplyte-api","timestamp":"2026-02-05 12:24:45"}
{"level":"debug","message":"Params: [0]","service":"preplyte-api","timestamp":"2026-02-05 12:24:45"}
{"level":"debug","message":"Duration: 9ms","service":"preplyte-api","timestamp":"2026-02-05 12:24:45"}
{"level":"debug","message":"Query: SELECT \"public\".\"lms_enrollments\".\"id\", \"public\".\"lms_enrollments\".\"enrolledAt\" FROM \"public\".\"lms_enrollments\" WHERE \"public\".\"lms_enrollments\".\"enrolledAt\" >= $1 ORDER BY \"public\".\"lms_enrollments\".\"id\" ASC LIMIT $2 OFFSET $3","service":"preplyte-api","timestamp":"2026-02-05 12:24:45"}
{"level":"debug","message":"Params: [\"2026-01-06 06:54:45.980 UTC\",1000,0]","service":"preplyte-api","timestamp":"2026-02-05 12:24:45"}
{"level":"debug","message":"Duration: 2ms","service":"preplyte-api","timestamp":"2026-02-05 12:24:45"}
{"level":"debug","message":"Query: SELECT \"public\".\"lms_categories\".\"id\", \"public\".\"lms_categories\".\"name\", \"public\".\"lms_categories\".\"slug\", \"public\".\"lms_categories\".\"description\", \"public\".\"lms_categories\".\"iconUrl\", \"public\".\"lms_categories\".\"order\", \"public\".\"lms_categories\".\"isActive\", \"public\".\"lms_categories\".\"createdAt\", \"public\".\"lms_categories\".\"updatedAt\" FROM \"public\".\"lms_categories\" WHERE 1=1 OFFSET $1","service":"preplyte-api","timestamp":"2026-02-05 12:24:45"}
{"level":"debug","message":"Params: [0]","service":"preplyte-api","timestamp":"2026-02-05 12:24:45"}
{"level":"debug","message":"Duration: 11ms","service":"preplyte-api","timestamp":"2026-02-05 12:24:45"}
{"level":"debug","message":"Query: SELECT \"public\".\"lms_courses\".\"id\", \"public\".\"lms_courses\".\"title\", \"public\".\"lms_courses\".\"price\", COALESCE(\"aggr_selection_0_LmsEnrollment\".\"_aggr_count_enrollments\", 0) AS \"_aggr_count_enrollments\" FROM \"public\".\"lms_courses\" LEFT JOIN (SELECT \"public\".\"lms_enrollments\".\"courseId\", COUNT(*) AS \"orderby_aggregator\" FROM \"public\".\"lms_enrollments\" WHERE 1=1 GROUP BY \"public\".\"lms_enrollments\".\"courseId\") AS \"orderby_1_LmsEnrollment\" ON (\"public\".\"lms_courses\".\"id\" = \"orderby_1_LmsEnrollment\".\"courseId\") LEFT JOIN (SELECT \"public\".\"lms_enrollments\".\"courseId\", COUNT(*) AS \"_aggr_count_enrollments\" FROM \"public\".\"lms_enrollments\" WHERE 1=1 GROUP BY \"public\".\"lms_enrollments\".\"courseId\") AS \"aggr_selection_0_LmsEnrollment\" ON (\"public\".\"lms_courses\".\"id\" = \"aggr_selection_0_LmsEnrollment\".\"courseId\") WHERE 1=1 ORDER BY COALESCE(\"orderby_1_LmsEnrollment\".\"orderby_aggregator\", $1) DESC LIMIT $2 OFFSET $3","service":"preplyte-api","timestamp":"2026-02-05 12:24:46"}
{"level":"debug","message":"Params: [0,5,0]","service":"preplyte-api","timestamp":"2026-02-05 12:24:46"}
{"level":"debug","message":"Duration: 16ms","service":"preplyte-api","timestamp":"2026-02-05 12:24:46"}
{"level":"debug","message":"Query: SELECT \"public\".\"lms_courses\".\"id\", \"public\".\"lms_courses\".\"categoryId\", COALESCE(\"aggr_selection_0_LmsEnrollment\".\"_aggr_count_enrollments\", 0) AS \"_aggr_count_enrollments\" FROM \"public\".\"lms_courses\" LEFT JOIN (SELECT \"public\".\"lms_enrollments\".\"courseId\", COUNT(*) AS \"_aggr_count_enrollments\" FROM \"public\".\"lms_enrollments\" WHERE 1=1 GROUP BY \"public\".\"lms_enrollments\".\"courseId\") AS \"aggr_selection_0_LmsEnrollment\" ON (\"public\".\"lms_courses\".\"id\" = \"aggr_selection_0_LmsEnrollment\".\"courseId\") WHERE \"public\".\"lms_courses\".\"categoryId\" IN ($1,$2,$3) OFFSET $4","service":"preplyte-api","timestamp":"2026-02-05 12:24:46"}
{"level":"debug","message":"Params: [\"cml92k1i3000017d0bq70mkrl\",\"cml92k1jr000117d0cg73jwlc\",\"cml92k1jt000217d0r4tfrsnl\",0]","service":"preplyte-api","timestamp":"2026-02-05 12:24:46"}
{"level":"debug","message":"Duration: 11ms","service":"preplyte-api","timestamp":"2026-02-05 12:24:46"}
{"level":"debug","message":"Query: SELECT AVG(\"public\".\"lms_enrollments\".\"progressPercent\"), \"public\".\"lms_enrollments\".\"courseId\" FROM \"public\".\"lms_enrollments\" WHERE \"public\".\"lms_enrollments\".\"courseId\" IN ($1,$2) GROUP BY \"public\".\"lms_enrollments\".\"courseId\" OFFSET $3","service":"preplyte-api","timestamp":"2026-02-05 12:24:46"}
{"level":"debug","message":"Params: [\"cml92k1k4000417d09rzlrf37\",\"cml93bbti0001h2p0y0h24vng\",0]","service":"preplyte-api","timestamp":"2026-02-05 12:24:46"}
{"level":"debug","message":"Duration: 2ms","service":"preplyte-api","timestamp":"2026-02-05 12:24:46"}
{"level":"info","message":"\u001b[0mGET /api/admin/lms/analytics/overview \u001b[32m200\u001b[0m 123.221 ms - 881\u001b[0m","service":"preplyte-api","timestamp":"2026-02-05 12:24:46"}
{"level":"debug","message":"Query: SELECT 1","service":"preplyte-api","timestamp":"2026-02-05 12:25:00"}
{"level":"debug","message":"Params: []","service":"preplyte-api","timestamp":"2026-02-05 12:25:00"}
{"level":"debug","message":"Duration: 0ms","service":"preplyte-api","timestamp":"2026-02-05 12:25:00"}
{"level":"debug","message":"Query: SELECT \"public\".\"users\".\"id\", \"public\".\"users\".\"email\", \"public\".\"users\".\"role\"::text, \"public\".\"users\".\"instituteId\", \"public\".\"users\".\"isActive\", \"public\".\"users\".\"tokenVersion\" FROM \"public\".\"users\" WHERE (\"public\".\"users\".\"id\" = $1 AND 1=1) LIMIT $2 OFFSET $3","service":"preplyte-api","timestamp":"2026-02-05 12:25:00"}
{"level":"debug","message":"Params: [\"cml92r5r50001q3oopvkslp23\",1,0]","service":"preplyte-api","timestamp":"2026-02-05 12:25:00"}
{"level":"debug","message":"Duration: 1ms","service":"preplyte-api","timestamp":"2026-02-05 12:25:00"}
{"level":"debug","message":"Query: SELECT \"public\".\"lms_categories\".\"id\", \"public\".\"lms_categories\".\"name\", \"public\".\"lms_categories\".\"slug\", \"public\".\"lms_categories\".\"description\", \"public\".\"lms_categories\".\"iconUrl\", \"public\".\"lms_categories\".\"order\", \"public\".\"lms_categories\".\"isActive\", \"public\".\"lms_categories\".\"createdAt\", \"public\".\"lms_categories\".\"updatedAt\", COALESCE(\"aggr_selection_0_LmsCourse\".\"_aggr_count_courses\", 0) AS \"_aggr_count_courses\" FROM \"public\".\"lms_categories\" LEFT JOIN (SELECT \"public\".\"lms_courses\".\"categoryId\", COUNT(*) AS \"_aggr_count_courses\" FROM \"public\".\"lms_courses\" WHERE 1=1 GROUP BY \"public\".\"lms_courses\".\"categoryId\") AS \"aggr_selection_0_LmsCourse\" ON (\"public\".\"lms_categories\".\"id\" = \"aggr_selection_0_LmsCourse\".\"categoryId\") WHERE 1=1 ORDER BY \"public\".\"lms_categories\".\"order\" ASC OFFSET $1","service":"preplyte-api","timestamp":"2026-02-05 12:25:00"}
{"level":"debug","message":"Params: [0]","service":"preplyte-api","timestamp":"2026-02-05 12:25:00"}
{"level":"debug","message":"Duration: 2ms","service":"preplyte-api","timestamp":"2026-02-05 12:25:00"}
{"level":"info","message":"\u001b[0mGET /api/admin/lms/categories \u001b[36m304\u001b[0m 18.688 ms - -\u001b[0m","service":"preplyte-api","timestamp":"2026-02-05 12:25:00"}
{"level":"debug","message":"Query: SELECT 1","service":"preplyte-api","timestamp":"2026-02-05 12:26:58"}
{"level":"debug","message":"Params: []","service":"preplyte-api","timestamp":"2026-02-05 12:26:58"}
{"level":"debug","message":"Duration: 1ms","service":"preplyte-api","timestamp":"2026-02-05 12:26:58"}
{"level":"debug","message":"Query: SELECT \"public\".\"users\".\"id\", \"public\".\"users\".\"email\", \"public\".\"users\".\"role\"::text, \"public\".\"users\".\"instituteId\", \"public\".\"users\".\"isActive\", \"public\".\"users\".\"tokenVersion\" FROM \"public\".\"users\" WHERE (\"public\".\"users\".\"id\" = $1 AND 1=1) LIMIT $2 OFFSET $3","service":"preplyte-api","timestamp":"2026-02-05 12:26:58"}
{"level":"debug","message":"Params: [\"cml92r5r50001q3oopvkslp23\",1,0]","service":"preplyte-api","timestamp":"2026-02-05 12:26:58"}
{"level":"debug","message":"Duration: 0ms","service":"preplyte-api","timestamp":"2026-02-05 12:26:58"}
{"level":"debug","message":"Query: SELECT 1","service":"preplyte-api","timestamp":"2026-02-05 12:26:58"}
{"level":"debug","message":"Params: []","service":"preplyte-api","timestamp":"2026-02-05 12:26:58"}
{"level":"debug","message":"Duration: 0ms","service":"preplyte-api","timestamp":"2026-02-05 12:26:58"}
{"level":"debug","message":"Query: SELECT 1","service":"preplyte-api","timestamp":"2026-02-05 12:26:58"}
{"level":"debug","message":"Params: []","service":"preplyte-api","timestamp":"2026-02-05 12:26:58"}
{"level":"debug","message":"Duration: 1ms","service":"preplyte-api","timestamp":"2026-02-05 12:26:58"}
{"level":"debug","message":"Query: SELECT 1","service":"preplyte-api","timestamp":"2026-02-05 12:26:58"}
{"level":"debug","message":"Params: []","service":"preplyte-api","timestamp":"2026-02-05 12:26:58"}
{"level":"debug","message":"Duration: 1ms","service":"preplyte-api","timestamp":"2026-02-05 12:26:58"}
{"level":"debug","message":"Query: SELECT 1","service":"preplyte-api","timestamp":"2026-02-05 12:26:58"}
{"level":"debug","message":"Params: []","service":"preplyte-api","timestamp":"2026-02-05 12:26:58"}
{"level":"debug","message":"Duration: 0ms","service":"preplyte-api","timestamp":"2026-02-05 12:26:58"}
{"level":"debug","message":"Query: SELECT COUNT(*) FROM (SELECT \"public\".\"lms_courses\".\"id\" FROM \"public\".\"lms_courses\" WHERE 1=1 OFFSET $1) AS \"sub\"","service":"preplyte-api","timestamp":"2026-02-05 12:26:58"}
{"level":"debug","message":"Params: [0]","service":"preplyte-api","timestamp":"2026-02-05 12:26:58"}
{"level":"debug","message":"Duration: 1ms","service":"preplyte-api","timestamp":"2026-02-05 12:26:58"}
{"level":"debug","message":"Query: SELECT COUNT(*) FROM (SELECT \"public\".\"lms_enrollments\".\"id\" FROM \"public\".\"lms_enrollments\" WHERE \"public\".\"lms_enrollments\".\"status\" = CAST($1::text AS \"public\".\"LmsEnrollmentStatus\") OFFSET $2) AS \"sub\"","service":"preplyte-api","timestamp":"2026-02-05 12:26:58"}
{"level":"debug","message":"Params: [\"COMPLETED\",0]","service":"preplyte-api","timestamp":"2026-02-05 12:26:58"}
{"level":"debug","message":"Duration: 0ms","service":"preplyte-api","timestamp":"2026-02-05 12:26:58"}
{"level":"debug","message":"Query: SELECT AVG(\"progressPercent\") FROM (SELECT \"public\".\"lms_enrollments\".\"progressPercent\" FROM \"public\".\"lms_enrollments\" WHERE 1=1 OFFSET $1) AS \"sub\"","service":"preplyte-api","timestamp":"2026-02-05 12:26:58"}
{"level":"debug","message":"Params: [0]","service":"preplyte-api","timestamp":"2026-02-05 12:26:58"}
{"level":"debug","message":"Duration: 0ms","service":"preplyte-api","timestamp":"2026-02-05 12:26:58"}
{"level":"debug","message":"Query: SELECT COUNT(*) FROM (SELECT \"public\".\"lms_courses\".\"id\" FROM \"public\".\"lms_courses\" WHERE \"public\".\"lms_courses\".\"status\" = CAST($1::text AS \"public\".\"LmsCourseStatus\") OFFSET $2) AS \"sub\"","service":"preplyte-api","timestamp":"2026-02-05 12:26:58"}
{"level":"debug","message":"Params: [\"PUBLISHED\",0]","service":"preplyte-api","timestamp":"2026-02-05 12:26:58"}
{"level":"debug","message":"Duration: 2ms","service":"preplyte-api","timestamp":"2026-02-05 12:26:58"}
{"level":"debug","message":"Query: SELECT \"public\".\"lms_courses\".\"id\", \"public\".\"lms_courses\".\"price\", COALESCE(\"aggr_selection_0_LmsEnrollment\".\"_aggr_count_enrollments\", 0) AS \"_aggr_count_enrollments\" FROM \"public\".\"lms_courses\" LEFT JOIN (SELECT \"public\".\"lms_enrollments\".\"courseId\", COUNT(*) AS \"_aggr_count_enrollments\" FROM \"public\".\"lms_enrollments\" WHERE 1=1 GROUP BY \"public\".\"lms_enrollments\".\"courseId\") AS \"aggr_selection_0_LmsEnrollment\" ON (\"public\".\"lms_courses\".\"id\" = \"aggr_selection_0_LmsEnrollment\".\"courseId\") WHERE \"public\".\"lms_courses\".\"price\" > $1 OFFSET $2","service":"preplyte-api","timestamp":"2026-02-05 12:26:58"}
{"level":"debug","message":"Params: [0,0]","service":"preplyte-api","timestamp":"2026-02-05 12:26:58"}
{"level":"debug","message":"Duration: 9ms","service":"preplyte-api","timestamp":"2026-02-05 12:26:58"}
{"level":"debug","message":"Query: SELECT COUNT(*) FROM (SELECT \"public\".\"lms_enrollments\".\"id\" FROM \"public\".\"lms_enrollments\" WHERE 1=1 OFFSET $1) AS \"sub\"","service":"preplyte-api","timestamp":"2026-02-05 12:26:58"}
{"level":"debug","message":"Params: [0]","service":"preplyte-api","timestamp":"2026-02-05 12:26:58"}
{"level":"debug","message":"Duration: 1ms","service":"preplyte-api","timestamp":"2026-02-05 12:26:58"}
{"level":"debug","message":"Query: SELECT COUNT(*) FROM (SELECT \"public\".\"lms_categories\".\"id\" FROM \"public\".\"lms_categories\" WHERE 1=1 OFFSET $1) AS \"sub\"","service":"preplyte-api","timestamp":"2026-02-05 12:26:58"}
{"level":"debug","message":"Params: [0]","service":"preplyte-api","timestamp":"2026-02-05 12:26:58"}
{"level":"debug","message":"Duration: 6ms","service":"preplyte-api","timestamp":"2026-02-05 12:26:58"}
{"level":"debug","message":"Query: SELECT COUNT(*) FROM (SELECT \"public\".\"lms_modules\".\"id\" FROM \"public\".\"lms_modules\" WHERE 1=1 OFFSET $1) AS \"sub\"","service":"preplyte-api","timestamp":"2026-02-05 12:26:58"}
{"level":"debug","message":"Params: [0]","service":"preplyte-api","timestamp":"2026-02-05 12:26:58"}
{"level":"debug","message":"Duration: 5ms","service":"preplyte-api","timestamp":"2026-02-05 12:26:58"}
{"level":"debug","message":"Query: SELECT COUNT(*) FROM (SELECT \"public\".\"lms_topics\".\"id\" FROM \"public\".\"lms_topics\" WHERE 1=1 OFFSET $1) AS \"sub\"","service":"preplyte-api","timestamp":"2026-02-05 12:26:58"}
{"level":"debug","message":"Params: [0]","service":"preplyte-api","timestamp":"2026-02-05 12:26:58"}
{"level":"debug","message":"Duration: 5ms","service":"preplyte-api","timestamp":"2026-02-05 12:26:58"}
{"level":"debug","message":"Query: SELECT \"public\".\"lms_categories\".\"id\", \"public\".\"lms_categories\".\"name\", \"public\".\"lms_categories\".\"slug\", \"public\".\"lms_categories\".\"description\", \"public\".\"lms_categories\".\"iconUrl\", \"public\".\"lms_categories\".\"order\", \"public\".\"lms_categories\".\"isActive\", \"public\".\"lms_categories\".\"createdAt\", \"public\".\"lms_categories\".\"updatedAt\" FROM \"public\".\"lms_categories\" WHERE 1=1 OFFSET $1","service":"preplyte-api","timestamp":"2026-02-05 12:26:58"}
{"level":"debug","message":"Params: [0]","service":"preplyte-api","timestamp":"2026-02-05 12:26:58"}
{"level":"debug","message":"Duration: 1ms","service":"preplyte-api","timestamp":"2026-02-05 12:26:58"}
{"level":"debug","message":"Query: SELECT \"public\".\"lms_enrollments\".\"id\", \"public\".\"lms_enrollments\".\"enrolledAt\" FROM \"public\".\"lms_enrollments\" WHERE \"public\".\"lms_enrollments\".\"enrolledAt\" >= $1 ORDER BY \"public\".\"lms_enrollments\".\"id\" ASC LIMIT $2 OFFSET $3","service":"preplyte-api","timestamp":"2026-02-05 12:26:58"}
{"level":"debug","message":"Params: [\"2026-01-06 06:56:58.276 UTC\",1000,0]","service":"preplyte-api","timestamp":"2026-02-05 12:26:58"}
{"level":"debug","message":"Duration: 1ms","service":"preplyte-api","timestamp":"2026-02-05 12:26:58"}
{"level":"debug","message":"Query: SELECT \"public\".\"lms_courses\".\"id\", \"public\".\"lms_courses\".\"categoryId\", COALESCE(\"aggr_selection_0_LmsEnrollment\".\"_aggr_count_enrollments\", 0) AS \"_aggr_count_enrollments\" FROM \"public\".\"lms_courses\" LEFT JOIN (SELECT \"public\".\"lms_enrollments\".\"courseId\", COUNT(*) AS \"_aggr_count_enrollments\" FROM \"public\".\"lms_enrollments\" WHERE 1=1 GROUP BY \"public\".\"lms_enrollments\".\"courseId\") AS \"aggr_selection_0_LmsEnrollment\" ON (\"public\".\"lms_courses\".\"id\" = \"aggr_selection_0_LmsEnrollment\".\"courseId\") WHERE \"public\".\"lms_courses\".\"categoryId\" IN ($1,$2,$3) OFFSET $4","service":"preplyte-api","timestamp":"2026-02-05 12:26:58"}
{"level":"debug","message":"Params: [\"cml92k1i3000017d0bq70mkrl\",\"cml92k1jr000117d0cg73jwlc\",\"cml92k1jt000217d0r4tfrsnl\",0]","service":"preplyte-api","timestamp":"2026-02-05 12:26:58"}
{"level":"debug","message":"Duration: 1ms","service":"preplyte-api","timestamp":"2026-02-05 12:26:58"}
{"level":"debug","message":"Query: SELECT \"public\".\"lms_courses\".\"id\", \"public\".\"lms_courses\".\"title\", \"public\".\"lms_courses\".\"price\", COALESCE(\"aggr_selection_0_LmsEnrollment\".\"_aggr_count_enrollments\", 0) AS \"_aggr_count_enrollments\" FROM \"public\".\"lms_courses\" LEFT JOIN (SELECT \"public\".\"lms_enrollments\".\"courseId\", COUNT(*) AS \"orderby_aggregator\" FROM \"public\".\"lms_enrollments\" WHERE 1=1 GROUP BY \"public\".\"lms_enrollments\".\"courseId\") AS \"orderby_1_LmsEnrollment\" ON (\"public\".\"lms_courses\".\"id\" = \"orderby_1_LmsEnrollment\".\"courseId\") LEFT JOIN (SELECT \"public\".\"lms_enrollments\".\"courseId\", COUNT(*) AS \"_aggr_count_enrollments\" FROM \"public\".\"lms_enrollments\" WHERE 1=1 GROUP BY \"public\".\"lms_enrollments\".\"courseId\") AS \"aggr_selection_0_LmsEnrollment\" ON (\"public\".\"lms_courses\".\"id\" = \"aggr_selection_0_LmsEnrollment\".\"courseId\") WHERE 1=1 ORDER BY COALESCE(\"orderby_1_LmsEnrollment\".\"orderby_aggregator\", $1) DESC LIMIT $2 OFFSET $3","service":"preplyte-api","timestamp":"2026-02-05 12:26:58"}
{"level":"debug","message":"Params: [0,5,0]","service":"preplyte-api","timestamp":"2026-02-05 12:26:58"}
{"level":"debug","message":"Duration: 10ms","service":"preplyte-api","timestamp":"2026-02-05 12:26:58"}
{"level":"debug","message":"Query: SELECT AVG(\"public\".\"lms_enrollments\".\"progressPercent\"), \"public\".\"lms_enrollments\".\"courseId\" FROM \"public\".\"lms_enrollments\" WHERE \"public\".\"lms_enrollments\".\"courseId\" IN ($1,$2) GROUP BY \"public\".\"lms_enrollments\".\"courseId\" OFFSET $3","service":"preplyte-api","timestamp":"2026-02-05 12:26:58"}
{"level":"debug","message":"Params: [\"cml92k1k4000417d09rzlrf37\",\"cml93bbti0001h2p0y0h24vng\",0]","service":"preplyte-api","timestamp":"2026-02-05 12:26:58"}
{"level":"debug","message":"Duration: 1ms","service":"preplyte-api","timestamp":"2026-02-05 12:26:58"}
{"level":"info","message":"\u001b[0mGET /api/admin/lms/analytics/overview \u001b[36m304\u001b[0m 91.654 ms - -\u001b[0m","service":"preplyte-api","timestamp":"2026-02-05 12:26:58"}
{"level":"debug","message":"Query: SELECT 1","service":"preplyte-api","timestamp":"2026-02-05 12:27:20"}
{"level":"debug","message":"Params: []","service":"preplyte-api","timestamp":"2026-02-05 12:27:20"}
{"level":"debug","message":"Duration: 0ms","service":"preplyte-api","timestamp":"2026-02-05 12:27:20"}
{"level":"debug","message":"Query: SELECT \"public\".\"users\".\"id\", \"public\".\"users\".\"email\", \"public\".\"users\".\"role\"::text, \"public\".\"users\".\"instituteId\", \"public\".\"users\".\"isActive\", \"public\".\"users\".\"tokenVersion\" FROM \"public\".\"users\" WHERE (\"public\".\"users\".\"id\" = $1 AND 1=1) LIMIT $2 OFFSET $3","service":"preplyte-api","timestamp":"2026-02-05 12:27:20"}
{"level":"debug","message":"Params: [\"cml92r5r50001q3oopvkslp23\",1,0]","service":"preplyte-api","timestamp":"2026-02-05 12:27:20"}
{"level":"debug","message":"Duration: 7ms","service":"preplyte-api","timestamp":"2026-02-05 12:27:20"}
{"level":"debug","message":"Query: SELECT \"public\".\"lms_categories\".\"id\", \"public\".\"lms_categories\".\"name\", \"public\".\"lms_categories\".\"slug\", \"public\".\"lms_categories\".\"description\", \"public\".\"lms_categories\".\"iconUrl\", \"public\".\"lms_categories\".\"order\", \"public\".\"lms_categories\".\"isActive\", \"public\".\"lms_categories\".\"createdAt\", \"public\".\"lms_categories\".\"updatedAt\", COALESCE(\"aggr_selection_0_LmsCourse\".\"_aggr_count_courses\", 0) AS \"_aggr_count_courses\" FROM \"public\".\"lms_categories\" LEFT JOIN (SELECT \"public\".\"lms_courses\".\"categoryId\", COUNT(*) AS \"_aggr_count_courses\" FROM \"public\".\"lms_courses\" WHERE 1=1 GROUP BY \"public\".\"lms_courses\".\"categoryId\") AS \"aggr_selection_0_LmsCourse\" ON (\"public\".\"lms_categories\".\"id\" = \"aggr_selection_0_LmsCourse\".\"categoryId\") WHERE 1=1 ORDER BY \"public\".\"lms_categories\".\"order\" ASC OFFSET $1","service":"preplyte-api","timestamp":"2026-02-05 12:27:20"}
{"level":"debug","message":"Params: [0]","service":"preplyte-api","timestamp":"2026-02-05 12:27:20"}
{"level":"debug","message":"Duration: 6ms","service":"preplyte-api","timestamp":"2026-02-05 12:27:20"}
{"level":"info","message":"\u001b[0mGET /api/admin/lms/categories \u001b[36m304\u001b[0m 24.294 ms - -\u001b[0m","service":"preplyte-api","timestamp":"2026-02-05 12:27:20"}
{"level":"debug","message":"Query: SELECT 1","service":"preplyte-api","timestamp":"2026-02-05 12:27:47"}
{"level":"debug","message":"Params: []","service":"preplyte-api","timestamp":"2026-02-05 12:27:47"}
{"level":"debug","message":"Duration: 0ms","service":"preplyte-api","timestamp":"2026-02-05 12:27:47"}
{"level":"debug","message":"Query: SELECT \"public\".\"users\".\"id\", \"public\".\"users\".\"email\", \"public\".\"users\".\"role\"::text, \"public\".\"users\".\"instituteId\", \"public\".\"users\".\"isActive\", \"public\".\"users\".\"tokenVersion\" FROM \"public\".\"users\" WHERE (\"public\".\"users\".\"id\" = $1 AND 1=1) LIMIT $2 OFFSET $3","service":"preplyte-api","timestamp":"2026-02-05 12:27:47"}
{"level":"debug","message":"Params: [\"cml92r5r50001q3oopvkslp23\",1,0]","service":"preplyte-api","timestamp":"2026-02-05 12:27:47"}
{"level":"debug","message":"Duration: 0ms","service":"preplyte-api","timestamp":"2026-02-05 12:27:47"}
{"level":"debug","message":"Query: SELECT \"public\".\"lms_courses\".\"id\", \"public\".\"lms_courses\".\"title\", \"public\".\"lms_courses\".\"price\", COALESCE(\"aggr_selection_0_LmsEnrollment\".\"_aggr_count_enrollments\", 0) AS \"_aggr_count_enrollments\" FROM \"public\".\"lms_courses\" LEFT JOIN (SELECT \"public\".\"lms_enrollments\".\"courseId\", COUNT(*) AS \"orderby_aggregator\" FROM \"public\".\"lms_enrollments\" WHERE 1=1 GROUP BY \"public\".\"lms_enrollments\".\"courseId\") AS \"orderby_1_LmsEnrollment\" ON (\"public\".\"lms_courses\".\"id\" = \"orderby_1_LmsEnrollment\".\"courseId\") LEFT JOIN (SELECT \"public\".\"lms_enrollments\".\"courseId\", COUNT(*) AS \"_aggr_count_enrollments\" FROM \"public\".\"lms_enrollments\" WHERE 1=1 GROUP BY \"public\".\"lms_enrollments\".\"courseId\") AS \"aggr_selection_0_LmsEnrollment\" ON (\"public\".\"lms_courses\".\"id\" = \"aggr_selection_0_LmsEnrollment\".\"courseId\") WHERE 1=1 ORDER BY COALESCE(\"orderby_1_LmsEnrollment\".\"orderby_aggregator\", $1) DESC LIMIT $2 OFFSET $3","service":"preplyte-api","timestamp":"2026-02-05 12:27:47"}
{"level":"debug","message":"Params: [0,5,0]","service":"preplyte-api","timestamp":"2026-02-05 12:27:47"}
{"level":"debug","message":"Duration: 2ms","service":"preplyte-api","timestamp":"2026-02-05 12:27:47"}
{"level":"debug","message":"Query: SELECT AVG(\"public\".\"lms_enrollments\".\"progressPercent\"), \"public\".\"lms_enrollments\".\"courseId\" FROM \"public\".\"lms_enrollments\" WHERE \"public\".\"lms_enrollments\".\"courseId\" IN ($1,$2) GROUP BY \"public\".\"lms_enrollments\".\"courseId\" OFFSET $3","service":"preplyte-api","timestamp":"2026-02-05 12:27:47"}
{"level":"debug","message":"Params: [\"cml92k1k4000417d09rzlrf37\",\"cml93bbti0001h2p0y0h24vng\",0]","service":"preplyte-api","timestamp":"2026-02-05 12:27:47"}
{"level":"debug","message":"Duration: 1ms","service":"preplyte-api","timestamp":"2026-02-05 12:27:47"}
{"level":"info","message":"\u001b[0mGET /api/admin/lms/analytics/top-courses \u001b[32m200\u001b[0m 27.291 ms - 264\u001b[0m","service":"preplyte-api","timestamp":"2026-02-05 12:27:47"}
{"level":"debug","message":"Query: SELECT 1","service":"preplyte-api","timestamp":"2026-02-05 12:28:00"}
{"level":"debug","message":"Params: []","service":"preplyte-api","timestamp":"2026-02-05 12:28:00"}
{"level":"debug","message":"Duration: 0ms","service":"preplyte-api","timestamp":"2026-02-05 12:28:00"}
{"level":"debug","message":"Query: SELECT 1","service":"preplyte-api","timestamp":"2026-02-05 12:28:00"}
{"level":"debug","message":"Params: []","service":"preplyte-api","timestamp":"2026-02-05 12:28:00"}
{"level":"debug","message":"Duration: 1ms","service":"preplyte-api","timestamp":"2026-02-05 12:28:00"}
{"level":"debug","message":"Query: SELECT \"public\".\"lms_categories\".\"id\", \"public\".\"lms_categories\".\"name\", \"public\".\"lms_categories\".\"slug\", \"public\".\"lms_categories\".\"description\", \"public\".\"lms_categories\".\"iconUrl\", \"public\".\"lms_categories\".\"order\", \"public\".\"lms_categories\".\"isActive\", \"public\".\"lms_categories\".\"createdAt\", \"public\".\"lms_categories\".\"updatedAt\", COALESCE(\"aggr_selection_0_LmsCourse\".\"_aggr_count_courses\", 0) AS \"_aggr_count_courses\" FROM \"public\".\"lms_categories\" LEFT JOIN (SELECT \"public\".\"lms_courses\".\"categoryId\", COUNT(*) AS \"_aggr_count_courses\" FROM \"public\".\"lms_courses\" WHERE (\"public\".\"lms_courses\".\"status\" = CAST($1::text AS \"public\".\"LmsCourseStatus\") AND \"public\".\"lms_courses\".\"isActive\" = $2) GROUP BY \"public\".\"lms_courses\".\"categoryId\") AS \"aggr_selection_0_LmsCourse\" ON (\"public\".\"lms_categories\".\"id\" = \"aggr_selection_0_LmsCourse\".\"categoryId\") WHERE \"public\".\"lms_categories\".\"isActive\" = $3 ORDER BY \"public\".\"lms_categories\".\"order\" ASC OFFSET $4","service":"preplyte-api","timestamp":"2026-02-05 12:28:00"}
{"level":"debug","message":"Params: [\"PUBLISHED\",true,true,0]","service":"preplyte-api","timestamp":"2026-02-05 12:28:00"}
{"level":"debug","message":"Duration: 5ms","service":"preplyte-api","timestamp":"2026-02-05 12:28:00"}
{"level":"debug","message":"Query: SELECT 1","service":"preplyte-api","timestamp":"2026-02-05 12:28:00"}
{"level":"debug","message":"Params: []","service":"preplyte-api","timestamp":"2026-02-05 12:28:00"}
{"level":"debug","message":"Duration: 1ms","service":"preplyte-api","timestamp":"2026-02-05 12:28:00"}
{"level":"debug","message":"Query: SELECT 1","service":"preplyte-api","timestamp":"2026-02-05 12:28:00"}
{"level":"debug","message":"Params: []","service":"preplyte-api","timestamp":"2026-02-05 12:28:00"}
{"level":"debug","message":"Duration: 1ms","service":"preplyte-api","timestamp":"2026-02-05 12:28:00"}
{"level":"debug","message":"Query: SELECT COUNT(*) FROM (SELECT \"public\".\"lms_courses\".\"id\" FROM \"public\".\"lms_courses\" WHERE (\"public\".\"lms_courses\".\"status\" = CAST($1::text AS \"public\".\"LmsCourseStatus\") AND \"public\".\"lms_courses\".\"isActive\" = $2) OFFSET $3) AS \"sub\"","service":"preplyte-api","timestamp":"2026-02-05 12:28:00"}
{"level":"debug","message":"Params: [\"PUBLISHED\",true,0]","service":"preplyte-api","timestamp":"2026-02-05 12:28:00"}
{"level":"debug","message":"Duration: 2ms","service":"preplyte-api","timestamp":"2026-02-05 12:28:00"}
{"level":"debug","message":"Query: SELECT COUNT(*), \"public\".\"lms_enrollments\".\"userId\" FROM \"public\".\"lms_enrollments\" WHERE 1=1 GROUP BY \"public\".\"lms_enrollments\".\"userId\" OFFSET $1","service":"preplyte-api","timestamp":"2026-02-05 12:28:00"}
{"level":"debug","message":"Params: [0]","service":"preplyte-api","timestamp":"2026-02-05 12:28:00"}
{"level":"debug","message":"Duration: 1ms","service":"preplyte-api","timestamp":"2026-02-05 12:28:00"}
{"level":"debug","message":"Query: SELECT AVG(\"progressPercent\") FROM (SELECT \"public\".\"lms_enrollments\".\"progressPercent\" FROM \"public\".\"lms_enrollments\" WHERE \"public\".\"lms_enrollments\".\"status\" = CAST($1::text AS \"public\".\"LmsEnrollmentStatus\") OFFSET $2) AS \"sub\"","service":"preplyte-api","timestamp":"2026-02-05 12:28:00"}
{"level":"debug","message":"Params: [\"COMPLETED\",0]","service":"preplyte-api","timestamp":"2026-02-05 12:28:00"}
{"level":"debug","message":"Duration: 2ms","service":"preplyte-api","timestamp":"2026-02-05 12:28:00"}
{"level":"debug","message":"Query: SELECT \"public\".\"lms_courses\".\"id\", \"public\".\"lms_courses\".\"instructor\" FROM \"public\".\"lms_courses\" WHERE (\"public\".\"lms_courses\".\"status\" = CAST($1::text AS \"public\".\"LmsCourseStatus\") AND \"public\".\"lms_courses\".\"isActive\" = $2) OFFSET $3","service":"preplyte-api","timestamp":"2026-02-05 12:28:00"}
{"level":"debug","message":"Params: [\"PUBLISHED\",true,0]","service":"preplyte-api","timestamp":"2026-02-05 12:28:00"}
{"level":"debug","message":"Duration: 3ms","service":"preplyte-api","timestamp":"2026-02-05 12:28:00"}
{"level":"debug","message":"Query: SELECT COUNT(*) FROM (SELECT \"public\".\"lms_courses\".\"id\" FROM \"public\".\"lms_courses\" WHERE (\"public\".\"lms_courses\".\"status\" = CAST($1::text AS \"public\".\"LmsCourseStatus\") AND \"public\".\"lms_courses\".\"isActive\" = $2) OFFSET $3) AS \"sub\"","service":"preplyte-api","timestamp":"2026-02-05 12:28:00"}
{"level":"debug","message":"Params: [\"PUBLISHED\",true,0]","service":"preplyte-api","timestamp":"2026-02-05 12:28:00"}
{"level":"debug","message":"Duration: 2ms","service":"preplyte-api","timestamp":"2026-02-05 12:28:00"}
{"level":"debug","message":"Query: SELECT \"public\".\"lms_courses\".\"id\", \"public\".\"lms_courses\".\"categoryId\", \"public\".\"lms_courses\".\"title\", \"public\".\"lms_courses\".\"slug\", \"public\".\"lms_courses\".\"shortDescription\", \"public\".\"lms_courses\".\"description\", \"public\".\"lms_courses\".\"thumbnailUrl\", \"public\".\"lms_courses\".\"previewVideoUrl\", \"public\".\"lms_courses\".\"totalModules\", \"public\".\"lms_courses\".\"totalTopics\", \"public\".\"lms_courses\".\"totalPoints\", \"public\".\"lms_courses\".\"totalHours\", \"public\".\"lms_courses\".\"price\", \"public\".\"lms_courses\".\"discountPrice\", \"public\".\"lms_courses\".\"currency\", \"public\".\"lms_courses\".\"status\"::text, \"public\".\"lms_courses\".\"isActive\", \"public\".\"lms_courses\".\"certificateEnabled\", \"public\".\"lms_courses\".\"passingPercentage\", \"public\".\"lms_courses\".\"tags\", \"public\".\"lms_courses\".\"difficulty\"::text, \"public\".\"lms_courses\".\"instructor\", \"public\".\"lms_courses\".\"language\", \"public\".\"lms_courses\".\"createdAt\", \"public\".\"lms_courses\".\"updatedAt\", \"public\".\"lms_courses\".\"publishedAt\" FROM \"public\".\"lms_courses\" LEFT JOIN (SELECT \"public\".\"lms_enrollments\".\"courseId\", COUNT(*) AS \"orderby_aggregator\" FROM \"public\".\"lms_enrollments\" WHERE 1=1 GROUP BY \"public\".\"lms_enrollments\".\"courseId\") AS \"orderby_1_LmsEnrollment\" ON (\"public\".\"lms_courses\".\"id\" = \"orderby_1_LmsEnrollment\".\"courseId\") WHERE (\"public\".\"lms_courses\".\"status\" = CAST($1::text AS \"public\".\"LmsCourseStatus\") AND \"public\".\"lms_courses\".\"isActive\" = $2) ORDER BY COALESCE(\"orderby_1_LmsEnrollment\".\"orderby_aggregator\", $3) DESC LIMIT $4 OFFSET $5","service":"preplyte-api","timestamp":"2026-02-05 12:28:00"}
{"level":"debug","message":"Params: [\"PUBLISHED\",true,0,12,0]","service":"preplyte-api","timestamp":"2026-02-05 12:28:00"}
{"level":"debug","message":"Duration: 4ms","service":"preplyte-api","timestamp":"2026-02-05 12:28:00"}
{"level":"debug","message":"Query: SELECT \"public\".\"lms_categories\".\"id\", \"public\".\"lms_categories\".\"name\", \"public\".\"lms_categories\".\"slug\" FROM \"public\".\"lms_categories\" WHERE \"public\".\"lms_categories\".\"id\" IN ($1) OFFSET $2","service":"preplyte-api","timestamp":"2026-02-05 12:28:00"}
{"level":"debug","message":"Params: [\"cml92k1i3000017d0bq70mkrl\",0]","service":"preplyte-api","timestamp":"2026-02-05 12:28:00"}
{"level":"debug","message":"Duration: 2ms","service":"preplyte-api","timestamp":"2026-02-05 12:28:00"}
{"level":"info","message":"\u001b[0mGET /api/lms/categories \u001b[36m304\u001b[0m 86.217 ms - -\u001b[0m","service":"preplyte-api","timestamp":"2026-02-05 12:28:00"}
{"level":"info","message":"\u001b[0mGET /api/lms/stats \u001b[36m304\u001b[0m 85.864 ms - -\u001b[0m","service":"preplyte-api","timestamp":"2026-02-05 12:28:00"}
{"level":"info","message":"\u001b[0mGET /api/lms/courses?page=1&limit=12&priceRange=all&sortBy=popular&search= \u001b[36m304\u001b[0m 85.405 ms - -\u001b[0m","service":"preplyte-api","timestamp":"2026-02-05 12:28:00"}
{"level":"debug","message":"Query: SELECT 1","service":"preplyte-api","timestamp":"2026-02-05 12:28:34"}
{"level":"debug","message":"Params: []","service":"preplyte-api","timestamp":"2026-02-05 12:28:34"}
{"level":"debug","message":"Duration: 0ms","service":"preplyte-api","timestamp":"2026-02-05 12:28:34"}
{"level":"debug","message":"Query: SELECT \"public\".\"lms_categories\".\"id\", \"public\".\"lms_categories\".\"name\", \"public\".\"lms_categories\".\"slug\", \"public\".\"lms_categories\".\"description\", \"public\".\"lms_categories\".\"iconUrl\", \"public\".\"lms_categories\".\"order\", \"public\".\"lms_categories\".\"isActive\", \"public\".\"lms_categories\".\"createdAt\", \"public\".\"lms_categories\".\"updatedAt\", COALESCE(\"aggr_selection_0_LmsCourse\".\"_aggr_count_courses\", 0) AS \"_aggr_count_courses\" FROM \"public\".\"lms_categories\" LEFT JOIN (SELECT \"public\".\"lms_courses\".\"categoryId\", COUNT(*) AS \"_aggr_count_courses\" FROM \"public\".\"lms_courses\" WHERE (\"public\".\"lms_courses\".\"status\" = CAST($1::text AS \"public\".\"LmsCourseStatus\") AND \"public\".\"lms_courses\".\"isActive\" = $2) GROUP BY \"public\".\"lms_courses\".\"categoryId\") AS \"aggr_selection_0_LmsCourse\" ON (\"public\".\"lms_categories\".\"id\" = \"aggr_selection_0_LmsCourse\".\"categoryId\") WHERE \"public\".\"lms_categories\".\"isActive\" = $3 ORDER BY \"public\".\"lms_categories\".\"order\" ASC OFFSET $4","service":"preplyte-api","timestamp":"2026-02-05 12:28:34"}
{"level":"debug","message":"Params: [\"PUBLISHED\",true,true,0]","service":"preplyte-api","timestamp":"2026-02-05 12:28:34"}
{"level":"debug","message":"Duration: 2ms","service":"preplyte-api","timestamp":"2026-02-05 12:28:34"}
{"level":"info","message":"\u001b[0mGET /api/lms/categories \u001b[36m304\u001b[0m 14.610 ms - -\u001b[0m","service":"preplyte-api","timestamp":"2026-02-05 12:28:34"}
{"level":"debug","message":"Query: SELECT 1","service":"preplyte-api","timestamp":"2026-02-05 12:28:34"}
{"level":"debug","message":"Params: []","service":"preplyte-api","timestamp":"2026-02-05 12:28:34"}
{"level":"debug","message":"Duration: 0ms","service":"preplyte-api","timestamp":"2026-02-05 12:28:34"}
{"level":"debug","message":"Query: SELECT 1","service":"preplyte-api","timestamp":"2026-02-05 12:28:34"}
{"level":"debug","message":"Params: []","service":"preplyte-api","timestamp":"2026-02-05 12:28:34"}
{"level":"debug","message":"Duration: 0ms","service":"preplyte-api","timestamp":"2026-02-05 12:28:34"}
{"level":"debug","message":"Query: SELECT 1","service":"preplyte-api","timestamp":"2026-02-05 12:28:34"}
{"level":"debug","message":"Params: []","service":"preplyte-api","timestamp":"2026-02-05 12:28:34"}
{"level":"debug","message":"Duration: 1ms","service":"preplyte-api","timestamp":"2026-02-05 12:28:34"}
{"level":"debug","message":"Query: SELECT COUNT(*) FROM (SELECT \"public\".\"lms_courses\".\"id\" FROM \"public\".\"lms_courses\" WHERE (\"public\".\"lms_courses\".\"status\" = CAST($1::text AS \"public\".\"LmsCourseStatus\") AND \"public\".\"lms_courses\".\"isActive\" = $2) OFFSET $3) AS \"sub\"","service":"preplyte-api","timestamp":"2026-02-05 12:28:34"}
{"level":"debug","message":"Params: [\"PUBLISHED\",true,0]","service":"preplyte-api","timestamp":"2026-02-05 12:28:34"}
{"level":"debug","message":"Duration: 2ms","service":"preplyte-api","timestamp":"2026-02-05 12:28:34"}
{"level":"debug","message":"Query: SELECT COUNT(*), \"public\".\"lms_enrollments\".\"userId\" FROM \"public\".\"lms_enrollments\" WHERE 1=1 GROUP BY \"public\".\"lms_enrollments\".\"userId\" OFFSET $1","service":"preplyte-api","timestamp":"2026-02-05 12:28:34"}
{"level":"debug","message":"Params: [0]","service":"preplyte-api","timestamp":"2026-02-05 12:28:34"}
{"level":"debug","message":"Duration: 1ms","service":"preplyte-api","timestamp":"2026-02-05 12:28:34"}
{"level":"debug","message":"Query: SELECT \"public\".\"lms_courses\".\"id\", \"public\".\"lms_courses\".\"instructor\" FROM \"public\".\"lms_courses\" WHERE (\"public\".\"lms_courses\".\"status\" = CAST($1::text AS \"public\".\"LmsCourseStatus\") AND \"public\".\"lms_courses\".\"isActive\" = $2) OFFSET $3","service":"preplyte-api","timestamp":"2026-02-05 12:28:34"}
{"level":"debug","message":"Params: [\"PUBLISHED\",true,0]","service":"preplyte-api","timestamp":"2026-02-05 12:28:34"}
{"level":"debug","message":"Duration: 2ms","service":"preplyte-api","timestamp":"2026-02-05 12:28:34"}
{"level":"debug","message":"Query: SELECT AVG(\"progressPercent\") FROM (SELECT \"public\".\"lms_enrollments\".\"progressPercent\" FROM \"public\".\"lms_enrollments\" WHERE \"public\".\"lms_enrollments\".\"status\" = CAST($1::text AS \"public\".\"LmsEnrollmentStatus\") OFFSET $2) AS \"sub\"","service":"preplyte-api","timestamp":"2026-02-05 12:28:34"}
{"level":"debug","message":"Params: [\"COMPLETED\",0]","service":"preplyte-api","timestamp":"2026-02-05 12:28:34"}
{"level":"debug","message":"Duration: 1ms","service":"preplyte-api","timestamp":"2026-02-05 12:28:34"}
{"level":"info","message":"\u001b[0mGET /api/lms/stats \u001b[36m304\u001b[0m 39.759 ms - -\u001b[0m","service":"preplyte-api","timestamp":"2026-02-05 12:28:34"}
{"level":"debug","message":"Query: SELECT COUNT(*) FROM (SELECT \"public\".\"lms_courses\".\"id\" FROM \"public\".\"lms_courses\" WHERE (\"public\".\"lms_courses\".\"status\" = CAST($1::text AS \"public\".\"LmsCourseStatus\") AND \"public\".\"lms_courses\".\"isActive\" = $2) OFFSET $3) AS \"sub\"","service":"preplyte-api","timestamp":"2026-02-05 12:28:34"}
{"level":"debug","message":"Params: [\"PUBLISHED\",true,0]","service":"preplyte-api","timestamp":"2026-02-05 12:28:34"}
{"level":"debug","message":"Duration: 0ms","service":"preplyte-api","timestamp":"2026-02-05 12:28:34"}
{"level":"debug","message":"Query: SELECT \"public\".\"lms_courses\".\"id\", \"public\".\"lms_courses\".\"categoryId\", \"public\".\"lms_courses\".\"title\", \"public\".\"lms_courses\".\"slug\", \"public\".\"lms_courses\".\"shortDescription\", \"public\".\"lms_courses\".\"description\", \"public\".\"lms_courses\".\"thumbnailUrl\", \"public\".\"lms_courses\".\"previewVideoUrl\", \"public\".\"lms_courses\".\"totalModules\", \"public\".\"lms_courses\".\"totalTopics\", \"public\".\"lms_courses\".\"totalPoints\", \"public\".\"lms_courses\".\"totalHours\", \"public\".\"lms_courses\".\"price\", \"public\".\"lms_courses\".\"discountPrice\", \"public\".\"lms_courses\".\"currency\", \"public\".\"lms_courses\".\"status\"::text, \"public\".\"lms_courses\".\"isActive\", \"public\".\"lms_courses\".\"certificateEnabled\", \"public\".\"lms_courses\".\"passingPercentage\", \"public\".\"lms_courses\".\"tags\", \"public\".\"lms_courses\".\"difficulty\"::text, \"public\".\"lms_courses\".\"instructor\", \"public\".\"lms_courses\".\"language\", \"public\".\"lms_courses\".\"createdAt\", \"public\".\"lms_courses\".\"updatedAt\", \"public\".\"lms_courses\".\"publishedAt\" FROM \"public\".\"lms_courses\" LEFT JOIN (SELECT \"public\".\"lms_enrollments\".\"courseId\", COUNT(*) AS \"orderby_aggregator\" FROM \"public\".\"lms_enrollments\" WHERE 1=1 GROUP BY \"public\".\"lms_enrollments\".\"courseId\") AS \"orderby_1_LmsEnrollment\" ON (\"public\".\"lms_courses\".\"id\" = \"orderby_1_LmsEnrollment\".\"courseId\") WHERE (\"public\".\"lms_courses\".\"status\" = CAST($1::text AS \"public\".\"LmsCourseStatus\") AND \"public\".\"lms_courses\".\"isActive\" = $2) ORDER BY COALESCE(\"orderby_1_LmsEnrollment\".\"orderby_aggregator\", $3) DESC LIMIT $4 OFFSET $5","service":"preplyte-api","timestamp":"2026-02-05 12:28:34"}
{"level":"debug","message":"Params: [\"PUBLISHED\",true,0,12,0]","service":"preplyte-api","timestamp":"2026-02-05 12:28:34"}
{"level":"debug","message":"Duration: 3ms","service":"preplyte-api","timestamp":"2026-02-05 12:28:34"}
{"level":"debug","message":"Query: SELECT \"public\".\"lms_categories\".\"id\", \"public\".\"lms_categories\".\"name\", \"public\".\"lms_categories\".\"slug\" FROM \"public\".\"lms_categories\" WHERE \"public\".\"lms_categories\".\"id\" IN ($1) OFFSET $2","service":"preplyte-api","timestamp":"2026-02-05 12:28:34"}
{"level":"debug","message":"Params: [\"cml92k1i3000017d0bq70mkrl\",0]","service":"preplyte-api","timestamp":"2026-02-05 12:28:34"}
{"level":"debug","message":"Duration: 8ms","service":"preplyte-api","timestamp":"2026-02-05 12:28:34"}
{"level":"info","message":"\u001b[0mGET /api/lms/courses?page=1&limit=12&priceRange=all&sortBy=popular \u001b[36m304\u001b[0m 20.371 ms - -\u001b[0m","service":"preplyte-api","timestamp":"2026-02-05 12:28:34"}
{"level":"debug","message":"Query: SELECT COUNT(*) FROM (SELECT \"public\".\"lms_courses\".\"id\" FROM \"public\".\"lms_courses\" WHERE (\"public\".\"lms_courses\".\"status\" = CAST($1::text AS \"public\".\"LmsCourseStatus\") AND \"public\".\"lms_courses\".\"isActive\" = $2) OFFSET $3) AS \"sub\"","service":"preplyte-api","timestamp":"2026-02-05 12:28:34"}
{"level":"debug","message":"Params: [\"PUBLISHED\",true,0]","service":"preplyte-api","timestamp":"2026-02-05 12:28:34"}
{"level":"debug","message":"Duration: 0ms","service":"preplyte-api","timestamp":"2026-02-05 12:28:34"}
{"level":"debug","message":"Query: SELECT \"public\".\"lms_courses\".\"id\", \"public\".\"lms_courses\".\"categoryId\", \"public\".\"lms_courses\".\"title\", \"public\".\"lms_courses\".\"slug\", \"public\".\"lms_courses\".\"shortDescription\", \"public\".\"lms_courses\".\"description\", \"public\".\"lms_courses\".\"thumbnailUrl\", \"public\".\"lms_courses\".\"previewVideoUrl\", \"public\".\"lms_courses\".\"totalModules\", \"public\".\"lms_courses\".\"totalTopics\", \"public\".\"lms_courses\".\"totalPoints\", \"public\".\"lms_courses\".\"totalHours\", \"public\".\"lms_courses\".\"price\", \"public\".\"lms_courses\".\"discountPrice\", \"public\".\"lms_courses\".\"currency\", \"public\".\"lms_courses\".\"status\"::text, \"public\".\"lms_courses\".\"isActive\", \"public\".\"lms_courses\".\"certificateEnabled\", \"public\".\"lms_courses\".\"passingPercentage\", \"public\".\"lms_courses\".\"tags\", \"public\".\"lms_courses\".\"difficulty\"::text, \"public\".\"lms_courses\".\"instructor\", \"public\".\"lms_courses\".\"language\", \"public\".\"lms_courses\".\"createdAt\", \"public\".\"lms_courses\".\"updatedAt\", \"public\".\"lms_courses\".\"publishedAt\" FROM \"public\".\"lms_courses\" LEFT JOIN (SELECT \"public\".\"lms_enrollments\".\"courseId\", COUNT(*) AS \"orderby_aggregator\" FROM \"public\".\"lms_enrollments\" WHERE 1=1 GROUP BY \"public\".\"lms_enrollments\".\"courseId\") AS \"orderby_1_LmsEnrollment\" ON (\"public\".\"lms_courses\".\"id\" = \"orderby_1_LmsEnrollment\".\"courseId\") WHERE (\"public\".\"lms_courses\".\"status\" = CAST($1::text AS \"public\".\"LmsCourseStatus\") AND \"public\".\"lms_courses\".\"isActive\" = $2) ORDER BY COALESCE(\"orderby_1_LmsEnrollment\".\"orderby_aggregator\", $3) DESC LIMIT $4 OFFSET $5","service":"preplyte-api","timestamp":"2026-02-05 12:28:34"}
{"level":"debug","message":"Params: [\"PUBLISHED\",true,0,12,0]","service":"preplyte-api","timestamp":"2026-02-05 12:28:34"}
{"level":"debug","message":"Duration: 2ms","service":"preplyte-api","timestamp":"2026-02-05 12:28:34"}
{"level":"debug","message":"Query: SELECT \"public\".\"lms_categories\".\"id\", \"public\".\"lms_categories\".\"name\", \"public\".\"lms_categories\".\"slug\" FROM \"public\".\"lms_categories\" WHERE \"public\".\"lms_categories\".\"id\" IN ($1) OFFSET $2","service":"preplyte-api","timestamp":"2026-02-05 12:28:34"}
{"level":"debug","message":"Params: [\"cml92k1i3000017d0bq70mkrl\",0]","service":"preplyte-api","timestamp":"2026-02-05 12:28:34"}
{"level":"debug","message":"Duration: 0ms","service":"preplyte-api","timestamp":"2026-02-05 12:28:34"}
{"level":"info","message":"\u001b[0mGET /api/lms/courses?page=1&limit=12&priceRange=all&sortBy=popular&search= \u001b[36m304\u001b[0m 17.470 ms - -\u001b[0m","service":"preplyte-api","timestamp":"2026-02-05 12:28:34"}
{"level":"debug","message":"Query: SELECT 1","service":"preplyte-api","timestamp":"2026-02-05 12:28:51"}
{"level":"debug","message":"Params: []","service":"preplyte-api","timestamp":"2026-02-05 12:28:51"}
{"level":"debug","message":"Duration: 0ms","service":"preplyte-api","timestamp":"2026-02-05 12:28:51"}
{"level":"debug","message":"Query: SELECT \"public\".\"users\".\"id\", \"public\".\"users\".\"email\", \"public\".\"users\".\"role\"::text, \"public\".\"users\".\"instituteId\", \"public\".\"users\".\"isActive\", \"public\".\"users\".\"tokenVersion\" FROM \"public\".\"users\" WHERE (\"public\".\"users\".\"id\" = $1 AND 1=1) LIMIT $2 OFFSET $3","service":"preplyte-api","timestamp":"2026-02-05 12:28:51"}
{"level":"debug","message":"Params: [\"cml92r5r50001q3oopvkslp23\",1,0]","service":"preplyte-api","timestamp":"2026-02-05 12:28:51"}
{"level":"debug","message":"Duration: 7ms","service":"preplyte-api","timestamp":"2026-02-05 12:28:51"}
{"level":"debug","message":"Query: SELECT 1","service":"preplyte-api","timestamp":"2026-02-05 12:28:51"}
{"level":"debug","message":"Params: []","service":"preplyte-api","timestamp":"2026-02-05 12:28:51"}
{"level":"debug","message":"Duration: 0ms","service":"preplyte-api","timestamp":"2026-02-05 12:28:51"}
{"level":"debug","message":"Query: SELECT 1","service":"preplyte-api","timestamp":"2026-02-05 12:28:51"}
{"level":"debug","message":"Params: []","service":"preplyte-api","timestamp":"2026-02-05 12:28:51"}
{"level":"debug","message":"Duration: 0ms","service":"preplyte-api","timestamp":"2026-02-05 12:28:51"}
{"level":"debug","message":"Query: SELECT 1","service":"preplyte-api","timestamp":"2026-02-05 12:28:51"}
{"level":"debug","message":"Params: []","service":"preplyte-api","timestamp":"2026-02-05 12:28:51"}
{"level":"debug","message":"Duration: 0ms","service":"preplyte-api","timestamp":"2026-02-05 12:28:51"}
{"level":"debug","message":"Query: SELECT 1","service":"preplyte-api","timestamp":"2026-02-05 12:28:51"}
{"level":"debug","message":"Params: []","service":"preplyte-api","timestamp":"2026-02-05 12:28:51"}
{"level":"debug","message":"Duration: 0ms","service":"preplyte-api","timestamp":"2026-02-05 12:28:51"}
{"level":"debug","message":"Query: SELECT COUNT(*) FROM (SELECT \"public\".\"lms_courses\".\"id\" FROM \"public\".\"lms_courses\" WHERE 1=1 OFFSET $1) AS \"sub\"","service":"preplyte-api","timestamp":"2026-02-05 12:28:51"}
{"level":"debug","message":"Params: [0]","service":"preplyte-api","timestamp":"2026-02-05 12:28:51"}
{"level":"debug","message":"Duration: 1ms","service":"preplyte-api","timestamp":"2026-02-05 12:28:51"}
{"level":"debug","message":"Query: SELECT COUNT(*) FROM (SELECT \"public\".\"lms_courses\".\"id\" FROM \"public\".\"lms_courses\" WHERE \"public\".\"lms_courses\".\"status\" = CAST($1::text AS \"public\".\"LmsCourseStatus\") OFFSET $2) AS \"sub\"","service":"preplyte-api","timestamp":"2026-02-05 12:28:51"}
{"level":"debug","message":"Params: [\"PUBLISHED\",0]","service":"preplyte-api","timestamp":"2026-02-05 12:28:51"}
{"level":"debug","message":"Duration: 0ms","service":"preplyte-api","timestamp":"2026-02-05 12:28:51"}
{"level":"debug","message":"Query: SELECT AVG(\"progressPercent\") FROM (SELECT \"public\".\"lms_enrollments\".\"progressPercent\" FROM \"public\".\"lms_enrollments\" WHERE 1=1 OFFSET $1) AS \"sub\"","service":"preplyte-api","timestamp":"2026-02-05 12:28:51"}
{"level":"debug","message":"Params: [0]","service":"preplyte-api","timestamp":"2026-02-05 12:28:51"}
{"level":"debug","message":"Duration: 1ms","service":"preplyte-api","timestamp":"2026-02-05 12:28:51"}
{"level":"debug","message":"Query: SELECT COUNT(*) FROM (SELECT \"public\".\"lms_enrollments\".\"id\" FROM \"public\".\"lms_enrollments\" WHERE \"public\".\"lms_enrollments\".\"status\" = CAST($1::text AS \"public\".\"LmsEnrollmentStatus\") OFFSET $2) AS \"sub\"","service":"preplyte-api","timestamp":"2026-02-05 12:28:51"}
{"level":"debug","message":"Params: [\"COMPLETED\",0]","service":"preplyte-api","timestamp":"2026-02-05 12:28:51"}
{"level":"debug","message":"Duration: 1ms","service":"preplyte-api","timestamp":"2026-02-05 12:28:51"}
{"level":"debug","message":"Query: SELECT \"public\".\"lms_courses\".\"id\", \"public\".\"lms_courses\".\"price\", COALESCE(\"aggr_selection_0_LmsEnrollment\".\"_aggr_count_enrollments\", 0) AS \"_aggr_count_enrollments\" FROM \"public\".\"lms_courses\" LEFT JOIN (SELECT \"public\".\"lms_enrollments\".\"courseId\", COUNT(*) AS \"_aggr_count_enrollments\" FROM \"public\".\"lms_enrollments\" WHERE 1=1 GROUP BY \"public\".\"lms_enrollments\".\"courseId\") AS \"aggr_selection_0_LmsEnrollment\" ON (\"public\".\"lms_courses\".\"id\" = \"aggr_selection_0_LmsEnrollment\".\"courseId\") WHERE \"public\".\"lms_courses\".\"price\" > $1 OFFSET $2","service":"preplyte-api","timestamp":"2026-02-05 12:28:51"}
{"level":"debug","message":"Params: [0,0]","service":"preplyte-api","timestamp":"2026-02-05 12:28:51"}
{"level":"debug","message":"Duration: 1ms","service":"preplyte-api","timestamp":"2026-02-05 12:28:51"}
{"level":"debug","message":"Query: SELECT COUNT(*) FROM (SELECT \"public\".\"lms_enrollments\".\"id\" FROM \"public\".\"lms_enrollments\" WHERE 1=1 OFFSET $1) AS \"sub\"","service":"preplyte-api","timestamp":"2026-02-05 12:28:51"}
{"level":"debug","message":"Params: [0]","service":"preplyte-api","timestamp":"2026-02-05 12:28:51"}
{"level":"debug","message":"Duration: 1ms","service":"preplyte-api","timestamp":"2026-02-05 12:28:51"}
{"level":"debug","message":"Query: SELECT COUNT(*) FROM (SELECT \"public\".\"lms_categories\".\"id\" FROM \"public\".\"lms_categories\" WHERE 1=1 OFFSET $1) AS \"sub\"","service":"preplyte-api","timestamp":"2026-02-05 12:28:51"}
{"level":"debug","message":"Params: [0]","service":"preplyte-api","timestamp":"2026-02-05 12:28:51"}
{"level":"debug","message":"Duration: 1ms","service":"preplyte-api","timestamp":"2026-02-05 12:28:51"}
{"level":"debug","message":"Query: SELECT COUNT(*) FROM (SELECT \"public\".\"lms_modules\".\"id\" FROM \"public\".\"lms_modules\" WHERE 1=1 OFFSET $1) AS \"sub\"","service":"preplyte-api","timestamp":"2026-02-05 12:28:51"}
{"level":"debug","message":"Params: [0]","service":"preplyte-api","timestamp":"2026-02-05 12:28:51"}
{"level":"debug","message":"Duration: 5ms","service":"preplyte-api","timestamp":"2026-02-05 12:28:51"}
{"level":"debug","message":"Query: SELECT COUNT(*) FROM (SELECT \"public\".\"lms_topics\".\"id\" FROM \"public\".\"lms_topics\" WHERE 1=1 OFFSET $1) AS \"sub\"","service":"preplyte-api","timestamp":"2026-02-05 12:28:51"}
{"level":"debug","message":"Params: [0]","service":"preplyte-api","timestamp":"2026-02-05 12:28:51"}
{"level":"debug","message":"Duration: 6ms","service":"preplyte-api","timestamp":"2026-02-05 12:28:51"}
{"level":"debug","message":"Query: SELECT \"public\".\"lms_categories\".\"id\", \"public\".\"lms_categories\".\"name\", \"public\".\"lms_categories\".\"slug\", \"public\".\"lms_categories\".\"description\", \"public\".\"lms_categories\".\"iconUrl\", \"public\".\"lms_categories\".\"order\", \"public\".\"lms_categories\".\"isActive\", \"public\".\"lms_categories\".\"createdAt\", \"public\".\"lms_categories\".\"updatedAt\" FROM \"public\".\"lms_categories\" WHERE 1=1 OFFSET $1","service":"preplyte-api","timestamp":"2026-02-05 12:28:51"}
{"level":"debug","message":"Params: [0]","service":"preplyte-api","timestamp":"2026-02-05 12:28:51"}
{"level":"debug","message":"Duration: 0ms","service":"preplyte-api","timestamp":"2026-02-05 12:28:51"}
{"level":"debug","message":"Query: SELECT \"public\".\"lms_enrollments\".\"id\", \"public\".\"lms_enrollments\".\"enrolledAt\" FROM \"public\".\"lms_enrollments\" WHERE \"public\".\"lms_enrollments\".\"enrolledAt\" >= $1 ORDER BY \"public\".\"lms_enrollments\".\"id\" ASC LIMIT $2 OFFSET $3","service":"preplyte-api","timestamp":"2026-02-05 12:28:51"}
{"level":"debug","message":"Params: [\"2026-01-06 06:58:51.210 UTC\",1000,0]","service":"preplyte-api","timestamp":"2026-02-05 12:28:51"}
{"level":"debug","message":"Duration: 1ms","service":"preplyte-api","timestamp":"2026-02-05 12:28:51"}
{"level":"debug","message":"Query: SELECT \"public\".\"lms_courses\".\"id\", \"public\".\"lms_courses\".\"categoryId\", COALESCE(\"aggr_selection_0_LmsEnrollment\".\"_aggr_count_enrollments\", 0) AS \"_aggr_count_enrollments\" FROM \"public\".\"lms_courses\" LEFT JOIN (SELECT \"public\".\"lms_enrollments\".\"courseId\", COUNT(*) AS \"_aggr_count_enrollments\" FROM \"public\".\"lms_enrollments\" WHERE 1=1 GROUP BY \"public\".\"lms_enrollments\".\"courseId\") AS \"aggr_selection_0_LmsEnrollment\" ON (\"public\".\"lms_courses\".\"id\" = \"aggr_selection_0_LmsEnrollment\".\"courseId\") WHERE \"public\".\"lms_courses\".\"categoryId\" IN ($1,$2,$3) OFFSET $4","service":"preplyte-api","timestamp":"2026-02-05 12:28:51"}
{"level":"debug","message":"Params: [\"cml92k1i3000017d0bq70mkrl\",\"cml92k1jr000117d0cg73jwlc\",\"cml92k1jt000217d0r4tfrsnl\",0]","service":"preplyte-api","timestamp":"2026-02-05 12:28:51"}
{"level":"debug","message":"Duration: 1ms","service":"preplyte-api","timestamp":"2026-02-05 12:28:51"}
{"level":"debug","message":"Query: SELECT \"public\".\"lms_courses\".\"id\", \"public\".\"lms_courses\".\"title\", \"public\".\"lms_courses\".\"price\", COALESCE(\"aggr_selection_0_LmsEnrollment\".\"_aggr_count_enrollments\", 0) AS \"_aggr_count_enrollments\" FROM \"public\".\"lms_courses\" LEFT JOIN (SELECT \"public\".\"lms_enrollments\".\"courseId\", COUNT(*) AS \"orderby_aggregator\" FROM \"public\".\"lms_enrollments\" WHERE 1=1 GROUP BY \"public\".\"lms_enrollments\".\"courseId\") AS \"orderby_1_LmsEnrollment\" ON (\"public\".\"lms_courses\".\"id\" = \"orderby_1_LmsEnrollment\".\"courseId\") LEFT JOIN (SELECT \"public\".\"lms_enrollments\".\"courseId\", COUNT(*) AS \"_aggr_count_enrollments\" FROM \"public\".\"lms_enrollments\" WHERE 1=1 GROUP BY \"public\".\"lms_enrollments\".\"courseId\") AS \"aggr_selection_0_LmsEnrollment\" ON (\"public\".\"lms_courses\".\"id\" = \"aggr_selection_0_LmsEnrollment\".\"courseId\") WHERE 1=1 ORDER BY COALESCE(\"orderby_1_LmsEnrollment\".\"orderby_aggregator\", $1) DESC LIMIT $2 OFFSET $3","service":"preplyte-api","timestamp":"2026-02-05 12:28:51"}
{"level":"debug","message":"Params: [0,5,0]","service":"preplyte-api","timestamp":"2026-02-05 12:28:51"}
{"level":"debug","message":"Duration: 2ms","service":"preplyte-api","timestamp":"2026-02-05 12:28:51"}
{"level":"debug","message":"Query: SELECT AVG(\"public\".\"lms_enrollments\".\"progressPercent\"), \"public\".\"lms_enrollments\".\"courseId\" FROM \"public\".\"lms_enrollments\" WHERE \"public\".\"lms_enrollments\".\"courseId\" IN ($1,$2) GROUP BY \"public\".\"lms_enrollments\".\"courseId\" OFFSET $3","service":"preplyte-api","timestamp":"2026-02-05 12:28:51"}
{"level":"debug","message":"Params: [\"cml92k1k4000417d09rzlrf37\",\"cml93bbti0001h2p0y0h24vng\",0]","service":"preplyte-api","timestamp":"2026-02-05 12:28:51"}
{"level":"debug","message":"Duration: 1ms","service":"preplyte-api","timestamp":"2026-02-05 12:28:51"}
{"level":"info","message":"\u001b[0mGET /api/admin/lms/analytics/overview \u001b[36m304\u001b[0m 84.733 ms - -\u001b[0m","service":"preplyte-api","timestamp":"2026-02-05 12:28:51"}
{"level":"debug","message":"Query: SELECT \"public\".\"users\".\"id\", \"public\".\"users\".\"email\", \"public\".\"users\".\"role\"::text, \"public\".\"users\".\"instituteId\", \"public\".\"users\".\"isActive\", \"public\".\"users\".\"tokenVersion\" FROM \"public\".\"users\" WHERE (\"public\".\"users\".\"id\" = $1 AND 1=1) LIMIT $2 OFFSET $3","service":"preplyte-api","timestamp":"2026-02-05 12:29:01"}
{"level":"debug","message":"Params: [\"cml92r5r50001q3oopvkslp23\",1,0]","service":"preplyte-api","timestamp":"2026-02-05 12:29:01"}
{"level":"debug","message":"Duration: 0ms","service":"preplyte-api","timestamp":"2026-02-05 12:29:01"}
{"level":"debug","message":"Query: SELECT \"public\".\"lms_courses\".\"id\", \"public\".\"lms_courses\".\"categoryId\", \"public\".\"lms_courses\".\"title\", \"public\".\"lms_courses\".\"slug\", \"public\".\"lms_courses\".\"shortDescription\", \"public\".\"lms_courses\".\"description\", \"public\".\"lms_courses\".\"thumbnailUrl\", \"public\".\"lms_courses\".\"previewVideoUrl\", \"public\".\"lms_courses\".\"totalModules\", \"public\".\"lms_courses\".\"totalTopics\", \"public\".\"lms_courses\".\"totalPoints\", \"public\".\"lms_courses\".\"totalHours\", \"public\".\"lms_courses\".\"price\", \"public\".\"lms_courses\".\"discountPrice\", \"public\".\"lms_courses\".\"currency\", \"public\".\"lms_courses\".\"status\"::text, \"public\".\"lms_courses\".\"isActive\", \"public\".\"lms_courses\".\"certificateEnabled\", \"public\".\"lms_courses\".\"passingPercentage\", \"public\".\"lms_courses\".\"tags\", \"public\".\"lms_courses\".\"difficulty\"::text, \"public\".\"lms_courses\".\"instructor\", \"public\".\"lms_courses\".\"language\", \"public\".\"lms_courses\".\"createdAt\", \"public\".\"lms_courses\".\"updatedAt\", \"public\".\"lms_courses\".\"publishedAt\", COALESCE(\"aggr_selection_0_LmsEnrollment\".\"_aggr_count_enrollments\", 0) AS \"_aggr_count_enrollments\" FROM \"public\".\"lms_courses\" LEFT JOIN (SELECT \"public\".\"lms_enrollments\".\"courseId\", COUNT(*) AS \"_aggr_count_enrollments\" FROM \"public\".\"lms_enrollments\" WHERE 1=1 GROUP BY \"public\".\"lms_enrollments\".\"courseId\") AS \"aggr_selection_0_LmsEnrollment\" ON (\"public\".\"lms_courses\".\"id\" = \"aggr_selection_0_LmsEnrollment\".\"courseId\") WHERE (\"public\".\"lms_courses\".\"id\" = $1 AND 1=1) LIMIT $2 OFFSET $3","service":"preplyte-api","timestamp":"2026-02-05 12:29:01"}
{"level":"debug","message":"Params: [\"cml93bbti0001h2p0y0h24vng\",1,0]","service":"preplyte-api","timestamp":"2026-02-05 12:29:01"}
{"level":"debug","message":"Duration: 2ms","service":"preplyte-api","timestamp":"2026-02-05 12:29:01"}
{"level":"debug","message":"Query: SELECT \"public\".\"lms_categories\".\"id\", \"public\".\"lms_categories\".\"name\", \"public\".\"lms_categories\".\"slug\", \"public\".\"lms_categories\".\"description\", \"public\".\"lms_categories\".\"iconUrl\", \"public\".\"lms_categories\".\"order\", \"public\".\"lms_categories\".\"isActive\", \"public\".\"lms_categories\".\"createdAt\", \"public\".\"lms_categories\".\"updatedAt\" FROM \"public\".\"lms_categories\" WHERE \"public\".\"lms_categories\".\"id\" IN ($1) OFFSET $2","service":"preplyte-api","timestamp":"2026-02-05 12:29:01"}
{"level":"debug","message":"Params: [\"cml92k1i3000017d0bq70mkrl\",0]","service":"preplyte-api","timestamp":"2026-02-05 12:29:01"}
{"level":"debug","message":"Duration: 1ms","service":"preplyte-api","timestamp":"2026-02-05 12:29:01"}
{"level":"debug","message":"Query: SELECT \"public\".\"lms_modules\".\"id\", \"public\".\"lms_modules\".\"courseId\", \"public\".\"lms_modules\".\"title\", \"public\".\"lms_modules\".\"shortDescription\", \"public\".\"lms_modules\".\"description\", \"public\".\"lms_modules\".\"order\", \"public\".\"lms_modules\".\"totalTopics\", \"public\".\"lms_modules\".\"points\", \"public\".\"lms_modules\".\"estimatedMinutes\", \"public\".\"lms_modules\".\"isActive\", \"public\".\"lms_modules\".\"createdAt\", \"public\".\"lms_modules\".\"updatedAt\" FROM \"public\".\"lms_modules\" WHERE \"public\".\"lms_modules\".\"courseId\" IN ($1) ORDER BY \"public\".\"lms_modules\".\"order\" ASC OFFSET $2","service":"preplyte-api","timestamp":"2026-02-05 12:29:01"}
{"level":"debug","message":"Params: [\"cml93bbti0001h2p0y0h24vng\",0]","service":"preplyte-api","timestamp":"2026-02-05 12:29:01"}
{"level":"debug","message":"Duration: 1ms","service":"preplyte-api","timestamp":"2026-02-05 12:29:01"}
{"level":"info","message":"\u001b[0mGET /api/admin/lms/courses/cml93bbti0001h2p0y0h24vng \u001b[36m304\u001b[0m 23.618 ms - -\u001b[0m","service":"preplyte-api","timestamp":"2026-02-05 12:29:01"}
{"level":"debug","message":"Query: SELECT \"public\".\"users\".\"id\", \"public\".\"users\".\"email\", \"public\".\"users\".\"role\"::text, \"public\".\"users\".\"instituteId\", \"public\".\"users\".\"isActive\", \"public\".\"users\".\"tokenVersion\" FROM \"public\".\"users\" WHERE (\"public\".\"users\".\"id\" = $1 AND 1=1) LIMIT $2 OFFSET $3","service":"preplyte-api","timestamp":"2026-02-05 12:29:01"}
{"level":"debug","message":"Params: [\"cml92r5r50001q3oopvkslp23\",1,0]","service":"preplyte-api","timestamp":"2026-02-05 12:29:01"}
{"level":"debug","message":"Duration: 1ms","service":"preplyte-api","timestamp":"2026-02-05 12:29:01"}
{"level":"debug","message":"Query: SELECT \"public\".\"lms_modules\".\"id\", \"public\".\"lms_modules\".\"courseId\", \"public\".\"lms_modules\".\"title\", \"public\".\"lms_modules\".\"shortDescription\", \"public\".\"lms_modules\".\"description\", \"public\".\"lms_modules\".\"order\", \"public\".\"lms_modules\".\"totalTopics\", \"public\".\"lms_modules\".\"points\", \"public\".\"lms_modules\".\"estimatedMinutes\", \"public\".\"lms_modules\".\"isActive\", \"public\".\"lms_modules\".\"createdAt\", \"public\".\"lms_modules\".\"updatedAt\" FROM \"public\".\"lms_modules\" WHERE \"public\".\"lms_modules\".\"courseId\" = $1 ORDER BY \"public\".\"lms_modules\".\"order\" ASC OFFSET $2","service":"preplyte-api","timestamp":"2026-02-05 12:29:01"}
{"level":"debug","message":"Params: [\"cml93bbti0001h2p0y0h24vng\",0]","service":"preplyte-api","timestamp":"2026-02-05 12:29:01"}
{"level":"debug","message":"Duration: 1ms","service":"preplyte-api","timestamp":"2026-02-05 12:29:01"}
{"level":"info","message":"\u001b[0mGET /api/admin/lms/courses/cml93bbti0001h2p0y0h24vng/modules?courseId=cml93bbti0001h2p0y0h24vng \u001b[32m200\u001b[0m 20.865 ms - 26\u001b[0m","service":"preplyte-api","timestamp":"2026-02-05 12:29:01"}
{"level":"debug","message":"Query: SELECT 1","service":"preplyte-api","timestamp":"2026-02-05 12:29:20"}
{"level":"debug","message":"Params: []","service":"preplyte-api","timestamp":"2026-02-05 12:29:20"}
{"level":"debug","message":"Duration: 0ms","service":"preplyte-api","timestamp":"2026-02-05 12:29:20"}
{"level":"debug","message":"Query: SELECT \"public\".\"users\".\"id\", \"public\".\"users\".\"email\", \"public\".\"users\".\"role\"::text, \"public\".\"users\".\"instituteId\", \"public\".\"users\".\"isActive\", \"public\".\"users\".\"tokenVersion\" FROM \"public\".\"users\" WHERE (\"public\".\"users\".\"id\" = $1 AND 1=1) LIMIT $2 OFFSET $3","service":"preplyte-api","timestamp":"2026-02-05 12:29:20"}
{"level":"debug","message":"Params: [\"cml92r5r50001q3oopvkslp23\",1,0]","service":"preplyte-api","timestamp":"2026-02-05 12:29:20"}
{"level":"debug","message":"Duration: 0ms","service":"preplyte-api","timestamp":"2026-02-05 12:29:20"}
{"level":"debug","message":"Query: SELECT \"public\".\"lms_categories\".\"id\", \"public\".\"lms_categories\".\"name\", \"public\".\"lms_categories\".\"slug\", \"public\".\"lms_categories\".\"description\", \"public\".\"lms_categories\".\"iconUrl\", \"public\".\"lms_categories\".\"order\", \"public\".\"lms_categories\".\"isActive\", \"public\".\"lms_categories\".\"createdAt\", \"public\".\"lms_categories\".\"updatedAt\", COALESCE(\"aggr_selection_0_LmsCourse\".\"_aggr_count_courses\", 0) AS \"_aggr_count_courses\" FROM \"public\".\"lms_categories\" LEFT JOIN (SELECT \"public\".\"lms_courses\".\"categoryId\", COUNT(*) AS \"_aggr_count_courses\" FROM \"public\".\"lms_courses\" WHERE 1=1 GROUP BY \"public\".\"lms_courses\".\"categoryId\") AS \"aggr_selection_0_LmsCourse\" ON (\"public\".\"lms_categories\".\"id\" = \"aggr_selection_0_LmsCourse\".\"categoryId\") WHERE 1=1 ORDER BY \"public\".\"lms_categories\".\"order\" ASC OFFSET $1","service":"preplyte-api","timestamp":"2026-02-05 12:29:20"}
{"level":"debug","message":"Params: [0]","service":"preplyte-api","timestamp":"2026-02-05 12:29:20"}
{"level":"debug","message":"Duration: 2ms","service":"preplyte-api","timestamp":"2026-02-05 12:29:20"}
{"level":"info","message":"\u001b[0mGET /api/admin/lms/categories \u001b[36m304\u001b[0m 25.419 ms - -\u001b[0m","service":"preplyte-api","timestamp":"2026-02-05 12:29:20"}
{"level":"debug","message":"Query: SELECT \"public\".\"users\".\"id\", \"public\".\"users\".\"email\", \"public\".\"users\".\"role\"::text, \"public\".\"users\".\"instituteId\", \"public\".\"users\".\"isActive\", \"public\".\"users\".\"tokenVersion\" FROM \"public\".\"users\" WHERE (\"public\".\"users\".\"id\" = $1 AND 1=1) LIMIT $2 OFFSET $3","service":"preplyte-api","timestamp":"2026-02-05 12:30:59"}
{"level":"debug","message":"Params: [\"cml92r5r50001q3oopvkslp23\",1,0]","service":"preplyte-api","timestamp":"2026-02-05 12:30:59"}
{"level":"debug","message":"Duration: 8ms","service":"preplyte-api","timestamp":"2026-02-05 12:30:59"}
{"level":"debug","message":"Query: SELECT \"public\".\"lms_courses\".\"id\", \"public\".\"lms_courses\".\"categoryId\", \"public\".\"lms_courses\".\"title\", \"public\".\"lms_courses\".\"slug\", \"public\".\"lms_courses\".\"shortDescription\", \"public\".\"lms_courses\".\"description\", \"public\".\"lms_courses\".\"thumbnailUrl\", \"public\".\"lms_courses\".\"previewVideoUrl\", \"public\".\"lms_courses\".\"totalModules\", \"public\".\"lms_courses\".\"totalTopics\", \"public\".\"lms_courses\".\"totalPoints\", \"public\".\"lms_courses\".\"totalHours\", \"public\".\"lms_courses\".\"price\", \"public\".\"lms_courses\".\"discountPrice\", \"public\".\"lms_courses\".\"currency\", \"public\".\"lms_courses\".\"status\"::text, \"public\".\"lms_courses\".\"isActive\", \"public\".\"lms_courses\".\"certificateEnabled\", \"public\".\"lms_courses\".\"passingPercentage\", \"public\".\"lms_courses\".\"tags\", \"public\".\"lms_courses\".\"difficulty\"::text, \"public\".\"lms_courses\".\"instructor\", \"public\".\"lms_courses\".\"language\", \"public\".\"lms_courses\".\"createdAt\", \"public\".\"lms_courses\".\"updatedAt\", \"public\".\"lms_courses\".\"publishedAt\", COALESCE(\"aggr_selection_0_LmsEnrollment\".\"_aggr_count_enrollments\", 0) AS \"_aggr_count_enrollments\" FROM \"public\".\"lms_courses\" LEFT JOIN (SELECT \"public\".\"lms_enrollments\".\"courseId\", COUNT(*) AS \"_aggr_count_enrollments\" FROM \"public\".\"lms_enrollments\" WHERE 1=1 GROUP BY \"public\".\"lms_enrollments\".\"courseId\") AS \"aggr_selection_0_LmsEnrollment\" ON (\"public\".\"lms_courses\".\"id\" = \"aggr_selection_0_LmsEnrollment\".\"courseId\") WHERE (\"public\".\"lms_courses\".\"id\" = $1 AND 1=1) LIMIT $2 OFFSET $3","service":"preplyte-api","timestamp":"2026-02-05 12:30:59"}
{"level":"debug","message":"Params: [\"cml93bbti0001h2p0y0h24vng\",1,0]","service":"preplyte-api","timestamp":"2026-02-05 12:30:59"}
{"level":"debug","message":"Duration: 17ms","service":"preplyte-api","timestamp":"2026-02-05 12:30:59"}
{"level":"debug","message":"Query: SELECT \"public\".\"lms_categories\".\"id\", \"public\".\"lms_categories\".\"name\", \"public\".\"lms_categories\".\"slug\", \"public\".\"lms_categories\".\"description\", \"public\".\"lms_categories\".\"iconUrl\", \"public\".\"lms_categories\".\"order\", \"public\".\"lms_categories\".\"isActive\", \"public\".\"lms_categories\".\"createdAt\", \"public\".\"lms_categories\".\"updatedAt\" FROM \"public\".\"lms_categories\" WHERE \"public\".\"lms_categories\".\"id\" IN ($1) OFFSET $2","service":"preplyte-api","timestamp":"2026-02-05 12:30:59"}
{"level":"debug","message":"Params: [\"cml92k1i3000017d0bq70mkrl\",0]","service":"preplyte-api","timestamp":"2026-02-05 12:30:59"}
{"level":"debug","message":"Duration: 7ms","service":"preplyte-api","timestamp":"2026-02-05 12:30:59"}
{"level":"debug","message":"Query: SELECT \"public\".\"lms_modules\".\"id\", \"public\".\"lms_modules\".\"courseId\", \"public\".\"lms_modules\".\"title\", \"public\".\"lms_modules\".\"shortDescription\", \"public\".\"lms_modules\".\"description\", \"public\".\"lms_modules\".\"order\", \"public\".\"lms_modules\".\"totalTopics\", \"public\".\"lms_modules\".\"points\", \"public\".\"lms_modules\".\"estimatedMinutes\", \"public\".\"lms_modules\".\"isActive\", \"public\".\"lms_modules\".\"createdAt\", \"public\".\"lms_modules\".\"updatedAt\" FROM \"public\".\"lms_modules\" WHERE \"public\".\"lms_modules\".\"courseId\" IN ($1) ORDER BY \"public\".\"lms_modules\".\"order\" ASC OFFSET $2","service":"preplyte-api","timestamp":"2026-02-05 12:30:59"}
{"level":"debug","message":"Params: [\"cml93bbti0001h2p0y0h24vng\",0]","service":"preplyte-api","timestamp":"2026-02-05 12:30:59"}
{"level":"debug","message":"Duration: 6ms","service":"preplyte-api","timestamp":"2026-02-05 12:30:59"}
{"level":"debug","message":"Query: SELECT \"public\".\"lms_courses\".\"id\", \"public\".\"lms_courses\".\"categoryId\", \"public\".\"lms_courses\".\"title\", \"public\".\"lms_courses\".\"slug\", \"public\".\"lms_courses\".\"shortDescription\", \"public\".\"lms_courses\".\"description\", \"public\".\"lms_courses\".\"thumbnailUrl\", \"public\".\"lms_courses\".\"previewVideoUrl\", \"public\".\"lms_courses\".\"totalModules\", \"public\".\"lms_courses\".\"totalTopics\", \"public\".\"lms_courses\".\"totalPoints\", \"public\".\"lms_courses\".\"totalHours\", \"public\".\"lms_courses\".\"price\", \"public\".\"lms_courses\".\"discountPrice\", \"public\".\"lms_courses\".\"currency\", \"public\".\"lms_courses\".\"status\"::text, \"public\".\"lms_courses\".\"isActive\", \"public\".\"lms_courses\".\"certificateEnabled\", \"public\".\"lms_courses\".\"passingPercentage\", \"public\".\"lms_courses\".\"tags\", \"public\".\"lms_courses\".\"difficulty\"::text, \"public\".\"lms_courses\".\"instructor\", \"public\".\"lms_courses\".\"language\", \"public\".\"lms_courses\".\"createdAt\", \"public\".\"lms_courses\".\"updatedAt\", \"public\".\"lms_courses\".\"publishedAt\" FROM \"public\".\"lms_courses\" WHERE (\"public\".\"lms_courses\".\"slug\" = $1 AND 1=1) LIMIT $2 OFFSET $3","service":"preplyte-api","timestamp":"2026-02-05 12:30:59"}
{"level":"debug","message":"Params: [\"prompt-engineering\",1,0]","service":"preplyte-api","timestamp":"2026-02-05 12:30:59"}
{"level":"debug","message":"Duration: 1ms","service":"preplyte-api","timestamp":"2026-02-05 12:30:59"}
{"level":"debug","message":"Query: BEGIN","service":"preplyte-api","timestamp":"2026-02-05 12:30:59"}
{"level":"debug","message":"Params: []","service":"preplyte-api","timestamp":"2026-02-05 12:30:59"}
{"level":"debug","message":"Duration: 0ms","service":"preplyte-api","timestamp":"2026-02-05 12:30:59"}
{"level":"debug","message":"Query: UPDATE \"public\".\"lms_courses\" SET \"categoryId\" = $1, \"title\" = $2, \"slug\" = $3, \"shortDescription\" = $4, \"description\" = $5, \"thumbnailUrl\" = $6, \"previewVideoUrl\" = $7, \"price\" = $8, \"discountPrice\" = $9, \"currency\" = $10, \"status\" = CAST($11::text AS \"public\".\"LmsCourseStatus\"), \"isActive\" = $12, \"certificateEnabled\" = $13, \"passingPercentage\" = $14, \"tags\" = $15, \"difficulty\" = CAST($16::text AS \"public\".\"DifficultyLevel\"), \"instructor\" = $17, \"language\" = $18, \"updatedAt\" = $19 WHERE (\"public\".\"lms_courses\".\"id\" = $20 AND 1=1) RETURNING \"public\".\"lms_courses\".\"id\", \"public\".\"lms_courses\".\"categoryId\", \"public\".\"lms_courses\".\"title\", \"public\".\"lms_courses\".\"slug\", \"public\".\"lms_courses\".\"shortDescription\", \"public\".\"lms_courses\".\"description\", \"public\".\"lms_courses\".\"thumbnailUrl\", \"public\".\"lms_courses\".\"previewVideoUrl\", \"public\".\"lms_courses\".\"totalModules\", \"public\".\"lms_courses\".\"totalTopics\", \"public\".\"lms_courses\".\"totalPoints\", \"public\".\"lms_courses\".\"totalHours\", \"public\".\"lms_courses\".\"price\", \"public\".\"lms_courses\".\"discountPrice\", \"public\".\"lms_courses\".\"currency\", \"public\".\"lms_courses\".\"status\"::text, \"public\".\"lms_courses\".\"isActive\", \"public\".\"lms_courses\".\"certificateEnabled\", \"public\".\"lms_courses\".\"passingPercentage\", \"public\".\"lms_courses\".\"tags\", \"public\".\"lms_courses\".\"difficulty\"::text, \"public\".\"lms_courses\".\"instructor\", \"public\".\"lms_courses\".\"language\", \"public\".\"lms_courses\".\"createdAt\", \"public\".\"lms_courses\".\"updatedAt\", \"public\".\"lms_courses\".\"publishedAt\"","service":"preplyte-api","timestamp":"2026-02-05 12:30:59"}
{"level":"debug","message":"Params: [\"cml92k1i3000017d0bq70mkrl\",\"Prompt Engineering\",\"prompt-engineering\",\"Prompt EngineeringPrompt EngineeringPrompt EngineeringPrompt Engineering\",\"nice coursenice coursenice coursenice coursenice course\",null,null,0,0,\"INR\",\"PUBLISHED\",true,false,70,[\"react\"],\"EASY\",\"Prathamesh Gaikwad\",\"English\",\"2026-02-05 07:00:59.882 UTC\",\"cml93bbti0001h2p0y0h24vng\"]","service":"preplyte-api","timestamp":"2026-02-05 12:30:59"}
{"level":"debug","message":"Duration: 4ms","service":"preplyte-api","timestamp":"2026-02-05 12:30:59"}
{"level":"debug","message":"Query: SELECT \"public\".\"lms_courses\".\"id\", \"public\".\"lms_courses\".\"categoryId\", \"public\".\"lms_courses\".\"title\", \"public\".\"lms_courses\".\"slug\", \"public\".\"lms_courses\".\"shortDescription\", \"public\".\"lms_courses\".\"description\", \"public\".\"lms_courses\".\"thumbnailUrl\", \"public\".\"lms_courses\".\"previewVideoUrl\", \"public\".\"lms_courses\".\"totalModules\", \"public\".\"lms_courses\".\"totalTopics\", \"public\".\"lms_courses\".\"totalPoints\", \"public\".\"lms_courses\".\"totalHours\", \"public\".\"lms_courses\".\"price\", \"public\".\"lms_courses\".\"discountPrice\", \"public\".\"lms_courses\".\"currency\", \"public\".\"lms_courses\".\"status\"::text, \"public\".\"lms_courses\".\"isActive\", \"public\".\"lms_courses\".\"certificateEnabled\", \"public\".\"lms_courses\".\"passingPercentage\", \"public\".\"lms_courses\".\"tags\", \"public\".\"lms_courses\".\"difficulty\"::text, \"public\".\"lms_courses\".\"instructor\", \"public\".\"lms_courses\".\"language\", \"public\".\"lms_courses\".\"createdAt\", \"public\".\"lms_courses\".\"updatedAt\", \"public\".\"lms_courses\".\"publishedAt\" FROM \"public\".\"lms_courses\" WHERE \"public\".\"lms_courses\".\"id\" = $1 LIMIT $2 OFFSET $3","service":"preplyte-api","timestamp":"2026-02-05 12:30:59"}
{"level":"debug","message":"Params: [\"cml93bbti0001h2p0y0h24vng\",1,0]","service":"preplyte-api","timestamp":"2026-02-05 12:30:59"}
{"level":"debug","message":"Duration: 1ms","service":"preplyte-api","timestamp":"2026-02-05 12:30:59"}
{"level":"debug","message":"Query: SELECT \"public\".\"lms_categories\".\"id\", \"public\".\"lms_categories\".\"name\", \"public\".\"lms_categories\".\"slug\", \"public\".\"lms_categories\".\"description\", \"public\".\"lms_categories\".\"iconUrl\", \"public\".\"lms_categories\".\"order\", \"public\".\"lms_categories\".\"isActive\", \"public\".\"lms_categories\".\"createdAt\", \"public\".\"lms_categories\".\"updatedAt\" FROM \"public\".\"lms_categories\" WHERE \"public\".\"lms_categories\".\"id\" IN ($1) OFFSET $2","service":"preplyte-api","timestamp":"2026-02-05 12:30:59"}
{"level":"debug","message":"Params: [\"cml92k1i3000017d0bq70mkrl\",0]","service":"preplyte-api","timestamp":"2026-02-05 12:30:59"}
{"level":"debug","message":"Duration: 0ms","service":"preplyte-api","timestamp":"2026-02-05 12:30:59"}
{"level":"debug","message":"Query: COMMIT","service":"preplyte-api","timestamp":"2026-02-05 12:30:59"}
{"level":"debug","message":"Params: []","service":"preplyte-api","timestamp":"2026-02-05 12:30:59"}
{"level":"debug","message":"Duration: 1ms","service":"preplyte-api","timestamp":"2026-02-05 12:30:59"}
{"level":"info","message":"\u001b[0mPATCH /api/admin/lms/courses/cml93bbti0001h2p0y0h24vng \u001b[32m200\u001b[0m 147.501 ms - -\u001b[0m","service":"preplyte-api","timestamp":"2026-02-05 12:30:59"}
{"level":"debug","message":"Query: SELECT \"public\".\"users\".\"id\", \"public\".\"users\".\"email\", \"public\".\"users\".\"role\"::text, \"public\".\"users\".\"instituteId\", \"public\".\"users\".\"isActive\", \"public\".\"users\".\"tokenVersion\" FROM \"public\".\"users\" WHERE (\"public\".\"users\".\"id\" = $1 AND 1=1) LIMIT $2 OFFSET $3","service":"preplyte-api","timestamp":"2026-02-05 12:30:59"}
{"level":"debug","message":"Params: [\"cml92r5r50001q3oopvkslp23\",1,0]","service":"preplyte-api","timestamp":"2026-02-05 12:30:59"}
{"level":"debug","message":"Duration: 0ms","service":"preplyte-api","timestamp":"2026-02-05 12:30:59"}
{"level":"debug","message":"Query: SELECT \"public\".\"lms_courses\".\"id\", \"public\".\"lms_courses\".\"categoryId\", \"public\".\"lms_courses\".\"title\", \"public\".\"lms_courses\".\"slug\", \"public\".\"lms_courses\".\"shortDescription\", \"public\".\"lms_courses\".\"description\", \"public\".\"lms_courses\".\"thumbnailUrl\", \"public\".\"lms_courses\".\"previewVideoUrl\", \"public\".\"lms_courses\".\"totalModules\", \"public\".\"lms_courses\".\"totalTopics\", \"public\".\"lms_courses\".\"totalPoints\", \"public\".\"lms_courses\".\"totalHours\", \"public\".\"lms_courses\".\"price\", \"public\".\"lms_courses\".\"discountPrice\", \"public\".\"lms_courses\".\"currency\", \"public\".\"lms_courses\".\"status\"::text, \"public\".\"lms_courses\".\"isActive\", \"public\".\"lms_courses\".\"certificateEnabled\", \"public\".\"lms_courses\".\"passingPercentage\", \"public\".\"lms_courses\".\"tags\", \"public\".\"lms_courses\".\"difficulty\"::text, \"public\".\"lms_courses\".\"instructor\", \"public\".\"lms_courses\".\"language\", \"public\".\"lms_courses\".\"createdAt\", \"public\".\"lms_courses\".\"updatedAt\", \"public\".\"lms_courses\".\"publishedAt\", COALESCE(\"aggr_selection_0_LmsEnrollment\".\"_aggr_count_enrollments\", 0) AS \"_aggr_count_enrollments\" FROM \"public\".\"lms_courses\" LEFT JOIN (SELECT \"public\".\"lms_enrollments\".\"courseId\", COUNT(*) AS \"_aggr_count_enrollments\" FROM \"public\".\"lms_enrollments\" WHERE 1=1 GROUP BY \"public\".\"lms_enrollments\".\"courseId\") AS \"aggr_selection_0_LmsEnrollment\" ON (\"public\".\"lms_courses\".\"id\" = \"aggr_selection_0_LmsEnrollment\".\"courseId\") WHERE (\"public\".\"lms_courses\".\"id\" = $1 AND 1=1) LIMIT $2 OFFSET $3","service":"preplyte-api","timestamp":"2026-02-05 12:30:59"}
{"level":"debug","message":"Params: [\"cml93bbti0001h2p0y0h24vng\",1,0]","service":"preplyte-api","timestamp":"2026-02-05 12:30:59"}
{"level":"debug","message":"Duration: 0ms","service":"preplyte-api","timestamp":"2026-02-05 12:30:59"}
{"level":"debug","message":"Query: SELECT \"public\".\"lms_categories\".\"id\", \"public\".\"lms_categories\".\"name\", \"public\".\"lms_categories\".\"slug\", \"public\".\"lms_categories\".\"description\", \"public\".\"lms_categories\".\"iconUrl\", \"public\".\"lms_categories\".\"order\", \"public\".\"lms_categories\".\"isActive\", \"public\".\"lms_categories\".\"createdAt\", \"public\".\"lms_categories\".\"updatedAt\" FROM \"public\".\"lms_categories\" WHERE \"public\".\"lms_categories\".\"id\" IN ($1) OFFSET $2","service":"preplyte-api","timestamp":"2026-02-05 12:30:59"}
{"level":"debug","message":"Params: [\"cml92k1i3000017d0bq70mkrl\",0]","service":"preplyte-api","timestamp":"2026-02-05 12:30:59"}
{"level":"debug","message":"Duration: 0ms","service":"preplyte-api","timestamp":"2026-02-05 12:30:59"}
{"level":"debug","message":"Query: SELECT \"public\".\"lms_modules\".\"id\", \"public\".\"lms_modules\".\"courseId\", \"public\".\"lms_modules\".\"title\", \"public\".\"lms_modules\".\"shortDescription\", \"public\".\"lms_modules\".\"description\", \"public\".\"lms_modules\".\"order\", \"public\".\"lms_modules\".\"totalTopics\", \"public\".\"lms_modules\".\"points\", \"public\".\"lms_modules\".\"estimatedMinutes\", \"public\".\"lms_modules\".\"isActive\", \"public\".\"lms_modules\".\"createdAt\", \"public\".\"lms_modules\".\"updatedAt\" FROM \"public\".\"lms_modules\" WHERE \"public\".\"lms_modules\".\"courseId\" IN ($1) ORDER BY \"public\".\"lms_modules\".\"order\" ASC OFFSET $2","service":"preplyte-api","timestamp":"2026-02-05 12:30:59"}
{"level":"debug","message":"Params: [\"cml93bbti0001h2p0y0h24vng\",0]","service":"preplyte-api","timestamp":"2026-02-05 12:30:59"}
{"level":"debug","message":"Duration: 0ms","service":"preplyte-api","timestamp":"2026-02-05 12:30:59"}
{"level":"info","message":"\u001b[0mGET /api/admin/lms/courses/cml93bbti0001h2p0y0h24vng \u001b[32m200\u001b[0m 16.346 ms - -\u001b[0m","service":"preplyte-api","timestamp":"2026-02-05 12:30:59"}
{"level":"debug","message":"Query: SELECT \"public\".\"users\".\"id\", \"public\".\"users\".\"email\", \"public\".\"users\".\"role\"::text, \"public\".\"users\".\"instituteId\", \"public\".\"users\".\"isActive\", \"public\".\"users\".\"tokenVersion\" FROM \"public\".\"users\" WHERE (\"public\".\"users\".\"id\" = $1 AND 1=1) LIMIT $2 OFFSET $3","service":"preplyte-api","timestamp":"2026-02-05 12:30:59"}
{"level":"debug","message":"Params: [\"cml92r5r50001q3oopvkslp23\",1,0]","service":"preplyte-api","timestamp":"2026-02-05 12:30:59"}
{"level":"debug","message":"Duration: 0ms","service":"preplyte-api","timestamp":"2026-02-05 12:30:59"}
{"level":"debug","message":"Query: SELECT \"public\".\"lms_courses\".\"id\", \"public\".\"lms_courses\".\"categoryId\", \"public\".\"lms_courses\".\"title\", \"public\".\"lms_courses\".\"slug\", \"public\".\"lms_courses\".\"shortDescription\", \"public\".\"lms_courses\".\"description\", \"public\".\"lms_courses\".\"thumbnailUrl\", \"public\".\"lms_courses\".\"previewVideoUrl\", \"public\".\"lms_courses\".\"totalModules\", \"public\".\"lms_courses\".\"totalTopics\", \"public\".\"lms_courses\".\"totalPoints\", \"public\".\"lms_courses\".\"totalHours\", \"public\".\"lms_courses\".\"price\", \"public\".\"lms_courses\".\"discountPrice\", \"public\".\"lms_courses\".\"currency\", \"public\".\"lms_courses\".\"status\"::text, \"public\".\"lms_courses\".\"isActive\", \"public\".\"lms_courses\".\"certificateEnabled\", \"public\".\"lms_courses\".\"passingPercentage\", \"public\".\"lms_courses\".\"tags\", \"public\".\"lms_courses\".\"difficulty\"::text, \"public\".\"lms_courses\".\"instructor\", \"public\".\"lms_courses\".\"language\", \"public\".\"lms_courses\".\"createdAt\", \"public\".\"lms_courses\".\"updatedAt\", \"public\".\"lms_courses\".\"publishedAt\", COALESCE(\"aggr_selection_0_LmsEnrollment\".\"_aggr_count_enrollments\", 0) AS \"_aggr_count_enrollments\" FROM \"public\".\"lms_courses\" LEFT JOIN (SELECT \"public\".\"lms_enrollments\".\"courseId\", COUNT(*) AS \"_aggr_count_enrollments\" FROM \"public\".\"lms_enrollments\" WHERE 1=1 GROUP BY \"public\".\"lms_enrollments\".\"courseId\") AS \"aggr_selection_0_LmsEnrollment\" ON (\"public\".\"lms_courses\".\"id\" = \"aggr_selection_0_LmsEnrollment\".\"courseId\") WHERE (\"public\".\"lms_courses\".\"id\" = $1 AND 1=1) LIMIT $2 OFFSET $3","service":"preplyte-api","timestamp":"2026-02-05 12:30:59"}
{"level":"debug","message":"Params: [\"cml93bbti0001h2p0y0h24vng\",1,0]","service":"preplyte-api","timestamp":"2026-02-05 12:30:59"}
{"level":"debug","message":"Duration: 0ms","service":"preplyte-api","timestamp":"2026-02-05 12:30:59"}
{"level":"debug","message":"Query: SELECT \"public\".\"lms_categories\".\"id\", \"public\".\"lms_categories\".\"name\", \"public\".\"lms_categories\".\"slug\", \"public\".\"lms_categories\".\"description\", \"public\".\"lms_categories\".\"iconUrl\", \"public\".\"lms_categories\".\"order\", \"public\".\"lms_categories\".\"isActive\", \"public\".\"lms_categories\".\"createdAt\", \"public\".\"lms_categories\".\"updatedAt\" FROM \"public\".\"lms_categories\" WHERE \"public\".\"lms_categories\".\"id\" IN ($1) OFFSET $2","service":"preplyte-api","timestamp":"2026-02-05 12:30:59"}
{"level":"debug","message":"Params: [\"cml92k1i3000017d0bq70mkrl\",0]","service":"preplyte-api","timestamp":"2026-02-05 12:30:59"}
{"level":"debug","message":"Duration: 0ms","service":"preplyte-api","timestamp":"2026-02-05 12:30:59"}
{"level":"debug","message":"Query: SELECT \"public\".\"lms_modules\".\"id\", \"public\".\"lms_modules\".\"courseId\", \"public\".\"lms_modules\".\"title\", \"public\".\"lms_modules\".\"shortDescription\", \"public\".\"lms_modules\".\"description\", \"public\".\"lms_modules\".\"order\", \"public\".\"lms_modules\".\"totalTopics\", \"public\".\"lms_modules\".\"points\", \"public\".\"lms_modules\".\"estimatedMinutes\", \"public\".\"lms_modules\".\"isActive\", \"public\".\"lms_modules\".\"createdAt\", \"public\".\"lms_modules\".\"updatedAt\" FROM \"public\".\"lms_modules\" WHERE \"public\".\"lms_modules\".\"courseId\" IN ($1) ORDER BY \"public\".\"lms_modules\".\"order\" ASC OFFSET $2","service":"preplyte-api","timestamp":"2026-02-05 12:30:59"}
{"level":"debug","message":"Params: [\"cml93bbti0001h2p0y0h24vng\",0]","service":"preplyte-api","timestamp":"2026-02-05 12:30:59"}
{"level":"debug","message":"Duration: 0ms","service":"preplyte-api","timestamp":"2026-02-05 12:30:59"}
{"level":"info","message":"\u001b[0mGET /api/admin/lms/courses/cml93bbti0001h2p0y0h24vng \u001b[36m304\u001b[0m 16.686 ms - -\u001b[0m","service":"preplyte-api","timestamp":"2026-02-05 12:30:59"}
{"level":"debug","message":"Query: SELECT \"public\".\"users\".\"id\", \"public\".\"users\".\"email\", \"public\".\"users\".\"role\"::text, \"public\".\"users\".\"instituteId\", \"public\".\"users\".\"isActive\", \"public\".\"users\".\"tokenVersion\" FROM \"public\".\"users\" WHERE (\"public\".\"users\".\"id\" = $1 AND 1=1) LIMIT $2 OFFSET $3","service":"preplyte-api","timestamp":"2026-02-05 12:31:10"}
{"level":"debug","message":"Params: [\"cml92r5r50001q3oopvkslp23\",1,0]","service":"preplyte-api","timestamp":"2026-02-05 12:31:10"}
{"level":"debug","message":"Duration: 1ms","service":"preplyte-api","timestamp":"2026-02-05 12:31:10"}
{"level":"debug","message":"Query: SELECT \"public\".\"lms_courses\".\"id\", \"public\".\"lms_courses\".\"categoryId\", \"public\".\"lms_courses\".\"title\", \"public\".\"lms_courses\".\"slug\", \"public\".\"lms_courses\".\"shortDescription\", \"public\".\"lms_courses\".\"description\", \"public\".\"lms_courses\".\"thumbnailUrl\", \"public\".\"lms_courses\".\"previewVideoUrl\", \"public\".\"lms_courses\".\"totalModules\", \"public\".\"lms_courses\".\"totalTopics\", \"public\".\"lms_courses\".\"totalPoints\", \"public\".\"lms_courses\".\"totalHours\", \"public\".\"lms_courses\".\"price\", \"public\".\"lms_courses\".\"discountPrice\", \"public\".\"lms_courses\".\"currency\", \"public\".\"lms_courses\".\"status\"::text, \"public\".\"lms_courses\".\"isActive\", \"public\".\"lms_courses\".\"certificateEnabled\", \"public\".\"lms_courses\".\"passingPercentage\", \"public\".\"lms_courses\".\"tags\", \"public\".\"lms_courses\".\"difficulty\"::text, \"public\".\"lms_courses\".\"instructor\", \"public\".\"lms_courses\".\"language\", \"public\".\"lms_courses\".\"createdAt\", \"public\".\"lms_courses\".\"updatedAt\", \"public\".\"lms_courses\".\"publishedAt\", COALESCE(\"aggr_selection_0_LmsModule\".\"_aggr_count_modules\", 0) AS \"_aggr_count_modules\", COALESCE(\"aggr_selection_1_LmsEnrollment\".\"_aggr_count_enrollments\", 0) AS \"_aggr_count_enrollments\" FROM \"public\".\"lms_courses\" LEFT JOIN (SELECT \"public\".\"lms_modules\".\"courseId\", COUNT(*) AS \"_aggr_count_modules\" FROM \"public\".\"lms_modules\" WHERE 1=1 GROUP BY \"public\".\"lms_modules\".\"courseId\") AS \"aggr_selection_0_LmsModule\" ON (\"public\".\"lms_courses\".\"id\" = \"aggr_selection_0_LmsModule\".\"courseId\") LEFT JOIN (SELECT \"public\".\"lms_enrollments\".\"courseId\", COUNT(*) AS \"_aggr_count_enrollments\" FROM \"public\".\"lms_enrollments\" WHERE 1=1 GROUP BY \"public\".\"lms_enrollments\".\"courseId\") AS \"aggr_selection_1_LmsEnrollment\" ON (\"public\".\"lms_courses\".\"id\" = \"aggr_selection_1_LmsEnrollment\".\"courseId\") WHERE 1=1 ORDER BY \"public\".\"lms_courses\".\"createdAt\" DESC OFFSET $1","service":"preplyte-api","timestamp":"2026-02-05 12:31:10"}
{"level":"debug","message":"Params: [0]","service":"preplyte-api","timestamp":"2026-02-05 12:31:10"}
{"level":"debug","message":"Duration: 6ms","service":"preplyte-api","timestamp":"2026-02-05 12:31:10"}
{"level":"debug","message":"Query: SELECT \"public\".\"lms_categories\".\"id\", \"public\".\"lms_categories\".\"name\", \"public\".\"lms_categories\".\"slug\", \"public\".\"lms_categories\".\"description\", \"public\".\"lms_categories\".\"iconUrl\", \"public\".\"lms_categories\".\"order\", \"public\".\"lms_categories\".\"isActive\", \"public\".\"lms_categories\".\"createdAt\", \"public\".\"lms_categories\".\"updatedAt\" FROM \"public\".\"lms_categories\" WHERE \"public\".\"lms_categories\".\"id\" IN ($1) OFFSET $2","service":"preplyte-api","timestamp":"2026-02-05 12:31:10"}
{"level":"debug","message":"Params: [\"cml92k1i3000017d0bq70mkrl\",0]","service":"preplyte-api","timestamp":"2026-02-05 12:31:10"}
{"level":"debug","message":"Duration: 1ms","service":"preplyte-api","timestamp":"2026-02-05 12:31:10"}
{"level":"info","message":"\u001b[0mGET /api/admin/lms/courses?page=1&limit=10&search= \u001b[32m200\u001b[0m 27.951 ms - -\u001b[0m","service":"preplyte-api","timestamp":"2026-02-05 12:31:10"}
{"level":"debug","message":"Query: SELECT 1","service":"preplyte-api","timestamp":"2026-02-05 12:31:19"}
{"level":"debug","message":"Params: []","service":"preplyte-api","timestamp":"2026-02-05 12:31:19"}
{"level":"debug","message":"Duration: 0ms","service":"preplyte-api","timestamp":"2026-02-05 12:31:19"}
{"level":"debug","message":"Query: SELECT \"public\".\"lms_categories\".\"id\", \"public\".\"lms_categories\".\"name\", \"public\".\"lms_categories\".\"slug\", \"public\".\"lms_categories\".\"description\", \"public\".\"lms_categories\".\"iconUrl\", \"public\".\"lms_categories\".\"order\", \"public\".\"lms_categories\".\"isActive\", \"public\".\"lms_categories\".\"createdAt\", \"public\".\"lms_categories\".\"updatedAt\", COALESCE(\"aggr_selection_0_LmsCourse\".\"_aggr_count_courses\", 0) AS \"_aggr_count_courses\" FROM \"public\".\"lms_categories\" LEFT JOIN (SELECT \"public\".\"lms_courses\".\"categoryId\", COUNT(*) AS \"_aggr_count_courses\" FROM \"public\".\"lms_courses\" WHERE (\"public\".\"lms_courses\".\"status\" = CAST($1::text AS \"public\".\"LmsCourseStatus\") AND \"public\".\"lms_courses\".\"isActive\" = $2) GROUP BY \"public\".\"lms_courses\".\"categoryId\") AS \"aggr_selection_0_LmsCourse\" ON (\"public\".\"lms_categories\".\"id\" = \"aggr_selection_0_LmsCourse\".\"categoryId\") WHERE \"public\".\"lms_categories\".\"isActive\" = $3 ORDER BY \"public\".\"lms_categories\".\"order\" ASC OFFSET $4","service":"preplyte-api","timestamp":"2026-02-05 12:31:19"}
{"level":"debug","message":"Params: [\"PUBLISHED\",true,true,0]","service":"preplyte-api","timestamp":"2026-02-05 12:31:19"}
{"level":"debug","message":"Duration: 5ms","service":"preplyte-api","timestamp":"2026-02-05 12:31:19"}
{"level":"debug","message":"Query: SELECT COUNT(*) FROM (SELECT \"public\".\"lms_courses\".\"id\" FROM \"public\".\"lms_courses\" WHERE (\"public\".\"lms_courses\".\"status\" = CAST($1::text AS \"public\".\"LmsCourseStatus\") AND \"public\".\"lms_courses\".\"isActive\" = $2) OFFSET $3) AS \"sub\"","service":"preplyte-api","timestamp":"2026-02-05 12:31:19"}
{"level":"debug","message":"Params: [\"PUBLISHED\",true,0]","service":"preplyte-api","timestamp":"2026-02-05 12:31:19"}
{"level":"debug","message":"Duration: 1ms","service":"preplyte-api","timestamp":"2026-02-05 12:31:19"}
{"level":"debug","message":"Query: SELECT \"public\".\"lms_courses\".\"id\", \"public\".\"lms_courses\".\"categoryId\", \"public\".\"lms_courses\".\"title\", \"public\".\"lms_courses\".\"slug\", \"public\".\"lms_courses\".\"shortDescription\", \"public\".\"lms_courses\".\"description\", \"public\".\"lms_courses\".\"thumbnailUrl\", \"public\".\"lms_courses\".\"previewVideoUrl\", \"public\".\"lms_courses\".\"totalModules\", \"public\".\"lms_courses\".\"totalTopics\", \"public\".\"lms_courses\".\"totalPoints\", \"public\".\"lms_courses\".\"totalHours\", \"public\".\"lms_courses\".\"price\", \"public\".\"lms_courses\".\"discountPrice\", \"public\".\"lms_courses\".\"currency\", \"public\".\"lms_courses\".\"status\"::text, \"public\".\"lms_courses\".\"isActive\", \"public\".\"lms_courses\".\"certificateEnabled\", \"public\".\"lms_courses\".\"passingPercentage\", \"public\".\"lms_courses\".\"tags\", \"public\".\"lms_courses\".\"difficulty\"::text, \"public\".\"lms_courses\".\"instructor\", \"public\".\"lms_courses\".\"language\", \"public\".\"lms_courses\".\"createdAt\", \"public\".\"lms_courses\".\"updatedAt\", \"public\".\"lms_courses\".\"publishedAt\" FROM \"public\".\"lms_courses\" LEFT JOIN (SELECT \"public\".\"lms_enrollments\".\"courseId\", COUNT(*) AS \"orderby_aggregator\" FROM \"public\".\"lms_enrollments\" WHERE 1=1 GROUP BY \"public\".\"lms_enrollments\".\"courseId\") AS \"orderby_1_LmsEnrollment\" ON (\"public\".\"lms_courses\".\"id\" = \"orderby_1_LmsEnrollment\".\"courseId\") WHERE (\"public\".\"lms_courses\".\"status\" = CAST($1::text AS \"public\".\"LmsCourseStatus\") AND \"public\".\"lms_courses\".\"isActive\" = $2) ORDER BY COALESCE(\"orderby_1_LmsEnrollment\".\"orderby_aggregator\", $3) DESC LIMIT $4 OFFSET $5","service":"preplyte-api","timestamp":"2026-02-05 12:31:19"}
{"level":"debug","message":"Params: [\"PUBLISHED\",true,0,12,0]","service":"preplyte-api","timestamp":"2026-02-05 12:31:19"}
{"level":"debug","message":"Duration: 3ms","service":"preplyte-api","timestamp":"2026-02-05 12:31:19"}
{"level":"debug","message":"Query: SELECT \"public\".\"lms_categories\".\"id\", \"public\".\"lms_categories\".\"name\", \"public\".\"lms_categories\".\"slug\" FROM \"public\".\"lms_categories\" WHERE \"public\".\"lms_categories\".\"id\" IN ($1) OFFSET $2","service":"preplyte-api","timestamp":"2026-02-05 12:31:19"}
{"level":"debug","message":"Params: [\"cml92k1i3000017d0bq70mkrl\",0]","service":"preplyte-api","timestamp":"2026-02-05 12:31:19"}
{"level":"debug","message":"Duration: 1ms","service":"preplyte-api","timestamp":"2026-02-05 12:31:19"}
{"level":"info","message":"\u001b[0mGET /api/lms/categories \u001b[32m200\u001b[0m 38.205 ms - 652\u001b[0m","service":"preplyte-api","timestamp":"2026-02-05 12:31:19"}
{"level":"debug","message":"Query: SELECT \"public\".\"lms_courses\".\"id\", \"public\".\"lms_courses\".\"instructor\" FROM \"public\".\"lms_courses\" WHERE (\"public\".\"lms_courses\".\"status\" = CAST($1::text AS \"public\".\"LmsCourseStatus\") AND \"public\".\"lms_courses\".\"isActive\" = $2) OFFSET $3","service":"preplyte-api","timestamp":"2026-02-05 12:31:19"}
{"level":"debug","message":"Params: [\"PUBLISHED\",true,0]","service":"preplyte-api","timestamp":"2026-02-05 12:31:19"}
{"level":"debug","message":"Duration: 14ms","service":"preplyte-api","timestamp":"2026-02-05 12:31:19"}
{"level":"debug","message":"Query: SELECT COUNT(*), \"public\".\"lms_enrollments\".\"userId\" FROM \"public\".\"lms_enrollments\" WHERE 1=1 GROUP BY \"public\".\"lms_enrollments\".\"userId\" OFFSET $1","service":"preplyte-api","timestamp":"2026-02-05 12:31:19"}
{"level":"debug","message":"Params: [0]","service":"preplyte-api","timestamp":"2026-02-05 12:31:19"}
{"level":"debug","message":"Duration: 8ms","service":"preplyte-api","timestamp":"2026-02-05 12:31:19"}
{"level":"debug","message":"Query: SELECT COUNT(*) FROM (SELECT \"public\".\"lms_courses\".\"id\" FROM \"public\".\"lms_courses\" WHERE (\"public\".\"lms_courses\".\"status\" = CAST($1::text AS \"public\".\"LmsCourseStatus\") AND \"public\".\"lms_courses\".\"isActive\" = $2) OFFSET $3) AS \"sub\"","service":"preplyte-api","timestamp":"2026-02-05 12:31:19"}
{"level":"debug","message":"Params: [\"PUBLISHED\",true,0]","service":"preplyte-api","timestamp":"2026-02-05 12:31:19"}
{"level":"debug","message":"Duration: 14ms","service":"preplyte-api","timestamp":"2026-02-05 12:31:19"}
{"level":"debug","message":"Query: SELECT AVG(\"progressPercent\") FROM (SELECT \"public\".\"lms_enrollments\".\"progressPercent\" FROM \"public\".\"lms_enrollments\" WHERE \"public\".\"lms_enrollments\".\"status\" = CAST($1::text AS \"public\".\"LmsEnrollmentStatus\") OFFSET $2) AS \"sub\"","service":"preplyte-api","timestamp":"2026-02-05 12:31:19"}
{"level":"debug","message":"Params: [\"COMPLETED\",0]","service":"preplyte-api","timestamp":"2026-02-05 12:31:19"}
{"level":"debug","message":"Duration: 9ms","service":"preplyte-api","timestamp":"2026-02-05 12:31:19"}
{"level":"info","message":"\u001b[0mGET /api/lms/stats \u001b[32m200\u001b[0m 125.696 ms - 146\u001b[0m","service":"preplyte-api","timestamp":"2026-02-05 12:31:19"}
{"level":"debug","message":"Query: SELECT \"public\".\"lms_courses\".\"id\", \"public\".\"lms_courses\".\"categoryId\", \"public\".\"lms_courses\".\"title\", \"public\".\"lms_courses\".\"slug\", \"public\".\"lms_courses\".\"shortDescription\", \"public\".\"lms_courses\".\"description\", \"public\".\"lms_courses\".\"thumbnailUrl\", \"public\".\"lms_courses\".\"previewVideoUrl\", \"public\".\"lms_courses\".\"totalModules\", \"public\".\"lms_courses\".\"totalTopics\", \"public\".\"lms_courses\".\"totalPoints\", \"public\".\"lms_courses\".\"totalHours\", \"public\".\"lms_courses\".\"price\", \"public\".\"lms_courses\".\"discountPrice\", \"public\".\"lms_courses\".\"currency\", \"public\".\"lms_courses\".\"status\"::text, \"public\".\"lms_courses\".\"isActive\", \"public\".\"lms_courses\".\"certificateEnabled\", \"public\".\"lms_courses\".\"passingPercentage\", \"public\".\"lms_courses\".\"tags\", \"public\".\"lms_courses\".\"difficulty\"::text, \"public\".\"lms_courses\".\"instructor\", \"public\".\"lms_courses\".\"language\", \"public\".\"lms_courses\".\"createdAt\", \"public\".\"lms_courses\".\"updatedAt\", \"public\".\"lms_courses\".\"publishedAt\" FROM \"public\".\"lms_courses\" LEFT JOIN (SELECT \"public\".\"lms_enrollments\".\"courseId\", COUNT(*) AS \"orderby_aggregator\" FROM \"public\".\"lms_enrollments\" WHERE 1=1 GROUP BY \"public\".\"lms_enrollments\".\"courseId\") AS \"orderby_1_LmsEnrollment\" ON (\"public\".\"lms_courses\".\"id\" = \"orderby_1_LmsEnrollment\".\"courseId\") WHERE (\"public\".\"lms_courses\".\"status\" = CAST($1::text AS \"public\".\"LmsCourseStatus\") AND \"public\".\"lms_courses\".\"isActive\" = $2) ORDER BY COALESCE(\"orderby_1_LmsEnrollment\".\"orderby_aggregator\", $3) DESC LIMIT $4 OFFSET $5","service":"preplyte-api","timestamp":"2026-02-05 12:31:19"}
{"level":"debug","message":"Params: [\"PUBLISHED\",true,0,12,0]","service":"preplyte-api","timestamp":"2026-02-05 12:31:19"}
{"level":"debug","message":"Duration: 17ms","service":"preplyte-api","timestamp":"2026-02-05 12:31:19"}
{"level":"debug","message":"Query: SELECT COUNT(*) FROM (SELECT \"public\".\"lms_courses\".\"id\" FROM \"public\".\"lms_courses\" WHERE (\"public\".\"lms_courses\".\"status\" = CAST($1::text AS \"public\".\"LmsCourseStatus\") AND \"public\".\"lms_courses\".\"isActive\" = $2) OFFSET $3) AS \"sub\"","service":"preplyte-api","timestamp":"2026-02-05 12:31:19"}
{"level":"debug","message":"Params: [\"PUBLISHED\",true,0]","service":"preplyte-api","timestamp":"2026-02-05 12:31:19"}
{"level":"debug","message":"Duration: 9ms","service":"preplyte-api","timestamp":"2026-02-05 12:31:19"}
{"level":"debug","message":"Query: SELECT \"public\".\"lms_categories\".\"id\", \"public\".\"lms_categories\".\"name\", \"public\".\"lms_categories\".\"slug\" FROM \"public\".\"lms_categories\" WHERE \"public\".\"lms_categories\".\"id\" IN ($1) OFFSET $2","service":"preplyte-api","timestamp":"2026-02-05 12:31:19"}
{"level":"debug","message":"Params: [\"cml92k1i3000017d0bq70mkrl\",0]","service":"preplyte-api","timestamp":"2026-02-05 12:31:19"}
{"level":"debug","message":"Duration: 5ms","service":"preplyte-api","timestamp":"2026-02-05 12:31:19"}
{"level":"info","message":"\u001b[0mGET /api/lms/courses?page=1&limit=12&priceRange=all&sortBy=popular&search= \u001b[32m200\u001b[0m 136.551 ms - -\u001b[0m","service":"preplyte-api","timestamp":"2026-02-05 12:31:19"}
{"level":"info","message":"\u001b[0mGET /api/lms/courses?page=1&limit=12&priceRange=all&sortBy=popular \u001b[32m200\u001b[0m 142.411 ms - -\u001b[0m","service":"preplyte-api","timestamp":"2026-02-05 12:31:19"}
{"level":"debug","message":"Query: SELECT \"public\".\"lms_courses\".\"id\", \"public\".\"lms_courses\".\"categoryId\", \"public\".\"lms_courses\".\"title\", \"public\".\"lms_courses\".\"slug\", \"public\".\"lms_courses\".\"shortDescription\", \"public\".\"lms_courses\".\"description\", \"public\".\"lms_courses\".\"thumbnailUrl\", \"public\".\"lms_courses\".\"previewVideoUrl\", \"public\".\"lms_courses\".\"totalModules\", \"public\".\"lms_courses\".\"totalTopics\", \"public\".\"lms_courses\".\"totalPoints\", \"public\".\"lms_courses\".\"totalHours\", \"public\".\"lms_courses\".\"price\", \"public\".\"lms_courses\".\"discountPrice\", \"public\".\"lms_courses\".\"currency\", \"public\".\"lms_courses\".\"status\"::text, \"public\".\"lms_courses\".\"isActive\", \"public\".\"lms_courses\".\"certificateEnabled\", \"public\".\"lms_courses\".\"passingPercentage\", \"public\".\"lms_courses\".\"tags\", \"public\".\"lms_courses\".\"difficulty\"::text, \"public\".\"lms_courses\".\"instructor\", \"public\".\"lms_courses\".\"language\", \"public\".\"lms_courses\".\"createdAt\", \"public\".\"lms_courses\".\"updatedAt\", \"public\".\"lms_courses\".\"publishedAt\" FROM \"public\".\"lms_courses\" WHERE (\"public\".\"lms_courses\".\"slug\" = $1 AND 1=1) LIMIT $2 OFFSET $3","service":"preplyte-api","timestamp":"2026-02-05 12:31:30"}
{"level":"debug","message":"Params: [\"prompt-engineering\",1,0]","service":"preplyte-api","timestamp":"2026-02-05 12:31:30"}
{"level":"debug","message":"Duration: 2ms","service":"preplyte-api","timestamp":"2026-02-05 12:31:30"}
{"level":"debug","message":"Query: SELECT \"public\".\"lms_categories\".\"id\", \"public\".\"lms_categories\".\"name\", \"public\".\"lms_categories\".\"slug\", \"public\".\"lms_categories\".\"description\", \"public\".\"lms_categories\".\"iconUrl\", \"public\".\"lms_categories\".\"order\", \"public\".\"lms_categories\".\"isActive\", \"public\".\"lms_categories\".\"createdAt\", \"public\".\"lms_categories\".\"updatedAt\" FROM \"public\".\"lms_categories\" WHERE \"public\".\"lms_categories\".\"id\" IN ($1) OFFSET $2","service":"preplyte-api","timestamp":"2026-02-05 12:31:30"}
{"level":"debug","message":"Params: [\"cml92k1i3000017d0bq70mkrl\",0]","service":"preplyte-api","timestamp":"2026-02-05 12:31:30"}
{"level":"debug","message":"Duration: 1ms","service":"preplyte-api","timestamp":"2026-02-05 12:31:30"}
{"level":"debug","message":"Query: SELECT \"public\".\"lms_modules\".\"id\", \"public\".\"lms_modules\".\"courseId\", \"public\".\"lms_modules\".\"title\", \"public\".\"lms_modules\".\"shortDescription\", \"public\".\"lms_modules\".\"description\", \"public\".\"lms_modules\".\"order\", \"public\".\"lms_modules\".\"totalTopics\", \"public\".\"lms_modules\".\"points\", \"public\".\"lms_modules\".\"estimatedMinutes\", \"public\".\"lms_modules\".\"isActive\", \"public\".\"lms_modules\".\"createdAt\", \"public\".\"lms_modules\".\"updatedAt\" FROM \"public\".\"lms_modules\" WHERE (\"public\".\"lms_modules\".\"isActive\" = $1 AND \"public\".\"lms_modules\".\"courseId\" IN ($2)) ORDER BY \"public\".\"lms_modules\".\"order\" ASC OFFSET $3","service":"preplyte-api","timestamp":"2026-02-05 12:31:30"}
{"level":"debug","message":"Params: [true,\"cml93bbti0001h2p0y0h24vng\",0]","service":"preplyte-api","timestamp":"2026-02-05 12:31:30"}
{"level":"debug","message":"Duration: 11ms","service":"preplyte-api","timestamp":"2026-02-05 12:31:30"}
{"level":"debug","message":"Query: SELECT \"public\".\"lms_final_tests\".\"id\", \"public\".\"lms_final_tests\".\"courseId\", \"public\".\"lms_final_tests\".\"title\", \"public\".\"lms_final_tests\".\"instructions\", \"public\".\"lms_final_tests\".\"totalQuestions\", \"public\".\"lms_final_tests\".\"passingScore\", \"public\".\"lms_final_tests\".\"timeLimitMinutes\", \"public\".\"lms_final_tests\".\"pointsPerQuestion\", \"public\".\"lms_final_tests\".\"totalPoints\", \"public\".\"lms_final_tests\".\"maxAttempts\", \"public\".\"lms_final_tests\".\"isActive\", \"public\".\"lms_final_tests\".\"createdAt\", \"public\".\"lms_final_tests\".\"updatedAt\" FROM \"public\".\"lms_final_tests\" WHERE \"public\".\"lms_final_tests\".\"courseId\" IN ($1) OFFSET $2","service":"preplyte-api","timestamp":"2026-02-05 12:31:30"}
{"level":"debug","message":"Params: [\"cml93bbti0001h2p0y0h24vng\",0]","service":"preplyte-api","timestamp":"2026-02-05 12:31:30"}
{"level":"debug","message":"Duration: 5ms","service":"preplyte-api","timestamp":"2026-02-05 12:31:30"}
{"level":"info","message":"\u001b[0mGET /api/lms/courses/prompt-engineering \u001b[32m200\u001b[0m 36.786 ms - -\u001b[0m","service":"preplyte-api","timestamp":"2026-02-05 12:31:30"}
{"level":"debug","message":"Query: SELECT 1","service":"preplyte-api","timestamp":"2026-02-05 12:31:58"}
{"level":"debug","message":"Params: []","service":"preplyte-api","timestamp":"2026-02-05 12:31:58"}
{"level":"debug","message":"Duration: 0ms","service":"preplyte-api","timestamp":"2026-02-05 12:31:58"}
{"level":"debug","message":"Query: SELECT \"public\".\"users\".\"id\", \"public\".\"users\".\"email\", \"public\".\"users\".\"role\"::text, \"public\".\"users\".\"instituteId\", \"public\".\"users\".\"isActive\", \"public\".\"users\".\"tokenVersion\" FROM \"public\".\"users\" WHERE (\"public\".\"users\".\"id\" = $1 AND 1=1) LIMIT $2 OFFSET $3","service":"preplyte-api","timestamp":"2026-02-05 12:31:58"}
{"level":"debug","message":"Params: [\"cml92r5r50001q3oopvkslp23\",1,0]","service":"preplyte-api","timestamp":"2026-02-05 12:31:58"}
{"level":"debug","message":"Duration: 10ms","service":"preplyte-api","timestamp":"2026-02-05 12:31:58"}
{"level":"debug","message":"Query: SELECT 1","service":"preplyte-api","timestamp":"2026-02-05 12:31:58"}
{"level":"debug","message":"Params: []","service":"preplyte-api","timestamp":"2026-02-05 12:31:58"}
{"level":"debug","message":"Duration: 0ms","service":"preplyte-api","timestamp":"2026-02-05 12:31:58"}
{"level":"debug","message":"Query: SELECT \"public\".\"institutes\".\"id\", \"public\".\"institutes\".\"name\", \"public\".\"institutes\".\"domain\", \"public\".\"institutes\".\"isActive\", \"public\".\"institutes\".\"createdAt\", \"public\".\"institutes\".\"updatedAt\", COALESCE(\"aggr_selection_0_User\".\"_aggr_count_users\", 0) AS \"_aggr_count_users\" FROM \"public\".\"institutes\" LEFT JOIN (SELECT \"public\".\"users\".\"instituteId\", COUNT(*) AS \"_aggr_count_users\" FROM \"public\".\"users\" WHERE 1=1 GROUP BY \"public\".\"users\".\"instituteId\") AS \"aggr_selection_0_User\" ON (\"public\".\"institutes\".\"id\" = \"aggr_selection_0_User\".\"instituteId\") WHERE 1=1 ORDER BY \"public\".\"institutes\".\"createdAt\" DESC LIMIT $1 OFFSET $2","service":"preplyte-api","timestamp":"2026-02-05 12:31:58"}
{"level":"debug","message":"Params: [10,0]","service":"preplyte-api","timestamp":"2026-02-05 12:31:58"}
{"level":"debug","message":"Duration: 7ms","service":"preplyte-api","timestamp":"2026-02-05 12:31:58"}
{"level":"debug","message":"Query: SELECT COUNT(*) FROM (SELECT \"public\".\"institutes\".\"id\" FROM \"public\".\"institutes\" WHERE 1=1 OFFSET $1) AS \"sub\"","service":"preplyte-api","timestamp":"2026-02-05 12:31:58"}
{"level":"debug","message":"Params: [0]","service":"preplyte-api","timestamp":"2026-02-05 12:31:58"}
{"level":"debug","message":"Duration: 7ms","service":"preplyte-api","timestamp":"2026-02-05 12:31:58"}
{"level":"info","message":"\u001b[0mGET /api/admin/institutes?page=1&limit=10&sortBy=createdAt&sortOrder=desc \u001b[36m304\u001b[0m 39.083 ms - -\u001b[0m","service":"preplyte-api","timestamp":"2026-02-05 12:31:58"}
{"level":"debug","message":"Query: SELECT \"public\".\"users\".\"id\", \"public\".\"users\".\"email\", \"public\".\"users\".\"role\"::text, \"public\".\"users\".\"instituteId\", \"public\".\"users\".\"isActive\", \"public\".\"users\".\"tokenVersion\" FROM \"public\".\"users\" WHERE (\"public\".\"users\".\"id\" = $1 AND 1=1) LIMIT $2 OFFSET $3","service":"preplyte-api","timestamp":"2026-02-05 12:31:58"}
{"level":"debug","message":"Params: [\"cml92r5r50001q3oopvkslp23\",1,0]","service":"preplyte-api","timestamp":"2026-02-05 12:31:58"}
{"level":"debug","message":"Duration: 13ms","service":"preplyte-api","timestamp":"2026-02-05 12:31:58"}
{"level":"debug","message":"Query: SELECT 1","service":"preplyte-api","timestamp":"2026-02-05 12:31:58"}
{"level":"debug","message":"Params: []","service":"preplyte-api","timestamp":"2026-02-05 12:31:58"}
{"level":"debug","message":"Duration: 1ms","service":"preplyte-api","timestamp":"2026-02-05 12:31:58"}
{"level":"debug","message":"Query: SELECT 1","service":"preplyte-api","timestamp":"2026-02-05 12:31:58"}
{"level":"debug","message":"Params: []","service":"preplyte-api","timestamp":"2026-02-05 12:31:58"}
{"level":"debug","message":"Duration: 1ms","service":"preplyte-api","timestamp":"2026-02-05 12:31:58"}
{"level":"debug","message":"Query: SELECT 1","service":"preplyte-api","timestamp":"2026-02-05 12:31:58"}
{"level":"debug","message":"Params: []","service":"preplyte-api","timestamp":"2026-02-05 12:31:58"}
{"level":"debug","message":"Duration: 2ms","service":"preplyte-api","timestamp":"2026-02-05 12:31:58"}
{"level":"debug","message":"Query: SELECT 1","service":"preplyte-api","timestamp":"2026-02-05 12:31:58"}
{"level":"debug","message":"Params: []","service":"preplyte-api","timestamp":"2026-02-05 12:31:58"}
{"level":"debug","message":"Duration: 2ms","service":"preplyte-api","timestamp":"2026-02-05 12:31:58"}
{"level":"debug","message":"Query: SELECT 1","service":"preplyte-api","timestamp":"2026-02-05 12:31:58"}
{"level":"debug","message":"Params: []","service":"preplyte-api","timestamp":"2026-02-05 12:31:58"}
{"level":"debug","message":"Duration: 1ms","service":"preplyte-api","timestamp":"2026-02-05 12:31:58"}
{"level":"debug","message":"Query: SELECT COUNT(*), \"public\".\"institutes\".\"isActive\" FROM \"public\".\"institutes\" WHERE 1=1 GROUP BY \"public\".\"institutes\".\"isActive\" OFFSET $1","service":"preplyte-api","timestamp":"2026-02-05 12:31:58"}
{"level":"debug","message":"Params: [0]","service":"preplyte-api","timestamp":"2026-02-05 12:31:58"}
{"level":"debug","message":"Duration: 3ms","service":"preplyte-api","timestamp":"2026-02-05 12:31:58"}
{"level":"debug","message":"Query: SELECT COUNT(*), \"public\".\"users\".\"role\"::text, \"public\".\"users\".\"isActive\" FROM \"public\".\"users\" WHERE 1=1 GROUP BY \"public\".\"users\".\"role\", \"public\".\"users\".\"isActive\" OFFSET $1","service":"preplyte-api","timestamp":"2026-02-05 12:31:58"}
{"level":"debug","message":"Params: [0]","service":"preplyte-api","timestamp":"2026-02-05 12:31:58"}
{"level":"debug","message":"Duration: 5ms","service":"preplyte-api","timestamp":"2026-02-05 12:31:58"}
{"level":"debug","message":"Query: SELECT COUNT(*), AVG(\"totalScore\") FROM (SELECT \"public\".\"machine_practice_sessions\".\"id\", \"public\".\"machine_practice_sessions\".\"totalScore\" FROM \"public\".\"machine_practice_sessions\" WHERE \"public\".\"machine_practice_sessions\".\"completedAt\" IS NOT NULL OFFSET $1) AS \"sub\"","service":"preplyte-api","timestamp":"2026-02-05 12:31:58"}
{"level":"debug","message":"Params: [0]","service":"preplyte-api","timestamp":"2026-02-05 12:31:58"}
{"level":"debug","message":"Duration: 13ms","service":"preplyte-api","timestamp":"2026-02-05 12:31:58"}
{"level":"debug","message":"Query: SELECT COUNT(*) FROM (SELECT \"public\".\"aptitude_practice_sessions\".\"id\" FROM \"public\".\"aptitude_practice_sessions\" WHERE 1=1 OFFSET $1) AS \"sub\"","service":"preplyte-api","timestamp":"2026-02-05 12:31:58"}
{"level":"debug","message":"Params: [0]","service":"preplyte-api","timestamp":"2026-02-05 12:31:58"}
{"level":"debug","message":"Duration: 15ms","service":"preplyte-api","timestamp":"2026-02-05 12:31:58"}
{"level":"debug","message":"Query: SELECT COUNT(*) FROM (SELECT \"public\".\"ai_interview_sessions\".\"id\" FROM \"public\".\"ai_interview_sessions\" WHERE 1=1 OFFSET $1) AS \"sub\"","service":"preplyte-api","timestamp":"2026-02-05 12:31:58"}
{"level":"debug","message":"Params: [0]","service":"preplyte-api","timestamp":"2026-02-05 12:31:58"}
{"level":"debug","message":"Duration: 16ms","service":"preplyte-api","timestamp":"2026-02-05 12:31:58"}
{"level":"debug","message":"Query: SELECT COUNT(*), AVG(\"totalScore\") FROM (SELECT \"public\".\"aptitude_practice_sessions\".\"id\", \"public\".\"aptitude_practice_sessions\".\"totalScore\" FROM \"public\".\"aptitude_practice_sessions\" WHERE \"public\".\"aptitude_practice_sessions\".\"completedAt\" IS NOT NULL OFFSET $1) AS \"sub\"","service":"preplyte-api","timestamp":"2026-02-05 12:31:58"}
{"level":"debug","message":"Params: [0]","service":"preplyte-api","timestamp":"2026-02-05 12:31:58"}
{"level":"debug","message":"Duration: 16ms","service":"preplyte-api","timestamp":"2026-02-05 12:31:58"}
{"level":"debug","message":"Query: SELECT COUNT(*) FROM (SELECT \"public\".\"machine_practice_sessions\".\"id\" FROM \"public\".\"machine_practice_sessions\" WHERE 1=1 OFFSET $1) AS \"sub\"","service":"preplyte-api","timestamp":"2026-02-05 12:31:58"}
{"level":"debug","message":"Params: [0]","service":"preplyte-api","timestamp":"2026-02-05 12:31:58"}
{"level":"debug","message":"Duration: 17ms","service":"preplyte-api","timestamp":"2026-02-05 12:31:58"}
{"level":"debug","message":"Query: SELECT AVG(\"overallScore\") FROM (SELECT \"public\".\"ai_interview_feedbacks\".\"overallScore\" FROM \"public\".\"ai_interview_feedbacks\" WHERE 1=1 OFFSET $1) AS \"sub\"","service":"preplyte-api","timestamp":"2026-02-05 12:31:58"}
{"level":"debug","message":"Params: [0]","service":"preplyte-api","timestamp":"2026-02-05 12:31:58"}
{"level":"debug","message":"Duration: 11ms","service":"preplyte-api","timestamp":"2026-02-05 12:31:58"}
{"level":"debug","message":"Query: SELECT COUNT(*) FROM (SELECT \"public\".\"ai_interview_sessions\".\"id\" FROM \"public\".\"ai_interview_sessions\" WHERE \"public\".\"ai_interview_sessions\".\"status\" = CAST($1::text AS \"public\".\"AiInterviewSessionStatus\") OFFSET $2) AS \"sub\"","service":"preplyte-api","timestamp":"2026-02-05 12:31:58"}
{"level":"debug","message":"Params: [\"COMPLETED\",0]","service":"preplyte-api","timestamp":"2026-02-05 12:31:58"}
{"level":"debug","message":"Duration: 14ms","service":"preplyte-api","timestamp":"2026-02-05 12:31:58"}
{"level":"debug","message":"Query: SELECT \"public\".\"users\".\"id\", \"public\".\"users\".\"createdAt\" FROM \"public\".\"users\" WHERE \"public\".\"users\".\"createdAt\" >= $1 OFFSET $2","service":"preplyte-api","timestamp":"2026-02-05 12:31:58"}
{"level":"debug","message":"Params: [\"2026-01-06 07:01:58.543 UTC\",0]","service":"preplyte-api","timestamp":"2026-02-05 12:31:58"}
{"level":"debug","message":"Duration: 7ms","service":"preplyte-api","timestamp":"2026-02-05 12:31:58"}
{"level":"debug","message":"Query: SELECT \"public\".\"aptitude_practice_sessions\".\"id\", \"public\".\"aptitude_practice_sessions\".\"createdAt\" FROM \"public\".\"aptitude_practice_sessions\" WHERE \"public\".\"aptitude_practice_sessions\".\"createdAt\" >= $1 OFFSET $2","service":"preplyte-api","timestamp":"2026-02-05 12:31:58"}
{"level":"debug","message":"Params: [\"2026-01-06 07:01:58.543 UTC\",0]","service":"preplyte-api","timestamp":"2026-02-05 12:31:58"}
{"level":"debug","message":"Duration: 5ms","service":"preplyte-api","timestamp":"2026-02-05 12:31:58"}
{"level":"debug","message":"Query: SELECT \"public\".\"ai_interview_sessions\".\"id\", \"public\".\"ai_interview_sessions\".\"createdAt\" FROM \"public\".\"ai_interview_sessions\" WHERE \"public\".\"ai_interview_sessions\".\"createdAt\" >= $1 OFFSET $2","service":"preplyte-api","timestamp":"2026-02-05 12:31:58"}
{"level":"debug","message":"Params: [\"2026-01-06 07:01:58.543 UTC\",0]","service":"preplyte-api","timestamp":"2026-02-05 12:31:58"}
{"level":"debug","message":"Duration: 6ms","service":"preplyte-api","timestamp":"2026-02-05 12:31:58"}
{"level":"debug","message":"Query: SELECT \"public\".\"machine_practice_sessions\".\"id\", \"public\".\"machine_practice_sessions\".\"createdAt\" FROM \"public\".\"machine_practice_sessions\" WHERE \"public\".\"machine_practice_sessions\".\"createdAt\" >= $1 OFFSET $2","service":"preplyte-api","timestamp":"2026-02-05 12:31:58"}
{"level":"debug","message":"Params: [\"2026-01-06 07:01:58.543 UTC\",0]","service":"preplyte-api","timestamp":"2026-02-05 12:31:58"}
{"level":"debug","message":"Duration: 4ms","service":"preplyte-api","timestamp":"2026-02-05 12:31:58"}
{"level":"info","message":"\u001b[0mGET /api/admin/analytics \u001b[36m304\u001b[0m 183.750 ms - -\u001b[0m","service":"preplyte-api","timestamp":"2026-02-05 12:31:58"}
{"level":"debug","message":"Query: SELECT \"public\".\"users\".\"id\", \"public\".\"users\".\"email\", \"public\".\"users\".\"role\"::text, \"public\".\"users\".\"instituteId\", \"public\".\"users\".\"isActive\", \"public\".\"users\".\"tokenVersion\" FROM \"public\".\"users\" WHERE (\"public\".\"users\".\"id\" = $1 AND 1=1) LIMIT $2 OFFSET $3","service":"preplyte-api","timestamp":"2026-02-05 12:31:58"}
{"level":"debug","message":"Params: [\"cml92r5r50001q3oopvkslp23\",1,0]","service":"preplyte-api","timestamp":"2026-02-05 12:31:58"}
{"level":"debug","message":"Duration: 3ms","service":"preplyte-api","timestamp":"2026-02-05 12:31:58"}
{"level":"debug","message":"Query: SELECT COUNT(*) FROM (SELECT \"public\".\"institutes\".\"id\" FROM \"public\".\"institutes\" WHERE 1=1 OFFSET $1) AS \"sub\"","service":"preplyte-api","timestamp":"2026-02-05 12:31:58"}
{"level":"debug","message":"Params: [0]","service":"preplyte-api","timestamp":"2026-02-05 12:31:58"}
{"level":"debug","message":"Duration: 4ms","service":"preplyte-api","timestamp":"2026-02-05 12:31:58"}
{"level":"debug","message":"Query: SELECT \"public\".\"institutes\".\"id\", \"public\".\"institutes\".\"name\", \"public\".\"institutes\".\"domain\", \"public\".\"institutes\".\"isActive\", \"public\".\"institutes\".\"createdAt\", \"public\".\"institutes\".\"updatedAt\", COALESCE(\"aggr_selection_0_User\".\"_aggr_count_users\", 0) AS \"_aggr_count_users\" FROM \"public\".\"institutes\" LEFT JOIN (SELECT \"public\".\"users\".\"instituteId\", COUNT(*) AS \"_aggr_count_users\" FROM \"public\".\"users\" WHERE 1=1 GROUP BY \"public\".\"users\".\"instituteId\") AS \"aggr_selection_0_User\" ON (\"public\".\"institutes\".\"id\" = \"aggr_selection_0_User\".\"instituteId\") WHERE 1=1 ORDER BY \"public\".\"institutes\".\"createdAt\" DESC LIMIT $1 OFFSET $2","service":"preplyte-api","timestamp":"2026-02-05 12:31:58"}
{"level":"debug","message":"Params: [5,0]","service":"preplyte-api","timestamp":"2026-02-05 12:31:58"}
{"level":"debug","message":"Duration: 8ms","service":"preplyte-api","timestamp":"2026-02-05 12:31:58"}
{"level":"info","message":"\u001b[0mGET /api/admin/institutes?page=1&limit=5&sortBy=createdAt&sortOrder=desc \u001b[36m304\u001b[0m 21.697 ms - -\u001b[0m","service":"preplyte-api","timestamp":"2026-02-05 12:31:58"}
{"level":"debug","message":"Query: SELECT \"public\".\"users\".\"id\", \"public\".\"users\".\"email\", \"public\".\"users\".\"role\"::text, \"public\".\"users\".\"instituteId\", \"public\".\"users\".\"isActive\", \"public\".\"users\".\"tokenVersion\" FROM \"public\".\"users\" WHERE (\"public\".\"users\".\"id\" = $1 AND 1=1) LIMIT $2 OFFSET $3","service":"preplyte-api","timestamp":"2026-02-05 12:31:58"}
{"level":"debug","message":"Params: [\"cml92r5r50001q3oopvkslp23\",1,0]","service":"preplyte-api","timestamp":"2026-02-05 12:31:58"}
{"level":"debug","message":"Duration: 1ms","service":"preplyte-api","timestamp":"2026-02-05 12:31:58"}
{"level":"debug","message":"Query: SELECT COUNT(*) FROM (SELECT \"public\".\"institutes\".\"id\" FROM \"public\".\"institutes\" WHERE 1=1 OFFSET $1) AS \"sub\"","service":"preplyte-api","timestamp":"2026-02-05 12:31:58"}
{"level":"debug","message":"Params: [0]","service":"preplyte-api","timestamp":"2026-02-05 12:31:58"}
{"level":"debug","message":"Duration: 1ms","service":"preplyte-api","timestamp":"2026-02-05 12:31:58"}
{"level":"debug","message":"Query: SELECT \"public\".\"institutes\".\"id\", \"public\".\"institutes\".\"name\", \"public\".\"institutes\".\"domain\", \"public\".\"institutes\".\"isActive\", \"public\".\"institutes\".\"createdAt\", \"public\".\"institutes\".\"updatedAt\", COALESCE(\"aggr_selection_0_User\".\"_aggr_count_users\", 0) AS \"_aggr_count_users\" FROM \"public\".\"institutes\" LEFT JOIN (SELECT \"public\".\"users\".\"instituteId\", COUNT(*) AS \"_aggr_count_users\" FROM \"public\".\"users\" WHERE 1=1 GROUP BY \"public\".\"users\".\"instituteId\") AS \"aggr_selection_0_User\" ON (\"public\".\"institutes\".\"id\" = \"aggr_selection_0_User\".\"instituteId\") WHERE 1=1 ORDER BY \"public\".\"institutes\".\"createdAt\" DESC LIMIT $1 OFFSET $2","service":"preplyte-api","timestamp":"2026-02-05 12:31:58"}
{"level":"debug","message":"Params: [10,0]","service":"preplyte-api","timestamp":"2026-02-05 12:31:58"}
{"level":"debug","message":"Duration: 2ms","service":"preplyte-api","timestamp":"2026-02-05 12:31:58"}
{"level":"info","message":"\u001b[0mGET /api/admin/institutes?page=1&limit=10&sortBy=createdAt&sortOrder=desc \u001b[36m304\u001b[0m 15.474 ms - -\u001b[0m","service":"preplyte-api","timestamp":"2026-02-05 12:31:58"}
{"level":"debug","message":"Query: SELECT \"public\".\"users\".\"id\", \"public\".\"users\".\"email\", \"public\".\"users\".\"role\"::text, \"public\".\"users\".\"instituteId\", \"public\".\"users\".\"isActive\", \"public\".\"users\".\"tokenVersion\" FROM \"public\".\"users\" WHERE (\"public\".\"users\".\"id\" = $1 AND 1=1) LIMIT $2 OFFSET $3","service":"preplyte-api","timestamp":"2026-02-05 12:31:58"}
{"level":"debug","message":"Params: [\"cml92r5r50001q3oopvkslp23\",1,0]","service":"preplyte-api","timestamp":"2026-02-05 12:31:58"}
{"level":"debug","message":"Duration: 0ms","service":"preplyte-api","timestamp":"2026-02-05 12:31:58"}
{"level":"debug","message":"Query: SELECT COUNT(*), \"public\".\"institutes\".\"isActive\" FROM \"public\".\"institutes\" WHERE 1=1 GROUP BY \"public\".\"institutes\".\"isActive\" OFFSET $1","service":"preplyte-api","timestamp":"2026-02-05 12:31:58"}
{"level":"debug","message":"Params: [0]","service":"preplyte-api","timestamp":"2026-02-05 12:31:58"}
{"level":"debug","message":"Duration: 2ms","service":"preplyte-api","timestamp":"2026-02-05 12:31:58"}
{"level":"debug","message":"Query: SELECT COUNT(*) FROM (SELECT \"public\".\"aptitude_practice_sessions\".\"id\" FROM \"public\".\"aptitude_practice_sessions\" WHERE 1=1 OFFSET $1) AS \"sub\"","service":"preplyte-api","timestamp":"2026-02-05 12:31:58"}
{"level":"debug","message":"Params: [0]","service":"preplyte-api","timestamp":"2026-02-05 12:31:58"}
{"level":"debug","message":"Duration: 4ms","service":"preplyte-api","timestamp":"2026-02-05 12:31:58"}
{"level":"debug","message":"Query: SELECT COUNT(*), AVG(\"totalScore\") FROM (SELECT \"public\".\"aptitude_practice_sessions\".\"id\", \"public\".\"aptitude_practice_sessions\".\"totalScore\" FROM \"public\".\"aptitude_practice_sessions\" WHERE \"public\".\"aptitude_practice_sessions\".\"completedAt\" IS NOT NULL OFFSET $1) AS \"sub\"","service":"preplyte-api","timestamp":"2026-02-05 12:31:58"}
{"level":"debug","message":"Params: [0]","service":"preplyte-api","timestamp":"2026-02-05 12:31:58"}
{"level":"debug","message":"Duration: 4ms","service":"preplyte-api","timestamp":"2026-02-05 12:31:58"}
{"level":"debug","message":"Query: SELECT AVG(\"overallScore\") FROM (SELECT \"public\".\"ai_interview_feedbacks\".\"overallScore\" FROM \"public\".\"ai_interview_feedbacks\" WHERE 1=1 OFFSET $1) AS \"sub\"","service":"preplyte-api","timestamp":"2026-02-05 12:31:58"}
{"level":"debug","message":"Params: [0]","service":"preplyte-api","timestamp":"2026-02-05 12:31:58"}
{"level":"debug","message":"Duration: 4ms","service":"preplyte-api","timestamp":"2026-02-05 12:31:58"}
{"level":"debug","message":"Query: SELECT \"public\".\"aptitude_practice_sessions\".\"id\", \"public\".\"aptitude_practice_sessions\".\"createdAt\" FROM \"public\".\"aptitude_practice_sessions\" WHERE \"public\".\"aptitude_practice_sessions\".\"createdAt\" >= $1 OFFSET $2","service":"preplyte-api","timestamp":"2026-02-05 12:31:58"}
{"level":"debug","message":"Params: [\"2026-01-06 07:01:58.757 UTC\",0]","service":"preplyte-api","timestamp":"2026-02-05 12:31:58"}
{"level":"debug","message":"Duration: 5ms","service":"preplyte-api","timestamp":"2026-02-05 12:31:58"}
{"level":"debug","message":"Query: SELECT \"public\".\"users\".\"id\", \"public\".\"users\".\"createdAt\" FROM \"public\".\"users\" WHERE \"public\".\"users\".\"createdAt\" >= $1 OFFSET $2","service":"preplyte-api","timestamp":"2026-02-05 12:31:58"}
{"level":"debug","message":"Params: [\"2026-01-06 07:01:58.757 UTC\",0]","service":"preplyte-api","timestamp":"2026-02-05 12:31:58"}
{"level":"debug","message":"Duration: 5ms","service":"preplyte-api","timestamp":"2026-02-05 12:31:58"}
{"level":"debug","message":"Query: SELECT COUNT(*) FROM (SELECT \"public\".\"machine_practice_sessions\".\"id\" FROM \"public\".\"machine_practice_sessions\" WHERE 1=1 OFFSET $1) AS \"sub\"","service":"preplyte-api","timestamp":"2026-02-05 12:31:58"}
{"level":"debug","message":"Params: [0]","service":"preplyte-api","timestamp":"2026-02-05 12:31:58"}
{"level":"debug","message":"Duration: 7ms","service":"preplyte-api","timestamp":"2026-02-05 12:31:58"}
{"level":"debug","message":"Query: SELECT COUNT(*) FROM (SELECT \"public\".\"ai_interview_sessions\".\"id\" FROM \"public\".\"ai_interview_sessions\" WHERE 1=1 OFFSET $1) AS \"sub\"","service":"preplyte-api","timestamp":"2026-02-05 12:31:58"}
{"level":"debug","message":"Params: [0]","service":"preplyte-api","timestamp":"2026-02-05 12:31:58"}
{"level":"debug","message":"Duration: 7ms","service":"preplyte-api","timestamp":"2026-02-05 12:31:58"}
{"level":"debug","message":"Query: SELECT COUNT(*), AVG(\"totalScore\") FROM (SELECT \"public\".\"machine_practice_sessions\".\"id\", \"public\".\"machine_practice_sessions\".\"totalScore\" FROM \"public\".\"machine_practice_sessions\" WHERE \"public\".\"machine_practice_sessions\".\"completedAt\" IS NOT NULL OFFSET $1) AS \"sub\"","service":"preplyte-api","timestamp":"2026-02-05 12:31:58"}
{"level":"debug","message":"Params: [0]","service":"preplyte-api","timestamp":"2026-02-05 12:31:58"}
{"level":"debug","message":"Duration: 7ms","service":"preplyte-api","timestamp":"2026-02-05 12:31:58"}
{"level":"debug","message":"Query: SELECT \"public\".\"machine_practice_sessions\".\"id\", \"public\".\"machine_practice_sessions\".\"createdAt\" FROM \"public\".\"machine_practice_sessions\" WHERE \"public\".\"machine_practice_sessions\".\"createdAt\" >= $1 OFFSET $2","service":"preplyte-api","timestamp":"2026-02-05 12:31:58"}
{"level":"debug","message":"Params: [\"2026-01-06 07:01:58.757 UTC\",0]","service":"preplyte-api","timestamp":"2026-02-05 12:31:58"}
{"level":"debug","message":"Duration: 7ms","service":"preplyte-api","timestamp":"2026-02-05 12:31:58"}
{"level":"debug","message":"Query: SELECT \"public\".\"ai_interview_sessions\".\"id\", \"public\".\"ai_interview_sessions\".\"createdAt\" FROM \"public\".\"ai_interview_sessions\" WHERE \"public\".\"ai_interview_sessions\".\"createdAt\" >= $1 OFFSET $2","service":"preplyte-api","timestamp":"2026-02-05 12:31:58"}
{"level":"debug","message":"Params: [\"2026-01-06 07:01:58.757 UTC\",0]","service":"preplyte-api","timestamp":"2026-02-05 12:31:58"}
{"level":"debug","message":"Duration: 7ms","service":"preplyte-api","timestamp":"2026-02-05 12:31:58"}
{"level":"debug","message":"Query: SELECT COUNT(*) FROM (SELECT \"public\".\"ai_interview_sessions\".\"id\" FROM \"public\".\"ai_interview_sessions\" WHERE \"public\".\"ai_interview_sessions\".\"status\" = CAST($1::text AS \"public\".\"AiInterviewSessionStatus\") OFFSET $2) AS \"sub\"","service":"preplyte-api","timestamp":"2026-02-05 12:31:58"}
{"level":"debug","message":"Params: [\"COMPLETED\",0]","service":"preplyte-api","timestamp":"2026-02-05 12:31:58"}
{"level":"debug","message":"Duration: 8ms","service":"preplyte-api","timestamp":"2026-02-05 12:31:58"}
{"level":"debug","message":"Query: SELECT COUNT(*), \"public\".\"users\".\"role\"::text, \"public\".\"users\".\"isActive\" FROM \"public\".\"users\" WHERE 1=1 GROUP BY \"public\".\"users\".\"role\", \"public\".\"users\".\"isActive\" OFFSET $1","service":"preplyte-api","timestamp":"2026-02-05 12:31:58"}
{"level":"debug","message":"Params: [0]","service":"preplyte-api","timestamp":"2026-02-05 12:31:58"}
{"level":"debug","message":"Duration: 9ms","service":"preplyte-api","timestamp":"2026-02-05 12:31:58"}
{"level":"info","message":"\u001b[0mGET /api/admin/analytics \u001b[36m304\u001b[0m 42.649 ms - -\u001b[0m","service":"preplyte-api","timestamp":"2026-02-05 12:31:58"}
{"level":"debug","message":"Query: SELECT \"public\".\"users\".\"id\", \"public\".\"users\".\"email\", \"public\".\"users\".\"role\"::text, \"public\".\"users\".\"instituteId\", \"public\".\"users\".\"isActive\", \"public\".\"users\".\"tokenVersion\" FROM \"public\".\"users\" WHERE (\"public\".\"users\".\"id\" = $1 AND 1=1) LIMIT $2 OFFSET $3","service":"preplyte-api","timestamp":"2026-02-05 12:31:58"}
{"level":"debug","message":"Params: [\"cml92r5r50001q3oopvkslp23\",1,0]","service":"preplyte-api","timestamp":"2026-02-05 12:31:58"}
{"level":"debug","message":"Duration: 1ms","service":"preplyte-api","timestamp":"2026-02-05 12:31:58"}
{"level":"debug","message":"Query: SELECT COUNT(*) FROM (SELECT \"public\".\"institutes\".\"id\" FROM \"public\".\"institutes\" WHERE 1=1 OFFSET $1) AS \"sub\"","service":"preplyte-api","timestamp":"2026-02-05 12:31:58"}
{"level":"debug","message":"Params: [0]","service":"preplyte-api","timestamp":"2026-02-05 12:31:58"}
{"level":"debug","message":"Duration: 5ms","service":"preplyte-api","timestamp":"2026-02-05 12:31:58"}
{"level":"debug","message":"Query: SELECT \"public\".\"institutes\".\"id\", \"public\".\"institutes\".\"name\", \"public\".\"institutes\".\"domain\", \"public\".\"institutes\".\"isActive\", \"public\".\"institutes\".\"createdAt\", \"public\".\"institutes\".\"updatedAt\", COALESCE(\"aggr_selection_0_User\".\"_aggr_count_users\", 0) AS \"_aggr_count_users\" FROM \"public\".\"institutes\" LEFT JOIN (SELECT \"public\".\"users\".\"instituteId\", COUNT(*) AS \"_aggr_count_users\" FROM \"public\".\"users\" WHERE 1=1 GROUP BY \"public\".\"users\".\"instituteId\") AS \"aggr_selection_0_User\" ON (\"public\".\"institutes\".\"id\" = \"aggr_selection_0_User\".\"instituteId\") WHERE 1=1 ORDER BY \"public\".\"institutes\".\"createdAt\" DESC LIMIT $1 OFFSET $2","service":"preplyte-api","timestamp":"2026-02-05 12:31:58"}
{"level":"debug","message":"Params: [5,0]","service":"preplyte-api","timestamp":"2026-02-05 12:31:58"}
{"level":"debug","message":"Duration: 12ms","service":"preplyte-api","timestamp":"2026-02-05 12:31:58"}
{"level":"info","message":"\u001b[0mGET /api/admin/institutes?page=1&limit=5&sortBy=createdAt&sortOrder=desc \u001b[36m304\u001b[0m 24.593 ms - -\u001b[0m","service":"preplyte-api","timestamp":"2026-02-05 12:31:58"}
{"level":"debug","message":"Query: SELECT 1","service":"preplyte-api","timestamp":"2026-02-05 12:32:33"}
{"level":"debug","message":"Params: []","service":"preplyte-api","timestamp":"2026-02-05 12:32:33"}
{"level":"debug","message":"Duration: 1ms","service":"preplyte-api","timestamp":"2026-02-05 12:32:33"}
{"level":"debug","message":"Query: SELECT \"public\".\"users\".\"id\", \"public\".\"users\".\"email\", \"public\".\"users\".\"role\"::text, \"public\".\"users\".\"instituteId\", \"public\".\"users\".\"isActive\", \"public\".\"users\".\"tokenVersion\" FROM \"public\".\"users\" WHERE (\"public\".\"users\".\"id\" = $1 AND 1=1) LIMIT $2 OFFSET $3","service":"preplyte-api","timestamp":"2026-02-05 12:32:33"}
{"level":"debug","message":"Params: [\"cml92r5r50001q3oopvkslp23\",1,0]","service":"preplyte-api","timestamp":"2026-02-05 12:32:33"}
{"level":"debug","message":"Duration: 1ms","service":"preplyte-api","timestamp":"2026-02-05 12:32:33"}
{"level":"debug","message":"Query: SELECT 1","service":"preplyte-api","timestamp":"2026-02-05 12:32:33"}
{"level":"debug","message":"Params: []","service":"preplyte-api","timestamp":"2026-02-05 12:32:33"}
{"level":"debug","message":"Duration: 0ms","service":"preplyte-api","timestamp":"2026-02-05 12:32:33"}
{"level":"debug","message":"Query: SELECT 1","service":"preplyte-api","timestamp":"2026-02-05 12:32:33"}
{"level":"debug","message":"Params: []","service":"preplyte-api","timestamp":"2026-02-05 12:32:33"}
{"level":"debug","message":"Duration: 1ms","service":"preplyte-api","timestamp":"2026-02-05 12:32:33"}
{"level":"debug","message":"Query: SELECT 1","service":"preplyte-api","timestamp":"2026-02-05 12:32:33"}
{"level":"debug","message":"Params: []","service":"preplyte-api","timestamp":"2026-02-05 12:32:33"}
{"level":"debug","message":"Duration: 1ms","service":"preplyte-api","timestamp":"2026-02-05 12:32:33"}
{"level":"debug","message":"Query: SELECT 1","service":"preplyte-api","timestamp":"2026-02-05 12:32:33"}
{"level":"debug","message":"Params: []","service":"preplyte-api","timestamp":"2026-02-05 12:32:33"}
{"level":"debug","message":"Duration: 1ms","service":"preplyte-api","timestamp":"2026-02-05 12:32:33"}
{"level":"debug","message":"Query: SELECT COUNT(*) FROM (SELECT \"public\".\"lms_courses\".\"id\" FROM \"public\".\"lms_courses\" WHERE \"public\".\"lms_courses\".\"status\" = CAST($1::text AS \"public\".\"LmsCourseStatus\") OFFSET $2) AS \"sub\"","service":"preplyte-api","timestamp":"2026-02-05 12:32:33"}
{"level":"debug","message":"Params: [\"PUBLISHED\",0]","service":"preplyte-api","timestamp":"2026-02-05 12:32:33"}
{"level":"debug","message":"Duration: 1ms","service":"preplyte-api","timestamp":"2026-02-05 12:32:33"}
{"level":"debug","message":"Query: SELECT AVG(\"progressPercent\") FROM (SELECT \"public\".\"lms_enrollments\".\"progressPercent\" FROM \"public\".\"lms_enrollments\" WHERE 1=1 OFFSET $1) AS \"sub\"","service":"preplyte-api","timestamp":"2026-02-05 12:32:33"}
{"level":"debug","message":"Params: [0]","service":"preplyte-api","timestamp":"2026-02-05 12:32:33"}
{"level":"debug","message":"Duration: 1ms","service":"preplyte-api","timestamp":"2026-02-05 12:32:33"}
{"level":"debug","message":"Query: SELECT COUNT(*) FROM (SELECT \"public\".\"lms_enrollments\".\"id\" FROM \"public\".\"lms_enrollments\" WHERE \"public\".\"lms_enrollments\".\"status\" = CAST($1::text AS \"public\".\"LmsEnrollmentStatus\") OFFSET $2) AS \"sub\"","service":"preplyte-api","timestamp":"2026-02-05 12:32:33"}
{"level":"debug","message":"Params: [\"COMPLETED\",0]","service":"preplyte-api","timestamp":"2026-02-05 12:32:33"}
{"level":"debug","message":"Duration: 7ms","service":"preplyte-api","timestamp":"2026-02-05 12:32:33"}
{"level":"debug","message":"Query: SELECT COUNT(*) FROM (SELECT \"public\".\"lms_courses\".\"id\" FROM \"public\".\"lms_courses\" WHERE 1=1 OFFSET $1) AS \"sub\"","service":"preplyte-api","timestamp":"2026-02-05 12:32:33"}
{"level":"debug","message":"Params: [0]","service":"preplyte-api","timestamp":"2026-02-05 12:32:33"}
{"level":"debug","message":"Duration: 9ms","service":"preplyte-api","timestamp":"2026-02-05 12:32:33"}
{"level":"debug","message":"Query: SELECT \"public\".\"lms_courses\".\"id\", \"public\".\"lms_courses\".\"price\", COALESCE(\"aggr_selection_0_LmsEnrollment\".\"_aggr_count_enrollments\", 0) AS \"_aggr_count_enrollments\" FROM \"public\".\"lms_courses\" LEFT JOIN (SELECT \"public\".\"lms_enrollments\".\"courseId\", COUNT(*) AS \"_aggr_count_enrollments\" FROM \"public\".\"lms_enrollments\" WHERE 1=1 GROUP BY \"public\".\"lms_enrollments\".\"courseId\") AS \"aggr_selection_0_LmsEnrollment\" ON (\"public\".\"lms_courses\".\"id\" = \"aggr_selection_0_LmsEnrollment\".\"courseId\") WHERE \"public\".\"lms_courses\".\"price\" > $1 OFFSET $2","service":"preplyte-api","timestamp":"2026-02-05 12:32:33"}
{"level":"debug","message":"Params: [0,0]","service":"preplyte-api","timestamp":"2026-02-05 12:32:33"}
{"level":"debug","message":"Duration: 17ms","service":"preplyte-api","timestamp":"2026-02-05 12:32:33"}
{"level":"debug","message":"Query: SELECT COUNT(*) FROM (SELECT \"public\".\"lms_enrollments\".\"id\" FROM \"public\".\"lms_enrollments\" WHERE 1=1 OFFSET $1) AS \"sub\"","service":"preplyte-api","timestamp":"2026-02-05 12:32:33"}
{"level":"debug","message":"Params: [0]","service":"preplyte-api","timestamp":"2026-02-05 12:32:33"}
{"level":"debug","message":"Duration: 1ms","service":"preplyte-api","timestamp":"2026-02-05 12:32:33"}
{"level":"debug","message":"Query: SELECT COUNT(*) FROM (SELECT \"public\".\"lms_categories\".\"id\" FROM \"public\".\"lms_categories\" WHERE 1=1 OFFSET $1) AS \"sub\"","service":"preplyte-api","timestamp":"2026-02-05 12:32:33"}
{"level":"debug","message":"Params: [0]","service":"preplyte-api","timestamp":"2026-02-05 12:32:33"}
{"level":"debug","message":"Duration: 10ms","service":"preplyte-api","timestamp":"2026-02-05 12:32:33"}
{"level":"debug","message":"Query: SELECT COUNT(*) FROM (SELECT \"public\".\"lms_modules\".\"id\" FROM \"public\".\"lms_modules\" WHERE 1=1 OFFSET $1) AS \"sub\"","service":"preplyte-api","timestamp":"2026-02-05 12:32:33"}
{"level":"debug","message":"Params: [0]","service":"preplyte-api","timestamp":"2026-02-05 12:32:33"}
{"level":"debug","message":"Duration: 7ms","service":"preplyte-api","timestamp":"2026-02-05 12:32:33"}
{"level":"debug","message":"Query: SELECT COUNT(*) FROM (SELECT \"public\".\"lms_topics\".\"id\" FROM \"public\".\"lms_topics\" WHERE 1=1 OFFSET $1) AS \"sub\"","service":"preplyte-api","timestamp":"2026-02-05 12:32:33"}
{"level":"debug","message":"Params: [0]","service":"preplyte-api","timestamp":"2026-02-05 12:32:33"}
{"level":"debug","message":"Duration: 8ms","service":"preplyte-api","timestamp":"2026-02-05 12:32:33"}
{"level":"debug","message":"Query: SELECT \"public\".\"lms_categories\".\"id\", \"public\".\"lms_categories\".\"name\", \"public\".\"lms_categories\".\"slug\", \"public\".\"lms_categories\".\"description\", \"public\".\"lms_categories\".\"iconUrl\", \"public\".\"lms_categories\".\"order\", \"public\".\"lms_categories\".\"isActive\", \"public\".\"lms_categories\".\"createdAt\", \"public\".\"lms_categories\".\"updatedAt\" FROM \"public\".\"lms_categories\" WHERE 1=1 OFFSET $1","service":"preplyte-api","timestamp":"2026-02-05 12:32:33"}
{"level":"debug","message":"Params: [0]","service":"preplyte-api","timestamp":"2026-02-05 12:32:33"}
{"level":"debug","message":"Duration: 1ms","service":"preplyte-api","timestamp":"2026-02-05 12:32:33"}
{"level":"debug","message":"Query: SELECT \"public\".\"lms_enrollments\".\"id\", \"public\".\"lms_enrollments\".\"enrolledAt\" FROM \"public\".\"lms_enrollments\" WHERE \"public\".\"lms_enrollments\".\"enrolledAt\" >= $1 ORDER BY \"public\".\"lms_enrollments\".\"id\" ASC LIMIT $2 OFFSET $3","service":"preplyte-api","timestamp":"2026-02-05 12:32:33"}
{"level":"debug","message":"Params: [\"2026-01-06 07:02:33.733 UTC\",1000,0]","service":"preplyte-api","timestamp":"2026-02-05 12:32:33"}
{"level":"debug","message":"Duration: 2ms","service":"preplyte-api","timestamp":"2026-02-05 12:32:33"}
{"level":"debug","message":"Query: SELECT \"public\".\"lms_courses\".\"id\", \"public\".\"lms_courses\".\"categoryId\", COALESCE(\"aggr_selection_0_LmsEnrollment\".\"_aggr_count_enrollments\", 0) AS \"_aggr_count_enrollments\" FROM \"public\".\"lms_courses\" LEFT JOIN (SELECT \"public\".\"lms_enrollments\".\"courseId\", COUNT(*) AS \"_aggr_count_enrollments\" FROM \"public\".\"lms_enrollments\" WHERE 1=1 GROUP BY \"public\".\"lms_enrollments\".\"courseId\") AS \"aggr_selection_0_LmsEnrollment\" ON (\"public\".\"lms_courses\".\"id\" = \"aggr_selection_0_LmsEnrollment\".\"courseId\") WHERE \"public\".\"lms_courses\".\"categoryId\" IN ($1,$2,$3) OFFSET $4","service":"preplyte-api","timestamp":"2026-02-05 12:32:33"}
{"level":"debug","message":"Params: [\"cml92k1i3000017d0bq70mkrl\",\"cml92k1jr000117d0cg73jwlc\",\"cml92k1jt000217d0r4tfrsnl\",0]","service":"preplyte-api","timestamp":"2026-02-05 12:32:33"}
{"level":"debug","message":"Duration: 1ms","service":"preplyte-api","timestamp":"2026-02-05 12:32:33"}
{"level":"debug","message":"Query: SELECT \"public\".\"lms_courses\".\"id\", \"public\".\"lms_courses\".\"title\", \"public\".\"lms_courses\".\"price\", COALESCE(\"aggr_selection_0_LmsEnrollment\".\"_aggr_count_enrollments\", 0) AS \"_aggr_count_enrollments\" FROM \"public\".\"lms_courses\" LEFT JOIN (SELECT \"public\".\"lms_enrollments\".\"courseId\", COUNT(*) AS \"orderby_aggregator\" FROM \"public\".\"lms_enrollments\" WHERE 1=1 GROUP BY \"public\".\"lms_enrollments\".\"courseId\") AS \"orderby_1_LmsEnrollment\" ON (\"public\".\"lms_courses\".\"id\" = \"orderby_1_LmsEnrollment\".\"courseId\") LEFT JOIN (SELECT \"public\".\"lms_enrollments\".\"courseId\", COUNT(*) AS \"_aggr_count_enrollments\" FROM \"public\".\"lms_enrollments\" WHERE 1=1 GROUP BY \"public\".\"lms_enrollments\".\"courseId\") AS \"aggr_selection_0_LmsEnrollment\" ON (\"public\".\"lms_courses\".\"id\" = \"aggr_selection_0_LmsEnrollment\".\"courseId\") WHERE 1=1 ORDER BY COALESCE(\"orderby_1_LmsEnrollment\".\"orderby_aggregator\", $1) DESC LIMIT $2 OFFSET $3","service":"preplyte-api","timestamp":"2026-02-05 12:32:33"}
{"level":"debug","message":"Params: [0,5,0]","service":"preplyte-api","timestamp":"2026-02-05 12:32:33"}
{"level":"debug","message":"Duration: 15ms","service":"preplyte-api","timestamp":"2026-02-05 12:32:33"}
{"level":"debug","message":"Query: SELECT AVG(\"public\".\"lms_enrollments\".\"progressPercent\"), \"public\".\"lms_enrollments\".\"courseId\" FROM \"public\".\"lms_enrollments\" WHERE \"public\".\"lms_enrollments\".\"courseId\" IN ($1,$2) GROUP BY \"public\".\"lms_enrollments\".\"courseId\" OFFSET $3","service":"preplyte-api","timestamp":"2026-02-05 12:32:33"}
{"level":"debug","message":"Params: [\"cml92k1k4000417d09rzlrf37\",\"cml93bbti0001h2p0y0h24vng\",0]","service":"preplyte-api","timestamp":"2026-02-05 12:32:33"}
{"level":"debug","message":"Duration: 2ms","service":"preplyte-api","timestamp":"2026-02-05 12:32:33"}
{"level":"info","message":"\u001b[0mGET /api/admin/lms/analytics/overview \u001b[32m200\u001b[0m 167.442 ms - 881\u001b[0m","service":"preplyte-api","timestamp":"2026-02-05 12:32:33"}
{"level":"debug","message":"Query: SELECT 1","service":"preplyte-api","timestamp":"2026-02-05 12:32:51"}
{"level":"debug","message":"Params: []","service":"preplyte-api","timestamp":"2026-02-05 12:32:51"}
{"level":"debug","message":"Duration: 0ms","service":"preplyte-api","timestamp":"2026-02-05 12:32:51"}
{"level":"debug","message":"Query: SELECT \"public\".\"users\".\"id\", \"public\".\"users\".\"email\", \"public\".\"users\".\"role\"::text, \"public\".\"users\".\"instituteId\", \"public\".\"users\".\"isActive\", \"public\".\"users\".\"tokenVersion\" FROM \"public\".\"users\" WHERE (\"public\".\"users\".\"id\" = $1 AND 1=1) LIMIT $2 OFFSET $3","service":"preplyte-api","timestamp":"2026-02-05 12:32:51"}
{"level":"debug","message":"Params: [\"cml92r5r50001q3oopvkslp23\",1,0]","service":"preplyte-api","timestamp":"2026-02-05 12:32:51"}
{"level":"debug","message":"Duration: 0ms","service":"preplyte-api","timestamp":"2026-02-05 12:32:51"}
{"level":"debug","message":"Query: SELECT \"public\".\"lms_categories\".\"id\", \"public\".\"lms_categories\".\"name\", \"public\".\"lms_categories\".\"slug\", \"public\".\"lms_categories\".\"description\", \"public\".\"lms_categories\".\"iconUrl\", \"public\".\"lms_categories\".\"order\", \"public\".\"lms_categories\".\"isActive\", \"public\".\"lms_categories\".\"createdAt\", \"public\".\"lms_categories\".\"updatedAt\", COALESCE(\"aggr_selection_0_LmsCourse\".\"_aggr_count_courses\", 0) AS \"_aggr_count_courses\" FROM \"public\".\"lms_categories\" LEFT JOIN (SELECT \"public\".\"lms_courses\".\"categoryId\", COUNT(*) AS \"_aggr_count_courses\" FROM \"public\".\"lms_courses\" WHERE 1=1 GROUP BY \"public\".\"lms_courses\".\"categoryId\") AS \"aggr_selection_0_LmsCourse\" ON (\"public\".\"lms_categories\".\"id\" = \"aggr_selection_0_LmsCourse\".\"categoryId\") WHERE 1=1 ORDER BY \"public\".\"lms_categories\".\"order\" ASC OFFSET $1","service":"preplyte-api","timestamp":"2026-02-05 12:32:51"}
{"level":"debug","message":"Params: [0]","service":"preplyte-api","timestamp":"2026-02-05 12:32:51"}
{"level":"debug","message":"Duration: 10ms","service":"preplyte-api","timestamp":"2026-02-05 12:32:51"}
{"level":"info","message":"\u001b[0mGET /api/admin/lms/categories \u001b[36m304\u001b[0m 25.340 ms - -\u001b[0m","service":"preplyte-api","timestamp":"2026-02-05 12:32:51"}
{"level":"debug","message":"Query: SELECT 1","service":"preplyte-api","timestamp":"2026-02-05 12:33:07"}
{"level":"debug","message":"Params: []","service":"preplyte-api","timestamp":"2026-02-05 12:33:08"}
{"level":"debug","message":"Duration: 0ms","service":"preplyte-api","timestamp":"2026-02-05 12:33:08"}
{"level":"debug","message":"Query: SELECT \"public\".\"users\".\"id\", \"public\".\"users\".\"email\", \"public\".\"users\".\"role\"::text, \"public\".\"users\".\"instituteId\", \"public\".\"users\".\"isActive\", \"public\".\"users\".\"tokenVersion\" FROM \"public\".\"users\" WHERE (\"public\".\"users\".\"id\" = $1 AND 1=1) LIMIT $2 OFFSET $3","service":"preplyte-api","timestamp":"2026-02-05 12:33:08"}
{"level":"debug","message":"Params: [\"cml92r5r50001q3oopvkslp23\",1,0]","service":"preplyte-api","timestamp":"2026-02-05 12:33:08"}
{"level":"debug","message":"Duration: 1ms","service":"preplyte-api","timestamp":"2026-02-05 12:33:08"}
{"level":"debug","message":"Query: SELECT 1","service":"preplyte-api","timestamp":"2026-02-05 12:33:08"}
{"level":"debug","message":"Params: []","service":"preplyte-api","timestamp":"2026-02-05 12:33:08"}
{"level":"debug","message":"Duration: 0ms","service":"preplyte-api","timestamp":"2026-02-05 12:33:08"}
{"level":"debug","message":"Query: SELECT \"public\".\"institutes\".\"id\", \"public\".\"institutes\".\"name\", \"public\".\"institutes\".\"domain\", \"public\".\"institutes\".\"isActive\", \"public\".\"institutes\".\"createdAt\", \"public\".\"institutes\".\"updatedAt\", COALESCE(\"aggr_selection_0_User\".\"_aggr_count_users\", 0) AS \"_aggr_count_users\" FROM \"public\".\"institutes\" LEFT JOIN (SELECT \"public\".\"users\".\"instituteId\", COUNT(*) AS \"_aggr_count_users\" FROM \"public\".\"users\" WHERE 1=1 GROUP BY \"public\".\"users\".\"instituteId\") AS \"aggr_selection_0_User\" ON (\"public\".\"institutes\".\"id\" = \"aggr_selection_0_User\".\"instituteId\") WHERE 1=1 ORDER BY \"public\".\"institutes\".\"createdAt\" DESC LIMIT $1 OFFSET $2","service":"preplyte-api","timestamp":"2026-02-05 12:33:08"}
{"level":"debug","message":"Params: [10,0]","service":"preplyte-api","timestamp":"2026-02-05 12:33:08"}
{"level":"debug","message":"Duration: 2ms","service":"preplyte-api","timestamp":"2026-02-05 12:33:08"}
{"level":"debug","message":"Query: SELECT COUNT(*) FROM (SELECT \"public\".\"institutes\".\"id\" FROM \"public\".\"institutes\" WHERE 1=1 OFFSET $1) AS \"sub\"","service":"preplyte-api","timestamp":"2026-02-05 12:33:08"}
{"level":"debug","message":"Params: [0]","service":"preplyte-api","timestamp":"2026-02-05 12:33:08"}
{"level":"debug","message":"Duration: 7ms","service":"preplyte-api","timestamp":"2026-02-05 12:33:08"}
{"level":"info","message":"\u001b[0mGET /api/admin/institutes?page=1&limit=10&sortBy=createdAt&sortOrder=desc \u001b[36m304\u001b[0m 36.495 ms - -\u001b[0m","service":"preplyte-api","timestamp":"2026-02-05 12:33:08"}
{"level":"debug","message":"Query: SELECT \"public\".\"users\".\"id\", \"public\".\"users\".\"email\", \"public\".\"users\".\"role\"::text, \"public\".\"users\".\"instituteId\", \"public\".\"users\".\"isActive\", \"public\".\"users\".\"tokenVersion\" FROM \"public\".\"users\" WHERE (\"public\".\"users\".\"id\" = $1 AND 1=1) LIMIT $2 OFFSET $3","service":"preplyte-api","timestamp":"2026-02-05 12:33:08"}
{"level":"debug","message":"Params: [\"cml92r5r50001q3oopvkslp23\",1,0]","service":"preplyte-api","timestamp":"2026-02-05 12:33:08"}
{"level":"debug","message":"Duration: 9ms","service":"preplyte-api","timestamp":"2026-02-05 12:33:08"}
{"level":"debug","message":"Query: SELECT COUNT(*) FROM (SELECT \"public\".\"institutes\".\"id\" FROM \"public\".\"institutes\" WHERE 1=1 OFFSET $1) AS \"sub\"","service":"preplyte-api","timestamp":"2026-02-05 12:33:08"}
{"level":"debug","message":"Params: [0]","service":"preplyte-api","timestamp":"2026-02-05 12:33:08"}
{"level":"debug","message":"Duration: 1ms","service":"preplyte-api","timestamp":"2026-02-05 12:33:08"}
{"level":"debug","message":"Query: SELECT \"public\".\"institutes\".\"id\", \"public\".\"institutes\".\"name\", \"public\".\"institutes\".\"domain\", \"public\".\"institutes\".\"isActive\", \"public\".\"institutes\".\"createdAt\", \"public\".\"institutes\".\"updatedAt\", COALESCE(\"aggr_selection_0_User\".\"_aggr_count_users\", 0) AS \"_aggr_count_users\" FROM \"public\".\"institutes\" LEFT JOIN (SELECT \"public\".\"users\".\"instituteId\", COUNT(*) AS \"_aggr_count_users\" FROM \"public\".\"users\" WHERE 1=1 GROUP BY \"public\".\"users\".\"instituteId\") AS \"aggr_selection_0_User\" ON (\"public\".\"institutes\".\"id\" = \"aggr_selection_0_User\".\"instituteId\") WHERE 1=1 ORDER BY \"public\".\"institutes\".\"createdAt\" DESC LIMIT $1 OFFSET $2","service":"preplyte-api","timestamp":"2026-02-05 12:33:08"}
{"level":"debug","message":"Params: [10,0]","service":"preplyte-api","timestamp":"2026-02-05 12:33:08"}
{"level":"debug","message":"Duration: 1ms","service":"preplyte-api","timestamp":"2026-02-05 12:33:08"}
{"level":"info","message":"\u001b[0mGET /api/admin/institutes?page=1&limit=10&sortBy=createdAt&sortOrder=desc \u001b[36m304\u001b[0m 25.492 ms - -\u001b[0m","service":"preplyte-api","timestamp":"2026-02-05 12:33:08"}
{"level":"debug","message":"Query: SELECT 1","service":"preplyte-api","timestamp":"2026-02-05 12:34:25"}
{"level":"debug","message":"Params: []","service":"preplyte-api","timestamp":"2026-02-05 12:34:25"}
{"level":"debug","message":"Duration: 1ms","service":"preplyte-api","timestamp":"2026-02-05 12:34:25"}
{"level":"debug","message":"Query: SELECT \"public\".\"users\".\"id\", \"public\".\"users\".\"email\", \"public\".\"users\".\"role\"::text, \"public\".\"users\".\"instituteId\", \"public\".\"users\".\"isActive\", \"public\".\"users\".\"tokenVersion\" FROM \"public\".\"users\" WHERE (\"public\".\"users\".\"id\" = $1 AND 1=1) LIMIT $2 OFFSET $3","service":"preplyte-api","timestamp":"2026-02-05 12:34:25"}
{"level":"debug","message":"Params: [\"cml92r5r50001q3oopvkslp23\",1,0]","service":"preplyte-api","timestamp":"2026-02-05 12:34:25"}
{"level":"debug","message":"Duration: 1ms","service":"preplyte-api","timestamp":"2026-02-05 12:34:25"}
{"level":"debug","message":"Query: SELECT 1","service":"preplyte-api","timestamp":"2026-02-05 12:34:25"}
{"level":"debug","message":"Params: []","service":"preplyte-api","timestamp":"2026-02-05 12:34:25"}
{"level":"debug","message":"Duration: 0ms","service":"preplyte-api","timestamp":"2026-02-05 12:34:25"}
{"level":"debug","message":"Query: SELECT \"public\".\"users\".\"id\", \"public\".\"users\".\"email\", \"public\".\"users\".\"role\"::text, \"public\".\"users\".\"instituteId\", \"public\".\"users\".\"isActive\", \"public\".\"users\".\"tokenVersion\" FROM \"public\".\"users\" WHERE (\"public\".\"users\".\"id\" = $1 AND 1=1) LIMIT $2 OFFSET $3","service":"preplyte-api","timestamp":"2026-02-05 12:34:25"}
{"level":"debug","message":"Params: [\"cml92r5r50001q3oopvkslp23\",1,0]","service":"preplyte-api","timestamp":"2026-02-05 12:34:25"}
{"level":"debug","message":"Duration: 0ms","service":"preplyte-api","timestamp":"2026-02-05 12:34:25"}
{"level":"debug","message":"Query: SELECT \"public\".\"users\".\"id\", \"public\".\"users\".\"email\", \"public\".\"users\".\"role\"::text, \"public\".\"users\".\"instituteId\", \"public\".\"users\".\"isActive\", \"public\".\"users\".\"tokenVersion\" FROM \"public\".\"users\" WHERE (\"public\".\"users\".\"id\" = $1 AND 1=1) LIMIT $2 OFFSET $3","service":"preplyte-api","timestamp":"2026-02-05 12:34:25"}
{"level":"debug","message":"Params: [\"cml92r5r50001q3oopvkslp23\",1,0]","service":"preplyte-api","timestamp":"2026-02-05 12:34:25"}
{"level":"debug","message":"Duration: 0ms","service":"preplyte-api","timestamp":"2026-02-05 12:34:25"}
{"level":"debug","message":"Query: SELECT COUNT(*) FROM (SELECT \"public\".\"institutes\".\"id\" FROM \"public\".\"institutes\" WHERE 1=1 OFFSET $1) AS \"sub\"","service":"preplyte-api","timestamp":"2026-02-05 12:34:25"}
{"level":"debug","message":"Params: [0]","service":"preplyte-api","timestamp":"2026-02-05 12:34:25"}
{"level":"debug","message":"Duration: 0ms","service":"preplyte-api","timestamp":"2026-02-05 12:34:25"}
{"level":"debug","message":"Query: SELECT \"public\".\"institutes\".\"id\", \"public\".\"institutes\".\"name\", \"public\".\"institutes\".\"domain\", \"public\".\"institutes\".\"isActive\", \"public\".\"institutes\".\"createdAt\", \"public\".\"institutes\".\"updatedAt\", COALESCE(\"aggr_selection_0_User\".\"_aggr_count_users\", 0) AS \"_aggr_count_users\" FROM \"public\".\"institutes\" LEFT JOIN (SELECT \"public\".\"users\".\"instituteId\", COUNT(*) AS \"_aggr_count_users\" FROM \"public\".\"users\" WHERE 1=1 GROUP BY \"public\".\"users\".\"instituteId\") AS \"aggr_selection_0_User\" ON (\"public\".\"institutes\".\"id\" = \"aggr_selection_0_User\".\"instituteId\") WHERE 1=1 ORDER BY \"public\".\"institutes\".\"createdAt\" DESC LIMIT $1 OFFSET $2","service":"preplyte-api","timestamp":"2026-02-05 12:34:25"}
{"level":"debug","message":"Params: [10,0]","service":"preplyte-api","timestamp":"2026-02-05 12:34:25"}
{"level":"debug","message":"Duration: 0ms","service":"preplyte-api","timestamp":"2026-02-05 12:34:25"}
{"level":"debug","message":"Query: SELECT 1","service":"preplyte-api","timestamp":"2026-02-05 12:34:25"}
{"level":"debug","message":"Params: []","service":"preplyte-api","timestamp":"2026-02-05 12:34:25"}
{"level":"debug","message":"Duration: 0ms","service":"preplyte-api","timestamp":"2026-02-05 12:34:25"}
{"level":"debug","message":"Query: SELECT 1","service":"preplyte-api","timestamp":"2026-02-05 12:34:25"}
{"level":"debug","message":"Params: []","service":"preplyte-api","timestamp":"2026-02-05 12:34:25"}
{"level":"debug","message":"Duration: 0ms","service":"preplyte-api","timestamp":"2026-02-05 12:34:25"}
{"level":"debug","message":"Query: SELECT 1","service":"preplyte-api","timestamp":"2026-02-05 12:34:25"}
{"level":"debug","message":"Params: []","service":"preplyte-api","timestamp":"2026-02-05 12:34:25"}
{"level":"debug","message":"Duration: 1ms","service":"preplyte-api","timestamp":"2026-02-05 12:34:25"}
{"level":"debug","message":"Query: SELECT 1","service":"preplyte-api","timestamp":"2026-02-05 12:34:25"}
{"level":"debug","message":"Params: []","service":"preplyte-api","timestamp":"2026-02-05 12:34:25"}
{"level":"debug","message":"Duration: 0ms","service":"preplyte-api","timestamp":"2026-02-05 12:34:25"}
{"level":"debug","message":"Query: SELECT 1","service":"preplyte-api","timestamp":"2026-02-05 12:34:25"}
{"level":"debug","message":"Params: []","service":"preplyte-api","timestamp":"2026-02-05 12:34:25"}
{"level":"debug","message":"Duration: 1ms","service":"preplyte-api","timestamp":"2026-02-05 12:34:25"}
{"level":"debug","message":"Query: SELECT 1","service":"preplyte-api","timestamp":"2026-02-05 12:34:25"}
{"level":"debug","message":"Params: []","service":"preplyte-api","timestamp":"2026-02-05 12:34:25"}
{"level":"debug","message":"Duration: 1ms","service":"preplyte-api","timestamp":"2026-02-05 12:34:25"}
{"level":"debug","message":"Query: SELECT 1","service":"preplyte-api","timestamp":"2026-02-05 12:34:25"}
{"level":"debug","message":"Params: []","service":"preplyte-api","timestamp":"2026-02-05 12:34:25"}
{"level":"debug","message":"Duration: 1ms","service":"preplyte-api","timestamp":"2026-02-05 12:34:25"}
{"level":"debug","message":"Query: SELECT 1","service":"preplyte-api","timestamp":"2026-02-05 12:34:25"}
{"level":"debug","message":"Params: []","service":"preplyte-api","timestamp":"2026-02-05 12:34:25"}
{"level":"debug","message":"Duration: 1ms","service":"preplyte-api","timestamp":"2026-02-05 12:34:25"}
{"level":"debug","message":"Query: SELECT 1","service":"preplyte-api","timestamp":"2026-02-05 12:34:25"}
{"level":"debug","message":"Params: []","service":"preplyte-api","timestamp":"2026-02-05 12:34:25"}
{"level":"debug","message":"Duration: 0ms","service":"preplyte-api","timestamp":"2026-02-05 12:34:25"}
{"level":"debug","message":"Query: SELECT COUNT(*), \"public\".\"institutes\".\"isActive\" FROM \"public\".\"institutes\" WHERE 1=1 GROUP BY \"public\".\"institutes\".\"isActive\" OFFSET $1","service":"preplyte-api","timestamp":"2026-02-05 12:34:25"}
{"level":"debug","message":"Params: [0]","service":"preplyte-api","timestamp":"2026-02-05 12:34:25"}
{"level":"debug","message":"Duration: 2ms","service":"preplyte-api","timestamp":"2026-02-05 12:34:25"}
{"level":"debug","message":"Query: SELECT 1","service":"preplyte-api","timestamp":"2026-02-05 12:34:25"}
{"level":"debug","message":"Params: []","service":"preplyte-api","timestamp":"2026-02-05 12:34:25"}
{"level":"debug","message":"Duration: 1ms","service":"preplyte-api","timestamp":"2026-02-05 12:34:25"}
{"level":"debug","message":"Query: SELECT COUNT(*) FROM (SELECT \"public\".\"machine_practice_sessions\".\"id\" FROM \"public\".\"machine_practice_sessions\" WHERE 1=1 OFFSET $1) AS \"sub\"","service":"preplyte-api","timestamp":"2026-02-05 12:34:25"}
{"level":"debug","message":"Params: [0]","service":"preplyte-api","timestamp":"2026-02-05 12:34:25"}
{"level":"debug","message":"Duration: 1ms","service":"preplyte-api","timestamp":"2026-02-05 12:34:25"}
{"level":"debug","message":"Query: SELECT AVG(\"overallScore\") FROM (SELECT \"public\".\"ai_interview_feedbacks\".\"overallScore\" FROM \"public\".\"ai_interview_feedbacks\" WHERE 1=1 OFFSET $1) AS \"sub\"","service":"preplyte-api","timestamp":"2026-02-05 12:34:25"}
{"level":"debug","message":"Params: [0]","service":"preplyte-api","timestamp":"2026-02-05 12:34:25"}
{"level":"debug","message":"Duration: 1ms","service":"preplyte-api","timestamp":"2026-02-05 12:34:25"}
{"level":"debug","message":"Query: SELECT 1","service":"preplyte-api","timestamp":"2026-02-05 12:34:25"}
{"level":"debug","message":"Params: []","service":"preplyte-api","timestamp":"2026-02-05 12:34:25"}
{"level":"debug","message":"Duration: 2ms","service":"preplyte-api","timestamp":"2026-02-05 12:34:25"}
{"level":"debug","message":"Query: SELECT COUNT(*) FROM (SELECT \"public\".\"ai_interview_sessions\".\"id\" FROM \"public\".\"ai_interview_sessions\" WHERE 1=1 OFFSET $1) AS \"sub\"","service":"preplyte-api","timestamp":"2026-02-05 12:34:25"}
{"level":"debug","message":"Params: [0]","service":"preplyte-api","timestamp":"2026-02-05 12:34:25"}
{"level":"debug","message":"Duration: 2ms","service":"preplyte-api","timestamp":"2026-02-05 12:34:25"}
{"level":"debug","message":"Query: SELECT COUNT(*), \"public\".\"users\".\"role\"::text, \"public\".\"users\".\"isActive\" FROM \"public\".\"users\" WHERE 1=1 GROUP BY \"public\".\"users\".\"role\", \"public\".\"users\".\"isActive\" OFFSET $1","service":"preplyte-api","timestamp":"2026-02-05 12:34:25"}
{"level":"debug","message":"Params: [0]","service":"preplyte-api","timestamp":"2026-02-05 12:34:25"}
{"level":"debug","message":"Duration: 2ms","service":"preplyte-api","timestamp":"2026-02-05 12:34:25"}
{"level":"debug","message":"Query: SELECT \"public\".\"ai_interview_sessions\".\"id\", \"public\".\"ai_interview_sessions\".\"createdAt\" FROM \"public\".\"ai_interview_sessions\" WHERE \"public\".\"ai_interview_sessions\".\"createdAt\" >= $1 OFFSET $2","service":"preplyte-api","timestamp":"2026-02-05 12:34:25"}
{"level":"debug","message":"Params: [\"2026-01-06 07:04:25.249 UTC\",0]","service":"preplyte-api","timestamp":"2026-02-05 12:34:25"}
{"level":"debug","message":"Duration: 1ms","service":"preplyte-api","timestamp":"2026-02-05 12:34:25"}
{"level":"debug","message":"Query: SELECT \"public\".\"users\".\"id\", \"public\".\"users\".\"createdAt\" FROM \"public\".\"users\" WHERE \"public\".\"users\".\"createdAt\" >= $1 OFFSET $2","service":"preplyte-api","timestamp":"2026-02-05 12:34:25"}
{"level":"debug","message":"Params: [\"2026-01-06 07:04:25.249 UTC\",0]","service":"preplyte-api","timestamp":"2026-02-05 12:34:25"}
{"level":"debug","message":"Duration: 0ms","service":"preplyte-api","timestamp":"2026-02-05 12:34:25"}
{"level":"debug","message":"Query: SELECT \"public\".\"aptitude_practice_sessions\".\"id\", \"public\".\"aptitude_practice_sessions\".\"createdAt\" FROM \"public\".\"aptitude_practice_sessions\" WHERE \"public\".\"aptitude_practice_sessions\".\"createdAt\" >= $1 OFFSET $2","service":"preplyte-api","timestamp":"2026-02-05 12:34:25"}
{"level":"debug","message":"Params: [\"2026-01-06 07:04:25.249 UTC\",0]","service":"preplyte-api","timestamp":"2026-02-05 12:34:25"}
{"level":"debug","message":"Duration: 1ms","service":"preplyte-api","timestamp":"2026-02-05 12:34:25"}
{"level":"debug","message":"Query: SELECT COUNT(*), AVG(\"totalScore\") FROM (SELECT \"public\".\"machine_practice_sessions\".\"id\", \"public\".\"machine_practice_sessions\".\"totalScore\" FROM \"public\".\"machine_practice_sessions\" WHERE \"public\".\"machine_practice_sessions\".\"completedAt\" IS NOT NULL OFFSET $1) AS \"sub\"","service":"preplyte-api","timestamp":"2026-02-05 12:34:25"}
{"level":"debug","message":"Params: [0]","service":"preplyte-api","timestamp":"2026-02-05 12:34:25"}
{"level":"debug","message":"Duration: 6ms","service":"preplyte-api","timestamp":"2026-02-05 12:34:25"}
{"level":"debug","message":"Query: SELECT COUNT(*) FROM (SELECT \"public\".\"aptitude_practice_sessions\".\"id\" FROM \"public\".\"aptitude_practice_sessions\" WHERE 1=1 OFFSET $1) AS \"sub\"","service":"preplyte-api","timestamp":"2026-02-05 12:34:25"}
{"level":"debug","message":"Params: [0]","service":"preplyte-api","timestamp":"2026-02-05 12:34:25"}
{"level":"debug","message":"Duration: 3ms","service":"preplyte-api","timestamp":"2026-02-05 12:34:25"}
{"level":"debug","message":"Query: SELECT COUNT(*) FROM (SELECT \"public\".\"ai_interview_sessions\".\"id\" FROM \"public\".\"ai_interview_sessions\" WHERE \"public\".\"ai_interview_sessions\".\"status\" = CAST($1::text AS \"public\".\"AiInterviewSessionStatus\") OFFSET $2) AS \"sub\"","service":"preplyte-api","timestamp":"2026-02-05 12:34:25"}
{"level":"debug","message":"Params: [\"COMPLETED\",0]","service":"preplyte-api","timestamp":"2026-02-05 12:34:25"}
{"level":"debug","message":"Duration: 6ms","service":"preplyte-api","timestamp":"2026-02-05 12:34:25"}
{"level":"debug","message":"Query: SELECT \"public\".\"machine_practice_sessions\".\"id\", \"public\".\"machine_practice_sessions\".\"createdAt\" FROM \"public\".\"machine_practice_sessions\" WHERE \"public\".\"machine_practice_sessions\".\"createdAt\" >= $1 OFFSET $2","service":"preplyte-api","timestamp":"2026-02-05 12:34:25"}
{"level":"debug","message":"Params: [\"2026-01-06 07:04:25.249 UTC\",0]","service":"preplyte-api","timestamp":"2026-02-05 12:34:25"}
{"level":"debug","message":"Duration: 3ms","service":"preplyte-api","timestamp":"2026-02-05 12:34:25"}
{"level":"debug","message":"Query: SELECT COUNT(*), AVG(\"totalScore\") FROM (SELECT \"public\".\"aptitude_practice_sessions\".\"id\", \"public\".\"aptitude_practice_sessions\".\"totalScore\" FROM \"public\".\"aptitude_practice_sessions\" WHERE \"public\".\"aptitude_practice_sessions\".\"completedAt\" IS NOT NULL OFFSET $1) AS \"sub\"","service":"preplyte-api","timestamp":"2026-02-05 12:34:25"}
{"level":"debug","message":"Params: [0]","service":"preplyte-api","timestamp":"2026-02-05 12:34:25"}
{"level":"debug","message":"Duration: 4ms","service":"preplyte-api","timestamp":"2026-02-05 12:34:25"}
{"level":"debug","message":"Query: SELECT COUNT(*) FROM (SELECT \"public\".\"institutes\".\"id\" FROM \"public\".\"institutes\" WHERE 1=1 OFFSET $1) AS \"sub\"","service":"preplyte-api","timestamp":"2026-02-05 12:34:25"}
{"level":"debug","message":"Params: [0]","service":"preplyte-api","timestamp":"2026-02-05 12:34:25"}
{"level":"debug","message":"Duration: 4ms","service":"preplyte-api","timestamp":"2026-02-05 12:34:25"}
{"level":"debug","message":"Query: SELECT \"public\".\"institutes\".\"id\", \"public\".\"institutes\".\"name\", \"public\".\"institutes\".\"domain\", \"public\".\"institutes\".\"isActive\", \"public\".\"institutes\".\"createdAt\", \"public\".\"institutes\".\"updatedAt\", COALESCE(\"aggr_selection_0_User\".\"_aggr_count_users\", 0) AS \"_aggr_count_users\" FROM \"public\".\"institutes\" LEFT JOIN (SELECT \"public\".\"users\".\"instituteId\", COUNT(*) AS \"_aggr_count_users\" FROM \"public\".\"users\" WHERE 1=1 GROUP BY \"public\".\"users\".\"instituteId\") AS \"aggr_selection_0_User\" ON (\"public\".\"institutes\".\"id\" = \"aggr_selection_0_User\".\"instituteId\") WHERE 1=1 ORDER BY \"public\".\"institutes\".\"createdAt\" DESC LIMIT $1 OFFSET $2","service":"preplyte-api","timestamp":"2026-02-05 12:34:25"}
{"level":"debug","message":"Params: [5,0]","service":"preplyte-api","timestamp":"2026-02-05 12:34:25"}
{"level":"debug","message":"Duration: 5ms","service":"preplyte-api","timestamp":"2026-02-05 12:34:25"}
{"level":"info","message":"\u001b[0mGET /api/admin/institutes?page=1&limit=10&sortBy=createdAt&sortOrder=desc \u001b[36m304\u001b[0m 92.177 ms - -\u001b[0m","service":"preplyte-api","timestamp":"2026-02-05 12:34:25"}
{"level":"info","message":"\u001b[0mGET /api/admin/analytics \u001b[36m304\u001b[0m 94.828 ms - -\u001b[0m","service":"preplyte-api","timestamp":"2026-02-05 12:34:25"}
{"level":"info","message":"\u001b[0mGET /api/admin/institutes?page=1&limit=5&sortBy=createdAt&sortOrder=desc \u001b[36m304\u001b[0m 95.277 ms - -\u001b[0m","service":"preplyte-api","timestamp":"2026-02-05 12:34:25"}
{"level":"debug","message":"Query: SELECT \"public\".\"users\".\"id\", \"public\".\"users\".\"email\", \"public\".\"users\".\"role\"::text, \"public\".\"users\".\"instituteId\", \"public\".\"users\".\"isActive\", \"public\".\"users\".\"tokenVersion\" FROM \"public\".\"users\" WHERE (\"public\".\"users\".\"id\" = $1 AND 1=1) LIMIT $2 OFFSET $3","service":"preplyte-api","timestamp":"2026-02-05 12:34:25"}
{"level":"debug","message":"Params: [\"cml92r5r50001q3oopvkslp23\",1,0]","service":"preplyte-api","timestamp":"2026-02-05 12:34:25"}
{"level":"debug","message":"Duration: 0ms","service":"preplyte-api","timestamp":"2026-02-05 12:34:25"}
{"level":"debug","message":"Query: SELECT \"public\".\"users\".\"id\", \"public\".\"users\".\"email\", \"public\".\"users\".\"role\"::text, \"public\".\"users\".\"instituteId\", \"public\".\"users\".\"isActive\", \"public\".\"users\".\"tokenVersion\" FROM \"public\".\"users\" WHERE (\"public\".\"users\".\"id\" = $1 AND 1=1) LIMIT $2 OFFSET $3","service":"preplyte-api","timestamp":"2026-02-05 12:34:25"}
{"level":"debug","message":"Params: [\"cml92r5r50001q3oopvkslp23\",1,0]","service":"preplyte-api","timestamp":"2026-02-05 12:34:25"}
{"level":"debug","message":"Duration: 0ms","service":"preplyte-api","timestamp":"2026-02-05 12:34:25"}
{"level":"debug","message":"Query: SELECT \"public\".\"users\".\"id\", \"public\".\"users\".\"email\", \"public\".\"users\".\"role\"::text, \"public\".\"users\".\"instituteId\", \"public\".\"users\".\"isActive\", \"public\".\"users\".\"tokenVersion\" FROM \"public\".\"users\" WHERE (\"public\".\"users\".\"id\" = $1 AND 1=1) LIMIT $2 OFFSET $3","service":"preplyte-api","timestamp":"2026-02-05 12:34:25"}
{"level":"debug","message":"Params: [\"cml92r5r50001q3oopvkslp23\",1,0]","service":"preplyte-api","timestamp":"2026-02-05 12:34:25"}
{"level":"debug","message":"Duration: 0ms","service":"preplyte-api","timestamp":"2026-02-05 12:34:25"}
{"level":"debug","message":"Query: SELECT COUNT(*) FROM (SELECT \"public\".\"institutes\".\"id\" FROM \"public\".\"institutes\" WHERE 1=1 OFFSET $1) AS \"sub\"","service":"preplyte-api","timestamp":"2026-02-05 12:34:25"}
{"level":"debug","message":"Params: [0]","service":"preplyte-api","timestamp":"2026-02-05 12:34:25"}
{"level":"debug","message":"Duration: 1ms","service":"preplyte-api","timestamp":"2026-02-05 12:34:25"}
{"level":"debug","message":"Query: SELECT COUNT(*), \"public\".\"institutes\".\"isActive\" FROM \"public\".\"institutes\" WHERE 1=1 GROUP BY \"public\".\"institutes\".\"isActive\" OFFSET $1","service":"preplyte-api","timestamp":"2026-02-05 12:34:25"}
{"level":"debug","message":"Params: [0]","service":"preplyte-api","timestamp":"2026-02-05 12:34:25"}
{"level":"debug","message":"Duration: 0ms","service":"preplyte-api","timestamp":"2026-02-05 12:34:25"}
{"level":"debug","message":"Query: SELECT COUNT(*) FROM (SELECT \"public\".\"aptitude_practice_sessions\".\"id\" FROM \"public\".\"aptitude_practice_sessions\" WHERE 1=1 OFFSET $1) AS \"sub\"","service":"preplyte-api","timestamp":"2026-02-05 12:34:25"}
{"level":"debug","message":"Params: [0]","service":"preplyte-api","timestamp":"2026-02-05 12:34:25"}
{"level":"debug","message":"Duration: 0ms","service":"preplyte-api","timestamp":"2026-02-05 12:34:25"}
{"level":"debug","message":"Query: SELECT \"public\".\"institutes\".\"id\", \"public\".\"institutes\".\"name\", \"public\".\"institutes\".\"domain\", \"public\".\"institutes\".\"isActive\", \"public\".\"institutes\".\"createdAt\", \"public\".\"institutes\".\"updatedAt\", COALESCE(\"aggr_selection_0_User\".\"_aggr_count_users\", 0) AS \"_aggr_count_users\" FROM \"public\".\"institutes\" LEFT JOIN (SELECT \"public\".\"users\".\"instituteId\", COUNT(*) AS \"_aggr_count_users\" FROM \"public\".\"users\" WHERE 1=1 GROUP BY \"public\".\"users\".\"instituteId\") AS \"aggr_selection_0_User\" ON (\"public\".\"institutes\".\"id\" = \"aggr_selection_0_User\".\"instituteId\") WHERE 1=1 ORDER BY \"public\".\"institutes\".\"createdAt\" DESC LIMIT $1 OFFSET $2","service":"preplyte-api","timestamp":"2026-02-05 12:34:25"}
{"level":"debug","message":"Params: [10,0]","service":"preplyte-api","timestamp":"2026-02-05 12:34:25"}
{"level":"debug","message":"Duration: 4ms","service":"preplyte-api","timestamp":"2026-02-05 12:34:25"}
{"level":"debug","message":"Query: SELECT COUNT(*), \"public\".\"users\".\"role\"::text, \"public\".\"users\".\"isActive\" FROM \"public\".\"users\" WHERE 1=1 GROUP BY \"public\".\"users\".\"role\", \"public\".\"users\".\"isActive\" OFFSET $1","service":"preplyte-api","timestamp":"2026-02-05 12:34:25"}
{"level":"debug","message":"Params: [0]","service":"preplyte-api","timestamp":"2026-02-05 12:34:25"}
{"level":"debug","message":"Duration: 2ms","service":"preplyte-api","timestamp":"2026-02-05 12:34:25"}
{"level":"debug","message":"Query: SELECT COUNT(*), AVG(\"totalScore\") FROM (SELECT \"public\".\"aptitude_practice_sessions\".\"id\", \"public\".\"aptitude_practice_sessions\".\"totalScore\" FROM \"public\".\"aptitude_practice_sessions\" WHERE \"public\".\"aptitude_practice_sessions\".\"completedAt\" IS NOT NULL OFFSET $1) AS \"sub\"","service":"preplyte-api","timestamp":"2026-02-05 12:34:25"}
{"level":"debug","message":"Params: [0]","service":"preplyte-api","timestamp":"2026-02-05 12:34:25"}
{"level":"debug","message":"Duration: 1ms","service":"preplyte-api","timestamp":"2026-02-05 12:34:25"}
{"level":"debug","message":"Query: SELECT COUNT(*) FROM (SELECT \"public\".\"machine_practice_sessions\".\"id\" FROM \"public\".\"machine_practice_sessions\" WHERE 1=1 OFFSET $1) AS \"sub\"","service":"preplyte-api","timestamp":"2026-02-05 12:34:25"}
{"level":"debug","message":"Params: [0]","service":"preplyte-api","timestamp":"2026-02-05 12:34:25"}
{"level":"debug","message":"Duration: 1ms","service":"preplyte-api","timestamp":"2026-02-05 12:34:25"}
{"level":"debug","message":"Query: SELECT COUNT(*) FROM (SELECT \"public\".\"ai_interview_sessions\".\"id\" FROM \"public\".\"ai_interview_sessions\" WHERE \"public\".\"ai_interview_sessions\".\"status\" = CAST($1::text AS \"public\".\"AiInterviewSessionStatus\") OFFSET $2) AS \"sub\"","service":"preplyte-api","timestamp":"2026-02-05 12:34:25"}
{"level":"debug","message":"Params: [\"COMPLETED\",0]","service":"preplyte-api","timestamp":"2026-02-05 12:34:25"}
{"level":"debug","message":"Duration: 2ms","service":"preplyte-api","timestamp":"2026-02-05 12:34:25"}
{"level":"debug","message":"Query: SELECT \"public\".\"users\".\"id\", \"public\".\"users\".\"createdAt\" FROM \"public\".\"users\" WHERE \"public\".\"users\".\"createdAt\" >= $1 OFFSET $2","service":"preplyte-api","timestamp":"2026-02-05 12:34:25"}
{"level":"debug","message":"Params: [\"2026-01-06 07:04:25.346 UTC\",0]","service":"preplyte-api","timestamp":"2026-02-05 12:34:25"}
{"level":"debug","message":"Duration: 0ms","service":"preplyte-api","timestamp":"2026-02-05 12:34:25"}
{"level":"debug","message":"Query: SELECT \"public\".\"aptitude_practice_sessions\".\"id\", \"public\".\"aptitude_practice_sessions\".\"createdAt\" FROM \"public\".\"aptitude_practice_sessions\" WHERE \"public\".\"aptitude_practice_sessions\".\"createdAt\" >= $1 OFFSET $2","service":"preplyte-api","timestamp":"2026-02-05 12:34:25"}
{"level":"debug","message":"Params: [\"2026-01-06 07:04:25.346 UTC\",0]","service":"preplyte-api","timestamp":"2026-02-05 12:34:25"}
{"level":"debug","message":"Duration: 4ms","service":"preplyte-api","timestamp":"2026-02-05 12:34:25"}
{"level":"debug","message":"Query: SELECT AVG(\"overallScore\") FROM (SELECT \"public\".\"ai_interview_feedbacks\".\"overallScore\" FROM \"public\".\"ai_interview_feedbacks\" WHERE 1=1 OFFSET $1) AS \"sub\"","service":"preplyte-api","timestamp":"2026-02-05 12:34:25"}
{"level":"debug","message":"Params: [0]","service":"preplyte-api","timestamp":"2026-02-05 12:34:25"}
{"level":"debug","message":"Duration: 4ms","service":"preplyte-api","timestamp":"2026-02-05 12:34:25"}
{"level":"debug","message":"Query: SELECT COUNT(*), AVG(\"totalScore\") FROM (SELECT \"public\".\"machine_practice_sessions\".\"id\", \"public\".\"machine_practice_sessions\".\"totalScore\" FROM \"public\".\"machine_practice_sessions\" WHERE \"public\".\"machine_practice_sessions\".\"completedAt\" IS NOT NULL OFFSET $1) AS \"sub\"","service":"preplyte-api","timestamp":"2026-02-05 12:34:25"}
{"level":"debug","message":"Params: [0]","service":"preplyte-api","timestamp":"2026-02-05 12:34:25"}
{"level":"debug","message":"Duration: 4ms","service":"preplyte-api","timestamp":"2026-02-05 12:34:25"}
{"level":"debug","message":"Query: SELECT COUNT(*) FROM (SELECT \"public\".\"ai_interview_sessions\".\"id\" FROM \"public\".\"ai_interview_sessions\" WHERE 1=1 OFFSET $1) AS \"sub\"","service":"preplyte-api","timestamp":"2026-02-05 12:34:25"}
{"level":"debug","message":"Params: [0]","service":"preplyte-api","timestamp":"2026-02-05 12:34:25"}
{"level":"debug","message":"Duration: 1ms","service":"preplyte-api","timestamp":"2026-02-05 12:34:25"}
{"level":"debug","message":"Query: SELECT \"public\".\"ai_interview_sessions\".\"id\", \"public\".\"ai_interview_sessions\".\"createdAt\" FROM \"public\".\"ai_interview_sessions\" WHERE \"public\".\"ai_interview_sessions\".\"createdAt\" >= $1 OFFSET $2","service":"preplyte-api","timestamp":"2026-02-05 12:34:25"}
{"level":"debug","message":"Params: [\"2026-01-06 07:04:25.346 UTC\",0]","service":"preplyte-api","timestamp":"2026-02-05 12:34:25"}
{"level":"debug","message":"Duration: 4ms","service":"preplyte-api","timestamp":"2026-02-05 12:34:25"}
{"level":"debug","message":"Query: SELECT \"public\".\"machine_practice_sessions\".\"id\", \"public\".\"machine_practice_sessions\".\"createdAt\" FROM \"public\".\"machine_practice_sessions\" WHERE \"public\".\"machine_practice_sessions\".\"createdAt\" >= $1 OFFSET $2","service":"preplyte-api","timestamp":"2026-02-05 12:34:25"}
{"level":"debug","message":"Params: [\"2026-01-06 07:04:25.346 UTC\",0]","service":"preplyte-api","timestamp":"2026-02-05 12:34:25"}
{"level":"debug","message":"Duration: 4ms","service":"preplyte-api","timestamp":"2026-02-05 12:34:25"}
{"level":"debug","message":"Query: SELECT \"public\".\"institutes\".\"id\", \"public\".\"institutes\".\"name\", \"public\".\"institutes\".\"domain\", \"public\".\"institutes\".\"isActive\", \"public\".\"institutes\".\"createdAt\", \"public\".\"institutes\".\"updatedAt\", COALESCE(\"aggr_selection_0_User\".\"_aggr_count_users\", 0) AS \"_aggr_count_users\" FROM \"public\".\"institutes\" LEFT JOIN (SELECT \"public\".\"users\".\"instituteId\", COUNT(*) AS \"_aggr_count_users\" FROM \"public\".\"users\" WHERE 1=1 GROUP BY \"public\".\"users\".\"instituteId\") AS \"aggr_selection_0_User\" ON (\"public\".\"institutes\".\"id\" = \"aggr_selection_0_User\".\"instituteId\") WHERE 1=1 ORDER BY \"public\".\"institutes\".\"createdAt\" DESC LIMIT $1 OFFSET $2","service":"preplyte-api","timestamp":"2026-02-05 12:34:25"}
{"level":"debug","message":"Params: [5,0]","service":"preplyte-api","timestamp":"2026-02-05 12:34:25"}
{"level":"debug","message":"Duration: 2ms","service":"preplyte-api","timestamp":"2026-02-05 12:34:25"}
{"level":"debug","message":"Query: SELECT COUNT(*) FROM (SELECT \"public\".\"institutes\".\"id\" FROM \"public\".\"institutes\" WHERE 1=1 OFFSET $1) AS \"sub\"","service":"preplyte-api","timestamp":"2026-02-05 12:34:25"}
{"level":"debug","message":"Params: [0]","service":"preplyte-api","timestamp":"2026-02-05 12:34:25"}
{"level":"debug","message":"Duration: 5ms","service":"preplyte-api","timestamp":"2026-02-05 12:34:25"}
{"level":"info","message":"\u001b[0mGET /api/admin/institutes?page=1&limit=10&sortBy=createdAt&sortOrder=desc \u001b[36m304\u001b[0m 111.715 ms - -\u001b[0m","service":"preplyte-api","timestamp":"2026-02-05 12:34:25"}
{"level":"info","message":"\u001b[0mGET /api/admin/analytics \u001b[36m304\u001b[0m 116.038 ms - -\u001b[0m","service":"preplyte-api","timestamp":"2026-02-05 12:34:25"}
{"level":"info","message":"\u001b[0mGET /api/admin/institutes?page=1&limit=5&sortBy=createdAt&sortOrder=desc \u001b[36m304\u001b[0m 121.839 ms - -\u001b[0m","service":"preplyte-api","timestamp":"2026-02-05 12:34:25"}
{"level":"debug","message":"Query: SELECT 1","service":"preplyte-api","timestamp":"2026-02-05 12:35:00"}
{"level":"debug","message":"Params: []","service":"preplyte-api","timestamp":"2026-02-05 12:35:00"}
{"level":"debug","message":"Duration: 0ms","service":"preplyte-api","timestamp":"2026-02-05 12:35:00"}
{"level":"debug","message":"Query: SELECT \"public\".\"users\".\"id\", \"public\".\"users\".\"email\", \"public\".\"users\".\"role\"::text, \"public\".\"users\".\"instituteId\", \"public\".\"users\".\"isActive\", \"public\".\"users\".\"tokenVersion\" FROM \"public\".\"users\" WHERE (\"public\".\"users\".\"id\" = $1 AND 1=1) LIMIT $2 OFFSET $3","service":"preplyte-api","timestamp":"2026-02-05 12:35:00"}
{"level":"debug","message":"Params: [\"cml92r5r50001q3oopvkslp23\",1,0]","service":"preplyte-api","timestamp":"2026-02-05 12:35:00"}
{"level":"debug","message":"Duration: 13ms","service":"preplyte-api","timestamp":"2026-02-05 12:35:00"}
{"level":"debug","message":"Query: SELECT 1","service":"preplyte-api","timestamp":"2026-02-05 12:35:00"}
{"level":"debug","message":"Params: []","service":"preplyte-api","timestamp":"2026-02-05 12:35:00"}
{"level":"debug","message":"Duration: 0ms","service":"preplyte-api","timestamp":"2026-02-05 12:35:00"}
{"level":"debug","message":"Query: SELECT 1","service":"preplyte-api","timestamp":"2026-02-05 12:35:00"}
{"level":"debug","message":"Params: []","service":"preplyte-api","timestamp":"2026-02-05 12:35:00"}
{"level":"debug","message":"Duration: 0ms","service":"preplyte-api","timestamp":"2026-02-05 12:35:00"}
{"level":"debug","message":"Query: SELECT 1","service":"preplyte-api","timestamp":"2026-02-05 12:35:00"}
{"level":"debug","message":"Params: []","service":"preplyte-api","timestamp":"2026-02-05 12:35:00"}
{"level":"debug","message":"Duration: 0ms","service":"preplyte-api","timestamp":"2026-02-05 12:35:00"}
{"level":"debug","message":"Query: SELECT 1","service":"preplyte-api","timestamp":"2026-02-05 12:35:00"}
{"level":"debug","message":"Params: []","service":"preplyte-api","timestamp":"2026-02-05 12:35:00"}
{"level":"debug","message":"Duration: 0ms","service":"preplyte-api","timestamp":"2026-02-05 12:35:00"}
{"level":"debug","message":"Query: SELECT AVG(\"progressPercent\") FROM (SELECT \"public\".\"lms_enrollments\".\"progressPercent\" FROM \"public\".\"lms_enrollments\" WHERE 1=1 OFFSET $1) AS \"sub\"","service":"preplyte-api","timestamp":"2026-02-05 12:35:00"}
{"level":"debug","message":"Params: [0]","service":"preplyte-api","timestamp":"2026-02-05 12:35:00"}
{"level":"debug","message":"Duration: 1ms","service":"preplyte-api","timestamp":"2026-02-05 12:35:00"}
{"level":"debug","message":"Query: SELECT COUNT(*) FROM (SELECT \"public\".\"lms_courses\".\"id\" FROM \"public\".\"lms_courses\" WHERE \"public\".\"lms_courses\".\"status\" = CAST($1::text AS \"public\".\"LmsCourseStatus\") OFFSET $2) AS \"sub\"","service":"preplyte-api","timestamp":"2026-02-05 12:35:00"}
{"level":"debug","message":"Params: [\"PUBLISHED\",0]","service":"preplyte-api","timestamp":"2026-02-05 12:35:00"}
{"level":"debug","message":"Duration: 2ms","service":"preplyte-api","timestamp":"2026-02-05 12:35:00"}
{"level":"debug","message":"Query: SELECT COUNT(*) FROM (SELECT \"public\".\"lms_enrollments\".\"id\" FROM \"public\".\"lms_enrollments\" WHERE \"public\".\"lms_enrollments\".\"status\" = CAST($1::text AS \"public\".\"LmsEnrollmentStatus\") OFFSET $2) AS \"sub\"","service":"preplyte-api","timestamp":"2026-02-05 12:35:00"}
{"level":"debug","message":"Params: [\"COMPLETED\",0]","service":"preplyte-api","timestamp":"2026-02-05 12:35:00"}
{"level":"debug","message":"Duration: 9ms","service":"preplyte-api","timestamp":"2026-02-05 12:35:00"}
{"level":"debug","message":"Query: SELECT COUNT(*) FROM (SELECT \"public\".\"lms_courses\".\"id\" FROM \"public\".\"lms_courses\" WHERE 1=1 OFFSET $1) AS \"sub\"","service":"preplyte-api","timestamp":"2026-02-05 12:35:00"}
{"level":"debug","message":"Params: [0]","service":"preplyte-api","timestamp":"2026-02-05 12:35:00"}
{"level":"debug","message":"Duration: 11ms","service":"preplyte-api","timestamp":"2026-02-05 12:35:00"}
{"level":"debug","message":"Query: SELECT \"public\".\"lms_courses\".\"id\", \"public\".\"lms_courses\".\"price\", COALESCE(\"aggr_selection_0_LmsEnrollment\".\"_aggr_count_enrollments\", 0) AS \"_aggr_count_enrollments\" FROM \"public\".\"lms_courses\" LEFT JOIN (SELECT \"public\".\"lms_enrollments\".\"courseId\", COUNT(*) AS \"_aggr_count_enrollments\" FROM \"public\".\"lms_enrollments\" WHERE 1=1 GROUP BY \"public\".\"lms_enrollments\".\"courseId\") AS \"aggr_selection_0_LmsEnrollment\" ON (\"public\".\"lms_courses\".\"id\" = \"aggr_selection_0_LmsEnrollment\".\"courseId\") WHERE \"public\".\"lms_courses\".\"price\" > $1 OFFSET $2","service":"preplyte-api","timestamp":"2026-02-05 12:35:00"}
{"level":"debug","message":"Params: [0,0]","service":"preplyte-api","timestamp":"2026-02-05 12:35:00"}
{"level":"debug","message":"Duration: 10ms","service":"preplyte-api","timestamp":"2026-02-05 12:35:00"}
{"level":"debug","message":"Query: SELECT COUNT(*) FROM (SELECT \"public\".\"lms_enrollments\".\"id\" FROM \"public\".\"lms_enrollments\" WHERE 1=1 OFFSET $1) AS \"sub\"","service":"preplyte-api","timestamp":"2026-02-05 12:35:00"}
{"level":"debug","message":"Params: [0]","service":"preplyte-api","timestamp":"2026-02-05 12:35:00"}
{"level":"debug","message":"Duration: 2ms","service":"preplyte-api","timestamp":"2026-02-05 12:35:00"}
{"level":"debug","message":"Query: SELECT COUNT(*) FROM (SELECT \"public\".\"lms_categories\".\"id\" FROM \"public\".\"lms_categories\" WHERE 1=1 OFFSET $1) AS \"sub\"","service":"preplyte-api","timestamp":"2026-02-05 12:35:00"}
{"level":"debug","message":"Params: [0]","service":"preplyte-api","timestamp":"2026-02-05 12:35:00"}
{"level":"debug","message":"Duration: 13ms","service":"preplyte-api","timestamp":"2026-02-05 12:35:00"}
{"level":"debug","message":"Query: SELECT COUNT(*) FROM (SELECT \"public\".\"lms_modules\".\"id\" FROM \"public\".\"lms_modules\" WHERE 1=1 OFFSET $1) AS \"sub\"","service":"preplyte-api","timestamp":"2026-02-05 12:35:00"}
{"level":"debug","message":"Params: [0]","service":"preplyte-api","timestamp":"2026-02-05 12:35:00"}
{"level":"debug","message":"Duration: 7ms","service":"preplyte-api","timestamp":"2026-02-05 12:35:00"}
{"level":"debug","message":"Query: SELECT COUNT(*) FROM (SELECT \"public\".\"lms_topics\".\"id\" FROM \"public\".\"lms_topics\" WHERE 1=1 OFFSET $1) AS \"sub\"","service":"preplyte-api","timestamp":"2026-02-05 12:35:00"}
{"level":"debug","message":"Params: [0]","service":"preplyte-api","timestamp":"2026-02-05 12:35:00"}
{"level":"debug","message":"Duration: 12ms","service":"preplyte-api","timestamp":"2026-02-05 12:35:00"}
{"level":"debug","message":"Query: SELECT \"public\".\"lms_enrollments\".\"id\", \"public\".\"lms_enrollments\".\"enrolledAt\" FROM \"public\".\"lms_enrollments\" WHERE \"public\".\"lms_enrollments\".\"enrolledAt\" >= $1 ORDER BY \"public\".\"lms_enrollments\".\"id\" ASC LIMIT $2 OFFSET $3","service":"preplyte-api","timestamp":"2026-02-05 12:35:00"}
{"level":"debug","message":"Params: [\"2026-01-06 07:05:00.197 UTC\",1000,0]","service":"preplyte-api","timestamp":"2026-02-05 12:35:00"}
{"level":"debug","message":"Duration: 2ms","service":"preplyte-api","timestamp":"2026-02-05 12:35:00"}
{"level":"debug","message":"Query: SELECT \"public\".\"lms_courses\".\"id\", \"public\".\"lms_courses\".\"title\", \"public\".\"lms_courses\".\"price\", COALESCE(\"aggr_selection_0_LmsEnrollment\".\"_aggr_count_enrollments\", 0) AS \"_aggr_count_enrollments\" FROM \"public\".\"lms_courses\" LEFT JOIN (SELECT \"public\".\"lms_enrollments\".\"courseId\", COUNT(*) AS \"orderby_aggregator\" FROM \"public\".\"lms_enrollments\" WHERE 1=1 GROUP BY \"public\".\"lms_enrollments\".\"courseId\") AS \"orderby_1_LmsEnrollment\" ON (\"public\".\"lms_courses\".\"id\" = \"orderby_1_LmsEnrollment\".\"courseId\") LEFT JOIN (SELECT \"public\".\"lms_enrollments\".\"courseId\", COUNT(*) AS \"_aggr_count_enrollments\" FROM \"public\".\"lms_enrollments\" WHERE 1=1 GROUP BY \"public\".\"lms_enrollments\".\"courseId\") AS \"aggr_selection_0_LmsEnrollment\" ON (\"public\".\"lms_courses\".\"id\" = \"aggr_selection_0_LmsEnrollment\".\"courseId\") WHERE 1=1 ORDER BY COALESCE(\"orderby_1_LmsEnrollment\".\"orderby_aggregator\", $1) DESC LIMIT $2 OFFSET $3","service":"preplyte-api","timestamp":"2026-02-05 12:35:00"}
{"level":"debug","message":"Params: [0,5,0]","service":"preplyte-api","timestamp":"2026-02-05 12:35:00"}
{"level":"debug","message":"Duration: 6ms","service":"preplyte-api","timestamp":"2026-02-05 12:35:00"}
{"level":"debug","message":"Query: SELECT \"public\".\"lms_categories\".\"id\", \"public\".\"lms_categories\".\"name\", \"public\".\"lms_categories\".\"slug\", \"public\".\"lms_categories\".\"description\", \"public\".\"lms_categories\".\"iconUrl\", \"public\".\"lms_categories\".\"order\", \"public\".\"lms_categories\".\"isActive\", \"public\".\"lms_categories\".\"createdAt\", \"public\".\"lms_categories\".\"updatedAt\" FROM \"public\".\"lms_categories\" WHERE 1=1 OFFSET $1","service":"preplyte-api","timestamp":"2026-02-05 12:35:00"}
{"level":"debug","message":"Params: [0]","service":"preplyte-api","timestamp":"2026-02-05 12:35:00"}
{"level":"debug","message":"Duration: 16ms","service":"preplyte-api","timestamp":"2026-02-05 12:35:00"}
{"level":"debug","message":"Query: SELECT AVG(\"public\".\"lms_enrollments\".\"progressPercent\"), \"public\".\"lms_enrollments\".\"courseId\" FROM \"public\".\"lms_enrollments\" WHERE \"public\".\"lms_enrollments\".\"courseId\" IN ($1,$2) GROUP BY \"public\".\"lms_enrollments\".\"courseId\" OFFSET $3","service":"preplyte-api","timestamp":"2026-02-05 12:35:00"}
{"level":"debug","message":"Params: [\"cml92k1k4000417d09rzlrf37\",\"cml93bbti0001h2p0y0h24vng\",0]","service":"preplyte-api","timestamp":"2026-02-05 12:35:00"}
{"level":"debug","message":"Duration: 3ms","service":"preplyte-api","timestamp":"2026-02-05 12:35:00"}
{"level":"debug","message":"Query: SELECT \"public\".\"lms_courses\".\"id\", \"public\".\"lms_courses\".\"categoryId\", COALESCE(\"aggr_selection_0_LmsEnrollment\".\"_aggr_count_enrollments\", 0) AS \"_aggr_count_enrollments\" FROM \"public\".\"lms_courses\" LEFT JOIN (SELECT \"public\".\"lms_enrollments\".\"courseId\", COUNT(*) AS \"_aggr_count_enrollments\" FROM \"public\".\"lms_enrollments\" WHERE 1=1 GROUP BY \"public\".\"lms_enrollments\".\"courseId\") AS \"aggr_selection_0_LmsEnrollment\" ON (\"public\".\"lms_courses\".\"id\" = \"aggr_selection_0_LmsEnrollment\".\"courseId\") WHERE \"public\".\"lms_courses\".\"categoryId\" IN ($1,$2,$3) OFFSET $4","service":"preplyte-api","timestamp":"2026-02-05 12:35:00"}
{"level":"debug","message":"Params: [\"cml92k1i3000017d0bq70mkrl\",\"cml92k1jr000117d0cg73jwlc\",\"cml92k1jt000217d0r4tfrsnl\",0]","service":"preplyte-api","timestamp":"2026-02-05 12:35:00"}
{"level":"debug","message":"Duration: 13ms","service":"preplyte-api","timestamp":"2026-02-05 12:35:00"}
{"level":"info","message":"\u001b[0mGET /api/admin/lms/analytics/overview \u001b[36m304\u001b[0m 139.059 ms - -\u001b[0m","service":"preplyte-api","timestamp":"2026-02-05 12:35:00"}
{"level":"debug","message":"Query: SELECT 1","service":"preplyte-api","timestamp":"2026-02-05 12:35:58"}
{"level":"debug","message":"Params: []","service":"preplyte-api","timestamp":"2026-02-05 12:35:58"}
{"level":"debug","message":"Duration: 0ms","service":"preplyte-api","timestamp":"2026-02-05 12:35:58"}
{"level":"debug","message":"Query: SELECT \"public\".\"users\".\"id\", \"public\".\"users\".\"email\", \"public\".\"users\".\"role\"::text, \"public\".\"users\".\"instituteId\", \"public\".\"users\".\"isActive\", \"public\".\"users\".\"tokenVersion\" FROM \"public\".\"users\" WHERE (\"public\".\"users\".\"id\" = $1 AND 1=1) LIMIT $2 OFFSET $3","service":"preplyte-api","timestamp":"2026-02-05 12:35:58"}
{"level":"debug","message":"Params: [\"cml92r5r50001q3oopvkslp23\",1,0]","service":"preplyte-api","timestamp":"2026-02-05 12:35:58"}
{"level":"debug","message":"Duration: 1ms","service":"preplyte-api","timestamp":"2026-02-05 12:35:58"}
{"level":"debug","message":"Query: SELECT \"public\".\"lms_categories\".\"id\", \"public\".\"lms_categories\".\"name\", \"public\".\"lms_categories\".\"slug\", \"public\".\"lms_categories\".\"description\", \"public\".\"lms_categories\".\"iconUrl\", \"public\".\"lms_categories\".\"order\", \"public\".\"lms_categories\".\"isActive\", \"public\".\"lms_categories\".\"createdAt\", \"public\".\"lms_categories\".\"updatedAt\", COALESCE(\"aggr_selection_0_LmsCourse\".\"_aggr_count_courses\", 0) AS \"_aggr_count_courses\" FROM \"public\".\"lms_categories\" LEFT JOIN (SELECT \"public\".\"lms_courses\".\"categoryId\", COUNT(*) AS \"_aggr_count_courses\" FROM \"public\".\"lms_courses\" WHERE 1=1 GROUP BY \"public\".\"lms_courses\".\"categoryId\") AS \"aggr_selection_0_LmsCourse\" ON (\"public\".\"lms_categories\".\"id\" = \"aggr_selection_0_LmsCourse\".\"categoryId\") WHERE 1=1 ORDER BY \"public\".\"lms_categories\".\"order\" ASC OFFSET $1","service":"preplyte-api","timestamp":"2026-02-05 12:35:58"}
{"level":"debug","message":"Params: [0]","service":"preplyte-api","timestamp":"2026-02-05 12:35:58"}
{"level":"debug","message":"Duration: 2ms","service":"preplyte-api","timestamp":"2026-02-05 12:35:58"}
{"level":"info","message":"\u001b[0mGET /api/admin/lms/categories \u001b[36m304\u001b[0m 20.384 ms - -\u001b[0m","service":"preplyte-api","timestamp":"2026-02-05 12:35:58"}
{"level":"debug","message":"Query: SELECT \"public\".\"users\".\"id\", \"public\".\"users\".\"email\", \"public\".\"users\".\"role\"::text, \"public\".\"users\".\"instituteId\", \"public\".\"users\".\"isActive\", \"public\".\"users\".\"tokenVersion\" FROM \"public\".\"users\" WHERE (\"public\".\"users\".\"id\" = $1 AND 1=1) LIMIT $2 OFFSET $3","service":"preplyte-api","timestamp":"2026-02-05 12:36:09"}
{"level":"debug","message":"Params: [\"cml92r5r50001q3oopvkslp23\",1,0]","service":"preplyte-api","timestamp":"2026-02-05 12:36:09"}
{"level":"debug","message":"Duration: 1ms","service":"preplyte-api","timestamp":"2026-02-05 12:36:09"}
{"level":"debug","message":"Query: SELECT 1","service":"preplyte-api","timestamp":"2026-02-05 12:36:09"}
{"level":"debug","message":"Params: []","service":"preplyte-api","timestamp":"2026-02-05 12:36:09"}
{"level":"debug","message":"Duration: 0ms","service":"preplyte-api","timestamp":"2026-02-05 12:36:09"}
{"level":"debug","message":"Query: SELECT 1","service":"preplyte-api","timestamp":"2026-02-05 12:36:09"}
{"level":"debug","message":"Params: []","service":"preplyte-api","timestamp":"2026-02-05 12:36:09"}
{"level":"debug","message":"Duration: 0ms","service":"preplyte-api","timestamp":"2026-02-05 12:36:09"}
{"level":"debug","message":"Query: SELECT 1","service":"preplyte-api","timestamp":"2026-02-05 12:36:09"}
{"level":"debug","message":"Params: []","service":"preplyte-api","timestamp":"2026-02-05 12:36:09"}
{"level":"debug","message":"Duration: 0ms","service":"preplyte-api","timestamp":"2026-02-05 12:36:09"}
{"level":"debug","message":"Query: SELECT COUNT(*) FROM (SELECT \"public\".\"lms_courses\".\"id\" FROM \"public\".\"lms_courses\" WHERE 1=1 OFFSET $1) AS \"sub\"","service":"preplyte-api","timestamp":"2026-02-05 12:36:09"}
{"level":"debug","message":"Params: [0]","service":"preplyte-api","timestamp":"2026-02-05 12:36:09"}
{"level":"debug","message":"Duration: 1ms","service":"preplyte-api","timestamp":"2026-02-05 12:36:09"}
{"level":"debug","message":"Query: SELECT 1","service":"preplyte-api","timestamp":"2026-02-05 12:36:09"}
{"level":"debug","message":"Params: []","service":"preplyte-api","timestamp":"2026-02-05 12:36:09"}
{"level":"debug","message":"Duration: 0ms","service":"preplyte-api","timestamp":"2026-02-05 12:36:09"}
{"level":"debug","message":"Query: SELECT COUNT(*) FROM (SELECT \"public\".\"lms_courses\".\"id\" FROM \"public\".\"lms_courses\" WHERE \"public\".\"lms_courses\".\"status\" = CAST($1::text AS \"public\".\"LmsCourseStatus\") OFFSET $2) AS \"sub\"","service":"preplyte-api","timestamp":"2026-02-05 12:36:09"}
{"level":"debug","message":"Params: [\"PUBLISHED\",0]","service":"preplyte-api","timestamp":"2026-02-05 12:36:09"}
{"level":"debug","message":"Duration: 0ms","service":"preplyte-api","timestamp":"2026-02-05 12:36:09"}
{"level":"debug","message":"Query: SELECT AVG(\"progressPercent\") FROM (SELECT \"public\".\"lms_enrollments\".\"progressPercent\" FROM \"public\".\"lms_enrollments\" WHERE 1=1 OFFSET $1) AS \"sub\"","service":"preplyte-api","timestamp":"2026-02-05 12:36:09"}
{"level":"debug","message":"Params: [0]","service":"preplyte-api","timestamp":"2026-02-05 12:36:09"}
{"level":"debug","message":"Duration: 1ms","service":"preplyte-api","timestamp":"2026-02-05 12:36:09"}
{"level":"debug","message":"Query: SELECT COUNT(*) FROM (SELECT \"public\".\"lms_enrollments\".\"id\" FROM \"public\".\"lms_enrollments\" WHERE \"public\".\"lms_enrollments\".\"status\" = CAST($1::text AS \"public\".\"LmsEnrollmentStatus\") OFFSET $2) AS \"sub\"","service":"preplyte-api","timestamp":"2026-02-05 12:36:09"}
{"level":"debug","message":"Params: [\"COMPLETED\",0]","service":"preplyte-api","timestamp":"2026-02-05 12:36:09"}
{"level":"debug","message":"Duration: 1ms","service":"preplyte-api","timestamp":"2026-02-05 12:36:09"}
{"level":"debug","message":"Query: SELECT \"public\".\"lms_courses\".\"id\", \"public\".\"lms_courses\".\"price\", COALESCE(\"aggr_selection_0_LmsEnrollment\".\"_aggr_count_enrollments\", 0) AS \"_aggr_count_enrollments\" FROM \"public\".\"lms_courses\" LEFT JOIN (SELECT \"public\".\"lms_enrollments\".\"courseId\", COUNT(*) AS \"_aggr_count_enrollments\" FROM \"public\".\"lms_enrollments\" WHERE 1=1 GROUP BY \"public\".\"lms_enrollments\".\"courseId\") AS \"aggr_selection_0_LmsEnrollment\" ON (\"public\".\"lms_courses\".\"id\" = \"aggr_selection_0_LmsEnrollment\".\"courseId\") WHERE \"public\".\"lms_courses\".\"price\" > $1 OFFSET $2","service":"preplyte-api","timestamp":"2026-02-05 12:36:09"}
{"level":"debug","message":"Params: [0,0]","service":"preplyte-api","timestamp":"2026-02-05 12:36:09"}
{"level":"debug","message":"Duration: 1ms","service":"preplyte-api","timestamp":"2026-02-05 12:36:09"}
{"level":"debug","message":"Query: SELECT COUNT(*) FROM (SELECT \"public\".\"lms_enrollments\".\"id\" FROM \"public\".\"lms_enrollments\" WHERE 1=1 OFFSET $1) AS \"sub\"","service":"preplyte-api","timestamp":"2026-02-05 12:36:09"}
{"level":"debug","message":"Params: [0]","service":"preplyte-api","timestamp":"2026-02-05 12:36:09"}
{"level":"debug","message":"Duration: 1ms","service":"preplyte-api","timestamp":"2026-02-05 12:36:09"}
{"level":"debug","message":"Query: SELECT COUNT(*) FROM (SELECT \"public\".\"lms_categories\".\"id\" FROM \"public\".\"lms_categories\" WHERE 1=1 OFFSET $1) AS \"sub\"","service":"preplyte-api","timestamp":"2026-02-05 12:36:09"}
{"level":"debug","message":"Params: [0]","service":"preplyte-api","timestamp":"2026-02-05 12:36:09"}
{"level":"debug","message":"Duration: 1ms","service":"preplyte-api","timestamp":"2026-02-05 12:36:09"}
{"level":"debug","message":"Query: SELECT COUNT(*) FROM (SELECT \"public\".\"lms_modules\".\"id\" FROM \"public\".\"lms_modules\" WHERE 1=1 OFFSET $1) AS \"sub\"","service":"preplyte-api","timestamp":"2026-02-05 12:36:09"}
{"level":"debug","message":"Params: [0]","service":"preplyte-api","timestamp":"2026-02-05 12:36:09"}
{"level":"debug","message":"Duration: 1ms","service":"preplyte-api","timestamp":"2026-02-05 12:36:09"}
{"level":"debug","message":"Query: SELECT COUNT(*) FROM (SELECT \"public\".\"lms_topics\".\"id\" FROM \"public\".\"lms_topics\" WHERE 1=1 OFFSET $1) AS \"sub\"","service":"preplyte-api","timestamp":"2026-02-05 12:36:09"}
{"level":"debug","message":"Params: [0]","service":"preplyte-api","timestamp":"2026-02-05 12:36:09"}
{"level":"debug","message":"Duration: 12ms","service":"preplyte-api","timestamp":"2026-02-05 12:36:09"}
{"level":"debug","message":"Query: SELECT \"public\".\"lms_categories\".\"id\", \"public\".\"lms_categories\".\"name\", \"public\".\"lms_categories\".\"slug\", \"public\".\"lms_categories\".\"description\", \"public\".\"lms_categories\".\"iconUrl\", \"public\".\"lms_categories\".\"order\", \"public\".\"lms_categories\".\"isActive\", \"public\".\"lms_categories\".\"createdAt\", \"public\".\"lms_categories\".\"updatedAt\" FROM \"public\".\"lms_categories\" WHERE 1=1 OFFSET $1","service":"preplyte-api","timestamp":"2026-02-05 12:36:09"}
{"level":"debug","message":"Params: [0]","service":"preplyte-api","timestamp":"2026-02-05 12:36:09"}
{"level":"debug","message":"Duration: 1ms","service":"preplyte-api","timestamp":"2026-02-05 12:36:09"}
{"level":"debug","message":"Query: SELECT \"public\".\"lms_enrollments\".\"id\", \"public\".\"lms_enrollments\".\"enrolledAt\" FROM \"public\".\"lms_enrollments\" WHERE \"public\".\"lms_enrollments\".\"enrolledAt\" >= $1 ORDER BY \"public\".\"lms_enrollments\".\"id\" ASC LIMIT $2 OFFSET $3","service":"preplyte-api","timestamp":"2026-02-05 12:36:09"}
{"level":"debug","message":"Params: [\"2026-01-06 07:06:09.172 UTC\",1000,0]","service":"preplyte-api","timestamp":"2026-02-05 12:36:09"}
{"level":"debug","message":"Duration: 2ms","service":"preplyte-api","timestamp":"2026-02-05 12:36:09"}
{"level":"debug","message":"Query: SELECT \"public\".\"lms_courses\".\"id\", \"public\".\"lms_courses\".\"categoryId\", COALESCE(\"aggr_selection_0_LmsEnrollment\".\"_aggr_count_enrollments\", 0) AS \"_aggr_count_enrollments\" FROM \"public\".\"lms_courses\" LEFT JOIN (SELECT \"public\".\"lms_enrollments\".\"courseId\", COUNT(*) AS \"_aggr_count_enrollments\" FROM \"public\".\"lms_enrollments\" WHERE 1=1 GROUP BY \"public\".\"lms_enrollments\".\"courseId\") AS \"aggr_selection_0_LmsEnrollment\" ON (\"public\".\"lms_courses\".\"id\" = \"aggr_selection_0_LmsEnrollment\".\"courseId\") WHERE \"public\".\"lms_courses\".\"categoryId\" IN ($1,$2,$3) OFFSET $4","service":"preplyte-api","timestamp":"2026-02-05 12:36:09"}
{"level":"debug","message":"Params: [\"cml92k1i3000017d0bq70mkrl\",\"cml92k1jr000117d0cg73jwlc\",\"cml92k1jt000217d0r4tfrsnl\",0]","service":"preplyte-api","timestamp":"2026-02-05 12:36:09"}
{"level":"debug","message":"Duration: 2ms","service":"preplyte-api","timestamp":"2026-02-05 12:36:09"}
{"level":"debug","message":"Query: SELECT \"public\".\"lms_courses\".\"id\", \"public\".\"lms_courses\".\"title\", \"public\".\"lms_courses\".\"price\", COALESCE(\"aggr_selection_0_LmsEnrollment\".\"_aggr_count_enrollments\", 0) AS \"_aggr_count_enrollments\" FROM \"public\".\"lms_courses\" LEFT JOIN (SELECT \"public\".\"lms_enrollments\".\"courseId\", COUNT(*) AS \"orderby_aggregator\" FROM \"public\".\"lms_enrollments\" WHERE 1=1 GROUP BY \"public\".\"lms_enrollments\".\"courseId\") AS \"orderby_1_LmsEnrollment\" ON (\"public\".\"lms_courses\".\"id\" = \"orderby_1_LmsEnrollment\".\"courseId\") LEFT JOIN (SELECT \"public\".\"lms_enrollments\".\"courseId\", COUNT(*) AS \"_aggr_count_enrollments\" FROM \"public\".\"lms_enrollments\" WHERE 1=1 GROUP BY \"public\".\"lms_enrollments\".\"courseId\") AS \"aggr_selection_0_LmsEnrollment\" ON (\"public\".\"lms_courses\".\"id\" = \"aggr_selection_0_LmsEnrollment\".\"courseId\") WHERE 1=1 ORDER BY COALESCE(\"orderby_1_LmsEnrollment\".\"orderby_aggregator\", $1) DESC LIMIT $2 OFFSET $3","service":"preplyte-api","timestamp":"2026-02-05 12:36:09"}
{"level":"debug","message":"Params: [0,5,0]","service":"preplyte-api","timestamp":"2026-02-05 12:36:09"}
{"level":"debug","message":"Duration: 6ms","service":"preplyte-api","timestamp":"2026-02-05 12:36:09"}
{"level":"debug","message":"Query: SELECT AVG(\"public\".\"lms_enrollments\".\"progressPercent\"), \"public\".\"lms_enrollments\".\"courseId\" FROM \"public\".\"lms_enrollments\" WHERE \"public\".\"lms_enrollments\".\"courseId\" IN ($1,$2) GROUP BY \"public\".\"lms_enrollments\".\"courseId\" OFFSET $3","service":"preplyte-api","timestamp":"2026-02-05 12:36:09"}
{"level":"debug","message":"Params: [\"cml92k1k4000417d09rzlrf37\",\"cml93bbti0001h2p0y0h24vng\",0]","service":"preplyte-api","timestamp":"2026-02-05 12:36:09"}
{"level":"debug","message":"Duration: 3ms","service":"preplyte-api","timestamp":"2026-02-05 12:36:09"}
{"level":"info","message":"\u001b[0mGET /api/admin/lms/analytics/overview \u001b[36m304\u001b[0m 98.274 ms - -\u001b[0m","service":"preplyte-api","timestamp":"2026-02-05 12:36:09"}
{"level":"debug","message":"Query: SELECT \"public\".\"users\".\"id\", \"public\".\"users\".\"email\", \"public\".\"users\".\"role\"::text, \"public\".\"users\".\"instituteId\", \"public\".\"users\".\"isActive\", \"public\".\"users\".\"tokenVersion\" FROM \"public\".\"users\" WHERE (\"public\".\"users\".\"id\" = $1 AND 1=1) LIMIT $2 OFFSET $3","service":"preplyte-api","timestamp":"2026-02-05 12:36:25"}
{"level":"debug","message":"Params: [\"cml92r5r50001q3oopvkslp23\",1,0]","service":"preplyte-api","timestamp":"2026-02-05 12:36:25"}
{"level":"debug","message":"Duration: 7ms","service":"preplyte-api","timestamp":"2026-02-05 12:36:25"}
{"level":"debug","message":"Query: SELECT \"public\".\"lms_courses\".\"id\", \"public\".\"lms_courses\".\"title\", \"public\".\"lms_courses\".\"price\", COALESCE(\"aggr_selection_0_LmsEnrollment\".\"_aggr_count_enrollments\", 0) AS \"_aggr_count_enrollments\" FROM \"public\".\"lms_courses\" LEFT JOIN (SELECT \"public\".\"lms_enrollments\".\"courseId\", COUNT(*) AS \"orderby_aggregator\" FROM \"public\".\"lms_enrollments\" WHERE 1=1 GROUP BY \"public\".\"lms_enrollments\".\"courseId\") AS \"orderby_1_LmsEnrollment\" ON (\"public\".\"lms_courses\".\"id\" = \"orderby_1_LmsEnrollment\".\"courseId\") LEFT JOIN (SELECT \"public\".\"lms_enrollments\".\"courseId\", COUNT(*) AS \"_aggr_count_enrollments\" FROM \"public\".\"lms_enrollments\" WHERE 1=1 GROUP BY \"public\".\"lms_enrollments\".\"courseId\") AS \"aggr_selection_0_LmsEnrollment\" ON (\"public\".\"lms_courses\".\"id\" = \"aggr_selection_0_LmsEnrollment\".\"courseId\") WHERE 1=1 ORDER BY COALESCE(\"orderby_1_LmsEnrollment\".\"orderby_aggregator\", $1) DESC LIMIT $2 OFFSET $3","service":"preplyte-api","timestamp":"2026-02-05 12:36:25"}
{"level":"debug","message":"Params: [0,5,0]","service":"preplyte-api","timestamp":"2026-02-05 12:36:25"}
{"level":"debug","message":"Duration: 16ms","service":"preplyte-api","timestamp":"2026-02-05 12:36:25"}
{"level":"debug","message":"Query: SELECT AVG(\"public\".\"lms_enrollments\".\"progressPercent\"), \"public\".\"lms_enrollments\".\"courseId\" FROM \"public\".\"lms_enrollments\" WHERE \"public\".\"lms_enrollments\".\"courseId\" IN ($1,$2) GROUP BY \"public\".\"lms_enrollments\".\"courseId\" OFFSET $3","service":"preplyte-api","timestamp":"2026-02-05 12:36:25"}
{"level":"debug","message":"Params: [\"cml92k1k4000417d09rzlrf37\",\"cml93bbti0001h2p0y0h24vng\",0]","service":"preplyte-api","timestamp":"2026-02-05 12:36:25"}
{"level":"debug","message":"Duration: 1ms","service":"preplyte-api","timestamp":"2026-02-05 12:36:25"}
{"level":"info","message":"\u001b[0mGET /api/admin/lms/analytics/top-courses \u001b[36m304\u001b[0m 183.179 ms - -\u001b[0m","service":"preplyte-api","timestamp":"2026-02-05 12:36:25"}
{"level":"info","message":"\u001b[0mPOST /api/admin/lms/courses \u001b[33m401\u001b[0m 8.677 ms - 108\u001b[0m","service":"preplyte-api","timestamp":"2026-02-05 12:41:24"}
{"level":"debug","message":"Query: SELECT 1","service":"preplyte-api","timestamp":"2026-02-05 12:41:25"}
{"level":"debug","message":"Params: []","service":"preplyte-api","timestamp":"2026-02-05 12:41:25"}
{"level":"debug","message":"Duration: 0ms","service":"preplyte-api","timestamp":"2026-02-05 12:41:25"}
{"level":"debug","message":"Query: SELECT \"public\".\"refresh_tokens\".\"id\", \"public\".\"refresh_tokens\".\"token\", \"public\".\"refresh_tokens\".\"userId\", \"public\".\"refresh_tokens\".\"expiresAt\", \"public\".\"refresh_tokens\".\"revokedAt\", \"public\".\"refresh_tokens\".\"userAgent\", \"public\".\"refresh_tokens\".\"ipAddress\", \"public\".\"refresh_tokens\".\"createdAt\" FROM \"public\".\"refresh_tokens\" WHERE (\"public\".\"refresh_tokens\".\"token\" = $1 AND \"public\".\"refresh_tokens\".\"userId\" = $2) LIMIT $3 OFFSET $4","service":"preplyte-api","timestamp":"2026-02-05 12:41:25"}
{"level":"debug","message":"Params: [\"119da10366f32cf7bca9d0adddc0d398054dad5cdd253d2d0d3ad5c61073864a\",\"cml92r5r50001q3oopvkslp23\",1,0]","service":"preplyte-api","timestamp":"2026-02-05 12:41:25"}
{"level":"debug","message":"Duration: 16ms","service":"preplyte-api","timestamp":"2026-02-05 12:41:25"}
{"level":"debug","message":"Query: SELECT \"public\".\"users\".\"id\", \"public\".\"users\".\"email\", \"public\".\"users\".\"password\", \"public\".\"users\".\"name\", \"public\".\"users\".\"role\"::text, \"public\".\"users\".\"isActive\", \"public\".\"users\".\"instituteId\", \"public\".\"users\".\"createdAt\", \"public\".\"users\".\"updatedAt\", \"public\".\"users\".\"lastLoginAt\", \"public\".\"users\".\"tokenVersion\" FROM \"public\".\"users\" WHERE (\"public\".\"users\".\"id\" = $1 AND 1=1) LIMIT $2 OFFSET $3","service":"preplyte-api","timestamp":"2026-02-05 12:41:25"}
{"level":"debug","message":"Params: [\"cml92r5r50001q3oopvkslp23\",1,0]","service":"preplyte-api","timestamp":"2026-02-05 12:41:25"}
{"level":"debug","message":"Duration: 2ms","service":"preplyte-api","timestamp":"2026-02-05 12:41:25"}
{"level":"debug","message":"Query: BEGIN","service":"preplyte-api","timestamp":"2026-02-05 12:41:25"}
{"level":"debug","message":"Params: []","service":"preplyte-api","timestamp":"2026-02-05 12:41:25"}
{"level":"debug","message":"Duration: 0ms","service":"preplyte-api","timestamp":"2026-02-05 12:41:25"}
{"level":"debug","message":"Query: UPDATE \"public\".\"refresh_tokens\" SET \"revokedAt\" = $1 WHERE (\"public\".\"refresh_tokens\".\"id\" = $2 AND 1=1) RETURNING \"public\".\"refresh_tokens\".\"id\", \"public\".\"refresh_tokens\".\"token\", \"public\".\"refresh_tokens\".\"userId\", \"public\".\"refresh_tokens\".\"expiresAt\", \"public\".\"refresh_tokens\".\"revokedAt\", \"public\".\"refresh_tokens\".\"userAgent\", \"public\".\"refresh_tokens\".\"ipAddress\", \"public\".\"refresh_tokens\".\"createdAt\"","service":"preplyte-api","timestamp":"2026-02-05 12:41:25"}
{"level":"debug","message":"Params: [\"2026-02-05 07:11:25.223 UTC\",\"cml93oqnq00011360vco55u2x\"]","service":"preplyte-api","timestamp":"2026-02-05 12:41:25"}
{"level":"debug","message":"Duration: 4ms","service":"preplyte-api","timestamp":"2026-02-05 12:41:25"}
{"level":"debug","message":"Query: INSERT INTO \"public\".\"refresh_tokens\" (\"id\",\"token\",\"userId\",\"expiresAt\",\"createdAt\") VALUES ($1,$2,$3,$4,$5) RETURNING \"public\".\"refresh_tokens\".\"id\", \"public\".\"refresh_tokens\".\"token\", \"public\".\"refresh_tokens\".\"userId\", \"public\".\"refresh_tokens\".\"expiresAt\", \"public\".\"refresh_tokens\".\"revokedAt\", \"public\".\"refresh_tokens\".\"userAgent\", \"public\".\"refresh_tokens\".\"ipAddress\", \"public\".\"refresh_tokens\".\"createdAt\"","service":"preplyte-api","timestamp":"2026-02-05 12:41:25"}
{"level":"debug","message":"Params: [\"cml94beid00031360mne3gouo\",\"5d02ef1b6e6e941ad4b1f4dacf34819bfb8c6b4b06a9928e710c8bb632de5cce\",\"cml92r5r50001q3oopvkslp23\",\"2026-02-12 07:11:25.223 UTC\",\"2026-02-05 07:11:25.235 UTC\"]","service":"preplyte-api","timestamp":"2026-02-05 12:41:25"}
{"level":"debug","message":"Duration: 3ms","service":"preplyte-api","timestamp":"2026-02-05 12:41:25"}
{"level":"debug","message":"Query: COMMIT","service":"preplyte-api","timestamp":"2026-02-05 12:41:25"}
{"level":"debug","message":"Params: []","service":"preplyte-api","timestamp":"2026-02-05 12:41:25"}
{"level":"debug","message":"Duration: 3ms","service":"preplyte-api","timestamp":"2026-02-05 12:41:25"}
{"level":"info","message":"Token refreshed successfully","service":"preplyte-api","timestamp":"2026-02-05 12:41:25","userId":"cml92r5r50001q3oopvkslp23"}
{"level":"info","message":"\u001b[0mPOST /api/auth/refresh \u001b[32m200\u001b[0m 85.150 ms - 946\u001b[0m","service":"preplyte-api","timestamp":"2026-02-05 12:41:25"}
{"level":"debug","message":"Query: SELECT \"public\".\"users\".\"id\", \"public\".\"users\".\"email\", \"public\".\"users\".\"role\"::text, \"public\".\"users\".\"instituteId\", \"public\".\"users\".\"isActive\", \"public\".\"users\".\"tokenVersion\" FROM \"public\".\"users\" WHERE (\"public\".\"users\".\"id\" = $1 AND 1=1) LIMIT $2 OFFSET $3","service":"preplyte-api","timestamp":"2026-02-05 12:41:25"}
{"level":"debug","message":"Params: [\"cml92r5r50001q3oopvkslp23\",1,0]","service":"preplyte-api","timestamp":"2026-02-05 12:41:25"}
{"level":"debug","message":"Duration: 1ms","service":"preplyte-api","timestamp":"2026-02-05 12:41:25"}
{"level":"debug","message":"Query: SELECT \"public\".\"lms_courses\".\"id\", \"public\".\"lms_courses\".\"categoryId\", \"public\".\"lms_courses\".\"title\", \"public\".\"lms_courses\".\"slug\", \"public\".\"lms_courses\".\"shortDescription\", \"public\".\"lms_courses\".\"description\", \"public\".\"lms_courses\".\"thumbnailUrl\", \"public\".\"lms_courses\".\"previewVideoUrl\", \"public\".\"lms_courses\".\"totalModules\", \"public\".\"lms_courses\".\"totalTopics\", \"public\".\"lms_courses\".\"totalPoints\", \"public\".\"lms_courses\".\"totalHours\", \"public\".\"lms_courses\".\"price\", \"public\".\"lms_courses\".\"discountPrice\", \"public\".\"lms_courses\".\"currency\", \"public\".\"lms_courses\".\"status\"::text, \"public\".\"lms_courses\".\"isActive\", \"public\".\"lms_courses\".\"certificateEnabled\", \"public\".\"lms_courses\".\"passingPercentage\", \"public\".\"lms_courses\".\"tags\", \"public\".\"lms_courses\".\"difficulty\"::text, \"public\".\"lms_courses\".\"instructor\", \"public\".\"lms_courses\".\"language\", \"public\".\"lms_courses\".\"createdAt\", \"public\".\"lms_courses\".\"updatedAt\", \"public\".\"lms_courses\".\"publishedAt\" FROM \"public\".\"lms_courses\" WHERE (\"public\".\"lms_courses\".\"slug\" = $1 AND 1=1) LIMIT $2 OFFSET $3","service":"preplyte-api","timestamp":"2026-02-05 12:41:25"}
{"level":"debug","message":"Params: [\"java-fullstack\",1,0]","service":"preplyte-api","timestamp":"2026-02-05 12:41:25"}
{"level":"debug","message":"Duration: 2ms","service":"preplyte-api","timestamp":"2026-02-05 12:41:25"}
{"level":"debug","message":"Query: BEGIN","service":"preplyte-api","timestamp":"2026-02-05 12:41:25"}
{"level":"debug","message":"Params: []","service":"preplyte-api","timestamp":"2026-02-05 12:41:25"}
{"level":"debug","message":"Duration: 0ms","service":"preplyte-api","timestamp":"2026-02-05 12:41:25"}
{"level":"debug","message":"Query: INSERT INTO \"public\".\"lms_courses\" (\"id\",\"categoryId\",\"title\",\"slug\",\"shortDescription\",\"description\",\"thumbnailUrl\",\"previewVideoUrl\",\"totalModules\",\"totalTopics\",\"totalPoints\",\"totalHours\",\"price\",\"discountPrice\",\"currency\",\"status\",\"isActive\",\"certificateEnabled\",\"passingPercentage\",\"tags\",\"difficulty\",\"instructor\",\"language\",\"createdAt\",\"updatedAt\") VALUES ($1,$2,$3,$4,$5,$6,$7,$8,$9,$10,$11,$12,$13,$14,$15,CAST($16::text AS \"public\".\"LmsCourseStatus\"),$17,$18,$19,$20,CAST($21::text AS \"public\".\"DifficultyLevel\"),$22,$23,$24,$25) RETURNING \"public\".\"lms_courses\".\"id\"","service":"preplyte-api","timestamp":"2026-02-05 12:41:25"}
{"level":"debug","message":"Params: [\"cml94bejx00051360oftmcm9a\",\"cml92k1i3000017d0bq70mkrl\",\"Java fullstack\",\"java-fullstack\",\"Java is a good language\",\"Learn java with meLearn java with meLearn java with meLearn java with meLearn java with meLearn java with meLearn java with meLearn java with me\",null,\"https://www.youtube.com/watch?v=CNLk_uTYvVk\",0,0,0,0,1000,5,\"INR\",\"PUBLISHED\",true,false,70,[\"java programming\"],\"HARD\",\"Prathamesh Gaikwad\",\"English\",\"2026-02-05 07:11:25.292 UTC\",\"2026-02-05 07:11:25.292 UTC\"]","service":"preplyte-api","timestamp":"2026-02-05 12:41:25"}
{"level":"debug","message":"Duration: 15ms","service":"preplyte-api","timestamp":"2026-02-05 12:41:25"}
{"level":"debug","message":"Query: INSERT INTO \"public\".\"lms_modules\" (\"id\",\"courseId\",\"title\",\"shortDescription\",\"order\",\"totalTopics\",\"points\",\"estimatedMinutes\",\"isActive\",\"createdAt\",\"updatedAt\") VALUES ($1,$2,$3,$4,$5,$6,$7,$8,$9,$10,$11) RETURNING \"public\".\"lms_modules\".\"id\"","service":"preplyte-api","timestamp":"2026-02-05 12:41:25"}
{"level":"debug","message":"Params: [\"cml94bejx00061360ybgbi4lp\",\"cml94bejx00051360oftmcm9a\",\"Variables\",\"Learn variables\",1,0,10,0,true,\"2026-02-05 07:11:25.292 UTC\",\"2026-02-05 07:11:25.292 UTC\"]","service":"preplyte-api","timestamp":"2026-02-05 12:41:25"}
{"level":"debug","message":"Duration: 8ms","service":"preplyte-api","timestamp":"2026-02-05 12:41:25"}
{"level":"debug","message":"Query: INSERT INTO \"public\".\"lms_topics\" (\"id\",\"moduleId\",\"title\",\"order\",\"theoryContent\",\"videoUrl\",\"estimatedMinutes\",\"isActive\",\"createdAt\",\"updatedAt\") VALUES ($1,$2,$3,$4,$5,$6,$7,$8,$9,$10) RETURNING \"public\".\"lms_topics\".\"id\"","service":"preplyte-api","timestamp":"2026-02-05 12:41:25"}
{"level":"debug","message":"Params: [\"cml94bejy00071360x0i56b1a\",\"cml94bejx00061360ybgbi4lp\",\"int\",1,\"Learn variables with meLearn variables with meLearn variables with me\",null,10,true,\"2026-02-05 07:11:25.292 UTC\",\"2026-02-05 07:11:25.292 UTC\"]","service":"preplyte-api","timestamp":"2026-02-05 12:41:25"}
{"level":"debug","message":"Duration: 13ms","service":"preplyte-api","timestamp":"2026-02-05 12:41:25"}
{"level":"debug","message":"Query: INSERT INTO \"public\".\"lms_module_tests\" (\"id\",\"moduleId\",\"title\",\"totalQuestions\",\"passingScore\",\"timeLimitMinutes\",\"maxAttempts\",\"pointsPerQuestion\",\"totalPoints\",\"isActive\",\"createdAt\",\"updatedAt\") VALUES ($1,$2,$3,$4,$5,$6,$7,$8,$9,$10,$11,$12) RETURNING \"public\".\"lms_module_tests\".\"id\"","service":"preplyte-api","timestamp":"2026-02-05 12:41:25"}
{"level":"debug","message":"Params: [\"cml94bejy00081360gxrzug7j\",\"cml94bejx00061360ybgbi4lp\",\"Test for Variables\",5,60,15,3,10,100,true,\"2026-02-05 07:11:25.292 UTC\",\"2026-02-05 07:11:25.292 UTC\"]","service":"preplyte-api","timestamp":"2026-02-05 12:41:25"}
{"level":"debug","message":"Duration: 6ms","service":"preplyte-api","timestamp":"2026-02-05 12:41:25"}
{"level":"debug","message":"Query: INSERT INTO \"public\".\"lms_final_tests\" (\"id\",\"courseId\",\"title\",\"totalQuestions\",\"passingScore\",\"timeLimitMinutes\",\"pointsPerQuestion\",\"totalPoints\",\"maxAttempts\",\"isActive\",\"createdAt\",\"updatedAt\") VALUES ($1,$2,$3,$4,$5,$6,$7,$8,$9,$10,$11,$12) RETURNING \"public\".\"lms_final_tests\".\"id\"","service":"preplyte-api","timestamp":"2026-02-05 12:41:25"}
{"level":"debug","message":"Params: [\"cml94bejz00091360pak7qfss\",\"cml94bejx00051360oftmcm9a\",\"Final Examination\",10,60,30,10,500,1,true,\"2026-02-05 07:11:25.292 UTC\",\"2026-02-05 07:11:25.292 UTC\"]","service":"preplyte-api","timestamp":"2026-02-05 12:41:25"}
{"level":"debug","message":"Duration: 7ms","service":"preplyte-api","timestamp":"2026-02-05 12:41:25"}
{"level":"debug","message":"Query: SELECT \"public\".\"lms_courses\".\"id\", \"public\".\"lms_courses\".\"categoryId\", \"public\".\"lms_courses\".\"title\", \"public\".\"lms_courses\".\"slug\", \"public\".\"lms_courses\".\"shortDescription\", \"public\".\"lms_courses\".\"description\", \"public\".\"lms_courses\".\"thumbnailUrl\", \"public\".\"lms_courses\".\"previewVideoUrl\", \"public\".\"lms_courses\".\"totalModules\", \"public\".\"lms_courses\".\"totalTopics\", \"public\".\"lms_courses\".\"totalPoints\", \"public\".\"lms_courses\".\"totalHours\", \"public\".\"lms_courses\".\"price\", \"public\".\"lms_courses\".\"discountPrice\", \"public\".\"lms_courses\".\"currency\", \"public\".\"lms_courses\".\"status\"::text, \"public\".\"lms_courses\".\"isActive\", \"public\".\"lms_courses\".\"certificateEnabled\", \"public\".\"lms_courses\".\"passingPercentage\", \"public\".\"lms_courses\".\"tags\", \"public\".\"lms_courses\".\"difficulty\"::text, \"public\".\"lms_courses\".\"instructor\", \"public\".\"lms_courses\".\"language\", \"public\".\"lms_courses\".\"createdAt\", \"public\".\"lms_courses\".\"updatedAt\", \"public\".\"lms_courses\".\"publishedAt\" FROM \"public\".\"lms_courses\" WHERE \"public\".\"lms_courses\".\"id\" = $1 LIMIT $2 OFFSET $3","service":"preplyte-api","timestamp":"2026-02-05 12:41:25"}
{"level":"debug","message":"Params: [\"cml94bejx00051360oftmcm9a\",1,0]","service":"preplyte-api","timestamp":"2026-02-05 12:41:25"}
{"level":"debug","message":"Duration: 3ms","service":"preplyte-api","timestamp":"2026-02-05 12:41:25"}
{"level":"debug","message":"Query: SELECT \"public\".\"lms_categories\".\"id\", \"public\".\"lms_categories\".\"name\", \"public\".\"lms_categories\".\"slug\", \"public\".\"lms_categories\".\"description\", \"public\".\"lms_categories\".\"iconUrl\", \"public\".\"lms_categories\".\"order\", \"public\".\"lms_categories\".\"isActive\", \"public\".\"lms_categories\".\"createdAt\", \"public\".\"lms_categories\".\"updatedAt\" FROM \"public\".\"lms_categories\" WHERE \"public\".\"lms_categories\".\"id\" IN ($1) OFFSET $2","service":"preplyte-api","timestamp":"2026-02-05 12:41:25"}
{"level":"debug","message":"Params: [\"cml92k1i3000017d0bq70mkrl\",0]","service":"preplyte-api","timestamp":"2026-02-05 12:41:25"}
{"level":"debug","message":"Duration: 2ms","service":"preplyte-api","timestamp":"2026-02-05 12:41:25"}
{"level":"debug","message":"Query: SELECT \"public\".\"lms_modules\".\"id\", \"public\".\"lms_modules\".\"courseId\", \"public\".\"lms_modules\".\"title\", \"public\".\"lms_modules\".\"shortDescription\", \"public\".\"lms_modules\".\"description\", \"public\".\"lms_modules\".\"order\", \"public\".\"lms_modules\".\"totalTopics\", \"public\".\"lms_modules\".\"points\", \"public\".\"lms_modules\".\"estimatedMinutes\", \"public\".\"lms_modules\".\"isActive\", \"public\".\"lms_modules\".\"createdAt\", \"public\".\"lms_modules\".\"updatedAt\" FROM \"public\".\"lms_modules\" WHERE \"public\".\"lms_modules\".\"courseId\" IN ($1) OFFSET $2","service":"preplyte-api","timestamp":"2026-02-05 12:41:25"}
{"level":"debug","message":"Params: [\"cml94bejx00051360oftmcm9a\",0]","service":"preplyte-api","timestamp":"2026-02-05 12:41:25"}
{"level":"debug","message":"Duration: 2ms","service":"preplyte-api","timestamp":"2026-02-05 12:41:25"}
{"level":"debug","message":"Query: SELECT \"public\".\"lms_final_tests\".\"id\", \"public\".\"lms_final_tests\".\"courseId\", \"public\".\"lms_final_tests\".\"title\", \"public\".\"lms_final_tests\".\"instructions\", \"public\".\"lms_final_tests\".\"totalQuestions\", \"public\".\"lms_final_tests\".\"passingScore\", \"public\".\"lms_final_tests\".\"timeLimitMinutes\", \"public\".\"lms_final_tests\".\"pointsPerQuestion\", \"public\".\"lms_final_tests\".\"totalPoints\", \"public\".\"lms_final_tests\".\"maxAttempts\", \"public\".\"lms_final_tests\".\"isActive\", \"public\".\"lms_final_tests\".\"createdAt\", \"public\".\"lms_final_tests\".\"updatedAt\" FROM \"public\".\"lms_final_tests\" WHERE \"public\".\"lms_final_tests\".\"courseId\" IN ($1) OFFSET $2","service":"preplyte-api","timestamp":"2026-02-05 12:41:25"}
{"level":"debug","message":"Params: [\"cml94bejx00051360oftmcm9a\",0]","service":"preplyte-api","timestamp":"2026-02-05 12:41:25"}
{"level":"debug","message":"Duration: 6ms","service":"preplyte-api","timestamp":"2026-02-05 12:41:25"}
{"level":"debug","message":"Query: COMMIT","service":"preplyte-api","timestamp":"2026-02-05 12:41:25"}
{"level":"debug","message":"Params: []","service":"preplyte-api","timestamp":"2026-02-05 12:41:25"}
{"level":"debug","message":"Duration: 1ms","service":"preplyte-api","timestamp":"2026-02-05 12:41:25"}
{"level":"info","message":"\u001b[0mPOST /api/admin/lms/courses \u001b[32m201\u001b[0m 111.560 ms - -\u001b[0m","service":"preplyte-api","timestamp":"2026-02-05 12:41:25"}
{"level":"debug","message":"Query: SELECT \"public\".\"users\".\"id\", \"public\".\"users\".\"email\", \"public\".\"users\".\"role\"::text, \"public\".\"users\".\"instituteId\", \"public\".\"users\".\"isActive\", \"public\".\"users\".\"tokenVersion\" FROM \"public\".\"users\" WHERE (\"public\".\"users\".\"id\" = $1 AND 1=1) LIMIT $2 OFFSET $3","service":"preplyte-api","timestamp":"2026-02-05 12:41:29"}
{"level":"debug","message":"Params: [\"cml92r5r50001q3oopvkslp23\",1,0]","service":"preplyte-api","timestamp":"2026-02-05 12:41:29"}
{"level":"debug","message":"Duration: 5ms","service":"preplyte-api","timestamp":"2026-02-05 12:41:29"}
{"level":"debug","message":"Query: SELECT \"public\".\"lms_courses\".\"id\", \"public\".\"lms_courses\".\"categoryId\", \"public\".\"lms_courses\".\"title\", \"public\".\"lms_courses\".\"slug\", \"public\".\"lms_courses\".\"shortDescription\", \"public\".\"lms_courses\".\"description\", \"public\".\"lms_courses\".\"thumbnailUrl\", \"public\".\"lms_courses\".\"previewVideoUrl\", \"public\".\"lms_courses\".\"totalModules\", \"public\".\"lms_courses\".\"totalTopics\", \"public\".\"lms_courses\".\"totalPoints\", \"public\".\"lms_courses\".\"totalHours\", \"public\".\"lms_courses\".\"price\", \"public\".\"lms_courses\".\"discountPrice\", \"public\".\"lms_courses\".\"currency\", \"public\".\"lms_courses\".\"status\"::text, \"public\".\"lms_courses\".\"isActive\", \"public\".\"lms_courses\".\"certificateEnabled\", \"public\".\"lms_courses\".\"passingPercentage\", \"public\".\"lms_courses\".\"tags\", \"public\".\"lms_courses\".\"difficulty\"::text, \"public\".\"lms_courses\".\"instructor\", \"public\".\"lms_courses\".\"language\", \"public\".\"lms_courses\".\"createdAt\", \"public\".\"lms_courses\".\"updatedAt\", \"public\".\"lms_courses\".\"publishedAt\", COALESCE(\"aggr_selection_0_LmsModule\".\"_aggr_count_modules\", 0) AS \"_aggr_count_modules\", COALESCE(\"aggr_selection_1_LmsEnrollment\".\"_aggr_count_enrollments\", 0) AS \"_aggr_count_enrollments\" FROM \"public\".\"lms_courses\" LEFT JOIN (SELECT \"public\".\"lms_modules\".\"courseId\", COUNT(*) AS \"_aggr_count_modules\" FROM \"public\".\"lms_modules\" WHERE 1=1 GROUP BY \"public\".\"lms_modules\".\"courseId\") AS \"aggr_selection_0_LmsModule\" ON (\"public\".\"lms_courses\".\"id\" = \"aggr_selection_0_LmsModule\".\"courseId\") LEFT JOIN (SELECT \"public\".\"lms_enrollments\".\"courseId\", COUNT(*) AS \"_aggr_count_enrollments\" FROM \"public\".\"lms_enrollments\" WHERE 1=1 GROUP BY \"public\".\"lms_enrollments\".\"courseId\") AS \"aggr_selection_1_LmsEnrollment\" ON (\"public\".\"lms_courses\".\"id\" = \"aggr_selection_1_LmsEnrollment\".\"courseId\") WHERE 1=1 ORDER BY \"public\".\"lms_courses\".\"createdAt\" DESC OFFSET $1","service":"preplyte-api","timestamp":"2026-02-05 12:41:29"}
{"level":"debug","message":"Params: [0]","service":"preplyte-api","timestamp":"2026-02-05 12:41:29"}
{"level":"debug","message":"Duration: 25ms","service":"preplyte-api","timestamp":"2026-02-05 12:41:29"}
{"level":"debug","message":"Query: SELECT \"public\".\"lms_categories\".\"id\", \"public\".\"lms_categories\".\"name\", \"public\".\"lms_categories\".\"slug\", \"public\".\"lms_categories\".\"description\", \"public\".\"lms_categories\".\"iconUrl\", \"public\".\"lms_categories\".\"order\", \"public\".\"lms_categories\".\"isActive\", \"public\".\"lms_categories\".\"createdAt\", \"public\".\"lms_categories\".\"updatedAt\" FROM \"public\".\"lms_categories\" WHERE \"public\".\"lms_categories\".\"id\" IN ($1) OFFSET $2","service":"preplyte-api","timestamp":"2026-02-05 12:41:29"}
{"level":"debug","message":"Params: [\"cml92k1i3000017d0bq70mkrl\",0]","service":"preplyte-api","timestamp":"2026-02-05 12:41:29"}
{"level":"debug","message":"Duration: 9ms","service":"preplyte-api","timestamp":"2026-02-05 12:41:29"}
{"level":"info","message":"\u001b[0mGET /api/admin/lms/courses?page=1&limit=10&search= \u001b[32m200\u001b[0m 137.559 ms - -\u001b[0m","service":"preplyte-api","timestamp":"2026-02-05 12:41:29"}
{"level":"debug","message":"Query: SELECT \"public\".\"lms_categories\".\"id\", \"public\".\"lms_categories\".\"name\", \"public\".\"lms_categories\".\"slug\", \"public\".\"lms_categories\".\"description\", \"public\".\"lms_categories\".\"iconUrl\", \"public\".\"lms_categories\".\"order\", \"public\".\"lms_categories\".\"isActive\", \"public\".\"lms_categories\".\"createdAt\", \"public\".\"lms_categories\".\"updatedAt\", COALESCE(\"aggr_selection_0_LmsCourse\".\"_aggr_count_courses\", 0) AS \"_aggr_count_courses\" FROM \"public\".\"lms_categories\" LEFT JOIN (SELECT \"public\".\"lms_courses\".\"categoryId\", COUNT(*) AS \"_aggr_count_courses\" FROM \"public\".\"lms_courses\" WHERE (\"public\".\"lms_courses\".\"status\" = CAST($1::text AS \"public\".\"LmsCourseStatus\") AND \"public\".\"lms_courses\".\"isActive\" = $2) GROUP BY \"public\".\"lms_courses\".\"categoryId\") AS \"aggr_selection_0_LmsCourse\" ON (\"public\".\"lms_categories\".\"id\" = \"aggr_selection_0_LmsCourse\".\"categoryId\") WHERE \"public\".\"lms_categories\".\"isActive\" = $3 ORDER BY \"public\".\"lms_categories\".\"order\" ASC OFFSET $4","service":"preplyte-api","timestamp":"2026-02-05 12:41:44"}
{"level":"debug","message":"Params: [\"PUBLISHED\",true,true,0]","service":"preplyte-api","timestamp":"2026-02-05 12:41:44"}
{"level":"debug","message":"Duration: 4ms","service":"preplyte-api","timestamp":"2026-02-05 12:41:44"}
{"level":"debug","message":"Query: SELECT \"public\".\"lms_courses\".\"id\", \"public\".\"lms_courses\".\"categoryId\", \"public\".\"lms_courses\".\"title\", \"public\".\"lms_courses\".\"slug\", \"public\".\"lms_courses\".\"shortDescription\", \"public\".\"lms_courses\".\"description\", \"public\".\"lms_courses\".\"thumbnailUrl\", \"public\".\"lms_courses\".\"previewVideoUrl\", \"public\".\"lms_courses\".\"totalModules\", \"public\".\"lms_courses\".\"totalTopics\", \"public\".\"lms_courses\".\"totalPoints\", \"public\".\"lms_courses\".\"totalHours\", \"public\".\"lms_courses\".\"price\", \"public\".\"lms_courses\".\"discountPrice\", \"public\".\"lms_courses\".\"currency\", \"public\".\"lms_courses\".\"status\"::text, \"public\".\"lms_courses\".\"isActive\", \"public\".\"lms_courses\".\"certificateEnabled\", \"public\".\"lms_courses\".\"passingPercentage\", \"public\".\"lms_courses\".\"tags\", \"public\".\"lms_courses\".\"difficulty\"::text, \"public\".\"lms_courses\".\"instructor\", \"public\".\"lms_courses\".\"language\", \"public\".\"lms_courses\".\"createdAt\", \"public\".\"lms_courses\".\"updatedAt\", \"public\".\"lms_courses\".\"publishedAt\" FROM \"public\".\"lms_courses\" LEFT JOIN (SELECT \"public\".\"lms_enrollments\".\"courseId\", COUNT(*) AS \"orderby_aggregator\" FROM \"public\".\"lms_enrollments\" WHERE 1=1 GROUP BY \"public\".\"lms_enrollments\".\"courseId\") AS \"orderby_1_LmsEnrollment\" ON (\"public\".\"lms_courses\".\"id\" = \"orderby_1_LmsEnrollment\".\"courseId\") WHERE (\"public\".\"lms_courses\".\"status\" = CAST($1::text AS \"public\".\"LmsCourseStatus\") AND \"public\".\"lms_courses\".\"isActive\" = $2) ORDER BY COALESCE(\"orderby_1_LmsEnrollment\".\"orderby_aggregator\", $3) DESC LIMIT $4 OFFSET $5","service":"preplyte-api","timestamp":"2026-02-05 12:41:44"}
{"level":"debug","message":"Params: [\"PUBLISHED\",true,0,12,0]","service":"preplyte-api","timestamp":"2026-02-05 12:41:44"}
{"level":"debug","message":"Duration: 2ms","service":"preplyte-api","timestamp":"2026-02-05 12:41:44"}
{"level":"debug","message":"Query: SELECT \"public\".\"lms_categories\".\"id\", \"public\".\"lms_categories\".\"name\", \"public\".\"lms_categories\".\"slug\" FROM \"public\".\"lms_categories\" WHERE \"public\".\"lms_categories\".\"id\" IN ($1) OFFSET $2","service":"preplyte-api","timestamp":"2026-02-05 12:41:44"}
{"level":"debug","message":"Params: [\"cml92k1i3000017d0bq70mkrl\",0]","service":"preplyte-api","timestamp":"2026-02-05 12:41:44"}
{"level":"debug","message":"Duration: 0ms","service":"preplyte-api","timestamp":"2026-02-05 12:41:44"}
{"level":"debug","message":"Query: SELECT \"public\".\"lms_courses\".\"id\", \"public\".\"lms_courses\".\"categoryId\", \"public\".\"lms_courses\".\"title\", \"public\".\"lms_courses\".\"slug\", \"public\".\"lms_courses\".\"shortDescription\", \"public\".\"lms_courses\".\"description\", \"public\".\"lms_courses\".\"thumbnailUrl\", \"public\".\"lms_courses\".\"previewVideoUrl\", \"public\".\"lms_courses\".\"totalModules\", \"public\".\"lms_courses\".\"totalTopics\", \"public\".\"lms_courses\".\"totalPoints\", \"public\".\"lms_courses\".\"totalHours\", \"public\".\"lms_courses\".\"price\", \"public\".\"lms_courses\".\"discountPrice\", \"public\".\"lms_courses\".\"currency\", \"public\".\"lms_courses\".\"status\"::text, \"public\".\"lms_courses\".\"isActive\", \"public\".\"lms_courses\".\"certificateEnabled\", \"public\".\"lms_courses\".\"passingPercentage\", \"public\".\"lms_courses\".\"tags\", \"public\".\"lms_courses\".\"difficulty\"::text, \"public\".\"lms_courses\".\"instructor\", \"public\".\"lms_courses\".\"language\", \"public\".\"lms_courses\".\"createdAt\", \"public\".\"lms_courses\".\"updatedAt\", \"public\".\"lms_courses\".\"publishedAt\" FROM \"public\".\"lms_courses\" LEFT JOIN (SELECT \"public\".\"lms_enrollments\".\"courseId\", COUNT(*) AS \"orderby_aggregator\" FROM \"public\".\"lms_enrollments\" WHERE 1=1 GROUP BY \"public\".\"lms_enrollments\".\"courseId\") AS \"orderby_1_LmsEnrollment\" ON (\"public\".\"lms_courses\".\"id\" = \"orderby_1_LmsEnrollment\".\"courseId\") WHERE (\"public\".\"lms_courses\".\"status\" = CAST($1::text AS \"public\".\"LmsCourseStatus\") AND \"public\".\"lms_courses\".\"isActive\" = $2) ORDER BY COALESCE(\"orderby_1_LmsEnrollment\".\"orderby_aggregator\", $3) DESC LIMIT $4 OFFSET $5","service":"preplyte-api","timestamp":"2026-02-05 12:41:44"}
{"level":"debug","message":"Params: [\"PUBLISHED\",true,0,12,0]","service":"preplyte-api","timestamp":"2026-02-05 12:41:44"}
{"level":"debug","message":"Duration: 2ms","service":"preplyte-api","timestamp":"2026-02-05 12:41:44"}
{"level":"debug","message":"Query: SELECT \"public\".\"lms_categories\".\"id\", \"public\".\"lms_categories\".\"name\", \"public\".\"lms_categories\".\"slug\" FROM \"public\".\"lms_categories\" WHERE \"public\".\"lms_categories\".\"id\" IN ($1) OFFSET $2","service":"preplyte-api","timestamp":"2026-02-05 12:41:44"}
{"level":"debug","message":"Params: [\"cml92k1i3000017d0bq70mkrl\",0]","service":"preplyte-api","timestamp":"2026-02-05 12:41:44"}
{"level":"debug","message":"Duration: 0ms","service":"preplyte-api","timestamp":"2026-02-05 12:41:44"}
{"level":"info","message":"\u001b[0mGET /api/lms/categories \u001b[32m200\u001b[0m 100.654 ms - 652\u001b[0m","service":"preplyte-api","timestamp":"2026-02-05 12:41:44"}
{"level":"debug","message":"Query: SELECT AVG(\"progressPercent\") FROM (SELECT \"public\".\"lms_enrollments\".\"progressPercent\" FROM \"public\".\"lms_enrollments\" WHERE \"public\".\"lms_enrollments\".\"status\" = CAST($1::text AS \"public\".\"LmsEnrollmentStatus\") OFFSET $2) AS \"sub\"","service":"preplyte-api","timestamp":"2026-02-05 12:41:44"}
{"level":"debug","message":"Params: [\"COMPLETED\",0]","service":"preplyte-api","timestamp":"2026-02-05 12:41:44"}
{"level":"debug","message":"Duration: 29ms","service":"preplyte-api","timestamp":"2026-02-05 12:41:44"}
{"level":"debug","message":"Query: SELECT COUNT(*), \"public\".\"lms_enrollments\".\"userId\" FROM \"public\".\"lms_enrollments\" WHERE 1=1 GROUP BY \"public\".\"lms_enrollments\".\"userId\" OFFSET $1","service":"preplyte-api","timestamp":"2026-02-05 12:41:44"}
{"level":"debug","message":"Params: [0]","service":"preplyte-api","timestamp":"2026-02-05 12:41:44"}
{"level":"debug","message":"Duration: 7ms","service":"preplyte-api","timestamp":"2026-02-05 12:41:44"}
{"level":"debug","message":"Query: SELECT COUNT(*) FROM (SELECT \"public\".\"lms_courses\".\"id\" FROM \"public\".\"lms_courses\" WHERE (\"public\".\"lms_courses\".\"status\" = CAST($1::text AS \"public\".\"LmsCourseStatus\") AND \"public\".\"lms_courses\".\"isActive\" = $2) OFFSET $3) AS \"sub\"","service":"preplyte-api","timestamp":"2026-02-05 12:41:44"}
{"level":"debug","message":"Params: [\"PUBLISHED\",true,0]","service":"preplyte-api","timestamp":"2026-02-05 12:41:44"}
{"level":"debug","message":"Duration: 13ms","service":"preplyte-api","timestamp":"2026-02-05 12:41:44"}
{"level":"debug","message":"Query: SELECT \"public\".\"lms_courses\".\"id\", \"public\".\"lms_courses\".\"instructor\" FROM \"public\".\"lms_courses\" WHERE (\"public\".\"lms_courses\".\"status\" = CAST($1::text AS \"public\".\"LmsCourseStatus\") AND \"public\".\"lms_courses\".\"isActive\" = $2) OFFSET $3","service":"preplyte-api","timestamp":"2026-02-05 12:41:44"}
{"level":"debug","message":"Params: [\"PUBLISHED\",true,0]","service":"preplyte-api","timestamp":"2026-02-05 12:41:44"}
{"level":"debug","message":"Duration: 9ms","service":"preplyte-api","timestamp":"2026-02-05 12:41:44"}
{"level":"debug","message":"Query: SELECT COUNT(*) FROM (SELECT \"public\".\"lms_courses\".\"id\" FROM \"public\".\"lms_courses\" WHERE (\"public\".\"lms_courses\".\"status\" = CAST($1::text AS \"public\".\"LmsCourseStatus\") AND \"public\".\"lms_courses\".\"isActive\" = $2) OFFSET $3) AS \"sub\"","service":"preplyte-api","timestamp":"2026-02-05 12:41:44"}
{"level":"debug","message":"Params: [\"PUBLISHED\",true,0]","service":"preplyte-api","timestamp":"2026-02-05 12:41:44"}
{"level":"debug","message":"Duration: 9ms","service":"preplyte-api","timestamp":"2026-02-05 12:41:44"}
{"level":"debug","message":"Query: SELECT COUNT(*) FROM (SELECT \"public\".\"lms_courses\".\"id\" FROM \"public\".\"lms_courses\" WHERE (\"public\".\"lms_courses\".\"status\" = CAST($1::text AS \"public\".\"LmsCourseStatus\") AND \"public\".\"lms_courses\".\"isActive\" = $2) OFFSET $3) AS \"sub\"","service":"preplyte-api","timestamp":"2026-02-05 12:41:44"}
{"level":"debug","message":"Params: [\"PUBLISHED\",true,0]","service":"preplyte-api","timestamp":"2026-02-05 12:41:44"}
{"level":"debug","message":"Duration: 9ms","service":"preplyte-api","timestamp":"2026-02-05 12:41:44"}
{"level":"info","message":"\u001b[0mGET /api/lms/stats \u001b[32m200\u001b[0m 171.888 ms - 146\u001b[0m","service":"preplyte-api","timestamp":"2026-02-05 12:41:44"}
{"level":"info","message":"\u001b[0mGET /api/lms/courses?page=1&limit=12&priceRange=all&sortBy=popular&search= \u001b[32m200\u001b[0m 166.910 ms - -\u001b[0m","service":"preplyte-api","timestamp":"2026-02-05 12:41:44"}
{"level":"info","message":"\u001b[0mGET /api/lms/courses?page=1&limit=12&priceRange=all&sortBy=popular \u001b[32m200\u001b[0m 176.165 ms - -\u001b[0m","service":"preplyte-api","timestamp":"2026-02-05 12:41:44"}
{"level":"debug","message":"Query: SELECT 1","service":"preplyte-api","timestamp":"2026-02-05 12:42:22"}
{"level":"debug","message":"Params: []","service":"preplyte-api","timestamp":"2026-02-05 12:42:22"}
{"level":"debug","message":"Duration: 0ms","service":"preplyte-api","timestamp":"2026-02-05 12:42:22"}
{"level":"debug","message":"Query: SELECT \"public\".\"lms_courses\".\"id\", \"public\".\"lms_courses\".\"categoryId\", \"public\".\"lms_courses\".\"title\", \"public\".\"lms_courses\".\"slug\", \"public\".\"lms_courses\".\"shortDescription\", \"public\".\"lms_courses\".\"description\", \"public\".\"lms_courses\".\"thumbnailUrl\", \"public\".\"lms_courses\".\"previewVideoUrl\", \"public\".\"lms_courses\".\"totalModules\", \"public\".\"lms_courses\".\"totalTopics\", \"public\".\"lms_courses\".\"totalPoints\", \"public\".\"lms_courses\".\"totalHours\", \"public\".\"lms_courses\".\"price\", \"public\".\"lms_courses\".\"discountPrice\", \"public\".\"lms_courses\".\"currency\", \"public\".\"lms_courses\".\"status\"::text, \"public\".\"lms_courses\".\"isActive\", \"public\".\"lms_courses\".\"certificateEnabled\", \"public\".\"lms_courses\".\"passingPercentage\", \"public\".\"lms_courses\".\"tags\", \"public\".\"lms_courses\".\"difficulty\"::text, \"public\".\"lms_courses\".\"instructor\", \"public\".\"lms_courses\".\"language\", \"public\".\"lms_courses\".\"createdAt\", \"public\".\"lms_courses\".\"updatedAt\", \"public\".\"lms_courses\".\"publishedAt\" FROM \"public\".\"lms_courses\" WHERE (\"public\".\"lms_courses\".\"slug\" = $1 AND 1=1) LIMIT $2 OFFSET $3","service":"preplyte-api","timestamp":"2026-02-05 12:42:22"}
{"level":"debug","message":"Params: [\"java-fullstack\",1,0]","service":"preplyte-api","timestamp":"2026-02-05 12:42:22"}
{"level":"debug","message":"Duration: 2ms","service":"preplyte-api","timestamp":"2026-02-05 12:42:22"}
{"level":"debug","message":"Query: SELECT \"public\".\"lms_categories\".\"id\", \"public\".\"lms_categories\".\"name\", \"public\".\"lms_categories\".\"slug\", \"public\".\"lms_categories\".\"description\", \"public\".\"lms_categories\".\"iconUrl\", \"public\".\"lms_categories\".\"order\", \"public\".\"lms_categories\".\"isActive\", \"public\".\"lms_categories\".\"createdAt\", \"public\".\"lms_categories\".\"updatedAt\" FROM \"public\".\"lms_categories\" WHERE \"public\".\"lms_categories\".\"id\" IN ($1) OFFSET $2","service":"preplyte-api","timestamp":"2026-02-05 12:42:22"}
{"level":"debug","message":"Params: [\"cml92k1i3000017d0bq70mkrl\",0]","service":"preplyte-api","timestamp":"2026-02-05 12:42:22"}
{"level":"debug","message":"Duration: 9ms","service":"preplyte-api","timestamp":"2026-02-05 12:42:22"}
{"level":"debug","message":"Query: SELECT \"public\".\"lms_modules\".\"id\", \"public\".\"lms_modules\".\"courseId\", \"public\".\"lms_modules\".\"title\", \"public\".\"lms_modules\".\"shortDescription\", \"public\".\"lms_modules\".\"description\", \"public\".\"lms_modules\".\"order\", \"public\".\"lms_modules\".\"totalTopics\", \"public\".\"lms_modules\".\"points\", \"public\".\"lms_modules\".\"estimatedMinutes\", \"public\".\"lms_modules\".\"isActive\", \"public\".\"lms_modules\".\"createdAt\", \"public\".\"lms_modules\".\"updatedAt\" FROM \"public\".\"lms_modules\" WHERE (\"public\".\"lms_modules\".\"isActive\" = $1 AND \"public\".\"lms_modules\".\"courseId\" IN ($2)) ORDER BY \"public\".\"lms_modules\".\"order\" ASC OFFSET $3","service":"preplyte-api","timestamp":"2026-02-05 12:42:22"}
{"level":"debug","message":"Params: [true,\"cml94bejx00051360oftmcm9a\",0]","service":"preplyte-api","timestamp":"2026-02-05 12:42:22"}
{"level":"debug","message":"Duration: 7ms","service":"preplyte-api","timestamp":"2026-02-05 12:42:22"}
{"level":"debug","message":"Query: SELECT \"public\".\"lms_topics\".\"id\", \"public\".\"lms_topics\".\"title\", \"public\".\"lms_topics\".\"order\", \"public\".\"lms_topics\".\"estimatedMinutes\", \"public\".\"lms_topics\".\"videoUrl\", \"public\".\"lms_topics\".\"moduleId\" FROM \"public\".\"lms_topics\" WHERE (\"public\".\"lms_topics\".\"isActive\" = $1 AND \"public\".\"lms_topics\".\"moduleId\" IN ($2)) ORDER BY \"public\".\"lms_topics\".\"order\" ASC OFFSET $3","service":"preplyte-api","timestamp":"2026-02-05 12:42:22"}
{"level":"debug","message":"Params: [true,\"cml94bejx00061360ybgbi4lp\",0]","service":"preplyte-api","timestamp":"2026-02-05 12:42:22"}
{"level":"debug","message":"Duration: 8ms","service":"preplyte-api","timestamp":"2026-02-05 12:42:22"}
{"level":"debug","message":"Query: SELECT \"public\".\"lms_module_tests\".\"id\", \"public\".\"lms_module_tests\".\"title\", \"public\".\"lms_module_tests\".\"instructions\", \"public\".\"lms_module_tests\".\"totalQuestions\", \"public\".\"lms_module_tests\".\"timeLimitMinutes\", \"public\".\"lms_module_tests\".\"passingScore\", \"public\".\"lms_module_tests\".\"maxAttempts\", \"public\".\"lms_module_tests\".\"pointsPerQuestion\", \"public\".\"lms_module_tests\".\"totalPoints\", \"public\".\"lms_module_tests\".\"isActive\", \"public\".\"lms_module_tests\".\"moduleId\" FROM \"public\".\"lms_module_tests\" WHERE \"public\".\"lms_module_tests\".\"moduleId\" IN ($1) OFFSET $2","service":"preplyte-api","timestamp":"2026-02-05 12:42:22"}
{"level":"debug","message":"Params: [\"cml94bejx00061360ybgbi4lp\",0]","service":"preplyte-api","timestamp":"2026-02-05 12:42:22"}
{"level":"debug","message":"Duration: 5ms","service":"preplyte-api","timestamp":"2026-02-05 12:42:22"}
{"level":"debug","message":"Query: SELECT \"public\".\"lms_final_tests\".\"id\", \"public\".\"lms_final_tests\".\"courseId\", \"public\".\"lms_final_tests\".\"title\", \"public\".\"lms_final_tests\".\"instructions\", \"public\".\"lms_final_tests\".\"totalQuestions\", \"public\".\"lms_final_tests\".\"passingScore\", \"public\".\"lms_final_tests\".\"timeLimitMinutes\", \"public\".\"lms_final_tests\".\"pointsPerQuestion\", \"public\".\"lms_final_tests\".\"totalPoints\", \"public\".\"lms_final_tests\".\"maxAttempts\", \"public\".\"lms_final_tests\".\"isActive\", \"public\".\"lms_final_tests\".\"createdAt\", \"public\".\"lms_final_tests\".\"updatedAt\" FROM \"public\".\"lms_final_tests\" WHERE \"public\".\"lms_final_tests\".\"courseId\" IN ($1) OFFSET $2","service":"preplyte-api","timestamp":"2026-02-05 12:42:22"}
{"level":"debug","message":"Params: [\"cml94bejx00051360oftmcm9a\",0]","service":"preplyte-api","timestamp":"2026-02-05 12:42:22"}
{"level":"debug","message":"Duration: 5ms","service":"preplyte-api","timestamp":"2026-02-05 12:42:22"}
{"level":"info","message":"\u001b[0mGET /api/lms/courses/java-fullstack \u001b[32m200\u001b[0m 75.238 ms - -\u001b[0m","service":"preplyte-api","timestamp":"2026-02-05 12:42:22"}
{"level":"info","message":"\u001b[0mPOST /api/lms/courses/java-fullstack/enroll \u001b[33m401\u001b[0m 4.545 ms - 108\u001b[0m","service":"preplyte-api","timestamp":"2026-02-05 12:42:45"}
{"level":"debug","message":"Query: SELECT 1","service":"preplyte-api","timestamp":"2026-02-05 12:42:45"}
{"level":"debug","message":"Params: []","service":"preplyte-api","timestamp":"2026-02-05 12:42:45"}
{"level":"debug","message":"Duration: 0ms","service":"preplyte-api","timestamp":"2026-02-05 12:42:45"}
{"level":"debug","message":"Query: SELECT \"public\".\"refresh_tokens\".\"id\", \"public\".\"refresh_tokens\".\"token\", \"public\".\"refresh_tokens\".\"userId\", \"public\".\"refresh_tokens\".\"expiresAt\", \"public\".\"refresh_tokens\".\"revokedAt\", \"public\".\"refresh_tokens\".\"userAgent\", \"public\".\"refresh_tokens\".\"ipAddress\", \"public\".\"refresh_tokens\".\"createdAt\" FROM \"public\".\"refresh_tokens\" WHERE (\"public\".\"refresh_tokens\".\"token\" = $1 AND \"public\".\"refresh_tokens\".\"userId\" = $2) LIMIT $3 OFFSET $4","service":"preplyte-api","timestamp":"2026-02-05 12:42:45"}
{"level":"debug","message":"Params: [\"85821fe3052da2ec24cc130ce21a75bec5b83b29d6d0c1892b03bf408f05bcf7\",\"cml92ugqs0007q3oof2k0hw35\",1,0]","service":"preplyte-api","timestamp":"2026-02-05 12:42:45"}
{"level":"debug","message":"Duration: 10ms","service":"preplyte-api","timestamp":"2026-02-05 12:42:45"}
{"level":"debug","message":"Query: SELECT \"public\".\"users\".\"id\", \"public\".\"users\".\"email\", \"public\".\"users\".\"password\", \"public\".\"users\".\"name\", \"public\".\"users\".\"role\"::text, \"public\".\"users\".\"isActive\", \"public\".\"users\".\"instituteId\", \"public\".\"users\".\"createdAt\", \"public\".\"users\".\"updatedAt\", \"public\".\"users\".\"lastLoginAt\", \"public\".\"users\".\"tokenVersion\" FROM \"public\".\"users\" WHERE (\"public\".\"users\".\"id\" = $1 AND 1=1) LIMIT $2 OFFSET $3","service":"preplyte-api","timestamp":"2026-02-05 12:42:45"}
{"level":"debug","message":"Params: [\"cml92ugqs0007q3oof2k0hw35\",1,0]","service":"preplyte-api","timestamp":"2026-02-05 12:42:45"}
{"level":"debug","message":"Duration: 13ms","service":"preplyte-api","timestamp":"2026-02-05 12:42:45"}
{"level":"debug","message":"Query: BEGIN","service":"preplyte-api","timestamp":"2026-02-05 12:42:45"}
{"level":"debug","message":"Params: []","service":"preplyte-api","timestamp":"2026-02-05 12:42:45"}
{"level":"debug","message":"Duration: 0ms","service":"preplyte-api","timestamp":"2026-02-05 12:42:45"}
{"level":"debug","message":"Query: UPDATE \"public\".\"refresh_tokens\" SET \"revokedAt\" = $1 WHERE (\"public\".\"refresh_tokens\".\"id\" = $2 AND 1=1) RETURNING \"public\".\"refresh_tokens\".\"id\", \"public\".\"refresh_tokens\".\"token\", \"public\".\"refresh_tokens\".\"userId\", \"public\".\"refresh_tokens\".\"expiresAt\", \"public\".\"refresh_tokens\".\"revokedAt\", \"public\".\"refresh_tokens\".\"userAgent\", \"public\".\"refresh_tokens\".\"ipAddress\", \"public\".\"refresh_tokens\".\"createdAt\"","service":"preplyte-api","timestamp":"2026-02-05 12:42:45"}
{"level":"debug","message":"Params: [\"2026-02-05 07:12:45.336 UTC\",\"cml92urzi0009q3ootryffbxc\"]","service":"preplyte-api","timestamp":"2026-02-05 12:42:45"}
{"level":"debug","message":"Duration: 3ms","service":"preplyte-api","timestamp":"2026-02-05 12:42:45"}
{"level":"debug","message":"Query: INSERT INTO \"public\".\"refresh_tokens\" (\"id\",\"token\",\"userId\",\"expiresAt\",\"createdAt\") VALUES ($1,$2,$3,$4,$5) RETURNING \"public\".\"refresh_tokens\".\"id\", \"public\".\"refresh_tokens\".\"token\", \"public\".\"refresh_tokens\".\"userId\", \"public\".\"refresh_tokens\".\"expiresAt\", \"public\".\"refresh_tokens\".\"revokedAt\", \"public\".\"refresh_tokens\".\"userAgent\", \"public\".\"refresh_tokens\".\"ipAddress\", \"public\".\"refresh_tokens\".\"createdAt\"","service":"preplyte-api","timestamp":"2026-02-05 12:42:45"}
{"level":"debug","message":"Params: [\"cml94d4bg000b1360u7t71ngg\",\"35411ccce8e970dc4cc7607fbf10d050b7be5d4151406b995f3bf5fffec3ddf3\",\"cml92ugqs0007q3oof2k0hw35\",\"2026-02-12 07:12:45.336 UTC\",\"2026-02-05 07:12:45.339 UTC\"]","service":"preplyte-api","timestamp":"2026-02-05 12:42:45"}
{"level":"debug","message":"Duration: 3ms","service":"preplyte-api","timestamp":"2026-02-05 12:42:45"}
{"level":"debug","message":"Query: COMMIT","service":"preplyte-api","timestamp":"2026-02-05 12:42:45"}
{"level":"debug","message":"Params: []","service":"preplyte-api","timestamp":"2026-02-05 12:42:45"}
{"level":"debug","message":"Duration: 3ms","service":"preplyte-api","timestamp":"2026-02-05 12:42:45"}
{"level":"info","message":"Token refreshed successfully","service":"preplyte-api","timestamp":"2026-02-05 12:42:45","userId":"cml92ugqs0007q3oof2k0hw35"}
{"level":"info","message":"\u001b[0mPOST /api/auth/refresh \u001b[32m200\u001b[0m 71.721 ms - 932\u001b[0m","service":"preplyte-api","timestamp":"2026-02-05 12:42:45"}
{"level":"debug","message":"Query: SELECT \"public\".\"users\".\"id\", \"public\".\"users\".\"email\", \"public\".\"users\".\"role\"::text, \"public\".\"users\".\"instituteId\", \"public\".\"users\".\"isActive\", \"public\".\"users\".\"tokenVersion\" FROM \"public\".\"users\" WHERE (\"public\".\"users\".\"id\" = $1 AND 1=1) LIMIT $2 OFFSET $3","service":"preplyte-api","timestamp":"2026-02-05 12:42:45"}
{"level":"debug","message":"Params: [\"cml92ugqs0007q3oof2k0hw35\",1,0]","service":"preplyte-api","timestamp":"2026-02-05 12:42:45"}
{"level":"debug","message":"Duration: 2ms","service":"preplyte-api","timestamp":"2026-02-05 12:42:45"}
{"level":"debug","message":"Query: SELECT \"public\".\"lms_courses\".\"id\", \"public\".\"lms_courses\".\"categoryId\", \"public\".\"lms_courses\".\"title\", \"public\".\"lms_courses\".\"slug\", \"public\".\"lms_courses\".\"shortDescription\", \"public\".\"lms_courses\".\"description\", \"public\".\"lms_courses\".\"thumbnailUrl\", \"public\".\"lms_courses\".\"previewVideoUrl\", \"public\".\"lms_courses\".\"totalModules\", \"public\".\"lms_courses\".\"totalTopics\", \"public\".\"lms_courses\".\"totalPoints\", \"public\".\"lms_courses\".\"totalHours\", \"public\".\"lms_courses\".\"price\", \"public\".\"lms_courses\".\"discountPrice\", \"public\".\"lms_courses\".\"currency\", \"public\".\"lms_courses\".\"status\"::text, \"public\".\"lms_courses\".\"isActive\", \"public\".\"lms_courses\".\"certificateEnabled\", \"public\".\"lms_courses\".\"passingPercentage\", \"public\".\"lms_courses\".\"tags\", \"public\".\"lms_courses\".\"difficulty\"::text, \"public\".\"lms_courses\".\"instructor\", \"public\".\"lms_courses\".\"language\", \"public\".\"lms_courses\".\"createdAt\", \"public\".\"lms_courses\".\"updatedAt\", \"public\".\"lms_courses\".\"publishedAt\" FROM \"public\".\"lms_courses\" WHERE (\"public\".\"lms_courses\".\"slug\" = $1 AND 1=1) LIMIT $2 OFFSET $3","service":"preplyte-api","timestamp":"2026-02-05 12:42:45"}
{"level":"debug","message":"Params: [\"java-fullstack\",1,0]","service":"preplyte-api","timestamp":"2026-02-05 12:42:45"}
{"level":"debug","message":"Duration: 1ms","service":"preplyte-api","timestamp":"2026-02-05 12:42:45"}
{"level":"debug","message":"Query: SELECT \"public\".\"lms_modules\".\"id\", \"public\".\"lms_modules\".\"courseId\", \"public\".\"lms_modules\".\"title\", \"public\".\"lms_modules\".\"shortDescription\", \"public\".\"lms_modules\".\"description\", \"public\".\"lms_modules\".\"order\", \"public\".\"lms_modules\".\"totalTopics\", \"public\".\"lms_modules\".\"points\", \"public\".\"lms_modules\".\"estimatedMinutes\", \"public\".\"lms_modules\".\"isActive\", \"public\".\"lms_modules\".\"createdAt\", \"public\".\"lms_modules\".\"updatedAt\" FROM \"public\".\"lms_modules\" WHERE (\"public\".\"lms_modules\".\"isActive\" = $1 AND \"public\".\"lms_modules\".\"courseId\" IN ($2)) ORDER BY \"public\".\"lms_modules\".\"order\" ASC OFFSET $3","service":"preplyte-api","timestamp":"2026-02-05 12:42:45"}
{"level":"debug","message":"Params: [true,\"cml94bejx00051360oftmcm9a\",0]","service":"preplyte-api","timestamp":"2026-02-05 12:42:45"}
{"level":"debug","message":"Duration: 1ms","service":"preplyte-api","timestamp":"2026-02-05 12:42:45"}
{"level":"debug","message":"Query: SELECT \"public\".\"lms_topics\".\"id\", \"public\".\"lms_topics\".\"moduleId\", \"public\".\"lms_topics\".\"title\", \"public\".\"lms_topics\".\"description\", \"public\".\"lms_topics\".\"order\", \"public\".\"lms_topics\".\"theoryContent\", \"public\".\"lms_topics\".\"videoUrl\", \"public\".\"lms_topics\".\"videoDuration\", \"public\".\"lms_topics\".\"estimatedMinutes\", \"public\".\"lms_topics\".\"resources\", \"public\".\"lms_topics\".\"isActive\", \"public\".\"lms_topics\".\"createdAt\", \"public\".\"lms_topics\".\"updatedAt\" FROM \"public\".\"lms_topics\" WHERE (\"public\".\"lms_topics\".\"isActive\" = $1 AND \"public\".\"lms_topics\".\"moduleId\" IN ($2)) ORDER BY \"public\".\"lms_topics\".\"order\" ASC OFFSET $3","service":"preplyte-api","timestamp":"2026-02-05 12:42:45"}
{"level":"debug","message":"Params: [true,\"cml94bejx00061360ybgbi4lp\",0]","service":"preplyte-api","timestamp":"2026-02-05 12:42:45"}
{"level":"debug","message":"Duration: 2ms","service":"preplyte-api","timestamp":"2026-02-05 12:42:45"}
{"level":"debug","message":"Query: SELECT \"public\".\"lms_enrollments\".\"id\", \"public\".\"lms_enrollments\".\"userId\", \"public\".\"lms_enrollments\".\"courseId\", \"public\".\"lms_enrollments\".\"status\"::text, \"public\".\"lms_enrollments\".\"completedModules\", \"public\".\"lms_enrollments\".\"completedTopics\", \"public\".\"lms_enrollments\".\"progressPercent\", \"public\".\"lms_enrollments\".\"totalPointsEarned\", \"public\".\"lms_enrollments\".\"moduleTestPointsEarned\", \"public\".\"lms_enrollments\".\"finalTestPointsEarned\", \"public\".\"lms_enrollments\".\"finalTestAttempted\", \"public\".\"lms_enrollments\".\"finalTestPassed\", \"public\".\"lms_enrollments\".\"finalTestScore\", \"public\".\"lms_enrollments\".\"finalTestMarks\", \"public\".\"lms_enrollments\".\"enrolledAt\", \"public\".\"lms_enrollments\".\"startedAt\", \"public\".\"lms_enrollments\".\"completedAt\", \"public\".\"lms_enrollments\".\"lastAccessedAt\", \"public\".\"lms_enrollments\".\"certificateUrl\", \"public\".\"lms_enrollments\".\"certificateIssuedAt\", \"public\".\"lms_enrollments\".\"createdAt\", \"public\".\"lms_enrollments\".\"updatedAt\" FROM \"public\".\"lms_enrollments\" WHERE ((\"public\".\"lms_enrollments\".\"userId\" = $1 AND \"public\".\"lms_enrollments\".\"courseId\" = $2) AND 1=1) LIMIT $3 OFFSET $4","service":"preplyte-api","timestamp":"2026-02-05 12:42:45"}
{"level":"debug","message":"Params: [\"cml92ugqs0007q3oof2k0hw35\",\"cml94bejx00051360oftmcm9a\",1,0]","service":"preplyte-api","timestamp":"2026-02-05 12:42:45"}
{"level":"debug","message":"Duration: 17ms","service":"preplyte-api","timestamp":"2026-02-05 12:42:45"}
{"level":"debug","message":"Query: BEGIN","service":"preplyte-api","timestamp":"2026-02-05 12:42:45"}
{"level":"debug","message":"Params: []","service":"preplyte-api","timestamp":"2026-02-05 12:42:45"}
{"level":"debug","message":"Duration: 0ms","service":"preplyte-api","timestamp":"2026-02-05 12:42:45"}
{"level":"debug","message":"Query: INSERT INTO \"public\".\"lms_enrollments\" (\"id\",\"userId\",\"courseId\",\"status\",\"completedModules\",\"completedTopics\",\"progressPercent\",\"totalPointsEarned\",\"moduleTestPointsEarned\",\"finalTestPointsEarned\",\"finalTestAttempted\",\"finalTestPassed\",\"enrolledAt\",\"createdAt\",\"updatedAt\") VALUES ($1,$2,$3,CAST($4::text AS \"public\".\"LmsEnrollmentStatus\"),$5,$6,$7,$8,$9,$10,$11,$12,$13,$14,$15) RETURNING \"public\".\"lms_enrollments\".\"id\", \"public\".\"lms_enrollments\".\"userId\", \"public\".\"lms_enrollments\".\"courseId\", \"public\".\"lms_enrollments\".\"status\"::text, \"public\".\"lms_enrollments\".\"completedModules\", \"public\".\"lms_enrollments\".\"completedTopics\", \"public\".\"lms_enrollments\".\"progressPercent\", \"public\".\"lms_enrollments\".\"totalPointsEarned\", \"public\".\"lms_enrollments\".\"moduleTestPointsEarned\", \"public\".\"lms_enrollments\".\"finalTestPointsEarned\", \"public\".\"lms_enrollments\".\"finalTestAttempted\", \"public\".\"lms_enrollments\".\"finalTestPassed\", \"public\".\"lms_enrollments\".\"finalTestScore\", \"public\".\"lms_enrollments\".\"finalTestMarks\", \"public\".\"lms_enrollments\".\"enrolledAt\", \"public\".\"lms_enrollments\".\"startedAt\", \"public\".\"lms_enrollments\".\"completedAt\", \"public\".\"lms_enrollments\".\"lastAccessedAt\", \"public\".\"lms_enrollments\".\"certificateUrl\", \"public\".\"lms_enrollments\".\"certificateIssuedAt\", \"public\".\"lms_enrollments\".\"createdAt\", \"public\".\"lms_enrollments\".\"updatedAt\"","service":"preplyte-api","timestamp":"2026-02-05 12:42:45"}
{"level":"debug","message":"Params: [\"cml94d4ej000e136026t1ddly\",\"cml92ugqs0007q3oof2k0hw35\",\"cml94bejx00051360oftmcm9a\",\"ACTIVE\",0,0,0,0,0,0,false,false,\"2026-02-05 07:12:45.446 UTC\",\"2026-02-05 07:12:45.450 UTC\",\"2026-02-05 07:12:45.450 UTC\"]","service":"preplyte-api","timestamp":"2026-02-05 12:42:45"}
{"level":"debug","message":"Duration: 14ms","service":"preplyte-api","timestamp":"2026-02-05 12:42:45"}
{"level":"debug","message":"Query: INSERT INTO \"public\".\"lms_module_progress\" (\"userId\",\"id\",\"updatedAt\",\"progressPercent\",\"createdAt\",\"pointsEarned\",\"completedTopics\",\"testAttempted\",\"testPassed\",\"moduleId\",\"testAttempts\",\"status\",\"timeSpentMinutes\",\"totalTopics\") VALUES ($1,$2,$3,$4,$5,$6,$7,$8,$9,$10,$11,CAST($12::text AS \"public\".\"LmsModuleStatus\"),$13,$14)","service":"preplyte-api","timestamp":"2026-02-05 12:42:45"}
{"level":"debug","message":"Params: [\"cml92ugqs0007q3oof2k0hw35\",\"cml94d4f6000f1360jmi3ketp\",\"2026-02-05 07:12:45.475 UTC\",0,\"2026-02-05 07:12:45.475 UTC\",0,0,false,false,\"cml94bejx00061360ybgbi4lp\",0,\"AVAILABLE\",0,1]","service":"preplyte-api","timestamp":"2026-02-05 12:42:45"}
{"level":"debug","message":"Duration: 23ms","service":"preplyte-api","timestamp":"2026-02-05 12:42:45"}
{"level":"debug","message":"Query: INSERT INTO \"public\".\"lms_topic_progress\" (\"theoryCompleted\",\"videoProgress\",\"status\",\"id\",\"videoWatched\",\"updatedAt\",\"userId\",\"topicId\",\"timeSpentMinutes\",\"createdAt\") VALUES ($1,$2,CAST($3::text AS \"public\".\"LmsTopicStatus\"),$4,$5,$6,$7,$8,$9,$10)","service":"preplyte-api","timestamp":"2026-02-05 12:42:45"}
{"level":"debug","message":"Params: [false,0,\"NOT_STARTED\",\"cml94d4g7000g1360o7wg9ib7\",false,\"2026-02-05 07:12:45.511 UTC\",\"cml92ugqs0007q3oof2k0hw35\",\"cml94bejy00071360x0i56b1a\",0,\"2026-02-05 07:12:45.511 UTC\"]","service":"preplyte-api","timestamp":"2026-02-05 12:42:45"}
{"level":"debug","message":"Duration: 17ms","service":"preplyte-api","timestamp":"2026-02-05 12:42:45"}
{"level":"debug","message":"Query: COMMIT","service":"preplyte-api","timestamp":"2026-02-05 12:42:45"}
{"level":"debug","message":"Params: []","service":"preplyte-api","timestamp":"2026-02-05 12:42:45"}
{"level":"debug","message":"Duration: 1ms","service":"preplyte-api","timestamp":"2026-02-05 12:42:45"}
{"level":"info","message":"\u001b[0mPOST /api/lms/courses/java-fullstack/enroll \u001b[32m201\u001b[0m 171.358 ms - 719\u001b[0m","service":"preplyte-api","timestamp":"2026-02-05 12:42:45"}
{"level":"debug","message":"Query: SELECT \"public\".\"users\".\"id\", \"public\".\"users\".\"email\", \"public\".\"users\".\"role\"::text, \"public\".\"users\".\"instituteId\", \"public\".\"users\".\"isActive\", \"public\".\"users\".\"tokenVersion\" FROM \"public\".\"users\" WHERE (\"public\".\"users\".\"id\" = $1 AND 1=1) LIMIT $2 OFFSET $3","service":"preplyte-api","timestamp":"2026-02-05 12:42:45"}
{"level":"debug","message":"Params: [\"cml92ugqs0007q3oof2k0hw35\",1,0]","service":"preplyte-api","timestamp":"2026-02-05 12:42:45"}
{"level":"debug","message":"Duration: 1ms","service":"preplyte-api","timestamp":"2026-02-05 12:42:45"}
{"level":"debug","message":"Query: SELECT \"public\".\"lms_courses\".\"id\", \"public\".\"lms_courses\".\"categoryId\", \"public\".\"lms_courses\".\"title\", \"public\".\"lms_courses\".\"slug\", \"public\".\"lms_courses\".\"shortDescription\", \"public\".\"lms_courses\".\"description\", \"public\".\"lms_courses\".\"thumbnailUrl\", \"public\".\"lms_courses\".\"previewVideoUrl\", \"public\".\"lms_courses\".\"totalModules\", \"public\".\"lms_courses\".\"totalTopics\", \"public\".\"lms_courses\".\"totalPoints\", \"public\".\"lms_courses\".\"totalHours\", \"public\".\"lms_courses\".\"price\", \"public\".\"lms_courses\".\"discountPrice\", \"public\".\"lms_courses\".\"currency\", \"public\".\"lms_courses\".\"status\"::text, \"public\".\"lms_courses\".\"isActive\", \"public\".\"lms_courses\".\"certificateEnabled\", \"public\".\"lms_courses\".\"passingPercentage\", \"public\".\"lms_courses\".\"tags\", \"public\".\"lms_courses\".\"difficulty\"::text, \"public\".\"lms_courses\".\"instructor\", \"public\".\"lms_courses\".\"language\", \"public\".\"lms_courses\".\"createdAt\", \"public\".\"lms_courses\".\"updatedAt\", \"public\".\"lms_courses\".\"publishedAt\" FROM \"public\".\"lms_courses\" WHERE (\"public\".\"lms_courses\".\"slug\" = $1 AND 1=1) LIMIT $2 OFFSET $3","service":"preplyte-api","timestamp":"2026-02-05 12:42:45"}
{"level":"debug","message":"Params: [\"java-fullstack\",1,0]","service":"preplyte-api","timestamp":"2026-02-05 12:42:45"}
{"level":"debug","message":"Duration: 1ms","service":"preplyte-api","timestamp":"2026-02-05 12:42:45"}
{"level":"debug","message":"Query: SELECT \"public\".\"lms_categories\".\"id\", \"public\".\"lms_categories\".\"name\", \"public\".\"lms_categories\".\"slug\", \"public\".\"lms_categories\".\"description\", \"public\".\"lms_categories\".\"iconUrl\", \"public\".\"lms_categories\".\"order\", \"public\".\"lms_categories\".\"isActive\", \"public\".\"lms_categories\".\"createdAt\", \"public\".\"lms_categories\".\"updatedAt\" FROM \"public\".\"lms_categories\" WHERE \"public\".\"lms_categories\".\"id\" IN ($1) OFFSET $2","service":"preplyte-api","timestamp":"2026-02-05 12:42:45"}
{"level":"debug","message":"Params: [\"cml92k1i3000017d0bq70mkrl\",0]","service":"preplyte-api","timestamp":"2026-02-05 12:42:45"}
{"level":"debug","message":"Duration: 0ms","service":"preplyte-api","timestamp":"2026-02-05 12:42:45"}
{"level":"debug","message":"Query: SELECT \"public\".\"lms_modules\".\"id\", \"public\".\"lms_modules\".\"courseId\", \"public\".\"lms_modules\".\"title\", \"public\".\"lms_modules\".\"shortDescription\", \"public\".\"lms_modules\".\"description\", \"public\".\"lms_modules\".\"order\", \"public\".\"lms_modules\".\"totalTopics\", \"public\".\"lms_modules\".\"points\", \"public\".\"lms_modules\".\"estimatedMinutes\", \"public\".\"lms_modules\".\"isActive\", \"public\".\"lms_modules\".\"createdAt\", \"public\".\"lms_modules\".\"updatedAt\" FROM \"public\".\"lms_modules\" WHERE (\"public\".\"lms_modules\".\"isActive\" = $1 AND \"public\".\"lms_modules\".\"courseId\" IN ($2)) ORDER BY \"public\".\"lms_modules\".\"order\" ASC OFFSET $3","service":"preplyte-api","timestamp":"2026-02-05 12:42:45"}
{"level":"debug","message":"Params: [true,\"cml94bejx00051360oftmcm9a\",0]","service":"preplyte-api","timestamp":"2026-02-05 12:42:45"}
{"level":"debug","message":"Duration: 1ms","service":"preplyte-api","timestamp":"2026-02-05 12:42:45"}
{"level":"debug","message":"Query: SELECT \"public\".\"lms_topics\".\"id\", \"public\".\"lms_topics\".\"title\", \"public\".\"lms_topics\".\"order\", \"public\".\"lms_topics\".\"estimatedMinutes\", \"public\".\"lms_topics\".\"videoUrl\", \"public\".\"lms_topics\".\"moduleId\" FROM \"public\".\"lms_topics\" WHERE (\"public\".\"lms_topics\".\"isActive\" = $1 AND \"public\".\"lms_topics\".\"moduleId\" IN ($2)) ORDER BY \"public\".\"lms_topics\".\"order\" ASC OFFSET $3","service":"preplyte-api","timestamp":"2026-02-05 12:42:45"}
{"level":"debug","message":"Params: [true,\"cml94bejx00061360ybgbi4lp\",0]","service":"preplyte-api","timestamp":"2026-02-05 12:42:45"}
{"level":"debug","message":"Duration: 1ms","service":"preplyte-api","timestamp":"2026-02-05 12:42:45"}
{"level":"debug","message":"Query: SELECT \"public\".\"lms_module_tests\".\"id\", \"public\".\"lms_module_tests\".\"title\", \"public\".\"lms_module_tests\".\"instructions\", \"public\".\"lms_module_tests\".\"totalQuestions\", \"public\".\"lms_module_tests\".\"timeLimitMinutes\", \"public\".\"lms_module_tests\".\"passingScore\", \"public\".\"lms_module_tests\".\"maxAttempts\", \"public\".\"lms_module_tests\".\"pointsPerQuestion\", \"public\".\"lms_module_tests\".\"totalPoints\", \"public\".\"lms_module_tests\".\"isActive\", \"public\".\"lms_module_tests\".\"moduleId\" FROM \"public\".\"lms_module_tests\" WHERE \"public\".\"lms_module_tests\".\"moduleId\" IN ($1) OFFSET $2","service":"preplyte-api","timestamp":"2026-02-05 12:42:45"}
{"level":"debug","message":"Params: [\"cml94bejx00061360ybgbi4lp\",0]","service":"preplyte-api","timestamp":"2026-02-05 12:42:45"}
{"level":"debug","message":"Duration: 0ms","service":"preplyte-api","timestamp":"2026-02-05 12:42:45"}
{"level":"debug","message":"Query: SELECT \"public\".\"lms_final_tests\".\"id\", \"public\".\"lms_final_tests\".\"courseId\", \"public\".\"lms_final_tests\".\"title\", \"public\".\"lms_final_tests\".\"instructions\", \"public\".\"lms_final_tests\".\"totalQuestions\", \"public\".\"lms_final_tests\".\"passingScore\", \"public\".\"lms_final_tests\".\"timeLimitMinutes\", \"public\".\"lms_final_tests\".\"pointsPerQuestion\", \"public\".\"lms_final_tests\".\"totalPoints\", \"public\".\"lms_final_tests\".\"maxAttempts\", \"public\".\"lms_final_tests\".\"isActive\", \"public\".\"lms_final_tests\".\"createdAt\", \"public\".\"lms_final_tests\".\"updatedAt\" FROM \"public\".\"lms_final_tests\" WHERE \"public\".\"lms_final_tests\".\"courseId\" IN ($1) OFFSET $2","service":"preplyte-api","timestamp":"2026-02-05 12:42:45"}
{"level":"debug","message":"Params: [\"cml94bejx00051360oftmcm9a\",0]","service":"preplyte-api","timestamp":"2026-02-05 12:42:45"}
{"level":"debug","message":"Duration: 1ms","service":"preplyte-api","timestamp":"2026-02-05 12:42:45"}
{"level":"debug","message":"Query: SELECT \"public\".\"lms_enrollments\".\"id\", \"public\".\"lms_enrollments\".\"userId\", \"public\".\"lms_enrollments\".\"courseId\", \"public\".\"lms_enrollments\".\"status\"::text, \"public\".\"lms_enrollments\".\"completedModules\", \"public\".\"lms_enrollments\".\"completedTopics\", \"public\".\"lms_enrollments\".\"progressPercent\", \"public\".\"lms_enrollments\".\"totalPointsEarned\", \"public\".\"lms_enrollments\".\"moduleTestPointsEarned\", \"public\".\"lms_enrollments\".\"finalTestPointsEarned\", \"public\".\"lms_enrollments\".\"finalTestAttempted\", \"public\".\"lms_enrollments\".\"finalTestPassed\", \"public\".\"lms_enrollments\".\"finalTestScore\", \"public\".\"lms_enrollments\".\"finalTestMarks\", \"public\".\"lms_enrollments\".\"enrolledAt\", \"public\".\"lms_enrollments\".\"startedAt\", \"public\".\"lms_enrollments\".\"completedAt\", \"public\".\"lms_enrollments\".\"lastAccessedAt\", \"public\".\"lms_enrollments\".\"certificateUrl\", \"public\".\"lms_enrollments\".\"certificateIssuedAt\", \"public\".\"lms_enrollments\".\"createdAt\", \"public\".\"lms_enrollments\".\"updatedAt\" FROM \"public\".\"lms_enrollments\" WHERE ((\"public\".\"lms_enrollments\".\"userId\" = $1 AND \"public\".\"lms_enrollments\".\"courseId\" = $2) AND 1=1) LIMIT $3 OFFSET $4","service":"preplyte-api","timestamp":"2026-02-05 12:42:45"}
{"level":"debug","message":"Params: [\"cml92ugqs0007q3oof2k0hw35\",\"cml94bejx00051360oftmcm9a\",1,0]","service":"preplyte-api","timestamp":"2026-02-05 12:42:45"}
{"level":"debug","message":"Duration: 1ms","service":"preplyte-api","timestamp":"2026-02-05 12:42:45"}
{"level":"debug","message":"Query: SELECT \"public\".\"lms_module_progress\".\"id\", \"public\".\"lms_module_progress\".\"userId\", \"public\".\"lms_module_progress\".\"moduleId\", \"public\".\"lms_module_progress\".\"status\"::text, \"public\".\"lms_module_progress\".\"completedTopics\", \"public\".\"lms_module_progress\".\"totalTopics\", \"public\".\"lms_module_progress\".\"progressPercent\", \"public\".\"lms_module_progress\".\"testAttempted\", \"public\".\"lms_module_progress\".\"testPassed\", \"public\".\"lms_module_progress\".\"testScore\", \"public\".\"lms_module_progress\".\"testAttempts\", \"public\".\"lms_module_progress\".\"pointsEarned\", \"public\".\"lms_module_progress\".\"timeSpentMinutes\", \"public\".\"lms_module_progress\".\"startedAt\", \"public\".\"lms_module_progress\".\"completedAt\", \"public\".\"lms_module_progress\".\"createdAt\", \"public\".\"lms_module_progress\".\"updatedAt\" FROM \"public\".\"lms_module_progress\" WHERE (\"public\".\"lms_module_progress\".\"userId\" = $1 AND \"public\".\"lms_module_progress\".\"moduleId\" IN ($2)) OFFSET $3","service":"preplyte-api","timestamp":"2026-02-05 12:42:45"}
{"level":"debug","message":"Params: [\"cml92ugqs0007q3oof2k0hw35\",\"cml94bejx00061360ybgbi4lp\",0]","service":"preplyte-api","timestamp":"2026-02-05 12:42:45"}
{"level":"debug","message":"Duration: 3ms","service":"preplyte-api","timestamp":"2026-02-05 12:42:45"}
{"level":"debug","message":"Query: SELECT \"public\".\"lms_topic_progress\".\"id\", \"public\".\"lms_topic_progress\".\"userId\", \"public\".\"lms_topic_progress\".\"topicId\", \"public\".\"lms_topic_progress\".\"status\"::text, \"public\".\"lms_topic_progress\".\"theoryCompleted\", \"public\".\"lms_topic_progress\".\"videoWatched\", \"public\".\"lms_topic_progress\".\"videoProgress\", \"public\".\"lms_topic_progress\".\"timeSpentMinutes\", \"public\".\"lms_topic_progress\".\"startedAt\", \"public\".\"lms_topic_progress\".\"completedAt\", \"public\".\"lms_topic_progress\".\"createdAt\", \"public\".\"lms_topic_progress\".\"updatedAt\" FROM \"public\".\"lms_topic_progress\" WHERE (\"public\".\"lms_topic_progress\".\"userId\" = $1 AND \"public\".\"lms_topic_progress\".\"topicId\" IN ($2)) OFFSET $3","service":"preplyte-api","timestamp":"2026-02-05 12:42:45"}
{"level":"debug","message":"Params: [\"cml92ugqs0007q3oof2k0hw35\",\"cml94bejy00071360x0i56b1a\",0]","service":"preplyte-api","timestamp":"2026-02-05 12:42:45"}
{"level":"debug","message":"Duration: 2ms","service":"preplyte-api","timestamp":"2026-02-05 12:42:45"}
{"level":"info","message":"\u001b[0mGET /api/lms/courses/java-fullstack \u001b[32m200\u001b[0m 77.150 ms - -\u001b[0m","service":"preplyte-api","timestamp":"2026-02-05 12:42:45"}
{"level":"debug","message":"Query: SELECT 1","service":"preplyte-api","timestamp":"2026-02-05 12:44:05"}
{"level":"debug","message":"Params: []","service":"preplyte-api","timestamp":"2026-02-05 12:44:05"}
{"level":"debug","message":"Duration: 1ms","service":"preplyte-api","timestamp":"2026-02-05 12:44:05"}
{"level":"debug","message":"Query: SELECT \"public\".\"users\".\"id\", \"public\".\"users\".\"email\", \"public\".\"users\".\"role\"::text, \"public\".\"users\".\"instituteId\", \"public\".\"users\".\"isActive\", \"public\".\"users\".\"tokenVersion\" FROM \"public\".\"users\" WHERE (\"public\".\"users\".\"id\" = $1 AND 1=1) LIMIT $2 OFFSET $3","service":"preplyte-api","timestamp":"2026-02-05 12:44:05"}
{"level":"debug","message":"Params: [\"cml92ugqs0007q3oof2k0hw35\",1,0]","service":"preplyte-api","timestamp":"2026-02-05 12:44:05"}
{"level":"debug","message":"Duration: 0ms","service":"preplyte-api","timestamp":"2026-02-05 12:44:05"}
{"level":"debug","message":"Query: SELECT \"public\".\"lms_courses\".\"id\", \"public\".\"lms_courses\".\"title\", \"public\".\"lms_courses\".\"slug\" FROM \"public\".\"lms_courses\" WHERE (\"public\".\"lms_courses\".\"slug\" = $1 AND 1=1) LIMIT $2 OFFSET $3","service":"preplyte-api","timestamp":"2026-02-05 12:44:05"}
{"level":"debug","message":"Params: [\"java-fullstack\",1,0]","service":"preplyte-api","timestamp":"2026-02-05 12:44:05"}
{"level":"debug","message":"Duration: 1ms","service":"preplyte-api","timestamp":"2026-02-05 12:44:05"}
{"level":"debug","message":"Query: SELECT \"public\".\"lms_enrollments\".\"id\", \"public\".\"lms_enrollments\".\"userId\", \"public\".\"lms_enrollments\".\"courseId\", \"public\".\"lms_enrollments\".\"status\"::text, \"public\".\"lms_enrollments\".\"completedModules\", \"public\".\"lms_enrollments\".\"completedTopics\", \"public\".\"lms_enrollments\".\"progressPercent\", \"public\".\"lms_enrollments\".\"totalPointsEarned\", \"public\".\"lms_enrollments\".\"moduleTestPointsEarned\", \"public\".\"lms_enrollments\".\"finalTestPointsEarned\", \"public\".\"lms_enrollments\".\"finalTestAttempted\", \"public\".\"lms_enrollments\".\"finalTestPassed\", \"public\".\"lms_enrollments\".\"finalTestScore\", \"public\".\"lms_enrollments\".\"finalTestMarks\", \"public\".\"lms_enrollments\".\"enrolledAt\", \"public\".\"lms_enrollments\".\"startedAt\", \"public\".\"lms_enrollments\".\"completedAt\", \"public\".\"lms_enrollments\".\"lastAccessedAt\", \"public\".\"lms_enrollments\".\"certificateUrl\", \"public\".\"lms_enrollments\".\"certificateIssuedAt\", \"public\".\"lms_enrollments\".\"createdAt\", \"public\".\"lms_enrollments\".\"updatedAt\" FROM \"public\".\"lms_enrollments\" WHERE ((\"public\".\"lms_enrollments\".\"userId\" = $1 AND \"public\".\"lms_enrollments\".\"courseId\" = $2) AND 1=1) LIMIT $3 OFFSET $4","service":"preplyte-api","timestamp":"2026-02-05 12:44:05"}
{"level":"debug","message":"Params: [\"cml92ugqs0007q3oof2k0hw35\",\"cml94bejx00051360oftmcm9a\",1,0]","service":"preplyte-api","timestamp":"2026-02-05 12:44:05"}
{"level":"debug","message":"Duration: 1ms","service":"preplyte-api","timestamp":"2026-02-05 12:44:05"}
{"level":"debug","message":"Query: SELECT \"public\".\"lms_modules\".\"id\", \"public\".\"lms_modules\".\"courseId\", \"public\".\"lms_modules\".\"title\", \"public\".\"lms_modules\".\"shortDescription\", \"public\".\"lms_modules\".\"description\", \"public\".\"lms_modules\".\"order\", \"public\".\"lms_modules\".\"totalTopics\", \"public\".\"lms_modules\".\"points\", \"public\".\"lms_modules\".\"estimatedMinutes\", \"public\".\"lms_modules\".\"isActive\", \"public\".\"lms_modules\".\"createdAt\", \"public\".\"lms_modules\".\"updatedAt\" FROM \"public\".\"lms_modules\" WHERE (\"public\".\"lms_modules\".\"courseId\" = $1 AND \"public\".\"lms_modules\".\"order\" = $2 AND \"public\".\"lms_modules\".\"isActive\" = $3) LIMIT $4 OFFSET $5","service":"preplyte-api","timestamp":"2026-02-05 12:44:05"}
{"level":"debug","message":"Params: [\"cml94bejx00051360oftmcm9a\",1,true,1,0]","service":"preplyte-api","timestamp":"2026-02-05 12:44:05"}
{"level":"debug","message":"Duration: 1ms","service":"preplyte-api","timestamp":"2026-02-05 12:44:05"}
{"level":"debug","message":"Query: SELECT \"public\".\"lms_topics\".\"id\", \"public\".\"lms_topics\".\"moduleId\", \"public\".\"lms_topics\".\"title\", \"public\".\"lms_topics\".\"description\", \"public\".\"lms_topics\".\"order\", \"public\".\"lms_topics\".\"theoryContent\", \"public\".\"lms_topics\".\"videoUrl\", \"public\".\"lms_topics\".\"videoDuration\", \"public\".\"lms_topics\".\"estimatedMinutes\", \"public\".\"lms_topics\".\"resources\", \"public\".\"lms_topics\".\"isActive\", \"public\".\"lms_topics\".\"createdAt\", \"public\".\"lms_topics\".\"updatedAt\" FROM \"public\".\"lms_topics\" WHERE (\"public\".\"lms_topics\".\"isActive\" = $1 AND \"public\".\"lms_topics\".\"moduleId\" IN ($2)) ORDER BY \"public\".\"lms_topics\".\"order\" ASC OFFSET $3","service":"preplyte-api","timestamp":"2026-02-05 12:44:05"}
{"level":"debug","message":"Params: [true,\"cml94bejx00061360ybgbi4lp\",0]","service":"preplyte-api","timestamp":"2026-02-05 12:44:05"}
{"level":"debug","message":"Duration: 0ms","service":"preplyte-api","timestamp":"2026-02-05 12:44:05"}
{"level":"debug","message":"Query: SELECT \"public\".\"lms_module_tests\".\"id\", \"public\".\"lms_module_tests\".\"moduleId\", \"public\".\"lms_module_tests\".\"title\", \"public\".\"lms_module_tests\".\"instructions\", \"public\".\"lms_module_tests\".\"totalQuestions\", \"public\".\"lms_module_tests\".\"passingScore\", \"public\".\"lms_module_tests\".\"timeLimitMinutes\", \"public\".\"lms_module_tests\".\"maxAttempts\", \"public\".\"lms_module_tests\".\"pointsPerQuestion\", \"public\".\"lms_module_tests\".\"totalPoints\", \"public\".\"lms_module_tests\".\"isActive\", \"public\".\"lms_module_tests\".\"createdAt\", \"public\".\"lms_module_tests\".\"updatedAt\" FROM \"public\".\"lms_module_tests\" WHERE \"public\".\"lms_module_tests\".\"moduleId\" IN ($1) OFFSET $2","service":"preplyte-api","timestamp":"2026-02-05 12:44:05"}
{"level":"debug","message":"Params: [\"cml94bejx00061360ybgbi4lp\",0]","service":"preplyte-api","timestamp":"2026-02-05 12:44:05"}
{"level":"debug","message":"Duration: 1ms","service":"preplyte-api","timestamp":"2026-02-05 12:44:05"}
{"level":"debug","message":"Query: SELECT \"public\".\"lms_module_progress\".\"id\", \"public\".\"lms_module_progress\".\"userId\", \"public\".\"lms_module_progress\".\"moduleId\", \"public\".\"lms_module_progress\".\"status\"::text, \"public\".\"lms_module_progress\".\"completedTopics\", \"public\".\"lms_module_progress\".\"totalTopics\", \"public\".\"lms_module_progress\".\"progressPercent\", \"public\".\"lms_module_progress\".\"testAttempted\", \"public\".\"lms_module_progress\".\"testPassed\", \"public\".\"lms_module_progress\".\"testScore\", \"public\".\"lms_module_progress\".\"testAttempts\", \"public\".\"lms_module_progress\".\"pointsEarned\", \"public\".\"lms_module_progress\".\"timeSpentMinutes\", \"public\".\"lms_module_progress\".\"startedAt\", \"public\".\"lms_module_progress\".\"completedAt\", \"public\".\"lms_module_progress\".\"createdAt\", \"public\".\"lms_module_progress\".\"updatedAt\" FROM \"public\".\"lms_module_progress\" WHERE ((\"public\".\"lms_module_progress\".\"userId\" = $1 AND \"public\".\"lms_module_progress\".\"moduleId\" = $2) AND 1=1) LIMIT $3 OFFSET $4","service":"preplyte-api","timestamp":"2026-02-05 12:44:05"}
{"level":"debug","message":"Params: [\"cml92ugqs0007q3oof2k0hw35\",\"cml94bejx00061360ybgbi4lp\",1,0]","service":"preplyte-api","timestamp":"2026-02-05 12:44:05"}
{"level":"debug","message":"Duration: 2ms","service":"preplyte-api","timestamp":"2026-02-05 12:44:05"}
{"level":"debug","message":"Query: SELECT \"public\".\"lms_topic_progress\".\"id\", \"public\".\"lms_topic_progress\".\"userId\", \"public\".\"lms_topic_progress\".\"topicId\", \"public\".\"lms_topic_progress\".\"status\"::text, \"public\".\"lms_topic_progress\".\"theoryCompleted\", \"public\".\"lms_topic_progress\".\"videoWatched\", \"public\".\"lms_topic_progress\".\"videoProgress\", \"public\".\"lms_topic_progress\".\"timeSpentMinutes\", \"public\".\"lms_topic_progress\".\"startedAt\", \"public\".\"lms_topic_progress\".\"completedAt\", \"public\".\"lms_topic_progress\".\"createdAt\", \"public\".\"lms_topic_progress\".\"updatedAt\" FROM \"public\".\"lms_topic_progress\" WHERE (\"public\".\"lms_topic_progress\".\"userId\" = $1 AND \"public\".\"lms_topic_progress\".\"topicId\" IN ($2)) OFFSET $3","service":"preplyte-api","timestamp":"2026-02-05 12:44:05"}
{"level":"debug","message":"Params: [\"cml92ugqs0007q3oof2k0hw35\",\"cml94bejy00071360x0i56b1a\",0]","service":"preplyte-api","timestamp":"2026-02-05 12:44:05"}
{"level":"debug","message":"Duration: 0ms","service":"preplyte-api","timestamp":"2026-02-05 12:44:05"}
{"level":"info","message":"\u001b[0mGET /api/lms/courses/java-fullstack/modules/1 \u001b[32m200\u001b[0m 142.055 ms - -\u001b[0m","service":"preplyte-api","timestamp":"2026-02-05 12:44:05"}
{"level":"debug","message":"Query: SELECT 1","service":"preplyte-api","timestamp":"2026-02-05 12:44:22"}
{"level":"debug","message":"Params: []","service":"preplyte-api","timestamp":"2026-02-05 12:44:22"}
{"level":"debug","message":"Duration: 0ms","service":"preplyte-api","timestamp":"2026-02-05 12:44:22"}
{"level":"debug","message":"Query: SELECT \"public\".\"users\".\"id\", \"public\".\"users\".\"email\", \"public\".\"users\".\"role\"::text, \"public\".\"users\".\"instituteId\", \"public\".\"users\".\"isActive\", \"public\".\"users\".\"tokenVersion\" FROM \"public\".\"users\" WHERE (\"public\".\"users\".\"id\" = $1 AND 1=1) LIMIT $2 OFFSET $3","service":"preplyte-api","timestamp":"2026-02-05 12:44:22"}
{"level":"debug","message":"Params: [\"cml92ugqs0007q3oof2k0hw35\",1,0]","service":"preplyte-api","timestamp":"2026-02-05 12:44:22"}
{"level":"debug","message":"Duration: 0ms","service":"preplyte-api","timestamp":"2026-02-05 12:44:22"}
{"level":"debug","message":"Query: SELECT \"public\".\"lms_courses\".\"id\", \"public\".\"lms_courses\".\"title\", \"public\".\"lms_courses\".\"slug\" FROM \"public\".\"lms_courses\" WHERE (\"public\".\"lms_courses\".\"slug\" = $1 AND 1=1) LIMIT $2 OFFSET $3","service":"preplyte-api","timestamp":"2026-02-05 12:44:22"}
{"level":"debug","message":"Params: [\"java-fullstack\",1,0]","service":"preplyte-api","timestamp":"2026-02-05 12:44:22"}
{"level":"debug","message":"Duration: 0ms","service":"preplyte-api","timestamp":"2026-02-05 12:44:22"}
{"level":"debug","message":"Query: SELECT \"public\".\"lms_enrollments\".\"id\", \"public\".\"lms_enrollments\".\"userId\", \"public\".\"lms_enrollments\".\"courseId\", \"public\".\"lms_enrollments\".\"status\"::text, \"public\".\"lms_enrollments\".\"completedModules\", \"public\".\"lms_enrollments\".\"completedTopics\", \"public\".\"lms_enrollments\".\"progressPercent\", \"public\".\"lms_enrollments\".\"totalPointsEarned\", \"public\".\"lms_enrollments\".\"moduleTestPointsEarned\", \"public\".\"lms_enrollments\".\"finalTestPointsEarned\", \"public\".\"lms_enrollments\".\"finalTestAttempted\", \"public\".\"lms_enrollments\".\"finalTestPassed\", \"public\".\"lms_enrollments\".\"finalTestScore\", \"public\".\"lms_enrollments\".\"finalTestMarks\", \"public\".\"lms_enrollments\".\"enrolledAt\", \"public\".\"lms_enrollments\".\"startedAt\", \"public\".\"lms_enrollments\".\"completedAt\", \"public\".\"lms_enrollments\".\"lastAccessedAt\", \"public\".\"lms_enrollments\".\"certificateUrl\", \"public\".\"lms_enrollments\".\"certificateIssuedAt\", \"public\".\"lms_enrollments\".\"createdAt\", \"public\".\"lms_enrollments\".\"updatedAt\" FROM \"public\".\"lms_enrollments\" WHERE ((\"public\".\"lms_enrollments\".\"userId\" = $1 AND \"public\".\"lms_enrollments\".\"courseId\" = $2) AND 1=1) LIMIT $3 OFFSET $4","service":"preplyte-api","timestamp":"2026-02-05 12:44:22"}
{"level":"debug","message":"Params: [\"cml92ugqs0007q3oof2k0hw35\",\"cml94bejx00051360oftmcm9a\",1,0]","service":"preplyte-api","timestamp":"2026-02-05 12:44:22"}
{"level":"debug","message":"Duration: 1ms","service":"preplyte-api","timestamp":"2026-02-05 12:44:22"}
{"level":"debug","message":"Query: SELECT \"public\".\"lms_modules\".\"id\", \"public\".\"lms_modules\".\"courseId\", \"public\".\"lms_modules\".\"title\", \"public\".\"lms_modules\".\"shortDescription\", \"public\".\"lms_modules\".\"description\", \"public\".\"lms_modules\".\"order\", \"public\".\"lms_modules\".\"totalTopics\", \"public\".\"lms_modules\".\"points\", \"public\".\"lms_modules\".\"estimatedMinutes\", \"public\".\"lms_modules\".\"isActive\", \"public\".\"lms_modules\".\"createdAt\", \"public\".\"lms_modules\".\"updatedAt\" FROM \"public\".\"lms_modules\" WHERE (\"public\".\"lms_modules\".\"courseId\" = $1 AND \"public\".\"lms_modules\".\"order\" = $2 AND \"public\".\"lms_modules\".\"isActive\" = $3) LIMIT $4 OFFSET $5","service":"preplyte-api","timestamp":"2026-02-05 12:44:22"}
{"level":"debug","message":"Params: [\"cml94bejx00051360oftmcm9a\",1,true,1,0]","service":"preplyte-api","timestamp":"2026-02-05 12:44:22"}
{"level":"debug","message":"Duration: 0ms","service":"preplyte-api","timestamp":"2026-02-05 12:44:22"}
{"level":"debug","message":"Query: SELECT \"public\".\"lms_topics\".\"id\", \"public\".\"lms_topics\".\"moduleId\", \"public\".\"lms_topics\".\"title\", \"public\".\"lms_topics\".\"description\", \"public\".\"lms_topics\".\"order\", \"public\".\"lms_topics\".\"theoryContent\", \"public\".\"lms_topics\".\"videoUrl\", \"public\".\"lms_topics\".\"videoDuration\", \"public\".\"lms_topics\".\"estimatedMinutes\", \"public\".\"lms_topics\".\"resources\", \"public\".\"lms_topics\".\"isActive\", \"public\".\"lms_topics\".\"createdAt\", \"public\".\"lms_topics\".\"updatedAt\" FROM \"public\".\"lms_topics\" WHERE (\"public\".\"lms_topics\".\"isActive\" = $1 AND \"public\".\"lms_topics\".\"moduleId\" IN ($2)) ORDER BY \"public\".\"lms_topics\".\"order\" ASC OFFSET $3","service":"preplyte-api","timestamp":"2026-02-05 12:44:22"}
{"level":"debug","message":"Params: [true,\"cml94bejx00061360ybgbi4lp\",0]","service":"preplyte-api","timestamp":"2026-02-05 12:44:22"}
{"level":"debug","message":"Duration: 0ms","service":"preplyte-api","timestamp":"2026-02-05 12:44:22"}
{"level":"debug","message":"Query: SELECT \"public\".\"lms_topic_progress\".\"id\", \"public\".\"lms_topic_progress\".\"userId\", \"public\".\"lms_topic_progress\".\"topicId\", \"public\".\"lms_topic_progress\".\"status\"::text, \"public\".\"lms_topic_progress\".\"theoryCompleted\", \"public\".\"lms_topic_progress\".\"videoWatched\", \"public\".\"lms_topic_progress\".\"videoProgress\", \"public\".\"lms_topic_progress\".\"timeSpentMinutes\", \"public\".\"lms_topic_progress\".\"startedAt\", \"public\".\"lms_topic_progress\".\"completedAt\", \"public\".\"lms_topic_progress\".\"createdAt\", \"public\".\"lms_topic_progress\".\"updatedAt\" FROM \"public\".\"lms_topic_progress\" WHERE ((\"public\".\"lms_topic_progress\".\"userId\" = $1 AND \"public\".\"lms_topic_progress\".\"topicId\" = $2) AND 1=1) LIMIT $3 OFFSET $4","service":"preplyte-api","timestamp":"2026-02-05 12:44:22"}
{"level":"debug","message":"Params: [\"cml92ugqs0007q3oof2k0hw35\",\"cml94bejy00071360x0i56b1a\",1,0]","service":"preplyte-api","timestamp":"2026-02-05 12:44:22"}
{"level":"debug","message":"Duration: 2ms","service":"preplyte-api","timestamp":"2026-02-05 12:44:22"}
{"level":"debug","message":"Query: UPDATE \"public\".\"lms_topic_progress\" SET \"status\" = CAST($1::text AS \"public\".\"LmsTopicStatus\"), \"startedAt\" = $2, \"updatedAt\" = $3 WHERE (\"public\".\"lms_topic_progress\".\"id\" = $4 AND 1=1) RETURNING \"public\".\"lms_topic_progress\".\"id\", \"public\".\"lms_topic_progress\".\"userId\", \"public\".\"lms_topic_progress\".\"topicId\", \"public\".\"lms_topic_progress\".\"status\"::text, \"public\".\"lms_topic_progress\".\"theoryCompleted\", \"public\".\"lms_topic_progress\".\"videoWatched\", \"public\".\"lms_topic_progress\".\"videoProgress\", \"public\".\"lms_topic_progress\".\"timeSpentMinutes\", \"public\".\"lms_topic_progress\".\"startedAt\", \"public\".\"lms_topic_progress\".\"completedAt\", \"public\".\"lms_topic_progress\".\"createdAt\", \"public\".\"lms_topic_progress\".\"updatedAt\"","service":"preplyte-api","timestamp":"2026-02-05 12:44:22"}
{"level":"debug","message":"Params: [\"IN_PROGRESS\",\"2026-02-05 07:14:22.346 UTC\",\"2026-02-05 07:14:22.347 UTC\",\"cml94d4g7000g1360o7wg9ib7\"]","service":"preplyte-api","timestamp":"2026-02-05 12:44:22"}
{"level":"debug","message":"Duration: 2ms","service":"preplyte-api","timestamp":"2026-02-05 12:44:22"}
{"level":"debug","message":"Query: UPDATE \"public\".\"lms_enrollments\" SET \"lastAccessedAt\" = $1, \"updatedAt\" = $2 WHERE (\"public\".\"lms_enrollments\".\"id\" = $3 AND 1=1) RETURNING \"public\".\"lms_enrollments\".\"id\", \"public\".\"lms_enrollments\".\"userId\", \"public\".\"lms_enrollments\".\"courseId\", \"public\".\"lms_enrollments\".\"status\"::text, \"public\".\"lms_enrollments\".\"completedModules\", \"public\".\"lms_enrollments\".\"completedTopics\", \"public\".\"lms_enrollments\".\"progressPercent\", \"public\".\"lms_enrollments\".\"totalPointsEarned\", \"public\".\"lms_enrollments\".\"moduleTestPointsEarned\", \"public\".\"lms_enrollments\".\"finalTestPointsEarned\", \"public\".\"lms_enrollments\".\"finalTestAttempted\", \"public\".\"lms_enrollments\".\"finalTestPassed\", \"public\".\"lms_enrollments\".\"finalTestScore\", \"public\".\"lms_enrollments\".\"finalTestMarks\", \"public\".\"lms_enrollments\".\"enrolledAt\", \"public\".\"lms_enrollments\".\"startedAt\", \"public\".\"lms_enrollments\".\"completedAt\", \"public\".\"lms_enrollments\".\"lastAccessedAt\", \"public\".\"lms_enrollments\".\"certificateUrl\", \"public\".\"lms_enrollments\".\"certificateIssuedAt\", \"public\".\"lms_enrollments\".\"createdAt\", \"public\".\"lms_enrollments\".\"updatedAt\"","service":"preplyte-api","timestamp":"2026-02-05 12:44:22"}
{"level":"debug","message":"Params: [\"2026-02-05 07:14:22.353 UTC\",\"2026-02-05 07:14:22.354 UTC\",\"cml94d4ej000e136026t1ddly\"]","service":"preplyte-api","timestamp":"2026-02-05 12:44:22"}
{"level":"debug","message":"Duration: 2ms","service":"preplyte-api","timestamp":"2026-02-05 12:44:22"}
{"level":"info","message":"\u001b[0mGET /api/lms/courses/java-fullstack/modules/1/topics/1 \u001b[32m200\u001b[0m 53.816 ms - -\u001b[0m","service":"preplyte-api","timestamp":"2026-02-05 12:44:22"}
{"level":"debug","message":"Query: SELECT \"public\".\"users\".\"id\", \"public\".\"users\".\"email\", \"public\".\"users\".\"role\"::text, \"public\".\"users\".\"instituteId\", \"public\".\"users\".\"isActive\", \"public\".\"users\".\"tokenVersion\" FROM \"public\".\"users\" WHERE (\"public\".\"users\".\"id\" = $1 AND 1=1) LIMIT $2 OFFSET $3","service":"preplyte-api","timestamp":"2026-02-05 12:44:33"}
{"level":"debug","message":"Params: [\"cml92ugqs0007q3oof2k0hw35\",1,0]","service":"preplyte-api","timestamp":"2026-02-05 12:44:33"}
{"level":"debug","message":"Duration: 0ms","service":"preplyte-api","timestamp":"2026-02-05 12:44:33"}
{"level":"debug","message":"Query: SELECT \"public\".\"lms_courses\".\"id\" FROM \"public\".\"lms_courses\" WHERE (\"public\".\"lms_courses\".\"slug\" = $1 AND 1=1) LIMIT $2 OFFSET $3","service":"preplyte-api","timestamp":"2026-02-05 12:44:33"}
{"level":"debug","message":"Params: [\"java-fullstack\",1,0]","service":"preplyte-api","timestamp":"2026-02-05 12:44:33"}
{"level":"debug","message":"Duration: 1ms","service":"preplyte-api","timestamp":"2026-02-05 12:44:33"}
{"level":"debug","message":"Query: SELECT \"public\".\"lms_modules\".\"id\", \"public\".\"lms_modules\".\"courseId\", \"public\".\"lms_modules\".\"title\", \"public\".\"lms_modules\".\"shortDescription\", \"public\".\"lms_modules\".\"description\", \"public\".\"lms_modules\".\"order\", \"public\".\"lms_modules\".\"totalTopics\", \"public\".\"lms_modules\".\"points\", \"public\".\"lms_modules\".\"estimatedMinutes\", \"public\".\"lms_modules\".\"isActive\", \"public\".\"lms_modules\".\"createdAt\", \"public\".\"lms_modules\".\"updatedAt\" FROM \"public\".\"lms_modules\" WHERE (\"public\".\"lms_modules\".\"courseId\" = $1 AND \"public\".\"lms_modules\".\"order\" = $2) LIMIT $3 OFFSET $4","service":"preplyte-api","timestamp":"2026-02-05 12:44:33"}
{"level":"debug","message":"Params: [\"cml94bejx00051360oftmcm9a\",1,1,0]","service":"preplyte-api","timestamp":"2026-02-05 12:44:33"}
{"level":"debug","message":"Duration: 1ms","service":"preplyte-api","timestamp":"2026-02-05 12:44:33"}
{"level":"debug","message":"Query: SELECT \"public\".\"lms_topics\".\"id\", \"public\".\"lms_topics\".\"moduleId\", \"public\".\"lms_topics\".\"title\", \"public\".\"lms_topics\".\"description\", \"public\".\"lms_topics\".\"order\", \"public\".\"lms_topics\".\"theoryContent\", \"public\".\"lms_topics\".\"videoUrl\", \"public\".\"lms_topics\".\"videoDuration\", \"public\".\"lms_topics\".\"estimatedMinutes\", \"public\".\"lms_topics\".\"resources\", \"public\".\"lms_topics\".\"isActive\", \"public\".\"lms_topics\".\"createdAt\", \"public\".\"lms_topics\".\"updatedAt\" FROM \"public\".\"lms_topics\" WHERE \"public\".\"lms_topics\".\"moduleId\" IN ($1) ORDER BY \"public\".\"lms_topics\".\"order\" ASC OFFSET $2","service":"preplyte-api","timestamp":"2026-02-05 12:44:33"}
{"level":"debug","message":"Params: [\"cml94bejx00061360ybgbi4lp\",0]","service":"preplyte-api","timestamp":"2026-02-05 12:44:33"}
{"level":"debug","message":"Duration: 1ms","service":"preplyte-api","timestamp":"2026-02-05 12:44:33"}
{"level":"debug","message":"Query: INSERT INTO \"public\".\"lms_topic_progress\" (\"id\",\"userId\",\"topicId\",\"status\",\"theoryCompleted\",\"videoWatched\",\"videoProgress\",\"timeSpentMinutes\",\"startedAt\",\"createdAt\",\"updatedAt\") VALUES ($1,$2,$3,CAST($4::text AS \"public\".\"LmsTopicStatus\"),$5,$6,$7,$8,$9,$10,$11) ON CONFLICT (\"userId\",\"topicId\") DO UPDATE SET \"theoryCompleted\" = $12, \"updatedAt\" = $13 WHERE ((\"public\".\"lms_topic_progress\".\"userId\" = $14 AND \"public\".\"lms_topic_progress\".\"topicId\" = $15) AND 1=1) RETURNING \"public\".\"lms_topic_progress\".\"id\", \"public\".\"lms_topic_progress\".\"userId\", \"public\".\"lms_topic_progress\".\"topicId\", \"public\".\"lms_topic_progress\".\"status\"::text, \"public\".\"lms_topic_progress\".\"theoryCompleted\", \"public\".\"lms_topic_progress\".\"videoWatched\", \"public\".\"lms_topic_progress\".\"videoProgress\", \"public\".\"lms_topic_progress\".\"timeSpentMinutes\", \"public\".\"lms_topic_progress\".\"startedAt\", \"public\".\"lms_topic_progress\".\"completedAt\", \"public\".\"lms_topic_progress\".\"createdAt\", \"public\".\"lms_topic_progress\".\"updatedAt\"","service":"preplyte-api","timestamp":"2026-02-05 12:44:33"}
{"level":"debug","message":"Params: [\"cml94ffu0000i1360i1f6o7lh\",\"cml92ugqs0007q3oof2k0hw35\",\"cml94bejy00071360x0i56b1a\",\"IN_PROGRESS\",true,false,0,0,\"2026-02-05 07:14:33.574 UTC\",\"2026-02-05 07:14:33.576 UTC\",\"2026-02-05 07:14:33.576 UTC\",true,\"2026-02-05 07:14:33.576 UTC\",\"cml92ugqs0007q3oof2k0hw35\",\"cml94bejy00071360x0i56b1a\"]","service":"preplyte-api","timestamp":"2026-02-05 12:44:33"}
{"level":"debug","message":"Duration: 4ms","service":"preplyte-api","timestamp":"2026-02-05 12:44:33"}
{"level":"debug","message":"Query: UPDATE \"public\".\"lms_topic_progress\" SET \"status\" = CAST($1::text AS \"public\".\"LmsTopicStatus\"), \"completedAt\" = $2, \"updatedAt\" = $3 WHERE (\"public\".\"lms_topic_progress\".\"id\" = $4 AND 1=1) RETURNING \"public\".\"lms_topic_progress\".\"id\", \"public\".\"lms_topic_progress\".\"userId\", \"public\".\"lms_topic_progress\".\"topicId\", \"public\".\"lms_topic_progress\".\"status\"::text, \"public\".\"lms_topic_progress\".\"theoryCompleted\", \"public\".\"lms_topic_progress\".\"videoWatched\", \"public\".\"lms_topic_progress\".\"videoProgress\", \"public\".\"lms_topic_progress\".\"timeSpentMinutes\", \"public\".\"lms_topic_progress\".\"startedAt\", \"public\".\"lms_topic_progress\".\"completedAt\", \"public\".\"lms_topic_progress\".\"createdAt\", \"public\".\"lms_topic_progress\".\"updatedAt\"","service":"preplyte-api","timestamp":"2026-02-05 12:44:33"}
{"level":"debug","message":"Params: [\"COMPLETED\",\"2026-02-05 07:14:33.587 UTC\",\"2026-02-05 07:14:33.589 UTC\",\"cml94d4g7000g1360o7wg9ib7\"]","service":"preplyte-api","timestamp":"2026-02-05 12:44:33"}
{"level":"debug","message":"Duration: 3ms","service":"preplyte-api","timestamp":"2026-02-05 12:44:33"}
{"level":"debug","message":"Query: SELECT \"public\".\"lms_modules\".\"id\", \"public\".\"lms_modules\".\"courseId\", \"public\".\"lms_modules\".\"title\", \"public\".\"lms_modules\".\"shortDescription\", \"public\".\"lms_modules\".\"description\", \"public\".\"lms_modules\".\"order\", \"public\".\"lms_modules\".\"totalTopics\", \"public\".\"lms_modules\".\"points\", \"public\".\"lms_modules\".\"estimatedMinutes\", \"public\".\"lms_modules\".\"isActive\", \"public\".\"lms_modules\".\"createdAt\", \"public\".\"lms_modules\".\"updatedAt\" FROM \"public\".\"lms_modules\" WHERE (\"public\".\"lms_modules\".\"id\" = $1 AND 1=1) LIMIT $2 OFFSET $3","service":"preplyte-api","timestamp":"2026-02-05 12:44:33"}
{"level":"debug","message":"Params: [\"cml94bejx00061360ybgbi4lp\",1,0]","service":"preplyte-api","timestamp":"2026-02-05 12:44:33"}
{"level":"debug","message":"Duration: 1ms","service":"preplyte-api","timestamp":"2026-02-05 12:44:33"}
{"level":"debug","message":"Query: SELECT \"public\".\"lms_topics\".\"id\", \"public\".\"lms_topics\".\"moduleId\", \"public\".\"lms_topics\".\"title\", \"public\".\"lms_topics\".\"description\", \"public\".\"lms_topics\".\"order\", \"public\".\"lms_topics\".\"theoryContent\", \"public\".\"lms_topics\".\"videoUrl\", \"public\".\"lms_topics\".\"videoDuration\", \"public\".\"lms_topics\".\"estimatedMinutes\", \"public\".\"lms_topics\".\"resources\", \"public\".\"lms_topics\".\"isActive\", \"public\".\"lms_topics\".\"createdAt\", \"public\".\"lms_topics\".\"updatedAt\" FROM \"public\".\"lms_topics\" WHERE (\"public\".\"lms_topics\".\"isActive\" = $1 AND \"public\".\"lms_topics\".\"moduleId\" IN ($2)) OFFSET $3","service":"preplyte-api","timestamp":"2026-02-05 12:44:33"}
{"level":"debug","message":"Params: [true,\"cml94bejx00061360ybgbi4lp\",0]","service":"preplyte-api","timestamp":"2026-02-05 12:44:33"}
{"level":"debug","message":"Duration: 1ms","service":"preplyte-api","timestamp":"2026-02-05 12:44:33"}
{"level":"debug","message":"Query: SELECT \"public\".\"lms_courses\".\"id\" FROM \"public\".\"lms_courses\" WHERE \"public\".\"lms_courses\".\"id\" IN ($1) OFFSET $2","service":"preplyte-api","timestamp":"2026-02-05 12:44:33"}
{"level":"debug","message":"Params: [\"cml94bejx00051360oftmcm9a\",0]","service":"preplyte-api","timestamp":"2026-02-05 12:44:33"}
{"level":"debug","message":"Duration: 1ms","service":"preplyte-api","timestamp":"2026-02-05 12:44:33"}
{"level":"debug","message":"Query: SELECT COUNT(*) FROM (SELECT \"public\".\"lms_topic_progress\".\"id\" FROM \"public\".\"lms_topic_progress\" WHERE (\"public\".\"lms_topic_progress\".\"userId\" = $1 AND \"public\".\"lms_topic_progress\".\"topicId\" IN ($2) AND \"public\".\"lms_topic_progress\".\"status\" = CAST($3::text AS \"public\".\"LmsTopicStatus\")) OFFSET $4) AS \"sub\"","service":"preplyte-api","timestamp":"2026-02-05 12:44:33"}
{"level":"debug","message":"Params: [\"cml92ugqs0007q3oof2k0hw35\",\"cml94bejy00071360x0i56b1a\",\"COMPLETED\",0]","service":"preplyte-api","timestamp":"2026-02-05 12:44:33"}
{"level":"debug","message":"Duration: 2ms","service":"preplyte-api","timestamp":"2026-02-05 12:44:33"}
{"level":"debug","message":"Query: UPDATE \"public\".\"lms_module_progress\" SET \"completedTopics\" = $1, \"progressPercent\" = $2, \"status\" = CAST($3::text AS \"public\".\"LmsModuleStatus\"), \"updatedAt\" = $4 WHERE ((\"public\".\"lms_module_progress\".\"userId\" = $5 AND \"public\".\"lms_module_progress\".\"moduleId\" = $6) AND 1=1) RETURNING \"public\".\"lms_module_progress\".\"id\", \"public\".\"lms_module_progress\".\"userId\", \"public\".\"lms_module_progress\".\"moduleId\", \"public\".\"lms_module_progress\".\"status\"::text, \"public\".\"lms_module_progress\".\"completedTopics\", \"public\".\"lms_module_progress\".\"totalTopics\", \"public\".\"lms_module_progress\".\"progressPercent\", \"public\".\"lms_module_progress\".\"testAttempted\", \"public\".\"lms_module_progress\".\"testPassed\", \"public\".\"lms_module_progress\".\"testScore\", \"public\".\"lms_module_progress\".\"testAttempts\", \"public\".\"lms_module_progress\".\"pointsEarned\", \"public\".\"lms_module_progress\".\"timeSpentMinutes\", \"public\".\"lms_module_progress\".\"startedAt\", \"public\".\"lms_module_progress\".\"completedAt\", \"public\".\"lms_module_progress\".\"createdAt\", \"public\".\"lms_module_progress\".\"updatedAt\"","service":"preplyte-api","timestamp":"2026-02-05 12:44:33"}
{"level":"debug","message":"Params: [1,100,\"COMPLETED\",\"2026-02-05 07:14:33.621 UTC\",\"cml92ugqs0007q3oof2k0hw35\",\"cml94bejx00061360ybgbi4lp\"]","service":"preplyte-api","timestamp":"2026-02-05 12:44:33"}
{"level":"debug","message":"Duration: 2ms","service":"preplyte-api","timestamp":"2026-02-05 12:44:33"}
{"level":"debug","message":"Query: SELECT \"public\".\"lms_courses\".\"id\", \"public\".\"lms_courses\".\"categoryId\", \"public\".\"lms_courses\".\"title\", \"public\".\"lms_courses\".\"slug\", \"public\".\"lms_courses\".\"shortDescription\", \"public\".\"lms_courses\".\"description\", \"public\".\"lms_courses\".\"thumbnailUrl\", \"public\".\"lms_courses\".\"previewVideoUrl\", \"public\".\"lms_courses\".\"totalModules\", \"public\".\"lms_courses\".\"totalTopics\", \"public\".\"lms_courses\".\"totalPoints\", \"public\".\"lms_courses\".\"totalHours\", \"public\".\"lms_courses\".\"price\", \"public\".\"lms_courses\".\"discountPrice\", \"public\".\"lms_courses\".\"currency\", \"public\".\"lms_courses\".\"status\"::text, \"public\".\"lms_courses\".\"isActive\", \"public\".\"lms_courses\".\"certificateEnabled\", \"public\".\"lms_courses\".\"passingPercentage\", \"public\".\"lms_courses\".\"tags\", \"public\".\"lms_courses\".\"difficulty\"::text, \"public\".\"lms_courses\".\"instructor\", \"public\".\"lms_courses\".\"language\", \"public\".\"lms_courses\".\"createdAt\", \"public\".\"lms_courses\".\"updatedAt\", \"public\".\"lms_courses\".\"publishedAt\" FROM \"public\".\"lms_courses\" WHERE (\"public\".\"lms_courses\".\"id\" = $1 AND 1=1) LIMIT $2 OFFSET $3","service":"preplyte-api","timestamp":"2026-02-05 12:44:33"}
{"level":"debug","message":"Params: [\"cml94bejx00051360oftmcm9a\",1,0]","service":"preplyte-api","timestamp":"2026-02-05 12:44:33"}
{"level":"debug","message":"Duration: 2ms","service":"preplyte-api","timestamp":"2026-02-05 12:44:33"}
{"level":"debug","message":"Query: SELECT \"public\".\"lms_modules\".\"id\", \"public\".\"lms_modules\".\"courseId\", \"public\".\"lms_modules\".\"title\", \"public\".\"lms_modules\".\"shortDescription\", \"public\".\"lms_modules\".\"description\", \"public\".\"lms_modules\".\"order\", \"public\".\"lms_modules\".\"totalTopics\", \"public\".\"lms_modules\".\"points\", \"public\".\"lms_modules\".\"estimatedMinutes\", \"public\".\"lms_modules\".\"isActive\", \"public\".\"lms_modules\".\"createdAt\", \"public\".\"lms_modules\".\"updatedAt\" FROM \"public\".\"lms_modules\" WHERE (\"public\".\"lms_modules\".\"isActive\" = $1 AND \"public\".\"lms_modules\".\"courseId\" IN ($2)) OFFSET $3","service":"preplyte-api","timestamp":"2026-02-05 12:44:33"}
{"level":"debug","message":"Params: [true,\"cml94bejx00051360oftmcm9a\",0]","service":"preplyte-api","timestamp":"2026-02-05 12:44:33"}
{"level":"debug","message":"Duration: 1ms","service":"preplyte-api","timestamp":"2026-02-05 12:44:33"}
{"level":"debug","message":"Query: SELECT \"public\".\"lms_topics\".\"id\", \"public\".\"lms_topics\".\"moduleId\", \"public\".\"lms_topics\".\"title\", \"public\".\"lms_topics\".\"description\", \"public\".\"lms_topics\".\"order\", \"public\".\"lms_topics\".\"theoryContent\", \"public\".\"lms_topics\".\"videoUrl\", \"public\".\"lms_topics\".\"videoDuration\", \"public\".\"lms_topics\".\"estimatedMinutes\", \"public\".\"lms_topics\".\"resources\", \"public\".\"lms_topics\".\"isActive\", \"public\".\"lms_topics\".\"createdAt\", \"public\".\"lms_topics\".\"updatedAt\" FROM \"public\".\"lms_topics\" WHERE (\"public\".\"lms_topics\".\"isActive\" = $1 AND \"public\".\"lms_topics\".\"moduleId\" IN ($2)) OFFSET $3","service":"preplyte-api","timestamp":"2026-02-05 12:44:33"}
{"level":"debug","message":"Params: [true,\"cml94bejx00061360ybgbi4lp\",0]","service":"preplyte-api","timestamp":"2026-02-05 12:44:33"}
{"level":"debug","message":"Duration: 0ms","service":"preplyte-api","timestamp":"2026-02-05 12:44:33"}
{"level":"debug","message":"Query: SELECT COUNT(*) FROM (SELECT \"public\".\"lms_topic_progress\".\"id\" FROM \"public\".\"lms_topic_progress\" WHERE (\"public\".\"lms_topic_progress\".\"userId\" = $1 AND \"public\".\"lms_topic_progress\".\"topicId\" IN ($2) AND \"public\".\"lms_topic_progress\".\"status\" = CAST($3::text AS \"public\".\"LmsTopicStatus\")) OFFSET $4) AS \"sub\"","service":"preplyte-api","timestamp":"2026-02-05 12:44:33"}
{"level":"debug","message":"Params: [\"cml92ugqs0007q3oof2k0hw35\",\"cml94bejy00071360x0i56b1a\",\"COMPLETED\",0]","service":"preplyte-api","timestamp":"2026-02-05 12:44:33"}
{"level":"debug","message":"Duration: 1ms","service":"preplyte-api","timestamp":"2026-02-05 12:44:33"}
{"level":"debug","message":"Query: SELECT COUNT(*) FROM (SELECT \"public\".\"lms_module_progress\".\"id\" FROM \"public\".\"lms_module_progress\" WHERE (\"public\".\"lms_module_progress\".\"userId\" = $1 AND \"public\".\"lms_module_progress\".\"moduleId\" IN ($2) AND \"public\".\"lms_module_progress\".\"status\" = CAST($3::text AS \"public\".\"LmsModuleStatus\")) OFFSET $4) AS \"sub\"","service":"preplyte-api","timestamp":"2026-02-05 12:44:33"}
{"level":"debug","message":"Params: [\"cml92ugqs0007q3oof2k0hw35\",\"cml94bejx00061360ybgbi4lp\",\"COMPLETED\",0]","service":"preplyte-api","timestamp":"2026-02-05 12:44:33"}
{"level":"debug","message":"Duration: 1ms","service":"preplyte-api","timestamp":"2026-02-05 12:44:33"}
{"level":"debug","message":"Query: UPDATE \"public\".\"lms_enrollments\" SET \"completedTopics\" = $1, \"completedModules\" = $2, \"progressPercent\" = $3, \"startedAt\" = $4, \"updatedAt\" = $5 WHERE ((\"public\".\"lms_enrollments\".\"userId\" = $6 AND \"public\".\"lms_enrollments\".\"courseId\" = $7) AND 1=1) RETURNING \"public\".\"lms_enrollments\".\"id\", \"public\".\"lms_enrollments\".\"userId\", \"public\".\"lms_enrollments\".\"courseId\", \"public\".\"lms_enrollments\".\"status\"::text, \"public\".\"lms_enrollments\".\"completedModules\", \"public\".\"lms_enrollments\".\"completedTopics\", \"public\".\"lms_enrollments\".\"progressPercent\", \"public\".\"lms_enrollments\".\"totalPointsEarned\", \"public\".\"lms_enrollments\".\"moduleTestPointsEarned\", \"public\".\"lms_enrollments\".\"finalTestPointsEarned\", \"public\".\"lms_enrollments\".\"finalTestAttempted\", \"public\".\"lms_enrollments\".\"finalTestPassed\", \"public\".\"lms_enrollments\".\"finalTestScore\", \"public\".\"lms_enrollments\".\"finalTestMarks\", \"public\".\"lms_enrollments\".\"enrolledAt\", \"public\".\"lms_enrollments\".\"startedAt\", \"public\".\"lms_enrollments\".\"completedAt\", \"public\".\"lms_enrollments\".\"lastAccessedAt\", \"public\".\"lms_enrollments\".\"certificateUrl\", \"public\".\"lms_enrollments\".\"certificateIssuedAt\", \"public\".\"lms_enrollments\".\"createdAt\", \"public\".\"lms_enrollments\".\"updatedAt\"","service":"preplyte-api","timestamp":"2026-02-05 12:44:33"}
{"level":"debug","message":"Params: [1,1,100,\"2026-02-05 07:14:33.652 UTC\",\"2026-02-05 07:14:33.654 UTC\",\"cml92ugqs0007q3oof2k0hw35\",\"cml94bejx00051360oftmcm9a\"]","service":"preplyte-api","timestamp":"2026-02-05 12:44:33"}
{"level":"debug","message":"Duration: 2ms","service":"preplyte-api","timestamp":"2026-02-05 12:44:33"}
{"level":"info","message":"\u001b[0mPATCH /api/lms/courses/java-fullstack/modules/1/topics/1/progress \u001b[32m200\u001b[0m 124.856 ms - 437\u001b[0m","service":"preplyte-api","timestamp":"2026-02-05 12:44:33"}
{"level":"debug","message":"Query: SELECT \"public\".\"users\".\"id\", \"public\".\"users\".\"email\", \"public\".\"users\".\"role\"::text, \"public\".\"users\".\"instituteId\", \"public\".\"users\".\"isActive\", \"public\".\"users\".\"tokenVersion\" FROM \"public\".\"users\" WHERE (\"public\".\"users\".\"id\" = $1 AND 1=1) LIMIT $2 OFFSET $3","service":"preplyte-api","timestamp":"2026-02-05 12:44:33"}
{"level":"debug","message":"Params: [\"cml92ugqs0007q3oof2k0hw35\",1,0]","service":"preplyte-api","timestamp":"2026-02-05 12:44:33"}
{"level":"debug","message":"Duration: 1ms","service":"preplyte-api","timestamp":"2026-02-05 12:44:33"}
{"level":"debug","message":"Query: SELECT \"public\".\"lms_courses\".\"id\", \"public\".\"lms_courses\".\"title\", \"public\".\"lms_courses\".\"slug\" FROM \"public\".\"lms_courses\" WHERE (\"public\".\"lms_courses\".\"slug\" = $1 AND 1=1) LIMIT $2 OFFSET $3","service":"preplyte-api","timestamp":"2026-02-05 12:44:33"}
{"level":"debug","message":"Params: [\"java-fullstack\",1,0]","service":"preplyte-api","timestamp":"2026-02-05 12:44:33"}
{"level":"debug","message":"Duration: 1ms","service":"preplyte-api","timestamp":"2026-02-05 12:44:33"}
{"level":"debug","message":"Query: SELECT \"public\".\"lms_enrollments\".\"id\", \"public\".\"lms_enrollments\".\"userId\", \"public\".\"lms_enrollments\".\"courseId\", \"public\".\"lms_enrollments\".\"status\"::text, \"public\".\"lms_enrollments\".\"completedModules\", \"public\".\"lms_enrollments\".\"completedTopics\", \"public\".\"lms_enrollments\".\"progressPercent\", \"public\".\"lms_enrollments\".\"totalPointsEarned\", \"public\".\"lms_enrollments\".\"moduleTestPointsEarned\", \"public\".\"lms_enrollments\".\"finalTestPointsEarned\", \"public\".\"lms_enrollments\".\"finalTestAttempted\", \"public\".\"lms_enrollments\".\"finalTestPassed\", \"public\".\"lms_enrollments\".\"finalTestScore\", \"public\".\"lms_enrollments\".\"finalTestMarks\", \"public\".\"lms_enrollments\".\"enrolledAt\", \"public\".\"lms_enrollments\".\"startedAt\", \"public\".\"lms_enrollments\".\"completedAt\", \"public\".\"lms_enrollments\".\"lastAccessedAt\", \"public\".\"lms_enrollments\".\"certificateUrl\", \"public\".\"lms_enrollments\".\"certificateIssuedAt\", \"public\".\"lms_enrollments\".\"createdAt\", \"public\".\"lms_enrollments\".\"updatedAt\" FROM \"public\".\"lms_enrollments\" WHERE ((\"public\".\"lms_enrollments\".\"userId\" = $1 AND \"public\".\"lms_enrollments\".\"courseId\" = $2) AND 1=1) LIMIT $3 OFFSET $4","service":"preplyte-api","timestamp":"2026-02-05 12:44:33"}
{"level":"debug","message":"Params: [\"cml92ugqs0007q3oof2k0hw35\",\"cml94bejx00051360oftmcm9a\",1,0]","service":"preplyte-api","timestamp":"2026-02-05 12:44:33"}
{"level":"debug","message":"Duration: 1ms","service":"preplyte-api","timestamp":"2026-02-05 12:44:33"}
{"level":"debug","message":"Query: SELECT \"public\".\"lms_modules\".\"id\", \"public\".\"lms_modules\".\"courseId\", \"public\".\"lms_modules\".\"title\", \"public\".\"lms_modules\".\"shortDescription\", \"public\".\"lms_modules\".\"description\", \"public\".\"lms_modules\".\"order\", \"public\".\"lms_modules\".\"totalTopics\", \"public\".\"lms_modules\".\"points\", \"public\".\"lms_modules\".\"estimatedMinutes\", \"public\".\"lms_modules\".\"isActive\", \"public\".\"lms_modules\".\"createdAt\", \"public\".\"lms_modules\".\"updatedAt\" FROM \"public\".\"lms_modules\" WHERE (\"public\".\"lms_modules\".\"courseId\" = $1 AND \"public\".\"lms_modules\".\"order\" = $2 AND \"public\".\"lms_modules\".\"isActive\" = $3) LIMIT $4 OFFSET $5","service":"preplyte-api","timestamp":"2026-02-05 12:44:33"}
{"level":"debug","message":"Params: [\"cml94bejx00051360oftmcm9a\",1,true,1,0]","service":"preplyte-api","timestamp":"2026-02-05 12:44:33"}
{"level":"debug","message":"Duration: 1ms","service":"preplyte-api","timestamp":"2026-02-05 12:44:33"}
{"level":"debug","message":"Query: SELECT \"public\".\"lms_topics\".\"id\", \"public\".\"lms_topics\".\"moduleId\", \"public\".\"lms_topics\".\"title\", \"public\".\"lms_topics\".\"description\", \"public\".\"lms_topics\".\"order\", \"public\".\"lms_topics\".\"theoryContent\", \"public\".\"lms_topics\".\"videoUrl\", \"public\".\"lms_topics\".\"videoDuration\", \"public\".\"lms_topics\".\"estimatedMinutes\", \"public\".\"lms_topics\".\"resources\", \"public\".\"lms_topics\".\"isActive\", \"public\".\"lms_topics\".\"createdAt\", \"public\".\"lms_topics\".\"updatedAt\" FROM \"public\".\"lms_topics\" WHERE (\"public\".\"lms_topics\".\"isActive\" = $1 AND \"public\".\"lms_topics\".\"moduleId\" IN ($2)) ORDER BY \"public\".\"lms_topics\".\"order\" ASC OFFSET $3","service":"preplyte-api","timestamp":"2026-02-05 12:44:33"}
{"level":"debug","message":"Params: [true,\"cml94bejx00061360ybgbi4lp\",0]","service":"preplyte-api","timestamp":"2026-02-05 12:44:33"}
{"level":"debug","message":"Duration: 0ms","service":"preplyte-api","timestamp":"2026-02-05 12:44:33"}
{"level":"debug","message":"Query: SELECT \"public\".\"lms_topic_progress\".\"id\", \"public\".\"lms_topic_progress\".\"userId\", \"public\".\"lms_topic_progress\".\"topicId\", \"public\".\"lms_topic_progress\".\"status\"::text, \"public\".\"lms_topic_progress\".\"theoryCompleted\", \"public\".\"lms_topic_progress\".\"videoWatched\", \"public\".\"lms_topic_progress\".\"videoProgress\", \"public\".\"lms_topic_progress\".\"timeSpentMinutes\", \"public\".\"lms_topic_progress\".\"startedAt\", \"public\".\"lms_topic_progress\".\"completedAt\", \"public\".\"lms_topic_progress\".\"createdAt\", \"public\".\"lms_topic_progress\".\"updatedAt\" FROM \"public\".\"lms_topic_progress\" WHERE ((\"public\".\"lms_topic_progress\".\"userId\" = $1 AND \"public\".\"lms_topic_progress\".\"topicId\" = $2) AND 1=1) LIMIT $3 OFFSET $4","service":"preplyte-api","timestamp":"2026-02-05 12:44:33"}
{"level":"debug","message":"Params: [\"cml92ugqs0007q3oof2k0hw35\",\"cml94bejy00071360x0i56b1a\",1,0]","service":"preplyte-api","timestamp":"2026-02-05 12:44:33"}
{"level":"debug","message":"Duration: 0ms","service":"preplyte-api","timestamp":"2026-02-05 12:44:33"}
{"level":"debug","message":"Query: UPDATE \"public\".\"lms_enrollments\" SET \"lastAccessedAt\" = $1, \"updatedAt\" = $2 WHERE (\"public\".\"lms_enrollments\".\"id\" = $3 AND 1=1) RETURNING \"public\".\"lms_enrollments\".\"id\", \"public\".\"lms_enrollments\".\"userId\", \"public\".\"lms_enrollments\".\"courseId\", \"public\".\"lms_enrollments\".\"status\"::text, \"public\".\"lms_enrollments\".\"completedModules\", \"public\".\"lms_enrollments\".\"completedTopics\", \"public\".\"lms_enrollments\".\"progressPercent\", \"public\".\"lms_enrollments\".\"totalPointsEarned\", \"public\".\"lms_enrollments\".\"moduleTestPointsEarned\", \"public\".\"lms_enrollments\".\"finalTestPointsEarned\", \"public\".\"lms_enrollments\".\"finalTestAttempted\", \"public\".\"lms_enrollments\".\"finalTestPassed\", \"public\".\"lms_enrollments\".\"finalTestScore\", \"public\".\"lms_enrollments\".\"finalTestMarks\", \"public\".\"lms_enrollments\".\"enrolledAt\", \"public\".\"lms_enrollments\".\"startedAt\", \"public\".\"lms_enrollments\".\"completedAt\", \"public\".\"lms_enrollments\".\"lastAccessedAt\", \"public\".\"lms_enrollments\".\"certificateUrl\", \"public\".\"lms_enrollments\".\"certificateIssuedAt\", \"public\".\"lms_enrollments\".\"createdAt\", \"public\".\"lms_enrollments\".\"updatedAt\"","service":"preplyte-api","timestamp":"2026-02-05 12:44:33"}
{"level":"debug","message":"Params: [\"2026-02-05 07:14:33.701 UTC\",\"2026-02-05 07:14:33.703 UTC\",\"cml94d4ej000e136026t1ddly\"]","service":"preplyte-api","timestamp":"2026-02-05 12:44:33"}
{"level":"debug","message":"Duration: 1ms","service":"preplyte-api","timestamp":"2026-02-05 12:44:33"}
{"level":"info","message":"\u001b[0mGET /api/lms/courses/java-fullstack/modules/1/topics/1 \u001b[32m200\u001b[0m 40.414 ms - -\u001b[0m","service":"preplyte-api","timestamp":"2026-02-05 12:44:33"}
{"level":"debug","message":"Query: SELECT 1","service":"preplyte-api","timestamp":"2026-02-05 12:44:40"}
{"level":"debug","message":"Params: []","service":"preplyte-api","timestamp":"2026-02-05 12:44:40"}
{"level":"debug","message":"Duration: 0ms","service":"preplyte-api","timestamp":"2026-02-05 12:44:40"}
{"level":"debug","message":"Query: SELECT \"public\".\"users\".\"id\", \"public\".\"users\".\"email\", \"public\".\"users\".\"role\"::text, \"public\".\"users\".\"instituteId\", \"public\".\"users\".\"isActive\", \"public\".\"users\".\"tokenVersion\" FROM \"public\".\"users\" WHERE (\"public\".\"users\".\"id\" = $1 AND 1=1) LIMIT $2 OFFSET $3","service":"preplyte-api","timestamp":"2026-02-05 12:44:40"}
{"level":"debug","message":"Params: [\"cml92ugqs0007q3oof2k0hw35\",1,0]","service":"preplyte-api","timestamp":"2026-02-05 12:44:40"}
{"level":"debug","message":"Duration: 0ms","service":"preplyte-api","timestamp":"2026-02-05 12:44:40"}
{"level":"debug","message":"Query: SELECT \"public\".\"lms_courses\".\"id\", \"public\".\"lms_courses\".\"title\", \"public\".\"lms_courses\".\"slug\" FROM \"public\".\"lms_courses\" WHERE (\"public\".\"lms_courses\".\"slug\" = $1 AND 1=1) LIMIT $2 OFFSET $3","service":"preplyte-api","timestamp":"2026-02-05 12:44:40"}
{"level":"debug","message":"Params: [\"java-fullstack\",1,0]","service":"preplyte-api","timestamp":"2026-02-05 12:44:40"}
{"level":"debug","message":"Duration: 0ms","service":"preplyte-api","timestamp":"2026-02-05 12:44:40"}
{"level":"debug","message":"Query: SELECT \"public\".\"lms_enrollments\".\"id\", \"public\".\"lms_enrollments\".\"userId\", \"public\".\"lms_enrollments\".\"courseId\", \"public\".\"lms_enrollments\".\"status\"::text, \"public\".\"lms_enrollments\".\"completedModules\", \"public\".\"lms_enrollments\".\"completedTopics\", \"public\".\"lms_enrollments\".\"progressPercent\", \"public\".\"lms_enrollments\".\"totalPointsEarned\", \"public\".\"lms_enrollments\".\"moduleTestPointsEarned\", \"public\".\"lms_enrollments\".\"finalTestPointsEarned\", \"public\".\"lms_enrollments\".\"finalTestAttempted\", \"public\".\"lms_enrollments\".\"finalTestPassed\", \"public\".\"lms_enrollments\".\"finalTestScore\", \"public\".\"lms_enrollments\".\"finalTestMarks\", \"public\".\"lms_enrollments\".\"enrolledAt\", \"public\".\"lms_enrollments\".\"startedAt\", \"public\".\"lms_enrollments\".\"completedAt\", \"public\".\"lms_enrollments\".\"lastAccessedAt\", \"public\".\"lms_enrollments\".\"certificateUrl\", \"public\".\"lms_enrollments\".\"certificateIssuedAt\", \"public\".\"lms_enrollments\".\"createdAt\", \"public\".\"lms_enrollments\".\"updatedAt\" FROM \"public\".\"lms_enrollments\" WHERE ((\"public\".\"lms_enrollments\".\"userId\" = $1 AND \"public\".\"lms_enrollments\".\"courseId\" = $2) AND 1=1) LIMIT $3 OFFSET $4","service":"preplyte-api","timestamp":"2026-02-05 12:44:40"}
{"level":"debug","message":"Params: [\"cml92ugqs0007q3oof2k0hw35\",\"cml94bejx00051360oftmcm9a\",1,0]","service":"preplyte-api","timestamp":"2026-02-05 12:44:40"}
{"level":"debug","message":"Duration: 1ms","service":"preplyte-api","timestamp":"2026-02-05 12:44:40"}
{"level":"debug","message":"Query: SELECT \"public\".\"lms_modules\".\"id\", \"public\".\"lms_modules\".\"courseId\", \"public\".\"lms_modules\".\"title\", \"public\".\"lms_modules\".\"shortDescription\", \"public\".\"lms_modules\".\"description\", \"public\".\"lms_modules\".\"order\", \"public\".\"lms_modules\".\"totalTopics\", \"public\".\"lms_modules\".\"points\", \"public\".\"lms_modules\".\"estimatedMinutes\", \"public\".\"lms_modules\".\"isActive\", \"public\".\"lms_modules\".\"createdAt\", \"public\".\"lms_modules\".\"updatedAt\" FROM \"public\".\"lms_modules\" WHERE (\"public\".\"lms_modules\".\"courseId\" = $1 AND \"public\".\"lms_modules\".\"order\" = $2 AND \"public\".\"lms_modules\".\"isActive\" = $3) LIMIT $4 OFFSET $5","service":"preplyte-api","timestamp":"2026-02-05 12:44:40"}
{"level":"debug","message":"Params: [\"cml94bejx00051360oftmcm9a\",1,true,1,0]","service":"preplyte-api","timestamp":"2026-02-05 12:44:40"}
{"level":"debug","message":"Duration: 0ms","service":"preplyte-api","timestamp":"2026-02-05 12:44:40"}
{"level":"debug","message":"Query: SELECT \"public\".\"lms_topics\".\"id\", \"public\".\"lms_topics\".\"moduleId\", \"public\".\"lms_topics\".\"title\", \"public\".\"lms_topics\".\"description\", \"public\".\"lms_topics\".\"order\", \"public\".\"lms_topics\".\"theoryContent\", \"public\".\"lms_topics\".\"videoUrl\", \"public\".\"lms_topics\".\"videoDuration\", \"public\".\"lms_topics\".\"estimatedMinutes\", \"public\".\"lms_topics\".\"resources\", \"public\".\"lms_topics\".\"isActive\", \"public\".\"lms_topics\".\"createdAt\", \"public\".\"lms_topics\".\"updatedAt\" FROM \"public\".\"lms_topics\" WHERE (\"public\".\"lms_topics\".\"isActive\" = $1 AND \"public\".\"lms_topics\".\"moduleId\" IN ($2)) ORDER BY \"public\".\"lms_topics\".\"order\" ASC OFFSET $3","service":"preplyte-api","timestamp":"2026-02-05 12:44:40"}
{"level":"debug","message":"Params: [true,\"cml94bejx00061360ybgbi4lp\",0]","service":"preplyte-api","timestamp":"2026-02-05 12:44:40"}
{"level":"debug","message":"Duration: 1ms","service":"preplyte-api","timestamp":"2026-02-05 12:44:40"}
{"level":"debug","message":"Query: SELECT \"public\".\"lms_module_tests\".\"id\", \"public\".\"lms_module_tests\".\"moduleId\", \"public\".\"lms_module_tests\".\"title\", \"public\".\"lms_module_tests\".\"instructions\", \"public\".\"lms_module_tests\".\"totalQuestions\", \"public\".\"lms_module_tests\".\"passingScore\", \"public\".\"lms_module_tests\".\"timeLimitMinutes\", \"public\".\"lms_module_tests\".\"maxAttempts\", \"public\".\"lms_module_tests\".\"pointsPerQuestion\", \"public\".\"lms_module_tests\".\"totalPoints\", \"public\".\"lms_module_tests\".\"isActive\", \"public\".\"lms_module_tests\".\"createdAt\", \"public\".\"lms_module_tests\".\"updatedAt\" FROM \"public\".\"lms_module_tests\" WHERE \"public\".\"lms_module_tests\".\"moduleId\" IN ($1) OFFSET $2","service":"preplyte-api","timestamp":"2026-02-05 12:44:40"}
{"level":"debug","message":"Params: [\"cml94bejx00061360ybgbi4lp\",0]","service":"preplyte-api","timestamp":"2026-02-05 12:44:40"}
{"level":"debug","message":"Duration: 1ms","service":"preplyte-api","timestamp":"2026-02-05 12:44:40"}
{"level":"debug","message":"Query: SELECT \"public\".\"lms_module_progress\".\"id\", \"public\".\"lms_module_progress\".\"userId\", \"public\".\"lms_module_progress\".\"moduleId\", \"public\".\"lms_module_progress\".\"status\"::text, \"public\".\"lms_module_progress\".\"completedTopics\", \"public\".\"lms_module_progress\".\"totalTopics\", \"public\".\"lms_module_progress\".\"progressPercent\", \"public\".\"lms_module_progress\".\"testAttempted\", \"public\".\"lms_module_progress\".\"testPassed\", \"public\".\"lms_module_progress\".\"testScore\", \"public\".\"lms_module_progress\".\"testAttempts\", \"public\".\"lms_module_progress\".\"pointsEarned\", \"public\".\"lms_module_progress\".\"timeSpentMinutes\", \"public\".\"lms_module_progress\".\"startedAt\", \"public\".\"lms_module_progress\".\"completedAt\", \"public\".\"lms_module_progress\".\"createdAt\", \"public\".\"lms_module_progress\".\"updatedAt\" FROM \"public\".\"lms_module_progress\" WHERE ((\"public\".\"lms_module_progress\".\"userId\" = $1 AND \"public\".\"lms_module_progress\".\"moduleId\" = $2) AND 1=1) LIMIT $3 OFFSET $4","service":"preplyte-api","timestamp":"2026-02-05 12:44:40"}
{"level":"debug","message":"Params: [\"cml92ugqs0007q3oof2k0hw35\",\"cml94bejx00061360ybgbi4lp\",1,0]","service":"preplyte-api","timestamp":"2026-02-05 12:44:40"}
{"level":"debug","message":"Duration: 1ms","service":"preplyte-api","timestamp":"2026-02-05 12:44:40"}
{"level":"debug","message":"Query: SELECT \"public\".\"lms_topic_progress\".\"id\", \"public\".\"lms_topic_progress\".\"userId\", \"public\".\"lms_topic_progress\".\"topicId\", \"public\".\"lms_topic_progress\".\"status\"::text, \"public\".\"lms_topic_progress\".\"theoryCompleted\", \"public\".\"lms_topic_progress\".\"videoWatched\", \"public\".\"lms_topic_progress\".\"videoProgress\", \"public\".\"lms_topic_progress\".\"timeSpentMinutes\", \"public\".\"lms_topic_progress\".\"startedAt\", \"public\".\"lms_topic_progress\".\"completedAt\", \"public\".\"lms_topic_progress\".\"createdAt\", \"public\".\"lms_topic_progress\".\"updatedAt\" FROM \"public\".\"lms_topic_progress\" WHERE (\"public\".\"lms_topic_progress\".\"userId\" = $1 AND \"public\".\"lms_topic_progress\".\"topicId\" IN ($2)) OFFSET $3","service":"preplyte-api","timestamp":"2026-02-05 12:44:40"}
{"level":"debug","message":"Params: [\"cml92ugqs0007q3oof2k0hw35\",\"cml94bejy00071360x0i56b1a\",0]","service":"preplyte-api","timestamp":"2026-02-05 12:44:40"}
{"level":"debug","message":"Duration: 0ms","service":"preplyte-api","timestamp":"2026-02-05 12:44:40"}
{"level":"info","message":"\u001b[0mGET /api/lms/courses/java-fullstack/modules/1 \u001b[32m200\u001b[0m 41.620 ms - -\u001b[0m","service":"preplyte-api","timestamp":"2026-02-05 12:44:40"}
{"level":"debug","message":"Query: SELECT 1","service":"preplyte-api","timestamp":"2026-02-05 12:46:24"}
{"level":"debug","message":"Params: []","service":"preplyte-api","timestamp":"2026-02-05 12:46:24"}
{"level":"debug","message":"Duration: 1ms","service":"preplyte-api","timestamp":"2026-02-05 12:46:24"}
{"level":"debug","message":"Query: SELECT \"public\".\"users\".\"id\", \"public\".\"users\".\"email\", \"public\".\"users\".\"role\"::text, \"public\".\"users\".\"instituteId\", \"public\".\"users\".\"isActive\", \"public\".\"users\".\"tokenVersion\" FROM \"public\".\"users\" WHERE (\"public\".\"users\".\"id\" = $1 AND 1=1) LIMIT $2 OFFSET $3","service":"preplyte-api","timestamp":"2026-02-05 12:46:24"}
{"level":"debug","message":"Params: [\"cml92r5r50001q3oopvkslp23\",1,0]","service":"preplyte-api","timestamp":"2026-02-05 12:46:24"}
{"level":"debug","message":"Duration: 1ms","service":"preplyte-api","timestamp":"2026-02-05 12:46:24"}
{"level":"debug","message":"Query: SELECT \"public\".\"lms_courses\".\"id\", \"public\".\"lms_courses\".\"categoryId\", \"public\".\"lms_courses\".\"title\", \"public\".\"lms_courses\".\"slug\", \"public\".\"lms_courses\".\"shortDescription\", \"public\".\"lms_courses\".\"description\", \"public\".\"lms_courses\".\"thumbnailUrl\", \"public\".\"lms_courses\".\"previewVideoUrl\", \"public\".\"lms_courses\".\"totalModules\", \"public\".\"lms_courses\".\"totalTopics\", \"public\".\"lms_courses\".\"totalPoints\", \"public\".\"lms_courses\".\"totalHours\", \"public\".\"lms_courses\".\"price\", \"public\".\"lms_courses\".\"discountPrice\", \"public\".\"lms_courses\".\"currency\", \"public\".\"lms_courses\".\"status\"::text, \"public\".\"lms_courses\".\"isActive\", \"public\".\"lms_courses\".\"certificateEnabled\", \"public\".\"lms_courses\".\"passingPercentage\", \"public\".\"lms_courses\".\"tags\", \"public\".\"lms_courses\".\"difficulty\"::text, \"public\".\"lms_courses\".\"instructor\", \"public\".\"lms_courses\".\"language\", \"public\".\"lms_courses\".\"createdAt\", \"public\".\"lms_courses\".\"updatedAt\", \"public\".\"lms_courses\".\"publishedAt\", COALESCE(\"aggr_selection_0_LmsEnrollment\".\"_aggr_count_enrollments\", 0) AS \"_aggr_count_enrollments\" FROM \"public\".\"lms_courses\" LEFT JOIN (SELECT \"public\".\"lms_enrollments\".\"courseId\", COUNT(*) AS \"_aggr_count_enrollments\" FROM \"public\".\"lms_enrollments\" WHERE 1=1 GROUP BY \"public\".\"lms_enrollments\".\"courseId\") AS \"aggr_selection_0_LmsEnrollment\" ON (\"public\".\"lms_courses\".\"id\" = \"aggr_selection_0_LmsEnrollment\".\"courseId\") WHERE (\"public\".\"lms_courses\".\"id\" = $1 AND 1=1) LIMIT $2 OFFSET $3","service":"preplyte-api","timestamp":"2026-02-05 12:46:24"}
{"level":"debug","message":"Params: [\"cml94bejx00051360oftmcm9a\",1,0]","service":"preplyte-api","timestamp":"2026-02-05 12:46:24"}
{"level":"debug","message":"Duration: 5ms","service":"preplyte-api","timestamp":"2026-02-05 12:46:24"}
{"level":"debug","message":"Query: SELECT \"public\".\"lms_categories\".\"id\", \"public\".\"lms_categories\".\"name\", \"public\".\"lms_categories\".\"slug\", \"public\".\"lms_categories\".\"description\", \"public\".\"lms_categories\".\"iconUrl\", \"public\".\"lms_categories\".\"order\", \"public\".\"lms_categories\".\"isActive\", \"public\".\"lms_categories\".\"createdAt\", \"public\".\"lms_categories\".\"updatedAt\" FROM \"public\".\"lms_categories\" WHERE \"public\".\"lms_categories\".\"id\" IN ($1) OFFSET $2","service":"preplyte-api","timestamp":"2026-02-05 12:46:24"}
{"level":"debug","message":"Params: [\"cml92k1i3000017d0bq70mkrl\",0]","service":"preplyte-api","timestamp":"2026-02-05 12:46:24"}
{"level":"debug","message":"Duration: 1ms","service":"preplyte-api","timestamp":"2026-02-05 12:46:24"}
{"level":"debug","message":"Query: SELECT \"public\".\"lms_modules\".\"id\", \"public\".\"lms_modules\".\"courseId\", \"public\".\"lms_modules\".\"title\", \"public\".\"lms_modules\".\"shortDescription\", \"public\".\"lms_modules\".\"description\", \"public\".\"lms_modules\".\"order\", \"public\".\"lms_modules\".\"totalTopics\", \"public\".\"lms_modules\".\"points\", \"public\".\"lms_modules\".\"estimatedMinutes\", \"public\".\"lms_modules\".\"isActive\", \"public\".\"lms_modules\".\"createdAt\", \"public\".\"lms_modules\".\"updatedAt\" FROM \"public\".\"lms_modules\" WHERE \"public\".\"lms_modules\".\"courseId\" IN ($1) ORDER BY \"public\".\"lms_modules\".\"order\" ASC OFFSET $2","service":"preplyte-api","timestamp":"2026-02-05 12:46:24"}
{"level":"debug","message":"Params: [\"cml94bejx00051360oftmcm9a\",0]","service":"preplyte-api","timestamp":"2026-02-05 12:46:24"}
{"level":"debug","message":"Duration: 1ms","service":"preplyte-api","timestamp":"2026-02-05 12:46:24"}
{"level":"debug","message":"Query: SELECT \"public\".\"lms_topics\".\"id\", \"public\".\"lms_topics\".\"moduleId\", \"public\".\"lms_topics\".\"title\", \"public\".\"lms_topics\".\"description\", \"public\".\"lms_topics\".\"order\", \"public\".\"lms_topics\".\"theoryContent\", \"public\".\"lms_topics\".\"videoUrl\", \"public\".\"lms_topics\".\"videoDuration\", \"public\".\"lms_topics\".\"estimatedMinutes\", \"public\".\"lms_topics\".\"resources\", \"public\".\"lms_topics\".\"isActive\", \"public\".\"lms_topics\".\"createdAt\", \"public\".\"lms_topics\".\"updatedAt\" FROM \"public\".\"lms_topics\" WHERE \"public\".\"lms_topics\".\"moduleId\" IN ($1) ORDER BY \"public\".\"lms_topics\".\"order\" ASC OFFSET $2","service":"preplyte-api","timestamp":"2026-02-05 12:46:24"}
{"level":"debug","message":"Params: [\"cml94bejx00061360ybgbi4lp\",0]","service":"preplyte-api","timestamp":"2026-02-05 12:46:24"}
{"level":"debug","message":"Duration: 1ms","service":"preplyte-api","timestamp":"2026-02-05 12:46:24"}
{"level":"info","message":"\u001b[0mGET /api/admin/lms/courses/cml94bejx00051360oftmcm9a \u001b[32m200\u001b[0m 30.045 ms - -\u001b[0m","service":"preplyte-api","timestamp":"2026-02-05 12:46:24"}
{"level":"debug","message":"Query: SELECT \"public\".\"users\".\"id\", \"public\".\"users\".\"email\", \"public\".\"users\".\"role\"::text, \"public\".\"users\".\"instituteId\", \"public\".\"users\".\"isActive\", \"public\".\"users\".\"tokenVersion\" FROM \"public\".\"users\" WHERE (\"public\".\"users\".\"id\" = $1 AND 1=1) LIMIT $2 OFFSET $3","service":"preplyte-api","timestamp":"2026-02-05 12:46:24"}
{"level":"debug","message":"Params: [\"cml92r5r50001q3oopvkslp23\",1,0]","service":"preplyte-api","timestamp":"2026-02-05 12:46:24"}
{"level":"debug","message":"Duration: 0ms","service":"preplyte-api","timestamp":"2026-02-05 12:46:24"}
{"level":"debug","message":"Query: SELECT \"public\".\"lms_categories\".\"id\", \"public\".\"lms_categories\".\"name\", \"public\".\"lms_categories\".\"slug\", \"public\".\"lms_categories\".\"description\", \"public\".\"lms_categories\".\"iconUrl\", \"public\".\"lms_categories\".\"order\", \"public\".\"lms_categories\".\"isActive\", \"public\".\"lms_categories\".\"createdAt\", \"public\".\"lms_categories\".\"updatedAt\", COALESCE(\"aggr_selection_0_LmsCourse\".\"_aggr_count_courses\", 0) AS \"_aggr_count_courses\" FROM \"public\".\"lms_categories\" LEFT JOIN (SELECT \"public\".\"lms_courses\".\"categoryId\", COUNT(*) AS \"_aggr_count_courses\" FROM \"public\".\"lms_courses\" WHERE 1=1 GROUP BY \"public\".\"lms_courses\".\"categoryId\") AS \"aggr_selection_0_LmsCourse\" ON (\"public\".\"lms_categories\".\"id\" = \"aggr_selection_0_LmsCourse\".\"categoryId\") WHERE 1=1 ORDER BY \"public\".\"lms_categories\".\"order\" ASC OFFSET $1","service":"preplyte-api","timestamp":"2026-02-05 12:46:24"}
{"level":"debug","message":"Params: [0]","service":"preplyte-api","timestamp":"2026-02-05 12:46:24"}
{"level":"debug","message":"Duration: 2ms","service":"preplyte-api","timestamp":"2026-02-05 12:46:24"}
{"level":"info","message":"\u001b[0mGET /api/admin/lms/categories \u001b[32m200\u001b[0m 13.934 ms - 860\u001b[0m","service":"preplyte-api","timestamp":"2026-02-05 12:46:24"}
{"level":"debug","message":"Query: SELECT \"public\".\"users\".\"id\", \"public\".\"users\".\"email\", \"public\".\"users\".\"role\"::text, \"public\".\"users\".\"instituteId\", \"public\".\"users\".\"isActive\", \"public\".\"users\".\"tokenVersion\" FROM \"public\".\"users\" WHERE (\"public\".\"users\".\"id\" = $1 AND 1=1) LIMIT $2 OFFSET $3","service":"preplyte-api","timestamp":"2026-02-05 12:47:13"}
{"level":"debug","message":"Params: [\"cml92r5r50001q3oopvkslp23\",1,0]","service":"preplyte-api","timestamp":"2026-02-05 12:47:13"}
{"level":"debug","message":"Duration: 5ms","service":"preplyte-api","timestamp":"2026-02-05 12:47:13"}
{"level":"debug","message":"Query: SELECT COUNT(*) FROM (SELECT \"public\".\"lms_courses\".\"id\" FROM \"public\".\"lms_courses\" WHERE 1=1 OFFSET $1) AS \"sub\"","service":"preplyte-api","timestamp":"2026-02-05 12:47:13"}
{"level":"debug","message":"Params: [0]","service":"preplyte-api","timestamp":"2026-02-05 12:47:13"}
{"level":"debug","message":"Duration: 11ms","service":"preplyte-api","timestamp":"2026-02-05 12:47:13"}
{"level":"debug","message":"Query: SELECT COUNT(*) FROM (SELECT \"public\".\"lms_enrollments\".\"id\" FROM \"public\".\"lms_enrollments\" WHERE 1=1 OFFSET $1) AS \"sub\"","service":"preplyte-api","timestamp":"2026-02-05 12:47:13"}
{"level":"debug","message":"Params: [0]","service":"preplyte-api","timestamp":"2026-02-05 12:47:13"}
{"level":"debug","message":"Duration: 7ms","service":"preplyte-api","timestamp":"2026-02-05 12:47:13"}
{"level":"debug","message":"Query: SELECT COUNT(*) FROM (SELECT \"public\".\"lms_categories\".\"id\" FROM \"public\".\"lms_categories\" WHERE 1=1 OFFSET $1) AS \"sub\"","service":"preplyte-api","timestamp":"2026-02-05 12:47:13"}
{"level":"debug","message":"Params: [0]","service":"preplyte-api","timestamp":"2026-02-05 12:47:13"}
{"level":"debug","message":"Duration: 5ms","service":"preplyte-api","timestamp":"2026-02-05 12:47:13"}
{"level":"debug","message":"Query: SELECT COUNT(*) FROM (SELECT \"public\".\"lms_modules\".\"id\" FROM \"public\".\"lms_modules\" WHERE 1=1 OFFSET $1) AS \"sub\"","service":"preplyte-api","timestamp":"2026-02-05 12:47:13"}
{"level":"debug","message":"Params: [0]","service":"preplyte-api","timestamp":"2026-02-05 12:47:13"}
{"level":"debug","message":"Duration: 4ms","service":"preplyte-api","timestamp":"2026-02-05 12:47:13"}
{"level":"debug","message":"Query: SELECT COUNT(*) FROM (SELECT \"public\".\"lms_topics\".\"id\" FROM \"public\".\"lms_topics\" WHERE 1=1 OFFSET $1) AS \"sub\"","service":"preplyte-api","timestamp":"2026-02-05 12:47:13"}
{"level":"debug","message":"Params: [0]","service":"preplyte-api","timestamp":"2026-02-05 12:47:13"}
{"level":"debug","message":"Duration: 6ms","service":"preplyte-api","timestamp":"2026-02-05 12:47:13"}
{"level":"debug","message":"Query: SELECT COUNT(*) FROM (SELECT \"public\".\"lms_courses\".\"id\" FROM \"public\".\"lms_courses\" WHERE \"public\".\"lms_courses\".\"status\" = CAST($1::text AS \"public\".\"LmsCourseStatus\") OFFSET $2) AS \"sub\"","service":"preplyte-api","timestamp":"2026-02-05 12:47:13"}
{"level":"debug","message":"Params: [\"PUBLISHED\",0]","service":"preplyte-api","timestamp":"2026-02-05 12:47:13"}
{"level":"debug","message":"Duration: 14ms","service":"preplyte-api","timestamp":"2026-02-05 12:47:13"}
{"level":"debug","message":"Query: SELECT COUNT(*) FROM (SELECT \"public\".\"lms_enrollments\".\"id\" FROM \"public\".\"lms_enrollments\" WHERE \"public\".\"lms_enrollments\".\"status\" = CAST($1::text AS \"public\".\"LmsEnrollmentStatus\") OFFSET $2) AS \"sub\"","service":"preplyte-api","timestamp":"2026-02-05 12:47:13"}
{"level":"debug","message":"Params: [\"COMPLETED\",0]","service":"preplyte-api","timestamp":"2026-02-05 12:47:13"}
{"level":"debug","message":"Duration: 21ms","service":"preplyte-api","timestamp":"2026-02-05 12:47:13"}
{"level":"debug","message":"Query: SELECT AVG(\"progressPercent\") FROM (SELECT \"public\".\"lms_enrollments\".\"progressPercent\" FROM \"public\".\"lms_enrollments\" WHERE 1=1 OFFSET $1) AS \"sub\"","service":"preplyte-api","timestamp":"2026-02-05 12:47:13"}
{"level":"debug","message":"Params: [0]","service":"preplyte-api","timestamp":"2026-02-05 12:47:13"}
{"level":"debug","message":"Duration: 7ms","service":"preplyte-api","timestamp":"2026-02-05 12:47:13"}
{"level":"debug","message":"Query: SELECT \"public\".\"lms_courses\".\"id\", \"public\".\"lms_courses\".\"price\", COALESCE(\"aggr_selection_0_LmsEnrollment\".\"_aggr_count_enrollments\", 0) AS \"_aggr_count_enrollments\" FROM \"public\".\"lms_courses\" LEFT JOIN (SELECT \"public\".\"lms_enrollments\".\"courseId\", COUNT(*) AS \"_aggr_count_enrollments\" FROM \"public\".\"lms_enrollments\" WHERE 1=1 GROUP BY \"public\".\"lms_enrollments\".\"courseId\") AS \"aggr_selection_0_LmsEnrollment\" ON (\"public\".\"lms_courses\".\"id\" = \"aggr_selection_0_LmsEnrollment\".\"courseId\") WHERE \"public\".\"lms_courses\".\"price\" > $1 OFFSET $2","service":"preplyte-api","timestamp":"2026-02-05 12:47:13"}
{"level":"debug","message":"Params: [0,0]","service":"preplyte-api","timestamp":"2026-02-05 12:47:13"}
{"level":"debug","message":"Duration: 13ms","service":"preplyte-api","timestamp":"2026-02-05 12:47:13"}
{"level":"debug","message":"Query: SELECT \"public\".\"lms_enrollments\".\"id\", \"public\".\"lms_enrollments\".\"enrolledAt\" FROM \"public\".\"lms_enrollments\" WHERE \"public\".\"lms_enrollments\".\"enrolledAt\" >= $1 ORDER BY \"public\".\"lms_enrollments\".\"id\" ASC LIMIT $2 OFFSET $3","service":"preplyte-api","timestamp":"2026-02-05 12:47:13"}
{"level":"debug","message":"Params: [\"2026-01-06 07:17:13.328 UTC\",1000,0]","service":"preplyte-api","timestamp":"2026-02-05 12:47:13"}
{"level":"debug","message":"Duration: 1ms","service":"preplyte-api","timestamp":"2026-02-05 12:47:13"}
{"level":"debug","message":"Query: SELECT \"public\".\"lms_categories\".\"id\", \"public\".\"lms_categories\".\"name\", \"public\".\"lms_categories\".\"slug\", \"public\".\"lms_categories\".\"description\", \"public\".\"lms_categories\".\"iconUrl\", \"public\".\"lms_categories\".\"order\", \"public\".\"lms_categories\".\"isActive\", \"public\".\"lms_categories\".\"createdAt\", \"public\".\"lms_categories\".\"updatedAt\" FROM \"public\".\"lms_categories\" WHERE 1=1 OFFSET $1","service":"preplyte-api","timestamp":"2026-02-05 12:47:13"}
{"level":"debug","message":"Params: [0]","service":"preplyte-api","timestamp":"2026-02-05 12:47:13"}
{"level":"debug","message":"Duration: 10ms","service":"preplyte-api","timestamp":"2026-02-05 12:47:13"}
{"level":"debug","message":"Query: SELECT \"public\".\"lms_courses\".\"id\", \"public\".\"lms_courses\".\"title\", \"public\".\"lms_courses\".\"price\", COALESCE(\"aggr_selection_0_LmsEnrollment\".\"_aggr_count_enrollments\", 0) AS \"_aggr_count_enrollments\" FROM \"public\".\"lms_courses\" LEFT JOIN (SELECT \"public\".\"lms_enrollments\".\"courseId\", COUNT(*) AS \"orderby_aggregator\" FROM \"public\".\"lms_enrollments\" WHERE 1=1 GROUP BY \"public\".\"lms_enrollments\".\"courseId\") AS \"orderby_1_LmsEnrollment\" ON (\"public\".\"lms_courses\".\"id\" = \"orderby_1_LmsEnrollment\".\"courseId\") LEFT JOIN (SELECT \"public\".\"lms_enrollments\".\"courseId\", COUNT(*) AS \"_aggr_count_enrollments\" FROM \"public\".\"lms_enrollments\" WHERE 1=1 GROUP BY \"public\".\"lms_enrollments\".\"courseId\") AS \"aggr_selection_0_LmsEnrollment\" ON (\"public\".\"lms_courses\".\"id\" = \"aggr_selection_0_LmsEnrollment\".\"courseId\") WHERE 1=1 ORDER BY COALESCE(\"orderby_1_LmsEnrollment\".\"orderby_aggregator\", $1) DESC LIMIT $2 OFFSET $3","service":"preplyte-api","timestamp":"2026-02-05 12:47:13"}
{"level":"debug","message":"Params: [0,5,0]","service":"preplyte-api","timestamp":"2026-02-05 12:47:13"}
{"level":"debug","message":"Duration: 15ms","service":"preplyte-api","timestamp":"2026-02-05 12:47:13"}
{"level":"debug","message":"Query: SELECT \"public\".\"lms_courses\".\"id\", \"public\".\"lms_courses\".\"categoryId\", COALESCE(\"aggr_selection_0_LmsEnrollment\".\"_aggr_count_enrollments\", 0) AS \"_aggr_count_enrollments\" FROM \"public\".\"lms_courses\" LEFT JOIN (SELECT \"public\".\"lms_enrollments\".\"courseId\", COUNT(*) AS \"_aggr_count_enrollments\" FROM \"public\".\"lms_enrollments\" WHERE 1=1 GROUP BY \"public\".\"lms_enrollments\".\"courseId\") AS \"aggr_selection_0_LmsEnrollment\" ON (\"public\".\"lms_courses\".\"id\" = \"aggr_selection_0_LmsEnrollment\".\"courseId\") WHERE \"public\".\"lms_courses\".\"categoryId\" IN ($1,$2,$3) OFFSET $4","service":"preplyte-api","timestamp":"2026-02-05 12:47:13"}
{"level":"debug","message":"Params: [\"cml92k1i3000017d0bq70mkrl\",\"cml92k1jr000117d0cg73jwlc\",\"cml92k1jt000217d0r4tfrsnl\",0]","service":"preplyte-api","timestamp":"2026-02-05 12:47:13"}
{"level":"debug","message":"Duration: 7ms","service":"preplyte-api","timestamp":"2026-02-05 12:47:13"}
{"level":"debug","message":"Query: SELECT AVG(\"public\".\"lms_enrollments\".\"progressPercent\"), \"public\".\"lms_enrollments\".\"courseId\" FROM \"public\".\"lms_enrollments\" WHERE \"public\".\"lms_enrollments\".\"courseId\" IN ($1,$2,$3) GROUP BY \"public\".\"lms_enrollments\".\"courseId\" OFFSET $4","service":"preplyte-api","timestamp":"2026-02-05 12:47:13"}
{"level":"debug","message":"Params: [\"cml94bejx00051360oftmcm9a\",\"cml92k1k4000417d09rzlrf37\",\"cml93bbti0001h2p0y0h24vng\",0]","service":"preplyte-api","timestamp":"2026-02-05 12:47:13"}
{"level":"debug","message":"Duration: 0ms","service":"preplyte-api","timestamp":"2026-02-05 12:47:13"}
{"level":"info","message":"\u001b[0mGET /api/admin/lms/analytics/overview \u001b[32m200\u001b[0m 270.664 ms - 999\u001b[0m","service":"preplyte-api","timestamp":"2026-02-05 12:47:13"}
{"level":"debug","message":"Query: SELECT 1","service":"preplyte-api","timestamp":"2026-02-05 12:47:39"}
{"level":"debug","message":"Params: []","service":"preplyte-api","timestamp":"2026-02-05 12:47:39"}
{"level":"debug","message":"Duration: 0ms","service":"preplyte-api","timestamp":"2026-02-05 12:47:39"}
{"level":"debug","message":"Query: SELECT 1","service":"preplyte-api","timestamp":"2026-02-05 12:47:39"}
{"level":"debug","message":"Params: []","service":"preplyte-api","timestamp":"2026-02-05 12:47:39"}
{"level":"debug","message":"Duration: 0ms","service":"preplyte-api","timestamp":"2026-02-05 12:47:39"}
{"level":"debug","message":"Query: SELECT 1","service":"preplyte-api","timestamp":"2026-02-05 12:47:39"}
{"level":"debug","message":"Params: []","service":"preplyte-api","timestamp":"2026-02-05 12:47:39"}
{"level":"debug","message":"Duration: 1ms","service":"preplyte-api","timestamp":"2026-02-05 12:47:39"}
{"level":"debug","message":"Query: SELECT 1","service":"preplyte-api","timestamp":"2026-02-05 12:47:39"}
{"level":"debug","message":"Params: []","service":"preplyte-api","timestamp":"2026-02-05 12:47:39"}
{"level":"debug","message":"Duration: 1ms","service":"preplyte-api","timestamp":"2026-02-05 12:47:39"}
{"level":"debug","message":"Query: SELECT 1","service":"preplyte-api","timestamp":"2026-02-05 12:47:39"}
{"level":"debug","message":"Params: []","service":"preplyte-api","timestamp":"2026-02-05 12:47:39"}
{"level":"debug","message":"Duration: 1ms","service":"preplyte-api","timestamp":"2026-02-05 12:47:39"}
{"level":"debug","message":"Query: SELECT COUNT(*) FROM (SELECT \"public\".\"lms_courses\".\"id\" FROM \"public\".\"lms_courses\" WHERE (\"public\".\"lms_courses\".\"status\" = CAST($1::text AS \"public\".\"LmsCourseStatus\") AND \"public\".\"lms_courses\".\"isActive\" = $2) OFFSET $3) AS \"sub\"","service":"preplyte-api","timestamp":"2026-02-05 12:47:39"}
{"level":"debug","message":"Params: [\"PUBLISHED\",true,0]","service":"preplyte-api","timestamp":"2026-02-05 12:47:39"}
{"level":"debug","message":"Duration: 3ms","service":"preplyte-api","timestamp":"2026-02-05 12:47:39"}
{"level":"debug","message":"Query: SELECT AVG(\"progressPercent\") FROM (SELECT \"public\".\"lms_enrollments\".\"progressPercent\" FROM \"public\".\"lms_enrollments\" WHERE \"public\".\"lms_enrollments\".\"status\" = CAST($1::text AS \"public\".\"LmsEnrollmentStatus\") OFFSET $2) AS \"sub\"","service":"preplyte-api","timestamp":"2026-02-05 12:47:39"}
{"level":"debug","message":"Params: [\"COMPLETED\",0]","service":"preplyte-api","timestamp":"2026-02-05 12:47:39"}
{"level":"debug","message":"Duration: 3ms","service":"preplyte-api","timestamp":"2026-02-05 12:47:39"}
{"level":"debug","message":"Query: SELECT \"public\".\"lms_courses\".\"id\", \"public\".\"lms_courses\".\"instructor\" FROM \"public\".\"lms_courses\" WHERE (\"public\".\"lms_courses\".\"status\" = CAST($1::text AS \"public\".\"LmsCourseStatus\") AND \"public\".\"lms_courses\".\"isActive\" = $2) OFFSET $3","service":"preplyte-api","timestamp":"2026-02-05 12:47:39"}
{"level":"debug","message":"Params: [\"PUBLISHED\",true,0]","service":"preplyte-api","timestamp":"2026-02-05 12:47:39"}
{"level":"debug","message":"Duration: 3ms","service":"preplyte-api","timestamp":"2026-02-05 12:47:39"}
{"level":"debug","message":"Query: SELECT COUNT(*) FROM (SELECT \"public\".\"lms_courses\".\"id\" FROM \"public\".\"lms_courses\" WHERE (\"public\".\"lms_courses\".\"status\" = CAST($1::text AS \"public\".\"LmsCourseStatus\") AND \"public\".\"lms_courses\".\"isActive\" = $2) OFFSET $3) AS \"sub\"","service":"preplyte-api","timestamp":"2026-02-05 12:47:39"}
{"level":"debug","message":"Params: [\"PUBLISHED\",true,0]","service":"preplyte-api","timestamp":"2026-02-05 12:47:39"}
{"level":"debug","message":"Duration: 1ms","service":"preplyte-api","timestamp":"2026-02-05 12:47:39"}
{"level":"debug","message":"Query: SELECT \"public\".\"lms_categories\".\"id\", \"public\".\"lms_categories\".\"name\", \"public\".\"lms_categories\".\"slug\", \"public\".\"lms_categories\".\"description\", \"public\".\"lms_categories\".\"iconUrl\", \"public\".\"lms_categories\".\"order\", \"public\".\"lms_categories\".\"isActive\", \"public\".\"lms_categories\".\"createdAt\", \"public\".\"lms_categories\".\"updatedAt\", COALESCE(\"aggr_selection_0_LmsCourse\".\"_aggr_count_courses\", 0) AS \"_aggr_count_courses\" FROM \"public\".\"lms_categories\" LEFT JOIN (SELECT \"public\".\"lms_courses\".\"categoryId\", COUNT(*) AS \"_aggr_count_courses\" FROM \"public\".\"lms_courses\" WHERE (\"public\".\"lms_courses\".\"status\" = CAST($1::text AS \"public\".\"LmsCourseStatus\") AND \"public\".\"lms_courses\".\"isActive\" = $2) GROUP BY \"public\".\"lms_courses\".\"categoryId\") AS \"aggr_selection_0_LmsCourse\" ON (\"public\".\"lms_categories\".\"id\" = \"aggr_selection_0_LmsCourse\".\"categoryId\") WHERE \"public\".\"lms_categories\".\"isActive\" = $3 ORDER BY \"public\".\"lms_categories\".\"order\" ASC OFFSET $4","service":"preplyte-api","timestamp":"2026-02-05 12:47:39"}
{"level":"debug","message":"Params: [\"PUBLISHED\",true,true,0]","service":"preplyte-api","timestamp":"2026-02-05 12:47:39"}
{"level":"debug","message":"Duration: 10ms","service":"preplyte-api","timestamp":"2026-02-05 12:47:39"}
{"level":"debug","message":"Query: SELECT \"public\".\"lms_courses\".\"id\", \"public\".\"lms_courses\".\"categoryId\", \"public\".\"lms_courses\".\"title\", \"public\".\"lms_courses\".\"slug\", \"public\".\"lms_courses\".\"shortDescription\", \"public\".\"lms_courses\".\"description\", \"public\".\"lms_courses\".\"thumbnailUrl\", \"public\".\"lms_courses\".\"previewVideoUrl\", \"public\".\"lms_courses\".\"totalModules\", \"public\".\"lms_courses\".\"totalTopics\", \"public\".\"lms_courses\".\"totalPoints\", \"public\".\"lms_courses\".\"totalHours\", \"public\".\"lms_courses\".\"price\", \"public\".\"lms_courses\".\"discountPrice\", \"public\".\"lms_courses\".\"currency\", \"public\".\"lms_courses\".\"status\"::text, \"public\".\"lms_courses\".\"isActive\", \"public\".\"lms_courses\".\"certificateEnabled\", \"public\".\"lms_courses\".\"passingPercentage\", \"public\".\"lms_courses\".\"tags\", \"public\".\"lms_courses\".\"difficulty\"::text, \"public\".\"lms_courses\".\"instructor\", \"public\".\"lms_courses\".\"language\", \"public\".\"lms_courses\".\"createdAt\", \"public\".\"lms_courses\".\"updatedAt\", \"public\".\"lms_courses\".\"publishedAt\" FROM \"public\".\"lms_courses\" LEFT JOIN (SELECT \"public\".\"lms_enrollments\".\"courseId\", COUNT(*) AS \"orderby_aggregator\" FROM \"public\".\"lms_enrollments\" WHERE 1=1 GROUP BY \"public\".\"lms_enrollments\".\"courseId\") AS \"orderby_1_LmsEnrollment\" ON (\"public\".\"lms_courses\".\"id\" = \"orderby_1_LmsEnrollment\".\"courseId\") WHERE (\"public\".\"lms_courses\".\"status\" = CAST($1::text AS \"public\".\"LmsCourseStatus\") AND \"public\".\"lms_courses\".\"isActive\" = $2) ORDER BY COALESCE(\"orderby_1_LmsEnrollment\".\"orderby_aggregator\", $3) DESC LIMIT $4 OFFSET $5","service":"preplyte-api","timestamp":"2026-02-05 12:47:39"}
{"level":"debug","message":"Params: [\"PUBLISHED\",true,0,12,0]","service":"preplyte-api","timestamp":"2026-02-05 12:47:39"}
{"level":"debug","message":"Duration: 3ms","service":"preplyte-api","timestamp":"2026-02-05 12:47:39"}
{"level":"debug","message":"Query: SELECT COUNT(*), \"public\".\"lms_enrollments\".\"userId\" FROM \"public\".\"lms_enrollments\" WHERE 1=1 GROUP BY \"public\".\"lms_enrollments\".\"userId\" OFFSET $1","service":"preplyte-api","timestamp":"2026-02-05 12:47:39"}
{"level":"debug","message":"Params: [0]","service":"preplyte-api","timestamp":"2026-02-05 12:47:39"}
{"level":"debug","message":"Duration: 9ms","service":"preplyte-api","timestamp":"2026-02-05 12:47:39"}
{"level":"debug","message":"Query: SELECT \"public\".\"lms_categories\".\"id\", \"public\".\"lms_categories\".\"name\", \"public\".\"lms_categories\".\"slug\" FROM \"public\".\"lms_categories\" WHERE \"public\".\"lms_categories\".\"id\" IN ($1) OFFSET $2","service":"preplyte-api","timestamp":"2026-02-05 12:47:39"}
{"level":"debug","message":"Params: [\"cml92k1i3000017d0bq70mkrl\",0]","service":"preplyte-api","timestamp":"2026-02-05 12:47:39"}
{"level":"debug","message":"Duration: 1ms","service":"preplyte-api","timestamp":"2026-02-05 12:47:39"}
{"level":"info","message":"\u001b[0mGET /api/lms/categories \u001b[36m304\u001b[0m 39.280 ms - -\u001b[0m","service":"preplyte-api","timestamp":"2026-02-05 12:47:39"}
{"level":"info","message":"\u001b[0mGET /api/lms/stats \u001b[32m200\u001b[0m 42.487 ms - 146\u001b[0m","service":"preplyte-api","timestamp":"2026-02-05 12:47:39"}
{"level":"info","message":"\u001b[0mGET /api/lms/courses?page=1&limit=12&priceRange=all&sortBy=popular&search= \u001b[32m200\u001b[0m 45.232 ms - -\u001b[0m","service":"preplyte-api","timestamp":"2026-02-05 12:47:39"}
{"level":"debug","message":"Query: SELECT \"public\".\"lms_courses\".\"id\", \"public\".\"lms_courses\".\"categoryId\", \"public\".\"lms_courses\".\"title\", \"public\".\"lms_courses\".\"slug\", \"public\".\"lms_courses\".\"shortDescription\", \"public\".\"lms_courses\".\"description\", \"public\".\"lms_courses\".\"thumbnailUrl\", \"public\".\"lms_courses\".\"previewVideoUrl\", \"public\".\"lms_courses\".\"totalModules\", \"public\".\"lms_courses\".\"totalTopics\", \"public\".\"lms_courses\".\"totalPoints\", \"public\".\"lms_courses\".\"totalHours\", \"public\".\"lms_courses\".\"price\", \"public\".\"lms_courses\".\"discountPrice\", \"public\".\"lms_courses\".\"currency\", \"public\".\"lms_courses\".\"status\"::text, \"public\".\"lms_courses\".\"isActive\", \"public\".\"lms_courses\".\"certificateEnabled\", \"public\".\"lms_courses\".\"passingPercentage\", \"public\".\"lms_courses\".\"tags\", \"public\".\"lms_courses\".\"difficulty\"::text, \"public\".\"lms_courses\".\"instructor\", \"public\".\"lms_courses\".\"language\", \"public\".\"lms_courses\".\"createdAt\", \"public\".\"lms_courses\".\"updatedAt\", \"public\".\"lms_courses\".\"publishedAt\" FROM \"public\".\"lms_courses\" WHERE (\"public\".\"lms_courses\".\"slug\" = $1 AND 1=1) LIMIT $2 OFFSET $3","service":"preplyte-api","timestamp":"2026-02-05 12:47:49"}
{"level":"debug","message":"Params: [\"java-fullstack\",1,0]","service":"preplyte-api","timestamp":"2026-02-05 12:47:49"}
{"level":"debug","message":"Duration: 1ms","service":"preplyte-api","timestamp":"2026-02-05 12:47:49"}
{"level":"debug","message":"Query: SELECT \"public\".\"lms_categories\".\"id\", \"public\".\"lms_categories\".\"name\", \"public\".\"lms_categories\".\"slug\", \"public\".\"lms_categories\".\"description\", \"public\".\"lms_categories\".\"iconUrl\", \"public\".\"lms_categories\".\"order\", \"public\".\"lms_categories\".\"isActive\", \"public\".\"lms_categories\".\"createdAt\", \"public\".\"lms_categories\".\"updatedAt\" FROM \"public\".\"lms_categories\" WHERE \"public\".\"lms_categories\".\"id\" IN ($1) OFFSET $2","service":"preplyte-api","timestamp":"2026-02-05 12:47:49"}
{"level":"debug","message":"Params: [\"cml92k1i3000017d0bq70mkrl\",0]","service":"preplyte-api","timestamp":"2026-02-05 12:47:49"}
{"level":"debug","message":"Duration: 1ms","service":"preplyte-api","timestamp":"2026-02-05 12:47:49"}
{"level":"debug","message":"Query: SELECT \"public\".\"lms_modules\".\"id\", \"public\".\"lms_modules\".\"courseId\", \"public\".\"lms_modules\".\"title\", \"public\".\"lms_modules\".\"shortDescription\", \"public\".\"lms_modules\".\"description\", \"public\".\"lms_modules\".\"order\", \"public\".\"lms_modules\".\"totalTopics\", \"public\".\"lms_modules\".\"points\", \"public\".\"lms_modules\".\"estimatedMinutes\", \"public\".\"lms_modules\".\"isActive\", \"public\".\"lms_modules\".\"createdAt\", \"public\".\"lms_modules\".\"updatedAt\" FROM \"public\".\"lms_modules\" WHERE (\"public\".\"lms_modules\".\"isActive\" = $1 AND \"public\".\"lms_modules\".\"courseId\" IN ($2)) ORDER BY \"public\".\"lms_modules\".\"order\" ASC OFFSET $3","service":"preplyte-api","timestamp":"2026-02-05 12:47:49"}
{"level":"debug","message":"Params: [true,\"cml94bejx00051360oftmcm9a\",0]","service":"preplyte-api","timestamp":"2026-02-05 12:47:49"}
{"level":"debug","message":"Duration: 1ms","service":"preplyte-api","timestamp":"2026-02-05 12:47:49"}
{"level":"debug","message":"Query: SELECT \"public\".\"lms_topics\".\"id\", \"public\".\"lms_topics\".\"title\", \"public\".\"lms_topics\".\"order\", \"public\".\"lms_topics\".\"estimatedMinutes\", \"public\".\"lms_topics\".\"videoUrl\", \"public\".\"lms_topics\".\"moduleId\" FROM \"public\".\"lms_topics\" WHERE (\"public\".\"lms_topics\".\"isActive\" = $1 AND \"public\".\"lms_topics\".\"moduleId\" IN ($2)) ORDER BY \"public\".\"lms_topics\".\"order\" ASC OFFSET $3","service":"preplyte-api","timestamp":"2026-02-05 12:47:49"}
{"level":"debug","message":"Params: [true,\"cml94bejx00061360ybgbi4lp\",0]","service":"preplyte-api","timestamp":"2026-02-05 12:47:49"}
{"level":"debug","message":"Duration: 1ms","service":"preplyte-api","timestamp":"2026-02-05 12:47:49"}
{"level":"debug","message":"Query: SELECT \"public\".\"lms_module_tests\".\"id\", \"public\".\"lms_module_tests\".\"title\", \"public\".\"lms_module_tests\".\"instructions\", \"public\".\"lms_module_tests\".\"totalQuestions\", \"public\".\"lms_module_tests\".\"timeLimitMinutes\", \"public\".\"lms_module_tests\".\"passingScore\", \"public\".\"lms_module_tests\".\"maxAttempts\", \"public\".\"lms_module_tests\".\"pointsPerQuestion\", \"public\".\"lms_module_tests\".\"totalPoints\", \"public\".\"lms_module_tests\".\"isActive\", \"public\".\"lms_module_tests\".\"moduleId\" FROM \"public\".\"lms_module_tests\" WHERE \"public\".\"lms_module_tests\".\"moduleId\" IN ($1) OFFSET $2","service":"preplyte-api","timestamp":"2026-02-05 12:47:49"}
{"level":"debug","message":"Params: [\"cml94bejx00061360ybgbi4lp\",0]","service":"preplyte-api","timestamp":"2026-02-05 12:47:49"}
{"level":"debug","message":"Duration: 6ms","service":"preplyte-api","timestamp":"2026-02-05 12:47:49"}
{"level":"debug","message":"Query: SELECT \"public\".\"lms_final_tests\".\"id\", \"public\".\"lms_final_tests\".\"courseId\", \"public\".\"lms_final_tests\".\"title\", \"public\".\"lms_final_tests\".\"instructions\", \"public\".\"lms_final_tests\".\"totalQuestions\", \"public\".\"lms_final_tests\".\"passingScore\", \"public\".\"lms_final_tests\".\"timeLimitMinutes\", \"public\".\"lms_final_tests\".\"pointsPerQuestion\", \"public\".\"lms_final_tests\".\"totalPoints\", \"public\".\"lms_final_tests\".\"maxAttempts\", \"public\".\"lms_final_tests\".\"isActive\", \"public\".\"lms_final_tests\".\"createdAt\", \"public\".\"lms_final_tests\".\"updatedAt\" FROM \"public\".\"lms_final_tests\" WHERE \"public\".\"lms_final_tests\".\"courseId\" IN ($1) OFFSET $2","service":"preplyte-api","timestamp":"2026-02-05 12:47:49"}
{"level":"debug","message":"Params: [\"cml94bejx00051360oftmcm9a\",0]","service":"preplyte-api","timestamp":"2026-02-05 12:47:49"}
{"level":"debug","message":"Duration: 5ms","service":"preplyte-api","timestamp":"2026-02-05 12:47:49"}
{"level":"info","message":"\u001b[0mGET /api/lms/courses/java-fullstack \u001b[32m200\u001b[0m 86.486 ms - -\u001b[0m","service":"preplyte-api","timestamp":"2026-02-05 12:47:49"}
{"level":"debug","message":"Query: SELECT \"public\".\"lms_courses\".\"id\", \"public\".\"lms_courses\".\"categoryId\", \"public\".\"lms_courses\".\"title\", \"public\".\"lms_courses\".\"slug\", \"public\".\"lms_courses\".\"shortDescription\", \"public\".\"lms_courses\".\"description\", \"public\".\"lms_courses\".\"thumbnailUrl\", \"public\".\"lms_courses\".\"previewVideoUrl\", \"public\".\"lms_courses\".\"totalModules\", \"public\".\"lms_courses\".\"totalTopics\", \"public\".\"lms_courses\".\"totalPoints\", \"public\".\"lms_courses\".\"totalHours\", \"public\".\"lms_courses\".\"price\", \"public\".\"lms_courses\".\"discountPrice\", \"public\".\"lms_courses\".\"currency\", \"public\".\"lms_courses\".\"status\"::text, \"public\".\"lms_courses\".\"isActive\", \"public\".\"lms_courses\".\"certificateEnabled\", \"public\".\"lms_courses\".\"passingPercentage\", \"public\".\"lms_courses\".\"tags\", \"public\".\"lms_courses\".\"difficulty\"::text, \"public\".\"lms_courses\".\"instructor\", \"public\".\"lms_courses\".\"language\", \"public\".\"lms_courses\".\"createdAt\", \"public\".\"lms_courses\".\"updatedAt\", \"public\".\"lms_courses\".\"publishedAt\" FROM \"public\".\"lms_courses\" WHERE (\"public\".\"lms_courses\".\"slug\" = $1 AND 1=1) LIMIT $2 OFFSET $3","service":"preplyte-api","timestamp":"2026-02-05 12:47:52"}
{"level":"debug","message":"Params: [\"complete-web-development-bootcamp\",1,0]","service":"preplyte-api","timestamp":"2026-02-05 12:47:52"}
{"level":"debug","message":"Duration: 1ms","service":"preplyte-api","timestamp":"2026-02-05 12:47:52"}
{"level":"debug","message":"Query: SELECT \"public\".\"lms_categories\".\"id\", \"public\".\"lms_categories\".\"name\", \"public\".\"lms_categories\".\"slug\", \"public\".\"lms_categories\".\"description\", \"public\".\"lms_categories\".\"iconUrl\", \"public\".\"lms_categories\".\"order\", \"public\".\"lms_categories\".\"isActive\", \"public\".\"lms_categories\".\"createdAt\", \"public\".\"lms_categories\".\"updatedAt\" FROM \"public\".\"lms_categories\" WHERE \"public\".\"lms_categories\".\"id\" IN ($1) OFFSET $2","service":"preplyte-api","timestamp":"2026-02-05 12:47:52"}
{"level":"debug","message":"Params: [\"cml92k1i3000017d0bq70mkrl\",0]","service":"preplyte-api","timestamp":"2026-02-05 12:47:52"}
{"level":"debug","message":"Duration: 0ms","service":"preplyte-api","timestamp":"2026-02-05 12:47:52"}
{"level":"debug","message":"Query: SELECT \"public\".\"lms_modules\".\"id\", \"public\".\"lms_modules\".\"courseId\", \"public\".\"lms_modules\".\"title\", \"public\".\"lms_modules\".\"shortDescription\", \"public\".\"lms_modules\".\"description\", \"public\".\"lms_modules\".\"order\", \"public\".\"lms_modules\".\"totalTopics\", \"public\".\"lms_modules\".\"points\", \"public\".\"lms_modules\".\"estimatedMinutes\", \"public\".\"lms_modules\".\"isActive\", \"public\".\"lms_modules\".\"createdAt\", \"public\".\"lms_modules\".\"updatedAt\" FROM \"public\".\"lms_modules\" WHERE (\"public\".\"lms_modules\".\"isActive\" = $1 AND \"public\".\"lms_modules\".\"courseId\" IN ($2)) ORDER BY \"public\".\"lms_modules\".\"order\" ASC OFFSET $3","service":"preplyte-api","timestamp":"2026-02-05 12:47:52"}
{"level":"debug","message":"Params: [true,\"cml92k1k4000417d09rzlrf37\",0]","service":"preplyte-api","timestamp":"2026-02-05 12:47:52"}
{"level":"debug","message":"Duration: 1ms","service":"preplyte-api","timestamp":"2026-02-05 12:47:52"}
{"level":"debug","message":"Query: SELECT \"public\".\"lms_topics\".\"id\", \"public\".\"lms_topics\".\"title\", \"public\".\"lms_topics\".\"order\", \"public\".\"lms_topics\".\"estimatedMinutes\", \"public\".\"lms_topics\".\"videoUrl\", \"public\".\"lms_topics\".\"moduleId\" FROM \"public\".\"lms_topics\" WHERE (\"public\".\"lms_topics\".\"isActive\" = $1 AND \"public\".\"lms_topics\".\"moduleId\" IN ($2,$3,$4,$5,$6)) ORDER BY \"public\".\"lms_topics\".\"order\" ASC OFFSET $7","service":"preplyte-api","timestamp":"2026-02-05 12:47:52"}
{"level":"debug","message":"Params: [true,\"cml92k1ke000617d0l56w3n45\",\"cml92k1kj000817d0x6y6z5f7\",\"cml92k1kl000a17d0yp4e89wr\",\"cml92k1kn000c17d0ocn7frmc\",\"cml92k1kp000e17d03txb42ra\",0]","service":"preplyte-api","timestamp":"2026-02-05 12:47:52"}
{"level":"debug","message":"Duration: 1ms","service":"preplyte-api","timestamp":"2026-02-05 12:47:52"}
{"level":"debug","message":"Query: SELECT \"public\".\"lms_module_tests\".\"id\", \"public\".\"lms_module_tests\".\"title\", \"public\".\"lms_module_tests\".\"instructions\", \"public\".\"lms_module_tests\".\"totalQuestions\", \"public\".\"lms_module_tests\".\"timeLimitMinutes\", \"public\".\"lms_module_tests\".\"passingScore\", \"public\".\"lms_module_tests\".\"maxAttempts\", \"public\".\"lms_module_tests\".\"pointsPerQuestion\", \"public\".\"lms_module_tests\".\"totalPoints\", \"public\".\"lms_module_tests\".\"isActive\", \"public\".\"lms_module_tests\".\"moduleId\" FROM \"public\".\"lms_module_tests\" WHERE \"public\".\"lms_module_tests\".\"moduleId\" IN ($1,$2,$3,$4,$5) OFFSET $6","service":"preplyte-api","timestamp":"2026-02-05 12:47:52"}
{"level":"debug","message":"Params: [\"cml92k1ke000617d0l56w3n45\",\"cml92k1kj000817d0x6y6z5f7\",\"cml92k1kl000a17d0yp4e89wr\",\"cml92k1kn000c17d0ocn7frmc\",\"cml92k1kp000e17d03txb42ra\",0]","service":"preplyte-api","timestamp":"2026-02-05 12:47:52"}
{"level":"debug","message":"Duration: 1ms","service":"preplyte-api","timestamp":"2026-02-05 12:47:52"}
{"level":"debug","message":"Query: SELECT \"public\".\"lms_final_tests\".\"id\", \"public\".\"lms_final_tests\".\"courseId\", \"public\".\"lms_final_tests\".\"title\", \"public\".\"lms_final_tests\".\"instructions\", \"public\".\"lms_final_tests\".\"totalQuestions\", \"public\".\"lms_final_tests\".\"passingScore\", \"public\".\"lms_final_tests\".\"timeLimitMinutes\", \"public\".\"lms_final_tests\".\"pointsPerQuestion\", \"public\".\"lms_final_tests\".\"totalPoints\", \"public\".\"lms_final_tests\".\"maxAttempts\", \"public\".\"lms_final_tests\".\"isActive\", \"public\".\"lms_final_tests\".\"createdAt\", \"public\".\"lms_final_tests\".\"updatedAt\" FROM \"public\".\"lms_final_tests\" WHERE \"public\".\"lms_final_tests\".\"courseId\" IN ($1) OFFSET $2","service":"preplyte-api","timestamp":"2026-02-05 12:47:52"}
{"level":"debug","message":"Params: [\"cml92k1k4000417d09rzlrf37\",0]","service":"preplyte-api","timestamp":"2026-02-05 12:47:52"}
{"level":"debug","message":"Duration: 1ms","service":"preplyte-api","timestamp":"2026-02-05 12:47:52"}
{"level":"info","message":"\u001b[0mGET /api/lms/courses/complete-web-development-bootcamp \u001b[36m304\u001b[0m 30.856 ms - -\u001b[0m","service":"preplyte-api","timestamp":"2026-02-05 12:47:52"}
{"level":"info","message":"\u001b[0mPOST /api/lms/courses/complete-web-development-bootcamp/enroll \u001b[33m401\u001b[0m 1.766 ms - 108\u001b[0m","service":"preplyte-api","timestamp":"2026-02-05 12:47:55"}
{"level":"debug","message":"Query: SELECT 1","service":"preplyte-api","timestamp":"2026-02-05 12:47:55"}
{"level":"debug","message":"Params: []","service":"preplyte-api","timestamp":"2026-02-05 12:47:55"}
{"level":"debug","message":"Duration: 0ms","service":"preplyte-api","timestamp":"2026-02-05 12:47:55"}
{"level":"debug","message":"Query: SELECT \"public\".\"refresh_tokens\".\"id\", \"public\".\"refresh_tokens\".\"token\", \"public\".\"refresh_tokens\".\"userId\", \"public\".\"refresh_tokens\".\"expiresAt\", \"public\".\"refresh_tokens\".\"revokedAt\", \"public\".\"refresh_tokens\".\"userAgent\", \"public\".\"refresh_tokens\".\"ipAddress\", \"public\".\"refresh_tokens\".\"createdAt\" FROM \"public\".\"refresh_tokens\" WHERE (\"public\".\"refresh_tokens\".\"token\" = $1 AND \"public\".\"refresh_tokens\".\"userId\" = $2) LIMIT $3 OFFSET $4","service":"preplyte-api","timestamp":"2026-02-05 12:47:55"}
{"level":"debug","message":"Params: [\"85821fe3052da2ec24cc130ce21a75bec5b83b29d6d0c1892b03bf408f05bcf7\",\"cml92ugqs0007q3oof2k0hw35\",1,0]","service":"preplyte-api","timestamp":"2026-02-05 12:47:55"}
{"level":"debug","message":"Duration: 10ms","service":"preplyte-api","timestamp":"2026-02-05 12:47:55"}
{"level":"warn","message":"Refresh token reuse detected","revokedAt":"2026-02-05T07:12:45.336Z","service":"preplyte-api","timestamp":"2026-02-05 12:47:55","tokenId":"cml92urzi0009q3ootryffbxc","userId":"cml92ugqs0007q3oof2k0hw35"}
{"level":"debug","message":"Query: BEGIN","service":"preplyte-api","timestamp":"2026-02-05 12:47:55"}
{"level":"debug","message":"Params: []","service":"preplyte-api","timestamp":"2026-02-05 12:47:55"}
{"level":"debug","message":"Duration: 0ms","service":"preplyte-api","timestamp":"2026-02-05 12:47:55"}
{"level":"debug","message":"Query: SELECT 1","service":"preplyte-api","timestamp":"2026-02-05 12:47:55"}
{"level":"debug","message":"Params: []","service":"preplyte-api","timestamp":"2026-02-05 12:47:55"}
{"level":"debug","message":"Duration: 1ms","service":"preplyte-api","timestamp":"2026-02-05 12:47:55"}
{"level":"debug","message":"Query: UPDATE \"public\".\"refresh_tokens\" SET \"revokedAt\" = $1 WHERE (\"public\".\"refresh_tokens\".\"userId\" = $2 AND \"public\".\"refresh_tokens\".\"revokedAt\" IS NULL)","service":"preplyte-api","timestamp":"2026-02-05 12:47:55"}
{"level":"debug","message":"Params: [\"2026-02-05 07:17:55.175 UTC\",\"cml92ugqs0007q3oof2k0hw35\"]","service":"preplyte-api","timestamp":"2026-02-05 12:47:55"}
{"level":"debug","message":"Duration: 3ms","service":"preplyte-api","timestamp":"2026-02-05 12:47:55"}
{"level":"debug","message":"Query: COMMIT","service":"preplyte-api","timestamp":"2026-02-05 12:47:55"}
{"level":"debug","message":"Params: []","service":"preplyte-api","timestamp":"2026-02-05 12:47:55"}
{"level":"debug","message":"Duration: 5ms","service":"preplyte-api","timestamp":"2026-02-05 12:47:55"}
{"level":"debug","message":"Query: UPDATE \"public\".\"users\" SET \"tokenVersion\" = (\"public\".\"users\".\"tokenVersion\" + $1), \"updatedAt\" = $2 WHERE (\"public\".\"users\".\"id\" = $3 AND 1=1) RETURNING \"public\".\"users\".\"id\", \"public\".\"users\".\"email\", \"public\".\"users\".\"password\", \"public\".\"users\".\"name\", \"public\".\"users\".\"role\"::text, \"public\".\"users\".\"isActive\", \"public\".\"users\".\"instituteId\", \"public\".\"users\".\"createdAt\", \"public\".\"users\".\"updatedAt\", \"public\".\"users\".\"lastLoginAt\", \"public\".\"users\".\"tokenVersion\"","service":"preplyte-api","timestamp":"2026-02-05 12:47:55"}
{"level":"debug","message":"Params: [1,\"2026-02-05 07:17:55.178 UTC\",\"cml92ugqs0007q3oof2k0hw35\"]","service":"preplyte-api","timestamp":"2026-02-05 12:47:55"}
{"level":"debug","message":"Duration: 22ms","service":"preplyte-api","timestamp":"2026-02-05 12:47:55"}
{"level":"info","message":"User logged out from all devices","service":"preplyte-api","timestamp":"2026-02-05 12:47:55","userId":"cml92ugqs0007q3oof2k0hw35"}
{"code":"UNAUTHORIZED","ip":"127.0.0.1","level":"warn","message":"Operational error Token reuse detected. All sessions have been revoked for security.","method":"POST","path":"/api/auth/refresh","requestId":"ml94jrd6-eab5c28a1a37c172","service":"preplyte-api","timestamp":"2026-02-05 12:47:55","userAgent":"Mozilla/5.0 (Windows NT 10.0; Win64; x64) AppleWebKit/537.36 (KHTML, like Gecko) Chrome/144.0.0.0 Safari/537.36 Edg/144.0.0.0"}
{"level":"info","message":"\u001b[0mPOST /api/auth/refresh \u001b[33m401\u001b[0m 67.103 ms - 168\u001b[0m","service":"preplyte-api","timestamp":"2026-02-05 12:47:55"}
