{"level":"debug","message":"Query: SELECT \"public\".\"lms_courses\".\"id\", \"public\".\"lms_courses\".\"instructor\" FROM \"public\".\"lms_courses\" WHERE (\"public\".\"lms_courses\".\"status\" = CAST($1::text AS \"public\".\"LmsCourseStatus\") AND \"public\".\"lms_courses\".\"isActive\" = $2) OFFSET $3","service":"preplyte-api","timestamp":"2026-02-14 00:13:10"}
{"level":"debug","message":"Params: [\"PUBLISHED\",true,0]","service":"preplyte-api","timestamp":"2026-02-14 00:13:10"}
{"level":"debug","message":"Duration: 7ms","service":"preplyte-api","timestamp":"2026-02-14 00:13:10"}
{"level":"debug","message":"Query: SELECT COUNT(*) FROM (SELECT \"public\".\"lms_courses\".\"id\" FROM \"public\".\"lms_courses\" WHERE (\"public\".\"lms_courses\".\"status\" = CAST($1::text AS \"public\".\"LmsCourseStatus\") AND \"public\".\"lms_courses\".\"isActive\" = $2) OFFSET $3) AS \"sub\"","service":"preplyte-api","timestamp":"2026-02-14 00:13:10"}
{"level":"debug","message":"Params: [\"PUBLISHED\",true,0]","service":"preplyte-api","timestamp":"2026-02-14 00:13:10"}
{"level":"debug","message":"Duration: 7ms","service":"preplyte-api","timestamp":"2026-02-14 00:13:10"}
{"level":"debug","message":"Query: SELECT COUNT(*), \"public\".\"lms_enrollments\".\"userId\" FROM \"public\".\"lms_enrollments\" WHERE 1=1 GROUP BY \"public\".\"lms_enrollments\".\"userId\" OFFSET $1","service":"preplyte-api","timestamp":"2026-02-14 00:13:10"}
{"level":"debug","message":"Params: [0]","service":"preplyte-api","timestamp":"2026-02-14 00:13:10"}
{"level":"debug","message":"Duration: 7ms","service":"preplyte-api","timestamp":"2026-02-14 00:13:10"}
{"level":"debug","message":"Query: SELECT AVG(\"progressPercent\") FROM (SELECT \"public\".\"lms_enrollments\".\"progressPercent\" FROM \"public\".\"lms_enrollments\" WHERE \"public\".\"lms_enrollments\".\"status\" = CAST($1::text AS \"public\".\"LmsEnrollmentStatus\") OFFSET $2) AS \"sub\"","service":"preplyte-api","timestamp":"2026-02-14 00:13:10"}
{"level":"debug","message":"Params: [\"COMPLETED\",0]","service":"preplyte-api","timestamp":"2026-02-14 00:13:10"}
{"level":"debug","message":"Duration: 6ms","service":"preplyte-api","timestamp":"2026-02-14 00:13:10"}
{"level":"debug","message":"Query: SELECT \"public\".\"lms_categories\".\"id\", \"public\".\"lms_categories\".\"name\", \"public\".\"lms_categories\".\"slug\", \"public\".\"lms_categories\".\"description\", \"public\".\"lms_categories\".\"iconUrl\", \"public\".\"lms_categories\".\"order\", \"public\".\"lms_categories\".\"isActive\", \"public\".\"lms_categories\".\"createdAt\", \"public\".\"lms_categories\".\"updatedAt\", COALESCE(\"aggr_selection_0_LmsCourse\".\"_aggr_count_courses\", 0) AS \"_aggr_count_courses\" FROM \"public\".\"lms_categories\" LEFT JOIN (SELECT \"public\".\"lms_courses\".\"categoryId\", COUNT(*) AS \"_aggr_count_courses\" FROM \"public\".\"lms_courses\" WHERE (\"public\".\"lms_courses\".\"status\" = CAST($1::text AS \"public\".\"LmsCourseStatus\") AND \"public\".\"lms_courses\".\"isActive\" = $2) GROUP BY \"public\".\"lms_courses\".\"categoryId\") AS \"aggr_selection_0_LmsCourse\" ON (\"public\".\"lms_categories\".\"id\" = \"aggr_selection_0_LmsCourse\".\"categoryId\") WHERE \"public\".\"lms_categories\".\"isActive\" = $3 ORDER BY \"public\".\"lms_categories\".\"order\" ASC OFFSET $4","service":"preplyte-api","timestamp":"2026-02-14 00:13:10"}
{"level":"debug","message":"Params: [\"PUBLISHED\",true,true,0]","service":"preplyte-api","timestamp":"2026-02-14 00:13:10"}
{"level":"debug","message":"Duration: 11ms","service":"preplyte-api","timestamp":"2026-02-14 00:13:10"}
{"level":"debug","message":"Query: SELECT COUNT(*) FROM (SELECT \"public\".\"lms_courses\".\"id\" FROM \"public\".\"lms_courses\" WHERE (\"public\".\"lms_courses\".\"status\" = CAST($1::text AS \"public\".\"LmsCourseStatus\") AND \"public\".\"lms_courses\".\"isActive\" = $2) OFFSET $3) AS \"sub\"","service":"preplyte-api","timestamp":"2026-02-14 00:13:10"}
{"level":"debug","message":"Params: [\"PUBLISHED\",true,0]","service":"preplyte-api","timestamp":"2026-02-14 00:13:10"}
{"level":"debug","message":"Duration: 6ms","service":"preplyte-api","timestamp":"2026-02-14 00:13:10"}
{"level":"debug","message":"Query: SELECT \"public\".\"lms_courses\".\"id\", \"public\".\"lms_courses\".\"categoryId\", \"public\".\"lms_courses\".\"title\", \"public\".\"lms_courses\".\"slug\", \"public\".\"lms_courses\".\"shortDescription\", \"public\".\"lms_courses\".\"description\", \"public\".\"lms_courses\".\"thumbnailUrl\", \"public\".\"lms_courses\".\"previewVideoUrl\", \"public\".\"lms_courses\".\"totalModules\", \"public\".\"lms_courses\".\"totalTopics\", \"public\".\"lms_courses\".\"totalPoints\", \"public\".\"lms_courses\".\"totalHours\", \"public\".\"lms_courses\".\"price\", \"public\".\"lms_courses\".\"discountPrice\", \"public\".\"lms_courses\".\"currency\", \"public\".\"lms_courses\".\"status\"::text, \"public\".\"lms_courses\".\"isActive\", \"public\".\"lms_courses\".\"certificateEnabled\", \"public\".\"lms_courses\".\"passingPercentage\", \"public\".\"lms_courses\".\"tags\", \"public\".\"lms_courses\".\"difficulty\"::text, \"public\".\"lms_courses\".\"instructor\", \"public\".\"lms_courses\".\"language\", \"public\".\"lms_courses\".\"averageRating\", \"public\".\"lms_courses\".\"ratingsCount\", \"public\".\"lms_courses\".\"createdAt\", \"public\".\"lms_courses\".\"updatedAt\", \"public\".\"lms_courses\".\"publishedAt\" FROM \"public\".\"lms_courses\" LEFT JOIN (SELECT \"public\".\"lms_enrollments\".\"courseId\", COUNT(*) AS \"orderby_aggregator\" FROM \"public\".\"lms_enrollments\" WHERE 1=1 GROUP BY \"public\".\"lms_enrollments\".\"courseId\") AS \"orderby_1_LmsEnrollment\" ON (\"public\".\"lms_courses\".\"id\" = \"orderby_1_LmsEnrollment\".\"courseId\") WHERE (\"public\".\"lms_courses\".\"status\" = CAST($1::text AS \"public\".\"LmsCourseStatus\") AND \"public\".\"lms_courses\".\"isActive\" = $2) ORDER BY COALESCE(\"orderby_1_LmsEnrollment\".\"orderby_aggregator\", $3) DESC LIMIT $4 OFFSET $5","service":"preplyte-api","timestamp":"2026-02-14 00:13:10"}
{"level":"debug","message":"Params: [\"PUBLISHED\",true,0,12,0]","service":"preplyte-api","timestamp":"2026-02-14 00:13:10"}
{"level":"debug","message":"Duration: 14ms","service":"preplyte-api","timestamp":"2026-02-14 00:13:10"}
{"level":"debug","message":"Query: SELECT \"public\".\"lms_categories\".\"id\", \"public\".\"lms_categories\".\"name\", \"public\".\"lms_categories\".\"slug\" FROM \"public\".\"lms_categories\" WHERE \"public\".\"lms_categories\".\"id\" IN ($1) OFFSET $2","service":"preplyte-api","timestamp":"2026-02-14 00:13:10"}
{"level":"debug","message":"Params: [\"cmlks63sv000212ejg0bsnw2z\",0]","service":"preplyte-api","timestamp":"2026-02-14 00:13:10"}
{"level":"debug","message":"Duration: 4ms","service":"preplyte-api","timestamp":"2026-02-14 00:13:10"}
{"level":"info","message":"\u001b[0mGET /api/lms/stats \u001b[36m304\u001b[0m 206.549 ms - -\u001b[0m","service":"preplyte-api","timestamp":"2026-02-14 00:13:10"}
{"level":"info","message":"\u001b[0mGET /api/lms/categories \u001b[36m304\u001b[0m 233.498 ms - -\u001b[0m","service":"preplyte-api","timestamp":"2026-02-14 00:13:10"}
{"level":"info","message":"\u001b[0mGET /api/lms/courses?page=1&limit=12&priceRange=all&sortBy=popular&search= \u001b[36m304\u001b[0m 212.000 ms - -\u001b[0m","service":"preplyte-api","timestamp":"2026-02-14 00:13:10"}
{"baseURL":"https://judge0-ce.p.rapidapi.com","level":"info","message":"Judge0 client initialized","service":"preplyte-api","timestamp":"2026-02-14 00:41:45","useRapidAPI":true}
{"level":"info","message":"[TTS] Using Deepgram for text-to-speech","service":"preplyte-api","timestamp":"2026-02-14 00:41:45"}
{"environment":"development","host":"0.0.0.0","level":"info","message":"Starting server...","port":4000,"service":"preplyte-api","timestamp":"2026-02-14 00:41:46"}
{"level":"info","message":"Checking database connection...","service":"preplyte-api","timestamp":"2026-02-14 00:41:46"}
{"baseURL":"https://judge0-ce.p.rapidapi.com","level":"info","message":"Judge0 client initialized","service":"preplyte-api","timestamp":"2026-02-14 00:41:45","useRapidAPI":true}
{"level":"info","message":"[TTS] Using Deepgram for text-to-speech","service":"preplyte-api","timestamp":"2026-02-14 00:41:45"}
{"environment":"development","host":"0.0.0.0","level":"info","message":"Starting server...","port":4000,"service":"preplyte-api","timestamp":"2026-02-14 00:41:46"}
{"level":"info","message":"Checking database connection...","service":"preplyte-api","timestamp":"2026-02-14 00:41:46"}
{"level":"debug","message":"Query: SELECT 1","service":"preplyte-api","timestamp":"2026-02-14 00:41:46"}
{"level":"debug","message":"Query: SELECT 1","service":"preplyte-api","timestamp":"2026-02-14 00:41:46"}
{"level":"debug","message":"Params: []","service":"preplyte-api","timestamp":"2026-02-14 00:41:46"}
{"level":"debug","message":"Params: []","service":"preplyte-api","timestamp":"2026-02-14 00:41:46"}
{"level":"debug","message":"Duration: 1ms","service":"preplyte-api","timestamp":"2026-02-14 00:41:46"}
{"level":"debug","message":"Duration: 0ms","service":"preplyte-api","timestamp":"2026-02-14 00:41:46"}
{"level":"info","message":"✅ Database connected successfully","service":"preplyte-api","timestamp":"2026-02-14 00:41:46"}
{"level":"info","message":"✅ Database connected successfully","service":"preplyte-api","timestamp":"2026-02-14 00:41:46"}
{"level":"info","message":"[WS Gateway] WebSocket server initialized","path":"/ws/interview/:sessionId","service":"preplyte-api","timestamp":"2026-02-14 00:41:46"}
{"api":"http://localhost:4000/api","environment":"development","health":"http://localhost:4000/health","host":"0.0.0.0","level":"info","message":"🚀 Server running","port":4000,"service":"preplyte-api","timestamp":"2026-02-14 00:41:46","websocket":"ws://localhost:4000/ws/interview/:sessionId"}
{"level":"info","message":"[WS Gateway] WebSocket server initialized","path":"/ws/interview/:sessionId","service":"preplyte-api","timestamp":"2026-02-14 00:41:46"}
{"address":"0.0.0.0","code":"EADDRINUSE","errno":-4091,"level":"error","message":"Uncaught Exception listen EADDRINUSE: address already in use 0.0.0.0:4000","port":4000,"service":"preplyte-api","stack":"Error: listen EADDRINUSE: address already in use 0.0.0.0:4000\n    at Server.setupListenHandle [as _listen2] (node:net:1912:16)\n    at listenInCluster (node:net:1969:12)\n    at node:net:2178:7\n    at process.processTicksAndRejections (node:internal/process/task_queues:90:21)","syscall":"listen","timestamp":"2026-02-14 00:41:46"}
{"baseURL":"https://judge0-ce.p.rapidapi.com","level":"info","message":"Judge0 client initialized","service":"preplyte-api","timestamp":"2026-02-14 00:44:53","useRapidAPI":true}
{"level":"info","message":"[TTS] Using Deepgram for text-to-speech","service":"preplyte-api","timestamp":"2026-02-14 00:44:53"}
{"environment":"development","host":"0.0.0.0","level":"info","message":"Starting server...","port":4000,"service":"preplyte-api","timestamp":"2026-02-14 00:44:53"}
{"level":"info","message":"Checking database connection...","service":"preplyte-api","timestamp":"2026-02-14 00:44:53"}
{"baseURL":"https://judge0-ce.p.rapidapi.com","level":"info","message":"Judge0 client initialized","service":"preplyte-api","timestamp":"2026-02-14 00:44:53","useRapidAPI":true}
{"level":"info","message":"[TTS] Using Deepgram for text-to-speech","service":"preplyte-api","timestamp":"2026-02-14 00:44:53"}
{"environment":"development","host":"0.0.0.0","level":"info","message":"Starting server...","port":4000,"service":"preplyte-api","timestamp":"2026-02-14 00:44:53"}
{"level":"info","message":"Checking database connection...","service":"preplyte-api","timestamp":"2026-02-14 00:44:53"}
{"level":"debug","message":"Query: SELECT 1","service":"preplyte-api","timestamp":"2026-02-14 00:44:54"}
{"level":"debug","message":"Query: SELECT 1","service":"preplyte-api","timestamp":"2026-02-14 00:44:54"}
{"level":"debug","message":"Params: []","service":"preplyte-api","timestamp":"2026-02-14 00:44:54"}
{"level":"debug","message":"Duration: 0ms","service":"preplyte-api","timestamp":"2026-02-14 00:44:54"}
{"level":"info","message":"✅ Database connected successfully","service":"preplyte-api","timestamp":"2026-02-14 00:44:54"}
{"level":"info","message":"[WS Gateway] WebSocket server initialized","path":"/ws/interview/:sessionId","service":"preplyte-api","timestamp":"2026-02-14 00:44:54"}
{"api":"http://localhost:4000/api","environment":"development","health":"http://localhost:4000/health","host":"0.0.0.0","level":"info","message":"🚀 Server running","port":4000,"service":"preplyte-api","timestamp":"2026-02-14 00:44:54","websocket":"ws://localhost:4000/ws/interview/:sessionId"}
{"level":"debug","message":"Params: []","service":"preplyte-api","timestamp":"2026-02-14 00:44:54"}
{"level":"debug","message":"Duration: 1ms","service":"preplyte-api","timestamp":"2026-02-14 00:44:54"}
{"level":"info","message":"✅ Database connected successfully","service":"preplyte-api","timestamp":"2026-02-14 00:44:54"}
{"level":"info","message":"[WS Gateway] WebSocket server initialized","path":"/ws/interview/:sessionId","service":"preplyte-api","timestamp":"2026-02-14 00:44:54"}
{"address":"0.0.0.0","code":"EADDRINUSE","errno":-4091,"level":"error","message":"Uncaught Exception listen EADDRINUSE: address already in use 0.0.0.0:4000","port":4000,"service":"preplyte-api","stack":"Error: listen EADDRINUSE: address already in use 0.0.0.0:4000\n    at Server.setupListenHandle [as _listen2] (node:net:1912:16)\n    at listenInCluster (node:net:1969:12)\n    at node:net:2178:7\n    at process.processTicksAndRejections (node:internal/process/task_queues:90:21)","syscall":"listen","timestamp":"2026-02-14 00:44:54"}
{"level":"debug","message":"Query: SELECT 1","service":"preplyte-api","timestamp":"2026-02-14 00:48:01"}
{"level":"debug","message":"Params: []","service":"preplyte-api","timestamp":"2026-02-14 00:48:01"}
{"level":"debug","message":"Duration: 2ms","service":"preplyte-api","timestamp":"2026-02-14 00:48:01"}
{"level":"debug","message":"Query: SELECT \"public\".\"lms_categories\".\"id\", \"public\".\"lms_categories\".\"name\", \"public\".\"lms_categories\".\"slug\", \"public\".\"lms_categories\".\"description\", \"public\".\"lms_categories\".\"iconUrl\", \"public\".\"lms_categories\".\"order\", \"public\".\"lms_categories\".\"isActive\", \"public\".\"lms_categories\".\"createdAt\", \"public\".\"lms_categories\".\"updatedAt\", COALESCE(\"aggr_selection_0_LmsCourse\".\"_aggr_count_courses\", 0) AS \"_aggr_count_courses\" FROM \"public\".\"lms_categories\" LEFT JOIN (SELECT \"public\".\"lms_courses\".\"categoryId\", COUNT(*) AS \"_aggr_count_courses\" FROM \"public\".\"lms_courses\" WHERE (\"public\".\"lms_courses\".\"status\" = CAST($1::text AS \"public\".\"LmsCourseStatus\") AND \"public\".\"lms_courses\".\"isActive\" = $2) GROUP BY \"public\".\"lms_courses\".\"categoryId\") AS \"aggr_selection_0_LmsCourse\" ON (\"public\".\"lms_categories\".\"id\" = \"aggr_selection_0_LmsCourse\".\"categoryId\") WHERE \"public\".\"lms_categories\".\"isActive\" = $3 ORDER BY \"public\".\"lms_categories\".\"order\" ASC OFFSET $4","service":"preplyte-api","timestamp":"2026-02-14 00:48:02"}
{"level":"debug","message":"Params: [\"PUBLISHED\",true,true,0]","service":"preplyte-api","timestamp":"2026-02-14 00:48:02"}
{"level":"debug","message":"Duration: 69ms","service":"preplyte-api","timestamp":"2026-02-14 00:48:02"}
{"level":"debug","message":"Query: SELECT \"public\".\"lms_courses\".\"id\", \"public\".\"lms_courses\".\"instructor\" FROM \"public\".\"lms_courses\" WHERE (\"public\".\"lms_courses\".\"status\" = CAST($1::text AS \"public\".\"LmsCourseStatus\") AND \"public\".\"lms_courses\".\"isActive\" = $2) OFFSET $3","service":"preplyte-api","timestamp":"2026-02-14 00:48:02"}
{"level":"debug","message":"Params: [\"PUBLISHED\",true,0]","service":"preplyte-api","timestamp":"2026-02-14 00:48:02"}
{"level":"debug","message":"Duration: 15ms","service":"preplyte-api","timestamp":"2026-02-14 00:48:02"}
{"level":"debug","message":"Query: SELECT AVG(\"progressPercent\") FROM (SELECT \"public\".\"lms_enrollments\".\"progressPercent\" FROM \"public\".\"lms_enrollments\" WHERE \"public\".\"lms_enrollments\".\"status\" = CAST($1::text AS \"public\".\"LmsEnrollmentStatus\") OFFSET $2) AS \"sub\"","service":"preplyte-api","timestamp":"2026-02-14 00:48:02"}
{"level":"debug","message":"Params: [\"COMPLETED\",0]","service":"preplyte-api","timestamp":"2026-02-14 00:48:02"}
{"level":"debug","message":"Duration: 14ms","service":"preplyte-api","timestamp":"2026-02-14 00:48:02"}
{"level":"debug","message":"Query: SELECT COUNT(*), \"public\".\"lms_enrollments\".\"userId\" FROM \"public\".\"lms_enrollments\" WHERE 1=1 GROUP BY \"public\".\"lms_enrollments\".\"userId\" OFFSET $1","service":"preplyte-api","timestamp":"2026-02-14 00:48:02"}
{"level":"debug","message":"Params: [0]","service":"preplyte-api","timestamp":"2026-02-14 00:48:02"}
{"level":"debug","message":"Duration: 12ms","service":"preplyte-api","timestamp":"2026-02-14 00:48:02"}
{"level":"debug","message":"Query: SELECT COUNT(*) FROM (SELECT \"public\".\"lms_courses\".\"id\" FROM \"public\".\"lms_courses\" WHERE (\"public\".\"lms_courses\".\"status\" = CAST($1::text AS \"public\".\"LmsCourseStatus\") AND \"public\".\"lms_courses\".\"isActive\" = $2) OFFSET $3) AS \"sub\"","service":"preplyte-api","timestamp":"2026-02-14 00:48:02"}
{"level":"debug","message":"Params: [\"PUBLISHED\",true,0]","service":"preplyte-api","timestamp":"2026-02-14 00:48:02"}
{"level":"debug","message":"Duration: 14ms","service":"preplyte-api","timestamp":"2026-02-14 00:48:02"}
{"level":"debug","message":"Query: SELECT COUNT(*) FROM (SELECT \"public\".\"lms_courses\".\"id\" FROM \"public\".\"lms_courses\" WHERE (\"public\".\"lms_courses\".\"status\" = CAST($1::text AS \"public\".\"LmsCourseStatus\") AND \"public\".\"lms_courses\".\"isActive\" = $2) OFFSET $3) AS \"sub\"","service":"preplyte-api","timestamp":"2026-02-14 00:48:02"}
{"level":"debug","message":"Params: [\"PUBLISHED\",true,0]","service":"preplyte-api","timestamp":"2026-02-14 00:48:02"}
{"level":"debug","message":"Duration: 15ms","service":"preplyte-api","timestamp":"2026-02-14 00:48:02"}
{"level":"info","message":"\u001b[0mGET /api/lms/categories \u001b[36m304\u001b[0m 171.534 ms - -\u001b[0m","service":"preplyte-api","timestamp":"2026-02-14 00:48:02"}
{"level":"info","message":"\u001b[0mGET /api/lms/stats \u001b[36m304\u001b[0m 164.938 ms - -\u001b[0m","service":"preplyte-api","timestamp":"2026-02-14 00:48:02"}
{"level":"debug","message":"Query: SELECT \"public\".\"lms_courses\".\"id\", \"public\".\"lms_courses\".\"categoryId\", \"public\".\"lms_courses\".\"title\", \"public\".\"lms_courses\".\"slug\", \"public\".\"lms_courses\".\"shortDescription\", \"public\".\"lms_courses\".\"description\", \"public\".\"lms_courses\".\"thumbnailUrl\", \"public\".\"lms_courses\".\"previewVideoUrl\", \"public\".\"lms_courses\".\"totalModules\", \"public\".\"lms_courses\".\"totalTopics\", \"public\".\"lms_courses\".\"totalPoints\", \"public\".\"lms_courses\".\"totalHours\", \"public\".\"lms_courses\".\"price\", \"public\".\"lms_courses\".\"discountPrice\", \"public\".\"lms_courses\".\"currency\", \"public\".\"lms_courses\".\"status\"::text, \"public\".\"lms_courses\".\"isActive\", \"public\".\"lms_courses\".\"certificateEnabled\", \"public\".\"lms_courses\".\"passingPercentage\", \"public\".\"lms_courses\".\"tags\", \"public\".\"lms_courses\".\"difficulty\"::text, \"public\".\"lms_courses\".\"instructor\", \"public\".\"lms_courses\".\"language\", \"public\".\"lms_courses\".\"averageRating\", \"public\".\"lms_courses\".\"ratingsCount\", \"public\".\"lms_courses\".\"createdAt\", \"public\".\"lms_courses\".\"updatedAt\", \"public\".\"lms_courses\".\"publishedAt\" FROM \"public\".\"lms_courses\" LEFT JOIN (SELECT \"public\".\"lms_enrollments\".\"courseId\", COUNT(*) AS \"orderby_aggregator\" FROM \"public\".\"lms_enrollments\" WHERE 1=1 GROUP BY \"public\".\"lms_enrollments\".\"courseId\") AS \"orderby_1_LmsEnrollment\" ON (\"public\".\"lms_courses\".\"id\" = \"orderby_1_LmsEnrollment\".\"courseId\") WHERE (\"public\".\"lms_courses\".\"status\" = CAST($1::text AS \"public\".\"LmsCourseStatus\") AND \"public\".\"lms_courses\".\"isActive\" = $2) ORDER BY COALESCE(\"orderby_1_LmsEnrollment\".\"orderby_aggregator\", $3) DESC LIMIT $4 OFFSET $5","service":"preplyte-api","timestamp":"2026-02-14 00:48:02"}
{"level":"debug","message":"Params: [\"PUBLISHED\",true,0,12,0]","service":"preplyte-api","timestamp":"2026-02-14 00:48:02"}
{"level":"debug","message":"Duration: 23ms","service":"preplyte-api","timestamp":"2026-02-14 00:48:02"}
{"level":"debug","message":"Query: SELECT \"public\".\"lms_categories\".\"id\", \"public\".\"lms_categories\".\"name\", \"public\".\"lms_categories\".\"slug\" FROM \"public\".\"lms_categories\" WHERE \"public\".\"lms_categories\".\"id\" IN ($1) OFFSET $2","service":"preplyte-api","timestamp":"2026-02-14 00:48:02"}
{"level":"debug","message":"Params: [\"cmlks63sv000212ejg0bsnw2z\",0]","service":"preplyte-api","timestamp":"2026-02-14 00:48:02"}
{"level":"debug","message":"Duration: 7ms","service":"preplyte-api","timestamp":"2026-02-14 00:48:02"}
{"level":"info","message":"\u001b[0mGET /api/lms/courses?page=1&limit=12&priceRange=all&sortBy=popular&search= \u001b[36m304\u001b[0m 174.202 ms - -\u001b[0m","service":"preplyte-api","timestamp":"2026-02-14 00:48:02"}
{"level":"debug","message":"Query: SELECT COUNT(*) FROM (SELECT \"public\".\"lms_courses\".\"id\" FROM \"public\".\"lms_courses\" WHERE (\"public\".\"lms_courses\".\"status\" = CAST($1::text AS \"public\".\"LmsCourseStatus\") AND \"public\".\"lms_courses\".\"isActive\" = $2) OFFSET $3) AS \"sub\"","service":"preplyte-api","timestamp":"2026-02-14 00:48:02"}
{"level":"debug","message":"Params: [\"PUBLISHED\",true,0]","service":"preplyte-api","timestamp":"2026-02-14 00:48:02"}
{"level":"debug","message":"Duration: 1ms","service":"preplyte-api","timestamp":"2026-02-14 00:48:02"}
{"level":"debug","message":"Query: SELECT \"public\".\"lms_courses\".\"id\", \"public\".\"lms_courses\".\"categoryId\", \"public\".\"lms_courses\".\"title\", \"public\".\"lms_courses\".\"slug\", \"public\".\"lms_courses\".\"shortDescription\", \"public\".\"lms_courses\".\"description\", \"public\".\"lms_courses\".\"thumbnailUrl\", \"public\".\"lms_courses\".\"previewVideoUrl\", \"public\".\"lms_courses\".\"totalModules\", \"public\".\"lms_courses\".\"totalTopics\", \"public\".\"lms_courses\".\"totalPoints\", \"public\".\"lms_courses\".\"totalHours\", \"public\".\"lms_courses\".\"price\", \"public\".\"lms_courses\".\"discountPrice\", \"public\".\"lms_courses\".\"currency\", \"public\".\"lms_courses\".\"status\"::text, \"public\".\"lms_courses\".\"isActive\", \"public\".\"lms_courses\".\"certificateEnabled\", \"public\".\"lms_courses\".\"passingPercentage\", \"public\".\"lms_courses\".\"tags\", \"public\".\"lms_courses\".\"difficulty\"::text, \"public\".\"lms_courses\".\"instructor\", \"public\".\"lms_courses\".\"language\", \"public\".\"lms_courses\".\"averageRating\", \"public\".\"lms_courses\".\"ratingsCount\", \"public\".\"lms_courses\".\"createdAt\", \"public\".\"lms_courses\".\"updatedAt\", \"public\".\"lms_courses\".\"publishedAt\" FROM \"public\".\"lms_courses\" LEFT JOIN (SELECT \"public\".\"lms_enrollments\".\"courseId\", COUNT(*) AS \"orderby_aggregator\" FROM \"public\".\"lms_enrollments\" WHERE 1=1 GROUP BY \"public\".\"lms_enrollments\".\"courseId\") AS \"orderby_1_LmsEnrollment\" ON (\"public\".\"lms_courses\".\"id\" = \"orderby_1_LmsEnrollment\".\"courseId\") WHERE (\"public\".\"lms_courses\".\"status\" = CAST($1::text AS \"public\".\"LmsCourseStatus\") AND \"public\".\"lms_courses\".\"isActive\" = $2) ORDER BY COALESCE(\"orderby_1_LmsEnrollment\".\"orderby_aggregator\", $3) DESC LIMIT $4 OFFSET $5","service":"preplyte-api","timestamp":"2026-02-14 00:48:02"}
{"level":"debug","message":"Params: [\"PUBLISHED\",true,0,12,0]","service":"preplyte-api","timestamp":"2026-02-14 00:48:02"}
{"level":"debug","message":"Duration: 2ms","service":"preplyte-api","timestamp":"2026-02-14 00:48:02"}
{"level":"debug","message":"Query: SELECT \"public\".\"lms_categories\".\"id\", \"public\".\"lms_categories\".\"name\", \"public\".\"lms_categories\".\"slug\" FROM \"public\".\"lms_categories\" WHERE \"public\".\"lms_categories\".\"id\" IN ($1) OFFSET $2","service":"preplyte-api","timestamp":"2026-02-14 00:48:02"}
{"level":"debug","message":"Params: [\"cmlks63sv000212ejg0bsnw2z\",0]","service":"preplyte-api","timestamp":"2026-02-14 00:48:02"}
{"level":"debug","message":"Duration: 1ms","service":"preplyte-api","timestamp":"2026-02-14 00:48:02"}
{"level":"info","message":"\u001b[0mGET /api/lms/courses?page=1&limit=12&priceRange=all&sortBy=popular \u001b[32m200\u001b[0m 24.300 ms - -\u001b[0m","service":"preplyte-api","timestamp":"2026-02-14 00:48:02"}
{"baseURL":"https://judge0-ce.p.rapidapi.com","level":"info","message":"Judge0 client initialized","service":"preplyte-api","timestamp":"2026-02-14 00:52:03","useRapidAPI":true}
{"level":"info","message":"[TTS] Using Deepgram for text-to-speech","service":"preplyte-api","timestamp":"2026-02-14 00:52:03"}
{"environment":"development","host":"0.0.0.0","level":"info","message":"Starting server...","port":4000,"service":"preplyte-api","timestamp":"2026-02-14 00:52:04"}
{"level":"info","message":"Checking database connection...","service":"preplyte-api","timestamp":"2026-02-14 00:52:04"}
{"baseURL":"https://judge0-ce.p.rapidapi.com","level":"info","message":"Judge0 client initialized","service":"preplyte-api","timestamp":"2026-02-14 00:52:03","useRapidAPI":true}
{"level":"info","message":"[TTS] Using Deepgram for text-to-speech","service":"preplyte-api","timestamp":"2026-02-14 00:52:03"}
{"environment":"development","host":"0.0.0.0","level":"info","message":"Starting server...","port":4000,"service":"preplyte-api","timestamp":"2026-02-14 00:52:04"}
{"level":"info","message":"Checking database connection...","service":"preplyte-api","timestamp":"2026-02-14 00:52:04"}
{"level":"debug","message":"Query: SELECT 1","service":"preplyte-api","timestamp":"2026-02-14 00:52:04"}
{"level":"debug","message":"Query: SELECT 1","service":"preplyte-api","timestamp":"2026-02-14 00:52:04"}
{"level":"debug","message":"Params: []","service":"preplyte-api","timestamp":"2026-02-14 00:52:04"}
{"level":"debug","message":"Duration: 1ms","service":"preplyte-api","timestamp":"2026-02-14 00:52:04"}
{"level":"info","message":"✅ Database connected successfully","service":"preplyte-api","timestamp":"2026-02-14 00:52:04"}
{"level":"info","message":"[WS Gateway] WebSocket server initialized","path":"/ws/interview/:sessionId","service":"preplyte-api","timestamp":"2026-02-14 00:52:04"}
{"api":"http://localhost:4000/api","environment":"development","health":"http://localhost:4000/health","host":"0.0.0.0","level":"info","message":"🚀 Server running","port":4000,"service":"preplyte-api","timestamp":"2026-02-14 00:52:04","websocket":"ws://localhost:4000/ws/interview/:sessionId"}
{"level":"debug","message":"Params: []","service":"preplyte-api","timestamp":"2026-02-14 00:52:04"}
{"level":"debug","message":"Duration: 0ms","service":"preplyte-api","timestamp":"2026-02-14 00:52:04"}
{"level":"info","message":"✅ Database connected successfully","service":"preplyte-api","timestamp":"2026-02-14 00:52:04"}
{"level":"info","message":"[WS Gateway] WebSocket server initialized","path":"/ws/interview/:sessionId","service":"preplyte-api","timestamp":"2026-02-14 00:52:04"}
{"address":"0.0.0.0","code":"EADDRINUSE","errno":-4091,"level":"error","message":"Uncaught Exception listen EADDRINUSE: address already in use 0.0.0.0:4000","port":4000,"service":"preplyte-api","stack":"Error: listen EADDRINUSE: address already in use 0.0.0.0:4000\n    at Server.setupListenHandle [as _listen2] (node:net:1912:16)\n    at listenInCluster (node:net:1969:12)\n    at node:net:2178:7\n    at process.processTicksAndRejections (node:internal/process/task_queues:90:21)","syscall":"listen","timestamp":"2026-02-14 00:52:04"}
{"baseURL":"https://judge0-ce.p.rapidapi.com","level":"info","message":"Judge0 client initialized","service":"preplyte-api","timestamp":"2026-02-14 00:52:21","useRapidAPI":true}
{"level":"info","message":"[TTS] Using Deepgram for text-to-speech","service":"preplyte-api","timestamp":"2026-02-14 00:52:21"}
{"environment":"development","host":"0.0.0.0","level":"info","message":"Starting server...","port":4000,"service":"preplyte-api","timestamp":"2026-02-14 00:52:21"}
{"level":"info","message":"Checking database connection...","service":"preplyte-api","timestamp":"2026-02-14 00:52:21"}
{"level":"debug","message":"Query: SELECT 1","service":"preplyte-api","timestamp":"2026-02-14 00:52:21"}
{"level":"debug","message":"Params: []","service":"preplyte-api","timestamp":"2026-02-14 00:52:21"}
{"level":"debug","message":"Duration: 0ms","service":"preplyte-api","timestamp":"2026-02-14 00:52:21"}
{"level":"info","message":"✅ Database connected successfully","service":"preplyte-api","timestamp":"2026-02-14 00:52:21"}
{"level":"info","message":"[WS Gateway] WebSocket server initialized","path":"/ws/interview/:sessionId","service":"preplyte-api","timestamp":"2026-02-14 00:52:21"}
{"api":"http://localhost:4000/api","environment":"development","health":"http://localhost:4000/health","host":"0.0.0.0","level":"info","message":"🚀 Server running","port":4000,"service":"preplyte-api","timestamp":"2026-02-14 00:52:21","websocket":"ws://localhost:4000/ws/interview/:sessionId"}
{"baseURL":"https://judge0-ce.p.rapidapi.com","level":"info","message":"Judge0 client initialized","service":"preplyte-api","timestamp":"2026-02-14 00:52:21","useRapidAPI":true}
{"level":"info","message":"[TTS] Using Deepgram for text-to-speech","service":"preplyte-api","timestamp":"2026-02-14 00:52:21"}
{"environment":"development","host":"0.0.0.0","level":"info","message":"Starting server...","port":4000,"service":"preplyte-api","timestamp":"2026-02-14 00:52:21"}
{"level":"info","message":"Checking database connection...","service":"preplyte-api","timestamp":"2026-02-14 00:52:21"}
{"level":"debug","message":"Query: SELECT 1","service":"preplyte-api","timestamp":"2026-02-14 00:52:21"}
{"level":"debug","message":"Params: []","service":"preplyte-api","timestamp":"2026-02-14 00:52:21"}
{"level":"debug","message":"Duration: 0ms","service":"preplyte-api","timestamp":"2026-02-14 00:52:21"}
{"level":"info","message":"✅ Database connected successfully","service":"preplyte-api","timestamp":"2026-02-14 00:52:21"}
{"level":"info","message":"[WS Gateway] WebSocket server initialized","path":"/ws/interview/:sessionId","service":"preplyte-api","timestamp":"2026-02-14 00:52:21"}
{"address":"0.0.0.0","code":"EADDRINUSE","errno":-4091,"level":"error","message":"Uncaught Exception listen EADDRINUSE: address already in use 0.0.0.0:4000","port":4000,"service":"preplyte-api","stack":"Error: listen EADDRINUSE: address already in use 0.0.0.0:4000\n    at Server.setupListenHandle [as _listen2] (node:net:1912:16)\n    at listenInCluster (node:net:1969:12)\n    at node:net:2178:7\n    at process.processTicksAndRejections (node:internal/process/task_queues:90:21)","syscall":"listen","timestamp":"2026-02-14 00:52:21"}
{"baseURL":"https://judge0-ce.p.rapidapi.com","level":"info","message":"Judge0 client initialized","service":"preplyte-api","timestamp":"2026-02-14 00:52:51","useRapidAPI":true}
{"level":"info","message":"[TTS] Using Deepgram for text-to-speech","service":"preplyte-api","timestamp":"2026-02-14 00:52:51"}
{"environment":"development","host":"0.0.0.0","level":"info","message":"Starting server...","port":4000,"service":"preplyte-api","timestamp":"2026-02-14 00:52:51"}
{"level":"info","message":"Checking database connection...","service":"preplyte-api","timestamp":"2026-02-14 00:52:51"}
{"baseURL":"https://judge0-ce.p.rapidapi.com","level":"info","message":"Judge0 client initialized","service":"preplyte-api","timestamp":"2026-02-14 00:52:51","useRapidAPI":true}
{"level":"info","message":"[TTS] Using Deepgram for text-to-speech","service":"preplyte-api","timestamp":"2026-02-14 00:52:51"}
{"environment":"development","host":"0.0.0.0","level":"info","message":"Starting server...","port":4000,"service":"preplyte-api","timestamp":"2026-02-14 00:52:51"}
{"level":"info","message":"Checking database connection...","service":"preplyte-api","timestamp":"2026-02-14 00:52:51"}
{"level":"debug","message":"Query: SELECT 1","service":"preplyte-api","timestamp":"2026-02-14 00:52:51"}
{"level":"debug","message":"Query: SELECT 1","service":"preplyte-api","timestamp":"2026-02-14 00:52:51"}
{"level":"debug","message":"Params: []","service":"preplyte-api","timestamp":"2026-02-14 00:52:51"}
{"level":"debug","message":"Params: []","service":"preplyte-api","timestamp":"2026-02-14 00:52:51"}
{"level":"debug","message":"Duration: 0ms","service":"preplyte-api","timestamp":"2026-02-14 00:52:51"}
{"level":"debug","message":"Duration: 0ms","service":"preplyte-api","timestamp":"2026-02-14 00:52:51"}
{"level":"info","message":"✅ Database connected successfully","service":"preplyte-api","timestamp":"2026-02-14 00:52:51"}
{"level":"info","message":"✅ Database connected successfully","service":"preplyte-api","timestamp":"2026-02-14 00:52:51"}
{"level":"info","message":"[WS Gateway] WebSocket server initialized","path":"/ws/interview/:sessionId","service":"preplyte-api","timestamp":"2026-02-14 00:52:51"}
{"level":"info","message":"[WS Gateway] WebSocket server initialized","path":"/ws/interview/:sessionId","service":"preplyte-api","timestamp":"2026-02-14 00:52:51"}
{"address":"0.0.0.0","code":"EADDRINUSE","errno":-4091,"level":"error","message":"Uncaught Exception listen EADDRINUSE: address already in use 0.0.0.0:4000","port":4000,"service":"preplyte-api","stack":"Error: listen EADDRINUSE: address already in use 0.0.0.0:4000\n    at Server.setupListenHandle [as _listen2] (node:net:1912:16)\n    at listenInCluster (node:net:1969:12)\n    at node:net:2178:7\n    at process.processTicksAndRejections (node:internal/process/task_queues:90:21)","syscall":"listen","timestamp":"2026-02-14 00:52:51"}
{"api":"http://localhost:4000/api","environment":"development","health":"http://localhost:4000/health","host":"0.0.0.0","level":"info","message":"🚀 Server running","port":4000,"service":"preplyte-api","timestamp":"2026-02-14 00:52:51","websocket":"ws://localhost:4000/ws/interview/:sessionId"}
{"baseURL":"https://judge0-ce.p.rapidapi.com","level":"info","message":"Judge0 client initialized","service":"preplyte-api","timestamp":"2026-02-14 00:53:20","useRapidAPI":true}
{"level":"info","message":"[TTS] Using Deepgram for text-to-speech","service":"preplyte-api","timestamp":"2026-02-14 00:53:21"}
{"environment":"development","host":"0.0.0.0","level":"info","message":"Starting server...","port":4000,"service":"preplyte-api","timestamp":"2026-02-14 00:53:21"}
{"level":"info","message":"Checking database connection...","service":"preplyte-api","timestamp":"2026-02-14 00:53:21"}
{"level":"debug","message":"Query: SELECT 1","service":"preplyte-api","timestamp":"2026-02-14 00:53:21"}
{"level":"debug","message":"Params: []","service":"preplyte-api","timestamp":"2026-02-14 00:53:21"}
{"level":"debug","message":"Duration: 0ms","service":"preplyte-api","timestamp":"2026-02-14 00:53:21"}
{"level":"info","message":"✅ Database connected successfully","service":"preplyte-api","timestamp":"2026-02-14 00:53:21"}
{"level":"info","message":"[WS Gateway] WebSocket server initialized","path":"/ws/interview/:sessionId","service":"preplyte-api","timestamp":"2026-02-14 00:53:21"}
{"api":"http://localhost:4000/api","environment":"development","health":"http://localhost:4000/health","host":"0.0.0.0","level":"info","message":"🚀 Server running","port":4000,"service":"preplyte-api","timestamp":"2026-02-14 00:53:21","websocket":"ws://localhost:4000/ws/interview/:sessionId"}
{"baseURL":"https://judge0-ce.p.rapidapi.com","level":"info","message":"Judge0 client initialized","service":"preplyte-api","timestamp":"2026-02-14 00:53:21","useRapidAPI":true}
{"level":"info","message":"[TTS] Using Deepgram for text-to-speech","service":"preplyte-api","timestamp":"2026-02-14 00:53:21"}
{"environment":"development","host":"0.0.0.0","level":"info","message":"Starting server...","port":4000,"service":"preplyte-api","timestamp":"2026-02-14 00:53:21"}
{"level":"info","message":"Checking database connection...","service":"preplyte-api","timestamp":"2026-02-14 00:53:21"}
{"level":"debug","message":"Query: SELECT 1","service":"preplyte-api","timestamp":"2026-02-14 00:53:21"}
{"level":"debug","message":"Params: []","service":"preplyte-api","timestamp":"2026-02-14 00:53:21"}
{"level":"debug","message":"Duration: 1ms","service":"preplyte-api","timestamp":"2026-02-14 00:53:21"}
{"level":"info","message":"✅ Database connected successfully","service":"preplyte-api","timestamp":"2026-02-14 00:53:21"}
{"level":"info","message":"[WS Gateway] WebSocket server initialized","path":"/ws/interview/:sessionId","service":"preplyte-api","timestamp":"2026-02-14 00:53:21"}
{"address":"0.0.0.0","code":"EADDRINUSE","errno":-4091,"level":"error","message":"Uncaught Exception listen EADDRINUSE: address already in use 0.0.0.0:4000","port":4000,"service":"preplyte-api","stack":"Error: listen EADDRINUSE: address already in use 0.0.0.0:4000\n    at Server.setupListenHandle [as _listen2] (node:net:1912:16)\n    at listenInCluster (node:net:1969:12)\n    at node:net:2178:7\n    at process.processTicksAndRejections (node:internal/process/task_queues:90:21)","syscall":"listen","timestamp":"2026-02-14 00:53:21"}
{"level":"debug","message":"Query: SELECT 1","service":"preplyte-api","timestamp":"2026-02-14 00:54:14"}
{"level":"debug","message":"Params: []","service":"preplyte-api","timestamp":"2026-02-14 00:54:14"}
{"level":"debug","message":"Duration: 1ms","service":"preplyte-api","timestamp":"2026-02-14 00:54:14"}
{"level":"debug","message":"Query: SELECT \"public\".\"lms_courses\".\"id\", \"public\".\"lms_courses\".\"instructor\" FROM \"public\".\"lms_courses\" WHERE (\"public\".\"lms_courses\".\"status\" = CAST($1::text AS \"public\".\"LmsCourseStatus\") AND \"public\".\"lms_courses\".\"isActive\" = $2) OFFSET $3","service":"preplyte-api","timestamp":"2026-02-14 00:54:14"}
{"level":"debug","message":"Params: [\"PUBLISHED\",true,0]","service":"preplyte-api","timestamp":"2026-02-14 00:54:14"}
{"level":"debug","message":"Duration: 28ms","service":"preplyte-api","timestamp":"2026-02-14 00:54:14"}
{"level":"debug","message":"Query: SELECT COUNT(*) FROM (SELECT \"public\".\"lms_courses\".\"id\" FROM \"public\".\"lms_courses\" WHERE (\"public\".\"lms_courses\".\"status\" = CAST($1::text AS \"public\".\"LmsCourseStatus\") AND \"public\".\"lms_courses\".\"isActive\" = $2) OFFSET $3) AS \"sub\"","service":"preplyte-api","timestamp":"2026-02-14 00:54:14"}
{"level":"debug","message":"Params: [\"PUBLISHED\",true,0]","service":"preplyte-api","timestamp":"2026-02-14 00:54:14"}
{"level":"debug","message":"Duration: 4ms","service":"preplyte-api","timestamp":"2026-02-14 00:54:14"}
{"level":"debug","message":"Query: SELECT \"public\".\"lms_categories\".\"id\", \"public\".\"lms_categories\".\"name\", \"public\".\"lms_categories\".\"slug\", \"public\".\"lms_categories\".\"description\", \"public\".\"lms_categories\".\"iconUrl\", \"public\".\"lms_categories\".\"order\", \"public\".\"lms_categories\".\"isActive\", \"public\".\"lms_categories\".\"createdAt\", \"public\".\"lms_categories\".\"updatedAt\", COALESCE(\"aggr_selection_0_LmsCourse\".\"_aggr_count_courses\", 0) AS \"_aggr_count_courses\" FROM \"public\".\"lms_categories\" LEFT JOIN (SELECT \"public\".\"lms_courses\".\"categoryId\", COUNT(*) AS \"_aggr_count_courses\" FROM \"public\".\"lms_courses\" WHERE (\"public\".\"lms_courses\".\"status\" = CAST($1::text AS \"public\".\"LmsCourseStatus\") AND \"public\".\"lms_courses\".\"isActive\" = $2) GROUP BY \"public\".\"lms_courses\".\"categoryId\") AS \"aggr_selection_0_LmsCourse\" ON (\"public\".\"lms_categories\".\"id\" = \"aggr_selection_0_LmsCourse\".\"categoryId\") WHERE \"public\".\"lms_categories\".\"isActive\" = $3 ORDER BY \"public\".\"lms_categories\".\"order\" ASC OFFSET $4","service":"preplyte-api","timestamp":"2026-02-14 00:54:14"}
{"level":"debug","message":"Params: [\"PUBLISHED\",true,true,0]","service":"preplyte-api","timestamp":"2026-02-14 00:54:14"}
{"level":"debug","message":"Duration: 20ms","service":"preplyte-api","timestamp":"2026-02-14 00:54:14"}
{"level":"info","message":"\u001b[0mGET /api/lms/categories \u001b[36m304\u001b[0m 63.993 ms - -\u001b[0m","service":"preplyte-api","timestamp":"2026-02-14 00:54:14"}
{"level":"debug","message":"Query: SELECT COUNT(*) FROM (SELECT \"public\".\"lms_courses\".\"id\" FROM \"public\".\"lms_courses\" WHERE (\"public\".\"lms_courses\".\"status\" = CAST($1::text AS \"public\".\"LmsCourseStatus\") AND \"public\".\"lms_courses\".\"isActive\" = $2) OFFSET $3) AS \"sub\"","service":"preplyte-api","timestamp":"2026-02-14 00:54:14"}
{"level":"debug","message":"Params: [\"PUBLISHED\",true,0]","service":"preplyte-api","timestamp":"2026-02-14 00:54:14"}
{"level":"debug","message":"Duration: 18ms","service":"preplyte-api","timestamp":"2026-02-14 00:54:14"}
{"level":"debug","message":"Query: SELECT AVG(\"progressPercent\") FROM (SELECT \"public\".\"lms_enrollments\".\"progressPercent\" FROM \"public\".\"lms_enrollments\" WHERE \"public\".\"lms_enrollments\".\"status\" = CAST($1::text AS \"public\".\"LmsEnrollmentStatus\") OFFSET $2) AS \"sub\"","service":"preplyte-api","timestamp":"2026-02-14 00:54:14"}
{"level":"debug","message":"Params: [\"COMPLETED\",0]","service":"preplyte-api","timestamp":"2026-02-14 00:54:14"}
{"level":"debug","message":"Duration: 14ms","service":"preplyte-api","timestamp":"2026-02-14 00:54:14"}
{"level":"debug","message":"Query: SELECT COUNT(*), \"public\".\"lms_enrollments\".\"userId\" FROM \"public\".\"lms_enrollments\" WHERE 1=1 GROUP BY \"public\".\"lms_enrollments\".\"userId\" OFFSET $1","service":"preplyte-api","timestamp":"2026-02-14 00:54:14"}
{"level":"debug","message":"Params: [0]","service":"preplyte-api","timestamp":"2026-02-14 00:54:14"}
{"level":"debug","message":"Duration: 8ms","service":"preplyte-api","timestamp":"2026-02-14 00:54:14"}
{"level":"debug","message":"Query: SELECT COUNT(*) FROM (SELECT \"public\".\"lms_courses\".\"id\" FROM \"public\".\"lms_courses\" WHERE (\"public\".\"lms_courses\".\"status\" = CAST($1::text AS \"public\".\"LmsCourseStatus\") AND \"public\".\"lms_courses\".\"isActive\" = $2) OFFSET $3) AS \"sub\"","service":"preplyte-api","timestamp":"2026-02-14 00:54:14"}
{"level":"debug","message":"Params: [\"PUBLISHED\",true,0]","service":"preplyte-api","timestamp":"2026-02-14 00:54:14"}
{"level":"debug","message":"Duration: 6ms","service":"preplyte-api","timestamp":"2026-02-14 00:54:14"}
{"level":"debug","message":"Query: SELECT \"public\".\"lms_courses\".\"id\", \"public\".\"lms_courses\".\"categoryId\", \"public\".\"lms_courses\".\"title\", \"public\".\"lms_courses\".\"slug\", \"public\".\"lms_courses\".\"shortDescription\", \"public\".\"lms_courses\".\"description\", \"public\".\"lms_courses\".\"thumbnailUrl\", \"public\".\"lms_courses\".\"previewVideoUrl\", \"public\".\"lms_courses\".\"totalModules\", \"public\".\"lms_courses\".\"totalTopics\", \"public\".\"lms_courses\".\"totalPoints\", \"public\".\"lms_courses\".\"totalHours\", \"public\".\"lms_courses\".\"price\", \"public\".\"lms_courses\".\"discountPrice\", \"public\".\"lms_courses\".\"currency\", \"public\".\"lms_courses\".\"status\"::text, \"public\".\"lms_courses\".\"isActive\", \"public\".\"lms_courses\".\"certificateEnabled\", \"public\".\"lms_courses\".\"passingPercentage\", \"public\".\"lms_courses\".\"tags\", \"public\".\"lms_courses\".\"difficulty\"::text, \"public\".\"lms_courses\".\"instructor\", \"public\".\"lms_courses\".\"language\", \"public\".\"lms_courses\".\"averageRating\", \"public\".\"lms_courses\".\"ratingsCount\", \"public\".\"lms_courses\".\"createdAt\", \"public\".\"lms_courses\".\"updatedAt\", \"public\".\"lms_courses\".\"publishedAt\", COALESCE(\"aggr_selection_0_LmsEnrollment\".\"_aggr_count_enrollments\", 0) AS \"_aggr_count_enrollments\" FROM \"public\".\"lms_courses\" LEFT JOIN (SELECT \"public\".\"lms_enrollments\".\"courseId\", COUNT(*) AS \"orderby_aggregator\" FROM \"public\".\"lms_enrollments\" WHERE 1=1 GROUP BY \"public\".\"lms_enrollments\".\"courseId\") AS \"orderby_1_LmsEnrollment\" ON (\"public\".\"lms_courses\".\"id\" = \"orderby_1_LmsEnrollment\".\"courseId\") LEFT JOIN (SELECT \"public\".\"lms_enrollments\".\"courseId\", COUNT(*) AS \"_aggr_count_enrollments\" FROM \"public\".\"lms_enrollments\" WHERE 1=1 GROUP BY \"public\".\"lms_enrollments\".\"courseId\") AS \"aggr_selection_0_LmsEnrollment\" ON (\"public\".\"lms_courses\".\"id\" = \"aggr_selection_0_LmsEnrollment\".\"courseId\") WHERE (\"public\".\"lms_courses\".\"status\" = CAST($1::text AS \"public\".\"LmsCourseStatus\") AND \"public\".\"lms_courses\".\"isActive\" = $2) ORDER BY COALESCE(\"orderby_1_LmsEnrollment\".\"orderby_aggregator\", $3) DESC LIMIT $4 OFFSET $5","service":"preplyte-api","timestamp":"2026-02-14 00:54:14"}
{"level":"debug","message":"Params: [\"PUBLISHED\",true,0,12,0]","service":"preplyte-api","timestamp":"2026-02-14 00:54:14"}
{"level":"debug","message":"Duration: 14ms","service":"preplyte-api","timestamp":"2026-02-14 00:54:14"}
{"level":"info","message":"\u001b[0mGET /api/lms/stats \u001b[36m304\u001b[0m 188.695 ms - -\u001b[0m","service":"preplyte-api","timestamp":"2026-02-14 00:54:14"}
{"level":"debug","message":"Query: SELECT \"public\".\"lms_categories\".\"id\", \"public\".\"lms_categories\".\"name\", \"public\".\"lms_categories\".\"slug\" FROM \"public\".\"lms_categories\" WHERE \"public\".\"lms_categories\".\"id\" IN ($1) OFFSET $2","service":"preplyte-api","timestamp":"2026-02-14 00:54:14"}
{"level":"debug","message":"Params: [\"cmlks63sv000212ejg0bsnw2z\",0]","service":"preplyte-api","timestamp":"2026-02-14 00:54:14"}
{"level":"debug","message":"Duration: 4ms","service":"preplyte-api","timestamp":"2026-02-14 00:54:14"}
{"level":"debug","message":"Query: SELECT \"public\".\"lms_courses\".\"id\", \"public\".\"lms_courses\".\"categoryId\", \"public\".\"lms_courses\".\"title\", \"public\".\"lms_courses\".\"slug\", \"public\".\"lms_courses\".\"shortDescription\", \"public\".\"lms_courses\".\"description\", \"public\".\"lms_courses\".\"thumbnailUrl\", \"public\".\"lms_courses\".\"previewVideoUrl\", \"public\".\"lms_courses\".\"totalModules\", \"public\".\"lms_courses\".\"totalTopics\", \"public\".\"lms_courses\".\"totalPoints\", \"public\".\"lms_courses\".\"totalHours\", \"public\".\"lms_courses\".\"price\", \"public\".\"lms_courses\".\"discountPrice\", \"public\".\"lms_courses\".\"currency\", \"public\".\"lms_courses\".\"status\"::text, \"public\".\"lms_courses\".\"isActive\", \"public\".\"lms_courses\".\"certificateEnabled\", \"public\".\"lms_courses\".\"passingPercentage\", \"public\".\"lms_courses\".\"tags\", \"public\".\"lms_courses\".\"difficulty\"::text, \"public\".\"lms_courses\".\"instructor\", \"public\".\"lms_courses\".\"language\", \"public\".\"lms_courses\".\"averageRating\", \"public\".\"lms_courses\".\"ratingsCount\", \"public\".\"lms_courses\".\"createdAt\", \"public\".\"lms_courses\".\"updatedAt\", \"public\".\"lms_courses\".\"publishedAt\", COALESCE(\"aggr_selection_0_LmsEnrollment\".\"_aggr_count_enrollments\", 0) AS \"_aggr_count_enrollments\" FROM \"public\".\"lms_courses\" LEFT JOIN (SELECT \"public\".\"lms_enrollments\".\"courseId\", COUNT(*) AS \"orderby_aggregator\" FROM \"public\".\"lms_enrollments\" WHERE 1=1 GROUP BY \"public\".\"lms_enrollments\".\"courseId\") AS \"orderby_1_LmsEnrollment\" ON (\"public\".\"lms_courses\".\"id\" = \"orderby_1_LmsEnrollment\".\"courseId\") LEFT JOIN (SELECT \"public\".\"lms_enrollments\".\"courseId\", COUNT(*) AS \"_aggr_count_enrollments\" FROM \"public\".\"lms_enrollments\" WHERE 1=1 GROUP BY \"public\".\"lms_enrollments\".\"courseId\") AS \"aggr_selection_0_LmsEnrollment\" ON (\"public\".\"lms_courses\".\"id\" = \"aggr_selection_0_LmsEnrollment\".\"courseId\") WHERE (\"public\".\"lms_courses\".\"status\" = CAST($1::text AS \"public\".\"LmsCourseStatus\") AND \"public\".\"lms_courses\".\"isActive\" = $2) ORDER BY COALESCE(\"orderby_1_LmsEnrollment\".\"orderby_aggregator\", $3) DESC LIMIT $4 OFFSET $5","service":"preplyte-api","timestamp":"2026-02-14 00:54:14"}
{"level":"debug","message":"Params: [\"PUBLISHED\",true,0,12,0]","service":"preplyte-api","timestamp":"2026-02-14 00:54:14"}
{"level":"debug","message":"Duration: 13ms","service":"preplyte-api","timestamp":"2026-02-14 00:54:14"}
{"level":"debug","message":"Query: SELECT \"public\".\"lms_categories\".\"id\", \"public\".\"lms_categories\".\"name\", \"public\".\"lms_categories\".\"slug\" FROM \"public\".\"lms_categories\" WHERE \"public\".\"lms_categories\".\"id\" IN ($1) OFFSET $2","service":"preplyte-api","timestamp":"2026-02-14 00:54:14"}
{"level":"debug","message":"Params: [\"cmlks63sv000212ejg0bsnw2z\",0]","service":"preplyte-api","timestamp":"2026-02-14 00:54:14"}
{"level":"debug","message":"Duration: 3ms","service":"preplyte-api","timestamp":"2026-02-14 00:54:14"}
{"level":"info","message":"\u001b[0mGET /api/lms/courses?page=1&limit=12&priceRange=all&sortBy=popular \u001b[32m200\u001b[0m 181.431 ms - -\u001b[0m","service":"preplyte-api","timestamp":"2026-02-14 00:54:14"}
{"level":"info","message":"\u001b[0mGET /api/lms/courses?page=1&limit=12&priceRange=all&sortBy=popular&search= \u001b[32m200\u001b[0m 168.250 ms - -\u001b[0m","service":"preplyte-api","timestamp":"2026-02-14 00:54:14"}
{"level":"debug","message":"Query: SELECT 1","service":"preplyte-api","timestamp":"2026-02-14 00:54:33"}
{"level":"debug","message":"Params: []","service":"preplyte-api","timestamp":"2026-02-14 00:54:33"}
{"level":"debug","message":"Duration: 0ms","service":"preplyte-api","timestamp":"2026-02-14 00:54:33"}
{"level":"debug","message":"Query: SELECT \"public\".\"lms_courses\".\"id\", \"public\".\"lms_courses\".\"categoryId\", \"public\".\"lms_courses\".\"title\", \"public\".\"lms_courses\".\"slug\", \"public\".\"lms_courses\".\"shortDescription\", \"public\".\"lms_courses\".\"description\", \"public\".\"lms_courses\".\"thumbnailUrl\", \"public\".\"lms_courses\".\"previewVideoUrl\", \"public\".\"lms_courses\".\"totalModules\", \"public\".\"lms_courses\".\"totalTopics\", \"public\".\"lms_courses\".\"totalPoints\", \"public\".\"lms_courses\".\"totalHours\", \"public\".\"lms_courses\".\"price\", \"public\".\"lms_courses\".\"discountPrice\", \"public\".\"lms_courses\".\"currency\", \"public\".\"lms_courses\".\"status\"::text, \"public\".\"lms_courses\".\"isActive\", \"public\".\"lms_courses\".\"certificateEnabled\", \"public\".\"lms_courses\".\"passingPercentage\", \"public\".\"lms_courses\".\"tags\", \"public\".\"lms_courses\".\"difficulty\"::text, \"public\".\"lms_courses\".\"instructor\", \"public\".\"lms_courses\".\"language\", \"public\".\"lms_courses\".\"averageRating\", \"public\".\"lms_courses\".\"ratingsCount\", \"public\".\"lms_courses\".\"createdAt\", \"public\".\"lms_courses\".\"updatedAt\", \"public\".\"lms_courses\".\"publishedAt\", COALESCE(\"aggr_selection_0_LmsEnrollment\".\"_aggr_count_enrollments\", 0) AS \"_aggr_count_enrollments\" FROM \"public\".\"lms_courses\" LEFT JOIN (SELECT \"public\".\"lms_enrollments\".\"courseId\", COUNT(*) AS \"_aggr_count_enrollments\" FROM \"public\".\"lms_enrollments\" WHERE 1=1 GROUP BY \"public\".\"lms_enrollments\".\"courseId\") AS \"aggr_selection_0_LmsEnrollment\" ON (\"public\".\"lms_courses\".\"id\" = \"aggr_selection_0_LmsEnrollment\".\"courseId\") WHERE (\"public\".\"lms_courses\".\"slug\" = $1 AND 1=1) LIMIT $2 OFFSET $3","service":"preplyte-api","timestamp":"2026-02-14 00:54:33"}
{"level":"debug","message":"Params: [\"prompt-engineering\",1,0]","service":"preplyte-api","timestamp":"2026-02-14 00:54:33"}
{"level":"debug","message":"Duration: 3ms","service":"preplyte-api","timestamp":"2026-02-14 00:54:33"}
{"level":"debug","message":"Query: SELECT \"public\".\"lms_categories\".\"id\", \"public\".\"lms_categories\".\"name\", \"public\".\"lms_categories\".\"slug\", \"public\".\"lms_categories\".\"description\", \"public\".\"lms_categories\".\"iconUrl\", \"public\".\"lms_categories\".\"order\", \"public\".\"lms_categories\".\"isActive\", \"public\".\"lms_categories\".\"createdAt\", \"public\".\"lms_categories\".\"updatedAt\" FROM \"public\".\"lms_categories\" WHERE \"public\".\"lms_categories\".\"id\" IN ($1) OFFSET $2","service":"preplyte-api","timestamp":"2026-02-14 00:54:33"}
{"level":"debug","message":"Params: [\"cmlks63sv000212ejg0bsnw2z\",0]","service":"preplyte-api","timestamp":"2026-02-14 00:54:33"}
{"level":"debug","message":"Duration: 1ms","service":"preplyte-api","timestamp":"2026-02-14 00:54:33"}
{"level":"debug","message":"Query: SELECT \"public\".\"lms_modules\".\"id\", \"public\".\"lms_modules\".\"courseId\", \"public\".\"lms_modules\".\"title\", \"public\".\"lms_modules\".\"shortDescription\", \"public\".\"lms_modules\".\"description\", \"public\".\"lms_modules\".\"order\", \"public\".\"lms_modules\".\"totalTopics\", \"public\".\"lms_modules\".\"points\", \"public\".\"lms_modules\".\"estimatedMinutes\", \"public\".\"lms_modules\".\"isActive\", \"public\".\"lms_modules\".\"createdAt\", \"public\".\"lms_modules\".\"updatedAt\" FROM \"public\".\"lms_modules\" WHERE (\"public\".\"lms_modules\".\"isActive\" = $1 AND \"public\".\"lms_modules\".\"courseId\" IN ($2)) ORDER BY \"public\".\"lms_modules\".\"order\" ASC OFFSET $3","service":"preplyte-api","timestamp":"2026-02-14 00:54:33"}
{"level":"debug","message":"Params: [true,\"cmlku48wi000e6pa9yrdyr6yi\",0]","service":"preplyte-api","timestamp":"2026-02-14 00:54:33"}
{"level":"debug","message":"Duration: 14ms","service":"preplyte-api","timestamp":"2026-02-14 00:54:33"}
{"level":"debug","message":"Query: SELECT \"public\".\"lms_topics\".\"id\", \"public\".\"lms_topics\".\"title\", \"public\".\"lms_topics\".\"order\", \"public\".\"lms_topics\".\"estimatedMinutes\", \"public\".\"lms_topics\".\"videoUrl\", \"public\".\"lms_topics\".\"moduleId\" FROM \"public\".\"lms_topics\" WHERE (\"public\".\"lms_topics\".\"isActive\" = $1 AND \"public\".\"lms_topics\".\"moduleId\" IN ($2,$3)) ORDER BY \"public\".\"lms_topics\".\"order\" ASC OFFSET $4","service":"preplyte-api","timestamp":"2026-02-14 00:54:33"}
{"level":"debug","message":"Params: [true,\"cmlkufzfm0003sskqbps4etsu\",\"cmll08gdw000nyaoegv06ck67\",0]","service":"preplyte-api","timestamp":"2026-02-14 00:54:33"}
{"level":"debug","message":"Duration: 14ms","service":"preplyte-api","timestamp":"2026-02-14 00:54:33"}
{"level":"debug","message":"Query: SELECT \"public\".\"lms_module_tests\".\"id\", \"public\".\"lms_module_tests\".\"title\", \"public\".\"lms_module_tests\".\"instructions\", \"public\".\"lms_module_tests\".\"totalQuestions\", \"public\".\"lms_module_tests\".\"timeLimitMinutes\", \"public\".\"lms_module_tests\".\"passingScore\", \"public\".\"lms_module_tests\".\"maxAttempts\", \"public\".\"lms_module_tests\".\"pointsPerQuestion\", \"public\".\"lms_module_tests\".\"totalPoints\", \"public\".\"lms_module_tests\".\"isActive\", \"public\".\"lms_module_tests\".\"moduleId\" FROM \"public\".\"lms_module_tests\" WHERE \"public\".\"lms_module_tests\".\"moduleId\" IN ($1,$2) OFFSET $3","service":"preplyte-api","timestamp":"2026-02-14 00:54:33"}
{"level":"debug","message":"Params: [\"cmlkufzfm0003sskqbps4etsu\",\"cmll08gdw000nyaoegv06ck67\",0]","service":"preplyte-api","timestamp":"2026-02-14 00:54:33"}
{"level":"debug","message":"Duration: 9ms","service":"preplyte-api","timestamp":"2026-02-14 00:54:33"}
{"level":"debug","message":"Query: SELECT \"public\".\"lms_final_tests\".\"id\", \"public\".\"lms_final_tests\".\"courseId\", \"public\".\"lms_final_tests\".\"title\", \"public\".\"lms_final_tests\".\"instructions\", \"public\".\"lms_final_tests\".\"totalQuestions\", \"public\".\"lms_final_tests\".\"passingScore\", \"public\".\"lms_final_tests\".\"timeLimitMinutes\", \"public\".\"lms_final_tests\".\"pointsPerQuestion\", \"public\".\"lms_final_tests\".\"totalPoints\", \"public\".\"lms_final_tests\".\"maxAttempts\", \"public\".\"lms_final_tests\".\"isActive\", \"public\".\"lms_final_tests\".\"createdAt\", \"public\".\"lms_final_tests\".\"updatedAt\" FROM \"public\".\"lms_final_tests\" WHERE \"public\".\"lms_final_tests\".\"courseId\" IN ($1) OFFSET $2","service":"preplyte-api","timestamp":"2026-02-14 00:54:33"}
{"level":"debug","message":"Params: [\"cmlku48wi000e6pa9yrdyr6yi\",0]","service":"preplyte-api","timestamp":"2026-02-14 00:54:33"}
{"level":"debug","message":"Duration: 9ms","service":"preplyte-api","timestamp":"2026-02-14 00:54:33"}
{"level":"debug","message":"Query: SELECT \"public\".\"lms_course_feedbacks\".\"id\", \"public\".\"lms_course_feedbacks\".\"userId\", \"public\".\"lms_course_feedbacks\".\"courseId\", \"public\".\"lms_course_feedbacks\".\"rating\", \"public\".\"lms_course_feedbacks\".\"comment\", \"public\".\"lms_course_feedbacks\".\"createdAt\", \"public\".\"lms_course_feedbacks\".\"updatedAt\" FROM \"public\".\"lms_course_feedbacks\" WHERE \"public\".\"lms_course_feedbacks\".\"courseId\" IN ($1) ORDER BY \"public\".\"lms_course_feedbacks\".\"createdAt\" DESC LIMIT $2 OFFSET $3","service":"preplyte-api","timestamp":"2026-02-14 00:54:33"}
{"level":"debug","message":"Params: [\"cmlku48wi000e6pa9yrdyr6yi\",5,0]","service":"preplyte-api","timestamp":"2026-02-14 00:54:33"}
{"level":"debug","message":"Duration: 15ms","service":"preplyte-api","timestamp":"2026-02-14 00:54:33"}
{"level":"debug","message":"Query: SELECT \"public\".\"users\".\"id\", \"public\".\"users\".\"name\" FROM \"public\".\"users\" WHERE \"public\".\"users\".\"id\" IN ($1) OFFSET $2","service":"preplyte-api","timestamp":"2026-02-14 00:54:33"}
{"level":"debug","message":"Params: [\"cmlksg3yz0005chz5d93pvzi8\",0]","service":"preplyte-api","timestamp":"2026-02-14 00:54:33"}
{"level":"debug","message":"Duration: 18ms","service":"preplyte-api","timestamp":"2026-02-14 00:54:33"}
{"level":"debug","message":"Query: SELECT \"public\".\"student_profiles\".\"id\", \"public\".\"student_profiles\".\"fullName\", \"public\".\"student_profiles\".\"userId\" FROM \"public\".\"student_profiles\" WHERE \"public\".\"student_profiles\".\"userId\" IN ($1) OFFSET $2","service":"preplyte-api","timestamp":"2026-02-14 00:54:33"}
{"level":"debug","message":"Params: [\"cmlksg3yz0005chz5d93pvzi8\",0]","service":"preplyte-api","timestamp":"2026-02-14 00:54:33"}
{"level":"debug","message":"Duration: 22ms","service":"preplyte-api","timestamp":"2026-02-14 00:54:33"}
{"level":"info","message":"\u001b[0mGET /api/lms/courses/prompt-engineering \u001b[32m200\u001b[0m 139.085 ms - -\u001b[0m","service":"preplyte-api","timestamp":"2026-02-14 00:54:33"}
{"level":"info","message":"\u001b[0mGET /api/dashboard/student \u001b[33m401\u001b[0m 3.454 ms - 108\u001b[0m","service":"preplyte-api","timestamp":"2026-02-14 00:55:14"}
{"level":"debug","message":"Query: SELECT 1","service":"preplyte-api","timestamp":"2026-02-14 00:55:14"}
{"level":"debug","message":"Params: []","service":"preplyte-api","timestamp":"2026-02-14 00:55:14"}
{"level":"debug","message":"Duration: 0ms","service":"preplyte-api","timestamp":"2026-02-14 00:55:14"}
{"level":"debug","message":"Query: SELECT \"public\".\"refresh_tokens\".\"id\", \"public\".\"refresh_tokens\".\"token\", \"public\".\"refresh_tokens\".\"userId\", \"public\".\"refresh_tokens\".\"expiresAt\", \"public\".\"refresh_tokens\".\"revokedAt\", \"public\".\"refresh_tokens\".\"userAgent\", \"public\".\"refresh_tokens\".\"ipAddress\", \"public\".\"refresh_tokens\".\"createdAt\" FROM \"public\".\"refresh_tokens\" WHERE (\"public\".\"refresh_tokens\".\"token\" = $1 AND \"public\".\"refresh_tokens\".\"userId\" = $2) LIMIT $3 OFFSET $4","service":"preplyte-api","timestamp":"2026-02-14 00:55:14"}
{"level":"debug","message":"Params: [\"2f398bd25d0f2b559fda5a5d2241fcfd78ac9c13217460487437a108bd29c538\",\"cmlksg3yz0005chz5d93pvzi8\",1,0]","service":"preplyte-api","timestamp":"2026-02-14 00:55:14"}
{"level":"debug","message":"Duration: 9ms","service":"preplyte-api","timestamp":"2026-02-14 00:55:14"}
{"level":"debug","message":"Query: SELECT \"public\".\"users\".\"id\", \"public\".\"users\".\"email\", \"public\".\"users\".\"password\", \"public\".\"users\".\"name\", \"public\".\"users\".\"role\"::text, \"public\".\"users\".\"isActive\", \"public\".\"users\".\"instituteId\", \"public\".\"users\".\"createdAt\", \"public\".\"users\".\"updatedAt\", \"public\".\"users\".\"lastLoginAt\", \"public\".\"users\".\"tokenVersion\" FROM \"public\".\"users\" WHERE (\"public\".\"users\".\"id\" = $1 AND 1=1) LIMIT $2 OFFSET $3","service":"preplyte-api","timestamp":"2026-02-14 00:55:14"}
{"level":"debug","message":"Params: [\"cmlksg3yz0005chz5d93pvzi8\",1,0]","service":"preplyte-api","timestamp":"2026-02-14 00:55:14"}
{"level":"debug","message":"Duration: 1ms","service":"preplyte-api","timestamp":"2026-02-14 00:55:14"}
{"level":"debug","message":"Query: BEGIN","service":"preplyte-api","timestamp":"2026-02-14 00:55:14"}
{"level":"debug","message":"Params: []","service":"preplyte-api","timestamp":"2026-02-14 00:55:14"}
{"level":"debug","message":"Duration: 0ms","service":"preplyte-api","timestamp":"2026-02-14 00:55:14"}
{"level":"debug","message":"Query: UPDATE \"public\".\"refresh_tokens\" SET \"revokedAt\" = $1 WHERE (\"public\".\"refresh_tokens\".\"id\" = $2 AND 1=1) RETURNING \"public\".\"refresh_tokens\".\"id\", \"public\".\"refresh_tokens\".\"token\", \"public\".\"refresh_tokens\".\"userId\", \"public\".\"refresh_tokens\".\"expiresAt\", \"public\".\"refresh_tokens\".\"revokedAt\", \"public\".\"refresh_tokens\".\"userAgent\", \"public\".\"refresh_tokens\".\"ipAddress\", \"public\".\"refresh_tokens\".\"createdAt\"","service":"preplyte-api","timestamp":"2026-02-14 00:55:14"}
{"level":"debug","message":"Params: [\"2026-02-13 19:25:14.822 UTC\",\"cmll0h5fw00037su81vi5zvko\"]","service":"preplyte-api","timestamp":"2026-02-14 00:55:14"}
{"level":"debug","message":"Duration: 11ms","service":"preplyte-api","timestamp":"2026-02-14 00:55:14"}
{"level":"debug","message":"Query: INSERT INTO \"public\".\"refresh_tokens\" (\"id\",\"token\",\"userId\",\"expiresAt\",\"createdAt\") VALUES ($1,$2,$3,$4,$5) RETURNING \"public\".\"refresh_tokens\".\"id\", \"public\".\"refresh_tokens\".\"token\", \"public\".\"refresh_tokens\".\"userId\", \"public\".\"refresh_tokens\".\"expiresAt\", \"public\".\"refresh_tokens\".\"revokedAt\", \"public\".\"refresh_tokens\".\"userAgent\", \"public\".\"refresh_tokens\".\"ipAddress\", \"public\".\"refresh_tokens\".\"createdAt\"","service":"preplyte-api","timestamp":"2026-02-14 00:55:14"}
{"level":"debug","message":"Params: [\"cmlla1xar0001q0yzsbs34pl9\",\"6ff9fcc1d7093724c3f2da582f3cde2c98ecce5b99283e0aff76e9d183aab8e3\",\"cmlksg3yz0005chz5d93pvzi8\",\"2026-02-20 19:25:14.823 UTC\",\"2026-02-13 19:25:14.828 UTC\"]","service":"preplyte-api","timestamp":"2026-02-14 00:55:14"}
{"level":"debug","message":"Duration: 4ms","service":"preplyte-api","timestamp":"2026-02-14 00:55:14"}
{"level":"debug","message":"Query: COMMIT","service":"preplyte-api","timestamp":"2026-02-14 00:55:14"}
{"level":"debug","message":"Params: []","service":"preplyte-api","timestamp":"2026-02-14 00:55:14"}
{"level":"debug","message":"Duration: 3ms","service":"preplyte-api","timestamp":"2026-02-14 00:55:14"}
{"level":"info","message":"Token refreshed successfully","service":"preplyte-api","timestamp":"2026-02-14 00:55:14","userId":"cmlksg3yz0005chz5d93pvzi8"}
{"level":"info","message":"\u001b[0mPOST /api/auth/refresh \u001b[32m200\u001b[0m 133.986 ms - 932\u001b[0m","service":"preplyte-api","timestamp":"2026-02-14 00:55:14"}
{"level":"debug","message":"Query: SELECT \"public\".\"users\".\"id\", \"public\".\"users\".\"email\", \"public\".\"users\".\"role\"::text, \"public\".\"users\".\"instituteId\", \"public\".\"users\".\"isActive\", \"public\".\"users\".\"tokenVersion\" FROM \"public\".\"users\" WHERE (\"public\".\"users\".\"id\" = $1 AND 1=1) LIMIT $2 OFFSET $3","service":"preplyte-api","timestamp":"2026-02-14 00:55:14"}
{"level":"debug","message":"Params: [\"cmlksg3yz0005chz5d93pvzi8\",1,0]","service":"preplyte-api","timestamp":"2026-02-14 00:55:14"}
{"level":"debug","message":"Duration: 1ms","service":"preplyte-api","timestamp":"2026-02-14 00:55:14"}
{"level":"debug","message":"[DashboardService] Fetching student dashboard","service":"preplyte-api","timestamp":"2026-02-14 00:55:14","userId":"cmlksg3yz0005chz5d93pvzi8"}
{"level":"debug","message":"Query: SELECT 1","service":"preplyte-api","timestamp":"2026-02-14 00:55:14"}
{"level":"debug","message":"Params: []","service":"preplyte-api","timestamp":"2026-02-14 00:55:14"}
{"level":"debug","message":"Duration: 0ms","service":"preplyte-api","timestamp":"2026-02-14 00:55:14"}
{"level":"debug","message":"Query: SELECT 1","service":"preplyte-api","timestamp":"2026-02-14 00:55:14"}
{"level":"debug","message":"Params: []","service":"preplyte-api","timestamp":"2026-02-14 00:55:14"}
{"level":"debug","message":"Duration: 0ms","service":"preplyte-api","timestamp":"2026-02-14 00:55:14"}
{"level":"debug","message":"Query: SELECT 1","service":"preplyte-api","timestamp":"2026-02-14 00:55:14"}
{"level":"debug","message":"Params: []","service":"preplyte-api","timestamp":"2026-02-14 00:55:14"}
{"level":"debug","message":"Duration: 0ms","service":"preplyte-api","timestamp":"2026-02-14 00:55:14"}
{"level":"debug","message":"Query: SELECT 1","service":"preplyte-api","timestamp":"2026-02-14 00:55:14"}
{"level":"debug","message":"Params: []","service":"preplyte-api","timestamp":"2026-02-14 00:55:14"}
{"level":"debug","message":"Duration: 0ms","service":"preplyte-api","timestamp":"2026-02-14 00:55:14"}
{"level":"debug","message":"Query: SELECT 1","service":"preplyte-api","timestamp":"2026-02-14 00:55:14"}
{"level":"debug","message":"Params: []","service":"preplyte-api","timestamp":"2026-02-14 00:55:14"}
{"level":"debug","message":"Duration: 0ms","service":"preplyte-api","timestamp":"2026-02-14 00:55:14"}
{"level":"debug","message":"Query: SELECT 1","service":"preplyte-api","timestamp":"2026-02-14 00:55:14"}
{"level":"debug","message":"Params: []","service":"preplyte-api","timestamp":"2026-02-14 00:55:14"}
{"level":"debug","message":"Duration: 0ms","service":"preplyte-api","timestamp":"2026-02-14 00:55:14"}
{"level":"debug","message":"Query: SELECT \"public\".\"aptitude_practice_sessions\".\"id\", \"public\".\"aptitude_practice_sessions\".\"completedAt\", \"public\".\"aptitude_practice_sessions\".\"totalScore\", \"public\".\"aptitude_practice_sessions\".\"numberOfQuestions\" FROM \"public\".\"aptitude_practice_sessions\" WHERE \"public\".\"aptitude_practice_sessions\".\"userId\" = $1 OFFSET $2","service":"preplyte-api","timestamp":"2026-02-14 00:55:14"}
{"level":"debug","message":"Params: [\"cmlksg3yz0005chz5d93pvzi8\",0]","service":"preplyte-api","timestamp":"2026-02-14 00:55:14"}
{"level":"debug","message":"Duration: 8ms","service":"preplyte-api","timestamp":"2026-02-14 00:55:14"}
{"level":"debug","message":"Query: SELECT \"public\".\"machine_practice_sessions\".\"id\", \"public\".\"machine_practice_sessions\".\"completedAt\", \"public\".\"machine_practice_sessions\".\"totalSolved\", \"public\".\"machine_practice_sessions\".\"numberOfQuestions\" FROM \"public\".\"machine_practice_sessions\" WHERE \"public\".\"machine_practice_sessions\".\"userId\" = $1 OFFSET $2","service":"preplyte-api","timestamp":"2026-02-14 00:55:14"}
{"level":"debug","message":"Params: [\"cmlksg3yz0005chz5d93pvzi8\",0]","service":"preplyte-api","timestamp":"2026-02-14 00:55:14"}
{"level":"debug","message":"Duration: 9ms","service":"preplyte-api","timestamp":"2026-02-14 00:55:14"}
{"level":"debug","message":"Query: SELECT \"public\".\"machine_practice_sessions\".\"id\", \"public\".\"machine_practice_sessions\".\"difficulty\"::text, \"public\".\"machine_practice_sessions\".\"totalSolved\", \"public\".\"machine_practice_sessions\".\"numberOfQuestions\", \"public\".\"machine_practice_sessions\".\"completedAt\" FROM \"public\".\"machine_practice_sessions\" WHERE (\"public\".\"machine_practice_sessions\".\"userId\" = $1 AND \"public\".\"machine_practice_sessions\".\"completedAt\" IS NOT NULL) ORDER BY \"public\".\"machine_practice_sessions\".\"completedAt\" DESC LIMIT $2 OFFSET $3","service":"preplyte-api","timestamp":"2026-02-14 00:55:14"}
{"level":"debug","message":"Params: [\"cmlksg3yz0005chz5d93pvzi8\",5,0]","service":"preplyte-api","timestamp":"2026-02-14 00:55:14"}
{"level":"debug","message":"Duration: 8ms","service":"preplyte-api","timestamp":"2026-02-14 00:55:14"}
{"level":"debug","message":"Query: SELECT \"public\".\"aptitude_practice_sessions\".\"id\", \"public\".\"aptitude_practice_sessions\".\"difficulty\"::text, \"public\".\"aptitude_practice_sessions\".\"totalScore\", \"public\".\"aptitude_practice_sessions\".\"numberOfQuestions\", \"public\".\"aptitude_practice_sessions\".\"completedAt\", \"public\".\"aptitude_practice_sessions\".\"questionTypes\"::text[] FROM \"public\".\"aptitude_practice_sessions\" WHERE (\"public\".\"aptitude_practice_sessions\".\"userId\" = $1 AND \"public\".\"aptitude_practice_sessions\".\"completedAt\" IS NOT NULL) ORDER BY \"public\".\"aptitude_practice_sessions\".\"completedAt\" DESC LIMIT $2 OFFSET $3","service":"preplyte-api","timestamp":"2026-02-14 00:55:14"}
{"level":"debug","message":"Params: [\"cmlksg3yz0005chz5d93pvzi8\",5,0]","service":"preplyte-api","timestamp":"2026-02-14 00:55:14"}
{"level":"debug","message":"Duration: 8ms","service":"preplyte-api","timestamp":"2026-02-14 00:55:14"}
{"level":"debug","message":"Query: SELECT \"public\".\"ai_interview_sessions\".\"id\", \"public\".\"ai_interview_sessions\".\"status\"::text FROM \"public\".\"ai_interview_sessions\" WHERE \"public\".\"ai_interview_sessions\".\"userId\" = $1 OFFSET $2","service":"preplyte-api","timestamp":"2026-02-14 00:55:14"}
{"level":"debug","message":"Params: [\"cmlksg3yz0005chz5d93pvzi8\",0]","service":"preplyte-api","timestamp":"2026-02-14 00:55:14"}
{"level":"debug","message":"Duration: 11ms","service":"preplyte-api","timestamp":"2026-02-14 00:55:14"}
{"level":"debug","message":"Query: SELECT \"public\".\"ai_interview_sessions\".\"id\", \"public\".\"ai_interview_sessions\".\"difficulty\"::text, \"public\".\"ai_interview_sessions\".\"jobTitle\", \"public\".\"ai_interview_sessions\".\"completedAt\" FROM \"public\".\"ai_interview_sessions\" WHERE (\"public\".\"ai_interview_sessions\".\"userId\" = $1 AND \"public\".\"ai_interview_sessions\".\"status\" = CAST($2::text AS \"public\".\"AiInterviewSessionStatus\")) ORDER BY \"public\".\"ai_interview_sessions\".\"completedAt\" DESC LIMIT $3 OFFSET $4","service":"preplyte-api","timestamp":"2026-02-14 00:55:14"}
{"level":"debug","message":"Params: [\"cmlksg3yz0005chz5d93pvzi8\",\"COMPLETED\",5,0]","service":"preplyte-api","timestamp":"2026-02-14 00:55:14"}
{"level":"debug","message":"Duration: 12ms","service":"preplyte-api","timestamp":"2026-02-14 00:55:14"}
{"level":"debug","message":"Query: SELECT \"public\".\"mock_drive_registrations\".\"id\", \"public\".\"mock_drive_registrations\".\"mockDriveId\", \"public\".\"mock_drive_registrations\".\"userId\", \"public\".\"mock_drive_registrations\".\"status\"::text, \"public\".\"mock_drive_registrations\".\"eligibilityCheckResult\", \"public\".\"mock_drive_registrations\".\"adminNotes\", \"public\".\"mock_drive_registrations\".\"batchId\", \"public\".\"mock_drive_registrations\".\"registeredAt\", \"public\".\"mock_drive_registrations\".\"reviewedAt\", \"public\".\"mock_drive_registrations\".\"reviewedBy\", \"public\".\"mock_drive_registrations\".\"createdAt\", \"public\".\"mock_drive_registrations\".\"updatedAt\" FROM \"public\".\"mock_drive_registrations\" LEFT JOIN \"public\".\"mock_drives\" AS \"orderby_1\" ON (\"orderby_1\".\"id\") = (\"public\".\"mock_drive_registrations\".\"mockDriveId\") LEFT JOIN \"public\".\"mock_drives\" AS \"j1\" ON (\"j1\".\"id\") = (\"public\".\"mock_drive_registrations\".\"mockDriveId\") WHERE (\"public\".\"mock_drive_registrations\".\"userId\" = $1 AND \"public\".\"mock_drive_registrations\".\"status\" = CAST($2::text AS \"public\".\"MockDriveRegistrationStatus\") AND (\"j1\".\"status\" IN (CAST($3::text AS \"public\".\"MockDriveStatus\"),CAST($4::text AS \"public\".\"MockDriveStatus\"),CAST($5::text AS \"public\".\"MockDriveStatus\")) AND \"j1\".\"driveStartDate\" > $6 AND (\"j1\".\"id\" IS NOT NULL))) ORDER BY \"orderby_1\".\"driveStartDate\" ASC LIMIT $7 OFFSET $8","service":"preplyte-api","timestamp":"2026-02-14 00:55:14"}
{"level":"debug","message":"Params: [\"cmlksg3yz0005chz5d93pvzi8\",\"APPROVED\",\"PUBLISHED\",\"REGISTRATION_OPEN\",\"REGISTRATION_CLOSED\",\"2026-02-13 19:25:14.892 UTC\",5,0]","service":"preplyte-api","timestamp":"2026-02-14 00:55:14"}
{"level":"debug","message":"Duration: 28ms","service":"preplyte-api","timestamp":"2026-02-14 00:55:14"}
{"level":"info","message":"\u001b[0mGET /api/dashboard/student \u001b[36m304\u001b[0m 59.926 ms - -\u001b[0m","service":"preplyte-api","timestamp":"2026-02-14 00:55:14"}
{"level":"debug","message":"Query: SELECT \"public\".\"users\".\"id\", \"public\".\"users\".\"email\", \"public\".\"users\".\"role\"::text, \"public\".\"users\".\"instituteId\", \"public\".\"users\".\"isActive\", \"public\".\"users\".\"tokenVersion\" FROM \"public\".\"users\" WHERE (\"public\".\"users\".\"id\" = $1 AND 1=1) LIMIT $2 OFFSET $3","service":"preplyte-api","timestamp":"2026-02-14 01:02:14"}
{"level":"debug","message":"Params: [\"cmlksg3yz0005chz5d93pvzi8\",1,0]","service":"preplyte-api","timestamp":"2026-02-14 01:02:14"}
{"level":"debug","message":"Duration: 11ms","service":"preplyte-api","timestamp":"2026-02-14 01:02:14"}
{"level":"debug","message":"[ProfileService] Fetching complete profile","service":"preplyte-api","timestamp":"2026-02-14 01:02:14","userId":"cmlksg3yz0005chz5d93pvzi8"}
{"level":"debug","message":"Query: SELECT \"public\".\"users\".\"id\", \"public\".\"users\".\"email\", \"public\".\"users\".\"password\", \"public\".\"users\".\"name\", \"public\".\"users\".\"role\"::text, \"public\".\"users\".\"isActive\", \"public\".\"users\".\"instituteId\", \"public\".\"users\".\"createdAt\", \"public\".\"users\".\"updatedAt\", \"public\".\"users\".\"lastLoginAt\", \"public\".\"users\".\"tokenVersion\" FROM \"public\".\"users\" WHERE (\"public\".\"users\".\"id\" = $1 AND 1=1) LIMIT $2 OFFSET $3","service":"preplyte-api","timestamp":"2026-02-14 01:02:14"}
{"level":"debug","message":"Params: [\"cmlksg3yz0005chz5d93pvzi8\",1,0]","service":"preplyte-api","timestamp":"2026-02-14 01:02:14"}
{"level":"debug","message":"Duration: 1ms","service":"preplyte-api","timestamp":"2026-02-14 01:02:14"}
{"level":"debug","message":"Query: SELECT \"public\".\"student_profiles\".\"id\", \"public\".\"student_profiles\".\"userId\", \"public\".\"student_profiles\".\"fullName\", \"public\".\"student_profiles\".\"studentId\", \"public\".\"student_profiles\".\"resumeUrl\", \"public\".\"student_profiles\".\"resumeName\", \"public\".\"student_profiles\".\"skills\", \"public\".\"student_profiles\".\"departmentId\", \"public\".\"student_profiles\".\"courseYear\", \"public\".\"student_profiles\".\"numberOfBacklogs\", \"public\".\"student_profiles\".\"marks10\", \"public\".\"student_profiles\".\"marks12\", \"public\".\"student_profiles\".\"cgpaSemesters\", \"public\".\"student_profiles\".\"averageCgpa\", \"public\".\"student_profiles\".\"createdAt\", \"public\".\"student_profiles\".\"updatedAt\" FROM \"public\".\"student_profiles\" WHERE \"public\".\"student_profiles\".\"userId\" IN ($1) OFFSET $2","service":"preplyte-api","timestamp":"2026-02-14 01:02:15"}
{"level":"debug","message":"Params: [\"cmlksg3yz0005chz5d93pvzi8\",0]","service":"preplyte-api","timestamp":"2026-02-14 01:02:15"}
{"level":"debug","message":"Duration: 12ms","service":"preplyte-api","timestamp":"2026-02-14 01:02:15"}
{"level":"debug","message":"Query: SELECT \"public\".\"resumes\".\"id\", \"public\".\"resumes\".\"userId\", \"public\".\"resumes\".\"fileName\", \"public\".\"resumes\".\"fileUrl\", \"public\".\"resumes\".\"fileSize\", \"public\".\"resumes\".\"mimeType\", \"public\".\"resumes\".\"isDefault\", \"public\".\"resumes\".\"parsedTextHash\", \"public\".\"resumes\".\"lastParsedAt\", \"public\".\"resumes\".\"createdAt\", \"public\".\"resumes\".\"updatedAt\" FROM \"public\".\"resumes\" WHERE \"public\".\"resumes\".\"userId\" IN ($1) ORDER BY \"public\".\"resumes\".\"createdAt\" DESC OFFSET $2","service":"preplyte-api","timestamp":"2026-02-14 01:02:15"}
{"level":"debug","message":"Params: [\"cmlksg3yz0005chz5d93pvzi8\",0]","service":"preplyte-api","timestamp":"2026-02-14 01:02:15"}
{"level":"debug","message":"Duration: 8ms","service":"preplyte-api","timestamp":"2026-02-14 01:02:15"}
{"level":"info","message":"\u001b[0mGET /api/profile \u001b[32m200\u001b[0m 161.653 ms - 500\u001b[0m","service":"preplyte-api","timestamp":"2026-02-14 01:02:15"}
{"level":"debug","message":"Query: SELECT \"public\".\"users\".\"id\", \"public\".\"users\".\"email\", \"public\".\"users\".\"role\"::text, \"public\".\"users\".\"instituteId\", \"public\".\"users\".\"isActive\", \"public\".\"users\".\"tokenVersion\" FROM \"public\".\"users\" WHERE (\"public\".\"users\".\"id\" = $1 AND 1=1) LIMIT $2 OFFSET $3","service":"preplyte-api","timestamp":"2026-02-14 01:02:24"}
{"level":"debug","message":"Params: [\"cmlksg3yz0005chz5d93pvzi8\",1,0]","service":"preplyte-api","timestamp":"2026-02-14 01:02:24"}
{"level":"debug","message":"Duration: 1ms","service":"preplyte-api","timestamp":"2026-02-14 01:02:24"}
{"level":"debug","message":"[DashboardService] Fetching student dashboard","service":"preplyte-api","timestamp":"2026-02-14 01:02:24","userId":"cmlksg3yz0005chz5d93pvzi8"}
{"level":"debug","message":"Query: SELECT \"public\".\"machine_practice_sessions\".\"id\", \"public\".\"machine_practice_sessions\".\"completedAt\", \"public\".\"machine_practice_sessions\".\"totalSolved\", \"public\".\"machine_practice_sessions\".\"numberOfQuestions\" FROM \"public\".\"machine_practice_sessions\" WHERE \"public\".\"machine_practice_sessions\".\"userId\" = $1 OFFSET $2","service":"preplyte-api","timestamp":"2026-02-14 01:02:24"}
{"level":"debug","message":"Params: [\"cmlksg3yz0005chz5d93pvzi8\",0]","service":"preplyte-api","timestamp":"2026-02-14 01:02:24"}
{"level":"debug","message":"Duration: 5ms","service":"preplyte-api","timestamp":"2026-02-14 01:02:24"}
{"level":"debug","message":"Query: SELECT \"public\".\"mock_drive_registrations\".\"id\", \"public\".\"mock_drive_registrations\".\"mockDriveId\", \"public\".\"mock_drive_registrations\".\"userId\", \"public\".\"mock_drive_registrations\".\"status\"::text, \"public\".\"mock_drive_registrations\".\"eligibilityCheckResult\", \"public\".\"mock_drive_registrations\".\"adminNotes\", \"public\".\"mock_drive_registrations\".\"batchId\", \"public\".\"mock_drive_registrations\".\"registeredAt\", \"public\".\"mock_drive_registrations\".\"reviewedAt\", \"public\".\"mock_drive_registrations\".\"reviewedBy\", \"public\".\"mock_drive_registrations\".\"createdAt\", \"public\".\"mock_drive_registrations\".\"updatedAt\" FROM \"public\".\"mock_drive_registrations\" LEFT JOIN \"public\".\"mock_drives\" AS \"orderby_1\" ON (\"orderby_1\".\"id\") = (\"public\".\"mock_drive_registrations\".\"mockDriveId\") LEFT JOIN \"public\".\"mock_drives\" AS \"j1\" ON (\"j1\".\"id\") = (\"public\".\"mock_drive_registrations\".\"mockDriveId\") WHERE (\"public\".\"mock_drive_registrations\".\"userId\" = $1 AND \"public\".\"mock_drive_registrations\".\"status\" = CAST($2::text AS \"public\".\"MockDriveRegistrationStatus\") AND (\"j1\".\"status\" IN (CAST($3::text AS \"public\".\"MockDriveStatus\"),CAST($4::text AS \"public\".\"MockDriveStatus\"),CAST($5::text AS \"public\".\"MockDriveStatus\")) AND \"j1\".\"driveStartDate\" > $6 AND (\"j1\".\"id\" IS NOT NULL))) ORDER BY \"orderby_1\".\"driveStartDate\" ASC LIMIT $7 OFFSET $8","service":"preplyte-api","timestamp":"2026-02-14 01:02:24"}
{"level":"debug","message":"Params: [\"cmlksg3yz0005chz5d93pvzi8\",\"APPROVED\",\"PUBLISHED\",\"REGISTRATION_OPEN\",\"REGISTRATION_CLOSED\",\"2026-02-13 19:32:24.363 UTC\",5,0]","service":"preplyte-api","timestamp":"2026-02-14 01:02:24"}
{"level":"debug","message":"Duration: 14ms","service":"preplyte-api","timestamp":"2026-02-14 01:02:24"}
{"level":"debug","message":"Query: SELECT \"public\".\"aptitude_practice_sessions\".\"id\", \"public\".\"aptitude_practice_sessions\".\"completedAt\", \"public\".\"aptitude_practice_sessions\".\"totalScore\", \"public\".\"aptitude_practice_sessions\".\"numberOfQuestions\" FROM \"public\".\"aptitude_practice_sessions\" WHERE \"public\".\"aptitude_practice_sessions\".\"userId\" = $1 OFFSET $2","service":"preplyte-api","timestamp":"2026-02-14 01:02:24"}
{"level":"debug","message":"Params: [\"cmlksg3yz0005chz5d93pvzi8\",0]","service":"preplyte-api","timestamp":"2026-02-14 01:02:24"}
{"level":"debug","message":"Duration: 5ms","service":"preplyte-api","timestamp":"2026-02-14 01:02:24"}
{"level":"debug","message":"Query: SELECT \"public\".\"machine_practice_sessions\".\"id\", \"public\".\"machine_practice_sessions\".\"difficulty\"::text, \"public\".\"machine_practice_sessions\".\"totalSolved\", \"public\".\"machine_practice_sessions\".\"numberOfQuestions\", \"public\".\"machine_practice_sessions\".\"completedAt\" FROM \"public\".\"machine_practice_sessions\" WHERE (\"public\".\"machine_practice_sessions\".\"userId\" = $1 AND \"public\".\"machine_practice_sessions\".\"completedAt\" IS NOT NULL) ORDER BY \"public\".\"machine_practice_sessions\".\"completedAt\" DESC LIMIT $2 OFFSET $3","service":"preplyte-api","timestamp":"2026-02-14 01:02:24"}
{"level":"debug","message":"Params: [\"cmlksg3yz0005chz5d93pvzi8\",5,0]","service":"preplyte-api","timestamp":"2026-02-14 01:02:24"}
{"level":"debug","message":"Duration: 6ms","service":"preplyte-api","timestamp":"2026-02-14 01:02:24"}
{"level":"debug","message":"Query: SELECT \"public\".\"ai_interview_sessions\".\"id\", \"public\".\"ai_interview_sessions\".\"status\"::text FROM \"public\".\"ai_interview_sessions\" WHERE \"public\".\"ai_interview_sessions\".\"userId\" = $1 OFFSET $2","service":"preplyte-api","timestamp":"2026-02-14 01:02:24"}
{"level":"debug","message":"Params: [\"cmlksg3yz0005chz5d93pvzi8\",0]","service":"preplyte-api","timestamp":"2026-02-14 01:02:24"}
{"level":"debug","message":"Duration: 6ms","service":"preplyte-api","timestamp":"2026-02-14 01:02:24"}
{"level":"debug","message":"Query: SELECT \"public\".\"aptitude_practice_sessions\".\"id\", \"public\".\"aptitude_practice_sessions\".\"difficulty\"::text, \"public\".\"aptitude_practice_sessions\".\"totalScore\", \"public\".\"aptitude_practice_sessions\".\"numberOfQuestions\", \"public\".\"aptitude_practice_sessions\".\"completedAt\", \"public\".\"aptitude_practice_sessions\".\"questionTypes\"::text[] FROM \"public\".\"aptitude_practice_sessions\" WHERE (\"public\".\"aptitude_practice_sessions\".\"userId\" = $1 AND \"public\".\"aptitude_practice_sessions\".\"completedAt\" IS NOT NULL) ORDER BY \"public\".\"aptitude_practice_sessions\".\"completedAt\" DESC LIMIT $2 OFFSET $3","service":"preplyte-api","timestamp":"2026-02-14 01:02:24"}
{"level":"debug","message":"Params: [\"cmlksg3yz0005chz5d93pvzi8\",5,0]","service":"preplyte-api","timestamp":"2026-02-14 01:02:24"}
{"level":"debug","message":"Duration: 5ms","service":"preplyte-api","timestamp":"2026-02-14 01:02:24"}
{"level":"debug","message":"Query: SELECT \"public\".\"ai_interview_sessions\".\"id\", \"public\".\"ai_interview_sessions\".\"difficulty\"::text, \"public\".\"ai_interview_sessions\".\"jobTitle\", \"public\".\"ai_interview_sessions\".\"completedAt\" FROM \"public\".\"ai_interview_sessions\" WHERE (\"public\".\"ai_interview_sessions\".\"userId\" = $1 AND \"public\".\"ai_interview_sessions\".\"status\" = CAST($2::text AS \"public\".\"AiInterviewSessionStatus\")) ORDER BY \"public\".\"ai_interview_sessions\".\"completedAt\" DESC LIMIT $3 OFFSET $4","service":"preplyte-api","timestamp":"2026-02-14 01:02:24"}
{"level":"debug","message":"Params: [\"cmlksg3yz0005chz5d93pvzi8\",\"COMPLETED\",5,0]","service":"preplyte-api","timestamp":"2026-02-14 01:02:24"}
{"level":"debug","message":"Duration: 5ms","service":"preplyte-api","timestamp":"2026-02-14 01:02:24"}
{"level":"info","message":"\u001b[0mGET /api/dashboard/student \u001b[36m304\u001b[0m 123.708 ms - -\u001b[0m","service":"preplyte-api","timestamp":"2026-02-14 01:02:24"}
{"baseURL":"https://judge0-ce.p.rapidapi.com","level":"info","message":"Judge0 client initialized","service":"preplyte-api","timestamp":"2026-02-14 01:17:06","useRapidAPI":true}
{"level":"info","message":"[TTS] Using Deepgram for text-to-speech","service":"preplyte-api","timestamp":"2026-02-14 01:17:07"}
{"environment":"development","host":"0.0.0.0","level":"info","message":"Starting server...","port":4000,"service":"preplyte-api","timestamp":"2026-02-14 01:17:07"}
{"level":"info","message":"Checking database connection...","service":"preplyte-api","timestamp":"2026-02-14 01:17:07"}
{"baseURL":"https://judge0-ce.p.rapidapi.com","level":"info","message":"Judge0 client initialized","service":"preplyte-api","timestamp":"2026-02-14 01:17:06","useRapidAPI":true}
{"level":"info","message":"[TTS] Using Deepgram for text-to-speech","service":"preplyte-api","timestamp":"2026-02-14 01:17:07"}
{"environment":"development","host":"0.0.0.0","level":"info","message":"Starting server...","port":4000,"service":"preplyte-api","timestamp":"2026-02-14 01:17:07"}
{"level":"info","message":"Checking database connection...","service":"preplyte-api","timestamp":"2026-02-14 01:17:07"}
{"level":"debug","message":"Query: SELECT 1","service":"preplyte-api","timestamp":"2026-02-14 01:17:07"}
{"level":"debug","message":"Params: []","service":"preplyte-api","timestamp":"2026-02-14 01:17:07"}
{"level":"debug","message":"Duration: 1ms","service":"preplyte-api","timestamp":"2026-02-14 01:17:07"}
{"level":"info","message":"✅ Database connected successfully","service":"preplyte-api","timestamp":"2026-02-14 01:17:07"}
{"level":"info","message":"[WS Gateway] WebSocket server initialized","path":"/ws/interview/:sessionId","service":"preplyte-api","timestamp":"2026-02-14 01:17:07"}
{"api":"http://localhost:4000/api","environment":"development","health":"http://localhost:4000/health","host":"0.0.0.0","level":"info","message":"🚀 Server running","port":4000,"service":"preplyte-api","timestamp":"2026-02-14 01:17:07","websocket":"ws://localhost:4000/ws/interview/:sessionId"}
{"level":"debug","message":"Query: SELECT 1","service":"preplyte-api","timestamp":"2026-02-14 01:17:07"}
{"level":"debug","message":"Params: []","service":"preplyte-api","timestamp":"2026-02-14 01:17:07"}
{"level":"debug","message":"Duration: 1ms","service":"preplyte-api","timestamp":"2026-02-14 01:17:07"}
{"level":"info","message":"✅ Database connected successfully","service":"preplyte-api","timestamp":"2026-02-14 01:17:07"}
{"level":"info","message":"[WS Gateway] WebSocket server initialized","path":"/ws/interview/:sessionId","service":"preplyte-api","timestamp":"2026-02-14 01:17:07"}
{"address":"0.0.0.0","code":"EADDRINUSE","errno":-4091,"level":"error","message":"Uncaught Exception listen EADDRINUSE: address already in use 0.0.0.0:4000","port":4000,"service":"preplyte-api","stack":"Error: listen EADDRINUSE: address already in use 0.0.0.0:4000\n    at Server.setupListenHandle [as _listen2] (node:net:1912:16)\n    at listenInCluster (node:net:1969:12)\n    at node:net:2178:7\n    at process.processTicksAndRejections (node:internal/process/task_queues:90:21)","syscall":"listen","timestamp":"2026-02-14 01:17:07"}
{"baseURL":"https://judge0-ce.p.rapidapi.com","level":"info","message":"Judge0 client initialized","service":"preplyte-api","timestamp":"2026-02-14 01:17:34","useRapidAPI":true}
{"level":"info","message":"[TTS] Using Deepgram for text-to-speech","service":"preplyte-api","timestamp":"2026-02-14 01:17:34"}
{"environment":"development","host":"0.0.0.0","level":"info","message":"Starting server...","port":4000,"service":"preplyte-api","timestamp":"2026-02-14 01:17:34"}
{"level":"info","message":"Checking database connection...","service":"preplyte-api","timestamp":"2026-02-14 01:17:34"}
{"baseURL":"https://judge0-ce.p.rapidapi.com","level":"info","message":"Judge0 client initialized","service":"preplyte-api","timestamp":"2026-02-14 01:17:34","useRapidAPI":true}
{"level":"info","message":"[TTS] Using Deepgram for text-to-speech","service":"preplyte-api","timestamp":"2026-02-14 01:17:34"}
{"environment":"development","host":"0.0.0.0","level":"info","message":"Starting server...","port":4000,"service":"preplyte-api","timestamp":"2026-02-14 01:17:34"}
{"level":"info","message":"Checking database connection...","service":"preplyte-api","timestamp":"2026-02-14 01:17:34"}
{"level":"debug","message":"Query: SELECT 1","service":"preplyte-api","timestamp":"2026-02-14 01:17:34"}
{"level":"debug","message":"Query: SELECT 1","service":"preplyte-api","timestamp":"2026-02-14 01:17:34"}
{"level":"debug","message":"Params: []","service":"preplyte-api","timestamp":"2026-02-14 01:17:34"}
{"level":"debug","message":"Duration: 0ms","service":"preplyte-api","timestamp":"2026-02-14 01:17:34"}
{"level":"info","message":"✅ Database connected successfully","service":"preplyte-api","timestamp":"2026-02-14 01:17:34"}
{"level":"info","message":"[WS Gateway] WebSocket server initialized","path":"/ws/interview/:sessionId","service":"preplyte-api","timestamp":"2026-02-14 01:17:34"}
{"api":"http://localhost:4000/api","environment":"development","health":"http://localhost:4000/health","host":"0.0.0.0","level":"info","message":"🚀 Server running","port":4000,"service":"preplyte-api","timestamp":"2026-02-14 01:17:34","websocket":"ws://localhost:4000/ws/interview/:sessionId"}
{"level":"debug","message":"Params: []","service":"preplyte-api","timestamp":"2026-02-14 01:17:34"}
{"level":"debug","message":"Duration: 0ms","service":"preplyte-api","timestamp":"2026-02-14 01:17:34"}
{"level":"info","message":"✅ Database connected successfully","service":"preplyte-api","timestamp":"2026-02-14 01:17:34"}
{"level":"info","message":"[WS Gateway] WebSocket server initialized","path":"/ws/interview/:sessionId","service":"preplyte-api","timestamp":"2026-02-14 01:17:34"}
{"address":"0.0.0.0","code":"EADDRINUSE","errno":-4091,"level":"error","message":"Uncaught Exception listen EADDRINUSE: address already in use 0.0.0.0:4000","port":4000,"service":"preplyte-api","stack":"Error: listen EADDRINUSE: address already in use 0.0.0.0:4000\n    at Server.setupListenHandle [as _listen2] (node:net:1912:16)\n    at listenInCluster (node:net:1969:12)\n    at node:net:2178:7\n    at process.processTicksAndRejections (node:internal/process/task_queues:90:21)","syscall":"listen","timestamp":"2026-02-14 01:17:34"}
{"level":"info","message":"\u001b[0mGET /api/dashboard/student \u001b[33m401\u001b[0m 22.470 ms - 108\u001b[0m","service":"preplyte-api","timestamp":"2026-02-14 01:22:42"}
{"level":"debug","message":"Query: SELECT \"public\".\"refresh_tokens\".\"id\", \"public\".\"refresh_tokens\".\"token\", \"public\".\"refresh_tokens\".\"userId\", \"public\".\"refresh_tokens\".\"expiresAt\", \"public\".\"refresh_tokens\".\"revokedAt\", \"public\".\"refresh_tokens\".\"userAgent\", \"public\".\"refresh_tokens\".\"ipAddress\", \"public\".\"refresh_tokens\".\"createdAt\" FROM \"public\".\"refresh_tokens\" WHERE (\"public\".\"refresh_tokens\".\"token\" = $1 AND \"public\".\"refresh_tokens\".\"userId\" = $2) LIMIT $3 OFFSET $4","service":"preplyte-api","timestamp":"2026-02-14 01:22:42"}
{"level":"debug","message":"Params: [\"2f398bd25d0f2b559fda5a5d2241fcfd78ac9c13217460487437a108bd29c538\",\"cmlksg3yz0005chz5d93pvzi8\",1,0]","service":"preplyte-api","timestamp":"2026-02-14 01:22:42"}
{"level":"debug","message":"Duration: 27ms","service":"preplyte-api","timestamp":"2026-02-14 01:22:42"}
{"level":"warn","message":"Refresh token reuse detected","revokedAt":"2026-02-13T19:25:14.822Z","service":"preplyte-api","timestamp":"2026-02-14 01:22:42","tokenId":"cmll0h5fw00037su81vi5zvko","userId":"cmlksg3yz0005chz5d93pvzi8"}
{"level":"debug","message":"Query: BEGIN","service":"preplyte-api","timestamp":"2026-02-14 01:22:42"}
{"level":"debug","message":"Params: []","service":"preplyte-api","timestamp":"2026-02-14 01:22:42"}
{"level":"debug","message":"Duration: 1ms","service":"preplyte-api","timestamp":"2026-02-14 01:22:42"}
{"level":"debug","message":"Query: UPDATE \"public\".\"refresh_tokens\" SET \"revokedAt\" = $1 WHERE (\"public\".\"refresh_tokens\".\"userId\" = $2 AND \"public\".\"refresh_tokens\".\"revokedAt\" IS NULL)","service":"preplyte-api","timestamp":"2026-02-14 01:22:42"}
{"level":"debug","message":"Params: [\"2026-02-13 19:52:42.707 UTC\",\"cmlksg3yz0005chz5d93pvzi8\"]","service":"preplyte-api","timestamp":"2026-02-14 01:22:42"}
{"level":"debug","message":"Duration: 9ms","service":"preplyte-api","timestamp":"2026-02-14 01:22:42"}
{"level":"debug","message":"Query: COMMIT","service":"preplyte-api","timestamp":"2026-02-14 01:22:42"}
{"level":"debug","message":"Params: []","service":"preplyte-api","timestamp":"2026-02-14 01:22:42"}
{"level":"debug","message":"Duration: 1ms","service":"preplyte-api","timestamp":"2026-02-14 01:22:42"}
{"level":"debug","message":"Query: UPDATE \"public\".\"users\" SET \"tokenVersion\" = (\"public\".\"users\".\"tokenVersion\" + $1), \"updatedAt\" = $2 WHERE (\"public\".\"users\".\"id\" = $3 AND 1=1) RETURNING \"public\".\"users\".\"id\", \"public\".\"users\".\"email\", \"public\".\"users\".\"password\", \"public\".\"users\".\"name\", \"public\".\"users\".\"role\"::text, \"public\".\"users\".\"isActive\", \"public\".\"users\".\"instituteId\", \"public\".\"users\".\"createdAt\", \"public\".\"users\".\"updatedAt\", \"public\".\"users\".\"lastLoginAt\", \"public\".\"users\".\"tokenVersion\"","service":"preplyte-api","timestamp":"2026-02-14 01:22:42"}
{"level":"debug","message":"Params: [1,\"2026-02-13 19:52:42.710 UTC\",\"cmlksg3yz0005chz5d93pvzi8\"]","service":"preplyte-api","timestamp":"2026-02-14 01:22:42"}
{"level":"debug","message":"Duration: 20ms","service":"preplyte-api","timestamp":"2026-02-14 01:22:42"}
{"level":"info","message":"User logged out from all devices","service":"preplyte-api","timestamp":"2026-02-14 01:22:42","userId":"cmlksg3yz0005chz5d93pvzi8"}
{"code":"UNAUTHORIZED","ip":"127.0.0.1","level":"warn","message":"Operational error Token reuse detected. All sessions have been revoked for security.","method":"POST","path":"/api/auth/refresh","requestId":"mllb18n5-e2e1022ff011333b","service":"preplyte-api","timestamp":"2026-02-14 01:22:42","userAgent":"Mozilla/5.0 (Windows NT 10.0; Win64; x64) AppleWebKit/537.36 (KHTML, like Gecko) Chrome/144.0.0.0 Safari/537.36 Edg/144.0.0.0"}
{"level":"info","message":"\u001b[0mPOST /api/auth/refresh \u001b[33m401\u001b[0m 314.611 ms - 168\u001b[0m","service":"preplyte-api","timestamp":"2026-02-14 01:22:42"}
{"level":"debug","message":"Query: SELECT 1","service":"preplyte-api","timestamp":"2026-02-14 01:23:03"}
{"level":"debug","message":"Params: []","service":"preplyte-api","timestamp":"2026-02-14 01:23:03"}
{"level":"debug","message":"Duration: 0ms","service":"preplyte-api","timestamp":"2026-02-14 01:23:03"}
{"level":"debug","message":"Query: SELECT \"public\".\"users\".\"id\", \"public\".\"users\".\"email\", \"public\".\"users\".\"password\", \"public\".\"users\".\"name\", \"public\".\"users\".\"role\"::text, \"public\".\"users\".\"isActive\", \"public\".\"users\".\"instituteId\", \"public\".\"users\".\"createdAt\", \"public\".\"users\".\"updatedAt\", \"public\".\"users\".\"lastLoginAt\", \"public\".\"users\".\"tokenVersion\" FROM \"public\".\"users\" WHERE (\"public\".\"users\".\"email\" = $1 AND 1=1) LIMIT $2 OFFSET $3","service":"preplyte-api","timestamp":"2026-02-14 01:23:03"}
{"level":"debug","message":"Params: [\"vicharekartik2004@gmail.com\",1,0]","service":"preplyte-api","timestamp":"2026-02-14 01:23:03"}
{"level":"debug","message":"Duration: 1ms","service":"preplyte-api","timestamp":"2026-02-14 01:23:03"}
{"level":"debug","message":"Query: SELECT 1","service":"preplyte-api","timestamp":"2026-02-14 01:23:04"}
{"level":"debug","message":"Params: []","service":"preplyte-api","timestamp":"2026-02-14 01:23:04"}
{"level":"debug","message":"Duration: 0ms","service":"preplyte-api","timestamp":"2026-02-14 01:23:04"}
{"level":"debug","message":"Query: UPDATE \"public\".\"users\" SET \"lastLoginAt\" = $1, \"updatedAt\" = $2 WHERE (\"public\".\"users\".\"id\" = $3 AND 1=1) RETURNING \"public\".\"users\".\"id\", \"public\".\"users\".\"email\", \"public\".\"users\".\"password\", \"public\".\"users\".\"name\", \"public\".\"users\".\"role\"::text, \"public\".\"users\".\"isActive\", \"public\".\"users\".\"instituteId\", \"public\".\"users\".\"createdAt\", \"public\".\"users\".\"updatedAt\", \"public\".\"users\".\"lastLoginAt\", \"public\".\"users\".\"tokenVersion\"","service":"preplyte-api","timestamp":"2026-02-14 01:23:04"}
{"level":"debug","message":"Params: [\"2026-02-13 19:53:04.453 UTC\",\"2026-02-13 19:53:04.455 UTC\",\"cmlksg3yz0005chz5d93pvzi8\"]","service":"preplyte-api","timestamp":"2026-02-14 01:23:04"}
{"level":"debug","message":"Duration: 6ms","service":"preplyte-api","timestamp":"2026-02-14 01:23:04"}
{"level":"debug","message":"Query: INSERT INTO \"public\".\"refresh_tokens\" (\"id\",\"token\",\"userId\",\"expiresAt\",\"createdAt\") VALUES ($1,$2,$3,$4,$5) RETURNING \"public\".\"refresh_tokens\".\"id\", \"public\".\"refresh_tokens\".\"token\", \"public\".\"refresh_tokens\".\"userId\", \"public\".\"refresh_tokens\".\"expiresAt\", \"public\".\"refresh_tokens\".\"revokedAt\", \"public\".\"refresh_tokens\".\"userAgent\", \"public\".\"refresh_tokens\".\"ipAddress\", \"public\".\"refresh_tokens\".\"createdAt\"","service":"preplyte-api","timestamp":"2026-02-14 01:23:04"}
{"level":"debug","message":"Params: [\"cmllb1pl60001337xukg6is2i\",\"1f2ddf885f8096e2e49f9ef2c8ccd4874c918a7d28dc92cd159f453270ab96f5\",\"cmlksg3yz0005chz5d93pvzi8\",\"2026-02-20 19:53:04.452 UTC\",\"2026-02-13 19:53:04.455 UTC\"]","service":"preplyte-api","timestamp":"2026-02-14 01:23:04"}
{"level":"debug","message":"Duration: 13ms","service":"preplyte-api","timestamp":"2026-02-14 01:23:04"}
{"level":"info","message":"User logged in","service":"preplyte-api","timestamp":"2026-02-14 01:23:04","userId":"cmlksg3yz0005chz5d93pvzi8"}
{"level":"info","message":"\u001b[0mPOST /api/auth/login \u001b[32m200\u001b[0m 878.188 ms - 920\u001b[0m","service":"preplyte-api","timestamp":"2026-02-14 01:23:04"}
{"level":"debug","message":"Query: SELECT 1","service":"preplyte-api","timestamp":"2026-02-14 01:23:42"}
{"level":"debug","message":"Params: []","service":"preplyte-api","timestamp":"2026-02-14 01:23:42"}
{"level":"debug","message":"Duration: 0ms","service":"preplyte-api","timestamp":"2026-02-14 01:23:42"}
{"level":"debug","message":"Query: SELECT \"public\".\"users\".\"id\", \"public\".\"users\".\"email\", \"public\".\"users\".\"role\"::text, \"public\".\"users\".\"instituteId\", \"public\".\"users\".\"isActive\", \"public\".\"users\".\"tokenVersion\" FROM \"public\".\"users\" WHERE (\"public\".\"users\".\"id\" = $1 AND 1=1) LIMIT $2 OFFSET $3","service":"preplyte-api","timestamp":"2026-02-14 01:23:42"}
{"level":"debug","message":"Params: [\"cmlksg3yz0005chz5d93pvzi8\",1,0]","service":"preplyte-api","timestamp":"2026-02-14 01:23:42"}
{"level":"debug","message":"Duration: 3ms","service":"preplyte-api","timestamp":"2026-02-14 01:23:42"}
{"level":"debug","message":"[DashboardService] Fetching student dashboard","service":"preplyte-api","timestamp":"2026-02-14 01:23:42","userId":"cmlksg3yz0005chz5d93pvzi8"}
{"level":"debug","message":"Query: SELECT 1","service":"preplyte-api","timestamp":"2026-02-14 01:23:42"}
{"level":"debug","message":"Params: []","service":"preplyte-api","timestamp":"2026-02-14 01:23:42"}
{"level":"debug","message":"Duration: 3ms","service":"preplyte-api","timestamp":"2026-02-14 01:23:42"}
{"level":"debug","message":"Query: SELECT \"public\".\"machine_practice_sessions\".\"id\", \"public\".\"machine_practice_sessions\".\"completedAt\", \"public\".\"machine_practice_sessions\".\"totalSolved\", \"public\".\"machine_practice_sessions\".\"numberOfQuestions\" FROM \"public\".\"machine_practice_sessions\" WHERE \"public\".\"machine_practice_sessions\".\"userId\" = $1 OFFSET $2","service":"preplyte-api","timestamp":"2026-02-14 01:23:42"}
{"level":"debug","message":"Params: [\"cmlksg3yz0005chz5d93pvzi8\",0]","service":"preplyte-api","timestamp":"2026-02-14 01:23:42"}
{"level":"debug","message":"Duration: 7ms","service":"preplyte-api","timestamp":"2026-02-14 01:23:42"}
{"level":"debug","message":"Query: SELECT \"public\".\"ai_interview_sessions\".\"id\", \"public\".\"ai_interview_sessions\".\"status\"::text FROM \"public\".\"ai_interview_sessions\" WHERE \"public\".\"ai_interview_sessions\".\"userId\" = $1 OFFSET $2","service":"preplyte-api","timestamp":"2026-02-14 01:23:42"}
{"level":"debug","message":"Params: [\"cmlksg3yz0005chz5d93pvzi8\",0]","service":"preplyte-api","timestamp":"2026-02-14 01:23:42"}
{"level":"debug","message":"Duration: 8ms","service":"preplyte-api","timestamp":"2026-02-14 01:23:42"}
{"level":"debug","message":"Query: SELECT \"public\".\"aptitude_practice_sessions\".\"id\", \"public\".\"aptitude_practice_sessions\".\"completedAt\", \"public\".\"aptitude_practice_sessions\".\"totalScore\", \"public\".\"aptitude_practice_sessions\".\"numberOfQuestions\" FROM \"public\".\"aptitude_practice_sessions\" WHERE \"public\".\"aptitude_practice_sessions\".\"userId\" = $1 OFFSET $2","service":"preplyte-api","timestamp":"2026-02-14 01:23:42"}
{"level":"debug","message":"Params: [\"cmlksg3yz0005chz5d93pvzi8\",0]","service":"preplyte-api","timestamp":"2026-02-14 01:23:42"}
{"level":"debug","message":"Duration: 5ms","service":"preplyte-api","timestamp":"2026-02-14 01:23:42"}
{"level":"debug","message":"Query: SELECT \"public\".\"aptitude_practice_sessions\".\"id\", \"public\".\"aptitude_practice_sessions\".\"difficulty\"::text, \"public\".\"aptitude_practice_sessions\".\"totalScore\", \"public\".\"aptitude_practice_sessions\".\"numberOfQuestions\", \"public\".\"aptitude_practice_sessions\".\"completedAt\", \"public\".\"aptitude_practice_sessions\".\"questionTypes\"::text[] FROM \"public\".\"aptitude_practice_sessions\" WHERE (\"public\".\"aptitude_practice_sessions\".\"userId\" = $1 AND \"public\".\"aptitude_practice_sessions\".\"completedAt\" IS NOT NULL) ORDER BY \"public\".\"aptitude_practice_sessions\".\"completedAt\" DESC LIMIT $2 OFFSET $3","service":"preplyte-api","timestamp":"2026-02-14 01:23:42"}
{"level":"debug","message":"Params: [\"cmlksg3yz0005chz5d93pvzi8\",5,0]","service":"preplyte-api","timestamp":"2026-02-14 01:23:42"}
{"level":"debug","message":"Duration: 10ms","service":"preplyte-api","timestamp":"2026-02-14 01:23:42"}
{"level":"debug","message":"Query: SELECT \"public\".\"lms_enrollments\".\"id\", \"public\".\"lms_enrollments\".\"userId\", \"public\".\"lms_enrollments\".\"courseId\", \"public\".\"lms_enrollments\".\"status\"::text, \"public\".\"lms_enrollments\".\"completedModules\", \"public\".\"lms_enrollments\".\"completedTopics\", \"public\".\"lms_enrollments\".\"progressPercent\", \"public\".\"lms_enrollments\".\"totalPointsEarned\", \"public\".\"lms_enrollments\".\"moduleTestPointsEarned\", \"public\".\"lms_enrollments\".\"finalTestPointsEarned\", \"public\".\"lms_enrollments\".\"finalTestAttempted\", \"public\".\"lms_enrollments\".\"finalTestPassed\", \"public\".\"lms_enrollments\".\"finalTestScore\", \"public\".\"lms_enrollments\".\"finalTestMarks\", \"public\".\"lms_enrollments\".\"enrolledAt\", \"public\".\"lms_enrollments\".\"startedAt\", \"public\".\"lms_enrollments\".\"completedAt\", \"public\".\"lms_enrollments\".\"lastAccessedAt\", \"public\".\"lms_enrollments\".\"certificateUrl\", \"public\".\"lms_enrollments\".\"certificateIssuedAt\", \"public\".\"lms_enrollments\".\"createdAt\", \"public\".\"lms_enrollments\".\"updatedAt\" FROM \"public\".\"lms_enrollments\" WHERE \"public\".\"lms_enrollments\".\"userId\" = $1 ORDER BY \"public\".\"lms_enrollments\".\"lastAccessedAt\" DESC OFFSET $2","service":"preplyte-api","timestamp":"2026-02-14 01:23:42"}
{"level":"debug","message":"Params: [\"cmlksg3yz0005chz5d93pvzi8\",0]","service":"preplyte-api","timestamp":"2026-02-14 01:23:42"}
{"level":"debug","message":"Duration: 16ms","service":"preplyte-api","timestamp":"2026-02-14 01:23:42"}
{"level":"debug","message":"Query: SELECT \"public\".\"machine_practice_sessions\".\"id\", \"public\".\"machine_practice_sessions\".\"difficulty\"::text, \"public\".\"machine_practice_sessions\".\"totalSolved\", \"public\".\"machine_practice_sessions\".\"numberOfQuestions\", \"public\".\"machine_practice_sessions\".\"completedAt\" FROM \"public\".\"machine_practice_sessions\" WHERE (\"public\".\"machine_practice_sessions\".\"userId\" = $1 AND \"public\".\"machine_practice_sessions\".\"completedAt\" IS NOT NULL) ORDER BY \"public\".\"machine_practice_sessions\".\"completedAt\" DESC LIMIT $2 OFFSET $3","service":"preplyte-api","timestamp":"2026-02-14 01:23:42"}
{"level":"debug","message":"Params: [\"cmlksg3yz0005chz5d93pvzi8\",5,0]","service":"preplyte-api","timestamp":"2026-02-14 01:23:42"}
{"level":"debug","message":"Duration: 12ms","service":"preplyte-api","timestamp":"2026-02-14 01:23:42"}
{"level":"debug","message":"Query: SELECT \"public\".\"lms_enrollments\".\"id\", \"public\".\"lms_enrollments\".\"userId\", \"public\".\"lms_enrollments\".\"courseId\", \"public\".\"lms_enrollments\".\"status\"::text, \"public\".\"lms_enrollments\".\"completedModules\", \"public\".\"lms_enrollments\".\"completedTopics\", \"public\".\"lms_enrollments\".\"progressPercent\", \"public\".\"lms_enrollments\".\"totalPointsEarned\", \"public\".\"lms_enrollments\".\"moduleTestPointsEarned\", \"public\".\"lms_enrollments\".\"finalTestPointsEarned\", \"public\".\"lms_enrollments\".\"finalTestAttempted\", \"public\".\"lms_enrollments\".\"finalTestPassed\", \"public\".\"lms_enrollments\".\"finalTestScore\", \"public\".\"lms_enrollments\".\"finalTestMarks\", \"public\".\"lms_enrollments\".\"enrolledAt\", \"public\".\"lms_enrollments\".\"startedAt\", \"public\".\"lms_enrollments\".\"completedAt\", \"public\".\"lms_enrollments\".\"lastAccessedAt\", \"public\".\"lms_enrollments\".\"certificateUrl\", \"public\".\"lms_enrollments\".\"certificateIssuedAt\", \"public\".\"lms_enrollments\".\"createdAt\", \"public\".\"lms_enrollments\".\"updatedAt\" FROM \"public\".\"lms_enrollments\" WHERE \"public\".\"lms_enrollments\".\"userId\" = $1 OFFSET $2","service":"preplyte-api","timestamp":"2026-02-14 01:23:42"}
{"level":"debug","message":"Params: [\"cmlksg3yz0005chz5d93pvzi8\",0]","service":"preplyte-api","timestamp":"2026-02-14 01:23:42"}
{"level":"debug","message":"Duration: 10ms","service":"preplyte-api","timestamp":"2026-02-14 01:23:42"}
{"level":"debug","message":"Query: SELECT \"public\".\"lms_courses\".\"id\", \"public\".\"lms_courses\".\"totalHours\", \"public\".\"lms_courses\".\"totalPoints\" FROM \"public\".\"lms_courses\" WHERE \"public\".\"lms_courses\".\"id\" IN ($1,$2) OFFSET $3","service":"preplyte-api","timestamp":"2026-02-14 01:23:42"}
{"level":"debug","message":"Params: [\"cmlkt4pth0007yv6bvydorxj0\",\"cmlku48wi000e6pa9yrdyr6yi\",0]","service":"preplyte-api","timestamp":"2026-02-14 01:23:42"}
{"level":"debug","message":"Duration: 10ms","service":"preplyte-api","timestamp":"2026-02-14 01:23:42"}
{"level":"debug","message":"Query: SELECT \"public\".\"lms_courses\".\"id\", \"public\".\"lms_courses\".\"categoryId\", \"public\".\"lms_courses\".\"title\", \"public\".\"lms_courses\".\"slug\", \"public\".\"lms_courses\".\"shortDescription\", \"public\".\"lms_courses\".\"description\", \"public\".\"lms_courses\".\"thumbnailUrl\", \"public\".\"lms_courses\".\"previewVideoUrl\", \"public\".\"lms_courses\".\"totalModules\", \"public\".\"lms_courses\".\"totalTopics\", \"public\".\"lms_courses\".\"totalPoints\", \"public\".\"lms_courses\".\"totalHours\", \"public\".\"lms_courses\".\"price\", \"public\".\"lms_courses\".\"discountPrice\", \"public\".\"lms_courses\".\"currency\", \"public\".\"lms_courses\".\"status\"::text, \"public\".\"lms_courses\".\"isActive\", \"public\".\"lms_courses\".\"certificateEnabled\", \"public\".\"lms_courses\".\"passingPercentage\", \"public\".\"lms_courses\".\"tags\", \"public\".\"lms_courses\".\"difficulty\"::text, \"public\".\"lms_courses\".\"instructor\", \"public\".\"lms_courses\".\"language\", \"public\".\"lms_courses\".\"averageRating\", \"public\".\"lms_courses\".\"ratingsCount\", \"public\".\"lms_courses\".\"createdAt\", \"public\".\"lms_courses\".\"updatedAt\", \"public\".\"lms_courses\".\"publishedAt\" FROM \"public\".\"lms_courses\" WHERE \"public\".\"lms_courses\".\"id\" IN ($1,$2) OFFSET $3","service":"preplyte-api","timestamp":"2026-02-14 01:23:42"}
{"level":"debug","message":"Params: [\"cmlku48wi000e6pa9yrdyr6yi\",\"cmlkt4pth0007yv6bvydorxj0\",0]","service":"preplyte-api","timestamp":"2026-02-14 01:23:42"}
{"level":"debug","message":"Duration: 12ms","service":"preplyte-api","timestamp":"2026-02-14 01:23:42"}
{"level":"debug","message":"Query: SELECT \"public\".\"ai_interview_sessions\".\"id\", \"public\".\"ai_interview_sessions\".\"difficulty\"::text, \"public\".\"ai_interview_sessions\".\"jobTitle\", \"public\".\"ai_interview_sessions\".\"completedAt\" FROM \"public\".\"ai_interview_sessions\" WHERE (\"public\".\"ai_interview_sessions\".\"userId\" = $1 AND \"public\".\"ai_interview_sessions\".\"status\" = CAST($2::text AS \"public\".\"AiInterviewSessionStatus\")) ORDER BY \"public\".\"ai_interview_sessions\".\"completedAt\" DESC LIMIT $3 OFFSET $4","service":"preplyte-api","timestamp":"2026-02-14 01:23:42"}
{"level":"debug","message":"Params: [\"cmlksg3yz0005chz5d93pvzi8\",\"COMPLETED\",5,0]","service":"preplyte-api","timestamp":"2026-02-14 01:23:42"}
{"level":"debug","message":"Duration: 11ms","service":"preplyte-api","timestamp":"2026-02-14 01:23:42"}
{"level":"debug","message":"Query: SELECT \"public\".\"lms_categories\".\"id\", \"public\".\"lms_categories\".\"name\" FROM \"public\".\"lms_categories\" WHERE \"public\".\"lms_categories\".\"id\" IN ($1) OFFSET $2","service":"preplyte-api","timestamp":"2026-02-14 01:23:42"}
{"level":"debug","message":"Params: [\"cmlks63sv000212ejg0bsnw2z\",0]","service":"preplyte-api","timestamp":"2026-02-14 01:23:42"}
{"level":"debug","message":"Duration: 5ms","service":"preplyte-api","timestamp":"2026-02-14 01:23:42"}
{"level":"debug","message":"Query: SELECT \"public\".\"lms_enrollments\".\"id\", \"public\".\"lms_enrollments\".\"courseId\" FROM \"public\".\"lms_enrollments\" WHERE \"public\".\"lms_enrollments\".\"userId\" = $1 OFFSET $2","service":"preplyte-api","timestamp":"2026-02-14 01:23:42"}
{"level":"debug","message":"Params: [\"cmlksg3yz0005chz5d93pvzi8\",0]","service":"preplyte-api","timestamp":"2026-02-14 01:23:42"}
{"level":"debug","message":"Duration: 5ms","service":"preplyte-api","timestamp":"2026-02-14 01:23:42"}
{"level":"debug","message":"Query: SELECT \"public\".\"lms_enrollments\".\"id\", \"public\".\"lms_enrollments\".\"userId\", \"public\".\"lms_enrollments\".\"courseId\", \"public\".\"lms_enrollments\".\"status\"::text, \"public\".\"lms_enrollments\".\"completedModules\", \"public\".\"lms_enrollments\".\"completedTopics\", \"public\".\"lms_enrollments\".\"progressPercent\", \"public\".\"lms_enrollments\".\"totalPointsEarned\", \"public\".\"lms_enrollments\".\"moduleTestPointsEarned\", \"public\".\"lms_enrollments\".\"finalTestPointsEarned\", \"public\".\"lms_enrollments\".\"finalTestAttempted\", \"public\".\"lms_enrollments\".\"finalTestPassed\", \"public\".\"lms_enrollments\".\"finalTestScore\", \"public\".\"lms_enrollments\".\"finalTestMarks\", \"public\".\"lms_enrollments\".\"enrolledAt\", \"public\".\"lms_enrollments\".\"startedAt\", \"public\".\"lms_enrollments\".\"completedAt\", \"public\".\"lms_enrollments\".\"lastAccessedAt\", \"public\".\"lms_enrollments\".\"certificateUrl\", \"public\".\"lms_enrollments\".\"certificateIssuedAt\", \"public\".\"lms_enrollments\".\"createdAt\", \"public\".\"lms_enrollments\".\"updatedAt\" FROM \"public\".\"lms_enrollments\" WHERE (\"public\".\"lms_enrollments\".\"userId\" = $1 AND \"public\".\"lms_enrollments\".\"enrolledAt\" >= $2) ORDER BY \"public\".\"lms_enrollments\".\"enrolledAt\" DESC LIMIT $3 OFFSET $4","service":"preplyte-api","timestamp":"2026-02-14 01:23:42"}
{"level":"debug","message":"Params: [\"cmlksg3yz0005chz5d93pvzi8\",\"2026-01-14 18:30:00 UTC\",5,0]","service":"preplyte-api","timestamp":"2026-02-14 01:23:42"}
{"level":"debug","message":"Duration: 7ms","service":"preplyte-api","timestamp":"2026-02-14 01:23:42"}
{"level":"debug","message":"Query: SELECT \"public\".\"mock_drive_registrations\".\"id\", \"public\".\"mock_drive_registrations\".\"mockDriveId\", \"public\".\"mock_drive_registrations\".\"userId\", \"public\".\"mock_drive_registrations\".\"status\"::text, \"public\".\"mock_drive_registrations\".\"eligibilityCheckResult\", \"public\".\"mock_drive_registrations\".\"adminNotes\", \"public\".\"mock_drive_registrations\".\"batchId\", \"public\".\"mock_drive_registrations\".\"registeredAt\", \"public\".\"mock_drive_registrations\".\"reviewedAt\", \"public\".\"mock_drive_registrations\".\"reviewedBy\", \"public\".\"mock_drive_registrations\".\"createdAt\", \"public\".\"mock_drive_registrations\".\"updatedAt\" FROM \"public\".\"mock_drive_registrations\" LEFT JOIN \"public\".\"mock_drives\" AS \"orderby_1\" ON (\"orderby_1\".\"id\") = (\"public\".\"mock_drive_registrations\".\"mockDriveId\") LEFT JOIN \"public\".\"mock_drives\" AS \"j1\" ON (\"j1\".\"id\") = (\"public\".\"mock_drive_registrations\".\"mockDriveId\") WHERE (\"public\".\"mock_drive_registrations\".\"userId\" = $1 AND \"public\".\"mock_drive_registrations\".\"status\" = CAST($2::text AS \"public\".\"MockDriveRegistrationStatus\") AND (\"j1\".\"status\" IN (CAST($3::text AS \"public\".\"MockDriveStatus\"),CAST($4::text AS \"public\".\"MockDriveStatus\"),CAST($5::text AS \"public\".\"MockDriveStatus\")) AND \"j1\".\"driveStartDate\" > $6 AND (\"j1\".\"id\" IS NOT NULL))) ORDER BY \"orderby_1\".\"driveStartDate\" ASC LIMIT $7 OFFSET $8","service":"preplyte-api","timestamp":"2026-02-14 01:23:42"}
{"level":"debug","message":"Params: [\"cmlksg3yz0005chz5d93pvzi8\",\"APPROVED\",\"PUBLISHED\",\"REGISTRATION_OPEN\",\"REGISTRATION_CLOSED\",\"2026-02-13 19:53:42.032 UTC\",5,0]","service":"preplyte-api","timestamp":"2026-02-14 01:23:42"}
{"level":"debug","message":"Duration: 14ms","service":"preplyte-api","timestamp":"2026-02-14 01:23:42"}
{"level":"debug","message":"Query: SELECT \"public\".\"lms_courses\".\"id\", \"public\".\"lms_courses\".\"title\", \"public\".\"lms_courses\".\"slug\" FROM \"public\".\"lms_courses\" WHERE \"public\".\"lms_courses\".\"id\" IN ($1,$2) OFFSET $3","service":"preplyte-api","timestamp":"2026-02-14 01:23:42"}
{"level":"debug","message":"Params: [\"cmlku48wi000e6pa9yrdyr6yi\",\"cmlkt4pth0007yv6bvydorxj0\",0]","service":"preplyte-api","timestamp":"2026-02-14 01:23:42"}
{"level":"debug","message":"Duration: 7ms","service":"preplyte-api","timestamp":"2026-02-14 01:23:42"}
{"level":"debug","message":"Query: SELECT COUNT(*) FROM (SELECT \"public\".\"lms_module_progress\".\"id\" FROM \"public\".\"lms_module_progress\" WHERE (\"public\".\"lms_module_progress\".\"userId\" = $1 AND \"public\".\"lms_module_progress\".\"testPassed\" = $2) OFFSET $3) AS \"sub\"","service":"preplyte-api","timestamp":"2026-02-14 01:23:42"}
{"level":"debug","message":"Params: [\"cmlksg3yz0005chz5d93pvzi8\",true,0]","service":"preplyte-api","timestamp":"2026-02-14 01:23:42"}
{"level":"debug","message":"Duration: 9ms","service":"preplyte-api","timestamp":"2026-02-14 01:23:42"}
{"level":"debug","message":"Query: SELECT \"public\".\"lms_module_progress\".\"id\", \"public\".\"lms_module_progress\".\"userId\", \"public\".\"lms_module_progress\".\"moduleId\", \"public\".\"lms_module_progress\".\"status\"::text, \"public\".\"lms_module_progress\".\"completedTopics\", \"public\".\"lms_module_progress\".\"totalTopics\", \"public\".\"lms_module_progress\".\"progressPercent\", \"public\".\"lms_module_progress\".\"testAttempted\", \"public\".\"lms_module_progress\".\"testPassed\", \"public\".\"lms_module_progress\".\"testScore\", \"public\".\"lms_module_progress\".\"testAttempts\", \"public\".\"lms_module_progress\".\"pointsEarned\", \"public\".\"lms_module_progress\".\"timeSpentMinutes\", \"public\".\"lms_module_progress\".\"startedAt\", \"public\".\"lms_module_progress\".\"completedAt\", \"public\".\"lms_module_progress\".\"createdAt\", \"public\".\"lms_module_progress\".\"updatedAt\" FROM \"public\".\"lms_module_progress\" WHERE (\"public\".\"lms_module_progress\".\"userId\" = $1 AND \"public\".\"lms_module_progress\".\"status\" = CAST($2::text AS \"public\".\"LmsModuleStatus\") AND \"public\".\"lms_module_progress\".\"completedAt\" >= $3) ORDER BY \"public\".\"lms_module_progress\".\"completedAt\" DESC LIMIT $4 OFFSET $5","service":"preplyte-api","timestamp":"2026-02-14 01:23:42"}
{"level":"debug","message":"Params: [\"cmlksg3yz0005chz5d93pvzi8\",\"COMPLETED\",\"2026-01-14 18:30:00 UTC\",5,0]","service":"preplyte-api","timestamp":"2026-02-14 01:23:42"}
{"level":"debug","message":"Duration: 6ms","service":"preplyte-api","timestamp":"2026-02-14 01:23:42"}
{"level":"debug","message":"Query: SELECT \"public\".\"lms_courses\".\"id\", \"public\".\"lms_courses\".\"categoryId\", \"public\".\"lms_courses\".\"title\", \"public\".\"lms_courses\".\"slug\", \"public\".\"lms_courses\".\"shortDescription\", \"public\".\"lms_courses\".\"description\", \"public\".\"lms_courses\".\"thumbnailUrl\", \"public\".\"lms_courses\".\"previewVideoUrl\", \"public\".\"lms_courses\".\"totalModules\", \"public\".\"lms_courses\".\"totalTopics\", \"public\".\"lms_courses\".\"totalPoints\", \"public\".\"lms_courses\".\"totalHours\", \"public\".\"lms_courses\".\"price\", \"public\".\"lms_courses\".\"discountPrice\", \"public\".\"lms_courses\".\"currency\", \"public\".\"lms_courses\".\"status\"::text, \"public\".\"lms_courses\".\"isActive\", \"public\".\"lms_courses\".\"certificateEnabled\", \"public\".\"lms_courses\".\"passingPercentage\", \"public\".\"lms_courses\".\"tags\", \"public\".\"lms_courses\".\"difficulty\"::text, \"public\".\"lms_courses\".\"instructor\", \"public\".\"lms_courses\".\"language\", \"public\".\"lms_courses\".\"averageRating\", \"public\".\"lms_courses\".\"ratingsCount\", \"public\".\"lms_courses\".\"createdAt\", \"public\".\"lms_courses\".\"updatedAt\", \"public\".\"lms_courses\".\"publishedAt\", COALESCE(\"aggr_selection_0_LmsEnrollment\".\"_aggr_count_enrollments\", 0) AS \"_aggr_count_enrollments\" FROM \"public\".\"lms_courses\" LEFT JOIN (SELECT \"public\".\"lms_enrollments\".\"courseId\", COUNT(*) AS \"orderby_aggregator\" FROM \"public\".\"lms_enrollments\" WHERE 1=1 GROUP BY \"public\".\"lms_enrollments\".\"courseId\") AS \"orderby_1_LmsEnrollment\" ON (\"public\".\"lms_courses\".\"id\" = \"orderby_1_LmsEnrollment\".\"courseId\") LEFT JOIN (SELECT \"public\".\"lms_enrollments\".\"courseId\", COUNT(*) AS \"_aggr_count_enrollments\" FROM \"public\".\"lms_enrollments\" WHERE 1=1 GROUP BY \"public\".\"lms_enrollments\".\"courseId\") AS \"aggr_selection_0_LmsEnrollment\" ON (\"public\".\"lms_courses\".\"id\" = \"aggr_selection_0_LmsEnrollment\".\"courseId\") WHERE (\"public\".\"lms_courses\".\"id\" NOT IN ($1,$2) AND \"public\".\"lms_courses\".\"status\" = CAST($3::text AS \"public\".\"LmsCourseStatus\") AND \"public\".\"lms_courses\".\"isActive\" = $4) ORDER BY COALESCE(\"orderby_1_LmsEnrollment\".\"orderby_aggregator\", $5) DESC, \"public\".\"lms_courses\".\"averageRating\" DESC LIMIT $6 OFFSET $7","service":"preplyte-api","timestamp":"2026-02-14 01:23:42"}
{"level":"debug","message":"Params: [\"cmlkt4pth0007yv6bvydorxj0\",\"cmlku48wi000e6pa9yrdyr6yi\",\"PUBLISHED\",true,0,5,0]","service":"preplyte-api","timestamp":"2026-02-14 01:23:42"}
{"level":"debug","message":"Duration: 15ms","service":"preplyte-api","timestamp":"2026-02-14 01:23:42"}
{"level":"debug","message":"Query: SELECT \"public\".\"lms_categories\".\"id\", \"public\".\"lms_categories\".\"name\" FROM \"public\".\"lms_categories\" WHERE \"public\".\"lms_categories\".\"id\" IN ($1) OFFSET $2","service":"preplyte-api","timestamp":"2026-02-14 01:23:42"}
{"level":"debug","message":"Params: [\"cmlks63sv000212ejg0bsnw2z\",0]","service":"preplyte-api","timestamp":"2026-02-14 01:23:42"}
{"level":"debug","message":"Duration: 5ms","service":"preplyte-api","timestamp":"2026-02-14 01:23:42"}
{"level":"debug","message":"Query: SELECT \"public\".\"lms_test_attempts\".\"id\", \"public\".\"lms_test_attempts\".\"userId\", \"public\".\"lms_test_attempts\".\"moduleTestId\", \"public\".\"lms_test_attempts\".\"finalTestId\", \"public\".\"lms_test_attempts\".\"testType\"::text, \"public\".\"lms_test_attempts\".\"status\"::text, \"public\".\"lms_test_attempts\".\"attemptNumber\", \"public\".\"lms_test_attempts\".\"totalQuestions\", \"public\".\"lms_test_attempts\".\"correctAnswers\", \"public\".\"lms_test_attempts\".\"wrongAnswers\", \"public\".\"lms_test_attempts\".\"unanswered\", \"public\".\"lms_test_attempts\".\"score\", \"public\".\"lms_test_attempts\".\"pointsEarned\", \"public\".\"lms_test_attempts\".\"marksObtained\", \"public\".\"lms_test_attempts\".\"totalMarks\", \"public\".\"lms_test_attempts\".\"isPassed\", \"public\".\"lms_test_attempts\".\"timeLimitMinutes\", \"public\".\"lms_test_attempts\".\"timeSpentSeconds\", \"public\".\"lms_test_attempts\".\"startedAt\", \"public\".\"lms_test_attempts\".\"completedAt\", \"public\".\"lms_test_attempts\".\"expiresAt\", \"public\".\"lms_test_attempts\".\"createdAt\", \"public\".\"lms_test_attempts\".\"updatedAt\" FROM \"public\".\"lms_test_attempts\" WHERE (\"public\".\"lms_test_attempts\".\"userId\" = $1 AND \"public\".\"lms_test_attempts\".\"status\" = CAST($2::text AS \"public\".\"LmsTestAttemptStatus\") AND \"public\".\"lms_test_attempts\".\"isPassed\" = $3 AND \"public\".\"lms_test_attempts\".\"completedAt\" >= $4) ORDER BY \"public\".\"lms_test_attempts\".\"completedAt\" DESC LIMIT $5 OFFSET $6","service":"preplyte-api","timestamp":"2026-02-14 01:23:42"}
{"level":"debug","message":"Params: [\"cmlksg3yz0005chz5d93pvzi8\",\"COMPLETED\",true,\"2026-01-14 18:30:00 UTC\",5,0]","service":"preplyte-api","timestamp":"2026-02-14 01:23:42"}
{"level":"debug","message":"Duration: 8ms","service":"preplyte-api","timestamp":"2026-02-14 01:23:42"}
{"level":"debug","message":"Query: SELECT \"public\".\"lms_final_tests\".\"id\", \"public\".\"lms_final_tests\".\"courseId\", \"public\".\"lms_final_tests\".\"title\", \"public\".\"lms_final_tests\".\"instructions\", \"public\".\"lms_final_tests\".\"totalQuestions\", \"public\".\"lms_final_tests\".\"passingScore\", \"public\".\"lms_final_tests\".\"timeLimitMinutes\", \"public\".\"lms_final_tests\".\"pointsPerQuestion\", \"public\".\"lms_final_tests\".\"totalPoints\", \"public\".\"lms_final_tests\".\"maxAttempts\", \"public\".\"lms_final_tests\".\"isActive\", \"public\".\"lms_final_tests\".\"createdAt\", \"public\".\"lms_final_tests\".\"updatedAt\" FROM \"public\".\"lms_final_tests\" WHERE \"public\".\"lms_final_tests\".\"id\" IN ($1,$2) OFFSET $3","service":"preplyte-api","timestamp":"2026-02-14 01:23:42"}
{"level":"debug","message":"Params: [\"cmlkt4pth0008yv6bdiyn7nwj\",\"cmlku48wi000f6pa9f95urrie\",0]","service":"preplyte-api","timestamp":"2026-02-14 01:23:42"}
{"level":"debug","message":"Duration: 4ms","service":"preplyte-api","timestamp":"2026-02-14 01:23:42"}
{"level":"debug","message":"Query: SELECT \"public\".\"lms_courses\".\"id\", \"public\".\"lms_courses\".\"title\", \"public\".\"lms_courses\".\"slug\" FROM \"public\".\"lms_courses\" WHERE \"public\".\"lms_courses\".\"id\" IN ($1,$2) OFFSET $3","service":"preplyte-api","timestamp":"2026-02-14 01:23:42"}
{"level":"debug","message":"Params: [\"cmlkt4pth0007yv6bvydorxj0\",\"cmlku48wi000e6pa9yrdyr6yi\",0]","service":"preplyte-api","timestamp":"2026-02-14 01:23:42"}
{"level":"debug","message":"Duration: 6ms","service":"preplyte-api","timestamp":"2026-02-14 01:23:42"}
{"level":"debug","message":"Query: SELECT \"public\".\"lms_enrollments\".\"id\", \"public\".\"lms_enrollments\".\"userId\", \"public\".\"lms_enrollments\".\"courseId\", \"public\".\"lms_enrollments\".\"status\"::text, \"public\".\"lms_enrollments\".\"completedModules\", \"public\".\"lms_enrollments\".\"completedTopics\", \"public\".\"lms_enrollments\".\"progressPercent\", \"public\".\"lms_enrollments\".\"totalPointsEarned\", \"public\".\"lms_enrollments\".\"moduleTestPointsEarned\", \"public\".\"lms_enrollments\".\"finalTestPointsEarned\", \"public\".\"lms_enrollments\".\"finalTestAttempted\", \"public\".\"lms_enrollments\".\"finalTestPassed\", \"public\".\"lms_enrollments\".\"finalTestScore\", \"public\".\"lms_enrollments\".\"finalTestMarks\", \"public\".\"lms_enrollments\".\"enrolledAt\", \"public\".\"lms_enrollments\".\"startedAt\", \"public\".\"lms_enrollments\".\"completedAt\", \"public\".\"lms_enrollments\".\"lastAccessedAt\", \"public\".\"lms_enrollments\".\"certificateUrl\", \"public\".\"lms_enrollments\".\"certificateIssuedAt\", \"public\".\"lms_enrollments\".\"createdAt\", \"public\".\"lms_enrollments\".\"updatedAt\" FROM \"public\".\"lms_enrollments\" WHERE (\"public\".\"lms_enrollments\".\"userId\" = $1 AND \"public\".\"lms_enrollments\".\"status\" = CAST($2::text AS \"public\".\"LmsEnrollmentStatus\") AND \"public\".\"lms_enrollments\".\"completedAt\" >= $3) ORDER BY \"public\".\"lms_enrollments\".\"completedAt\" DESC LIMIT $4 OFFSET $5","service":"preplyte-api","timestamp":"2026-02-14 01:23:42"}
{"level":"debug","message":"Params: [\"cmlksg3yz0005chz5d93pvzi8\",\"COMPLETED\",\"2026-01-14 18:30:00 UTC\",5,0]","service":"preplyte-api","timestamp":"2026-02-14 01:23:42"}
{"level":"debug","message":"Duration: 1ms","service":"preplyte-api","timestamp":"2026-02-14 01:23:42"}
{"level":"debug","message":"Query: SELECT \"public\".\"lms_courses\".\"id\", \"public\".\"lms_courses\".\"title\", \"public\".\"lms_courses\".\"slug\" FROM \"public\".\"lms_courses\" WHERE \"public\".\"lms_courses\".\"id\" IN ($1,$2) OFFSET $3","service":"preplyte-api","timestamp":"2026-02-14 01:23:42"}
{"level":"debug","message":"Params: [\"cmlkt4pth0007yv6bvydorxj0\",\"cmlku48wi000e6pa9yrdyr6yi\",0]","service":"preplyte-api","timestamp":"2026-02-14 01:23:42"}
{"level":"debug","message":"Duration: 0ms","service":"preplyte-api","timestamp":"2026-02-14 01:23:42"}
{"level":"info","message":"\u001b[0mGET /api/dashboard/student \u001b[32m200\u001b[0m 224.137 ms - -\u001b[0m","service":"preplyte-api","timestamp":"2026-02-14 01:23:42"}
{"level":"info","message":"\u001b[0mGET /api/admin/institutes?limit=100 \u001b[33m401\u001b[0m 4.875 ms - 108\u001b[0m","service":"preplyte-api","timestamp":"2026-02-14 01:27:08"}
{"level":"info","message":"\u001b[0mGET /api/admin/users?page=1&limit=10&sortBy=createdAt&sortOrder=desc \u001b[33m401\u001b[0m 3.924 ms - 108\u001b[0m","service":"preplyte-api","timestamp":"2026-02-14 01:27:08"}
{"level":"info","message":"\u001b[0mGET /api/admin/institutes?limit=100 \u001b[33m401\u001b[0m 2.461 ms - 108\u001b[0m","service":"preplyte-api","timestamp":"2026-02-14 01:27:08"}
{"level":"info","message":"\u001b[0mGET /api/admin/users?page=1&limit=10&sortBy=createdAt&sortOrder=desc \u001b[33m401\u001b[0m 3.156 ms - 108\u001b[0m","service":"preplyte-api","timestamp":"2026-02-14 01:27:08"}
{"level":"debug","message":"Query: SELECT 1","service":"preplyte-api","timestamp":"2026-02-14 01:27:08"}
{"level":"debug","message":"Params: []","service":"preplyte-api","timestamp":"2026-02-14 01:27:08"}
{"level":"debug","message":"Duration: 0ms","service":"preplyte-api","timestamp":"2026-02-14 01:27:08"}
{"level":"debug","message":"Query: SELECT \"public\".\"refresh_tokens\".\"id\", \"public\".\"refresh_tokens\".\"token\", \"public\".\"refresh_tokens\".\"userId\", \"public\".\"refresh_tokens\".\"expiresAt\", \"public\".\"refresh_tokens\".\"revokedAt\", \"public\".\"refresh_tokens\".\"userAgent\", \"public\".\"refresh_tokens\".\"ipAddress\", \"public\".\"refresh_tokens\".\"createdAt\" FROM \"public\".\"refresh_tokens\" WHERE (\"public\".\"refresh_tokens\".\"token\" = $1 AND \"public\".\"refresh_tokens\".\"userId\" = $2) LIMIT $3 OFFSET $4","service":"preplyte-api","timestamp":"2026-02-14 01:27:08"}
{"level":"debug","message":"Params: [\"c42050df4d61c9db137990aa996cadaeafb4d171920f8f7604d90ea234e71af5\",\"cmlksebqv0001chz5wzenqncs\",1,0]","service":"preplyte-api","timestamp":"2026-02-14 01:27:08"}
{"level":"debug","message":"Duration: 11ms","service":"preplyte-api","timestamp":"2026-02-14 01:27:08"}
{"level":"debug","message":"Query: SELECT \"public\".\"users\".\"id\", \"public\".\"users\".\"email\", \"public\".\"users\".\"password\", \"public\".\"users\".\"name\", \"public\".\"users\".\"role\"::text, \"public\".\"users\".\"isActive\", \"public\".\"users\".\"instituteId\", \"public\".\"users\".\"createdAt\", \"public\".\"users\".\"updatedAt\", \"public\".\"users\".\"lastLoginAt\", \"public\".\"users\".\"tokenVersion\" FROM \"public\".\"users\" WHERE (\"public\".\"users\".\"id\" = $1 AND 1=1) LIMIT $2 OFFSET $3","service":"preplyte-api","timestamp":"2026-02-14 01:27:08"}
{"level":"debug","message":"Params: [\"cmlksebqv0001chz5wzenqncs\",1,0]","service":"preplyte-api","timestamp":"2026-02-14 01:27:08"}
{"level":"debug","message":"Duration: 11ms","service":"preplyte-api","timestamp":"2026-02-14 01:27:08"}
{"level":"debug","message":"Query: BEGIN","service":"preplyte-api","timestamp":"2026-02-14 01:27:08"}
{"level":"debug","message":"Params: []","service":"preplyte-api","timestamp":"2026-02-14 01:27:08"}
{"level":"debug","message":"Duration: 0ms","service":"preplyte-api","timestamp":"2026-02-14 01:27:08"}
{"level":"debug","message":"Query: UPDATE \"public\".\"refresh_tokens\" SET \"revokedAt\" = $1 WHERE (\"public\".\"refresh_tokens\".\"id\" = $2 AND 1=1) RETURNING \"public\".\"refresh_tokens\".\"id\", \"public\".\"refresh_tokens\".\"token\", \"public\".\"refresh_tokens\".\"userId\", \"public\".\"refresh_tokens\".\"expiresAt\", \"public\".\"refresh_tokens\".\"revokedAt\", \"public\".\"refresh_tokens\".\"userAgent\", \"public\".\"refresh_tokens\".\"ipAddress\", \"public\".\"refresh_tokens\".\"createdAt\"","service":"preplyte-api","timestamp":"2026-02-14 01:27:08"}
{"level":"debug","message":"Params: [\"2026-02-13 19:57:08.666 UTC\",\"cmll2oynx000j7su8w9ze9y6y\"]","service":"preplyte-api","timestamp":"2026-02-14 01:27:08"}
{"level":"debug","message":"Duration: 2ms","service":"preplyte-api","timestamp":"2026-02-14 01:27:08"}
{"level":"debug","message":"Query: INSERT INTO \"public\".\"refresh_tokens\" (\"id\",\"token\",\"userId\",\"expiresAt\",\"createdAt\") VALUES ($1,$2,$3,$4,$5) RETURNING \"public\".\"refresh_tokens\".\"id\", \"public\".\"refresh_tokens\".\"token\", \"public\".\"refresh_tokens\".\"userId\", \"public\".\"refresh_tokens\".\"expiresAt\", \"public\".\"refresh_tokens\".\"revokedAt\", \"public\".\"refresh_tokens\".\"userAgent\", \"public\".\"refresh_tokens\".\"ipAddress\", \"public\".\"refresh_tokens\".\"createdAt\"","service":"preplyte-api","timestamp":"2026-02-14 01:27:08"}
{"level":"debug","message":"Params: [\"cmllb6y0z0003337x64xtvs01\",\"6ece66479055613f4edf8071ed533e0444f90036bddc67d58b7cb053138c3a6b\",\"cmlksebqv0001chz5wzenqncs\",\"2026-02-20 19:57:08.666 UTC\",\"2026-02-13 19:57:08.673 UTC\"]","service":"preplyte-api","timestamp":"2026-02-14 01:27:08"}
{"level":"debug","message":"Duration: 3ms","service":"preplyte-api","timestamp":"2026-02-14 01:27:08"}
{"level":"debug","message":"Query: COMMIT","service":"preplyte-api","timestamp":"2026-02-14 01:27:08"}
{"level":"debug","message":"Params: []","service":"preplyte-api","timestamp":"2026-02-14 01:27:08"}
{"level":"debug","message":"Duration: 2ms","service":"preplyte-api","timestamp":"2026-02-14 01:27:08"}
{"level":"info","message":"Token refreshed successfully","service":"preplyte-api","timestamp":"2026-02-14 01:27:08","userId":"cmlksebqv0001chz5wzenqncs"}
{"level":"info","message":"\u001b[0mPOST /api/auth/refresh \u001b[32m200\u001b[0m 67.997 ms - 946\u001b[0m","service":"preplyte-api","timestamp":"2026-02-14 01:27:08"}
{"level":"debug","message":"Query: SELECT \"public\".\"users\".\"id\", \"public\".\"users\".\"email\", \"public\".\"users\".\"role\"::text, \"public\".\"users\".\"instituteId\", \"public\".\"users\".\"isActive\", \"public\".\"users\".\"tokenVersion\" FROM \"public\".\"users\" WHERE (\"public\".\"users\".\"id\" = $1 AND 1=1) LIMIT $2 OFFSET $3","service":"preplyte-api","timestamp":"2026-02-14 01:27:08"}
{"level":"debug","message":"Params: [\"cmlksebqv0001chz5wzenqncs\",1,0]","service":"preplyte-api","timestamp":"2026-02-14 01:27:08"}
{"level":"debug","message":"Duration: 1ms","service":"preplyte-api","timestamp":"2026-02-14 01:27:08"}
{"level":"debug","message":"Query: SELECT \"public\".\"users\".\"id\", \"public\".\"users\".\"email\", \"public\".\"users\".\"role\"::text, \"public\".\"users\".\"instituteId\", \"public\".\"users\".\"isActive\", \"public\".\"users\".\"tokenVersion\" FROM \"public\".\"users\" WHERE (\"public\".\"users\".\"id\" = $1 AND 1=1) LIMIT $2 OFFSET $3","service":"preplyte-api","timestamp":"2026-02-14 01:27:08"}
{"level":"debug","message":"Params: [\"cmlksebqv0001chz5wzenqncs\",1,0]","service":"preplyte-api","timestamp":"2026-02-14 01:27:08"}
{"level":"debug","message":"Duration: 0ms","service":"preplyte-api","timestamp":"2026-02-14 01:27:08"}
{"level":"debug","message":"Query: SELECT 1","service":"preplyte-api","timestamp":"2026-02-14 01:27:08"}
{"level":"debug","message":"Params: []","service":"preplyte-api","timestamp":"2026-02-14 01:27:08"}
{"level":"debug","message":"Duration: 0ms","service":"preplyte-api","timestamp":"2026-02-14 01:27:08"}
{"level":"debug","message":"Query: SELECT COUNT(*) FROM (SELECT \"public\".\"users\".\"id\" FROM \"public\".\"users\" WHERE 1=1 OFFSET $1) AS \"sub\"","service":"preplyte-api","timestamp":"2026-02-14 01:27:08"}
{"level":"debug","message":"Params: [0]","service":"preplyte-api","timestamp":"2026-02-14 01:27:08"}
{"level":"debug","message":"Duration: 2ms","service":"preplyte-api","timestamp":"2026-02-14 01:27:08"}
{"level":"debug","message":"Query: SELECT 1","service":"preplyte-api","timestamp":"2026-02-14 01:27:08"}
{"level":"debug","message":"Params: []","service":"preplyte-api","timestamp":"2026-02-14 01:27:08"}
{"level":"debug","message":"Duration: 1ms","service":"preplyte-api","timestamp":"2026-02-14 01:27:08"}
{"level":"debug","message":"Query: SELECT COUNT(*) FROM (SELECT \"public\".\"institutes\".\"id\" FROM \"public\".\"institutes\" WHERE 1=1 OFFSET $1) AS \"sub\"","service":"preplyte-api","timestamp":"2026-02-14 01:27:08"}
{"level":"debug","message":"Params: [0]","service":"preplyte-api","timestamp":"2026-02-14 01:27:08"}
{"level":"debug","message":"Duration: 11ms","service":"preplyte-api","timestamp":"2026-02-14 01:27:08"}
{"level":"debug","message":"Query: SELECT \"public\".\"institutes\".\"id\", \"public\".\"institutes\".\"name\", \"public\".\"institutes\".\"domain\", \"public\".\"institutes\".\"isActive\", \"public\".\"institutes\".\"createdAt\", \"public\".\"institutes\".\"updatedAt\", COALESCE(\"aggr_selection_0_User\".\"_aggr_count_users\", 0) AS \"_aggr_count_users\" FROM \"public\".\"institutes\" LEFT JOIN (SELECT \"public\".\"users\".\"instituteId\", COUNT(*) AS \"_aggr_count_users\" FROM \"public\".\"users\" WHERE 1=1 GROUP BY \"public\".\"users\".\"instituteId\") AS \"aggr_selection_0_User\" ON (\"public\".\"institutes\".\"id\" = \"aggr_selection_0_User\".\"instituteId\") WHERE 1=1 ORDER BY \"public\".\"institutes\".\"createdAt\" DESC LIMIT $1 OFFSET $2","service":"preplyte-api","timestamp":"2026-02-14 01:27:08"}
{"level":"debug","message":"Params: [100,0]","service":"preplyte-api","timestamp":"2026-02-14 01:27:08"}
{"level":"debug","message":"Duration: 12ms","service":"preplyte-api","timestamp":"2026-02-14 01:27:08"}
{"level":"info","message":"\u001b[0mGET /api/admin/institutes?limit=100 \u001b[32m200\u001b[0m 45.413 ms - 165\u001b[0m","service":"preplyte-api","timestamp":"2026-02-14 01:27:08"}
{"level":"debug","message":"Query: SELECT \"public\".\"users\".\"id\", \"public\".\"users\".\"email\", \"public\".\"users\".\"role\"::text, \"public\".\"users\".\"instituteId\", \"public\".\"users\".\"isActive\", \"public\".\"users\".\"tokenVersion\" FROM \"public\".\"users\" WHERE (\"public\".\"users\".\"id\" = $1 AND 1=1) LIMIT $2 OFFSET $3","service":"preplyte-api","timestamp":"2026-02-14 01:27:08"}
{"level":"debug","message":"Params: [\"cmlksebqv0001chz5wzenqncs\",1,0]","service":"preplyte-api","timestamp":"2026-02-14 01:27:08"}
{"level":"debug","message":"Duration: 0ms","service":"preplyte-api","timestamp":"2026-02-14 01:27:08"}
{"level":"debug","message":"Query: SELECT COUNT(*) FROM (SELECT \"public\".\"institutes\".\"id\" FROM \"public\".\"institutes\" WHERE 1=1 OFFSET $1) AS \"sub\"","service":"preplyte-api","timestamp":"2026-02-14 01:27:08"}
{"level":"debug","message":"Params: [0]","service":"preplyte-api","timestamp":"2026-02-14 01:27:08"}
{"level":"debug","message":"Duration: 1ms","service":"preplyte-api","timestamp":"2026-02-14 01:27:08"}
{"level":"debug","message":"Query: SELECT \"public\".\"users\".\"id\", \"public\".\"users\".\"email\", \"public\".\"users\".\"password\", \"public\".\"users\".\"name\", \"public\".\"users\".\"role\"::text, \"public\".\"users\".\"isActive\", \"public\".\"users\".\"instituteId\", \"public\".\"users\".\"createdAt\", \"public\".\"users\".\"updatedAt\", \"public\".\"users\".\"lastLoginAt\", \"public\".\"users\".\"tokenVersion\", COALESCE(\"aggr_selection_0_AptitudePracticeSession\".\"_aggr_count_aptitudeSessions\", 0) AS \"_aggr_count_aptitudeSessions\", COALESCE(\"aggr_selection_1_MachinePracticeSession\".\"_aggr_count_machineSessions\", 0) AS \"_aggr_count_machineSessions\", COALESCE(\"aggr_selection_2_AiInterviewSession\".\"_aggr_count_aiInterviewSessions\", 0) AS \"_aggr_count_aiInterviewSessions\", COALESCE(\"aggr_selection_3_Resume\".\"_aggr_count_resumes\", 0) AS \"_aggr_count_resumes\" FROM \"public\".\"users\" LEFT JOIN (SELECT \"public\".\"aptitude_practice_sessions\".\"userId\", COUNT(*) AS \"_aggr_count_aptitudeSessions\" FROM \"public\".\"aptitude_practice_sessions\" WHERE 1=1 GROUP BY \"public\".\"aptitude_practice_sessions\".\"userId\") AS \"aggr_selection_0_AptitudePracticeSession\" ON (\"public\".\"users\".\"id\" = \"aggr_selection_0_AptitudePracticeSession\".\"userId\") LEFT JOIN (SELECT \"public\".\"machine_practice_sessions\".\"userId\", COUNT(*) AS \"_aggr_count_machineSessions\" FROM \"public\".\"machine_practice_sessions\" WHERE 1=1 GROUP BY \"public\".\"machine_practice_sessions\".\"userId\") AS \"aggr_selection_1_MachinePracticeSession\" ON (\"public\".\"users\".\"id\" = \"aggr_selection_1_MachinePracticeSession\".\"userId\") LEFT JOIN (SELECT \"public\".\"ai_interview_sessions\".\"userId\", COUNT(*) AS \"_aggr_count_aiInterviewSessions\" FROM \"public\".\"ai_interview_sessions\" WHERE 1=1 GROUP BY \"public\".\"ai_interview_sessions\".\"userId\") AS \"aggr_selection_2_AiInterviewSession\" ON (\"public\".\"users\".\"id\" = \"aggr_selection_2_AiInterviewSession\".\"userId\") LEFT JOIN (SELECT \"public\".\"resumes\".\"userId\", COUNT(*) AS \"_aggr_count_resumes\" FROM \"public\".\"resumes\" WHERE 1=1 GROUP BY \"public\".\"resumes\".\"userId\") AS \"aggr_selection_3_Resume\" ON (\"public\".\"users\".\"id\" = \"aggr_selection_3_Resume\".\"userId\") WHERE 1=1 ORDER BY \"public\".\"users\".\"createdAt\" DESC LIMIT $1 OFFSET $2","service":"preplyte-api","timestamp":"2026-02-14 01:27:08"}
{"level":"debug","message":"Params: [10,0]","service":"preplyte-api","timestamp":"2026-02-14 01:27:08"}
{"level":"debug","message":"Duration: 47ms","service":"preplyte-api","timestamp":"2026-02-14 01:27:08"}
{"level":"debug","message":"Query: SELECT \"public\".\"institutes\".\"id\", \"public\".\"institutes\".\"name\", \"public\".\"institutes\".\"domain\", \"public\".\"institutes\".\"isActive\", \"public\".\"institutes\".\"createdAt\", \"public\".\"institutes\".\"updatedAt\", COALESCE(\"aggr_selection_0_User\".\"_aggr_count_users\", 0) AS \"_aggr_count_users\" FROM \"public\".\"institutes\" LEFT JOIN (SELECT \"public\".\"users\".\"instituteId\", COUNT(*) AS \"_aggr_count_users\" FROM \"public\".\"users\" WHERE 1=1 GROUP BY \"public\".\"users\".\"instituteId\") AS \"aggr_selection_0_User\" ON (\"public\".\"institutes\".\"id\" = \"aggr_selection_0_User\".\"instituteId\") WHERE 1=1 ORDER BY \"public\".\"institutes\".\"createdAt\" DESC LIMIT $1 OFFSET $2","service":"preplyte-api","timestamp":"2026-02-14 01:27:08"}
{"level":"debug","message":"Params: [100,0]","service":"preplyte-api","timestamp":"2026-02-14 01:27:08"}
{"level":"debug","message":"Duration: 14ms","service":"preplyte-api","timestamp":"2026-02-14 01:27:08"}
{"level":"info","message":"\u001b[0mGET /api/admin/institutes?limit=100 \u001b[36m304\u001b[0m 29.080 ms - -\u001b[0m","service":"preplyte-api","timestamp":"2026-02-14 01:27:08"}
{"level":"debug","message":"Query: SELECT \"public\".\"student_profiles\".\"id\", \"public\".\"student_profiles\".\"fullName\", \"public\".\"student_profiles\".\"studentId\", \"public\".\"student_profiles\".\"departmentId\", \"public\".\"student_profiles\".\"courseYear\", \"public\".\"student_profiles\".\"averageCgpa\", \"public\".\"student_profiles\".\"skills\", \"public\".\"student_profiles\".\"userId\" FROM \"public\".\"student_profiles\" WHERE \"public\".\"student_profiles\".\"userId\" IN ($1,$2,$3) OFFSET $4","service":"preplyte-api","timestamp":"2026-02-14 01:27:08"}
{"level":"debug","message":"Params: [\"cmll0tcsf00097su8jojazmpi\",\"cmlksg3yz0005chz5d93pvzi8\",\"cmlksebqv0001chz5wzenqncs\",0]","service":"preplyte-api","timestamp":"2026-02-14 01:27:08"}
{"level":"debug","message":"Duration: 17ms","service":"preplyte-api","timestamp":"2026-02-14 01:27:08"}
{"level":"info","message":"\u001b[0mGET /api/admin/users?page=1&limit=10&sortBy=createdAt&sortOrder=desc \u001b[32m200\u001b[0m 96.834 ms - -\u001b[0m","service":"preplyte-api","timestamp":"2026-02-14 01:27:08"}
{"level":"debug","message":"Query: SELECT \"public\".\"users\".\"id\", \"public\".\"users\".\"email\", \"public\".\"users\".\"role\"::text, \"public\".\"users\".\"instituteId\", \"public\".\"users\".\"isActive\", \"public\".\"users\".\"tokenVersion\" FROM \"public\".\"users\" WHERE (\"public\".\"users\".\"id\" = $1 AND 1=1) LIMIT $2 OFFSET $3","service":"preplyte-api","timestamp":"2026-02-14 01:27:08"}
{"level":"debug","message":"Params: [\"cmlksebqv0001chz5wzenqncs\",1,0]","service":"preplyte-api","timestamp":"2026-02-14 01:27:08"}
{"level":"debug","message":"Duration: 1ms","service":"preplyte-api","timestamp":"2026-02-14 01:27:08"}
{"level":"debug","message":"Query: SELECT COUNT(*) FROM (SELECT \"public\".\"users\".\"id\" FROM \"public\".\"users\" WHERE 1=1 OFFSET $1) AS \"sub\"","service":"preplyte-api","timestamp":"2026-02-14 01:27:08"}
{"level":"debug","message":"Params: [0]","service":"preplyte-api","timestamp":"2026-02-14 01:27:08"}
{"level":"debug","message":"Duration: 1ms","service":"preplyte-api","timestamp":"2026-02-14 01:27:08"}
{"level":"debug","message":"Query: SELECT \"public\".\"users\".\"id\", \"public\".\"users\".\"email\", \"public\".\"users\".\"password\", \"public\".\"users\".\"name\", \"public\".\"users\".\"role\"::text, \"public\".\"users\".\"isActive\", \"public\".\"users\".\"instituteId\", \"public\".\"users\".\"createdAt\", \"public\".\"users\".\"updatedAt\", \"public\".\"users\".\"lastLoginAt\", \"public\".\"users\".\"tokenVersion\", COALESCE(\"aggr_selection_0_AptitudePracticeSession\".\"_aggr_count_aptitudeSessions\", 0) AS \"_aggr_count_aptitudeSessions\", COALESCE(\"aggr_selection_1_MachinePracticeSession\".\"_aggr_count_machineSessions\", 0) AS \"_aggr_count_machineSessions\", COALESCE(\"aggr_selection_2_AiInterviewSession\".\"_aggr_count_aiInterviewSessions\", 0) AS \"_aggr_count_aiInterviewSessions\", COALESCE(\"aggr_selection_3_Resume\".\"_aggr_count_resumes\", 0) AS \"_aggr_count_resumes\" FROM \"public\".\"users\" LEFT JOIN (SELECT \"public\".\"aptitude_practice_sessions\".\"userId\", COUNT(*) AS \"_aggr_count_aptitudeSessions\" FROM \"public\".\"aptitude_practice_sessions\" WHERE 1=1 GROUP BY \"public\".\"aptitude_practice_sessions\".\"userId\") AS \"aggr_selection_0_AptitudePracticeSession\" ON (\"public\".\"users\".\"id\" = \"aggr_selection_0_AptitudePracticeSession\".\"userId\") LEFT JOIN (SELECT \"public\".\"machine_practice_sessions\".\"userId\", COUNT(*) AS \"_aggr_count_machineSessions\" FROM \"public\".\"machine_practice_sessions\" WHERE 1=1 GROUP BY \"public\".\"machine_practice_sessions\".\"userId\") AS \"aggr_selection_1_MachinePracticeSession\" ON (\"public\".\"users\".\"id\" = \"aggr_selection_1_MachinePracticeSession\".\"userId\") LEFT JOIN (SELECT \"public\".\"ai_interview_sessions\".\"userId\", COUNT(*) AS \"_aggr_count_aiInterviewSessions\" FROM \"public\".\"ai_interview_sessions\" WHERE 1=1 GROUP BY \"public\".\"ai_interview_sessions\".\"userId\") AS \"aggr_selection_2_AiInterviewSession\" ON (\"public\".\"users\".\"id\" = \"aggr_selection_2_AiInterviewSession\".\"userId\") LEFT JOIN (SELECT \"public\".\"resumes\".\"userId\", COUNT(*) AS \"_aggr_count_resumes\" FROM \"public\".\"resumes\" WHERE 1=1 GROUP BY \"public\".\"resumes\".\"userId\") AS \"aggr_selection_3_Resume\" ON (\"public\".\"users\".\"id\" = \"aggr_selection_3_Resume\".\"userId\") WHERE 1=1 ORDER BY \"public\".\"users\".\"createdAt\" DESC LIMIT $1 OFFSET $2","service":"preplyte-api","timestamp":"2026-02-14 01:27:08"}
{"level":"debug","message":"Params: [10,0]","service":"preplyte-api","timestamp":"2026-02-14 01:27:08"}
{"level":"debug","message":"Duration: 3ms","service":"preplyte-api","timestamp":"2026-02-14 01:27:08"}
{"level":"debug","message":"Query: SELECT \"public\".\"student_profiles\".\"id\", \"public\".\"student_profiles\".\"fullName\", \"public\".\"student_profiles\".\"studentId\", \"public\".\"student_profiles\".\"departmentId\", \"public\".\"student_profiles\".\"courseYear\", \"public\".\"student_profiles\".\"averageCgpa\", \"public\".\"student_profiles\".\"skills\", \"public\".\"student_profiles\".\"userId\" FROM \"public\".\"student_profiles\" WHERE \"public\".\"student_profiles\".\"userId\" IN ($1,$2,$3) OFFSET $4","service":"preplyte-api","timestamp":"2026-02-14 01:27:08"}
{"level":"debug","message":"Params: [\"cmll0tcsf00097su8jojazmpi\",\"cmlksg3yz0005chz5d93pvzi8\",\"cmlksebqv0001chz5wzenqncs\",0]","service":"preplyte-api","timestamp":"2026-02-14 01:27:08"}
{"level":"debug","message":"Duration: 1ms","service":"preplyte-api","timestamp":"2026-02-14 01:27:08"}
{"level":"info","message":"\u001b[0mGET /api/admin/users?page=1&limit=10&sortBy=createdAt&sortOrder=desc \u001b[36m304\u001b[0m 29.322 ms - -\u001b[0m","service":"preplyte-api","timestamp":"2026-02-14 01:27:08"}
{"level":"info","message":"\u001b[0mGET /api/admin/institutes?limit=100 \u001b[33m401\u001b[0m 1.840 ms - 108\u001b[0m","service":"preplyte-api","timestamp":"2026-02-14 01:27:26"}
{"level":"info","message":"\u001b[0mGET /api/admin/institutes?limit=100 \u001b[33m401\u001b[0m 2.545 ms - 108\u001b[0m","service":"preplyte-api","timestamp":"2026-02-14 01:27:26"}
{"level":"info","message":"\u001b[0mGET /api/admin/users?page=1&limit=10&sortBy=createdAt&sortOrder=desc \u001b[33m401\u001b[0m 1.680 ms - 108\u001b[0m","service":"preplyte-api","timestamp":"2026-02-14 01:27:26"}
{"level":"info","message":"\u001b[0mGET /api/admin/users?page=1&limit=10&sortBy=createdAt&sortOrder=desc \u001b[33m401\u001b[0m 2.440 ms - 108\u001b[0m","service":"preplyte-api","timestamp":"2026-02-14 01:27:26"}
{"level":"debug","message":"Query: SELECT 1","service":"preplyte-api","timestamp":"2026-02-14 01:27:26"}
{"level":"debug","message":"Params: []","service":"preplyte-api","timestamp":"2026-02-14 01:27:26"}
{"level":"debug","message":"Duration: 0ms","service":"preplyte-api","timestamp":"2026-02-14 01:27:26"}
{"level":"debug","message":"Query: SELECT \"public\".\"refresh_tokens\".\"id\", \"public\".\"refresh_tokens\".\"token\", \"public\".\"refresh_tokens\".\"userId\", \"public\".\"refresh_tokens\".\"expiresAt\", \"public\".\"refresh_tokens\".\"revokedAt\", \"public\".\"refresh_tokens\".\"userAgent\", \"public\".\"refresh_tokens\".\"ipAddress\", \"public\".\"refresh_tokens\".\"createdAt\" FROM \"public\".\"refresh_tokens\" WHERE (\"public\".\"refresh_tokens\".\"token\" = $1 AND \"public\".\"refresh_tokens\".\"userId\" = $2) LIMIT $3 OFFSET $4","service":"preplyte-api","timestamp":"2026-02-14 01:27:26"}
{"level":"debug","message":"Params: [\"3de96779f0ee80f8fde39a950d16f904bf1eefa7e974f2195b562c19d9012b13\",\"cmlksebqv0001chz5wzenqncs\",1,0]","service":"preplyte-api","timestamp":"2026-02-14 01:27:26"}
{"level":"debug","message":"Duration: 9ms","service":"preplyte-api","timestamp":"2026-02-14 01:27:26"}
{"level":"warn","message":"Refresh token reuse detected","revokedAt":"2026-02-13T15:15:29.505Z","service":"preplyte-api","timestamp":"2026-02-14 01:27:26","tokenId":"cmll05t7w000lyaoemfwujct8","userId":"cmlksebqv0001chz5wzenqncs"}
{"level":"debug","message":"Query: SELECT 1","service":"preplyte-api","timestamp":"2026-02-14 01:27:26"}
{"level":"debug","message":"Params: []","service":"preplyte-api","timestamp":"2026-02-14 01:27:26"}
{"level":"debug","message":"Duration: 0ms","service":"preplyte-api","timestamp":"2026-02-14 01:27:26"}
{"level":"debug","message":"Query: BEGIN","service":"preplyte-api","timestamp":"2026-02-14 01:27:26"}
{"level":"debug","message":"Params: []","service":"preplyte-api","timestamp":"2026-02-14 01:27:26"}
{"level":"debug","message":"Duration: 0ms","service":"preplyte-api","timestamp":"2026-02-14 01:27:26"}
{"level":"debug","message":"Query: UPDATE \"public\".\"users\" SET \"tokenVersion\" = (\"public\".\"users\".\"tokenVersion\" + $1), \"updatedAt\" = $2 WHERE (\"public\".\"users\".\"id\" = $3 AND 1=1) RETURNING \"public\".\"users\".\"id\", \"public\".\"users\".\"email\", \"public\".\"users\".\"password\", \"public\".\"users\".\"name\", \"public\".\"users\".\"role\"::text, \"public\".\"users\".\"isActive\", \"public\".\"users\".\"instituteId\", \"public\".\"users\".\"createdAt\", \"public\".\"users\".\"updatedAt\", \"public\".\"users\".\"lastLoginAt\", \"public\".\"users\".\"tokenVersion\"","service":"preplyte-api","timestamp":"2026-02-14 01:27:26"}
{"level":"debug","message":"Params: [1,\"2026-02-13 19:57:26.427 UTC\",\"cmlksebqv0001chz5wzenqncs\"]","service":"preplyte-api","timestamp":"2026-02-14 01:27:26"}
{"level":"debug","message":"Duration: 5ms","service":"preplyte-api","timestamp":"2026-02-14 01:27:26"}
{"level":"debug","message":"Query: UPDATE \"public\".\"refresh_tokens\" SET \"revokedAt\" = $1 WHERE (\"public\".\"refresh_tokens\".\"userId\" = $2 AND \"public\".\"refresh_tokens\".\"revokedAt\" IS NULL)","service":"preplyte-api","timestamp":"2026-02-14 01:27:26"}
{"level":"debug","message":"Params: [\"2026-02-13 19:57:26.425 UTC\",\"cmlksebqv0001chz5wzenqncs\"]","service":"preplyte-api","timestamp":"2026-02-14 01:27:26"}
{"level":"debug","message":"Duration: 10ms","service":"preplyte-api","timestamp":"2026-02-14 01:27:26"}
{"level":"debug","message":"Query: COMMIT","service":"preplyte-api","timestamp":"2026-02-14 01:27:26"}
{"level":"debug","message":"Params: []","service":"preplyte-api","timestamp":"2026-02-14 01:27:26"}
{"level":"debug","message":"Duration: 2ms","service":"preplyte-api","timestamp":"2026-02-14 01:27:26"}
{"level":"info","message":"User logged out from all devices","service":"preplyte-api","timestamp":"2026-02-14 01:27:26","userId":"cmlksebqv0001chz5wzenqncs"}
{"code":"UNAUTHORIZED","ip":"127.0.0.1","level":"warn","message":"Operational error Token reuse detected. All sessions have been revoked for security.","method":"POST","path":"/api/auth/refresh","requestId":"mllb7bpf-123e842728c116b9","service":"preplyte-api","timestamp":"2026-02-14 01:27:26","userAgent":"Mozilla/5.0 (Windows NT 10.0; Win64; x64) AppleWebKit/537.36 (KHTML, like Gecko) Chrome/144.0.0.0 Safari/537.36"}
{"level":"info","message":"\u001b[0mPOST /api/auth/refresh \u001b[33m401\u001b[0m 50.335 ms - 168\u001b[0m","service":"preplyte-api","timestamp":"2026-02-14 01:27:26"}
{"level":"debug","message":"Query: SELECT 1","service":"preplyte-api","timestamp":"2026-02-14 01:27:43"}
{"level":"debug","message":"Params: []","service":"preplyte-api","timestamp":"2026-02-14 01:27:43"}
{"level":"debug","message":"Duration: 0ms","service":"preplyte-api","timestamp":"2026-02-14 01:27:43"}
{"level":"debug","message":"Query: SELECT \"public\".\"users\".\"id\", \"public\".\"users\".\"email\", \"public\".\"users\".\"password\", \"public\".\"users\".\"name\", \"public\".\"users\".\"role\"::text, \"public\".\"users\".\"isActive\", \"public\".\"users\".\"instituteId\", \"public\".\"users\".\"createdAt\", \"public\".\"users\".\"updatedAt\", \"public\".\"users\".\"lastLoginAt\", \"public\".\"users\".\"tokenVersion\" FROM \"public\".\"users\" WHERE (\"public\".\"users\".\"email\" = $1 AND 1=1) LIMIT $2 OFFSET $3","service":"preplyte-api","timestamp":"2026-02-14 01:27:43"}
{"level":"debug","message":"Params: [\"admin@platform.com\",1,0]","service":"preplyte-api","timestamp":"2026-02-14 01:27:43"}
{"level":"debug","message":"Duration: 1ms","service":"preplyte-api","timestamp":"2026-02-14 01:27:43"}
{"level":"debug","message":"Query: SELECT 1","service":"preplyte-api","timestamp":"2026-02-14 01:27:43"}
{"level":"debug","message":"Params: []","service":"preplyte-api","timestamp":"2026-02-14 01:27:43"}
{"level":"debug","message":"Duration: 0ms","service":"preplyte-api","timestamp":"2026-02-14 01:27:43"}
{"level":"debug","message":"Query: INSERT INTO \"public\".\"refresh_tokens\" (\"id\",\"token\",\"userId\",\"expiresAt\",\"createdAt\") VALUES ($1,$2,$3,$4,$5) RETURNING \"public\".\"refresh_tokens\".\"id\", \"public\".\"refresh_tokens\".\"token\", \"public\".\"refresh_tokens\".\"userId\", \"public\".\"refresh_tokens\".\"expiresAt\", \"public\".\"refresh_tokens\".\"revokedAt\", \"public\".\"refresh_tokens\".\"userAgent\", \"public\".\"refresh_tokens\".\"ipAddress\", \"public\".\"refresh_tokens\".\"createdAt\"","service":"preplyte-api","timestamp":"2026-02-14 01:27:43"}
{"level":"debug","message":"Params: [\"cmllb7p2e0005337xnfe0e3cg\",\"f5cde60085a7d67bb454bee6b09fd03b01cc6e8d4bd5b4c144d33533ac30e667\",\"cmlksebqv0001chz5wzenqncs\",\"2026-02-20 19:57:43.716 UTC\",\"2026-02-13 19:57:43.718 UTC\"]","service":"preplyte-api","timestamp":"2026-02-14 01:27:43"}
{"level":"debug","message":"Duration: 2ms","service":"preplyte-api","timestamp":"2026-02-14 01:27:43"}
{"level":"debug","message":"Query: UPDATE \"public\".\"users\" SET \"lastLoginAt\" = $1, \"updatedAt\" = $2 WHERE (\"public\".\"users\".\"id\" = $3 AND 1=1) RETURNING \"public\".\"users\".\"id\", \"public\".\"users\".\"email\", \"public\".\"users\".\"password\", \"public\".\"users\".\"name\", \"public\".\"users\".\"role\"::text, \"public\".\"users\".\"isActive\", \"public\".\"users\".\"instituteId\", \"public\".\"users\".\"createdAt\", \"public\".\"users\".\"updatedAt\", \"public\".\"users\".\"lastLoginAt\", \"public\".\"users\".\"tokenVersion\"","service":"preplyte-api","timestamp":"2026-02-14 01:27:43"}
{"level":"debug","message":"Params: [\"2026-02-13 19:57:43.717 UTC\",\"2026-02-13 19:57:43.718 UTC\",\"cmlksebqv0001chz5wzenqncs\"]","service":"preplyte-api","timestamp":"2026-02-14 01:27:43"}
{"level":"debug","message":"Duration: 1ms","service":"preplyte-api","timestamp":"2026-02-14 01:27:43"}
{"level":"info","message":"User logged in","service":"preplyte-api","timestamp":"2026-02-14 01:27:43","userId":"cmlksebqv0001chz5wzenqncs"}
{"level":"info","message":"\u001b[0mPOST /api/auth/login \u001b[32m200\u001b[0m 727.134 ms - 934\u001b[0m","service":"preplyte-api","timestamp":"2026-02-14 01:27:43"}
{"level":"debug","message":"Query: SELECT \"public\".\"users\".\"id\", \"public\".\"users\".\"email\", \"public\".\"users\".\"role\"::text, \"public\".\"users\".\"instituteId\", \"public\".\"users\".\"isActive\", \"public\".\"users\".\"tokenVersion\" FROM \"public\".\"users\" WHERE (\"public\".\"users\".\"id\" = $1 AND 1=1) LIMIT $2 OFFSET $3","service":"preplyte-api","timestamp":"2026-02-14 01:27:50"}
{"level":"debug","message":"Params: [\"cmlksebqv0001chz5wzenqncs\",1,0]","service":"preplyte-api","timestamp":"2026-02-14 01:27:50"}
{"level":"debug","message":"Duration: 1ms","service":"preplyte-api","timestamp":"2026-02-14 01:27:50"}
{"level":"debug","message":"Query: SELECT COUNT(*) FROM (SELECT \"public\".\"institutes\".\"id\" FROM \"public\".\"institutes\" WHERE 1=1 OFFSET $1) AS \"sub\"","service":"preplyte-api","timestamp":"2026-02-14 01:27:50"}
{"level":"debug","message":"Params: [0]","service":"preplyte-api","timestamp":"2026-02-14 01:27:50"}
{"level":"debug","message":"Duration: 1ms","service":"preplyte-api","timestamp":"2026-02-14 01:27:50"}
{"level":"debug","message":"Query: SELECT \"public\".\"institutes\".\"id\", \"public\".\"institutes\".\"name\", \"public\".\"institutes\".\"domain\", \"public\".\"institutes\".\"isActive\", \"public\".\"institutes\".\"createdAt\", \"public\".\"institutes\".\"updatedAt\", COALESCE(\"aggr_selection_0_User\".\"_aggr_count_users\", 0) AS \"_aggr_count_users\" FROM \"public\".\"institutes\" LEFT JOIN (SELECT \"public\".\"users\".\"instituteId\", COUNT(*) AS \"_aggr_count_users\" FROM \"public\".\"users\" WHERE 1=1 GROUP BY \"public\".\"users\".\"instituteId\") AS \"aggr_selection_0_User\" ON (\"public\".\"institutes\".\"id\" = \"aggr_selection_0_User\".\"instituteId\") WHERE 1=1 ORDER BY \"public\".\"institutes\".\"createdAt\" DESC LIMIT $1 OFFSET $2","service":"preplyte-api","timestamp":"2026-02-14 01:27:50"}
{"level":"debug","message":"Params: [10,0]","service":"preplyte-api","timestamp":"2026-02-14 01:27:50"}
{"level":"debug","message":"Duration: 8ms","service":"preplyte-api","timestamp":"2026-02-14 01:27:50"}
{"level":"info","message":"\u001b[0mGET /api/admin/institutes?page=1&limit=10&sortBy=createdAt&sortOrder=desc \u001b[36m304\u001b[0m 24.906 ms - -\u001b[0m","service":"preplyte-api","timestamp":"2026-02-14 01:27:50"}
{"level":"debug","message":"Query: SELECT \"public\".\"users\".\"id\", \"public\".\"users\".\"email\", \"public\".\"users\".\"role\"::text, \"public\".\"users\".\"instituteId\", \"public\".\"users\".\"isActive\", \"public\".\"users\".\"tokenVersion\" FROM \"public\".\"users\" WHERE (\"public\".\"users\".\"id\" = $1 AND 1=1) LIMIT $2 OFFSET $3","service":"preplyte-api","timestamp":"2026-02-14 01:27:50"}
{"level":"debug","message":"Params: [\"cmlksebqv0001chz5wzenqncs\",1,0]","service":"preplyte-api","timestamp":"2026-02-14 01:27:50"}
{"level":"debug","message":"Duration: 0ms","service":"preplyte-api","timestamp":"2026-02-14 01:27:50"}
{"level":"debug","message":"Query: SELECT 1","service":"preplyte-api","timestamp":"2026-02-14 01:27:50"}
{"level":"debug","message":"Params: []","service":"preplyte-api","timestamp":"2026-02-14 01:27:50"}
{"level":"debug","message":"Duration: 0ms","service":"preplyte-api","timestamp":"2026-02-14 01:27:50"}
{"level":"debug","message":"Query: SELECT 1","service":"preplyte-api","timestamp":"2026-02-14 01:27:50"}
{"level":"debug","message":"Params: []","service":"preplyte-api","timestamp":"2026-02-14 01:27:50"}
{"level":"debug","message":"Duration: 1ms","service":"preplyte-api","timestamp":"2026-02-14 01:27:50"}
{"level":"debug","message":"Query: SELECT 1","service":"preplyte-api","timestamp":"2026-02-14 01:27:50"}
{"level":"debug","message":"Params: []","service":"preplyte-api","timestamp":"2026-02-14 01:27:50"}
{"level":"debug","message":"Duration: 1ms","service":"preplyte-api","timestamp":"2026-02-14 01:27:50"}
{"level":"debug","message":"Query: SELECT 1","service":"preplyte-api","timestamp":"2026-02-14 01:27:50"}
{"level":"debug","message":"Params: []","service":"preplyte-api","timestamp":"2026-02-14 01:27:50"}
{"level":"debug","message":"Duration: 1ms","service":"preplyte-api","timestamp":"2026-02-14 01:27:50"}
{"level":"debug","message":"Query: SELECT 1","service":"preplyte-api","timestamp":"2026-02-14 01:27:50"}
{"level":"debug","message":"Params: []","service":"preplyte-api","timestamp":"2026-02-14 01:27:50"}
{"level":"debug","message":"Duration: 1ms","service":"preplyte-api","timestamp":"2026-02-14 01:27:50"}
{"level":"debug","message":"Query: SELECT 1","service":"preplyte-api","timestamp":"2026-02-14 01:27:50"}
{"level":"debug","message":"Params: []","service":"preplyte-api","timestamp":"2026-02-14 01:27:50"}
{"level":"debug","message":"Duration: 1ms","service":"preplyte-api","timestamp":"2026-02-14 01:27:50"}
{"level":"debug","message":"Query: SELECT 1","service":"preplyte-api","timestamp":"2026-02-14 01:27:50"}
{"level":"debug","message":"Params: []","service":"preplyte-api","timestamp":"2026-02-14 01:27:50"}
{"level":"debug","message":"Duration: 1ms","service":"preplyte-api","timestamp":"2026-02-14 01:27:50"}
{"level":"debug","message":"Query: SELECT COUNT(*) FROM (SELECT \"public\".\"aptitude_practice_sessions\".\"id\" FROM \"public\".\"aptitude_practice_sessions\" WHERE 1=1 OFFSET $1) AS \"sub\"","service":"preplyte-api","timestamp":"2026-02-14 01:27:50"}
{"level":"debug","message":"Params: [0]","service":"preplyte-api","timestamp":"2026-02-14 01:27:50"}
{"level":"debug","message":"Duration: 1ms","service":"preplyte-api","timestamp":"2026-02-14 01:27:50"}
{"level":"debug","message":"Query: SELECT COUNT(*), \"public\".\"institutes\".\"isActive\" FROM \"public\".\"institutes\" WHERE 1=1 GROUP BY \"public\".\"institutes\".\"isActive\" OFFSET $1","service":"preplyte-api","timestamp":"2026-02-14 01:27:50"}
{"level":"debug","message":"Params: [0]","service":"preplyte-api","timestamp":"2026-02-14 01:27:50"}
{"level":"debug","message":"Duration: 2ms","service":"preplyte-api","timestamp":"2026-02-14 01:27:50"}
{"level":"debug","message":"Query: SELECT COUNT(*) FROM (SELECT \"public\".\"ai_interview_sessions\".\"id\" FROM \"public\".\"ai_interview_sessions\" WHERE 1=1 OFFSET $1) AS \"sub\"","service":"preplyte-api","timestamp":"2026-02-14 01:27:50"}
{"level":"debug","message":"Params: [0]","service":"preplyte-api","timestamp":"2026-02-14 01:27:50"}
{"level":"debug","message":"Duration: 2ms","service":"preplyte-api","timestamp":"2026-02-14 01:27:50"}
{"level":"debug","message":"Query: SELECT \"public\".\"aptitude_practice_sessions\".\"id\", \"public\".\"aptitude_practice_sessions\".\"createdAt\" FROM \"public\".\"aptitude_practice_sessions\" WHERE \"public\".\"aptitude_practice_sessions\".\"createdAt\" >= $1 OFFSET $2","service":"preplyte-api","timestamp":"2026-02-14 01:27:50"}
{"level":"debug","message":"Params: [\"2026-01-14 19:57:50.056 UTC\",0]","service":"preplyte-api","timestamp":"2026-02-14 01:27:50"}
{"level":"debug","message":"Duration: 2ms","service":"preplyte-api","timestamp":"2026-02-14 01:27:50"}
{"level":"debug","message":"Query: SELECT COUNT(*) FROM (SELECT \"public\".\"machine_practice_sessions\".\"id\" FROM \"public\".\"machine_practice_sessions\" WHERE 1=1 OFFSET $1) AS \"sub\"","service":"preplyte-api","timestamp":"2026-02-14 01:27:50"}
{"level":"debug","message":"Params: [0]","service":"preplyte-api","timestamp":"2026-02-14 01:27:50"}
{"level":"debug","message":"Duration: 6ms","service":"preplyte-api","timestamp":"2026-02-14 01:27:50"}
{"level":"debug","message":"Query: SELECT COUNT(*), AVG(\"totalScore\") FROM (SELECT \"public\".\"machine_practice_sessions\".\"id\", \"public\".\"machine_practice_sessions\".\"totalScore\" FROM \"public\".\"machine_practice_sessions\" WHERE \"public\".\"machine_practice_sessions\".\"completedAt\" IS NOT NULL OFFSET $1) AS \"sub\"","service":"preplyte-api","timestamp":"2026-02-14 01:27:50"}
{"level":"debug","message":"Params: [0]","service":"preplyte-api","timestamp":"2026-02-14 01:27:50"}
{"level":"debug","message":"Duration: 7ms","service":"preplyte-api","timestamp":"2026-02-14 01:27:50"}
{"level":"debug","message":"Query: SELECT COUNT(*) FROM (SELECT \"public\".\"ai_interview_sessions\".\"id\" FROM \"public\".\"ai_interview_sessions\" WHERE \"public\".\"ai_interview_sessions\".\"status\" = CAST($1::text AS \"public\".\"AiInterviewSessionStatus\") OFFSET $2) AS \"sub\"","service":"preplyte-api","timestamp":"2026-02-14 01:27:50"}
{"level":"debug","message":"Params: [\"COMPLETED\",0]","service":"preplyte-api","timestamp":"2026-02-14 01:27:50"}
{"level":"debug","message":"Duration: 8ms","service":"preplyte-api","timestamp":"2026-02-14 01:27:50"}
{"level":"debug","message":"Query: SELECT COUNT(*), \"public\".\"users\".\"role\"::text, \"public\".\"users\".\"isActive\" FROM \"public\".\"users\" WHERE 1=1 GROUP BY \"public\".\"users\".\"role\", \"public\".\"users\".\"isActive\" OFFSET $1","service":"preplyte-api","timestamp":"2026-02-14 01:27:50"}
{"level":"debug","message":"Params: [0]","service":"preplyte-api","timestamp":"2026-02-14 01:27:50"}
{"level":"debug","message":"Duration: 8ms","service":"preplyte-api","timestamp":"2026-02-14 01:27:50"}
{"level":"debug","message":"Query: SELECT AVG(\"overallScore\") FROM (SELECT \"public\".\"ai_interview_feedbacks\".\"overallScore\" FROM \"public\".\"ai_interview_feedbacks\" WHERE 1=1 OFFSET $1) AS \"sub\"","service":"preplyte-api","timestamp":"2026-02-14 01:27:50"}
{"level":"debug","message":"Params: [0]","service":"preplyte-api","timestamp":"2026-02-14 01:27:50"}
{"level":"debug","message":"Duration: 9ms","service":"preplyte-api","timestamp":"2026-02-14 01:27:50"}
{"level":"debug","message":"Query: SELECT COUNT(*), AVG(\"totalScore\") FROM (SELECT \"public\".\"aptitude_practice_sessions\".\"id\", \"public\".\"aptitude_practice_sessions\".\"totalScore\" FROM \"public\".\"aptitude_practice_sessions\" WHERE \"public\".\"aptitude_practice_sessions\".\"completedAt\" IS NOT NULL OFFSET $1) AS \"sub\"","service":"preplyte-api","timestamp":"2026-02-14 01:27:50"}
{"level":"debug","message":"Params: [0]","service":"preplyte-api","timestamp":"2026-02-14 01:27:50"}
{"level":"debug","message":"Duration: 8ms","service":"preplyte-api","timestamp":"2026-02-14 01:27:50"}
{"level":"debug","message":"Query: SELECT \"public\".\"users\".\"id\", \"public\".\"users\".\"createdAt\" FROM \"public\".\"users\" WHERE \"public\".\"users\".\"createdAt\" >= $1 OFFSET $2","service":"preplyte-api","timestamp":"2026-02-14 01:27:50"}
{"level":"debug","message":"Params: [\"2026-01-14 19:57:50.056 UTC\",0]","service":"preplyte-api","timestamp":"2026-02-14 01:27:50"}
{"level":"debug","message":"Duration: 7ms","service":"preplyte-api","timestamp":"2026-02-14 01:27:50"}
{"level":"debug","message":"Query: SELECT \"public\".\"machine_practice_sessions\".\"id\", \"public\".\"machine_practice_sessions\".\"createdAt\" FROM \"public\".\"machine_practice_sessions\" WHERE \"public\".\"machine_practice_sessions\".\"createdAt\" >= $1 OFFSET $2","service":"preplyte-api","timestamp":"2026-02-14 01:27:50"}
{"level":"debug","message":"Params: [\"2026-01-14 19:57:50.056 UTC\",0]","service":"preplyte-api","timestamp":"2026-02-14 01:27:50"}
{"level":"debug","message":"Duration: 7ms","service":"preplyte-api","timestamp":"2026-02-14 01:27:50"}
{"level":"debug","message":"Query: SELECT \"public\".\"ai_interview_sessions\".\"id\", \"public\".\"ai_interview_sessions\".\"createdAt\" FROM \"public\".\"ai_interview_sessions\" WHERE \"public\".\"ai_interview_sessions\".\"createdAt\" >= $1 OFFSET $2","service":"preplyte-api","timestamp":"2026-02-14 01:27:50"}
{"level":"debug","message":"Params: [\"2026-01-14 19:57:50.056 UTC\",0]","service":"preplyte-api","timestamp":"2026-02-14 01:27:50"}
{"level":"debug","message":"Duration: 8ms","service":"preplyte-api","timestamp":"2026-02-14 01:27:50"}
{"level":"info","message":"\u001b[0mGET /api/admin/analytics \u001b[32m200\u001b[0m 128.248 ms - -\u001b[0m","service":"preplyte-api","timestamp":"2026-02-14 01:27:50"}
{"level":"debug","message":"Query: SELECT \"public\".\"users\".\"id\", \"public\".\"users\".\"email\", \"public\".\"users\".\"role\"::text, \"public\".\"users\".\"instituteId\", \"public\".\"users\".\"isActive\", \"public\".\"users\".\"tokenVersion\" FROM \"public\".\"users\" WHERE (\"public\".\"users\".\"id\" = $1 AND 1=1) LIMIT $2 OFFSET $3","service":"preplyte-api","timestamp":"2026-02-14 01:27:50"}
{"level":"debug","message":"Params: [\"cmlksebqv0001chz5wzenqncs\",1,0]","service":"preplyte-api","timestamp":"2026-02-14 01:27:50"}
{"level":"debug","message":"Duration: 7ms","service":"preplyte-api","timestamp":"2026-02-14 01:27:50"}
{"level":"debug","message":"Query: SELECT COUNT(*) FROM (SELECT \"public\".\"institutes\".\"id\" FROM \"public\".\"institutes\" WHERE 1=1 OFFSET $1) AS \"sub\"","service":"preplyte-api","timestamp":"2026-02-14 01:27:50"}
{"level":"debug","message":"Params: [0]","service":"preplyte-api","timestamp":"2026-02-14 01:27:50"}
{"level":"debug","message":"Duration: 5ms","service":"preplyte-api","timestamp":"2026-02-14 01:27:50"}
{"level":"debug","message":"Query: SELECT \"public\".\"institutes\".\"id\", \"public\".\"institutes\".\"name\", \"public\".\"institutes\".\"domain\", \"public\".\"institutes\".\"isActive\", \"public\".\"institutes\".\"createdAt\", \"public\".\"institutes\".\"updatedAt\", COALESCE(\"aggr_selection_0_User\".\"_aggr_count_users\", 0) AS \"_aggr_count_users\" FROM \"public\".\"institutes\" LEFT JOIN (SELECT \"public\".\"users\".\"instituteId\", COUNT(*) AS \"_aggr_count_users\" FROM \"public\".\"users\" WHERE 1=1 GROUP BY \"public\".\"users\".\"instituteId\") AS \"aggr_selection_0_User\" ON (\"public\".\"institutes\".\"id\" = \"aggr_selection_0_User\".\"instituteId\") WHERE 1=1 ORDER BY \"public\".\"institutes\".\"createdAt\" DESC LIMIT $1 OFFSET $2","service":"preplyte-api","timestamp":"2026-02-14 01:27:50"}
{"level":"debug","message":"Params: [5,0]","service":"preplyte-api","timestamp":"2026-02-14 01:27:50"}
{"level":"debug","message":"Duration: 6ms","service":"preplyte-api","timestamp":"2026-02-14 01:27:50"}
{"level":"info","message":"\u001b[0mGET /api/admin/institutes?page=1&limit=5&sortBy=createdAt&sortOrder=desc \u001b[36m304\u001b[0m 26.269 ms - -\u001b[0m","service":"preplyte-api","timestamp":"2026-02-14 01:27:50"}
{"level":"debug","message":"Query: SELECT \"public\".\"users\".\"id\", \"public\".\"users\".\"email\", \"public\".\"users\".\"role\"::text, \"public\".\"users\".\"instituteId\", \"public\".\"users\".\"isActive\", \"public\".\"users\".\"tokenVersion\" FROM \"public\".\"users\" WHERE (\"public\".\"users\".\"id\" = $1 AND 1=1) LIMIT $2 OFFSET $3","service":"preplyte-api","timestamp":"2026-02-14 01:27:50"}
{"level":"debug","message":"Params: [\"cmlksebqv0001chz5wzenqncs\",1,0]","service":"preplyte-api","timestamp":"2026-02-14 01:27:50"}
{"level":"debug","message":"Duration: 0ms","service":"preplyte-api","timestamp":"2026-02-14 01:27:50"}
{"level":"debug","message":"Query: SELECT COUNT(*) FROM (SELECT \"public\".\"institutes\".\"id\" FROM \"public\".\"institutes\" WHERE 1=1 OFFSET $1) AS \"sub\"","service":"preplyte-api","timestamp":"2026-02-14 01:27:50"}
{"level":"debug","message":"Params: [0]","service":"preplyte-api","timestamp":"2026-02-14 01:27:50"}
{"level":"debug","message":"Duration: 0ms","service":"preplyte-api","timestamp":"2026-02-14 01:27:50"}
{"level":"debug","message":"Query: SELECT \"public\".\"institutes\".\"id\", \"public\".\"institutes\".\"name\", \"public\".\"institutes\".\"domain\", \"public\".\"institutes\".\"isActive\", \"public\".\"institutes\".\"createdAt\", \"public\".\"institutes\".\"updatedAt\", COALESCE(\"aggr_selection_0_User\".\"_aggr_count_users\", 0) AS \"_aggr_count_users\" FROM \"public\".\"institutes\" LEFT JOIN (SELECT \"public\".\"users\".\"instituteId\", COUNT(*) AS \"_aggr_count_users\" FROM \"public\".\"users\" WHERE 1=1 GROUP BY \"public\".\"users\".\"instituteId\") AS \"aggr_selection_0_User\" ON (\"public\".\"institutes\".\"id\" = \"aggr_selection_0_User\".\"instituteId\") WHERE 1=1 ORDER BY \"public\".\"institutes\".\"createdAt\" DESC LIMIT $1 OFFSET $2","service":"preplyte-api","timestamp":"2026-02-14 01:27:50"}
{"level":"debug","message":"Params: [10,0]","service":"preplyte-api","timestamp":"2026-02-14 01:27:50"}
{"level":"debug","message":"Duration: 1ms","service":"preplyte-api","timestamp":"2026-02-14 01:27:50"}
{"level":"info","message":"\u001b[0mGET /api/admin/institutes?page=1&limit=10&sortBy=createdAt&sortOrder=desc \u001b[36m304\u001b[0m 14.387 ms - -\u001b[0m","service":"preplyte-api","timestamp":"2026-02-14 01:27:50"}
{"level":"debug","message":"Query: SELECT \"public\".\"users\".\"id\", \"public\".\"users\".\"email\", \"public\".\"users\".\"role\"::text, \"public\".\"users\".\"instituteId\", \"public\".\"users\".\"isActive\", \"public\".\"users\".\"tokenVersion\" FROM \"public\".\"users\" WHERE (\"public\".\"users\".\"id\" = $1 AND 1=1) LIMIT $2 OFFSET $3","service":"preplyte-api","timestamp":"2026-02-14 01:27:50"}
{"level":"debug","message":"Params: [\"cmlksebqv0001chz5wzenqncs\",1,0]","service":"preplyte-api","timestamp":"2026-02-14 01:27:50"}
{"level":"debug","message":"Duration: 0ms","service":"preplyte-api","timestamp":"2026-02-14 01:27:50"}
{"level":"debug","message":"Query: SELECT COUNT(*), \"public\".\"institutes\".\"isActive\" FROM \"public\".\"institutes\" WHERE 1=1 GROUP BY \"public\".\"institutes\".\"isActive\" OFFSET $1","service":"preplyte-api","timestamp":"2026-02-14 01:27:50"}
{"level":"debug","message":"Params: [0]","service":"preplyte-api","timestamp":"2026-02-14 01:27:50"}
{"level":"debug","message":"Duration: 1ms","service":"preplyte-api","timestamp":"2026-02-14 01:27:50"}
{"level":"debug","message":"Query: SELECT COUNT(*), AVG(\"totalScore\") FROM (SELECT \"public\".\"aptitude_practice_sessions\".\"id\", \"public\".\"aptitude_practice_sessions\".\"totalScore\" FROM \"public\".\"aptitude_practice_sessions\" WHERE \"public\".\"aptitude_practice_sessions\".\"completedAt\" IS NOT NULL OFFSET $1) AS \"sub\"","service":"preplyte-api","timestamp":"2026-02-14 01:27:50"}
{"level":"debug","message":"Params: [0]","service":"preplyte-api","timestamp":"2026-02-14 01:27:50"}
{"level":"debug","message":"Duration: 1ms","service":"preplyte-api","timestamp":"2026-02-14 01:27:50"}
{"level":"debug","message":"Query: SELECT \"public\".\"users\".\"id\", \"public\".\"users\".\"createdAt\" FROM \"public\".\"users\" WHERE \"public\".\"users\".\"createdAt\" >= $1 OFFSET $2","service":"preplyte-api","timestamp":"2026-02-14 01:27:50"}
{"level":"debug","message":"Params: [\"2026-01-14 19:57:50.234 UTC\",0]","service":"preplyte-api","timestamp":"2026-02-14 01:27:50"}
{"level":"debug","message":"Duration: 1ms","service":"preplyte-api","timestamp":"2026-02-14 01:27:50"}
{"level":"debug","message":"Query: SELECT COUNT(*) FROM (SELECT \"public\".\"ai_interview_sessions\".\"id\" FROM \"public\".\"ai_interview_sessions\" WHERE 1=1 OFFSET $1) AS \"sub\"","service":"preplyte-api","timestamp":"2026-02-14 01:27:50"}
{"level":"debug","message":"Params: [0]","service":"preplyte-api","timestamp":"2026-02-14 01:27:50"}
{"level":"debug","message":"Duration: 1ms","service":"preplyte-api","timestamp":"2026-02-14 01:27:50"}
{"level":"debug","message":"Query: SELECT COUNT(*), \"public\".\"users\".\"role\"::text, \"public\".\"users\".\"isActive\" FROM \"public\".\"users\" WHERE 1=1 GROUP BY \"public\".\"users\".\"role\", \"public\".\"users\".\"isActive\" OFFSET $1","service":"preplyte-api","timestamp":"2026-02-14 01:27:50"}
{"level":"debug","message":"Params: [0]","service":"preplyte-api","timestamp":"2026-02-14 01:27:50"}
{"level":"debug","message":"Duration: 2ms","service":"preplyte-api","timestamp":"2026-02-14 01:27:50"}
{"level":"debug","message":"Query: SELECT \"public\".\"ai_interview_sessions\".\"id\", \"public\".\"ai_interview_sessions\".\"createdAt\" FROM \"public\".\"ai_interview_sessions\" WHERE \"public\".\"ai_interview_sessions\".\"createdAt\" >= $1 OFFSET $2","service":"preplyte-api","timestamp":"2026-02-14 01:27:50"}
{"level":"debug","message":"Params: [\"2026-01-14 19:57:50.234 UTC\",0]","service":"preplyte-api","timestamp":"2026-02-14 01:27:50"}
{"level":"debug","message":"Duration: 0ms","service":"preplyte-api","timestamp":"2026-02-14 01:27:50"}
{"level":"debug","message":"Query: SELECT COUNT(*) FROM (SELECT \"public\".\"aptitude_practice_sessions\".\"id\" FROM \"public\".\"aptitude_practice_sessions\" WHERE 1=1 OFFSET $1) AS \"sub\"","service":"preplyte-api","timestamp":"2026-02-14 01:27:50"}
{"level":"debug","message":"Params: [0]","service":"preplyte-api","timestamp":"2026-02-14 01:27:50"}
{"level":"debug","message":"Duration: 4ms","service":"preplyte-api","timestamp":"2026-02-14 01:27:50"}
{"level":"debug","message":"Query: SELECT COUNT(*) FROM (SELECT \"public\".\"machine_practice_sessions\".\"id\" FROM \"public\".\"machine_practice_sessions\" WHERE 1=1 OFFSET $1) AS \"sub\"","service":"preplyte-api","timestamp":"2026-02-14 01:27:50"}
{"level":"debug","message":"Params: [0]","service":"preplyte-api","timestamp":"2026-02-14 01:27:50"}
{"level":"debug","message":"Duration: 4ms","service":"preplyte-api","timestamp":"2026-02-14 01:27:50"}
{"level":"debug","message":"Query: SELECT AVG(\"overallScore\") FROM (SELECT \"public\".\"ai_interview_feedbacks\".\"overallScore\" FROM \"public\".\"ai_interview_feedbacks\" WHERE 1=1 OFFSET $1) AS \"sub\"","service":"preplyte-api","timestamp":"2026-02-14 01:27:50"}
{"level":"debug","message":"Params: [0]","service":"preplyte-api","timestamp":"2026-02-14 01:27:50"}
{"level":"debug","message":"Duration: 4ms","service":"preplyte-api","timestamp":"2026-02-14 01:27:50"}
{"level":"debug","message":"Query: SELECT \"public\".\"machine_practice_sessions\".\"id\", \"public\".\"machine_practice_sessions\".\"createdAt\" FROM \"public\".\"machine_practice_sessions\" WHERE \"public\".\"machine_practice_sessions\".\"createdAt\" >= $1 OFFSET $2","service":"preplyte-api","timestamp":"2026-02-14 01:27:50"}
{"level":"debug","message":"Params: [\"2026-01-14 19:57:50.234 UTC\",0]","service":"preplyte-api","timestamp":"2026-02-14 01:27:50"}
{"level":"debug","message":"Duration: 5ms","service":"preplyte-api","timestamp":"2026-02-14 01:27:50"}
{"level":"debug","message":"Query: SELECT COUNT(*), AVG(\"totalScore\") FROM (SELECT \"public\".\"machine_practice_sessions\".\"id\", \"public\".\"machine_practice_sessions\".\"totalScore\" FROM \"public\".\"machine_practice_sessions\" WHERE \"public\".\"machine_practice_sessions\".\"completedAt\" IS NOT NULL OFFSET $1) AS \"sub\"","service":"preplyte-api","timestamp":"2026-02-14 01:27:50"}
{"level":"debug","message":"Params: [0]","service":"preplyte-api","timestamp":"2026-02-14 01:27:50"}
{"level":"debug","message":"Duration: 4ms","service":"preplyte-api","timestamp":"2026-02-14 01:27:50"}
{"level":"debug","message":"Query: SELECT \"public\".\"aptitude_practice_sessions\".\"id\", \"public\".\"aptitude_practice_sessions\".\"createdAt\" FROM \"public\".\"aptitude_practice_sessions\" WHERE \"public\".\"aptitude_practice_sessions\".\"createdAt\" >= $1 OFFSET $2","service":"preplyte-api","timestamp":"2026-02-14 01:27:50"}
{"level":"debug","message":"Params: [\"2026-01-14 19:57:50.234 UTC\",0]","service":"preplyte-api","timestamp":"2026-02-14 01:27:50"}
{"level":"debug","message":"Duration: 5ms","service":"preplyte-api","timestamp":"2026-02-14 01:27:50"}
{"level":"debug","message":"Query: SELECT COUNT(*) FROM (SELECT \"public\".\"ai_interview_sessions\".\"id\" FROM \"public\".\"ai_interview_sessions\" WHERE \"public\".\"ai_interview_sessions\".\"status\" = CAST($1::text AS \"public\".\"AiInterviewSessionStatus\") OFFSET $2) AS \"sub\"","service":"preplyte-api","timestamp":"2026-02-14 01:27:50"}
{"level":"debug","message":"Params: [\"COMPLETED\",0]","service":"preplyte-api","timestamp":"2026-02-14 01:27:50"}
{"level":"debug","message":"Duration: 7ms","service":"preplyte-api","timestamp":"2026-02-14 01:27:50"}
{"level":"info","message":"\u001b[0mGET /api/admin/analytics \u001b[36m304\u001b[0m 43.923 ms - -\u001b[0m","service":"preplyte-api","timestamp":"2026-02-14 01:27:50"}
{"level":"debug","message":"Query: SELECT \"public\".\"users\".\"id\", \"public\".\"users\".\"email\", \"public\".\"users\".\"role\"::text, \"public\".\"users\".\"instituteId\", \"public\".\"users\".\"isActive\", \"public\".\"users\".\"tokenVersion\" FROM \"public\".\"users\" WHERE (\"public\".\"users\".\"id\" = $1 AND 1=1) LIMIT $2 OFFSET $3","service":"preplyte-api","timestamp":"2026-02-14 01:27:50"}
{"level":"debug","message":"Params: [\"cmlksebqv0001chz5wzenqncs\",1,0]","service":"preplyte-api","timestamp":"2026-02-14 01:27:50"}
{"level":"debug","message":"Duration: 8ms","service":"preplyte-api","timestamp":"2026-02-14 01:27:50"}
{"level":"debug","message":"Query: SELECT COUNT(*) FROM (SELECT \"public\".\"institutes\".\"id\" FROM \"public\".\"institutes\" WHERE 1=1 OFFSET $1) AS \"sub\"","service":"preplyte-api","timestamp":"2026-02-14 01:27:50"}
{"level":"debug","message":"Params: [0]","service":"preplyte-api","timestamp":"2026-02-14 01:27:50"}
{"level":"debug","message":"Duration: 6ms","service":"preplyte-api","timestamp":"2026-02-14 01:27:50"}
{"level":"debug","message":"Query: SELECT \"public\".\"institutes\".\"id\", \"public\".\"institutes\".\"name\", \"public\".\"institutes\".\"domain\", \"public\".\"institutes\".\"isActive\", \"public\".\"institutes\".\"createdAt\", \"public\".\"institutes\".\"updatedAt\", COALESCE(\"aggr_selection_0_User\".\"_aggr_count_users\", 0) AS \"_aggr_count_users\" FROM \"public\".\"institutes\" LEFT JOIN (SELECT \"public\".\"users\".\"instituteId\", COUNT(*) AS \"_aggr_count_users\" FROM \"public\".\"users\" WHERE 1=1 GROUP BY \"public\".\"users\".\"instituteId\") AS \"aggr_selection_0_User\" ON (\"public\".\"institutes\".\"id\" = \"aggr_selection_0_User\".\"instituteId\") WHERE 1=1 ORDER BY \"public\".\"institutes\".\"createdAt\" DESC LIMIT $1 OFFSET $2","service":"preplyte-api","timestamp":"2026-02-14 01:27:50"}
{"level":"debug","message":"Params: [5,0]","service":"preplyte-api","timestamp":"2026-02-14 01:27:50"}
{"level":"debug","message":"Duration: 7ms","service":"preplyte-api","timestamp":"2026-02-14 01:27:50"}
{"level":"info","message":"\u001b[0mGET /api/admin/institutes?page=1&limit=5&sortBy=createdAt&sortOrder=desc \u001b[36m304\u001b[0m 28.819 ms - -\u001b[0m","service":"preplyte-api","timestamp":"2026-02-14 01:27:50"}
{"level":"info","message":"\u001b[0mGET /api/dashboard/student \u001b[33m401\u001b[0m 3.217 ms - 108\u001b[0m","service":"preplyte-api","timestamp":"2026-02-14 01:44:22"}
{"level":"info","message":"\u001b[0mGET /api/admin/analytics \u001b[33m401\u001b[0m 1.743 ms - 108\u001b[0m","service":"preplyte-api","timestamp":"2026-02-14 01:44:22"}
{"level":"info","message":"\u001b[0mGET /api/admin/institutes?page=1&limit=5&sortBy=createdAt&sortOrder=desc \u001b[33m401\u001b[0m 2.611 ms - 108\u001b[0m","service":"preplyte-api","timestamp":"2026-02-14 01:44:22"}
{"level":"debug","message":"Query: SELECT \"public\".\"refresh_tokens\".\"id\", \"public\".\"refresh_tokens\".\"token\", \"public\".\"refresh_tokens\".\"userId\", \"public\".\"refresh_tokens\".\"expiresAt\", \"public\".\"refresh_tokens\".\"revokedAt\", \"public\".\"refresh_tokens\".\"userAgent\", \"public\".\"refresh_tokens\".\"ipAddress\", \"public\".\"refresh_tokens\".\"createdAt\" FROM \"public\".\"refresh_tokens\" WHERE (\"public\".\"refresh_tokens\".\"token\" = $1 AND \"public\".\"refresh_tokens\".\"userId\" = $2) LIMIT $3 OFFSET $4","service":"preplyte-api","timestamp":"2026-02-14 01:44:22"}
{"level":"debug","message":"Params: [\"1f2ddf885f8096e2e49f9ef2c8ccd4874c918a7d28dc92cd159f453270ab96f5\",\"cmlksg3yz0005chz5d93pvzi8\",1,0]","service":"preplyte-api","timestamp":"2026-02-14 01:44:22"}
{"level":"debug","message":"Duration: 8ms","service":"preplyte-api","timestamp":"2026-02-14 01:44:22"}
{"level":"debug","message":"Query: SELECT \"public\".\"users\".\"id\", \"public\".\"users\".\"email\", \"public\".\"users\".\"password\", \"public\".\"users\".\"name\", \"public\".\"users\".\"role\"::text, \"public\".\"users\".\"isActive\", \"public\".\"users\".\"instituteId\", \"public\".\"users\".\"createdAt\", \"public\".\"users\".\"updatedAt\", \"public\".\"users\".\"lastLoginAt\", \"public\".\"users\".\"tokenVersion\" FROM \"public\".\"users\" WHERE (\"public\".\"users\".\"id\" = $1 AND 1=1) LIMIT $2 OFFSET $3","service":"preplyte-api","timestamp":"2026-02-14 01:44:22"}
{"level":"debug","message":"Params: [\"cmlksg3yz0005chz5d93pvzi8\",1,0]","service":"preplyte-api","timestamp":"2026-02-14 01:44:22"}
{"level":"debug","message":"Duration: 9ms","service":"preplyte-api","timestamp":"2026-02-14 01:44:22"}
{"level":"debug","message":"Query: BEGIN","service":"preplyte-api","timestamp":"2026-02-14 01:44:22"}
{"level":"debug","message":"Params: []","service":"preplyte-api","timestamp":"2026-02-14 01:44:22"}
{"level":"debug","message":"Duration: 0ms","service":"preplyte-api","timestamp":"2026-02-14 01:44:22"}
{"level":"debug","message":"Query: UPDATE \"public\".\"refresh_tokens\" SET \"revokedAt\" = $1 WHERE (\"public\".\"refresh_tokens\".\"id\" = $2 AND 1=1) RETURNING \"public\".\"refresh_tokens\".\"id\", \"public\".\"refresh_tokens\".\"token\", \"public\".\"refresh_tokens\".\"userId\", \"public\".\"refresh_tokens\".\"expiresAt\", \"public\".\"refresh_tokens\".\"revokedAt\", \"public\".\"refresh_tokens\".\"userAgent\", \"public\".\"refresh_tokens\".\"ipAddress\", \"public\".\"refresh_tokens\".\"createdAt\"","service":"preplyte-api","timestamp":"2026-02-14 01:44:22"}
{"level":"debug","message":"Params: [\"2026-02-13 20:14:22.868 UTC\",\"cmllb1pl60001337xukg6is2i\"]","service":"preplyte-api","timestamp":"2026-02-14 01:44:22"}
{"level":"debug","message":"Duration: 3ms","service":"preplyte-api","timestamp":"2026-02-14 01:44:22"}
{"level":"debug","message":"Query: INSERT INTO \"public\".\"refresh_tokens\" (\"id\",\"token\",\"userId\",\"expiresAt\",\"createdAt\") VALUES ($1,$2,$3,$4,$5) RETURNING \"public\".\"refresh_tokens\".\"id\", \"public\".\"refresh_tokens\".\"token\", \"public\".\"refresh_tokens\".\"userId\", \"public\".\"refresh_tokens\".\"expiresAt\", \"public\".\"refresh_tokens\".\"revokedAt\", \"public\".\"refresh_tokens\".\"userAgent\", \"public\".\"refresh_tokens\".\"ipAddress\", \"public\".\"refresh_tokens\".\"createdAt\"","service":"preplyte-api","timestamp":"2026-02-14 01:44:22"}
{"level":"debug","message":"Params: [\"cmllbt40o0007337xmyz7cyur\",\"d871d71969ea113bc5a6124e3941ec0dfe7319e1c15e7eaa6e1b5eba3a00a962\",\"cmlksg3yz0005chz5d93pvzi8\",\"2026-02-20 20:14:22.868 UTC\",\"2026-02-13 20:14:22.871 UTC\"]","service":"preplyte-api","timestamp":"2026-02-14 01:44:22"}
{"level":"debug","message":"Duration: 2ms","service":"preplyte-api","timestamp":"2026-02-14 01:44:22"}
{"level":"debug","message":"Query: COMMIT","service":"preplyte-api","timestamp":"2026-02-14 01:44:22"}
{"level":"debug","message":"Params: []","service":"preplyte-api","timestamp":"2026-02-14 01:44:22"}
{"level":"debug","message":"Duration: 2ms","service":"preplyte-api","timestamp":"2026-02-14 01:44:22"}
{"level":"info","message":"Token refreshed successfully","service":"preplyte-api","timestamp":"2026-02-14 01:44:22","userId":"cmlksg3yz0005chz5d93pvzi8"}
{"level":"info","message":"\u001b[0mPOST /api/auth/refresh \u001b[32m200\u001b[0m 173.540 ms - 932\u001b[0m","service":"preplyte-api","timestamp":"2026-02-14 01:44:22"}
{"level":"debug","message":"Query: SELECT \"public\".\"refresh_tokens\".\"id\", \"public\".\"refresh_tokens\".\"token\", \"public\".\"refresh_tokens\".\"userId\", \"public\".\"refresh_tokens\".\"expiresAt\", \"public\".\"refresh_tokens\".\"revokedAt\", \"public\".\"refresh_tokens\".\"userAgent\", \"public\".\"refresh_tokens\".\"ipAddress\", \"public\".\"refresh_tokens\".\"createdAt\" FROM \"public\".\"refresh_tokens\" WHERE (\"public\".\"refresh_tokens\".\"token\" = $1 AND \"public\".\"refresh_tokens\".\"userId\" = $2) LIMIT $3 OFFSET $4","service":"preplyte-api","timestamp":"2026-02-14 01:44:22"}
{"level":"debug","message":"Params: [\"f5cde60085a7d67bb454bee6b09fd03b01cc6e8d4bd5b4c144d33533ac30e667\",\"cmlksebqv0001chz5wzenqncs\",1,0]","service":"preplyte-api","timestamp":"2026-02-14 01:44:22"}
{"level":"debug","message":"Duration: 0ms","service":"preplyte-api","timestamp":"2026-02-14 01:44:22"}
{"level":"debug","message":"Query: SELECT \"public\".\"users\".\"id\", \"public\".\"users\".\"email\", \"public\".\"users\".\"role\"::text, \"public\".\"users\".\"instituteId\", \"public\".\"users\".\"isActive\", \"public\".\"users\".\"tokenVersion\" FROM \"public\".\"users\" WHERE (\"public\".\"users\".\"id\" = $1 AND 1=1) LIMIT $2 OFFSET $3","service":"preplyte-api","timestamp":"2026-02-14 01:44:22"}
{"level":"debug","message":"Params: [\"cmlksg3yz0005chz5d93pvzi8\",1,0]","service":"preplyte-api","timestamp":"2026-02-14 01:44:22"}
{"level":"debug","message":"Duration: 1ms","service":"preplyte-api","timestamp":"2026-02-14 01:44:22"}
{"level":"debug","message":"[DashboardService] Fetching student dashboard","service":"preplyte-api","timestamp":"2026-02-14 01:44:22","userId":"cmlksg3yz0005chz5d93pvzi8"}
{"level":"debug","message":"Query: SELECT \"public\".\"users\".\"id\", \"public\".\"users\".\"email\", \"public\".\"users\".\"password\", \"public\".\"users\".\"name\", \"public\".\"users\".\"role\"::text, \"public\".\"users\".\"isActive\", \"public\".\"users\".\"instituteId\", \"public\".\"users\".\"createdAt\", \"public\".\"users\".\"updatedAt\", \"public\".\"users\".\"lastLoginAt\", \"public\".\"users\".\"tokenVersion\" FROM \"public\".\"users\" WHERE (\"public\".\"users\".\"id\" = $1 AND 1=1) LIMIT $2 OFFSET $3","service":"preplyte-api","timestamp":"2026-02-14 01:44:22"}
{"level":"debug","message":"Params: [\"cmlksebqv0001chz5wzenqncs\",1,0]","service":"preplyte-api","timestamp":"2026-02-14 01:44:22"}
{"level":"debug","message":"Duration: 0ms","service":"preplyte-api","timestamp":"2026-02-14 01:44:22"}
{"level":"debug","message":"Query: SELECT \"public\".\"machine_practice_sessions\".\"id\", \"public\".\"machine_practice_sessions\".\"completedAt\", \"public\".\"machine_practice_sessions\".\"totalSolved\", \"public\".\"machine_practice_sessions\".\"numberOfQuestions\" FROM \"public\".\"machine_practice_sessions\" WHERE \"public\".\"machine_practice_sessions\".\"userId\" = $1 OFFSET $2","service":"preplyte-api","timestamp":"2026-02-14 01:44:23"}
{"level":"debug","message":"Params: [\"cmlksg3yz0005chz5d93pvzi8\",0]","service":"preplyte-api","timestamp":"2026-02-14 01:44:23"}
{"level":"debug","message":"Duration: 6ms","service":"preplyte-api","timestamp":"2026-02-14 01:44:23"}
{"level":"debug","message":"Query: BEGIN","service":"preplyte-api","timestamp":"2026-02-14 01:44:23"}
{"level":"debug","message":"Params: []","service":"preplyte-api","timestamp":"2026-02-14 01:44:23"}
{"level":"debug","message":"Duration: 2ms","service":"preplyte-api","timestamp":"2026-02-14 01:44:23"}
{"level":"debug","message":"Query: UPDATE \"public\".\"refresh_tokens\" SET \"revokedAt\" = $1 WHERE (\"public\".\"refresh_tokens\".\"id\" = $2 AND 1=1) RETURNING \"public\".\"refresh_tokens\".\"id\", \"public\".\"refresh_tokens\".\"token\", \"public\".\"refresh_tokens\".\"userId\", \"public\".\"refresh_tokens\".\"expiresAt\", \"public\".\"refresh_tokens\".\"revokedAt\", \"public\".\"refresh_tokens\".\"userAgent\", \"public\".\"refresh_tokens\".\"ipAddress\", \"public\".\"refresh_tokens\".\"createdAt\"","service":"preplyte-api","timestamp":"2026-02-14 01:44:23"}
{"level":"debug","message":"Params: [\"2026-02-13 20:14:23.020 UTC\",\"cmllb7p2e0005337xnfe0e3cg\"]","service":"preplyte-api","timestamp":"2026-02-14 01:44:23"}
{"level":"debug","message":"Duration: 1ms","service":"preplyte-api","timestamp":"2026-02-14 01:44:23"}
{"level":"debug","message":"Query: INSERT INTO \"public\".\"refresh_tokens\" (\"id\",\"token\",\"userId\",\"expiresAt\",\"createdAt\") VALUES ($1,$2,$3,$4,$5) RETURNING \"public\".\"refresh_tokens\".\"id\", \"public\".\"refresh_tokens\".\"token\", \"public\".\"refresh_tokens\".\"userId\", \"public\".\"refresh_tokens\".\"expiresAt\", \"public\".\"refresh_tokens\".\"revokedAt\", \"public\".\"refresh_tokens\".\"userAgent\", \"public\".\"refresh_tokens\".\"ipAddress\", \"public\".\"refresh_tokens\".\"createdAt\"","service":"preplyte-api","timestamp":"2026-02-14 01:44:23"}
{"level":"debug","message":"Params: [\"cmllbt44w0009337xsefuafie\",\"25f6f7e1a82b26b34b6ad8172a474817660658f8f88bd6dee5c0ddf1a786d138\",\"cmlksebqv0001chz5wzenqncs\",\"2026-02-20 20:14:23.021 UTC\",\"2026-02-13 20:14:23.022 UTC\"]","service":"preplyte-api","timestamp":"2026-02-14 01:44:23"}
{"level":"debug","message":"Duration: 15ms","service":"preplyte-api","timestamp":"2026-02-14 01:44:23"}
{"level":"debug","message":"Query: COMMIT","service":"preplyte-api","timestamp":"2026-02-14 01:44:23"}
{"level":"debug","message":"Params: []","service":"preplyte-api","timestamp":"2026-02-14 01:44:23"}
{"level":"debug","message":"Duration: 0ms","service":"preplyte-api","timestamp":"2026-02-14 01:44:23"}
{"level":"debug","message":"Query: SELECT \"public\".\"machine_practice_sessions\".\"id\", \"public\".\"machine_practice_sessions\".\"difficulty\"::text, \"public\".\"machine_practice_sessions\".\"totalSolved\", \"public\".\"machine_practice_sessions\".\"numberOfQuestions\", \"public\".\"machine_practice_sessions\".\"completedAt\" FROM \"public\".\"machine_practice_sessions\" WHERE (\"public\".\"machine_practice_sessions\".\"userId\" = $1 AND \"public\".\"machine_practice_sessions\".\"completedAt\" IS NOT NULL) ORDER BY \"public\".\"machine_practice_sessions\".\"completedAt\" DESC LIMIT $2 OFFSET $3","service":"preplyte-api","timestamp":"2026-02-14 01:44:23"}
{"level":"debug","message":"Params: [\"cmlksg3yz0005chz5d93pvzi8\",5,0]","service":"preplyte-api","timestamp":"2026-02-14 01:44:23"}
{"level":"debug","message":"Duration: 5ms","service":"preplyte-api","timestamp":"2026-02-14 01:44:23"}
{"level":"debug","message":"Query: SELECT \"public\".\"aptitude_practice_sessions\".\"id\", \"public\".\"aptitude_practice_sessions\".\"difficulty\"::text, \"public\".\"aptitude_practice_sessions\".\"totalScore\", \"public\".\"aptitude_practice_sessions\".\"numberOfQuestions\", \"public\".\"aptitude_practice_sessions\".\"completedAt\", \"public\".\"aptitude_practice_sessions\".\"questionTypes\"::text[] FROM \"public\".\"aptitude_practice_sessions\" WHERE (\"public\".\"aptitude_practice_sessions\".\"userId\" = $1 AND \"public\".\"aptitude_practice_sessions\".\"completedAt\" IS NOT NULL) ORDER BY \"public\".\"aptitude_practice_sessions\".\"completedAt\" DESC LIMIT $2 OFFSET $3","service":"preplyte-api","timestamp":"2026-02-14 01:44:23"}
{"level":"debug","message":"Params: [\"cmlksg3yz0005chz5d93pvzi8\",5,0]","service":"preplyte-api","timestamp":"2026-02-14 01:44:23"}
{"level":"debug","message":"Duration: 6ms","service":"preplyte-api","timestamp":"2026-02-14 01:44:23"}
{"level":"debug","message":"Query: SELECT \"public\".\"aptitude_practice_sessions\".\"id\", \"public\".\"aptitude_practice_sessions\".\"completedAt\", \"public\".\"aptitude_practice_sessions\".\"totalScore\", \"public\".\"aptitude_practice_sessions\".\"numberOfQuestions\" FROM \"public\".\"aptitude_practice_sessions\" WHERE \"public\".\"aptitude_practice_sessions\".\"userId\" = $1 OFFSET $2","service":"preplyte-api","timestamp":"2026-02-14 01:44:23"}
{"level":"debug","message":"Params: [\"cmlksg3yz0005chz5d93pvzi8\",0]","service":"preplyte-api","timestamp":"2026-02-14 01:44:23"}
{"level":"debug","message":"Duration: 7ms","service":"preplyte-api","timestamp":"2026-02-14 01:44:23"}
{"level":"debug","message":"Query: SELECT \"public\".\"ai_interview_sessions\".\"id\", \"public\".\"ai_interview_sessions\".\"status\"::text FROM \"public\".\"ai_interview_sessions\" WHERE \"public\".\"ai_interview_sessions\".\"userId\" = $1 OFFSET $2","service":"preplyte-api","timestamp":"2026-02-14 01:44:23"}
{"level":"debug","message":"Params: [\"cmlksg3yz0005chz5d93pvzi8\",0]","service":"preplyte-api","timestamp":"2026-02-14 01:44:23"}
{"level":"debug","message":"Duration: 5ms","service":"preplyte-api","timestamp":"2026-02-14 01:44:23"}
{"level":"debug","message":"Query: SELECT \"public\".\"lms_enrollments\".\"id\", \"public\".\"lms_enrollments\".\"userId\", \"public\".\"lms_enrollments\".\"courseId\", \"public\".\"lms_enrollments\".\"status\"::text, \"public\".\"lms_enrollments\".\"completedModules\", \"public\".\"lms_enrollments\".\"completedTopics\", \"public\".\"lms_enrollments\".\"progressPercent\", \"public\".\"lms_enrollments\".\"totalPointsEarned\", \"public\".\"lms_enrollments\".\"moduleTestPointsEarned\", \"public\".\"lms_enrollments\".\"finalTestPointsEarned\", \"public\".\"lms_enrollments\".\"finalTestAttempted\", \"public\".\"lms_enrollments\".\"finalTestPassed\", \"public\".\"lms_enrollments\".\"finalTestScore\", \"public\".\"lms_enrollments\".\"finalTestMarks\", \"public\".\"lms_enrollments\".\"enrolledAt\", \"public\".\"lms_enrollments\".\"startedAt\", \"public\".\"lms_enrollments\".\"completedAt\", \"public\".\"lms_enrollments\".\"lastAccessedAt\", \"public\".\"lms_enrollments\".\"certificateUrl\", \"public\".\"lms_enrollments\".\"certificateIssuedAt\", \"public\".\"lms_enrollments\".\"createdAt\", \"public\".\"lms_enrollments\".\"updatedAt\" FROM \"public\".\"lms_enrollments\" WHERE \"public\".\"lms_enrollments\".\"userId\" = $1 OFFSET $2","service":"preplyte-api","timestamp":"2026-02-14 01:44:23"}
{"level":"debug","message":"Params: [\"cmlksg3yz0005chz5d93pvzi8\",0]","service":"preplyte-api","timestamp":"2026-02-14 01:44:23"}
{"level":"debug","message":"Duration: 24ms","service":"preplyte-api","timestamp":"2026-02-14 01:44:23"}
{"level":"debug","message":"Query: SELECT \"public\".\"lms_courses\".\"id\", \"public\".\"lms_courses\".\"totalHours\", \"public\".\"lms_courses\".\"totalPoints\" FROM \"public\".\"lms_courses\" WHERE \"public\".\"lms_courses\".\"id\" IN ($1,$2) OFFSET $3","service":"preplyte-api","timestamp":"2026-02-14 01:44:23"}
{"level":"debug","message":"Params: [\"cmlkt4pth0007yv6bvydorxj0\",\"cmlku48wi000e6pa9yrdyr6yi\",0]","service":"preplyte-api","timestamp":"2026-02-14 01:44:23"}
{"level":"debug","message":"Duration: 6ms","service":"preplyte-api","timestamp":"2026-02-14 01:44:23"}
{"level":"debug","message":"Query: SELECT \"public\".\"ai_interview_sessions\".\"id\", \"public\".\"ai_interview_sessions\".\"difficulty\"::text, \"public\".\"ai_interview_sessions\".\"jobTitle\", \"public\".\"ai_interview_sessions\".\"completedAt\" FROM \"public\".\"ai_interview_sessions\" WHERE (\"public\".\"ai_interview_sessions\".\"userId\" = $1 AND \"public\".\"ai_interview_sessions\".\"status\" = CAST($2::text AS \"public\".\"AiInterviewSessionStatus\")) ORDER BY \"public\".\"ai_interview_sessions\".\"completedAt\" DESC LIMIT $3 OFFSET $4","service":"preplyte-api","timestamp":"2026-02-14 01:44:23"}
{"level":"debug","message":"Params: [\"cmlksg3yz0005chz5d93pvzi8\",\"COMPLETED\",5,0]","service":"preplyte-api","timestamp":"2026-02-14 01:44:23"}
{"level":"debug","message":"Duration: 7ms","service":"preplyte-api","timestamp":"2026-02-14 01:44:23"}
{"level":"debug","message":"Query: SELECT \"public\".\"lms_enrollments\".\"id\", \"public\".\"lms_enrollments\".\"userId\", \"public\".\"lms_enrollments\".\"courseId\", \"public\".\"lms_enrollments\".\"status\"::text, \"public\".\"lms_enrollments\".\"completedModules\", \"public\".\"lms_enrollments\".\"completedTopics\", \"public\".\"lms_enrollments\".\"progressPercent\", \"public\".\"lms_enrollments\".\"totalPointsEarned\", \"public\".\"lms_enrollments\".\"moduleTestPointsEarned\", \"public\".\"lms_enrollments\".\"finalTestPointsEarned\", \"public\".\"lms_enrollments\".\"finalTestAttempted\", \"public\".\"lms_enrollments\".\"finalTestPassed\", \"public\".\"lms_enrollments\".\"finalTestScore\", \"public\".\"lms_enrollments\".\"finalTestMarks\", \"public\".\"lms_enrollments\".\"enrolledAt\", \"public\".\"lms_enrollments\".\"startedAt\", \"public\".\"lms_enrollments\".\"completedAt\", \"public\".\"lms_enrollments\".\"lastAccessedAt\", \"public\".\"lms_enrollments\".\"certificateUrl\", \"public\".\"lms_enrollments\".\"certificateIssuedAt\", \"public\".\"lms_enrollments\".\"createdAt\", \"public\".\"lms_enrollments\".\"updatedAt\" FROM \"public\".\"lms_enrollments\" WHERE (\"public\".\"lms_enrollments\".\"userId\" = $1 AND \"public\".\"lms_enrollments\".\"enrolledAt\" >= $2) ORDER BY \"public\".\"lms_enrollments\".\"enrolledAt\" DESC LIMIT $3 OFFSET $4","service":"preplyte-api","timestamp":"2026-02-14 01:44:23"}
{"level":"debug","message":"Params: [\"cmlksg3yz0005chz5d93pvzi8\",\"2026-01-14 18:30:00 UTC\",5,0]","service":"preplyte-api","timestamp":"2026-02-14 01:44:23"}
{"level":"debug","message":"Duration: 8ms","service":"preplyte-api","timestamp":"2026-02-14 01:44:23"}
{"level":"debug","message":"Query: SELECT \"public\".\"mock_drive_registrations\".\"id\", \"public\".\"mock_drive_registrations\".\"mockDriveId\", \"public\".\"mock_drive_registrations\".\"userId\", \"public\".\"mock_drive_registrations\".\"status\"::text, \"public\".\"mock_drive_registrations\".\"eligibilityCheckResult\", \"public\".\"mock_drive_registrations\".\"adminNotes\", \"public\".\"mock_drive_registrations\".\"batchId\", \"public\".\"mock_drive_registrations\".\"registeredAt\", \"public\".\"mock_drive_registrations\".\"reviewedAt\", \"public\".\"mock_drive_registrations\".\"reviewedBy\", \"public\".\"mock_drive_registrations\".\"createdAt\", \"public\".\"mock_drive_registrations\".\"updatedAt\" FROM \"public\".\"mock_drive_registrations\" LEFT JOIN \"public\".\"mock_drives\" AS \"orderby_1\" ON (\"orderby_1\".\"id\") = (\"public\".\"mock_drive_registrations\".\"mockDriveId\") LEFT JOIN \"public\".\"mock_drives\" AS \"j1\" ON (\"j1\".\"id\") = (\"public\".\"mock_drive_registrations\".\"mockDriveId\") WHERE (\"public\".\"mock_drive_registrations\".\"userId\" = $1 AND \"public\".\"mock_drive_registrations\".\"status\" = CAST($2::text AS \"public\".\"MockDriveRegistrationStatus\") AND (\"j1\".\"status\" IN (CAST($3::text AS \"public\".\"MockDriveStatus\"),CAST($4::text AS \"public\".\"MockDriveStatus\"),CAST($5::text AS \"public\".\"MockDriveStatus\")) AND \"j1\".\"driveStartDate\" > $6 AND (\"j1\".\"id\" IS NOT NULL))) ORDER BY \"orderby_1\".\"driveStartDate\" ASC LIMIT $7 OFFSET $8","service":"preplyte-api","timestamp":"2026-02-14 01:44:23"}
{"level":"debug","message":"Params: [\"cmlksg3yz0005chz5d93pvzi8\",\"APPROVED\",\"PUBLISHED\",\"REGISTRATION_OPEN\",\"REGISTRATION_CLOSED\",\"2026-02-13 20:14:22.964 UTC\",5,0]","service":"preplyte-api","timestamp":"2026-02-14 01:44:23"}
{"level":"debug","message":"Duration: 14ms","service":"preplyte-api","timestamp":"2026-02-14 01:44:23"}
{"level":"debug","message":"Query: SELECT \"public\".\"lms_courses\".\"id\", \"public\".\"lms_courses\".\"title\", \"public\".\"lms_courses\".\"slug\" FROM \"public\".\"lms_courses\" WHERE \"public\".\"lms_courses\".\"id\" IN ($1,$2) OFFSET $3","service":"preplyte-api","timestamp":"2026-02-14 01:44:23"}
{"level":"debug","message":"Params: [\"cmlku48wi000e6pa9yrdyr6yi\",\"cmlkt4pth0007yv6bvydorxj0\",0]","service":"preplyte-api","timestamp":"2026-02-14 01:44:23"}
{"level":"debug","message":"Duration: 7ms","service":"preplyte-api","timestamp":"2026-02-14 01:44:23"}
{"level":"debug","message":"Query: SELECT \"public\".\"lms_enrollments\".\"id\", \"public\".\"lms_enrollments\".\"userId\", \"public\".\"lms_enrollments\".\"courseId\", \"public\".\"lms_enrollments\".\"status\"::text, \"public\".\"lms_enrollments\".\"completedModules\", \"public\".\"lms_enrollments\".\"completedTopics\", \"public\".\"lms_enrollments\".\"progressPercent\", \"public\".\"lms_enrollments\".\"totalPointsEarned\", \"public\".\"lms_enrollments\".\"moduleTestPointsEarned\", \"public\".\"lms_enrollments\".\"finalTestPointsEarned\", \"public\".\"lms_enrollments\".\"finalTestAttempted\", \"public\".\"lms_enrollments\".\"finalTestPassed\", \"public\".\"lms_enrollments\".\"finalTestScore\", \"public\".\"lms_enrollments\".\"finalTestMarks\", \"public\".\"lms_enrollments\".\"enrolledAt\", \"public\".\"lms_enrollments\".\"startedAt\", \"public\".\"lms_enrollments\".\"completedAt\", \"public\".\"lms_enrollments\".\"lastAccessedAt\", \"public\".\"lms_enrollments\".\"certificateUrl\", \"public\".\"lms_enrollments\".\"certificateIssuedAt\", \"public\".\"lms_enrollments\".\"createdAt\", \"public\".\"lms_enrollments\".\"updatedAt\" FROM \"public\".\"lms_enrollments\" WHERE \"public\".\"lms_enrollments\".\"userId\" = $1 ORDER BY \"public\".\"lms_enrollments\".\"lastAccessedAt\" DESC OFFSET $2","service":"preplyte-api","timestamp":"2026-02-14 01:44:23"}
{"level":"debug","message":"Params: [\"cmlksg3yz0005chz5d93pvzi8\",0]","service":"preplyte-api","timestamp":"2026-02-14 01:44:23"}
{"level":"debug","message":"Duration: 6ms","service":"preplyte-api","timestamp":"2026-02-14 01:44:23"}
{"level":"debug","message":"Query: SELECT \"public\".\"lms_enrollments\".\"id\", \"public\".\"lms_enrollments\".\"courseId\" FROM \"public\".\"lms_enrollments\" WHERE \"public\".\"lms_enrollments\".\"userId\" = $1 OFFSET $2","service":"preplyte-api","timestamp":"2026-02-14 01:44:23"}
{"level":"debug","message":"Params: [\"cmlksg3yz0005chz5d93pvzi8\",0]","service":"preplyte-api","timestamp":"2026-02-14 01:44:23"}
{"level":"debug","message":"Duration: 6ms","service":"preplyte-api","timestamp":"2026-02-14 01:44:23"}
{"level":"debug","message":"Query: SELECT \"public\".\"lms_courses\".\"id\", \"public\".\"lms_courses\".\"categoryId\", \"public\".\"lms_courses\".\"title\", \"public\".\"lms_courses\".\"slug\", \"public\".\"lms_courses\".\"shortDescription\", \"public\".\"lms_courses\".\"description\", \"public\".\"lms_courses\".\"thumbnailUrl\", \"public\".\"lms_courses\".\"previewVideoUrl\", \"public\".\"lms_courses\".\"totalModules\", \"public\".\"lms_courses\".\"totalTopics\", \"public\".\"lms_courses\".\"totalPoints\", \"public\".\"lms_courses\".\"totalHours\", \"public\".\"lms_courses\".\"price\", \"public\".\"lms_courses\".\"discountPrice\", \"public\".\"lms_courses\".\"currency\", \"public\".\"lms_courses\".\"status\"::text, \"public\".\"lms_courses\".\"isActive\", \"public\".\"lms_courses\".\"certificateEnabled\", \"public\".\"lms_courses\".\"passingPercentage\", \"public\".\"lms_courses\".\"tags\", \"public\".\"lms_courses\".\"difficulty\"::text, \"public\".\"lms_courses\".\"instructor\", \"public\".\"lms_courses\".\"language\", \"public\".\"lms_courses\".\"averageRating\", \"public\".\"lms_courses\".\"ratingsCount\", \"public\".\"lms_courses\".\"createdAt\", \"public\".\"lms_courses\".\"updatedAt\", \"public\".\"lms_courses\".\"publishedAt\" FROM \"public\".\"lms_courses\" WHERE \"public\".\"lms_courses\".\"id\" IN ($1,$2) OFFSET $3","service":"preplyte-api","timestamp":"2026-02-14 01:44:23"}
{"level":"debug","message":"Params: [\"cmlku48wi000e6pa9yrdyr6yi\",\"cmlkt4pth0007yv6bvydorxj0\",0]","service":"preplyte-api","timestamp":"2026-02-14 01:44:23"}
{"level":"debug","message":"Duration: 7ms","service":"preplyte-api","timestamp":"2026-02-14 01:44:23"}
{"level":"debug","message":"Query: SELECT \"public\".\"lms_categories\".\"id\", \"public\".\"lms_categories\".\"name\" FROM \"public\".\"lms_categories\" WHERE \"public\".\"lms_categories\".\"id\" IN ($1) OFFSET $2","service":"preplyte-api","timestamp":"2026-02-14 01:44:23"}
{"level":"debug","message":"Params: [\"cmlks63sv000212ejg0bsnw2z\",0]","service":"preplyte-api","timestamp":"2026-02-14 01:44:23"}
{"level":"debug","message":"Duration: 3ms","service":"preplyte-api","timestamp":"2026-02-14 01:44:23"}
{"level":"info","message":"Token refreshed successfully","service":"preplyte-api","timestamp":"2026-02-14 01:44:23","userId":"cmlksebqv0001chz5wzenqncs"}
{"level":"info","message":"\u001b[0mPOST /api/auth/refresh \u001b[32m200\u001b[0m 291.761 ms - 946\u001b[0m","service":"preplyte-api","timestamp":"2026-02-14 01:44:23"}
{"level":"debug","message":"Query: SELECT \"public\".\"lms_courses\".\"id\", \"public\".\"lms_courses\".\"categoryId\", \"public\".\"lms_courses\".\"title\", \"public\".\"lms_courses\".\"slug\", \"public\".\"lms_courses\".\"shortDescription\", \"public\".\"lms_courses\".\"description\", \"public\".\"lms_courses\".\"thumbnailUrl\", \"public\".\"lms_courses\".\"previewVideoUrl\", \"public\".\"lms_courses\".\"totalModules\", \"public\".\"lms_courses\".\"totalTopics\", \"public\".\"lms_courses\".\"totalPoints\", \"public\".\"lms_courses\".\"totalHours\", \"public\".\"lms_courses\".\"price\", \"public\".\"lms_courses\".\"discountPrice\", \"public\".\"lms_courses\".\"currency\", \"public\".\"lms_courses\".\"status\"::text, \"public\".\"lms_courses\".\"isActive\", \"public\".\"lms_courses\".\"certificateEnabled\", \"public\".\"lms_courses\".\"passingPercentage\", \"public\".\"lms_courses\".\"tags\", \"public\".\"lms_courses\".\"difficulty\"::text, \"public\".\"lms_courses\".\"instructor\", \"public\".\"lms_courses\".\"language\", \"public\".\"lms_courses\".\"averageRating\", \"public\".\"lms_courses\".\"ratingsCount\", \"public\".\"lms_courses\".\"createdAt\", \"public\".\"lms_courses\".\"updatedAt\", \"public\".\"lms_courses\".\"publishedAt\", COALESCE(\"aggr_selection_0_LmsEnrollment\".\"_aggr_count_enrollments\", 0) AS \"_aggr_count_enrollments\" FROM \"public\".\"lms_courses\" LEFT JOIN (SELECT \"public\".\"lms_enrollments\".\"courseId\", COUNT(*) AS \"orderby_aggregator\" FROM \"public\".\"lms_enrollments\" WHERE 1=1 GROUP BY \"public\".\"lms_enrollments\".\"courseId\") AS \"orderby_1_LmsEnrollment\" ON (\"public\".\"lms_courses\".\"id\" = \"orderby_1_LmsEnrollment\".\"courseId\") LEFT JOIN (SELECT \"public\".\"lms_enrollments\".\"courseId\", COUNT(*) AS \"_aggr_count_enrollments\" FROM \"public\".\"lms_enrollments\" WHERE 1=1 GROUP BY \"public\".\"lms_enrollments\".\"courseId\") AS \"aggr_selection_0_LmsEnrollment\" ON (\"public\".\"lms_courses\".\"id\" = \"aggr_selection_0_LmsEnrollment\".\"courseId\") WHERE (\"public\".\"lms_courses\".\"id\" NOT IN ($1,$2) AND \"public\".\"lms_courses\".\"status\" = CAST($3::text AS \"public\".\"LmsCourseStatus\") AND \"public\".\"lms_courses\".\"isActive\" = $4) ORDER BY COALESCE(\"orderby_1_LmsEnrollment\".\"orderby_aggregator\", $5) DESC, \"public\".\"lms_courses\".\"averageRating\" DESC LIMIT $6 OFFSET $7","service":"preplyte-api","timestamp":"2026-02-14 01:44:23"}
{"level":"debug","message":"Params: [\"cmlkt4pth0007yv6bvydorxj0\",\"cmlku48wi000e6pa9yrdyr6yi\",\"PUBLISHED\",true,0,5,0]","service":"preplyte-api","timestamp":"2026-02-14 01:44:23"}
{"level":"debug","message":"Duration: 5ms","service":"preplyte-api","timestamp":"2026-02-14 01:44:23"}
{"level":"debug","message":"Query: SELECT COUNT(*) FROM (SELECT \"public\".\"lms_module_progress\".\"id\" FROM \"public\".\"lms_module_progress\" WHERE (\"public\".\"lms_module_progress\".\"userId\" = $1 AND \"public\".\"lms_module_progress\".\"testPassed\" = $2) OFFSET $3) AS \"sub\"","service":"preplyte-api","timestamp":"2026-02-14 01:44:23"}
{"level":"debug","message":"Params: [\"cmlksg3yz0005chz5d93pvzi8\",true,0]","service":"preplyte-api","timestamp":"2026-02-14 01:44:23"}
{"level":"debug","message":"Duration: 7ms","service":"preplyte-api","timestamp":"2026-02-14 01:44:23"}
{"level":"debug","message":"Query: SELECT \"public\".\"lms_module_progress\".\"id\", \"public\".\"lms_module_progress\".\"userId\", \"public\".\"lms_module_progress\".\"moduleId\", \"public\".\"lms_module_progress\".\"status\"::text, \"public\".\"lms_module_progress\".\"completedTopics\", \"public\".\"lms_module_progress\".\"totalTopics\", \"public\".\"lms_module_progress\".\"progressPercent\", \"public\".\"lms_module_progress\".\"testAttempted\", \"public\".\"lms_module_progress\".\"testPassed\", \"public\".\"lms_module_progress\".\"testScore\", \"public\".\"lms_module_progress\".\"testAttempts\", \"public\".\"lms_module_progress\".\"pointsEarned\", \"public\".\"lms_module_progress\".\"timeSpentMinutes\", \"public\".\"lms_module_progress\".\"startedAt\", \"public\".\"lms_module_progress\".\"completedAt\", \"public\".\"lms_module_progress\".\"createdAt\", \"public\".\"lms_module_progress\".\"updatedAt\" FROM \"public\".\"lms_module_progress\" WHERE (\"public\".\"lms_module_progress\".\"userId\" = $1 AND \"public\".\"lms_module_progress\".\"status\" = CAST($2::text AS \"public\".\"LmsModuleStatus\") AND \"public\".\"lms_module_progress\".\"completedAt\" >= $3) ORDER BY \"public\".\"lms_module_progress\".\"completedAt\" DESC LIMIT $4 OFFSET $5","service":"preplyte-api","timestamp":"2026-02-14 01:44:23"}
{"level":"debug","message":"Params: [\"cmlksg3yz0005chz5d93pvzi8\",\"COMPLETED\",\"2026-01-14 18:30:00 UTC\",5,0]","service":"preplyte-api","timestamp":"2026-02-14 01:44:23"}
{"level":"debug","message":"Duration: 8ms","service":"preplyte-api","timestamp":"2026-02-14 01:44:23"}
{"level":"debug","message":"Query: SELECT \"public\".\"lms_categories\".\"id\", \"public\".\"lms_categories\".\"name\" FROM \"public\".\"lms_categories\" WHERE \"public\".\"lms_categories\".\"id\" IN ($1) OFFSET $2","service":"preplyte-api","timestamp":"2026-02-14 01:44:23"}
{"level":"debug","message":"Params: [\"cmlks63sv000212ejg0bsnw2z\",0]","service":"preplyte-api","timestamp":"2026-02-14 01:44:23"}
{"level":"debug","message":"Duration: 10ms","service":"preplyte-api","timestamp":"2026-02-14 01:44:23"}
{"level":"debug","message":"Query: SELECT \"public\".\"lms_test_attempts\".\"id\", \"public\".\"lms_test_attempts\".\"userId\", \"public\".\"lms_test_attempts\".\"moduleTestId\", \"public\".\"lms_test_attempts\".\"finalTestId\", \"public\".\"lms_test_attempts\".\"testType\"::text, \"public\".\"lms_test_attempts\".\"status\"::text, \"public\".\"lms_test_attempts\".\"attemptNumber\", \"public\".\"lms_test_attempts\".\"totalQuestions\", \"public\".\"lms_test_attempts\".\"correctAnswers\", \"public\".\"lms_test_attempts\".\"wrongAnswers\", \"public\".\"lms_test_attempts\".\"unanswered\", \"public\".\"lms_test_attempts\".\"score\", \"public\".\"lms_test_attempts\".\"pointsEarned\", \"public\".\"lms_test_attempts\".\"marksObtained\", \"public\".\"lms_test_attempts\".\"totalMarks\", \"public\".\"lms_test_attempts\".\"isPassed\", \"public\".\"lms_test_attempts\".\"timeLimitMinutes\", \"public\".\"lms_test_attempts\".\"timeSpentSeconds\", \"public\".\"lms_test_attempts\".\"startedAt\", \"public\".\"lms_test_attempts\".\"completedAt\", \"public\".\"lms_test_attempts\".\"expiresAt\", \"public\".\"lms_test_attempts\".\"createdAt\", \"public\".\"lms_test_attempts\".\"updatedAt\" FROM \"public\".\"lms_test_attempts\" WHERE (\"public\".\"lms_test_attempts\".\"userId\" = $1 AND \"public\".\"lms_test_attempts\".\"status\" = CAST($2::text AS \"public\".\"LmsTestAttemptStatus\") AND \"public\".\"lms_test_attempts\".\"isPassed\" = $3 AND \"public\".\"lms_test_attempts\".\"completedAt\" >= $4) ORDER BY \"public\".\"lms_test_attempts\".\"completedAt\" DESC LIMIT $5 OFFSET $6","service":"preplyte-api","timestamp":"2026-02-14 01:44:23"}
{"level":"debug","message":"Params: [\"cmlksg3yz0005chz5d93pvzi8\",\"COMPLETED\",true,\"2026-01-14 18:30:00 UTC\",5,0]","service":"preplyte-api","timestamp":"2026-02-14 01:44:23"}
{"level":"debug","message":"Duration: 10ms","service":"preplyte-api","timestamp":"2026-02-14 01:44:23"}
{"level":"debug","message":"Query: SELECT \"public\".\"lms_final_tests\".\"id\", \"public\".\"lms_final_tests\".\"courseId\", \"public\".\"lms_final_tests\".\"title\", \"public\".\"lms_final_tests\".\"instructions\", \"public\".\"lms_final_tests\".\"totalQuestions\", \"public\".\"lms_final_tests\".\"passingScore\", \"public\".\"lms_final_tests\".\"timeLimitMinutes\", \"public\".\"lms_final_tests\".\"pointsPerQuestion\", \"public\".\"lms_final_tests\".\"totalPoints\", \"public\".\"lms_final_tests\".\"maxAttempts\", \"public\".\"lms_final_tests\".\"isActive\", \"public\".\"lms_final_tests\".\"createdAt\", \"public\".\"lms_final_tests\".\"updatedAt\" FROM \"public\".\"lms_final_tests\" WHERE \"public\".\"lms_final_tests\".\"id\" IN ($1,$2) OFFSET $3","service":"preplyte-api","timestamp":"2026-02-14 01:44:23"}
{"level":"debug","message":"Params: [\"cmlkt4pth0008yv6bdiyn7nwj\",\"cmlku48wi000f6pa9f95urrie\",0]","service":"preplyte-api","timestamp":"2026-02-14 01:44:23"}
{"level":"debug","message":"Duration: 6ms","service":"preplyte-api","timestamp":"2026-02-14 01:44:23"}
{"level":"debug","message":"Query: SELECT \"public\".\"lms_courses\".\"id\", \"public\".\"lms_courses\".\"title\", \"public\".\"lms_courses\".\"slug\" FROM \"public\".\"lms_courses\" WHERE \"public\".\"lms_courses\".\"id\" IN ($1,$2) OFFSET $3","service":"preplyte-api","timestamp":"2026-02-14 01:44:23"}
{"level":"debug","message":"Params: [\"cmlkt4pth0007yv6bvydorxj0\",\"cmlku48wi000e6pa9yrdyr6yi\",0]","service":"preplyte-api","timestamp":"2026-02-14 01:44:23"}
{"level":"debug","message":"Duration: 1ms","service":"preplyte-api","timestamp":"2026-02-14 01:44:23"}
{"level":"debug","message":"Query: SELECT \"public\".\"lms_enrollments\".\"id\", \"public\".\"lms_enrollments\".\"userId\", \"public\".\"lms_enrollments\".\"courseId\", \"public\".\"lms_enrollments\".\"status\"::text, \"public\".\"lms_enrollments\".\"completedModules\", \"public\".\"lms_enrollments\".\"completedTopics\", \"public\".\"lms_enrollments\".\"progressPercent\", \"public\".\"lms_enrollments\".\"totalPointsEarned\", \"public\".\"lms_enrollments\".\"moduleTestPointsEarned\", \"public\".\"lms_enrollments\".\"finalTestPointsEarned\", \"public\".\"lms_enrollments\".\"finalTestAttempted\", \"public\".\"lms_enrollments\".\"finalTestPassed\", \"public\".\"lms_enrollments\".\"finalTestScore\", \"public\".\"lms_enrollments\".\"finalTestMarks\", \"public\".\"lms_enrollments\".\"enrolledAt\", \"public\".\"lms_enrollments\".\"startedAt\", \"public\".\"lms_enrollments\".\"completedAt\", \"public\".\"lms_enrollments\".\"lastAccessedAt\", \"public\".\"lms_enrollments\".\"certificateUrl\", \"public\".\"lms_enrollments\".\"certificateIssuedAt\", \"public\".\"lms_enrollments\".\"createdAt\", \"public\".\"lms_enrollments\".\"updatedAt\" FROM \"public\".\"lms_enrollments\" WHERE (\"public\".\"lms_enrollments\".\"userId\" = $1 AND \"public\".\"lms_enrollments\".\"status\" = CAST($2::text AS \"public\".\"LmsEnrollmentStatus\") AND \"public\".\"lms_enrollments\".\"completedAt\" >= $3) ORDER BY \"public\".\"lms_enrollments\".\"completedAt\" DESC LIMIT $4 OFFSET $5","service":"preplyte-api","timestamp":"2026-02-14 01:44:23"}
{"level":"debug","message":"Params: [\"cmlksg3yz0005chz5d93pvzi8\",\"COMPLETED\",\"2026-01-14 18:30:00 UTC\",5,0]","service":"preplyte-api","timestamp":"2026-02-14 01:44:23"}
{"level":"debug","message":"Duration: 1ms","service":"preplyte-api","timestamp":"2026-02-14 01:44:23"}
{"level":"debug","message":"Query: SELECT \"public\".\"lms_courses\".\"id\", \"public\".\"lms_courses\".\"title\", \"public\".\"lms_courses\".\"slug\" FROM \"public\".\"lms_courses\" WHERE \"public\".\"lms_courses\".\"id\" IN ($1,$2) OFFSET $3","service":"preplyte-api","timestamp":"2026-02-14 01:44:23"}
{"level":"debug","message":"Params: [\"cmlkt4pth0007yv6bvydorxj0\",\"cmlku48wi000e6pa9yrdyr6yi\",0]","service":"preplyte-api","timestamp":"2026-02-14 01:44:23"}
{"level":"debug","message":"Duration: 0ms","service":"preplyte-api","timestamp":"2026-02-14 01:44:23"}
{"level":"info","message":"\u001b[0mGET /api/dashboard/student \u001b[36m304\u001b[0m 424.961 ms - -\u001b[0m","service":"preplyte-api","timestamp":"2026-02-14 01:44:23"}
{"level":"debug","message":"Query: SELECT \"public\".\"users\".\"id\", \"public\".\"users\".\"email\", \"public\".\"users\".\"role\"::text, \"public\".\"users\".\"instituteId\", \"public\".\"users\".\"isActive\", \"public\".\"users\".\"tokenVersion\" FROM \"public\".\"users\" WHERE (\"public\".\"users\".\"id\" = $1 AND 1=1) LIMIT $2 OFFSET $3","service":"preplyte-api","timestamp":"2026-02-14 01:44:23"}
{"level":"debug","message":"Params: [\"cmlksebqv0001chz5wzenqncs\",1,0]","service":"preplyte-api","timestamp":"2026-02-14 01:44:23"}
{"level":"debug","message":"Duration: 6ms","service":"preplyte-api","timestamp":"2026-02-14 01:44:23"}
{"level":"debug","message":"Query: SELECT COUNT(*) FROM (SELECT \"public\".\"institutes\".\"id\" FROM \"public\".\"institutes\" WHERE 1=1 OFFSET $1) AS \"sub\"","service":"preplyte-api","timestamp":"2026-02-14 01:44:23"}
{"level":"debug","message":"Params: [0]","service":"preplyte-api","timestamp":"2026-02-14 01:44:23"}
{"level":"debug","message":"Duration: 4ms","service":"preplyte-api","timestamp":"2026-02-14 01:44:23"}
{"level":"debug","message":"Query: SELECT \"public\".\"institutes\".\"id\", \"public\".\"institutes\".\"name\", \"public\".\"institutes\".\"domain\", \"public\".\"institutes\".\"isActive\", \"public\".\"institutes\".\"createdAt\", \"public\".\"institutes\".\"updatedAt\", COALESCE(\"aggr_selection_0_User\".\"_aggr_count_users\", 0) AS \"_aggr_count_users\" FROM \"public\".\"institutes\" LEFT JOIN (SELECT \"public\".\"users\".\"instituteId\", COUNT(*) AS \"_aggr_count_users\" FROM \"public\".\"users\" WHERE 1=1 GROUP BY \"public\".\"users\".\"instituteId\") AS \"aggr_selection_0_User\" ON (\"public\".\"institutes\".\"id\" = \"aggr_selection_0_User\".\"instituteId\") WHERE 1=1 ORDER BY \"public\".\"institutes\".\"createdAt\" DESC LIMIT $1 OFFSET $2","service":"preplyte-api","timestamp":"2026-02-14 01:44:23"}
{"level":"debug","message":"Params: [5,0]","service":"preplyte-api","timestamp":"2026-02-14 01:44:23"}
{"level":"debug","message":"Duration: 5ms","service":"preplyte-api","timestamp":"2026-02-14 01:44:23"}
{"level":"info","message":"\u001b[0mGET /api/admin/institutes?page=1&limit=5&sortBy=createdAt&sortOrder=desc \u001b[36m304\u001b[0m 33.051 ms - -\u001b[0m","service":"preplyte-api","timestamp":"2026-02-14 01:44:23"}
{"level":"debug","message":"Query: SELECT \"public\".\"users\".\"id\", \"public\".\"users\".\"email\", \"public\".\"users\".\"role\"::text, \"public\".\"users\".\"instituteId\", \"public\".\"users\".\"isActive\", \"public\".\"users\".\"tokenVersion\" FROM \"public\".\"users\" WHERE (\"public\".\"users\".\"id\" = $1 AND 1=1) LIMIT $2 OFFSET $3","service":"preplyte-api","timestamp":"2026-02-14 01:44:23"}
{"level":"debug","message":"Params: [\"cmlksebqv0001chz5wzenqncs\",1,0]","service":"preplyte-api","timestamp":"2026-02-14 01:44:23"}
{"level":"debug","message":"Duration: 1ms","service":"preplyte-api","timestamp":"2026-02-14 01:44:23"}
{"level":"debug","message":"Query: SELECT COUNT(*), \"public\".\"institutes\".\"isActive\" FROM \"public\".\"institutes\" WHERE 1=1 GROUP BY \"public\".\"institutes\".\"isActive\" OFFSET $1","service":"preplyte-api","timestamp":"2026-02-14 01:44:23"}
{"level":"debug","message":"Params: [0]","service":"preplyte-api","timestamp":"2026-02-14 01:44:23"}
{"level":"debug","message":"Duration: 1ms","service":"preplyte-api","timestamp":"2026-02-14 01:44:23"}
{"level":"debug","message":"Query: SELECT COUNT(*) FROM (SELECT \"public\".\"ai_interview_sessions\".\"id\" FROM \"public\".\"ai_interview_sessions\" WHERE 1=1 OFFSET $1) AS \"sub\"","service":"preplyte-api","timestamp":"2026-02-14 01:44:23"}
{"level":"debug","message":"Params: [0]","service":"preplyte-api","timestamp":"2026-02-14 01:44:23"}
{"level":"debug","message":"Duration: 1ms","service":"preplyte-api","timestamp":"2026-02-14 01:44:23"}
{"level":"debug","message":"Query: SELECT COUNT(*) FROM (SELECT \"public\".\"machine_practice_sessions\".\"id\" FROM \"public\".\"machine_practice_sessions\" WHERE 1=1 OFFSET $1) AS \"sub\"","service":"preplyte-api","timestamp":"2026-02-14 01:44:23"}
{"level":"debug","message":"Params: [0]","service":"preplyte-api","timestamp":"2026-02-14 01:44:23"}
{"level":"debug","message":"Duration: 4ms","service":"preplyte-api","timestamp":"2026-02-14 01:44:23"}
{"level":"debug","message":"Query: SELECT COUNT(*) FROM (SELECT \"public\".\"aptitude_practice_sessions\".\"id\" FROM \"public\".\"aptitude_practice_sessions\" WHERE 1=1 OFFSET $1) AS \"sub\"","service":"preplyte-api","timestamp":"2026-02-14 01:44:23"}
{"level":"debug","message":"Params: [0]","service":"preplyte-api","timestamp":"2026-02-14 01:44:23"}
{"level":"debug","message":"Duration: 5ms","service":"preplyte-api","timestamp":"2026-02-14 01:44:23"}
{"level":"debug","message":"Query: SELECT COUNT(*), AVG(\"totalScore\") FROM (SELECT \"public\".\"machine_practice_sessions\".\"id\", \"public\".\"machine_practice_sessions\".\"totalScore\" FROM \"public\".\"machine_practice_sessions\" WHERE \"public\".\"machine_practice_sessions\".\"completedAt\" IS NOT NULL OFFSET $1) AS \"sub\"","service":"preplyte-api","timestamp":"2026-02-14 01:44:23"}
{"level":"debug","message":"Params: [0]","service":"preplyte-api","timestamp":"2026-02-14 01:44:23"}
{"level":"debug","message":"Duration: 4ms","service":"preplyte-api","timestamp":"2026-02-14 01:44:23"}
{"level":"debug","message":"Query: SELECT AVG(\"overallScore\") FROM (SELECT \"public\".\"ai_interview_feedbacks\".\"overallScore\" FROM \"public\".\"ai_interview_feedbacks\" WHERE 1=1 OFFSET $1) AS \"sub\"","service":"preplyte-api","timestamp":"2026-02-14 01:44:23"}
{"level":"debug","message":"Params: [0]","service":"preplyte-api","timestamp":"2026-02-14 01:44:23"}
{"level":"debug","message":"Duration: 5ms","service":"preplyte-api","timestamp":"2026-02-14 01:44:23"}
{"level":"debug","message":"Query: SELECT COUNT(*), AVG(\"totalScore\") FROM (SELECT \"public\".\"aptitude_practice_sessions\".\"id\", \"public\".\"aptitude_practice_sessions\".\"totalScore\" FROM \"public\".\"aptitude_practice_sessions\" WHERE \"public\".\"aptitude_practice_sessions\".\"completedAt\" IS NOT NULL OFFSET $1) AS \"sub\"","service":"preplyte-api","timestamp":"2026-02-14 01:44:23"}
{"level":"debug","message":"Params: [0]","service":"preplyte-api","timestamp":"2026-02-14 01:44:23"}
{"level":"debug","message":"Duration: 6ms","service":"preplyte-api","timestamp":"2026-02-14 01:44:23"}
{"level":"debug","message":"Query: SELECT COUNT(*), \"public\".\"users\".\"role\"::text, \"public\".\"users\".\"isActive\" FROM \"public\".\"users\" WHERE 1=1 GROUP BY \"public\".\"users\".\"role\", \"public\".\"users\".\"isActive\" OFFSET $1","service":"preplyte-api","timestamp":"2026-02-14 01:44:23"}
{"level":"debug","message":"Params: [0]","service":"preplyte-api","timestamp":"2026-02-14 01:44:23"}
{"level":"debug","message":"Duration: 6ms","service":"preplyte-api","timestamp":"2026-02-14 01:44:23"}
{"level":"debug","message":"Query: SELECT \"public\".\"aptitude_practice_sessions\".\"id\", \"public\".\"aptitude_practice_sessions\".\"createdAt\" FROM \"public\".\"aptitude_practice_sessions\" WHERE \"public\".\"aptitude_practice_sessions\".\"createdAt\" >= $1 OFFSET $2","service":"preplyte-api","timestamp":"2026-02-14 01:44:23"}
{"level":"debug","message":"Params: [\"2026-01-14 20:14:23.619 UTC\",0]","service":"preplyte-api","timestamp":"2026-02-14 01:44:23"}
{"level":"debug","message":"Duration: 5ms","service":"preplyte-api","timestamp":"2026-02-14 01:44:23"}
{"level":"debug","message":"Query: SELECT \"public\".\"ai_interview_sessions\".\"id\", \"public\".\"ai_interview_sessions\".\"createdAt\" FROM \"public\".\"ai_interview_sessions\" WHERE \"public\".\"ai_interview_sessions\".\"createdAt\" >= $1 OFFSET $2","service":"preplyte-api","timestamp":"2026-02-14 01:44:23"}
{"level":"debug","message":"Params: [\"2026-01-14 20:14:23.619 UTC\",0]","service":"preplyte-api","timestamp":"2026-02-14 01:44:23"}
{"level":"debug","message":"Duration: 6ms","service":"preplyte-api","timestamp":"2026-02-14 01:44:23"}
{"level":"debug","message":"Query: SELECT \"public\".\"users\".\"id\", \"public\".\"users\".\"createdAt\" FROM \"public\".\"users\" WHERE \"public\".\"users\".\"createdAt\" >= $1 OFFSET $2","service":"preplyte-api","timestamp":"2026-02-14 01:44:23"}
{"level":"debug","message":"Params: [\"2026-01-14 20:14:23.619 UTC\",0]","service":"preplyte-api","timestamp":"2026-02-14 01:44:23"}
{"level":"debug","message":"Duration: 5ms","service":"preplyte-api","timestamp":"2026-02-14 01:44:23"}
{"level":"debug","message":"Query: SELECT COUNT(*) FROM (SELECT \"public\".\"ai_interview_sessions\".\"id\" FROM \"public\".\"ai_interview_sessions\" WHERE \"public\".\"ai_interview_sessions\".\"status\" = CAST($1::text AS \"public\".\"AiInterviewSessionStatus\") OFFSET $2) AS \"sub\"","service":"preplyte-api","timestamp":"2026-02-14 01:44:23"}
{"level":"debug","message":"Params: [\"COMPLETED\",0]","service":"preplyte-api","timestamp":"2026-02-14 01:44:23"}
{"level":"debug","message":"Duration: 8ms","service":"preplyte-api","timestamp":"2026-02-14 01:44:23"}
{"level":"debug","message":"Query: SELECT \"public\".\"machine_practice_sessions\".\"id\", \"public\".\"machine_practice_sessions\".\"createdAt\" FROM \"public\".\"machine_practice_sessions\" WHERE \"public\".\"machine_practice_sessions\".\"createdAt\" >= $1 OFFSET $2","service":"preplyte-api","timestamp":"2026-02-14 01:44:23"}
{"level":"debug","message":"Params: [\"2026-01-14 20:14:23.619 UTC\",0]","service":"preplyte-api","timestamp":"2026-02-14 01:44:23"}
{"level":"debug","message":"Duration: 5ms","service":"preplyte-api","timestamp":"2026-02-14 01:44:23"}
{"level":"info","message":"\u001b[0mGET /api/admin/analytics \u001b[36m304\u001b[0m 120.278 ms - -\u001b[0m","service":"preplyte-api","timestamp":"2026-02-14 01:44:23"}
{"level":"debug","message":"Query: SELECT 1","service":"preplyte-api","timestamp":"2026-02-14 01:46:39"}
{"level":"debug","message":"Params: []","service":"preplyte-api","timestamp":"2026-02-14 01:46:39"}
{"level":"debug","message":"Duration: 0ms","service":"preplyte-api","timestamp":"2026-02-14 01:46:39"}
{"level":"debug","message":"Query: SELECT 1","service":"preplyte-api","timestamp":"2026-02-14 01:46:39"}
{"level":"debug","message":"Params: []","service":"preplyte-api","timestamp":"2026-02-14 01:46:39"}
{"level":"debug","message":"Duration: 0ms","service":"preplyte-api","timestamp":"2026-02-14 01:46:39"}
{"level":"debug","message":"Query: SELECT 1","service":"preplyte-api","timestamp":"2026-02-14 01:46:39"}
{"level":"debug","message":"Params: []","service":"preplyte-api","timestamp":"2026-02-14 01:46:39"}
{"level":"debug","message":"Duration: 0ms","service":"preplyte-api","timestamp":"2026-02-14 01:46:39"}
{"level":"debug","message":"Query: SELECT \"public\".\"users\".\"id\", \"public\".\"users\".\"email\", \"public\".\"users\".\"role\"::text, \"public\".\"users\".\"instituteId\", \"public\".\"users\".\"isActive\", \"public\".\"users\".\"tokenVersion\" FROM \"public\".\"users\" WHERE (\"public\".\"users\".\"id\" = $1 AND 1=1) LIMIT $2 OFFSET $3","service":"preplyte-api","timestamp":"2026-02-14 01:46:39"}
{"level":"debug","message":"Params: [\"cmlksg3yz0005chz5d93pvzi8\",1,0]","service":"preplyte-api","timestamp":"2026-02-14 01:46:39"}
{"level":"debug","message":"Duration: 1ms","service":"preplyte-api","timestamp":"2026-02-14 01:46:39"}
{"level":"debug","message":"Query: SELECT \"public\".\"users\".\"id\", \"public\".\"users\".\"email\", \"public\".\"users\".\"role\"::text, \"public\".\"users\".\"instituteId\", \"public\".\"users\".\"isActive\", \"public\".\"users\".\"tokenVersion\" FROM \"public\".\"users\" WHERE (\"public\".\"users\".\"id\" = $1 AND 1=1) LIMIT $2 OFFSET $3","service":"preplyte-api","timestamp":"2026-02-14 01:46:39"}
{"level":"debug","message":"Params: [\"cmlksg3yz0005chz5d93pvzi8\",1,0]","service":"preplyte-api","timestamp":"2026-02-14 01:46:39"}
{"level":"debug","message":"Duration: 6ms","service":"preplyte-api","timestamp":"2026-02-14 01:46:39"}
{"level":"debug","message":"Query: SELECT \"public\".\"users\".\"id\", \"public\".\"users\".\"email\", \"public\".\"users\".\"role\"::text, \"public\".\"users\".\"instituteId\", \"public\".\"users\".\"isActive\", \"public\".\"users\".\"tokenVersion\" FROM \"public\".\"users\" WHERE (\"public\".\"users\".\"id\" = $1 AND 1=1) LIMIT $2 OFFSET $3","service":"preplyte-api","timestamp":"2026-02-14 01:46:39"}
{"level":"debug","message":"Params: [\"cmlksg3yz0005chz5d93pvzi8\",1,0]","service":"preplyte-api","timestamp":"2026-02-14 01:46:39"}
{"level":"debug","message":"Duration: 7ms","service":"preplyte-api","timestamp":"2026-02-14 01:46:39"}
{"level":"info","message":"\u001b[0mGET /api/practice/config/time-limits \u001b[32m200\u001b[0m 39.140 ms - 760\u001b[0m","service":"preplyte-api","timestamp":"2026-02-14 01:46:39"}
{"level":"info","message":"\u001b[0mGET /api/practice/enums/difficulty-levels \u001b[32m200\u001b[0m 37.271 ms - 499\u001b[0m","service":"preplyte-api","timestamp":"2026-02-14 01:46:39"}
{"level":"debug","message":"Query: SELECT \"public\".\"machine_questions\".\"tags\" FROM \"public\".\"machine_questions\" WHERE \"public\".\"machine_questions\".\"isActive\" = $1 GROUP BY \"public\".\"machine_questions\".\"tags\" OFFSET $2","service":"preplyte-api","timestamp":"2026-02-14 01:46:39"}
{"level":"debug","message":"Params: [true,0]","service":"preplyte-api","timestamp":"2026-02-14 01:46:39"}
{"level":"debug","message":"Duration: 7ms","service":"preplyte-api","timestamp":"2026-02-14 01:46:39"}
{"level":"info","message":"\u001b[0mGET /api/practice/enums/question-types \u001b[32m200\u001b[0m 42.683 ms - -\u001b[0m","service":"preplyte-api","timestamp":"2026-02-14 01:46:39"}
{"level":"debug","message":"Query: SELECT \"public\".\"users\".\"id\", \"public\".\"users\".\"email\", \"public\".\"users\".\"role\"::text, \"public\".\"users\".\"instituteId\", \"public\".\"users\".\"isActive\", \"public\".\"users\".\"tokenVersion\" FROM \"public\".\"users\" WHERE (\"public\".\"users\".\"id\" = $1 AND 1=1) LIMIT $2 OFFSET $3","service":"preplyte-api","timestamp":"2026-02-14 01:46:39"}
{"level":"debug","message":"Params: [\"cmlksg3yz0005chz5d93pvzi8\",1,0]","service":"preplyte-api","timestamp":"2026-02-14 01:46:39"}
{"level":"debug","message":"Duration: 0ms","service":"preplyte-api","timestamp":"2026-02-14 01:46:39"}
{"level":"debug","message":"Query: SELECT \"public\".\"aptitude_practice_sessions\".\"id\", \"public\".\"aptitude_practice_sessions\".\"difficulty\"::text, \"public\".\"aptitude_practice_sessions\".\"questionTypes\"::text[], \"public\".\"aptitude_practice_sessions\".\"numberOfQuestions\", \"public\".\"aptitude_practice_sessions\".\"timeLimit\", \"public\".\"aptitude_practice_sessions\".\"startedAt\", \"public\".\"aptitude_practice_sessions\".\"completedAt\", \"public\".\"aptitude_practice_sessions\".\"expiresAt\", \"public\".\"aptitude_practice_sessions\".\"totalScore\", \"public\".\"aptitude_practice_sessions\".\"totalCorrect\", \"public\".\"aptitude_practice_sessions\".\"totalWrong\", \"public\".\"aptitude_practice_sessions\".\"totalUnanswered\" FROM \"public\".\"aptitude_practice_sessions\" WHERE (\"public\".\"aptitude_practice_sessions\".\"userId\" = $1 AND \"public\".\"aptitude_practice_sessions\".\"completedAt\" IS NULL AND \"public\".\"aptitude_practice_sessions\".\"expiresAt\" > $2) ORDER BY \"public\".\"aptitude_practice_sessions\".\"createdAt\" DESC LIMIT $3 OFFSET $4","service":"preplyte-api","timestamp":"2026-02-14 01:46:39"}
{"level":"debug","message":"Params: [\"cmlksg3yz0005chz5d93pvzi8\",\"2026-02-13 20:16:39.858 UTC\",1,0]","service":"preplyte-api","timestamp":"2026-02-14 01:46:39"}
{"level":"debug","message":"Duration: 2ms","service":"preplyte-api","timestamp":"2026-02-14 01:46:39"}
{"level":"debug","message":"Query: SELECT COUNT(*) FROM (SELECT \"public\".\"aptitude_practice_sessions\".\"id\" FROM \"public\".\"aptitude_practice_sessions\" WHERE (\"public\".\"aptitude_practice_sessions\".\"userId\" = $1 AND \"public\".\"aptitude_practice_sessions\".\"completedAt\" IS NULL AND \"public\".\"aptitude_practice_sessions\".\"expiresAt\" > $2) OFFSET $3) AS \"sub\"","service":"preplyte-api","timestamp":"2026-02-14 01:46:39"}
{"level":"debug","message":"Params: [\"cmlksg3yz0005chz5d93pvzi8\",\"2026-02-13 20:16:39.858 UTC\",0]","service":"preplyte-api","timestamp":"2026-02-14 01:46:39"}
{"level":"debug","message":"Duration: 8ms","service":"preplyte-api","timestamp":"2026-02-14 01:46:39"}
{"level":"info","message":"\u001b[0mGET /api/practice/aptitude/sessions?page=1&limit=1&status=in_progress&sortBy=createdAt&sortOrder=desc \u001b[32m200\u001b[0m 30.257 ms - 161\u001b[0m","service":"preplyte-api","timestamp":"2026-02-14 01:46:39"}
{"level":"debug","message":"Query: SELECT 1","service":"preplyte-api","timestamp":"2026-02-14 01:48:31"}
{"level":"debug","message":"Params: []","service":"preplyte-api","timestamp":"2026-02-14 01:48:31"}
{"level":"debug","message":"Duration: 0ms","service":"preplyte-api","timestamp":"2026-02-14 01:48:31"}
{"level":"debug","message":"Query: SELECT \"public\".\"users\".\"id\", \"public\".\"users\".\"email\", \"public\".\"users\".\"role\"::text, \"public\".\"users\".\"instituteId\", \"public\".\"users\".\"isActive\", \"public\".\"users\".\"tokenVersion\" FROM \"public\".\"users\" WHERE (\"public\".\"users\".\"id\" = $1 AND 1=1) LIMIT $2 OFFSET $3","service":"preplyte-api","timestamp":"2026-02-14 01:48:31"}
{"level":"debug","message":"Params: [\"cmlksg3yz0005chz5d93pvzi8\",1,0]","service":"preplyte-api","timestamp":"2026-02-14 01:48:31"}
{"level":"debug","message":"Duration: 0ms","service":"preplyte-api","timestamp":"2026-02-14 01:48:31"}
{"level":"debug","message":"Query: SELECT 1","service":"preplyte-api","timestamp":"2026-02-14 01:48:31"}
{"level":"debug","message":"Params: []","service":"preplyte-api","timestamp":"2026-02-14 01:48:31"}
{"level":"debug","message":"Duration: 0ms","service":"preplyte-api","timestamp":"2026-02-14 01:48:31"}
{"level":"debug","message":"Query: SELECT \"public\".\"users\".\"id\", \"public\".\"users\".\"email\", \"public\".\"users\".\"role\"::text, \"public\".\"users\".\"instituteId\", \"public\".\"users\".\"isActive\", \"public\".\"users\".\"tokenVersion\" FROM \"public\".\"users\" WHERE (\"public\".\"users\".\"id\" = $1 AND 1=1) LIMIT $2 OFFSET $3","service":"preplyte-api","timestamp":"2026-02-14 01:48:31"}
{"level":"debug","message":"Params: [\"cmlksg3yz0005chz5d93pvzi8\",1,0]","service":"preplyte-api","timestamp":"2026-02-14 01:48:31"}
{"level":"debug","message":"Duration: 0ms","service":"preplyte-api","timestamp":"2026-02-14 01:48:31"}
{"level":"debug","message":"Query: SELECT \"public\".\"users\".\"id\", \"public\".\"users\".\"email\", \"public\".\"users\".\"role\"::text, \"public\".\"users\".\"instituteId\", \"public\".\"users\".\"isActive\", \"public\".\"users\".\"tokenVersion\" FROM \"public\".\"users\" WHERE (\"public\".\"users\".\"id\" = $1 AND 1=1) LIMIT $2 OFFSET $3","service":"preplyte-api","timestamp":"2026-02-14 01:48:31"}
{"level":"debug","message":"Params: [\"cmlksg3yz0005chz5d93pvzi8\",1,0]","service":"preplyte-api","timestamp":"2026-02-14 01:48:31"}
{"level":"debug","message":"Duration: 0ms","service":"preplyte-api","timestamp":"2026-02-14 01:48:31"}
{"level":"info","message":"\u001b[0mGET /api/practice/config/time-limits \u001b[36m304\u001b[0m 31.492 ms - -\u001b[0m","service":"preplyte-api","timestamp":"2026-02-14 01:48:31"}
{"level":"info","message":"\u001b[0mGET /api/practice/enums/difficulty-levels \u001b[36m304\u001b[0m 31.970 ms - -\u001b[0m","service":"preplyte-api","timestamp":"2026-02-14 01:48:31"}
{"level":"debug","message":"Query: SELECT \"public\".\"machine_questions\".\"tags\" FROM \"public\".\"machine_questions\" WHERE \"public\".\"machine_questions\".\"isActive\" = $1 GROUP BY \"public\".\"machine_questions\".\"tags\" OFFSET $2","service":"preplyte-api","timestamp":"2026-02-14 01:48:31"}
{"level":"debug","message":"Params: [true,0]","service":"preplyte-api","timestamp":"2026-02-14 01:48:31"}
{"level":"debug","message":"Duration: 1ms","service":"preplyte-api","timestamp":"2026-02-14 01:48:31"}
{"level":"info","message":"\u001b[0mGET /api/practice/enums/question-types \u001b[36m304\u001b[0m 37.386 ms - -\u001b[0m","service":"preplyte-api","timestamp":"2026-02-14 01:48:31"}
{"level":"debug","message":"Query: SELECT \"public\".\"users\".\"id\", \"public\".\"users\".\"email\", \"public\".\"users\".\"role\"::text, \"public\".\"users\".\"instituteId\", \"public\".\"users\".\"isActive\", \"public\".\"users\".\"tokenVersion\" FROM \"public\".\"users\" WHERE (\"public\".\"users\".\"id\" = $1 AND 1=1) LIMIT $2 OFFSET $3","service":"preplyte-api","timestamp":"2026-02-14 01:48:31"}
{"level":"debug","message":"Params: [\"cmlksg3yz0005chz5d93pvzi8\",1,0]","service":"preplyte-api","timestamp":"2026-02-14 01:48:31"}
{"level":"debug","message":"Duration: 1ms","service":"preplyte-api","timestamp":"2026-02-14 01:48:31"}
{"level":"debug","message":"Query: SELECT COUNT(*) FROM (SELECT \"public\".\"aptitude_practice_sessions\".\"id\" FROM \"public\".\"aptitude_practice_sessions\" WHERE (\"public\".\"aptitude_practice_sessions\".\"userId\" = $1 AND \"public\".\"aptitude_practice_sessions\".\"completedAt\" IS NULL AND \"public\".\"aptitude_practice_sessions\".\"expiresAt\" > $2) OFFSET $3) AS \"sub\"","service":"preplyte-api","timestamp":"2026-02-14 01:48:31"}
{"level":"debug","message":"Params: [\"cmlksg3yz0005chz5d93pvzi8\",\"2026-02-13 20:18:31.291 UTC\",0]","service":"preplyte-api","timestamp":"2026-02-14 01:48:31"}
{"level":"debug","message":"Duration: 1ms","service":"preplyte-api","timestamp":"2026-02-14 01:48:31"}
{"level":"debug","message":"Query: SELECT \"public\".\"aptitude_practice_sessions\".\"id\", \"public\".\"aptitude_practice_sessions\".\"difficulty\"::text, \"public\".\"aptitude_practice_sessions\".\"questionTypes\"::text[], \"public\".\"aptitude_practice_sessions\".\"numberOfQuestions\", \"public\".\"aptitude_practice_sessions\".\"timeLimit\", \"public\".\"aptitude_practice_sessions\".\"startedAt\", \"public\".\"aptitude_practice_sessions\".\"completedAt\", \"public\".\"aptitude_practice_sessions\".\"expiresAt\", \"public\".\"aptitude_practice_sessions\".\"totalScore\", \"public\".\"aptitude_practice_sessions\".\"totalCorrect\", \"public\".\"aptitude_practice_sessions\".\"totalWrong\", \"public\".\"aptitude_practice_sessions\".\"totalUnanswered\" FROM \"public\".\"aptitude_practice_sessions\" WHERE (\"public\".\"aptitude_practice_sessions\".\"userId\" = $1 AND \"public\".\"aptitude_practice_sessions\".\"completedAt\" IS NULL AND \"public\".\"aptitude_practice_sessions\".\"expiresAt\" > $2) ORDER BY \"public\".\"aptitude_practice_sessions\".\"createdAt\" DESC LIMIT $3 OFFSET $4","service":"preplyte-api","timestamp":"2026-02-14 01:48:31"}
{"level":"debug","message":"Params: [\"cmlksg3yz0005chz5d93pvzi8\",\"2026-02-13 20:18:31.291 UTC\",1,0]","service":"preplyte-api","timestamp":"2026-02-14 01:48:31"}
{"level":"debug","message":"Duration: 1ms","service":"preplyte-api","timestamp":"2026-02-14 01:48:31"}
{"level":"info","message":"\u001b[0mGET /api/practice/aptitude/sessions?page=1&limit=1&status=in_progress&sortBy=createdAt&sortOrder=desc \u001b[36m304\u001b[0m 20.170 ms - -\u001b[0m","service":"preplyte-api","timestamp":"2026-02-14 01:48:31"}
{"level":"debug","message":"Query: SELECT \"public\".\"users\".\"id\", \"public\".\"users\".\"email\", \"public\".\"users\".\"role\"::text, \"public\".\"users\".\"instituteId\", \"public\".\"users\".\"isActive\", \"public\".\"users\".\"tokenVersion\" FROM \"public\".\"users\" WHERE (\"public\".\"users\".\"id\" = $1 AND 1=1) LIMIT $2 OFFSET $3","service":"preplyte-api","timestamp":"2026-02-14 01:48:40"}
{"level":"debug","message":"Params: [\"cmlksg3yz0005chz5d93pvzi8\",1,0]","service":"preplyte-api","timestamp":"2026-02-14 01:48:40"}
{"level":"debug","message":"Duration: 1ms","service":"preplyte-api","timestamp":"2026-02-14 01:48:40"}
{"level":"debug","message":"Query: BEGIN","service":"preplyte-api","timestamp":"2026-02-14 01:48:40"}
{"level":"debug","message":"Params: []","service":"preplyte-api","timestamp":"2026-02-14 01:48:40"}
{"level":"debug","message":"Duration: 0ms","service":"preplyte-api","timestamp":"2026-02-14 01:48:40"}
{"level":"debug","message":"Query: SELECT \"public\".\"aptitude_practice_sessions\".\"id\", \"public\".\"aptitude_practice_sessions\".\"expiresAt\" FROM \"public\".\"aptitude_practice_sessions\" WHERE (\"public\".\"aptitude_practice_sessions\".\"userId\" = $1 AND \"public\".\"aptitude_practice_sessions\".\"completedAt\" IS NULL AND \"public\".\"aptitude_practice_sessions\".\"expiresAt\" > $2) LIMIT $3 OFFSET $4","service":"preplyte-api","timestamp":"2026-02-14 01:48:40"}
{"level":"debug","message":"Params: [\"cmlksg3yz0005chz5d93pvzi8\",\"2026-02-13 20:18:40.707 UTC\",1,0]","service":"preplyte-api","timestamp":"2026-02-14 01:48:40"}
{"level":"debug","message":"Duration: 1ms","service":"preplyte-api","timestamp":"2026-02-14 01:48:40"}
{"level":"debug","message":"Query: SELECT \"public\".\"aptitude_questions\".\"id\" FROM \"public\".\"aptitude_questions\" WHERE (\"public\".\"aptitude_questions\".\"isActive\" = $1 AND \"public\".\"aptitude_questions\".\"difficulty\" = CAST($2::text AS \"public\".\"DifficultyLevel\") AND \"public\".\"aptitude_questions\".\"questionType\" IN (CAST($3::text AS \"public\".\"QuestionType\"))) ORDER BY \"public\".\"aptitude_questions\".\"id\" ASC LIMIT $4 OFFSET $5","service":"preplyte-api","timestamp":"2026-02-14 01:48:40"}
{"level":"debug","message":"Params: [true,\"MEDIUM\",\"QUANTITATIVE\",20,0]","service":"preplyte-api","timestamp":"2026-02-14 01:48:40"}
{"level":"debug","message":"Duration: 10ms","service":"preplyte-api","timestamp":"2026-02-14 01:48:40"}
{"difficulty":"MEDIUM","level":"warn","message":"Insufficient questions. Found: 0, Requested: 10","questionTypes":["QUANTITATIVE"],"service":"preplyte-api","timestamp":"2026-02-14 01:48:40"}
{"level":"debug","message":"Query: ROLLBACK","service":"preplyte-api","timestamp":"2026-02-14 01:48:40"}
{"level":"debug","message":"Params: []","service":"preplyte-api","timestamp":"2026-02-14 01:48:40"}
{"level":"debug","message":"Duration: 1ms","service":"preplyte-api","timestamp":"2026-02-14 01:48:40"}
{"code":"Insufficient questions available. Found 0, requested 10. Try different filters.","ip":"127.0.0.1","level":"warn","message":"Operational error INSUFFICIENT_QUESTIONS","method":"POST","path":"/api/practice/aptitude/sessions","requestId":"7a49fb6f-8f1c-4387-9654-cc3392c132fd","service":"preplyte-api","timestamp":"2026-02-14 01:48:40","userAgent":"Mozilla/5.0 (Windows NT 10.0; Win64; x64) AppleWebKit/537.36 (KHTML, like Gecko) Chrome/144.0.0.0 Safari/537.36 Edg/144.0.0.0","userId":"cmlksg3yz0005chz5d93pvzi8"}
{"level":"info","message":"\u001b[0mPOST /api/practice/aptitude/sessions \u001b[33m400\u001b[0m 63.874 ms - 202\u001b[0m","service":"preplyte-api","timestamp":"2026-02-14 01:48:40"}
{"level":"debug","message":"Query: SELECT \"public\".\"users\".\"id\", \"public\".\"users\".\"email\", \"public\".\"users\".\"role\"::text, \"public\".\"users\".\"instituteId\", \"public\".\"users\".\"isActive\", \"public\".\"users\".\"tokenVersion\" FROM \"public\".\"users\" WHERE (\"public\".\"users\".\"id\" = $1 AND 1=1) LIMIT $2 OFFSET $3","service":"preplyte-api","timestamp":"2026-02-14 01:48:45"}
{"level":"debug","message":"Params: [\"cmlksg3yz0005chz5d93pvzi8\",1,0]","service":"preplyte-api","timestamp":"2026-02-14 01:48:45"}
{"level":"debug","message":"Duration: 1ms","service":"preplyte-api","timestamp":"2026-02-14 01:48:45"}
{"level":"debug","message":"Query: BEGIN","service":"preplyte-api","timestamp":"2026-02-14 01:48:45"}
{"level":"debug","message":"Params: []","service":"preplyte-api","timestamp":"2026-02-14 01:48:45"}
{"level":"debug","message":"Duration: 0ms","service":"preplyte-api","timestamp":"2026-02-14 01:48:45"}
{"level":"debug","message":"Query: SELECT \"public\".\"aptitude_practice_sessions\".\"id\", \"public\".\"aptitude_practice_sessions\".\"expiresAt\" FROM \"public\".\"aptitude_practice_sessions\" WHERE (\"public\".\"aptitude_practice_sessions\".\"userId\" = $1 AND \"public\".\"aptitude_practice_sessions\".\"completedAt\" IS NULL AND \"public\".\"aptitude_practice_sessions\".\"expiresAt\" > $2) LIMIT $3 OFFSET $4","service":"preplyte-api","timestamp":"2026-02-14 01:48:45"}
{"level":"debug","message":"Params: [\"cmlksg3yz0005chz5d93pvzi8\",\"2026-02-13 20:18:45.956 UTC\",1,0]","service":"preplyte-api","timestamp":"2026-02-14 01:48:45"}
{"level":"debug","message":"Duration: 0ms","service":"preplyte-api","timestamp":"2026-02-14 01:48:45"}
{"level":"debug","message":"Query: SELECT \"public\".\"aptitude_questions\".\"id\" FROM \"public\".\"aptitude_questions\" WHERE (\"public\".\"aptitude_questions\".\"isActive\" = $1 AND \"public\".\"aptitude_questions\".\"difficulty\" = CAST($2::text AS \"public\".\"DifficultyLevel\") AND \"public\".\"aptitude_questions\".\"questionType\" IN (CAST($3::text AS \"public\".\"QuestionType\"))) ORDER BY \"public\".\"aptitude_questions\".\"id\" ASC LIMIT $4 OFFSET $5","service":"preplyte-api","timestamp":"2026-02-14 01:48:45"}
{"level":"debug","message":"Params: [true,\"MEDIUM\",\"QUANTITATIVE\",20,0]","service":"preplyte-api","timestamp":"2026-02-14 01:48:45"}
{"level":"debug","message":"Duration: 0ms","service":"preplyte-api","timestamp":"2026-02-14 01:48:45"}
{"difficulty":"MEDIUM","level":"warn","message":"Insufficient questions. Found: 0, Requested: 10","questionTypes":["QUANTITATIVE"],"service":"preplyte-api","timestamp":"2026-02-14 01:48:45"}
{"level":"debug","message":"Query: ROLLBACK","service":"preplyte-api","timestamp":"2026-02-14 01:48:45"}
{"level":"debug","message":"Params: []","service":"preplyte-api","timestamp":"2026-02-14 01:48:45"}
{"level":"debug","message":"Duration: 0ms","service":"preplyte-api","timestamp":"2026-02-14 01:48:45"}
{"code":"Insufficient questions available. Found 0, requested 10. Try different filters.","ip":"127.0.0.1","level":"warn","message":"Operational error INSUFFICIENT_QUESTIONS","method":"POST","path":"/api/practice/aptitude/sessions","requestId":"7501a339-070d-4cce-8a93-ccc43a82fa71","service":"preplyte-api","timestamp":"2026-02-14 01:48:45","userAgent":"Mozilla/5.0 (Windows NT 10.0; Win64; x64) AppleWebKit/537.36 (KHTML, like Gecko) Chrome/144.0.0.0 Safari/537.36 Edg/144.0.0.0","userId":"cmlksg3yz0005chz5d93pvzi8"}
{"level":"info","message":"\u001b[0mPOST /api/practice/aptitude/sessions \u001b[33m400\u001b[0m 38.410 ms - 202\u001b[0m","service":"preplyte-api","timestamp":"2026-02-14 01:48:45"}
{"level":"debug","message":"Query: SELECT 1","service":"preplyte-api","timestamp":"2026-02-14 01:48:46"}
{"level":"debug","message":"Params: []","service":"preplyte-api","timestamp":"2026-02-14 01:48:46"}
{"level":"debug","message":"Duration: 0ms","service":"preplyte-api","timestamp":"2026-02-14 01:48:46"}
{"level":"debug","message":"Query: SELECT \"public\".\"users\".\"id\", \"public\".\"users\".\"email\", \"public\".\"users\".\"role\"::text, \"public\".\"users\".\"instituteId\", \"public\".\"users\".\"isActive\", \"public\".\"users\".\"tokenVersion\" FROM \"public\".\"users\" WHERE (\"public\".\"users\".\"id\" = $1 AND 1=1) LIMIT $2 OFFSET $3","service":"preplyte-api","timestamp":"2026-02-14 01:48:46"}
{"level":"debug","message":"Params: [\"cmlksg3yz0005chz5d93pvzi8\",1,0]","service":"preplyte-api","timestamp":"2026-02-14 01:48:46"}
{"level":"debug","message":"Duration: 0ms","service":"preplyte-api","timestamp":"2026-02-14 01:48:46"}
{"level":"debug","message":"Query: BEGIN","service":"preplyte-api","timestamp":"2026-02-14 01:48:46"}
{"level":"debug","message":"Params: []","service":"preplyte-api","timestamp":"2026-02-14 01:48:46"}
{"level":"debug","message":"Duration: 0ms","service":"preplyte-api","timestamp":"2026-02-14 01:48:46"}
{"level":"debug","message":"Query: SELECT \"public\".\"aptitude_practice_sessions\".\"id\", \"public\".\"aptitude_practice_sessions\".\"expiresAt\" FROM \"public\".\"aptitude_practice_sessions\" WHERE (\"public\".\"aptitude_practice_sessions\".\"userId\" = $1 AND \"public\".\"aptitude_practice_sessions\".\"completedAt\" IS NULL AND \"public\".\"aptitude_practice_sessions\".\"expiresAt\" > $2) LIMIT $3 OFFSET $4","service":"preplyte-api","timestamp":"2026-02-14 01:48:46"}
{"level":"debug","message":"Params: [\"cmlksg3yz0005chz5d93pvzi8\",\"2026-02-13 20:18:46.940 UTC\",1,0]","service":"preplyte-api","timestamp":"2026-02-14 01:48:46"}
{"level":"debug","message":"Duration: 0ms","service":"preplyte-api","timestamp":"2026-02-14 01:48:46"}
{"level":"debug","message":"Query: SELECT \"public\".\"aptitude_questions\".\"id\" FROM \"public\".\"aptitude_questions\" WHERE (\"public\".\"aptitude_questions\".\"isActive\" = $1 AND \"public\".\"aptitude_questions\".\"difficulty\" = CAST($2::text AS \"public\".\"DifficultyLevel\") AND \"public\".\"aptitude_questions\".\"questionType\" IN (CAST($3::text AS \"public\".\"QuestionType\"))) ORDER BY \"public\".\"aptitude_questions\".\"id\" ASC LIMIT $4 OFFSET $5","service":"preplyte-api","timestamp":"2026-02-14 01:48:46"}
{"level":"debug","message":"Params: [true,\"MEDIUM\",\"QUANTITATIVE\",20,0]","service":"preplyte-api","timestamp":"2026-02-14 01:48:46"}
{"level":"debug","message":"Duration: 0ms","service":"preplyte-api","timestamp":"2026-02-14 01:48:46"}
{"difficulty":"MEDIUM","level":"warn","message":"Insufficient questions. Found: 0, Requested: 10","questionTypes":["QUANTITATIVE"],"service":"preplyte-api","timestamp":"2026-02-14 01:48:46"}
{"level":"debug","message":"Query: ROLLBACK","service":"preplyte-api","timestamp":"2026-02-14 01:48:46"}
{"level":"debug","message":"Params: []","service":"preplyte-api","timestamp":"2026-02-14 01:48:46"}
{"level":"debug","message":"Duration: 0ms","service":"preplyte-api","timestamp":"2026-02-14 01:48:46"}
{"code":"Insufficient questions available. Found 0, requested 10. Try different filters.","ip":"127.0.0.1","level":"warn","message":"Operational error INSUFFICIENT_QUESTIONS","method":"POST","path":"/api/practice/aptitude/sessions","requestId":"68e5bc08-0997-4b76-af07-853c40a42f00","service":"preplyte-api","timestamp":"2026-02-14 01:48:46","userAgent":"Mozilla/5.0 (Windows NT 10.0; Win64; x64) AppleWebKit/537.36 (KHTML, like Gecko) Chrome/144.0.0.0 Safari/537.36 Edg/144.0.0.0","userId":"cmlksg3yz0005chz5d93pvzi8"}
{"level":"info","message":"\u001b[0mPOST /api/practice/aptitude/sessions \u001b[33m400\u001b[0m 30.631 ms - 202\u001b[0m","service":"preplyte-api","timestamp":"2026-02-14 01:48:46"}
{"level":"debug","message":"Query: SELECT \"public\".\"users\".\"id\", \"public\".\"users\".\"email\", \"public\".\"users\".\"role\"::text, \"public\".\"users\".\"instituteId\", \"public\".\"users\".\"isActive\", \"public\".\"users\".\"tokenVersion\" FROM \"public\".\"users\" WHERE (\"public\".\"users\".\"id\" = $1 AND 1=1) LIMIT $2 OFFSET $3","service":"preplyte-api","timestamp":"2026-02-14 01:48:47"}
{"level":"debug","message":"Params: [\"cmlksg3yz0005chz5d93pvzi8\",1,0]","service":"preplyte-api","timestamp":"2026-02-14 01:48:47"}
{"level":"debug","message":"Duration: 0ms","service":"preplyte-api","timestamp":"2026-02-14 01:48:47"}
{"level":"debug","message":"Query: BEGIN","service":"preplyte-api","timestamp":"2026-02-14 01:48:47"}
{"level":"debug","message":"Params: []","service":"preplyte-api","timestamp":"2026-02-14 01:48:47"}
{"level":"debug","message":"Duration: 0ms","service":"preplyte-api","timestamp":"2026-02-14 01:48:47"}
{"level":"debug","message":"Query: SELECT \"public\".\"aptitude_practice_sessions\".\"id\", \"public\".\"aptitude_practice_sessions\".\"expiresAt\" FROM \"public\".\"aptitude_practice_sessions\" WHERE (\"public\".\"aptitude_practice_sessions\".\"userId\" = $1 AND \"public\".\"aptitude_practice_sessions\".\"completedAt\" IS NULL AND \"public\".\"aptitude_practice_sessions\".\"expiresAt\" > $2) LIMIT $3 OFFSET $4","service":"preplyte-api","timestamp":"2026-02-14 01:48:47"}
{"level":"debug","message":"Params: [\"cmlksg3yz0005chz5d93pvzi8\",\"2026-02-13 20:18:47.724 UTC\",1,0]","service":"preplyte-api","timestamp":"2026-02-14 01:48:47"}
{"level":"debug","message":"Duration: 0ms","service":"preplyte-api","timestamp":"2026-02-14 01:48:47"}
{"level":"debug","message":"Query: SELECT \"public\".\"aptitude_questions\".\"id\" FROM \"public\".\"aptitude_questions\" WHERE (\"public\".\"aptitude_questions\".\"isActive\" = $1 AND \"public\".\"aptitude_questions\".\"difficulty\" = CAST($2::text AS \"public\".\"DifficultyLevel\") AND \"public\".\"aptitude_questions\".\"questionType\" IN (CAST($3::text AS \"public\".\"QuestionType\"))) ORDER BY \"public\".\"aptitude_questions\".\"id\" ASC LIMIT $4 OFFSET $5","service":"preplyte-api","timestamp":"2026-02-14 01:48:47"}
{"level":"debug","message":"Params: [true,\"MEDIUM\",\"QUANTITATIVE\",20,0]","service":"preplyte-api","timestamp":"2026-02-14 01:48:47"}
{"level":"debug","message":"Duration: 0ms","service":"preplyte-api","timestamp":"2026-02-14 01:48:47"}
{"difficulty":"MEDIUM","level":"warn","message":"Insufficient questions. Found: 0, Requested: 10","questionTypes":["QUANTITATIVE"],"service":"preplyte-api","timestamp":"2026-02-14 01:48:47"}
{"level":"debug","message":"Query: ROLLBACK","service":"preplyte-api","timestamp":"2026-02-14 01:48:47"}
{"level":"debug","message":"Params: []","service":"preplyte-api","timestamp":"2026-02-14 01:48:47"}
{"level":"debug","message":"Duration: 0ms","service":"preplyte-api","timestamp":"2026-02-14 01:48:47"}
{"code":"Insufficient questions available. Found 0, requested 10. Try different filters.","ip":"127.0.0.1","level":"warn","message":"Operational error INSUFFICIENT_QUESTIONS","method":"POST","path":"/api/practice/aptitude/sessions","requestId":"ea6b1525-4436-4112-be80-9c3183419d90","service":"preplyte-api","timestamp":"2026-02-14 01:48:47","userAgent":"Mozilla/5.0 (Windows NT 10.0; Win64; x64) AppleWebKit/537.36 (KHTML, like Gecko) Chrome/144.0.0.0 Safari/537.36 Edg/144.0.0.0","userId":"cmlksg3yz0005chz5d93pvzi8"}
{"level":"info","message":"\u001b[0mPOST /api/practice/aptitude/sessions \u001b[33m400\u001b[0m 24.620 ms - 202\u001b[0m","service":"preplyte-api","timestamp":"2026-02-14 01:48:47"}
{"level":"debug","message":"Query: SELECT \"public\".\"users\".\"id\", \"public\".\"users\".\"email\", \"public\".\"users\".\"role\"::text, \"public\".\"users\".\"instituteId\", \"public\".\"users\".\"isActive\", \"public\".\"users\".\"tokenVersion\" FROM \"public\".\"users\" WHERE (\"public\".\"users\".\"id\" = $1 AND 1=1) LIMIT $2 OFFSET $3","service":"preplyte-api","timestamp":"2026-02-14 01:48:47"}
{"level":"debug","message":"Params: [\"cmlksg3yz0005chz5d93pvzi8\",1,0]","service":"preplyte-api","timestamp":"2026-02-14 01:48:47"}
{"level":"debug","message":"Duration: 0ms","service":"preplyte-api","timestamp":"2026-02-14 01:48:47"}
{"level":"debug","message":"Query: BEGIN","service":"preplyte-api","timestamp":"2026-02-14 01:48:47"}
{"level":"debug","message":"Params: []","service":"preplyte-api","timestamp":"2026-02-14 01:48:47"}
{"level":"debug","message":"Duration: 0ms","service":"preplyte-api","timestamp":"2026-02-14 01:48:47"}
{"level":"debug","message":"Query: SELECT \"public\".\"aptitude_practice_sessions\".\"id\", \"public\".\"aptitude_practice_sessions\".\"expiresAt\" FROM \"public\".\"aptitude_practice_sessions\" WHERE (\"public\".\"aptitude_practice_sessions\".\"userId\" = $1 AND \"public\".\"aptitude_practice_sessions\".\"completedAt\" IS NULL AND \"public\".\"aptitude_practice_sessions\".\"expiresAt\" > $2) LIMIT $3 OFFSET $4","service":"preplyte-api","timestamp":"2026-02-14 01:48:47"}
{"level":"debug","message":"Params: [\"cmlksg3yz0005chz5d93pvzi8\",\"2026-02-13 20:18:47.959 UTC\",1,0]","service":"preplyte-api","timestamp":"2026-02-14 01:48:47"}
{"level":"debug","message":"Duration: 0ms","service":"preplyte-api","timestamp":"2026-02-14 01:48:47"}
{"level":"debug","message":"Query: SELECT \"public\".\"aptitude_questions\".\"id\" FROM \"public\".\"aptitude_questions\" WHERE (\"public\".\"aptitude_questions\".\"isActive\" = $1 AND \"public\".\"aptitude_questions\".\"difficulty\" = CAST($2::text AS \"public\".\"DifficultyLevel\") AND \"public\".\"aptitude_questions\".\"questionType\" IN (CAST($3::text AS \"public\".\"QuestionType\"))) ORDER BY \"public\".\"aptitude_questions\".\"id\" ASC LIMIT $4 OFFSET $5","service":"preplyte-api","timestamp":"2026-02-14 01:48:47"}
{"level":"debug","message":"Params: [true,\"MEDIUM\",\"QUANTITATIVE\",20,0]","service":"preplyte-api","timestamp":"2026-02-14 01:48:47"}
{"level":"debug","message":"Duration: 0ms","service":"preplyte-api","timestamp":"2026-02-14 01:48:47"}
{"difficulty":"MEDIUM","level":"warn","message":"Insufficient questions. Found: 0, Requested: 10","questionTypes":["QUANTITATIVE"],"service":"preplyte-api","timestamp":"2026-02-14 01:48:47"}
{"level":"debug","message":"Query: ROLLBACK","service":"preplyte-api","timestamp":"2026-02-14 01:48:47"}
{"level":"debug","message":"Params: []","service":"preplyte-api","timestamp":"2026-02-14 01:48:47"}
{"level":"debug","message":"Duration: 0ms","service":"preplyte-api","timestamp":"2026-02-14 01:48:47"}
{"code":"Insufficient questions available. Found 0, requested 10. Try different filters.","ip":"127.0.0.1","level":"warn","message":"Operational error INSUFFICIENT_QUESTIONS","method":"POST","path":"/api/practice/aptitude/sessions","requestId":"b4796f56-d735-48d3-b008-034ce7a7d5b4","service":"preplyte-api","timestamp":"2026-02-14 01:48:47","userAgent":"Mozilla/5.0 (Windows NT 10.0; Win64; x64) AppleWebKit/537.36 (KHTML, like Gecko) Chrome/144.0.0.0 Safari/537.36 Edg/144.0.0.0","userId":"cmlksg3yz0005chz5d93pvzi8"}
{"level":"info","message":"\u001b[0mPOST /api/practice/aptitude/sessions \u001b[33m400\u001b[0m 28.307 ms - 202\u001b[0m","service":"preplyte-api","timestamp":"2026-02-14 01:48:47"}
{"level":"debug","message":"Query: SELECT \"public\".\"users\".\"id\", \"public\".\"users\".\"email\", \"public\".\"users\".\"role\"::text, \"public\".\"users\".\"instituteId\", \"public\".\"users\".\"isActive\", \"public\".\"users\".\"tokenVersion\" FROM \"public\".\"users\" WHERE (\"public\".\"users\".\"id\" = $1 AND 1=1) LIMIT $2 OFFSET $3","service":"preplyte-api","timestamp":"2026-02-14 01:48:54"}
{"level":"debug","message":"Params: [\"cmlksg3yz0005chz5d93pvzi8\",1,0]","service":"preplyte-api","timestamp":"2026-02-14 01:48:54"}
{"level":"debug","message":"Duration: 0ms","service":"preplyte-api","timestamp":"2026-02-14 01:48:54"}
{"level":"debug","message":"Query: BEGIN","service":"preplyte-api","timestamp":"2026-02-14 01:48:54"}
{"level":"debug","message":"Params: []","service":"preplyte-api","timestamp":"2026-02-14 01:48:54"}
{"level":"debug","message":"Duration: 0ms","service":"preplyte-api","timestamp":"2026-02-14 01:48:54"}
{"level":"debug","message":"Query: SELECT \"public\".\"aptitude_practice_sessions\".\"id\", \"public\".\"aptitude_practice_sessions\".\"expiresAt\" FROM \"public\".\"aptitude_practice_sessions\" WHERE (\"public\".\"aptitude_practice_sessions\".\"userId\" = $1 AND \"public\".\"aptitude_practice_sessions\".\"completedAt\" IS NULL AND \"public\".\"aptitude_practice_sessions\".\"expiresAt\" > $2) LIMIT $3 OFFSET $4","service":"preplyte-api","timestamp":"2026-02-14 01:48:54"}
{"level":"debug","message":"Params: [\"cmlksg3yz0005chz5d93pvzi8\",\"2026-02-13 20:18:54.937 UTC\",1,0]","service":"preplyte-api","timestamp":"2026-02-14 01:48:54"}
{"level":"debug","message":"Duration: 0ms","service":"preplyte-api","timestamp":"2026-02-14 01:48:54"}
{"level":"debug","message":"Query: SELECT \"public\".\"aptitude_questions\".\"id\" FROM \"public\".\"aptitude_questions\" WHERE (\"public\".\"aptitude_questions\".\"isActive\" = $1 AND \"public\".\"aptitude_questions\".\"difficulty\" = CAST($2::text AS \"public\".\"DifficultyLevel\") AND \"public\".\"aptitude_questions\".\"questionType\" IN (CAST($3::text AS \"public\".\"QuestionType\"))) ORDER BY \"public\".\"aptitude_questions\".\"id\" ASC LIMIT $4 OFFSET $5","service":"preplyte-api","timestamp":"2026-02-14 01:48:54"}
{"level":"debug","message":"Params: [true,\"MEDIUM\",\"QUANTITATIVE\",20,0]","service":"preplyte-api","timestamp":"2026-02-14 01:48:54"}
{"level":"debug","message":"Duration: 1ms","service":"preplyte-api","timestamp":"2026-02-14 01:48:54"}
{"difficulty":"MEDIUM","level":"warn","message":"Insufficient questions. Found: 0, Requested: 10","questionTypes":["QUANTITATIVE"],"service":"preplyte-api","timestamp":"2026-02-14 01:48:54"}
{"level":"debug","message":"Query: ROLLBACK","service":"preplyte-api","timestamp":"2026-02-14 01:48:54"}
{"level":"debug","message":"Params: []","service":"preplyte-api","timestamp":"2026-02-14 01:48:54"}
{"level":"debug","message":"Duration: 0ms","service":"preplyte-api","timestamp":"2026-02-14 01:48:54"}
{"code":"Insufficient questions available. Found 0, requested 10. Try different filters.","ip":"127.0.0.1","level":"warn","message":"Operational error INSUFFICIENT_QUESTIONS","method":"POST","path":"/api/practice/aptitude/sessions","requestId":"0b577b41-913d-47fd-b6fc-c60c2e73e7ff","service":"preplyte-api","timestamp":"2026-02-14 01:48:54","userAgent":"Mozilla/5.0 (Linux; Android 6.0; Nexus 5 Build/MRA58N) AppleWebKit/537.36 (KHTML, like Gecko) Chrome/144.0.0.0 Mobile Safari/537.36 Edg/144.0.0.0","userId":"cmlksg3yz0005chz5d93pvzi8"}
{"level":"info","message":"\u001b[0mPOST /api/practice/aptitude/sessions \u001b[33m400\u001b[0m 21.925 ms - 202\u001b[0m","service":"preplyte-api","timestamp":"2026-02-14 01:48:54"}
{"level":"info","message":"\u001b[0mGET /api/dashboard/student \u001b[33m401\u001b[0m 1.404 ms - 108\u001b[0m","service":"preplyte-api","timestamp":"2026-02-14 01:51:19"}
{"level":"debug","message":"Query: SELECT \"public\".\"refresh_tokens\".\"id\", \"public\".\"refresh_tokens\".\"token\", \"public\".\"refresh_tokens\".\"userId\", \"public\".\"refresh_tokens\".\"expiresAt\", \"public\".\"refresh_tokens\".\"revokedAt\", \"public\".\"refresh_tokens\".\"userAgent\", \"public\".\"refresh_tokens\".\"ipAddress\", \"public\".\"refresh_tokens\".\"createdAt\" FROM \"public\".\"refresh_tokens\" WHERE (\"public\".\"refresh_tokens\".\"token\" = $1 AND \"public\".\"refresh_tokens\".\"userId\" = $2) LIMIT $3 OFFSET $4","service":"preplyte-api","timestamp":"2026-02-14 01:51:19"}
{"level":"debug","message":"Params: [\"1f2ddf885f8096e2e49f9ef2c8ccd4874c918a7d28dc92cd159f453270ab96f5\",\"cmlksg3yz0005chz5d93pvzi8\",1,0]","service":"preplyte-api","timestamp":"2026-02-14 01:51:19"}
{"level":"debug","message":"Duration: 7ms","service":"preplyte-api","timestamp":"2026-02-14 01:51:19"}
{"level":"warn","message":"Refresh token reuse detected","revokedAt":"2026-02-13T20:14:22.868Z","service":"preplyte-api","timestamp":"2026-02-14 01:51:19","tokenId":"cmllb1pl60001337xukg6is2i","userId":"cmlksg3yz0005chz5d93pvzi8"}
{"level":"debug","message":"Query: UPDATE \"public\".\"users\" SET \"tokenVersion\" = (\"public\".\"users\".\"tokenVersion\" + $1), \"updatedAt\" = $2 WHERE (\"public\".\"users\".\"id\" = $3 AND 1=1) RETURNING \"public\".\"users\".\"id\", \"public\".\"users\".\"email\", \"public\".\"users\".\"password\", \"public\".\"users\".\"name\", \"public\".\"users\".\"role\"::text, \"public\".\"users\".\"isActive\", \"public\".\"users\".\"instituteId\", \"public\".\"users\".\"createdAt\", \"public\".\"users\".\"updatedAt\", \"public\".\"users\".\"lastLoginAt\", \"public\".\"users\".\"tokenVersion\"","service":"preplyte-api","timestamp":"2026-02-14 01:51:19"}
{"level":"debug","message":"Params: [1,\"2026-02-13 20:21:19.753 UTC\",\"cmlksg3yz0005chz5d93pvzi8\"]","service":"preplyte-api","timestamp":"2026-02-14 01:51:19"}
{"level":"debug","message":"Duration: 9ms","service":"preplyte-api","timestamp":"2026-02-14 01:51:19"}
{"level":"debug","message":"Query: BEGIN","service":"preplyte-api","timestamp":"2026-02-14 01:51:19"}
{"level":"debug","message":"Params: []","service":"preplyte-api","timestamp":"2026-02-14 01:51:19"}
{"level":"debug","message":"Duration: 0ms","service":"preplyte-api","timestamp":"2026-02-14 01:51:19"}
{"level":"debug","message":"Query: UPDATE \"public\".\"refresh_tokens\" SET \"revokedAt\" = $1 WHERE (\"public\".\"refresh_tokens\".\"userId\" = $2 AND \"public\".\"refresh_tokens\".\"revokedAt\" IS NULL)","service":"preplyte-api","timestamp":"2026-02-14 01:51:19"}
{"level":"debug","message":"Params: [\"2026-02-13 20:21:19.752 UTC\",\"cmlksg3yz0005chz5d93pvzi8\"]","service":"preplyte-api","timestamp":"2026-02-14 01:51:19"}
{"level":"debug","message":"Duration: 5ms","service":"preplyte-api","timestamp":"2026-02-14 01:51:19"}
{"level":"debug","message":"Query: COMMIT","service":"preplyte-api","timestamp":"2026-02-14 01:51:19"}
{"level":"debug","message":"Params: []","service":"preplyte-api","timestamp":"2026-02-14 01:51:19"}
{"level":"debug","message":"Duration: 1ms","service":"preplyte-api","timestamp":"2026-02-14 01:51:19"}
{"level":"info","message":"User logged out from all devices","service":"preplyte-api","timestamp":"2026-02-14 01:51:19","userId":"cmlksg3yz0005chz5d93pvzi8"}
{"code":"UNAUTHORIZED","ip":"127.0.0.1","level":"warn","message":"Operational error Token reuse detected. All sessions have been revoked for security.","method":"POST","path":"/api/auth/refresh","requestId":"mllc21mc-0954d5a14efcfa54","service":"preplyte-api","timestamp":"2026-02-14 01:51:19","userAgent":"Mozilla/5.0 (Windows NT 10.0; Win64; x64) AppleWebKit/537.36 (KHTML, like Gecko) Chrome/144.0.0.0 Safari/537.36 Edg/144.0.0.0"}
{"level":"info","message":"\u001b[0mPOST /api/auth/refresh \u001b[33m401\u001b[0m 145.496 ms - 168\u001b[0m","service":"preplyte-api","timestamp":"2026-02-14 01:51:19"}
{"level":"debug","message":"Query: SELECT 1","service":"preplyte-api","timestamp":"2026-02-14 01:51:45"}
{"level":"debug","message":"Params: []","service":"preplyte-api","timestamp":"2026-02-14 01:51:45"}
{"level":"debug","message":"Duration: 0ms","service":"preplyte-api","timestamp":"2026-02-14 01:51:45"}
{"level":"debug","message":"Query: SELECT \"public\".\"users\".\"id\", \"public\".\"users\".\"email\", \"public\".\"users\".\"password\", \"public\".\"users\".\"name\", \"public\".\"users\".\"role\"::text, \"public\".\"users\".\"isActive\", \"public\".\"users\".\"instituteId\", \"public\".\"users\".\"createdAt\", \"public\".\"users\".\"updatedAt\", \"public\".\"users\".\"lastLoginAt\", \"public\".\"users\".\"tokenVersion\" FROM \"public\".\"users\" WHERE (\"public\".\"users\".\"email\" = $1 AND 1=1) LIMIT $2 OFFSET $3","service":"preplyte-api","timestamp":"2026-02-14 01:51:45"}
{"level":"debug","message":"Params: [\"vicharekartik2004@gmail.com\",1,0]","service":"preplyte-api","timestamp":"2026-02-14 01:51:45"}
{"level":"debug","message":"Duration: 7ms","service":"preplyte-api","timestamp":"2026-02-14 01:51:45"}
{"level":"debug","message":"Query: SELECT 1","service":"preplyte-api","timestamp":"2026-02-14 01:51:46"}
{"level":"debug","message":"Params: []","service":"preplyte-api","timestamp":"2026-02-14 01:51:46"}
{"level":"debug","message":"Duration: 0ms","service":"preplyte-api","timestamp":"2026-02-14 01:51:46"}
{"level":"debug","message":"Query: INSERT INTO \"public\".\"refresh_tokens\" (\"id\",\"token\",\"userId\",\"expiresAt\",\"createdAt\") VALUES ($1,$2,$3,$4,$5) RETURNING \"public\".\"refresh_tokens\".\"id\", \"public\".\"refresh_tokens\".\"token\", \"public\".\"refresh_tokens\".\"userId\", \"public\".\"refresh_tokens\".\"expiresAt\", \"public\".\"refresh_tokens\".\"revokedAt\", \"public\".\"refresh_tokens\".\"userAgent\", \"public\".\"refresh_tokens\".\"ipAddress\", \"public\".\"refresh_tokens\".\"createdAt\"","service":"preplyte-api","timestamp":"2026-02-14 01:51:46"}
{"level":"debug","message":"Params: [\"cmllc2mc9000h337xubbnh3of\",\"d26d1f817764429e286f055070be2c11c5b5f9c79057a4d00bc6e8bc23cc34fe\",\"cmlksg3yz0005chz5d93pvzi8\",\"2026-02-20 20:21:46.520 UTC\",\"2026-02-13 20:21:46.521 UTC\"]","service":"preplyte-api","timestamp":"2026-02-14 01:51:46"}
{"level":"debug","message":"Duration: 1ms","service":"preplyte-api","timestamp":"2026-02-14 01:51:46"}
{"level":"debug","message":"Query: UPDATE \"public\".\"users\" SET \"lastLoginAt\" = $1, \"updatedAt\" = $2 WHERE (\"public\".\"users\".\"id\" = $3 AND 1=1) RETURNING \"public\".\"users\".\"id\", \"public\".\"users\".\"email\", \"public\".\"users\".\"password\", \"public\".\"users\".\"name\", \"public\".\"users\".\"role\"::text, \"public\".\"users\".\"isActive\", \"public\".\"users\".\"instituteId\", \"public\".\"users\".\"createdAt\", \"public\".\"users\".\"updatedAt\", \"public\".\"users\".\"lastLoginAt\", \"public\".\"users\".\"tokenVersion\"","service":"preplyte-api","timestamp":"2026-02-14 01:51:46"}
{"level":"debug","message":"Params: [\"2026-02-13 20:21:46.520 UTC\",\"2026-02-13 20:21:46.521 UTC\",\"cmlksg3yz0005chz5d93pvzi8\"]","service":"preplyte-api","timestamp":"2026-02-14 01:51:46"}
{"level":"debug","message":"Duration: 1ms","service":"preplyte-api","timestamp":"2026-02-14 01:51:46"}
{"level":"info","message":"User logged in","service":"preplyte-api","timestamp":"2026-02-14 01:51:46","userId":"cmlksg3yz0005chz5d93pvzi8"}
{"level":"info","message":"\u001b[0mPOST /api/auth/login \u001b[32m200\u001b[0m 586.415 ms - 920\u001b[0m","service":"preplyte-api","timestamp":"2026-02-14 01:51:46"}
{"level":"debug","message":"Query: SELECT \"public\".\"users\".\"id\", \"public\".\"users\".\"email\", \"public\".\"users\".\"role\"::text, \"public\".\"users\".\"instituteId\", \"public\".\"users\".\"isActive\", \"public\".\"users\".\"tokenVersion\" FROM \"public\".\"users\" WHERE (\"public\".\"users\".\"id\" = $1 AND 1=1) LIMIT $2 OFFSET $3","service":"preplyte-api","timestamp":"2026-02-14 01:51:47"}
{"level":"debug","message":"Params: [\"cmlksg3yz0005chz5d93pvzi8\",1,0]","service":"preplyte-api","timestamp":"2026-02-14 01:51:47"}
{"level":"debug","message":"Duration: 1ms","service":"preplyte-api","timestamp":"2026-02-14 01:51:47"}
{"level":"debug","message":"[DashboardService] Fetching student dashboard","service":"preplyte-api","timestamp":"2026-02-14 01:51:47","userId":"cmlksg3yz0005chz5d93pvzi8"}
{"level":"debug","message":"Query: SELECT \"public\".\"machine_practice_sessions\".\"id\", \"public\".\"machine_practice_sessions\".\"completedAt\", \"public\".\"machine_practice_sessions\".\"totalSolved\", \"public\".\"machine_practice_sessions\".\"numberOfQuestions\" FROM \"public\".\"machine_practice_sessions\" WHERE \"public\".\"machine_practice_sessions\".\"userId\" = $1 OFFSET $2","service":"preplyte-api","timestamp":"2026-02-14 01:51:47"}
{"level":"debug","message":"Params: [\"cmlksg3yz0005chz5d93pvzi8\",0]","service":"preplyte-api","timestamp":"2026-02-14 01:51:47"}
{"level":"debug","message":"Duration: 6ms","service":"preplyte-api","timestamp":"2026-02-14 01:51:47"}
{"level":"debug","message":"Query: SELECT \"public\".\"aptitude_practice_sessions\".\"id\", \"public\".\"aptitude_practice_sessions\".\"completedAt\", \"public\".\"aptitude_practice_sessions\".\"totalScore\", \"public\".\"aptitude_practice_sessions\".\"numberOfQuestions\" FROM \"public\".\"aptitude_practice_sessions\" WHERE \"public\".\"aptitude_practice_sessions\".\"userId\" = $1 OFFSET $2","service":"preplyte-api","timestamp":"2026-02-14 01:51:47"}
{"level":"debug","message":"Params: [\"cmlksg3yz0005chz5d93pvzi8\",0]","service":"preplyte-api","timestamp":"2026-02-14 01:51:47"}
{"level":"debug","message":"Duration: 7ms","service":"preplyte-api","timestamp":"2026-02-14 01:51:47"}
{"level":"debug","message":"Query: SELECT \"public\".\"aptitude_practice_sessions\".\"id\", \"public\".\"aptitude_practice_sessions\".\"difficulty\"::text, \"public\".\"aptitude_practice_sessions\".\"totalScore\", \"public\".\"aptitude_practice_sessions\".\"numberOfQuestions\", \"public\".\"aptitude_practice_sessions\".\"completedAt\", \"public\".\"aptitude_practice_sessions\".\"questionTypes\"::text[] FROM \"public\".\"aptitude_practice_sessions\" WHERE (\"public\".\"aptitude_practice_sessions\".\"userId\" = $1 AND \"public\".\"aptitude_practice_sessions\".\"completedAt\" IS NOT NULL) ORDER BY \"public\".\"aptitude_practice_sessions\".\"completedAt\" DESC LIMIT $2 OFFSET $3","service":"preplyte-api","timestamp":"2026-02-14 01:51:47"}
{"level":"debug","message":"Params: [\"cmlksg3yz0005chz5d93pvzi8\",5,0]","service":"preplyte-api","timestamp":"2026-02-14 01:51:47"}
{"level":"debug","message":"Duration: 11ms","service":"preplyte-api","timestamp":"2026-02-14 01:51:47"}
{"level":"debug","message":"Query: SELECT \"public\".\"lms_enrollments\".\"id\", \"public\".\"lms_enrollments\".\"userId\", \"public\".\"lms_enrollments\".\"courseId\", \"public\".\"lms_enrollments\".\"status\"::text, \"public\".\"lms_enrollments\".\"completedModules\", \"public\".\"lms_enrollments\".\"completedTopics\", \"public\".\"lms_enrollments\".\"progressPercent\", \"public\".\"lms_enrollments\".\"totalPointsEarned\", \"public\".\"lms_enrollments\".\"moduleTestPointsEarned\", \"public\".\"lms_enrollments\".\"finalTestPointsEarned\", \"public\".\"lms_enrollments\".\"finalTestAttempted\", \"public\".\"lms_enrollments\".\"finalTestPassed\", \"public\".\"lms_enrollments\".\"finalTestScore\", \"public\".\"lms_enrollments\".\"finalTestMarks\", \"public\".\"lms_enrollments\".\"enrolledAt\", \"public\".\"lms_enrollments\".\"startedAt\", \"public\".\"lms_enrollments\".\"completedAt\", \"public\".\"lms_enrollments\".\"lastAccessedAt\", \"public\".\"lms_enrollments\".\"certificateUrl\", \"public\".\"lms_enrollments\".\"certificateIssuedAt\", \"public\".\"lms_enrollments\".\"createdAt\", \"public\".\"lms_enrollments\".\"updatedAt\" FROM \"public\".\"lms_enrollments\" WHERE \"public\".\"lms_enrollments\".\"userId\" = $1 OFFSET $2","service":"preplyte-api","timestamp":"2026-02-14 01:51:47"}
{"level":"debug","message":"Params: [\"cmlksg3yz0005chz5d93pvzi8\",0]","service":"preplyte-api","timestamp":"2026-02-14 01:51:47"}
{"level":"debug","message":"Duration: 6ms","service":"preplyte-api","timestamp":"2026-02-14 01:51:47"}
{"level":"debug","message":"Query: SELECT \"public\".\"ai_interview_sessions\".\"id\", \"public\".\"ai_interview_sessions\".\"difficulty\"::text, \"public\".\"ai_interview_sessions\".\"jobTitle\", \"public\".\"ai_interview_sessions\".\"completedAt\" FROM \"public\".\"ai_interview_sessions\" WHERE (\"public\".\"ai_interview_sessions\".\"userId\" = $1 AND \"public\".\"ai_interview_sessions\".\"status\" = CAST($2::text AS \"public\".\"AiInterviewSessionStatus\")) ORDER BY \"public\".\"ai_interview_sessions\".\"completedAt\" DESC LIMIT $3 OFFSET $4","service":"preplyte-api","timestamp":"2026-02-14 01:51:47"}
{"level":"debug","message":"Params: [\"cmlksg3yz0005chz5d93pvzi8\",\"COMPLETED\",5,0]","service":"preplyte-api","timestamp":"2026-02-14 01:51:47"}
{"level":"debug","message":"Duration: 4ms","service":"preplyte-api","timestamp":"2026-02-14 01:51:47"}
{"level":"debug","message":"Query: SELECT \"public\".\"lms_enrollments\".\"id\", \"public\".\"lms_enrollments\".\"userId\", \"public\".\"lms_enrollments\".\"courseId\", \"public\".\"lms_enrollments\".\"status\"::text, \"public\".\"lms_enrollments\".\"completedModules\", \"public\".\"lms_enrollments\".\"completedTopics\", \"public\".\"lms_enrollments\".\"progressPercent\", \"public\".\"lms_enrollments\".\"totalPointsEarned\", \"public\".\"lms_enrollments\".\"moduleTestPointsEarned\", \"public\".\"lms_enrollments\".\"finalTestPointsEarned\", \"public\".\"lms_enrollments\".\"finalTestAttempted\", \"public\".\"lms_enrollments\".\"finalTestPassed\", \"public\".\"lms_enrollments\".\"finalTestScore\", \"public\".\"lms_enrollments\".\"finalTestMarks\", \"public\".\"lms_enrollments\".\"enrolledAt\", \"public\".\"lms_enrollments\".\"startedAt\", \"public\".\"lms_enrollments\".\"completedAt\", \"public\".\"lms_enrollments\".\"lastAccessedAt\", \"public\".\"lms_enrollments\".\"certificateUrl\", \"public\".\"lms_enrollments\".\"certificateIssuedAt\", \"public\".\"lms_enrollments\".\"createdAt\", \"public\".\"lms_enrollments\".\"updatedAt\" FROM \"public\".\"lms_enrollments\" WHERE \"public\".\"lms_enrollments\".\"userId\" = $1 ORDER BY \"public\".\"lms_enrollments\".\"lastAccessedAt\" DESC OFFSET $2","service":"preplyte-api","timestamp":"2026-02-14 01:51:47"}
{"level":"debug","message":"Params: [\"cmlksg3yz0005chz5d93pvzi8\",0]","service":"preplyte-api","timestamp":"2026-02-14 01:51:47"}
{"level":"debug","message":"Duration: 5ms","service":"preplyte-api","timestamp":"2026-02-14 01:51:47"}
{"level":"debug","message":"Query: SELECT \"public\".\"lms_courses\".\"id\", \"public\".\"lms_courses\".\"totalHours\", \"public\".\"lms_courses\".\"totalPoints\" FROM \"public\".\"lms_courses\" WHERE \"public\".\"lms_courses\".\"id\" IN ($1,$2) OFFSET $3","service":"preplyte-api","timestamp":"2026-02-14 01:51:47"}
{"level":"debug","message":"Params: [\"cmlkt4pth0007yv6bvydorxj0\",\"cmlku48wi000e6pa9yrdyr6yi\",0]","service":"preplyte-api","timestamp":"2026-02-14 01:51:47"}
{"level":"debug","message":"Duration: 4ms","service":"preplyte-api","timestamp":"2026-02-14 01:51:47"}
{"level":"debug","message":"Query: SELECT \"public\".\"ai_interview_sessions\".\"id\", \"public\".\"ai_interview_sessions\".\"status\"::text FROM \"public\".\"ai_interview_sessions\" WHERE \"public\".\"ai_interview_sessions\".\"userId\" = $1 OFFSET $2","service":"preplyte-api","timestamp":"2026-02-14 01:51:47"}
{"level":"debug","message":"Params: [\"cmlksg3yz0005chz5d93pvzi8\",0]","service":"preplyte-api","timestamp":"2026-02-14 01:51:47"}
{"level":"debug","message":"Duration: 3ms","service":"preplyte-api","timestamp":"2026-02-14 01:51:47"}
{"level":"debug","message":"Query: SELECT \"public\".\"lms_courses\".\"id\", \"public\".\"lms_courses\".\"categoryId\", \"public\".\"lms_courses\".\"title\", \"public\".\"lms_courses\".\"slug\", \"public\".\"lms_courses\".\"shortDescription\", \"public\".\"lms_courses\".\"description\", \"public\".\"lms_courses\".\"thumbnailUrl\", \"public\".\"lms_courses\".\"previewVideoUrl\", \"public\".\"lms_courses\".\"totalModules\", \"public\".\"lms_courses\".\"totalTopics\", \"public\".\"lms_courses\".\"totalPoints\", \"public\".\"lms_courses\".\"totalHours\", \"public\".\"lms_courses\".\"price\", \"public\".\"lms_courses\".\"discountPrice\", \"public\".\"lms_courses\".\"currency\", \"public\".\"lms_courses\".\"status\"::text, \"public\".\"lms_courses\".\"isActive\", \"public\".\"lms_courses\".\"certificateEnabled\", \"public\".\"lms_courses\".\"passingPercentage\", \"public\".\"lms_courses\".\"tags\", \"public\".\"lms_courses\".\"difficulty\"::text, \"public\".\"lms_courses\".\"instructor\", \"public\".\"lms_courses\".\"language\", \"public\".\"lms_courses\".\"averageRating\", \"public\".\"lms_courses\".\"ratingsCount\", \"public\".\"lms_courses\".\"createdAt\", \"public\".\"lms_courses\".\"updatedAt\", \"public\".\"lms_courses\".\"publishedAt\" FROM \"public\".\"lms_courses\" WHERE \"public\".\"lms_courses\".\"id\" IN ($1,$2) OFFSET $3","service":"preplyte-api","timestamp":"2026-02-14 01:51:47"}
{"level":"debug","message":"Params: [\"cmlku48wi000e6pa9yrdyr6yi\",\"cmlkt4pth0007yv6bvydorxj0\",0]","service":"preplyte-api","timestamp":"2026-02-14 01:51:47"}
{"level":"debug","message":"Duration: 4ms","service":"preplyte-api","timestamp":"2026-02-14 01:51:47"}
{"level":"debug","message":"Query: SELECT \"public\".\"lms_enrollments\".\"id\", \"public\".\"lms_enrollments\".\"userId\", \"public\".\"lms_enrollments\".\"courseId\", \"public\".\"lms_enrollments\".\"status\"::text, \"public\".\"lms_enrollments\".\"completedModules\", \"public\".\"lms_enrollments\".\"completedTopics\", \"public\".\"lms_enrollments\".\"progressPercent\", \"public\".\"lms_enrollments\".\"totalPointsEarned\", \"public\".\"lms_enrollments\".\"moduleTestPointsEarned\", \"public\".\"lms_enrollments\".\"finalTestPointsEarned\", \"public\".\"lms_enrollments\".\"finalTestAttempted\", \"public\".\"lms_enrollments\".\"finalTestPassed\", \"public\".\"lms_enrollments\".\"finalTestScore\", \"public\".\"lms_enrollments\".\"finalTestMarks\", \"public\".\"lms_enrollments\".\"enrolledAt\", \"public\".\"lms_enrollments\".\"startedAt\", \"public\".\"lms_enrollments\".\"completedAt\", \"public\".\"lms_enrollments\".\"lastAccessedAt\", \"public\".\"lms_enrollments\".\"certificateUrl\", \"public\".\"lms_enrollments\".\"certificateIssuedAt\", \"public\".\"lms_enrollments\".\"createdAt\", \"public\".\"lms_enrollments\".\"updatedAt\" FROM \"public\".\"lms_enrollments\" WHERE (\"public\".\"lms_enrollments\".\"userId\" = $1 AND \"public\".\"lms_enrollments\".\"enrolledAt\" >= $2) ORDER BY \"public\".\"lms_enrollments\".\"enrolledAt\" DESC LIMIT $3 OFFSET $4","service":"preplyte-api","timestamp":"2026-02-14 01:51:47"}
{"level":"debug","message":"Params: [\"cmlksg3yz0005chz5d93pvzi8\",\"2026-01-14 18:30:00 UTC\",5,0]","service":"preplyte-api","timestamp":"2026-02-14 01:51:47"}
{"level":"debug","message":"Duration: 5ms","service":"preplyte-api","timestamp":"2026-02-14 01:51:47"}
{"level":"debug","message":"Query: SELECT \"public\".\"mock_drive_registrations\".\"id\", \"public\".\"mock_drive_registrations\".\"mockDriveId\", \"public\".\"mock_drive_registrations\".\"userId\", \"public\".\"mock_drive_registrations\".\"status\"::text, \"public\".\"mock_drive_registrations\".\"eligibilityCheckResult\", \"public\".\"mock_drive_registrations\".\"adminNotes\", \"public\".\"mock_drive_registrations\".\"batchId\", \"public\".\"mock_drive_registrations\".\"registeredAt\", \"public\".\"mock_drive_registrations\".\"reviewedAt\", \"public\".\"mock_drive_registrations\".\"reviewedBy\", \"public\".\"mock_drive_registrations\".\"createdAt\", \"public\".\"mock_drive_registrations\".\"updatedAt\" FROM \"public\".\"mock_drive_registrations\" LEFT JOIN \"public\".\"mock_drives\" AS \"orderby_1\" ON (\"orderby_1\".\"id\") = (\"public\".\"mock_drive_registrations\".\"mockDriveId\") LEFT JOIN \"public\".\"mock_drives\" AS \"j1\" ON (\"j1\".\"id\") = (\"public\".\"mock_drive_registrations\".\"mockDriveId\") WHERE (\"public\".\"mock_drive_registrations\".\"userId\" = $1 AND \"public\".\"mock_drive_registrations\".\"status\" = CAST($2::text AS \"public\".\"MockDriveRegistrationStatus\") AND (\"j1\".\"status\" IN (CAST($3::text AS \"public\".\"MockDriveStatus\"),CAST($4::text AS \"public\".\"MockDriveStatus\"),CAST($5::text AS \"public\".\"MockDriveStatus\")) AND \"j1\".\"driveStartDate\" > $6 AND (\"j1\".\"id\" IS NOT NULL))) ORDER BY \"orderby_1\".\"driveStartDate\" ASC LIMIT $7 OFFSET $8","service":"preplyte-api","timestamp":"2026-02-14 01:51:47"}
{"level":"debug","message":"Params: [\"cmlksg3yz0005chz5d93pvzi8\",\"APPROVED\",\"PUBLISHED\",\"REGISTRATION_OPEN\",\"REGISTRATION_CLOSED\",\"2026-02-13 20:21:47.015 UTC\",5,0]","service":"preplyte-api","timestamp":"2026-02-14 01:51:47"}
{"level":"debug","message":"Duration: 9ms","service":"preplyte-api","timestamp":"2026-02-14 01:51:47"}
{"level":"debug","message":"Query: SELECT \"public\".\"lms_categories\".\"id\", \"public\".\"lms_categories\".\"name\" FROM \"public\".\"lms_categories\" WHERE \"public\".\"lms_categories\".\"id\" IN ($1) OFFSET $2","service":"preplyte-api","timestamp":"2026-02-14 01:51:47"}
{"level":"debug","message":"Params: [\"cmlks63sv000212ejg0bsnw2z\",0]","service":"preplyte-api","timestamp":"2026-02-14 01:51:47"}
{"level":"debug","message":"Duration: 3ms","service":"preplyte-api","timestamp":"2026-02-14 01:51:47"}
{"level":"debug","message":"Query: SELECT \"public\".\"machine_practice_sessions\".\"id\", \"public\".\"machine_practice_sessions\".\"difficulty\"::text, \"public\".\"machine_practice_sessions\".\"totalSolved\", \"public\".\"machine_practice_sessions\".\"numberOfQuestions\", \"public\".\"machine_practice_sessions\".\"completedAt\" FROM \"public\".\"machine_practice_sessions\" WHERE (\"public\".\"machine_practice_sessions\".\"userId\" = $1 AND \"public\".\"machine_practice_sessions\".\"completedAt\" IS NOT NULL) ORDER BY \"public\".\"machine_practice_sessions\".\"completedAt\" DESC LIMIT $2 OFFSET $3","service":"preplyte-api","timestamp":"2026-02-14 01:51:47"}
{"level":"debug","message":"Params: [\"cmlksg3yz0005chz5d93pvzi8\",5,0]","service":"preplyte-api","timestamp":"2026-02-14 01:51:47"}
{"level":"debug","message":"Duration: 4ms","service":"preplyte-api","timestamp":"2026-02-14 01:51:47"}
{"level":"debug","message":"Query: SELECT \"public\".\"lms_courses\".\"id\", \"public\".\"lms_courses\".\"title\", \"public\".\"lms_courses\".\"slug\" FROM \"public\".\"lms_courses\" WHERE \"public\".\"lms_courses\".\"id\" IN ($1,$2) OFFSET $3","service":"preplyte-api","timestamp":"2026-02-14 01:51:47"}
{"level":"debug","message":"Params: [\"cmlku48wi000e6pa9yrdyr6yi\",\"cmlkt4pth0007yv6bvydorxj0\",0]","service":"preplyte-api","timestamp":"2026-02-14 01:51:47"}
{"level":"debug","message":"Duration: 7ms","service":"preplyte-api","timestamp":"2026-02-14 01:51:47"}
{"level":"debug","message":"Query: SELECT COUNT(*) FROM (SELECT \"public\".\"lms_module_progress\".\"id\" FROM \"public\".\"lms_module_progress\" WHERE (\"public\".\"lms_module_progress\".\"userId\" = $1 AND \"public\".\"lms_module_progress\".\"testPassed\" = $2) OFFSET $3) AS \"sub\"","service":"preplyte-api","timestamp":"2026-02-14 01:51:47"}
{"level":"debug","message":"Params: [\"cmlksg3yz0005chz5d93pvzi8\",true,0]","service":"preplyte-api","timestamp":"2026-02-14 01:51:47"}
{"level":"debug","message":"Duration: 3ms","service":"preplyte-api","timestamp":"2026-02-14 01:51:47"}
{"level":"debug","message":"Query: SELECT \"public\".\"lms_module_progress\".\"id\", \"public\".\"lms_module_progress\".\"userId\", \"public\".\"lms_module_progress\".\"moduleId\", \"public\".\"lms_module_progress\".\"status\"::text, \"public\".\"lms_module_progress\".\"completedTopics\", \"public\".\"lms_module_progress\".\"totalTopics\", \"public\".\"lms_module_progress\".\"progressPercent\", \"public\".\"lms_module_progress\".\"testAttempted\", \"public\".\"lms_module_progress\".\"testPassed\", \"public\".\"lms_module_progress\".\"testScore\", \"public\".\"lms_module_progress\".\"testAttempts\", \"public\".\"lms_module_progress\".\"pointsEarned\", \"public\".\"lms_module_progress\".\"timeSpentMinutes\", \"public\".\"lms_module_progress\".\"startedAt\", \"public\".\"lms_module_progress\".\"completedAt\", \"public\".\"lms_module_progress\".\"createdAt\", \"public\".\"lms_module_progress\".\"updatedAt\" FROM \"public\".\"lms_module_progress\" WHERE (\"public\".\"lms_module_progress\".\"userId\" = $1 AND \"public\".\"lms_module_progress\".\"status\" = CAST($2::text AS \"public\".\"LmsModuleStatus\") AND \"public\".\"lms_module_progress\".\"completedAt\" >= $3) ORDER BY \"public\".\"lms_module_progress\".\"completedAt\" DESC LIMIT $4 OFFSET $5","service":"preplyte-api","timestamp":"2026-02-14 01:51:47"}
{"level":"debug","message":"Params: [\"cmlksg3yz0005chz5d93pvzi8\",\"COMPLETED\",\"2026-01-14 18:30:00 UTC\",5,0]","service":"preplyte-api","timestamp":"2026-02-14 01:51:47"}
{"level":"debug","message":"Duration: 3ms","service":"preplyte-api","timestamp":"2026-02-14 01:51:47"}
{"level":"debug","message":"Query: SELECT \"public\".\"lms_test_attempts\".\"id\", \"public\".\"lms_test_attempts\".\"userId\", \"public\".\"lms_test_attempts\".\"moduleTestId\", \"public\".\"lms_test_attempts\".\"finalTestId\", \"public\".\"lms_test_attempts\".\"testType\"::text, \"public\".\"lms_test_attempts\".\"status\"::text, \"public\".\"lms_test_attempts\".\"attemptNumber\", \"public\".\"lms_test_attempts\".\"totalQuestions\", \"public\".\"lms_test_attempts\".\"correctAnswers\", \"public\".\"lms_test_attempts\".\"wrongAnswers\", \"public\".\"lms_test_attempts\".\"unanswered\", \"public\".\"lms_test_attempts\".\"score\", \"public\".\"lms_test_attempts\".\"pointsEarned\", \"public\".\"lms_test_attempts\".\"marksObtained\", \"public\".\"lms_test_attempts\".\"totalMarks\", \"public\".\"lms_test_attempts\".\"isPassed\", \"public\".\"lms_test_attempts\".\"timeLimitMinutes\", \"public\".\"lms_test_attempts\".\"timeSpentSeconds\", \"public\".\"lms_test_attempts\".\"startedAt\", \"public\".\"lms_test_attempts\".\"completedAt\", \"public\".\"lms_test_attempts\".\"expiresAt\", \"public\".\"lms_test_attempts\".\"createdAt\", \"public\".\"lms_test_attempts\".\"updatedAt\" FROM \"public\".\"lms_test_attempts\" WHERE (\"public\".\"lms_test_attempts\".\"userId\" = $1 AND \"public\".\"lms_test_attempts\".\"status\" = CAST($2::text AS \"public\".\"LmsTestAttemptStatus\") AND \"public\".\"lms_test_attempts\".\"isPassed\" = $3 AND \"public\".\"lms_test_attempts\".\"completedAt\" >= $4) ORDER BY \"public\".\"lms_test_attempts\".\"completedAt\" DESC LIMIT $5 OFFSET $6","service":"preplyte-api","timestamp":"2026-02-14 01:51:47"}
{"level":"debug","message":"Params: [\"cmlksg3yz0005chz5d93pvzi8\",\"COMPLETED\",true,\"2026-01-14 18:30:00 UTC\",5,0]","service":"preplyte-api","timestamp":"2026-02-14 01:51:47"}
{"level":"debug","message":"Duration: 6ms","service":"preplyte-api","timestamp":"2026-02-14 01:51:47"}
{"level":"debug","message":"Query: SELECT \"public\".\"lms_final_tests\".\"id\", \"public\".\"lms_final_tests\".\"courseId\", \"public\".\"lms_final_tests\".\"title\", \"public\".\"lms_final_tests\".\"instructions\", \"public\".\"lms_final_tests\".\"totalQuestions\", \"public\".\"lms_final_tests\".\"passingScore\", \"public\".\"lms_final_tests\".\"timeLimitMinutes\", \"public\".\"lms_final_tests\".\"pointsPerQuestion\", \"public\".\"lms_final_tests\".\"totalPoints\", \"public\".\"lms_final_tests\".\"maxAttempts\", \"public\".\"lms_final_tests\".\"isActive\", \"public\".\"lms_final_tests\".\"createdAt\", \"public\".\"lms_final_tests\".\"updatedAt\" FROM \"public\".\"lms_final_tests\" WHERE \"public\".\"lms_final_tests\".\"id\" IN ($1,$2) OFFSET $3","service":"preplyte-api","timestamp":"2026-02-14 01:51:47"}
{"level":"debug","message":"Params: [\"cmlkt4pth0008yv6bdiyn7nwj\",\"cmlku48wi000f6pa9f95urrie\",0]","service":"preplyte-api","timestamp":"2026-02-14 01:51:47"}
{"level":"debug","message":"Duration: 2ms","service":"preplyte-api","timestamp":"2026-02-14 01:51:47"}
{"level":"debug","message":"Query: SELECT \"public\".\"lms_courses\".\"id\", \"public\".\"lms_courses\".\"title\", \"public\".\"lms_courses\".\"slug\" FROM \"public\".\"lms_courses\" WHERE \"public\".\"lms_courses\".\"id\" IN ($1,$2) OFFSET $3","service":"preplyte-api","timestamp":"2026-02-14 01:51:47"}
{"level":"debug","message":"Params: [\"cmlkt4pth0007yv6bvydorxj0\",\"cmlku48wi000e6pa9yrdyr6yi\",0]","service":"preplyte-api","timestamp":"2026-02-14 01:51:47"}
{"level":"debug","message":"Duration: 4ms","service":"preplyte-api","timestamp":"2026-02-14 01:51:47"}
{"level":"debug","message":"Query: SELECT \"public\".\"lms_enrollments\".\"id\", \"public\".\"lms_enrollments\".\"userId\", \"public\".\"lms_enrollments\".\"courseId\", \"public\".\"lms_enrollments\".\"status\"::text, \"public\".\"lms_enrollments\".\"completedModules\", \"public\".\"lms_enrollments\".\"completedTopics\", \"public\".\"lms_enrollments\".\"progressPercent\", \"public\".\"lms_enrollments\".\"totalPointsEarned\", \"public\".\"lms_enrollments\".\"moduleTestPointsEarned\", \"public\".\"lms_enrollments\".\"finalTestPointsEarned\", \"public\".\"lms_enrollments\".\"finalTestAttempted\", \"public\".\"lms_enrollments\".\"finalTestPassed\", \"public\".\"lms_enrollments\".\"finalTestScore\", \"public\".\"lms_enrollments\".\"finalTestMarks\", \"public\".\"lms_enrollments\".\"enrolledAt\", \"public\".\"lms_enrollments\".\"startedAt\", \"public\".\"lms_enrollments\".\"completedAt\", \"public\".\"lms_enrollments\".\"lastAccessedAt\", \"public\".\"lms_enrollments\".\"certificateUrl\", \"public\".\"lms_enrollments\".\"certificateIssuedAt\", \"public\".\"lms_enrollments\".\"createdAt\", \"public\".\"lms_enrollments\".\"updatedAt\" FROM \"public\".\"lms_enrollments\" WHERE (\"public\".\"lms_enrollments\".\"userId\" = $1 AND \"public\".\"lms_enrollments\".\"status\" = CAST($2::text AS \"public\".\"LmsEnrollmentStatus\") AND \"public\".\"lms_enrollments\".\"completedAt\" >= $3) ORDER BY \"public\".\"lms_enrollments\".\"completedAt\" DESC LIMIT $4 OFFSET $5","service":"preplyte-api","timestamp":"2026-02-14 01:51:47"}
{"level":"debug","message":"Params: [\"cmlksg3yz0005chz5d93pvzi8\",\"COMPLETED\",\"2026-01-14 18:30:00 UTC\",5,0]","service":"preplyte-api","timestamp":"2026-02-14 01:51:47"}
{"level":"debug","message":"Duration: 5ms","service":"preplyte-api","timestamp":"2026-02-14 01:51:47"}
{"level":"debug","message":"Query: SELECT \"public\".\"lms_courses\".\"id\", \"public\".\"lms_courses\".\"title\", \"public\".\"lms_courses\".\"slug\" FROM \"public\".\"lms_courses\" WHERE \"public\".\"lms_courses\".\"id\" IN ($1,$2) OFFSET $3","service":"preplyte-api","timestamp":"2026-02-14 01:51:47"}
{"level":"debug","message":"Params: [\"cmlkt4pth0007yv6bvydorxj0\",\"cmlku48wi000e6pa9yrdyr6yi\",0]","service":"preplyte-api","timestamp":"2026-02-14 01:51:47"}
{"level":"debug","message":"Duration: 0ms","service":"preplyte-api","timestamp":"2026-02-14 01:51:47"}
{"level":"debug","message":"Query: SELECT \"public\".\"lms_enrollments\".\"id\", \"public\".\"lms_enrollments\".\"courseId\" FROM \"public\".\"lms_enrollments\" WHERE \"public\".\"lms_enrollments\".\"userId\" = $1 OFFSET $2","service":"preplyte-api","timestamp":"2026-02-14 01:51:47"}
{"level":"debug","message":"Params: [\"cmlksg3yz0005chz5d93pvzi8\",0]","service":"preplyte-api","timestamp":"2026-02-14 01:51:47"}
{"level":"debug","message":"Duration: 5ms","service":"preplyte-api","timestamp":"2026-02-14 01:51:47"}
{"level":"debug","message":"Query: SELECT \"public\".\"lms_courses\".\"id\", \"public\".\"lms_courses\".\"categoryId\", \"public\".\"lms_courses\".\"title\", \"public\".\"lms_courses\".\"slug\", \"public\".\"lms_courses\".\"shortDescription\", \"public\".\"lms_courses\".\"description\", \"public\".\"lms_courses\".\"thumbnailUrl\", \"public\".\"lms_courses\".\"previewVideoUrl\", \"public\".\"lms_courses\".\"totalModules\", \"public\".\"lms_courses\".\"totalTopics\", \"public\".\"lms_courses\".\"totalPoints\", \"public\".\"lms_courses\".\"totalHours\", \"public\".\"lms_courses\".\"price\", \"public\".\"lms_courses\".\"discountPrice\", \"public\".\"lms_courses\".\"currency\", \"public\".\"lms_courses\".\"status\"::text, \"public\".\"lms_courses\".\"isActive\", \"public\".\"lms_courses\".\"certificateEnabled\", \"public\".\"lms_courses\".\"passingPercentage\", \"public\".\"lms_courses\".\"tags\", \"public\".\"lms_courses\".\"difficulty\"::text, \"public\".\"lms_courses\".\"instructor\", \"public\".\"lms_courses\".\"language\", \"public\".\"lms_courses\".\"averageRating\", \"public\".\"lms_courses\".\"ratingsCount\", \"public\".\"lms_courses\".\"createdAt\", \"public\".\"lms_courses\".\"updatedAt\", \"public\".\"lms_courses\".\"publishedAt\", COALESCE(\"aggr_selection_0_LmsEnrollment\".\"_aggr_count_enrollments\", 0) AS \"_aggr_count_enrollments\" FROM \"public\".\"lms_courses\" LEFT JOIN (SELECT \"public\".\"lms_enrollments\".\"courseId\", COUNT(*) AS \"orderby_aggregator\" FROM \"public\".\"lms_enrollments\" WHERE 1=1 GROUP BY \"public\".\"lms_enrollments\".\"courseId\") AS \"orderby_1_LmsEnrollment\" ON (\"public\".\"lms_courses\".\"id\" = \"orderby_1_LmsEnrollment\".\"courseId\") LEFT JOIN (SELECT \"public\".\"lms_enrollments\".\"courseId\", COUNT(*) AS \"_aggr_count_enrollments\" FROM \"public\".\"lms_enrollments\" WHERE 1=1 GROUP BY \"public\".\"lms_enrollments\".\"courseId\") AS \"aggr_selection_0_LmsEnrollment\" ON (\"public\".\"lms_courses\".\"id\" = \"aggr_selection_0_LmsEnrollment\".\"courseId\") WHERE (\"public\".\"lms_courses\".\"id\" NOT IN ($1,$2) AND \"public\".\"lms_courses\".\"status\" = CAST($3::text AS \"public\".\"LmsCourseStatus\") AND \"public\".\"lms_courses\".\"isActive\" = $4) ORDER BY COALESCE(\"orderby_1_LmsEnrollment\".\"orderby_aggregator\", $5) DESC, \"public\".\"lms_courses\".\"averageRating\" DESC LIMIT $6 OFFSET $7","service":"preplyte-api","timestamp":"2026-02-14 01:51:47"}
{"level":"debug","message":"Params: [\"cmlkt4pth0007yv6bvydorxj0\",\"cmlku48wi000e6pa9yrdyr6yi\",\"PUBLISHED\",true,0,5,0]","service":"preplyte-api","timestamp":"2026-02-14 01:51:47"}
{"level":"debug","message":"Duration: 9ms","service":"preplyte-api","timestamp":"2026-02-14 01:51:47"}
{"level":"debug","message":"Query: SELECT \"public\".\"lms_categories\".\"id\", \"public\".\"lms_categories\".\"name\" FROM \"public\".\"lms_categories\" WHERE \"public\".\"lms_categories\".\"id\" IN ($1) OFFSET $2","service":"preplyte-api","timestamp":"2026-02-14 01:51:47"}
{"level":"debug","message":"Params: [\"cmlks63sv000212ejg0bsnw2z\",0]","service":"preplyte-api","timestamp":"2026-02-14 01:51:47"}
{"level":"debug","message":"Duration: 6ms","service":"preplyte-api","timestamp":"2026-02-14 01:51:47"}
{"level":"info","message":"\u001b[0mGET /api/dashboard/student \u001b[36m304\u001b[0m 249.721 ms - -\u001b[0m","service":"preplyte-api","timestamp":"2026-02-14 01:51:47"}
{"level":"debug","message":"Query: SELECT 1","service":"preplyte-api","timestamp":"2026-02-14 01:56:45"}
{"level":"debug","message":"Params: []","service":"preplyte-api","timestamp":"2026-02-14 01:56:45"}
{"level":"debug","message":"Duration: 1ms","service":"preplyte-api","timestamp":"2026-02-14 01:56:45"}
{"level":"debug","message":"Query: SELECT 1","service":"preplyte-api","timestamp":"2026-02-14 01:56:45"}
{"level":"debug","message":"Params: []","service":"preplyte-api","timestamp":"2026-02-14 01:56:45"}
{"level":"debug","message":"Duration: 1ms","service":"preplyte-api","timestamp":"2026-02-14 01:56:45"}
{"level":"debug","message":"Query: SELECT \"public\".\"users\".\"id\", \"public\".\"users\".\"email\", \"public\".\"users\".\"role\"::text, \"public\".\"users\".\"instituteId\", \"public\".\"users\".\"isActive\", \"public\".\"users\".\"tokenVersion\" FROM \"public\".\"users\" WHERE (\"public\".\"users\".\"id\" = $1 AND 1=1) LIMIT $2 OFFSET $3","service":"preplyte-api","timestamp":"2026-02-14 01:56:45"}
{"level":"debug","message":"Params: [\"cmlksebqv0001chz5wzenqncs\",1,0]","service":"preplyte-api","timestamp":"2026-02-14 01:56:45"}
{"level":"debug","message":"Duration: 6ms","service":"preplyte-api","timestamp":"2026-02-14 01:56:45"}
{"level":"debug","message":"Query: SELECT \"public\".\"users\".\"id\", \"public\".\"users\".\"email\", \"public\".\"users\".\"role\"::text, \"public\".\"users\".\"instituteId\", \"public\".\"users\".\"isActive\", \"public\".\"users\".\"tokenVersion\" FROM \"public\".\"users\" WHERE (\"public\".\"users\".\"id\" = $1 AND 1=1) LIMIT $2 OFFSET $3","service":"preplyte-api","timestamp":"2026-02-14 01:56:45"}
{"level":"debug","message":"Params: [\"cmlksebqv0001chz5wzenqncs\",1,0]","service":"preplyte-api","timestamp":"2026-02-14 01:56:45"}
{"level":"debug","message":"Duration: 6ms","service":"preplyte-api","timestamp":"2026-02-14 01:56:45"}
{"level":"debug","message":"Query: SELECT 1","service":"preplyte-api","timestamp":"2026-02-14 01:56:45"}
{"level":"debug","message":"Params: []","service":"preplyte-api","timestamp":"2026-02-14 01:56:45"}
{"level":"debug","message":"Duration: 0ms","service":"preplyte-api","timestamp":"2026-02-14 01:56:45"}
{"level":"debug","message":"Query: SELECT 1","service":"preplyte-api","timestamp":"2026-02-14 01:56:45"}
{"level":"debug","message":"Params: []","service":"preplyte-api","timestamp":"2026-02-14 01:56:45"}
{"level":"debug","message":"Duration: 1ms","service":"preplyte-api","timestamp":"2026-02-14 01:56:45"}
{"level":"debug","message":"Query: SELECT 1","service":"preplyte-api","timestamp":"2026-02-14 01:56:45"}
{"level":"debug","message":"Params: []","service":"preplyte-api","timestamp":"2026-02-14 01:56:45"}
{"level":"debug","message":"Duration: 1ms","service":"preplyte-api","timestamp":"2026-02-14 01:56:45"}
{"level":"debug","message":"Query: SELECT 1","service":"preplyte-api","timestamp":"2026-02-14 01:56:45"}
{"level":"debug","message":"Params: []","service":"preplyte-api","timestamp":"2026-02-14 01:56:45"}
{"level":"debug","message":"Duration: 1ms","service":"preplyte-api","timestamp":"2026-02-14 01:56:45"}
{"level":"debug","message":"Query: SELECT 1","service":"preplyte-api","timestamp":"2026-02-14 01:56:45"}
{"level":"debug","message":"Params: []","service":"preplyte-api","timestamp":"2026-02-14 01:56:45"}
{"level":"debug","message":"Duration: 1ms","service":"preplyte-api","timestamp":"2026-02-14 01:56:45"}
{"level":"debug","message":"Query: SELECT 1","service":"preplyte-api","timestamp":"2026-02-14 01:56:45"}
{"level":"debug","message":"Params: []","service":"preplyte-api","timestamp":"2026-02-14 01:56:45"}
{"level":"debug","message":"Duration: 1ms","service":"preplyte-api","timestamp":"2026-02-14 01:56:45"}
{"level":"debug","message":"Query: SELECT 1","service":"preplyte-api","timestamp":"2026-02-14 01:56:45"}
{"level":"debug","message":"Params: []","service":"preplyte-api","timestamp":"2026-02-14 01:56:45"}
{"level":"debug","message":"Duration: 2ms","service":"preplyte-api","timestamp":"2026-02-14 01:56:45"}
{"level":"debug","message":"Query: SELECT COUNT(*), \"public\".\"users\".\"role\"::text, \"public\".\"users\".\"isActive\" FROM \"public\".\"users\" WHERE 1=1 GROUP BY \"public\".\"users\".\"role\", \"public\".\"users\".\"isActive\" OFFSET $1","service":"preplyte-api","timestamp":"2026-02-14 01:56:45"}
{"level":"debug","message":"Params: [0]","service":"preplyte-api","timestamp":"2026-02-14 01:56:45"}
{"level":"debug","message":"Duration: 2ms","service":"preplyte-api","timestamp":"2026-02-14 01:56:45"}
{"level":"debug","message":"Query: SELECT \"public\".\"aptitude_practice_sessions\".\"id\", \"public\".\"aptitude_practice_sessions\".\"createdAt\" FROM \"public\".\"aptitude_practice_sessions\" WHERE \"public\".\"aptitude_practice_sessions\".\"createdAt\" >= $1 OFFSET $2","service":"preplyte-api","timestamp":"2026-02-14 01:56:45"}
{"level":"debug","message":"Params: [\"2026-01-14 20:26:45.441 UTC\",0]","service":"preplyte-api","timestamp":"2026-02-14 01:56:45"}
{"level":"debug","message":"Duration: 2ms","service":"preplyte-api","timestamp":"2026-02-14 01:56:45"}
{"level":"debug","message":"Query: SELECT COUNT(*) FROM (SELECT \"public\".\"ai_interview_sessions\".\"id\" FROM \"public\".\"ai_interview_sessions\" WHERE 1=1 OFFSET $1) AS \"sub\"","service":"preplyte-api","timestamp":"2026-02-14 01:56:45"}
{"level":"debug","message":"Params: [0]","service":"preplyte-api","timestamp":"2026-02-14 01:56:45"}
{"level":"debug","message":"Duration: 3ms","service":"preplyte-api","timestamp":"2026-02-14 01:56:45"}
{"level":"debug","message":"Query: SELECT COUNT(*), \"public\".\"institutes\".\"isActive\" FROM \"public\".\"institutes\" WHERE 1=1 GROUP BY \"public\".\"institutes\".\"isActive\" OFFSET $1","service":"preplyte-api","timestamp":"2026-02-14 01:56:45"}
{"level":"debug","message":"Params: [0]","service":"preplyte-api","timestamp":"2026-02-14 01:56:45"}
{"level":"debug","message":"Duration: 6ms","service":"preplyte-api","timestamp":"2026-02-14 01:56:45"}
{"level":"debug","message":"Query: SELECT COUNT(*) FROM (SELECT \"public\".\"machine_practice_sessions\".\"id\" FROM \"public\".\"machine_practice_sessions\" WHERE 1=1 OFFSET $1) AS \"sub\"","service":"preplyte-api","timestamp":"2026-02-14 01:56:45"}
{"level":"debug","message":"Params: [0]","service":"preplyte-api","timestamp":"2026-02-14 01:56:45"}
{"level":"debug","message":"Duration: 5ms","service":"preplyte-api","timestamp":"2026-02-14 01:56:45"}
{"level":"debug","message":"Query: SELECT COUNT(*) FROM (SELECT \"public\".\"aptitude_practice_sessions\".\"id\" FROM \"public\".\"aptitude_practice_sessions\" WHERE 1=1 OFFSET $1) AS \"sub\"","service":"preplyte-api","timestamp":"2026-02-14 01:56:45"}
{"level":"debug","message":"Params: [0]","service":"preplyte-api","timestamp":"2026-02-14 01:56:45"}
{"level":"debug","message":"Duration: 7ms","service":"preplyte-api","timestamp":"2026-02-14 01:56:45"}
{"level":"debug","message":"Query: SELECT \"public\".\"institutes\".\"id\", \"public\".\"institutes\".\"name\", \"public\".\"institutes\".\"domain\", \"public\".\"institutes\".\"isActive\", \"public\".\"institutes\".\"createdAt\", \"public\".\"institutes\".\"updatedAt\", COALESCE(\"aggr_selection_0_User\".\"_aggr_count_users\", 0) AS \"_aggr_count_users\" FROM \"public\".\"institutes\" LEFT JOIN (SELECT \"public\".\"users\".\"instituteId\", COUNT(*) AS \"_aggr_count_users\" FROM \"public\".\"users\" WHERE 1=1 GROUP BY \"public\".\"users\".\"instituteId\") AS \"aggr_selection_0_User\" ON (\"public\".\"institutes\".\"id\" = \"aggr_selection_0_User\".\"instituteId\") WHERE 1=1 ORDER BY \"public\".\"institutes\".\"createdAt\" DESC LIMIT $1 OFFSET $2","service":"preplyte-api","timestamp":"2026-02-14 01:56:45"}
{"level":"debug","message":"Params: [5,0]","service":"preplyte-api","timestamp":"2026-02-14 01:56:45"}
{"level":"debug","message":"Duration: 5ms","service":"preplyte-api","timestamp":"2026-02-14 01:56:45"}
{"level":"debug","message":"Query: SELECT COUNT(*), AVG(\"totalScore\") FROM (SELECT \"public\".\"aptitude_practice_sessions\".\"id\", \"public\".\"aptitude_practice_sessions\".\"totalScore\" FROM \"public\".\"aptitude_practice_sessions\" WHERE \"public\".\"aptitude_practice_sessions\".\"completedAt\" IS NOT NULL OFFSET $1) AS \"sub\"","service":"preplyte-api","timestamp":"2026-02-14 01:56:45"}
{"level":"debug","message":"Params: [0]","service":"preplyte-api","timestamp":"2026-02-14 01:56:45"}
{"level":"debug","message":"Duration: 8ms","service":"preplyte-api","timestamp":"2026-02-14 01:56:45"}
{"level":"debug","message":"Query: SELECT COUNT(*) FROM (SELECT \"public\".\"ai_interview_sessions\".\"id\" FROM \"public\".\"ai_interview_sessions\" WHERE \"public\".\"ai_interview_sessions\".\"status\" = CAST($1::text AS \"public\".\"AiInterviewSessionStatus\") OFFSET $2) AS \"sub\"","service":"preplyte-api","timestamp":"2026-02-14 01:56:45"}
{"level":"debug","message":"Params: [\"COMPLETED\",0]","service":"preplyte-api","timestamp":"2026-02-14 01:56:45"}
{"level":"debug","message":"Duration: 7ms","service":"preplyte-api","timestamp":"2026-02-14 01:56:45"}
{"level":"debug","message":"Query: SELECT AVG(\"overallScore\") FROM (SELECT \"public\".\"ai_interview_feedbacks\".\"overallScore\" FROM \"public\".\"ai_interview_feedbacks\" WHERE 1=1 OFFSET $1) AS \"sub\"","service":"preplyte-api","timestamp":"2026-02-14 01:56:45"}
{"level":"debug","message":"Params: [0]","service":"preplyte-api","timestamp":"2026-02-14 01:56:45"}
{"level":"debug","message":"Duration: 8ms","service":"preplyte-api","timestamp":"2026-02-14 01:56:45"}
{"level":"debug","message":"Query: SELECT \"public\".\"ai_interview_sessions\".\"id\", \"public\".\"ai_interview_sessions\".\"createdAt\" FROM \"public\".\"ai_interview_sessions\" WHERE \"public\".\"ai_interview_sessions\".\"createdAt\" >= $1 OFFSET $2","service":"preplyte-api","timestamp":"2026-02-14 01:56:45"}
{"level":"debug","message":"Params: [\"2026-01-14 20:26:45.441 UTC\",0]","service":"preplyte-api","timestamp":"2026-02-14 01:56:45"}
{"level":"debug","message":"Duration: 5ms","service":"preplyte-api","timestamp":"2026-02-14 01:56:45"}
{"level":"debug","message":"Query: SELECT COUNT(*), AVG(\"totalScore\") FROM (SELECT \"public\".\"machine_practice_sessions\".\"id\", \"public\".\"machine_practice_sessions\".\"totalScore\" FROM \"public\".\"machine_practice_sessions\" WHERE \"public\".\"machine_practice_sessions\".\"completedAt\" IS NOT NULL OFFSET $1) AS \"sub\"","service":"preplyte-api","timestamp":"2026-02-14 01:56:45"}
{"level":"debug","message":"Params: [0]","service":"preplyte-api","timestamp":"2026-02-14 01:56:45"}
{"level":"debug","message":"Duration: 5ms","service":"preplyte-api","timestamp":"2026-02-14 01:56:45"}
{"level":"debug","message":"Query: SELECT \"public\".\"machine_practice_sessions\".\"id\", \"public\".\"machine_practice_sessions\".\"createdAt\" FROM \"public\".\"machine_practice_sessions\" WHERE \"public\".\"machine_practice_sessions\".\"createdAt\" >= $1 OFFSET $2","service":"preplyte-api","timestamp":"2026-02-14 01:56:45"}
{"level":"debug","message":"Params: [\"2026-01-14 20:26:45.441 UTC\",0]","service":"preplyte-api","timestamp":"2026-02-14 01:56:45"}
{"level":"debug","message":"Duration: 5ms","service":"preplyte-api","timestamp":"2026-02-14 01:56:45"}
{"level":"debug","message":"Query: SELECT COUNT(*) FROM (SELECT \"public\".\"institutes\".\"id\" FROM \"public\".\"institutes\" WHERE 1=1 OFFSET $1) AS \"sub\"","service":"preplyte-api","timestamp":"2026-02-14 01:56:45"}
{"level":"debug","message":"Params: [0]","service":"preplyte-api","timestamp":"2026-02-14 01:56:45"}
{"level":"debug","message":"Duration: 4ms","service":"preplyte-api","timestamp":"2026-02-14 01:56:45"}
{"level":"info","message":"\u001b[0mGET /api/admin/institutes?page=1&limit=5&sortBy=createdAt&sortOrder=desc \u001b[36m304\u001b[0m 94.617 ms - -\u001b[0m","service":"preplyte-api","timestamp":"2026-02-14 01:56:45"}
{"level":"debug","message":"Query: SELECT \"public\".\"users\".\"id\", \"public\".\"users\".\"createdAt\" FROM \"public\".\"users\" WHERE \"public\".\"users\".\"createdAt\" >= $1 OFFSET $2","service":"preplyte-api","timestamp":"2026-02-14 01:56:45"}
{"level":"debug","message":"Params: [\"2026-01-14 20:26:45.441 UTC\",0]","service":"preplyte-api","timestamp":"2026-02-14 01:56:45"}
{"level":"debug","message":"Duration: 6ms","service":"preplyte-api","timestamp":"2026-02-14 01:56:45"}
{"level":"info","message":"\u001b[0mGET /api/admin/analytics \u001b[36m304\u001b[0m 106.804 ms - -\u001b[0m","service":"preplyte-api","timestamp":"2026-02-14 01:56:45"}
{"level":"debug","message":"Query: SELECT 1","service":"preplyte-api","timestamp":"2026-02-14 01:57:44"}
{"level":"debug","message":"Params: []","service":"preplyte-api","timestamp":"2026-02-14 01:57:44"}
{"level":"debug","message":"Duration: 0ms","service":"preplyte-api","timestamp":"2026-02-14 01:57:44"}
{"level":"debug","message":"Query: SELECT \"public\".\"users\".\"id\", \"public\".\"users\".\"email\", \"public\".\"users\".\"role\"::text, \"public\".\"users\".\"instituteId\", \"public\".\"users\".\"isActive\", \"public\".\"users\".\"tokenVersion\" FROM \"public\".\"users\" WHERE (\"public\".\"users\".\"id\" = $1 AND 1=1) LIMIT $2 OFFSET $3","service":"preplyte-api","timestamp":"2026-02-14 01:57:44"}
{"level":"debug","message":"Params: [\"cmlksg3yz0005chz5d93pvzi8\",1,0]","service":"preplyte-api","timestamp":"2026-02-14 01:57:44"}
{"level":"debug","message":"Duration: 1ms","service":"preplyte-api","timestamp":"2026-02-14 01:57:44"}
{"level":"debug","message":"[DashboardService] Fetching student dashboard","service":"preplyte-api","timestamp":"2026-02-14 01:57:44","userId":"cmlksg3yz0005chz5d93pvzi8"}
{"level":"debug","message":"Query: SELECT 1","service":"preplyte-api","timestamp":"2026-02-14 01:57:44"}
{"level":"debug","message":"Params: []","service":"preplyte-api","timestamp":"2026-02-14 01:57:44"}
{"level":"debug","message":"Duration: 0ms","service":"preplyte-api","timestamp":"2026-02-14 01:57:44"}
{"level":"debug","message":"Query: SELECT 1","service":"preplyte-api","timestamp":"2026-02-14 01:57:44"}
{"level":"debug","message":"Params: []","service":"preplyte-api","timestamp":"2026-02-14 01:57:44"}
{"level":"debug","message":"Duration: 0ms","service":"preplyte-api","timestamp":"2026-02-14 01:57:44"}
{"level":"debug","message":"Query: SELECT 1","service":"preplyte-api","timestamp":"2026-02-14 01:57:44"}
{"level":"debug","message":"Params: []","service":"preplyte-api","timestamp":"2026-02-14 01:57:44"}
{"level":"debug","message":"Duration: 1ms","service":"preplyte-api","timestamp":"2026-02-14 01:57:44"}
{"level":"debug","message":"Query: SELECT 1","service":"preplyte-api","timestamp":"2026-02-14 01:57:44"}
{"level":"debug","message":"Params: []","service":"preplyte-api","timestamp":"2026-02-14 01:57:44"}
{"level":"debug","message":"Duration: 1ms","service":"preplyte-api","timestamp":"2026-02-14 01:57:44"}
{"level":"debug","message":"Query: SELECT \"public\".\"machine_practice_sessions\".\"id\", \"public\".\"machine_practice_sessions\".\"completedAt\", \"public\".\"machine_practice_sessions\".\"totalSolved\", \"public\".\"machine_practice_sessions\".\"numberOfQuestions\" FROM \"public\".\"machine_practice_sessions\" WHERE \"public\".\"machine_practice_sessions\".\"userId\" = $1 OFFSET $2","service":"preplyte-api","timestamp":"2026-02-14 01:57:44"}
{"level":"debug","message":"Params: [\"cmlksg3yz0005chz5d93pvzi8\",0]","service":"preplyte-api","timestamp":"2026-02-14 01:57:44"}
{"level":"debug","message":"Duration: 5ms","service":"preplyte-api","timestamp":"2026-02-14 01:57:44"}
{"level":"debug","message":"Query: SELECT \"public\".\"aptitude_practice_sessions\".\"id\", \"public\".\"aptitude_practice_sessions\".\"completedAt\", \"public\".\"aptitude_practice_sessions\".\"totalScore\", \"public\".\"aptitude_practice_sessions\".\"numberOfQuestions\" FROM \"public\".\"aptitude_practice_sessions\" WHERE \"public\".\"aptitude_practice_sessions\".\"userId\" = $1 OFFSET $2","service":"preplyte-api","timestamp":"2026-02-14 01:57:44"}
{"level":"debug","message":"Params: [\"cmlksg3yz0005chz5d93pvzi8\",0]","service":"preplyte-api","timestamp":"2026-02-14 01:57:44"}
{"level":"debug","message":"Duration: 6ms","service":"preplyte-api","timestamp":"2026-02-14 01:57:44"}
{"level":"debug","message":"Query: SELECT \"public\".\"ai_interview_sessions\".\"id\", \"public\".\"ai_interview_sessions\".\"status\"::text FROM \"public\".\"ai_interview_sessions\" WHERE \"public\".\"ai_interview_sessions\".\"userId\" = $1 OFFSET $2","service":"preplyte-api","timestamp":"2026-02-14 01:57:44"}
{"level":"debug","message":"Params: [\"cmlksg3yz0005chz5d93pvzi8\",0]","service":"preplyte-api","timestamp":"2026-02-14 01:57:44"}
{"level":"debug","message":"Duration: 5ms","service":"preplyte-api","timestamp":"2026-02-14 01:57:44"}
{"level":"debug","message":"Query: SELECT \"public\".\"aptitude_practice_sessions\".\"id\", \"public\".\"aptitude_practice_sessions\".\"difficulty\"::text, \"public\".\"aptitude_practice_sessions\".\"totalScore\", \"public\".\"aptitude_practice_sessions\".\"numberOfQuestions\", \"public\".\"aptitude_practice_sessions\".\"completedAt\", \"public\".\"aptitude_practice_sessions\".\"questionTypes\"::text[] FROM \"public\".\"aptitude_practice_sessions\" WHERE (\"public\".\"aptitude_practice_sessions\".\"userId\" = $1 AND \"public\".\"aptitude_practice_sessions\".\"completedAt\" IS NOT NULL) ORDER BY \"public\".\"aptitude_practice_sessions\".\"completedAt\" DESC LIMIT $2 OFFSET $3","service":"preplyte-api","timestamp":"2026-02-14 01:57:44"}
{"level":"debug","message":"Params: [\"cmlksg3yz0005chz5d93pvzi8\",5,0]","service":"preplyte-api","timestamp":"2026-02-14 01:57:44"}
{"level":"debug","message":"Duration: 6ms","service":"preplyte-api","timestamp":"2026-02-14 01:57:44"}
{"level":"debug","message":"Query: SELECT \"public\".\"machine_practice_sessions\".\"id\", \"public\".\"machine_practice_sessions\".\"difficulty\"::text, \"public\".\"machine_practice_sessions\".\"totalSolved\", \"public\".\"machine_practice_sessions\".\"numberOfQuestions\", \"public\".\"machine_practice_sessions\".\"completedAt\" FROM \"public\".\"machine_practice_sessions\" WHERE (\"public\".\"machine_practice_sessions\".\"userId\" = $1 AND \"public\".\"machine_practice_sessions\".\"completedAt\" IS NOT NULL) ORDER BY \"public\".\"machine_practice_sessions\".\"completedAt\" DESC LIMIT $2 OFFSET $3","service":"preplyte-api","timestamp":"2026-02-14 01:57:44"}
{"level":"debug","message":"Params: [\"cmlksg3yz0005chz5d93pvzi8\",5,0]","service":"preplyte-api","timestamp":"2026-02-14 01:57:44"}
{"level":"debug","message":"Duration: 5ms","service":"preplyte-api","timestamp":"2026-02-14 01:57:44"}
{"level":"debug","message":"Query: SELECT \"public\".\"ai_interview_sessions\".\"id\", \"public\".\"ai_interview_sessions\".\"difficulty\"::text, \"public\".\"ai_interview_sessions\".\"jobTitle\", \"public\".\"ai_interview_sessions\".\"completedAt\" FROM \"public\".\"ai_interview_sessions\" WHERE (\"public\".\"ai_interview_sessions\".\"userId\" = $1 AND \"public\".\"ai_interview_sessions\".\"status\" = CAST($2::text AS \"public\".\"AiInterviewSessionStatus\")) ORDER BY \"public\".\"ai_interview_sessions\".\"completedAt\" DESC LIMIT $3 OFFSET $4","service":"preplyte-api","timestamp":"2026-02-14 01:57:44"}
{"level":"debug","message":"Params: [\"cmlksg3yz0005chz5d93pvzi8\",\"COMPLETED\",5,0]","service":"preplyte-api","timestamp":"2026-02-14 01:57:44"}
{"level":"debug","message":"Duration: 6ms","service":"preplyte-api","timestamp":"2026-02-14 01:57:44"}
{"level":"debug","message":"Query: SELECT \"public\".\"lms_enrollments\".\"id\", \"public\".\"lms_enrollments\".\"userId\", \"public\".\"lms_enrollments\".\"courseId\", \"public\".\"lms_enrollments\".\"status\"::text, \"public\".\"lms_enrollments\".\"completedModules\", \"public\".\"lms_enrollments\".\"completedTopics\", \"public\".\"lms_enrollments\".\"progressPercent\", \"public\".\"lms_enrollments\".\"totalPointsEarned\", \"public\".\"lms_enrollments\".\"moduleTestPointsEarned\", \"public\".\"lms_enrollments\".\"finalTestPointsEarned\", \"public\".\"lms_enrollments\".\"finalTestAttempted\", \"public\".\"lms_enrollments\".\"finalTestPassed\", \"public\".\"lms_enrollments\".\"finalTestScore\", \"public\".\"lms_enrollments\".\"finalTestMarks\", \"public\".\"lms_enrollments\".\"enrolledAt\", \"public\".\"lms_enrollments\".\"startedAt\", \"public\".\"lms_enrollments\".\"completedAt\", \"public\".\"lms_enrollments\".\"lastAccessedAt\", \"public\".\"lms_enrollments\".\"certificateUrl\", \"public\".\"lms_enrollments\".\"certificateIssuedAt\", \"public\".\"lms_enrollments\".\"createdAt\", \"public\".\"lms_enrollments\".\"updatedAt\" FROM \"public\".\"lms_enrollments\" WHERE (\"public\".\"lms_enrollments\".\"userId\" = $1 AND \"public\".\"lms_enrollments\".\"enrolledAt\" >= $2) ORDER BY \"public\".\"lms_enrollments\".\"enrolledAt\" DESC LIMIT $3 OFFSET $4","service":"preplyte-api","timestamp":"2026-02-14 01:57:44"}
{"level":"debug","message":"Params: [\"cmlksg3yz0005chz5d93pvzi8\",\"2026-01-14 18:30:00 UTC\",5,0]","service":"preplyte-api","timestamp":"2026-02-14 01:57:44"}
{"level":"debug","message":"Duration: 6ms","service":"preplyte-api","timestamp":"2026-02-14 01:57:44"}
{"level":"debug","message":"Query: SELECT \"public\".\"lms_enrollments\".\"id\", \"public\".\"lms_enrollments\".\"courseId\" FROM \"public\".\"lms_enrollments\" WHERE \"public\".\"lms_enrollments\".\"userId\" = $1 OFFSET $2","service":"preplyte-api","timestamp":"2026-02-14 01:57:44"}
{"level":"debug","message":"Params: [\"cmlksg3yz0005chz5d93pvzi8\",0]","service":"preplyte-api","timestamp":"2026-02-14 01:57:44"}
{"level":"debug","message":"Duration: 5ms","service":"preplyte-api","timestamp":"2026-02-14 01:57:44"}
{"level":"debug","message":"Query: SELECT \"public\".\"lms_enrollments\".\"id\", \"public\".\"lms_enrollments\".\"userId\", \"public\".\"lms_enrollments\".\"courseId\", \"public\".\"lms_enrollments\".\"status\"::text, \"public\".\"lms_enrollments\".\"completedModules\", \"public\".\"lms_enrollments\".\"completedTopics\", \"public\".\"lms_enrollments\".\"progressPercent\", \"public\".\"lms_enrollments\".\"totalPointsEarned\", \"public\".\"lms_enrollments\".\"moduleTestPointsEarned\", \"public\".\"lms_enrollments\".\"finalTestPointsEarned\", \"public\".\"lms_enrollments\".\"finalTestAttempted\", \"public\".\"lms_enrollments\".\"finalTestPassed\", \"public\".\"lms_enrollments\".\"finalTestScore\", \"public\".\"lms_enrollments\".\"finalTestMarks\", \"public\".\"lms_enrollments\".\"enrolledAt\", \"public\".\"lms_enrollments\".\"startedAt\", \"public\".\"lms_enrollments\".\"completedAt\", \"public\".\"lms_enrollments\".\"lastAccessedAt\", \"public\".\"lms_enrollments\".\"certificateUrl\", \"public\".\"lms_enrollments\".\"certificateIssuedAt\", \"public\".\"lms_enrollments\".\"createdAt\", \"public\".\"lms_enrollments\".\"updatedAt\" FROM \"public\".\"lms_enrollments\" WHERE \"public\".\"lms_enrollments\".\"userId\" = $1 ORDER BY \"public\".\"lms_enrollments\".\"lastAccessedAt\" DESC OFFSET $2","service":"preplyte-api","timestamp":"2026-02-14 01:57:44"}
{"level":"debug","message":"Params: [\"cmlksg3yz0005chz5d93pvzi8\",0]","service":"preplyte-api","timestamp":"2026-02-14 01:57:44"}
{"level":"debug","message":"Duration: 6ms","service":"preplyte-api","timestamp":"2026-02-14 01:57:44"}
{"level":"debug","message":"Query: SELECT \"public\".\"lms_enrollments\".\"id\", \"public\".\"lms_enrollments\".\"userId\", \"public\".\"lms_enrollments\".\"courseId\", \"public\".\"lms_enrollments\".\"status\"::text, \"public\".\"lms_enrollments\".\"completedModules\", \"public\".\"lms_enrollments\".\"completedTopics\", \"public\".\"lms_enrollments\".\"progressPercent\", \"public\".\"lms_enrollments\".\"totalPointsEarned\", \"public\".\"lms_enrollments\".\"moduleTestPointsEarned\", \"public\".\"lms_enrollments\".\"finalTestPointsEarned\", \"public\".\"lms_enrollments\".\"finalTestAttempted\", \"public\".\"lms_enrollments\".\"finalTestPassed\", \"public\".\"lms_enrollments\".\"finalTestScore\", \"public\".\"lms_enrollments\".\"finalTestMarks\", \"public\".\"lms_enrollments\".\"enrolledAt\", \"public\".\"lms_enrollments\".\"startedAt\", \"public\".\"lms_enrollments\".\"completedAt\", \"public\".\"lms_enrollments\".\"lastAccessedAt\", \"public\".\"lms_enrollments\".\"certificateUrl\", \"public\".\"lms_enrollments\".\"certificateIssuedAt\", \"public\".\"lms_enrollments\".\"createdAt\", \"public\".\"lms_enrollments\".\"updatedAt\" FROM \"public\".\"lms_enrollments\" WHERE \"public\".\"lms_enrollments\".\"userId\" = $1 OFFSET $2","service":"preplyte-api","timestamp":"2026-02-14 01:57:44"}
{"level":"debug","message":"Params: [\"cmlksg3yz0005chz5d93pvzi8\",0]","service":"preplyte-api","timestamp":"2026-02-14 01:57:44"}
{"level":"debug","message":"Duration: 5ms","service":"preplyte-api","timestamp":"2026-02-14 01:57:44"}
{"level":"debug","message":"Query: SELECT \"public\".\"lms_courses\".\"id\", \"public\".\"lms_courses\".\"title\", \"public\".\"lms_courses\".\"slug\" FROM \"public\".\"lms_courses\" WHERE \"public\".\"lms_courses\".\"id\" IN ($1,$2) OFFSET $3","service":"preplyte-api","timestamp":"2026-02-14 01:57:44"}
{"level":"debug","message":"Params: [\"cmlku48wi000e6pa9yrdyr6yi\",\"cmlkt4pth0007yv6bvydorxj0\",0]","service":"preplyte-api","timestamp":"2026-02-14 01:57:44"}
{"level":"debug","message":"Duration: 7ms","service":"preplyte-api","timestamp":"2026-02-14 01:57:44"}
{"level":"debug","message":"Query: SELECT \"public\".\"lms_courses\".\"id\", \"public\".\"lms_courses\".\"categoryId\", \"public\".\"lms_courses\".\"title\", \"public\".\"lms_courses\".\"slug\", \"public\".\"lms_courses\".\"shortDescription\", \"public\".\"lms_courses\".\"description\", \"public\".\"lms_courses\".\"thumbnailUrl\", \"public\".\"lms_courses\".\"previewVideoUrl\", \"public\".\"lms_courses\".\"totalModules\", \"public\".\"lms_courses\".\"totalTopics\", \"public\".\"lms_courses\".\"totalPoints\", \"public\".\"lms_courses\".\"totalHours\", \"public\".\"lms_courses\".\"price\", \"public\".\"lms_courses\".\"discountPrice\", \"public\".\"lms_courses\".\"currency\", \"public\".\"lms_courses\".\"status\"::text, \"public\".\"lms_courses\".\"isActive\", \"public\".\"lms_courses\".\"certificateEnabled\", \"public\".\"lms_courses\".\"passingPercentage\", \"public\".\"lms_courses\".\"tags\", \"public\".\"lms_courses\".\"difficulty\"::text, \"public\".\"lms_courses\".\"instructor\", \"public\".\"lms_courses\".\"language\", \"public\".\"lms_courses\".\"averageRating\", \"public\".\"lms_courses\".\"ratingsCount\", \"public\".\"lms_courses\".\"createdAt\", \"public\".\"lms_courses\".\"updatedAt\", \"public\".\"lms_courses\".\"publishedAt\" FROM \"public\".\"lms_courses\" WHERE \"public\".\"lms_courses\".\"id\" IN ($1,$2) OFFSET $3","service":"preplyte-api","timestamp":"2026-02-14 01:57:44"}
{"level":"debug","message":"Params: [\"cmlku48wi000e6pa9yrdyr6yi\",\"cmlkt4pth0007yv6bvydorxj0\",0]","service":"preplyte-api","timestamp":"2026-02-14 01:57:44"}
{"level":"debug","message":"Duration: 7ms","service":"preplyte-api","timestamp":"2026-02-14 01:57:44"}
{"level":"debug","message":"Query: SELECT \"public\".\"lms_courses\".\"id\", \"public\".\"lms_courses\".\"totalHours\", \"public\".\"lms_courses\".\"totalPoints\" FROM \"public\".\"lms_courses\" WHERE \"public\".\"lms_courses\".\"id\" IN ($1,$2) OFFSET $3","service":"preplyte-api","timestamp":"2026-02-14 01:57:44"}
{"level":"debug","message":"Params: [\"cmlkt4pth0007yv6bvydorxj0\",\"cmlku48wi000e6pa9yrdyr6yi\",0]","service":"preplyte-api","timestamp":"2026-02-14 01:57:44"}
{"level":"debug","message":"Duration: 6ms","service":"preplyte-api","timestamp":"2026-02-14 01:57:44"}
{"level":"debug","message":"Query: SELECT \"public\".\"lms_courses\".\"id\", \"public\".\"lms_courses\".\"categoryId\", \"public\".\"lms_courses\".\"title\", \"public\".\"lms_courses\".\"slug\", \"public\".\"lms_courses\".\"shortDescription\", \"public\".\"lms_courses\".\"description\", \"public\".\"lms_courses\".\"thumbnailUrl\", \"public\".\"lms_courses\".\"previewVideoUrl\", \"public\".\"lms_courses\".\"totalModules\", \"public\".\"lms_courses\".\"totalTopics\", \"public\".\"lms_courses\".\"totalPoints\", \"public\".\"lms_courses\".\"totalHours\", \"public\".\"lms_courses\".\"price\", \"public\".\"lms_courses\".\"discountPrice\", \"public\".\"lms_courses\".\"currency\", \"public\".\"lms_courses\".\"status\"::text, \"public\".\"lms_courses\".\"isActive\", \"public\".\"lms_courses\".\"certificateEnabled\", \"public\".\"lms_courses\".\"passingPercentage\", \"public\".\"lms_courses\".\"tags\", \"public\".\"lms_courses\".\"difficulty\"::text, \"public\".\"lms_courses\".\"instructor\", \"public\".\"lms_courses\".\"language\", \"public\".\"lms_courses\".\"averageRating\", \"public\".\"lms_courses\".\"ratingsCount\", \"public\".\"lms_courses\".\"createdAt\", \"public\".\"lms_courses\".\"updatedAt\", \"public\".\"lms_courses\".\"publishedAt\", COALESCE(\"aggr_selection_0_LmsEnrollment\".\"_aggr_count_enrollments\", 0) AS \"_aggr_count_enrollments\" FROM \"public\".\"lms_courses\" LEFT JOIN (SELECT \"public\".\"lms_enrollments\".\"courseId\", COUNT(*) AS \"orderby_aggregator\" FROM \"public\".\"lms_enrollments\" WHERE 1=1 GROUP BY \"public\".\"lms_enrollments\".\"courseId\") AS \"orderby_1_LmsEnrollment\" ON (\"public\".\"lms_courses\".\"id\" = \"orderby_1_LmsEnrollment\".\"courseId\") LEFT JOIN (SELECT \"public\".\"lms_enrollments\".\"courseId\", COUNT(*) AS \"_aggr_count_enrollments\" FROM \"public\".\"lms_enrollments\" WHERE 1=1 GROUP BY \"public\".\"lms_enrollments\".\"courseId\") AS \"aggr_selection_0_LmsEnrollment\" ON (\"public\".\"lms_courses\".\"id\" = \"aggr_selection_0_LmsEnrollment\".\"courseId\") WHERE (\"public\".\"lms_courses\".\"id\" NOT IN ($1,$2) AND \"public\".\"lms_courses\".\"status\" = CAST($3::text AS \"public\".\"LmsCourseStatus\") AND \"public\".\"lms_courses\".\"isActive\" = $4) ORDER BY COALESCE(\"orderby_1_LmsEnrollment\".\"orderby_aggregator\", $5) DESC, \"public\".\"lms_courses\".\"averageRating\" DESC LIMIT $6 OFFSET $7","service":"preplyte-api","timestamp":"2026-02-14 01:57:44"}
{"level":"debug","message":"Params: [\"cmlkt4pth0007yv6bvydorxj0\",\"cmlku48wi000e6pa9yrdyr6yi\",\"PUBLISHED\",true,0,5,0]","service":"preplyte-api","timestamp":"2026-02-14 01:57:44"}
{"level":"debug","message":"Duration: 11ms","service":"preplyte-api","timestamp":"2026-02-14 01:57:44"}
{"level":"debug","message":"Query: SELECT \"public\".\"lms_categories\".\"id\", \"public\".\"lms_categories\".\"name\" FROM \"public\".\"lms_categories\" WHERE \"public\".\"lms_categories\".\"id\" IN ($1) OFFSET $2","service":"preplyte-api","timestamp":"2026-02-14 01:57:44"}
{"level":"debug","message":"Params: [\"cmlks63sv000212ejg0bsnw2z\",0]","service":"preplyte-api","timestamp":"2026-02-14 01:57:44"}
{"level":"debug","message":"Duration: 5ms","service":"preplyte-api","timestamp":"2026-02-14 01:57:44"}
{"level":"debug","message":"Query: SELECT \"public\".\"lms_module_progress\".\"id\", \"public\".\"lms_module_progress\".\"userId\", \"public\".\"lms_module_progress\".\"moduleId\", \"public\".\"lms_module_progress\".\"status\"::text, \"public\".\"lms_module_progress\".\"completedTopics\", \"public\".\"lms_module_progress\".\"totalTopics\", \"public\".\"lms_module_progress\".\"progressPercent\", \"public\".\"lms_module_progress\".\"testAttempted\", \"public\".\"lms_module_progress\".\"testPassed\", \"public\".\"lms_module_progress\".\"testScore\", \"public\".\"lms_module_progress\".\"testAttempts\", \"public\".\"lms_module_progress\".\"pointsEarned\", \"public\".\"lms_module_progress\".\"timeSpentMinutes\", \"public\".\"lms_module_progress\".\"startedAt\", \"public\".\"lms_module_progress\".\"completedAt\", \"public\".\"lms_module_progress\".\"createdAt\", \"public\".\"lms_module_progress\".\"updatedAt\" FROM \"public\".\"lms_module_progress\" WHERE (\"public\".\"lms_module_progress\".\"userId\" = $1 AND \"public\".\"lms_module_progress\".\"status\" = CAST($2::text AS \"public\".\"LmsModuleStatus\") AND \"public\".\"lms_module_progress\".\"completedAt\" >= $3) ORDER BY \"public\".\"lms_module_progress\".\"completedAt\" DESC LIMIT $4 OFFSET $5","service":"preplyte-api","timestamp":"2026-02-14 01:57:44"}
{"level":"debug","message":"Params: [\"cmlksg3yz0005chz5d93pvzi8\",\"COMPLETED\",\"2026-01-14 18:30:00 UTC\",5,0]","service":"preplyte-api","timestamp":"2026-02-14 01:57:44"}
{"level":"debug","message":"Duration: 4ms","service":"preplyte-api","timestamp":"2026-02-14 01:57:44"}
{"level":"debug","message":"Query: SELECT \"public\".\"lms_categories\".\"id\", \"public\".\"lms_categories\".\"name\" FROM \"public\".\"lms_categories\" WHERE \"public\".\"lms_categories\".\"id\" IN ($1) OFFSET $2","service":"preplyte-api","timestamp":"2026-02-14 01:57:44"}
{"level":"debug","message":"Params: [\"cmlks63sv000212ejg0bsnw2z\",0]","service":"preplyte-api","timestamp":"2026-02-14 01:57:44"}
{"level":"debug","message":"Duration: 5ms","service":"preplyte-api","timestamp":"2026-02-14 01:57:44"}
{"level":"debug","message":"Query: SELECT COUNT(*) FROM (SELECT \"public\".\"lms_module_progress\".\"id\" FROM \"public\".\"lms_module_progress\" WHERE (\"public\".\"lms_module_progress\".\"userId\" = $1 AND \"public\".\"lms_module_progress\".\"testPassed\" = $2) OFFSET $3) AS \"sub\"","service":"preplyte-api","timestamp":"2026-02-14 01:57:44"}
{"level":"debug","message":"Params: [\"cmlksg3yz0005chz5d93pvzi8\",true,0]","service":"preplyte-api","timestamp":"2026-02-14 01:57:44"}
{"level":"debug","message":"Duration: 5ms","service":"preplyte-api","timestamp":"2026-02-14 01:57:44"}
{"level":"debug","message":"Query: SELECT \"public\".\"lms_test_attempts\".\"id\", \"public\".\"lms_test_attempts\".\"userId\", \"public\".\"lms_test_attempts\".\"moduleTestId\", \"public\".\"lms_test_attempts\".\"finalTestId\", \"public\".\"lms_test_attempts\".\"testType\"::text, \"public\".\"lms_test_attempts\".\"status\"::text, \"public\".\"lms_test_attempts\".\"attemptNumber\", \"public\".\"lms_test_attempts\".\"totalQuestions\", \"public\".\"lms_test_attempts\".\"correctAnswers\", \"public\".\"lms_test_attempts\".\"wrongAnswers\", \"public\".\"lms_test_attempts\".\"unanswered\", \"public\".\"lms_test_attempts\".\"score\", \"public\".\"lms_test_attempts\".\"pointsEarned\", \"public\".\"lms_test_attempts\".\"marksObtained\", \"public\".\"lms_test_attempts\".\"totalMarks\", \"public\".\"lms_test_attempts\".\"isPassed\", \"public\".\"lms_test_attempts\".\"timeLimitMinutes\", \"public\".\"lms_test_attempts\".\"timeSpentSeconds\", \"public\".\"lms_test_attempts\".\"startedAt\", \"public\".\"lms_test_attempts\".\"completedAt\", \"public\".\"lms_test_attempts\".\"expiresAt\", \"public\".\"lms_test_attempts\".\"createdAt\", \"public\".\"lms_test_attempts\".\"updatedAt\" FROM \"public\".\"lms_test_attempts\" WHERE (\"public\".\"lms_test_attempts\".\"userId\" = $1 AND \"public\".\"lms_test_attempts\".\"status\" = CAST($2::text AS \"public\".\"LmsTestAttemptStatus\") AND \"public\".\"lms_test_attempts\".\"isPassed\" = $3 AND \"public\".\"lms_test_attempts\".\"completedAt\" >= $4) ORDER BY \"public\".\"lms_test_attempts\".\"completedAt\" DESC LIMIT $5 OFFSET $6","service":"preplyte-api","timestamp":"2026-02-14 01:57:44"}
{"level":"debug","message":"Params: [\"cmlksg3yz0005chz5d93pvzi8\",\"COMPLETED\",true,\"2026-01-14 18:30:00 UTC\",5,0]","service":"preplyte-api","timestamp":"2026-02-14 01:57:44"}
{"level":"debug","message":"Duration: 7ms","service":"preplyte-api","timestamp":"2026-02-14 01:57:44"}
{"level":"debug","message":"Query: SELECT \"public\".\"lms_final_tests\".\"id\", \"public\".\"lms_final_tests\".\"courseId\", \"public\".\"lms_final_tests\".\"title\", \"public\".\"lms_final_tests\".\"instructions\", \"public\".\"lms_final_tests\".\"totalQuestions\", \"public\".\"lms_final_tests\".\"passingScore\", \"public\".\"lms_final_tests\".\"timeLimitMinutes\", \"public\".\"lms_final_tests\".\"pointsPerQuestion\", \"public\".\"lms_final_tests\".\"totalPoints\", \"public\".\"lms_final_tests\".\"maxAttempts\", \"public\".\"lms_final_tests\".\"isActive\", \"public\".\"lms_final_tests\".\"createdAt\", \"public\".\"lms_final_tests\".\"updatedAt\" FROM \"public\".\"lms_final_tests\" WHERE \"public\".\"lms_final_tests\".\"id\" IN ($1,$2) OFFSET $3","service":"preplyte-api","timestamp":"2026-02-14 01:57:44"}
{"level":"debug","message":"Params: [\"cmlkt4pth0008yv6bdiyn7nwj\",\"cmlku48wi000f6pa9f95urrie\",0]","service":"preplyte-api","timestamp":"2026-02-14 01:57:44"}
{"level":"debug","message":"Duration: 3ms","service":"preplyte-api","timestamp":"2026-02-14 01:57:44"}
{"level":"debug","message":"Query: SELECT \"public\".\"lms_courses\".\"id\", \"public\".\"lms_courses\".\"title\", \"public\".\"lms_courses\".\"slug\" FROM \"public\".\"lms_courses\" WHERE \"public\".\"lms_courses\".\"id\" IN ($1,$2) OFFSET $3","service":"preplyte-api","timestamp":"2026-02-14 01:57:44"}
{"level":"debug","message":"Params: [\"cmlkt4pth0007yv6bvydorxj0\",\"cmlku48wi000e6pa9yrdyr6yi\",0]","service":"preplyte-api","timestamp":"2026-02-14 01:57:44"}
{"level":"debug","message":"Duration: 0ms","service":"preplyte-api","timestamp":"2026-02-14 01:57:44"}
{"level":"debug","message":"Query: SELECT \"public\".\"lms_enrollments\".\"id\", \"public\".\"lms_enrollments\".\"userId\", \"public\".\"lms_enrollments\".\"courseId\", \"public\".\"lms_enrollments\".\"status\"::text, \"public\".\"lms_enrollments\".\"completedModules\", \"public\".\"lms_enrollments\".\"completedTopics\", \"public\".\"lms_enrollments\".\"progressPercent\", \"public\".\"lms_enrollments\".\"totalPointsEarned\", \"public\".\"lms_enrollments\".\"moduleTestPointsEarned\", \"public\".\"lms_enrollments\".\"finalTestPointsEarned\", \"public\".\"lms_enrollments\".\"finalTestAttempted\", \"public\".\"lms_enrollments\".\"finalTestPassed\", \"public\".\"lms_enrollments\".\"finalTestScore\", \"public\".\"lms_enrollments\".\"finalTestMarks\", \"public\".\"lms_enrollments\".\"enrolledAt\", \"public\".\"lms_enrollments\".\"startedAt\", \"public\".\"lms_enrollments\".\"completedAt\", \"public\".\"lms_enrollments\".\"lastAccessedAt\", \"public\".\"lms_enrollments\".\"certificateUrl\", \"public\".\"lms_enrollments\".\"certificateIssuedAt\", \"public\".\"lms_enrollments\".\"createdAt\", \"public\".\"lms_enrollments\".\"updatedAt\" FROM \"public\".\"lms_enrollments\" WHERE (\"public\".\"lms_enrollments\".\"userId\" = $1 AND \"public\".\"lms_enrollments\".\"status\" = CAST($2::text AS \"public\".\"LmsEnrollmentStatus\") AND \"public\".\"lms_enrollments\".\"completedAt\" >= $3) ORDER BY \"public\".\"lms_enrollments\".\"completedAt\" DESC LIMIT $4 OFFSET $5","service":"preplyte-api","timestamp":"2026-02-14 01:57:44"}
{"level":"debug","message":"Params: [\"cmlksg3yz0005chz5d93pvzi8\",\"COMPLETED\",\"2026-01-14 18:30:00 UTC\",5,0]","service":"preplyte-api","timestamp":"2026-02-14 01:57:44"}
{"level":"debug","message":"Duration: 1ms","service":"preplyte-api","timestamp":"2026-02-14 01:57:44"}
{"level":"debug","message":"Query: SELECT \"public\".\"lms_courses\".\"id\", \"public\".\"lms_courses\".\"title\", \"public\".\"lms_courses\".\"slug\" FROM \"public\".\"lms_courses\" WHERE \"public\".\"lms_courses\".\"id\" IN ($1,$2) OFFSET $3","service":"preplyte-api","timestamp":"2026-02-14 01:57:44"}
{"level":"debug","message":"Params: [\"cmlkt4pth0007yv6bvydorxj0\",\"cmlku48wi000e6pa9yrdyr6yi\",0]","service":"preplyte-api","timestamp":"2026-02-14 01:57:44"}
{"level":"debug","message":"Duration: 0ms","service":"preplyte-api","timestamp":"2026-02-14 01:57:44"}
{"level":"debug","message":"Query: SELECT \"public\".\"mock_drive_registrations\".\"id\", \"public\".\"mock_drive_registrations\".\"mockDriveId\", \"public\".\"mock_drive_registrations\".\"userId\", \"public\".\"mock_drive_registrations\".\"status\"::text, \"public\".\"mock_drive_registrations\".\"eligibilityCheckResult\", \"public\".\"mock_drive_registrations\".\"adminNotes\", \"public\".\"mock_drive_registrations\".\"batchId\", \"public\".\"mock_drive_registrations\".\"registeredAt\", \"public\".\"mock_drive_registrations\".\"reviewedAt\", \"public\".\"mock_drive_registrations\".\"reviewedBy\", \"public\".\"mock_drive_registrations\".\"createdAt\", \"public\".\"mock_drive_registrations\".\"updatedAt\" FROM \"public\".\"mock_drive_registrations\" LEFT JOIN \"public\".\"mock_drives\" AS \"orderby_1\" ON (\"orderby_1\".\"id\") = (\"public\".\"mock_drive_registrations\".\"mockDriveId\") LEFT JOIN \"public\".\"mock_drives\" AS \"j1\" ON (\"j1\".\"id\") = (\"public\".\"mock_drive_registrations\".\"mockDriveId\") WHERE (\"public\".\"mock_drive_registrations\".\"userId\" = $1 AND \"public\".\"mock_drive_registrations\".\"status\" = CAST($2::text AS \"public\".\"MockDriveRegistrationStatus\") AND (\"j1\".\"status\" IN (CAST($3::text AS \"public\".\"MockDriveStatus\"),CAST($4::text AS \"public\".\"MockDriveStatus\"),CAST($5::text AS \"public\".\"MockDriveStatus\")) AND \"j1\".\"driveStartDate\" > $6 AND (\"j1\".\"id\" IS NOT NULL))) ORDER BY \"orderby_1\".\"driveStartDate\" ASC LIMIT $7 OFFSET $8","service":"preplyte-api","timestamp":"2026-02-14 01:57:44"}
{"level":"debug","message":"Params: [\"cmlksg3yz0005chz5d93pvzi8\",\"APPROVED\",\"PUBLISHED\",\"REGISTRATION_OPEN\",\"REGISTRATION_CLOSED\",\"2026-02-13 20:27:44.011 UTC\",5,0]","service":"preplyte-api","timestamp":"2026-02-14 01:57:44"}
{"level":"debug","message":"Duration: 8ms","service":"preplyte-api","timestamp":"2026-02-14 01:57:44"}
{"level":"info","message":"\u001b[0mGET /api/dashboard/student \u001b[36m304\u001b[0m 177.379 ms - -\u001b[0m","service":"preplyte-api","timestamp":"2026-02-14 01:57:44"}
{"level":"info","message":"\u001b[0mGET /api/admin/analytics \u001b[33m401\u001b[0m 3.499 ms - 108\u001b[0m","service":"preplyte-api","timestamp":"2026-02-14 02:01:18"}
{"level":"info","message":"\u001b[0mGET /api/admin/institutes?page=1&limit=5&sortBy=createdAt&sortOrder=desc \u001b[33m401\u001b[0m 1.630 ms - 108\u001b[0m","service":"preplyte-api","timestamp":"2026-02-14 02:01:18"}
{"level":"debug","message":"Query: SELECT 1","service":"preplyte-api","timestamp":"2026-02-14 02:01:18"}
{"level":"debug","message":"Params: []","service":"preplyte-api","timestamp":"2026-02-14 02:01:18"}
{"level":"debug","message":"Duration: 0ms","service":"preplyte-api","timestamp":"2026-02-14 02:01:18"}
{"level":"debug","message":"Query: SELECT \"public\".\"refresh_tokens\".\"id\", \"public\".\"refresh_tokens\".\"token\", \"public\".\"refresh_tokens\".\"userId\", \"public\".\"refresh_tokens\".\"expiresAt\", \"public\".\"refresh_tokens\".\"revokedAt\", \"public\".\"refresh_tokens\".\"userAgent\", \"public\".\"refresh_tokens\".\"ipAddress\", \"public\".\"refresh_tokens\".\"createdAt\" FROM \"public\".\"refresh_tokens\" WHERE (\"public\".\"refresh_tokens\".\"token\" = $1 AND \"public\".\"refresh_tokens\".\"userId\" = $2) LIMIT $3 OFFSET $4","service":"preplyte-api","timestamp":"2026-02-14 02:01:18"}
{"level":"debug","message":"Params: [\"25f6f7e1a82b26b34b6ad8172a474817660658f8f88bd6dee5c0ddf1a786d138\",\"cmlksebqv0001chz5wzenqncs\",1,0]","service":"preplyte-api","timestamp":"2026-02-14 02:01:18"}
{"level":"debug","message":"Duration: 6ms","service":"preplyte-api","timestamp":"2026-02-14 02:01:18"}
{"level":"debug","message":"Query: SELECT \"public\".\"users\".\"id\", \"public\".\"users\".\"email\", \"public\".\"users\".\"password\", \"public\".\"users\".\"name\", \"public\".\"users\".\"role\"::text, \"public\".\"users\".\"isActive\", \"public\".\"users\".\"instituteId\", \"public\".\"users\".\"createdAt\", \"public\".\"users\".\"updatedAt\", \"public\".\"users\".\"lastLoginAt\", \"public\".\"users\".\"tokenVersion\" FROM \"public\".\"users\" WHERE (\"public\".\"users\".\"id\" = $1 AND 1=1) LIMIT $2 OFFSET $3","service":"preplyte-api","timestamp":"2026-02-14 02:01:18"}
{"level":"debug","message":"Params: [\"cmlksebqv0001chz5wzenqncs\",1,0]","service":"preplyte-api","timestamp":"2026-02-14 02:01:18"}
{"level":"debug","message":"Duration: 5ms","service":"preplyte-api","timestamp":"2026-02-14 02:01:18"}
{"level":"debug","message":"Query: BEGIN","service":"preplyte-api","timestamp":"2026-02-14 02:01:18"}
{"level":"debug","message":"Params: []","service":"preplyte-api","timestamp":"2026-02-14 02:01:18"}
{"level":"debug","message":"Duration: 0ms","service":"preplyte-api","timestamp":"2026-02-14 02:01:18"}
{"level":"debug","message":"Query: UPDATE \"public\".\"refresh_tokens\" SET \"revokedAt\" = $1 WHERE (\"public\".\"refresh_tokens\".\"id\" = $2 AND 1=1) RETURNING \"public\".\"refresh_tokens\".\"id\", \"public\".\"refresh_tokens\".\"token\", \"public\".\"refresh_tokens\".\"userId\", \"public\".\"refresh_tokens\".\"expiresAt\", \"public\".\"refresh_tokens\".\"revokedAt\", \"public\".\"refresh_tokens\".\"userAgent\", \"public\".\"refresh_tokens\".\"ipAddress\", \"public\".\"refresh_tokens\".\"createdAt\"","service":"preplyte-api","timestamp":"2026-02-14 02:01:18"}
{"level":"debug","message":"Params: [\"2026-02-13 20:31:18.806 UTC\",\"cmllbt44w0009337xsefuafie\"]","service":"preplyte-api","timestamp":"2026-02-14 02:01:18"}
{"level":"debug","message":"Duration: 6ms","service":"preplyte-api","timestamp":"2026-02-14 02:01:18"}
{"level":"debug","message":"Query: INSERT INTO \"public\".\"refresh_tokens\" (\"id\",\"token\",\"userId\",\"expiresAt\",\"createdAt\") VALUES ($1,$2,$3,$4,$5) RETURNING \"public\".\"refresh_tokens\".\"id\", \"public\".\"refresh_tokens\".\"token\", \"public\".\"refresh_tokens\".\"userId\", \"public\".\"refresh_tokens\".\"expiresAt\", \"public\".\"refresh_tokens\".\"revokedAt\", \"public\".\"refresh_tokens\".\"userAgent\", \"public\".\"refresh_tokens\".\"ipAddress\", \"public\".\"refresh_tokens\".\"createdAt\"","service":"preplyte-api","timestamp":"2026-02-14 02:01:18"}
{"level":"debug","message":"Params: [\"cmllcevxa000j337xh8yhtgki\",\"f2cd8a6ed625b16309edce1503f218b5768d5e566f52104baf7f4ad8ce4e4938\",\"cmlksebqv0001chz5wzenqncs\",\"2026-02-20 20:31:18.806 UTC\",\"2026-02-13 20:31:18.809 UTC\"]","service":"preplyte-api","timestamp":"2026-02-14 02:01:18"}
{"level":"debug","message":"Duration: 4ms","service":"preplyte-api","timestamp":"2026-02-14 02:01:18"}
{"level":"debug","message":"Query: COMMIT","service":"preplyte-api","timestamp":"2026-02-14 02:01:18"}
{"level":"debug","message":"Params: []","service":"preplyte-api","timestamp":"2026-02-14 02:01:18"}
{"level":"debug","message":"Duration: 1ms","service":"preplyte-api","timestamp":"2026-02-14 02:01:18"}
{"level":"info","message":"Token refreshed successfully","service":"preplyte-api","timestamp":"2026-02-14 02:01:18","userId":"cmlksebqv0001chz5wzenqncs"}
{"level":"info","message":"\u001b[0mPOST /api/auth/refresh \u001b[32m200\u001b[0m 52.590 ms - 946\u001b[0m","service":"preplyte-api","timestamp":"2026-02-14 02:01:18"}
{"level":"debug","message":"Query: SELECT \"public\".\"users\".\"id\", \"public\".\"users\".\"email\", \"public\".\"users\".\"role\"::text, \"public\".\"users\".\"instituteId\", \"public\".\"users\".\"isActive\", \"public\".\"users\".\"tokenVersion\" FROM \"public\".\"users\" WHERE (\"public\".\"users\".\"id\" = $1 AND 1=1) LIMIT $2 OFFSET $3","service":"preplyte-api","timestamp":"2026-02-14 02:01:18"}
{"level":"debug","message":"Params: [\"cmlksebqv0001chz5wzenqncs\",1,0]","service":"preplyte-api","timestamp":"2026-02-14 02:01:18"}
{"level":"debug","message":"Duration: 0ms","service":"preplyte-api","timestamp":"2026-02-14 02:01:18"}
{"level":"debug","message":"Query: SELECT \"public\".\"users\".\"id\", \"public\".\"users\".\"email\", \"public\".\"users\".\"role\"::text, \"public\".\"users\".\"instituteId\", \"public\".\"users\".\"isActive\", \"public\".\"users\".\"tokenVersion\" FROM \"public\".\"users\" WHERE (\"public\".\"users\".\"id\" = $1 AND 1=1) LIMIT $2 OFFSET $3","service":"preplyte-api","timestamp":"2026-02-14 02:01:18"}
{"level":"debug","message":"Params: [\"cmlksebqv0001chz5wzenqncs\",1,0]","service":"preplyte-api","timestamp":"2026-02-14 02:01:18"}
{"level":"debug","message":"Duration: 0ms","service":"preplyte-api","timestamp":"2026-02-14 02:01:18"}
{"level":"debug","message":"Query: SELECT 1","service":"preplyte-api","timestamp":"2026-02-14 02:01:18"}
{"level":"debug","message":"Params: []","service":"preplyte-api","timestamp":"2026-02-14 02:01:18"}
{"level":"debug","message":"Duration: 0ms","service":"preplyte-api","timestamp":"2026-02-14 02:01:18"}
{"level":"debug","message":"Query: SELECT 1","service":"preplyte-api","timestamp":"2026-02-14 02:01:18"}
{"level":"debug","message":"Params: []","service":"preplyte-api","timestamp":"2026-02-14 02:01:18"}
{"level":"debug","message":"Duration: 0ms","service":"preplyte-api","timestamp":"2026-02-14 02:01:18"}
{"level":"debug","message":"Query: SELECT 1","service":"preplyte-api","timestamp":"2026-02-14 02:01:18"}
{"level":"debug","message":"Params: []","service":"preplyte-api","timestamp":"2026-02-14 02:01:18"}
{"level":"debug","message":"Duration: 0ms","service":"preplyte-api","timestamp":"2026-02-14 02:01:18"}
{"level":"debug","message":"Query: SELECT 1","service":"preplyte-api","timestamp":"2026-02-14 02:01:18"}
{"level":"debug","message":"Params: []","service":"preplyte-api","timestamp":"2026-02-14 02:01:18"}
{"level":"debug","message":"Duration: 0ms","service":"preplyte-api","timestamp":"2026-02-14 02:01:18"}
{"level":"debug","message":"Query: SELECT 1","service":"preplyte-api","timestamp":"2026-02-14 02:01:18"}
{"level":"debug","message":"Params: []","service":"preplyte-api","timestamp":"2026-02-14 02:01:18"}
{"level":"debug","message":"Duration: 0ms","service":"preplyte-api","timestamp":"2026-02-14 02:01:18"}
{"level":"debug","message":"Query: SELECT 1","service":"preplyte-api","timestamp":"2026-02-14 02:01:18"}
{"level":"debug","message":"Params: []","service":"preplyte-api","timestamp":"2026-02-14 02:01:18"}
{"level":"debug","message":"Duration: 0ms","service":"preplyte-api","timestamp":"2026-02-14 02:01:18"}
{"level":"debug","message":"Query: SELECT 1","service":"preplyte-api","timestamp":"2026-02-14 02:01:18"}
{"level":"debug","message":"Params: []","service":"preplyte-api","timestamp":"2026-02-14 02:01:18"}
{"level":"debug","message":"Duration: 0ms","service":"preplyte-api","timestamp":"2026-02-14 02:01:18"}
{"level":"debug","message":"Query: SELECT 1","service":"preplyte-api","timestamp":"2026-02-14 02:01:18"}
{"level":"debug","message":"Params: []","service":"preplyte-api","timestamp":"2026-02-14 02:01:18"}
{"level":"debug","message":"Duration: 0ms","service":"preplyte-api","timestamp":"2026-02-14 02:01:18"}
{"level":"debug","message":"Query: SELECT 1","service":"preplyte-api","timestamp":"2026-02-14 02:01:18"}
{"level":"debug","message":"Params: []","service":"preplyte-api","timestamp":"2026-02-14 02:01:18"}
{"level":"debug","message":"Duration: 1ms","service":"preplyte-api","timestamp":"2026-02-14 02:01:18"}
{"level":"debug","message":"Query: SELECT 1","service":"preplyte-api","timestamp":"2026-02-14 02:01:18"}
{"level":"debug","message":"Params: []","service":"preplyte-api","timestamp":"2026-02-14 02:01:18"}
{"level":"debug","message":"Duration: 0ms","service":"preplyte-api","timestamp":"2026-02-14 02:01:18"}
{"level":"debug","message":"Query: SELECT COUNT(*) FROM (SELECT \"public\".\"ai_interview_sessions\".\"id\" FROM \"public\".\"ai_interview_sessions\" WHERE 1=1 OFFSET $1) AS \"sub\"","service":"preplyte-api","timestamp":"2026-02-14 02:01:18"}
{"level":"debug","message":"Params: [0]","service":"preplyte-api","timestamp":"2026-02-14 02:01:18"}
{"level":"debug","message":"Duration: 1ms","service":"preplyte-api","timestamp":"2026-02-14 02:01:18"}
{"level":"debug","message":"Query: SELECT COUNT(*) FROM (SELECT \"public\".\"machine_practice_sessions\".\"id\" FROM \"public\".\"machine_practice_sessions\" WHERE 1=1 OFFSET $1) AS \"sub\"","service":"preplyte-api","timestamp":"2026-02-14 02:01:18"}
{"level":"debug","message":"Params: [0]","service":"preplyte-api","timestamp":"2026-02-14 02:01:18"}
{"level":"debug","message":"Duration: 1ms","service":"preplyte-api","timestamp":"2026-02-14 02:01:18"}
{"level":"debug","message":"Query: SELECT \"public\".\"institutes\".\"id\", \"public\".\"institutes\".\"name\", \"public\".\"institutes\".\"domain\", \"public\".\"institutes\".\"isActive\", \"public\".\"institutes\".\"createdAt\", \"public\".\"institutes\".\"updatedAt\", COALESCE(\"aggr_selection_0_User\".\"_aggr_count_users\", 0) AS \"_aggr_count_users\" FROM \"public\".\"institutes\" LEFT JOIN (SELECT \"public\".\"users\".\"instituteId\", COUNT(*) AS \"_aggr_count_users\" FROM \"public\".\"users\" WHERE 1=1 GROUP BY \"public\".\"users\".\"instituteId\") AS \"aggr_selection_0_User\" ON (\"public\".\"institutes\".\"id\" = \"aggr_selection_0_User\".\"instituteId\") WHERE 1=1 ORDER BY \"public\".\"institutes\".\"createdAt\" DESC LIMIT $1 OFFSET $2","service":"preplyte-api","timestamp":"2026-02-14 02:01:18"}
{"level":"debug","message":"Params: [5,0]","service":"preplyte-api","timestamp":"2026-02-14 02:01:18"}
{"level":"debug","message":"Duration: 6ms","service":"preplyte-api","timestamp":"2026-02-14 02:01:18"}
{"level":"debug","message":"Query: SELECT COUNT(*) FROM (SELECT \"public\".\"institutes\".\"id\" FROM \"public\".\"institutes\" WHERE 1=1 OFFSET $1) AS \"sub\"","service":"preplyte-api","timestamp":"2026-02-14 02:01:18"}
{"level":"debug","message":"Params: [0]","service":"preplyte-api","timestamp":"2026-02-14 02:01:18"}
{"level":"debug","message":"Duration: 5ms","service":"preplyte-api","timestamp":"2026-02-14 02:01:18"}
{"level":"debug","message":"Query: SELECT COUNT(*), \"public\".\"institutes\".\"isActive\" FROM \"public\".\"institutes\" WHERE 1=1 GROUP BY \"public\".\"institutes\".\"isActive\" OFFSET $1","service":"preplyte-api","timestamp":"2026-02-14 02:01:18"}
{"level":"debug","message":"Params: [0]","service":"preplyte-api","timestamp":"2026-02-14 02:01:18"}
{"level":"debug","message":"Duration: 5ms","service":"preplyte-api","timestamp":"2026-02-14 02:01:18"}
{"level":"debug","message":"Query: SELECT COUNT(*), AVG(\"totalScore\") FROM (SELECT \"public\".\"aptitude_practice_sessions\".\"id\", \"public\".\"aptitude_practice_sessions\".\"totalScore\" FROM \"public\".\"aptitude_practice_sessions\" WHERE \"public\".\"aptitude_practice_sessions\".\"completedAt\" IS NOT NULL OFFSET $1) AS \"sub\"","service":"preplyte-api","timestamp":"2026-02-14 02:01:18"}
{"level":"debug","message":"Params: [0]","service":"preplyte-api","timestamp":"2026-02-14 02:01:18"}
{"level":"debug","message":"Duration: 4ms","service":"preplyte-api","timestamp":"2026-02-14 02:01:18"}
{"level":"debug","message":"Query: SELECT COUNT(*), AVG(\"totalScore\") FROM (SELECT \"public\".\"machine_practice_sessions\".\"id\", \"public\".\"machine_practice_sessions\".\"totalScore\" FROM \"public\".\"machine_practice_sessions\" WHERE \"public\".\"machine_practice_sessions\".\"completedAt\" IS NOT NULL OFFSET $1) AS \"sub\"","service":"preplyte-api","timestamp":"2026-02-14 02:01:18"}
{"level":"debug","message":"Params: [0]","service":"preplyte-api","timestamp":"2026-02-14 02:01:18"}
{"level":"debug","message":"Duration: 4ms","service":"preplyte-api","timestamp":"2026-02-14 02:01:18"}
{"level":"debug","message":"Query: SELECT AVG(\"overallScore\") FROM (SELECT \"public\".\"ai_interview_feedbacks\".\"overallScore\" FROM \"public\".\"ai_interview_feedbacks\" WHERE 1=1 OFFSET $1) AS \"sub\"","service":"preplyte-api","timestamp":"2026-02-14 02:01:18"}
{"level":"debug","message":"Params: [0]","service":"preplyte-api","timestamp":"2026-02-14 02:01:18"}
{"level":"debug","message":"Duration: 4ms","service":"preplyte-api","timestamp":"2026-02-14 02:01:18"}
{"level":"debug","message":"Query: SELECT COUNT(*) FROM (SELECT \"public\".\"ai_interview_sessions\".\"id\" FROM \"public\".\"ai_interview_sessions\" WHERE \"public\".\"ai_interview_sessions\".\"status\" = CAST($1::text AS \"public\".\"AiInterviewSessionStatus\") OFFSET $2) AS \"sub\"","service":"preplyte-api","timestamp":"2026-02-14 02:01:18"}
{"level":"debug","message":"Params: [\"COMPLETED\",0]","service":"preplyte-api","timestamp":"2026-02-14 02:01:18"}
{"level":"debug","message":"Duration: 5ms","service":"preplyte-api","timestamp":"2026-02-14 02:01:18"}
{"level":"debug","message":"Query: SELECT COUNT(*), \"public\".\"users\".\"role\"::text, \"public\".\"users\".\"isActive\" FROM \"public\".\"users\" WHERE 1=1 GROUP BY \"public\".\"users\".\"role\", \"public\".\"users\".\"isActive\" OFFSET $1","service":"preplyte-api","timestamp":"2026-02-14 02:01:18"}
{"level":"debug","message":"Params: [0]","service":"preplyte-api","timestamp":"2026-02-14 02:01:18"}
{"level":"debug","message":"Duration: 7ms","service":"preplyte-api","timestamp":"2026-02-14 02:01:18"}
{"level":"debug","message":"Query: SELECT \"public\".\"users\".\"id\", \"public\".\"users\".\"createdAt\" FROM \"public\".\"users\" WHERE \"public\".\"users\".\"createdAt\" >= $1 OFFSET $2","service":"preplyte-api","timestamp":"2026-02-14 02:01:18"}
{"level":"debug","message":"Params: [\"2026-01-14 20:31:18.856 UTC\",0]","service":"preplyte-api","timestamp":"2026-02-14 02:01:18"}
{"level":"debug","message":"Duration: 6ms","service":"preplyte-api","timestamp":"2026-02-14 02:01:18"}
{"level":"info","message":"\u001b[0mGET /api/admin/institutes?page=1&limit=5&sortBy=createdAt&sortOrder=desc \u001b[36m304\u001b[0m 85.632 ms - -\u001b[0m","service":"preplyte-api","timestamp":"2026-02-14 02:01:18"}
{"level":"debug","message":"Query: SELECT \"public\".\"machine_practice_sessions\".\"id\", \"public\".\"machine_practice_sessions\".\"createdAt\" FROM \"public\".\"machine_practice_sessions\" WHERE \"public\".\"machine_practice_sessions\".\"createdAt\" >= $1 OFFSET $2","service":"preplyte-api","timestamp":"2026-02-14 02:01:18"}
{"level":"debug","message":"Params: [\"2026-01-14 20:31:18.856 UTC\",0]","service":"preplyte-api","timestamp":"2026-02-14 02:01:18"}
{"level":"debug","message":"Duration: 9ms","service":"preplyte-api","timestamp":"2026-02-14 02:01:18"}
{"level":"debug","message":"Query: SELECT COUNT(*) FROM (SELECT \"public\".\"aptitude_practice_sessions\".\"id\" FROM \"public\".\"aptitude_practice_sessions\" WHERE 1=1 OFFSET $1) AS \"sub\"","service":"preplyte-api","timestamp":"2026-02-14 02:01:18"}
{"level":"debug","message":"Params: [0]","service":"preplyte-api","timestamp":"2026-02-14 02:01:18"}
{"level":"debug","message":"Duration: 4ms","service":"preplyte-api","timestamp":"2026-02-14 02:01:18"}
{"level":"debug","message":"Query: SELECT \"public\".\"aptitude_practice_sessions\".\"id\", \"public\".\"aptitude_practice_sessions\".\"createdAt\" FROM \"public\".\"aptitude_practice_sessions\" WHERE \"public\".\"aptitude_practice_sessions\".\"createdAt\" >= $1 OFFSET $2","service":"preplyte-api","timestamp":"2026-02-14 02:01:18"}
{"level":"debug","message":"Params: [\"2026-01-14 20:31:18.856 UTC\",0]","service":"preplyte-api","timestamp":"2026-02-14 02:01:18"}
{"level":"debug","message":"Duration: 4ms","service":"preplyte-api","timestamp":"2026-02-14 02:01:18"}
{"level":"debug","message":"Query: SELECT \"public\".\"ai_interview_sessions\".\"id\", \"public\".\"ai_interview_sessions\".\"createdAt\" FROM \"public\".\"ai_interview_sessions\" WHERE \"public\".\"ai_interview_sessions\".\"createdAt\" >= $1 OFFSET $2","service":"preplyte-api","timestamp":"2026-02-14 02:01:18"}
{"level":"debug","message":"Params: [\"2026-01-14 20:31:18.856 UTC\",0]","service":"preplyte-api","timestamp":"2026-02-14 02:01:18"}
{"level":"debug","message":"Duration: 5ms","service":"preplyte-api","timestamp":"2026-02-14 02:01:18"}
{"level":"info","message":"\u001b[0mGET /api/admin/analytics \u001b[36m304\u001b[0m 96.598 ms - -\u001b[0m","service":"preplyte-api","timestamp":"2026-02-14 02:01:18"}
{"level":"info","message":"\u001b[0mGET /api/dashboard/student \u001b[33m401\u001b[0m 7.676 ms - 108\u001b[0m","service":"preplyte-api","timestamp":"2026-02-14 02:10:02"}
{"level":"debug","message":"Query: SELECT \"public\".\"refresh_tokens\".\"id\", \"public\".\"refresh_tokens\".\"token\", \"public\".\"refresh_tokens\".\"userId\", \"public\".\"refresh_tokens\".\"expiresAt\", \"public\".\"refresh_tokens\".\"revokedAt\", \"public\".\"refresh_tokens\".\"userAgent\", \"public\".\"refresh_tokens\".\"ipAddress\", \"public\".\"refresh_tokens\".\"createdAt\" FROM \"public\".\"refresh_tokens\" WHERE (\"public\".\"refresh_tokens\".\"token\" = $1 AND \"public\".\"refresh_tokens\".\"userId\" = $2) LIMIT $3 OFFSET $4","service":"preplyte-api","timestamp":"2026-02-14 02:10:02"}
{"level":"debug","message":"Params: [\"d26d1f817764429e286f055070be2c11c5b5f9c79057a4d00bc6e8bc23cc34fe\",\"cmlksg3yz0005chz5d93pvzi8\",1,0]","service":"preplyte-api","timestamp":"2026-02-14 02:10:02"}
{"level":"debug","message":"Duration: 5ms","service":"preplyte-api","timestamp":"2026-02-14 02:10:02"}
{"level":"debug","message":"Query: SELECT \"public\".\"users\".\"id\", \"public\".\"users\".\"email\", \"public\".\"users\".\"password\", \"public\".\"users\".\"name\", \"public\".\"users\".\"role\"::text, \"public\".\"users\".\"isActive\", \"public\".\"users\".\"instituteId\", \"public\".\"users\".\"createdAt\", \"public\".\"users\".\"updatedAt\", \"public\".\"users\".\"lastLoginAt\", \"public\".\"users\".\"tokenVersion\" FROM \"public\".\"users\" WHERE (\"public\".\"users\".\"id\" = $1 AND 1=1) LIMIT $2 OFFSET $3","service":"preplyte-api","timestamp":"2026-02-14 02:10:02"}
{"level":"debug","message":"Params: [\"cmlksg3yz0005chz5d93pvzi8\",1,0]","service":"preplyte-api","timestamp":"2026-02-14 02:10:02"}
{"level":"debug","message":"Duration: 8ms","service":"preplyte-api","timestamp":"2026-02-14 02:10:02"}
{"level":"debug","message":"Query: BEGIN","service":"preplyte-api","timestamp":"2026-02-14 02:10:02"}
{"level":"debug","message":"Params: []","service":"preplyte-api","timestamp":"2026-02-14 02:10:02"}
{"level":"debug","message":"Duration: 0ms","service":"preplyte-api","timestamp":"2026-02-14 02:10:02"}
{"level":"debug","message":"Query: UPDATE \"public\".\"refresh_tokens\" SET \"revokedAt\" = $1 WHERE (\"public\".\"refresh_tokens\".\"id\" = $2 AND 1=1) RETURNING \"public\".\"refresh_tokens\".\"id\", \"public\".\"refresh_tokens\".\"token\", \"public\".\"refresh_tokens\".\"userId\", \"public\".\"refresh_tokens\".\"expiresAt\", \"public\".\"refresh_tokens\".\"revokedAt\", \"public\".\"refresh_tokens\".\"userAgent\", \"public\".\"refresh_tokens\".\"ipAddress\", \"public\".\"refresh_tokens\".\"createdAt\"","service":"preplyte-api","timestamp":"2026-02-14 02:10:02"}
{"level":"debug","message":"Params: [\"2026-02-13 20:40:02.539 UTC\",\"cmllc2mc9000h337xubbnh3of\"]","service":"preplyte-api","timestamp":"2026-02-14 02:10:02"}
{"level":"debug","message":"Duration: 1ms","service":"preplyte-api","timestamp":"2026-02-14 02:10:02"}
{"level":"debug","message":"Query: INSERT INTO \"public\".\"refresh_tokens\" (\"id\",\"token\",\"userId\",\"expiresAt\",\"createdAt\") VALUES ($1,$2,$3,$4,$5) RETURNING \"public\".\"refresh_tokens\".\"id\", \"public\".\"refresh_tokens\".\"token\", \"public\".\"refresh_tokens\".\"userId\", \"public\".\"refresh_tokens\".\"expiresAt\", \"public\".\"refresh_tokens\".\"revokedAt\", \"public\".\"refresh_tokens\".\"userAgent\", \"public\".\"refresh_tokens\".\"ipAddress\", \"public\".\"refresh_tokens\".\"createdAt\"","service":"preplyte-api","timestamp":"2026-02-14 02:10:02"}
{"level":"debug","message":"Params: [\"cmllcq41a000l337xdl3m4sbs\",\"a5701a79dd9903e4cd74beb000dd3b2ab7821b2fe31ad86935521c0e1ec2c1bf\",\"cmlksg3yz0005chz5d93pvzi8\",\"2026-02-20 20:40:02.539 UTC\",\"2026-02-13 20:40:02.541 UTC\"]","service":"preplyte-api","timestamp":"2026-02-14 02:10:02"}
{"level":"debug","message":"Duration: 1ms","service":"preplyte-api","timestamp":"2026-02-14 02:10:02"}
{"level":"debug","message":"Query: COMMIT","service":"preplyte-api","timestamp":"2026-02-14 02:10:02"}
{"level":"debug","message":"Params: []","service":"preplyte-api","timestamp":"2026-02-14 02:10:02"}
{"level":"debug","message":"Duration: 1ms","service":"preplyte-api","timestamp":"2026-02-14 02:10:02"}
{"level":"info","message":"Token refreshed successfully","service":"preplyte-api","timestamp":"2026-02-14 02:10:02","userId":"cmlksg3yz0005chz5d93pvzi8"}
{"level":"info","message":"\u001b[0mPOST /api/auth/refresh \u001b[32m200\u001b[0m 192.627 ms - 932\u001b[0m","service":"preplyte-api","timestamp":"2026-02-14 02:10:02"}
{"level":"debug","message":"Query: SELECT \"public\".\"users\".\"id\", \"public\".\"users\".\"email\", \"public\".\"users\".\"role\"::text, \"public\".\"users\".\"instituteId\", \"public\".\"users\".\"isActive\", \"public\".\"users\".\"tokenVersion\" FROM \"public\".\"users\" WHERE (\"public\".\"users\".\"id\" = $1 AND 1=1) LIMIT $2 OFFSET $3","service":"preplyte-api","timestamp":"2026-02-14 02:10:02"}
{"level":"debug","message":"Params: [\"cmlksg3yz0005chz5d93pvzi8\",1,0]","service":"preplyte-api","timestamp":"2026-02-14 02:10:02"}
{"level":"debug","message":"Duration: 1ms","service":"preplyte-api","timestamp":"2026-02-14 02:10:02"}
{"level":"debug","message":"[DashboardService] Fetching student dashboard","service":"preplyte-api","timestamp":"2026-02-14 02:10:02","userId":"cmlksg3yz0005chz5d93pvzi8"}
{"level":"debug","message":"Query: SELECT \"public\".\"machine_practice_sessions\".\"id\", \"public\".\"machine_practice_sessions\".\"completedAt\", \"public\".\"machine_practice_sessions\".\"totalSolved\", \"public\".\"machine_practice_sessions\".\"numberOfQuestions\" FROM \"public\".\"machine_practice_sessions\" WHERE \"public\".\"machine_practice_sessions\".\"userId\" = $1 OFFSET $2","service":"preplyte-api","timestamp":"2026-02-14 02:10:02"}
{"level":"debug","message":"Params: [\"cmlksg3yz0005chz5d93pvzi8\",0]","service":"preplyte-api","timestamp":"2026-02-14 02:10:02"}
{"level":"debug","message":"Duration: 9ms","service":"preplyte-api","timestamp":"2026-02-14 02:10:02"}
{"level":"debug","message":"Query: SELECT \"public\".\"aptitude_practice_sessions\".\"id\", \"public\".\"aptitude_practice_sessions\".\"completedAt\", \"public\".\"aptitude_practice_sessions\".\"totalScore\", \"public\".\"aptitude_practice_sessions\".\"numberOfQuestions\" FROM \"public\".\"aptitude_practice_sessions\" WHERE \"public\".\"aptitude_practice_sessions\".\"userId\" = $1 OFFSET $2","service":"preplyte-api","timestamp":"2026-02-14 02:10:02"}
{"level":"debug","message":"Params: [\"cmlksg3yz0005chz5d93pvzi8\",0]","service":"preplyte-api","timestamp":"2026-02-14 02:10:02"}
{"level":"debug","message":"Duration: 9ms","service":"preplyte-api","timestamp":"2026-02-14 02:10:02"}
{"level":"debug","message":"Query: SELECT \"public\".\"machine_practice_sessions\".\"id\", \"public\".\"machine_practice_sessions\".\"difficulty\"::text, \"public\".\"machine_practice_sessions\".\"totalSolved\", \"public\".\"machine_practice_sessions\".\"numberOfQuestions\", \"public\".\"machine_practice_sessions\".\"completedAt\" FROM \"public\".\"machine_practice_sessions\" WHERE (\"public\".\"machine_practice_sessions\".\"userId\" = $1 AND \"public\".\"machine_practice_sessions\".\"completedAt\" IS NOT NULL) ORDER BY \"public\".\"machine_practice_sessions\".\"completedAt\" DESC LIMIT $2 OFFSET $3","service":"preplyte-api","timestamp":"2026-02-14 02:10:02"}
{"level":"debug","message":"Params: [\"cmlksg3yz0005chz5d93pvzi8\",5,0]","service":"preplyte-api","timestamp":"2026-02-14 02:10:02"}
{"level":"debug","message":"Duration: 5ms","service":"preplyte-api","timestamp":"2026-02-14 02:10:02"}
{"level":"debug","message":"Query: SELECT \"public\".\"lms_enrollments\".\"id\", \"public\".\"lms_enrollments\".\"courseId\" FROM \"public\".\"lms_enrollments\" WHERE \"public\".\"lms_enrollments\".\"userId\" = $1 OFFSET $2","service":"preplyte-api","timestamp":"2026-02-14 02:10:02"}
{"level":"debug","message":"Params: [\"cmlksg3yz0005chz5d93pvzi8\",0]","service":"preplyte-api","timestamp":"2026-02-14 02:10:02"}
{"level":"debug","message":"Duration: 5ms","service":"preplyte-api","timestamp":"2026-02-14 02:10:02"}
{"level":"debug","message":"Query: SELECT \"public\".\"aptitude_practice_sessions\".\"id\", \"public\".\"aptitude_practice_sessions\".\"difficulty\"::text, \"public\".\"aptitude_practice_sessions\".\"totalScore\", \"public\".\"aptitude_practice_sessions\".\"numberOfQuestions\", \"public\".\"aptitude_practice_sessions\".\"completedAt\", \"public\".\"aptitude_practice_sessions\".\"questionTypes\"::text[] FROM \"public\".\"aptitude_practice_sessions\" WHERE (\"public\".\"aptitude_practice_sessions\".\"userId\" = $1 AND \"public\".\"aptitude_practice_sessions\".\"completedAt\" IS NOT NULL) ORDER BY \"public\".\"aptitude_practice_sessions\".\"completedAt\" DESC LIMIT $2 OFFSET $3","service":"preplyte-api","timestamp":"2026-02-14 02:10:02"}
{"level":"debug","message":"Params: [\"cmlksg3yz0005chz5d93pvzi8\",5,0]","service":"preplyte-api","timestamp":"2026-02-14 02:10:02"}
{"level":"debug","message":"Duration: 4ms","service":"preplyte-api","timestamp":"2026-02-14 02:10:02"}
{"level":"debug","message":"Query: SELECT \"public\".\"ai_interview_sessions\".\"id\", \"public\".\"ai_interview_sessions\".\"status\"::text FROM \"public\".\"ai_interview_sessions\" WHERE \"public\".\"ai_interview_sessions\".\"userId\" = $1 OFFSET $2","service":"preplyte-api","timestamp":"2026-02-14 02:10:02"}
{"level":"debug","message":"Params: [\"cmlksg3yz0005chz5d93pvzi8\",0]","service":"preplyte-api","timestamp":"2026-02-14 02:10:02"}
{"level":"debug","message":"Duration: 5ms","service":"preplyte-api","timestamp":"2026-02-14 02:10:02"}
{"level":"debug","message":"Query: SELECT \"public\".\"lms_enrollments\".\"id\", \"public\".\"lms_enrollments\".\"userId\", \"public\".\"lms_enrollments\".\"courseId\", \"public\".\"lms_enrollments\".\"status\"::text, \"public\".\"lms_enrollments\".\"completedModules\", \"public\".\"lms_enrollments\".\"completedTopics\", \"public\".\"lms_enrollments\".\"progressPercent\", \"public\".\"lms_enrollments\".\"totalPointsEarned\", \"public\".\"lms_enrollments\".\"moduleTestPointsEarned\", \"public\".\"lms_enrollments\".\"finalTestPointsEarned\", \"public\".\"lms_enrollments\".\"finalTestAttempted\", \"public\".\"lms_enrollments\".\"finalTestPassed\", \"public\".\"lms_enrollments\".\"finalTestScore\", \"public\".\"lms_enrollments\".\"finalTestMarks\", \"public\".\"lms_enrollments\".\"enrolledAt\", \"public\".\"lms_enrollments\".\"startedAt\", \"public\".\"lms_enrollments\".\"completedAt\", \"public\".\"lms_enrollments\".\"lastAccessedAt\", \"public\".\"lms_enrollments\".\"certificateUrl\", \"public\".\"lms_enrollments\".\"certificateIssuedAt\", \"public\".\"lms_enrollments\".\"createdAt\", \"public\".\"lms_enrollments\".\"updatedAt\" FROM \"public\".\"lms_enrollments\" WHERE (\"public\".\"lms_enrollments\".\"userId\" = $1 AND \"public\".\"lms_enrollments\".\"enrolledAt\" >= $2) ORDER BY \"public\".\"lms_enrollments\".\"enrolledAt\" DESC LIMIT $3 OFFSET $4","service":"preplyte-api","timestamp":"2026-02-14 02:10:02"}
{"level":"debug","message":"Params: [\"cmlksg3yz0005chz5d93pvzi8\",\"2026-01-14 18:30:00 UTC\",5,0]","service":"preplyte-api","timestamp":"2026-02-14 02:10:02"}
{"level":"debug","message":"Duration: 8ms","service":"preplyte-api","timestamp":"2026-02-14 02:10:02"}
{"level":"debug","message":"Query: SELECT \"public\".\"mock_drive_registrations\".\"id\", \"public\".\"mock_drive_registrations\".\"mockDriveId\", \"public\".\"mock_drive_registrations\".\"userId\", \"public\".\"mock_drive_registrations\".\"status\"::text, \"public\".\"mock_drive_registrations\".\"eligibilityCheckResult\", \"public\".\"mock_drive_registrations\".\"adminNotes\", \"public\".\"mock_drive_registrations\".\"batchId\", \"public\".\"mock_drive_registrations\".\"registeredAt\", \"public\".\"mock_drive_registrations\".\"reviewedAt\", \"public\".\"mock_drive_registrations\".\"reviewedBy\", \"public\".\"mock_drive_registrations\".\"createdAt\", \"public\".\"mock_drive_registrations\".\"updatedAt\" FROM \"public\".\"mock_drive_registrations\" LEFT JOIN \"public\".\"mock_drives\" AS \"orderby_1\" ON (\"orderby_1\".\"id\") = (\"public\".\"mock_drive_registrations\".\"mockDriveId\") LEFT JOIN \"public\".\"mock_drives\" AS \"j1\" ON (\"j1\".\"id\") = (\"public\".\"mock_drive_registrations\".\"mockDriveId\") WHERE (\"public\".\"mock_drive_registrations\".\"userId\" = $1 AND \"public\".\"mock_drive_registrations\".\"status\" = CAST($2::text AS \"public\".\"MockDriveRegistrationStatus\") AND (\"j1\".\"status\" IN (CAST($3::text AS \"public\".\"MockDriveStatus\"),CAST($4::text AS \"public\".\"MockDriveStatus\"),CAST($5::text AS \"public\".\"MockDriveStatus\")) AND \"j1\".\"driveStartDate\" > $6 AND (\"j1\".\"id\" IS NOT NULL))) ORDER BY \"orderby_1\".\"driveStartDate\" ASC LIMIT $7 OFFSET $8","service":"preplyte-api","timestamp":"2026-02-14 02:10:02"}
{"level":"debug","message":"Params: [\"cmlksg3yz0005chz5d93pvzi8\",\"APPROVED\",\"PUBLISHED\",\"REGISTRATION_OPEN\",\"REGISTRATION_CLOSED\",\"2026-02-13 20:40:02.570 UTC\",5,0]","service":"preplyte-api","timestamp":"2026-02-14 02:10:02"}
{"level":"debug","message":"Duration: 14ms","service":"preplyte-api","timestamp":"2026-02-14 02:10:02"}
{"level":"debug","message":"Query: SELECT \"public\".\"lms_courses\".\"id\", \"public\".\"lms_courses\".\"categoryId\", \"public\".\"lms_courses\".\"title\", \"public\".\"lms_courses\".\"slug\", \"public\".\"lms_courses\".\"shortDescription\", \"public\".\"lms_courses\".\"description\", \"public\".\"lms_courses\".\"thumbnailUrl\", \"public\".\"lms_courses\".\"previewVideoUrl\", \"public\".\"lms_courses\".\"totalModules\", \"public\".\"lms_courses\".\"totalTopics\", \"public\".\"lms_courses\".\"totalPoints\", \"public\".\"lms_courses\".\"totalHours\", \"public\".\"lms_courses\".\"price\", \"public\".\"lms_courses\".\"discountPrice\", \"public\".\"lms_courses\".\"currency\", \"public\".\"lms_courses\".\"status\"::text, \"public\".\"lms_courses\".\"isActive\", \"public\".\"lms_courses\".\"certificateEnabled\", \"public\".\"lms_courses\".\"passingPercentage\", \"public\".\"lms_courses\".\"tags\", \"public\".\"lms_courses\".\"difficulty\"::text, \"public\".\"lms_courses\".\"instructor\", \"public\".\"lms_courses\".\"language\", \"public\".\"lms_courses\".\"averageRating\", \"public\".\"lms_courses\".\"ratingsCount\", \"public\".\"lms_courses\".\"createdAt\", \"public\".\"lms_courses\".\"updatedAt\", \"public\".\"lms_courses\".\"publishedAt\", COALESCE(\"aggr_selection_0_LmsEnrollment\".\"_aggr_count_enrollments\", 0) AS \"_aggr_count_enrollments\" FROM \"public\".\"lms_courses\" LEFT JOIN (SELECT \"public\".\"lms_enrollments\".\"courseId\", COUNT(*) AS \"orderby_aggregator\" FROM \"public\".\"lms_enrollments\" WHERE 1=1 GROUP BY \"public\".\"lms_enrollments\".\"courseId\") AS \"orderby_1_LmsEnrollment\" ON (\"public\".\"lms_courses\".\"id\" = \"orderby_1_LmsEnrollment\".\"courseId\") LEFT JOIN (SELECT \"public\".\"lms_enrollments\".\"courseId\", COUNT(*) AS \"_aggr_count_enrollments\" FROM \"public\".\"lms_enrollments\" WHERE 1=1 GROUP BY \"public\".\"lms_enrollments\".\"courseId\") AS \"aggr_selection_0_LmsEnrollment\" ON (\"public\".\"lms_courses\".\"id\" = \"aggr_selection_0_LmsEnrollment\".\"courseId\") WHERE (\"public\".\"lms_courses\".\"id\" NOT IN ($1,$2) AND \"public\".\"lms_courses\".\"status\" = CAST($3::text AS \"public\".\"LmsCourseStatus\") AND \"public\".\"lms_courses\".\"isActive\" = $4) ORDER BY COALESCE(\"orderby_1_LmsEnrollment\".\"orderby_aggregator\", $5) DESC, \"public\".\"lms_courses\".\"averageRating\" DESC LIMIT $6 OFFSET $7","service":"preplyte-api","timestamp":"2026-02-14 02:10:02"}
{"level":"debug","message":"Params: [\"cmlkt4pth0007yv6bvydorxj0\",\"cmlku48wi000e6pa9yrdyr6yi\",\"PUBLISHED\",true,0,5,0]","service":"preplyte-api","timestamp":"2026-02-14 02:10:02"}
{"level":"debug","message":"Duration: 8ms","service":"preplyte-api","timestamp":"2026-02-14 02:10:02"}
{"level":"debug","message":"Query: SELECT \"public\".\"lms_categories\".\"id\", \"public\".\"lms_categories\".\"name\" FROM \"public\".\"lms_categories\" WHERE \"public\".\"lms_categories\".\"id\" IN ($1) OFFSET $2","service":"preplyte-api","timestamp":"2026-02-14 02:10:02"}
{"level":"debug","message":"Params: [\"cmlks63sv000212ejg0bsnw2z\",0]","service":"preplyte-api","timestamp":"2026-02-14 02:10:02"}
{"level":"debug","message":"Duration: 3ms","service":"preplyte-api","timestamp":"2026-02-14 02:10:02"}
{"level":"debug","message":"Query: SELECT \"public\".\"ai_interview_sessions\".\"id\", \"public\".\"ai_interview_sessions\".\"difficulty\"::text, \"public\".\"ai_interview_sessions\".\"jobTitle\", \"public\".\"ai_interview_sessions\".\"completedAt\" FROM \"public\".\"ai_interview_sessions\" WHERE (\"public\".\"ai_interview_sessions\".\"userId\" = $1 AND \"public\".\"ai_interview_sessions\".\"status\" = CAST($2::text AS \"public\".\"AiInterviewSessionStatus\")) ORDER BY \"public\".\"ai_interview_sessions\".\"completedAt\" DESC LIMIT $3 OFFSET $4","service":"preplyte-api","timestamp":"2026-02-14 02:10:02"}
{"level":"debug","message":"Params: [\"cmlksg3yz0005chz5d93pvzi8\",\"COMPLETED\",5,0]","service":"preplyte-api","timestamp":"2026-02-14 02:10:02"}
{"level":"debug","message":"Duration: 4ms","service":"preplyte-api","timestamp":"2026-02-14 02:10:02"}
{"level":"debug","message":"Query: SELECT \"public\".\"lms_courses\".\"id\", \"public\".\"lms_courses\".\"title\", \"public\".\"lms_courses\".\"slug\" FROM \"public\".\"lms_courses\" WHERE \"public\".\"lms_courses\".\"id\" IN ($1,$2) OFFSET $3","service":"preplyte-api","timestamp":"2026-02-14 02:10:02"}
{"level":"debug","message":"Params: [\"cmlku48wi000e6pa9yrdyr6yi\",\"cmlkt4pth0007yv6bvydorxj0\",0]","service":"preplyte-api","timestamp":"2026-02-14 02:10:02"}
{"level":"debug","message":"Duration: 4ms","service":"preplyte-api","timestamp":"2026-02-14 02:10:02"}
{"level":"debug","message":"Query: SELECT \"public\".\"lms_enrollments\".\"id\", \"public\".\"lms_enrollments\".\"userId\", \"public\".\"lms_enrollments\".\"courseId\", \"public\".\"lms_enrollments\".\"status\"::text, \"public\".\"lms_enrollments\".\"completedModules\", \"public\".\"lms_enrollments\".\"completedTopics\", \"public\".\"lms_enrollments\".\"progressPercent\", \"public\".\"lms_enrollments\".\"totalPointsEarned\", \"public\".\"lms_enrollments\".\"moduleTestPointsEarned\", \"public\".\"lms_enrollments\".\"finalTestPointsEarned\", \"public\".\"lms_enrollments\".\"finalTestAttempted\", \"public\".\"lms_enrollments\".\"finalTestPassed\", \"public\".\"lms_enrollments\".\"finalTestScore\", \"public\".\"lms_enrollments\".\"finalTestMarks\", \"public\".\"lms_enrollments\".\"enrolledAt\", \"public\".\"lms_enrollments\".\"startedAt\", \"public\".\"lms_enrollments\".\"completedAt\", \"public\".\"lms_enrollments\".\"lastAccessedAt\", \"public\".\"lms_enrollments\".\"certificateUrl\", \"public\".\"lms_enrollments\".\"certificateIssuedAt\", \"public\".\"lms_enrollments\".\"createdAt\", \"public\".\"lms_enrollments\".\"updatedAt\" FROM \"public\".\"lms_enrollments\" WHERE \"public\".\"lms_enrollments\".\"userId\" = $1 OFFSET $2","service":"preplyte-api","timestamp":"2026-02-14 02:10:02"}
{"level":"debug","message":"Params: [\"cmlksg3yz0005chz5d93pvzi8\",0]","service":"preplyte-api","timestamp":"2026-02-14 02:10:02"}
{"level":"debug","message":"Duration: 4ms","service":"preplyte-api","timestamp":"2026-02-14 02:10:02"}
{"level":"debug","message":"Query: SELECT \"public\".\"lms_enrollments\".\"id\", \"public\".\"lms_enrollments\".\"userId\", \"public\".\"lms_enrollments\".\"courseId\", \"public\".\"lms_enrollments\".\"status\"::text, \"public\".\"lms_enrollments\".\"completedModules\", \"public\".\"lms_enrollments\".\"completedTopics\", \"public\".\"lms_enrollments\".\"progressPercent\", \"public\".\"lms_enrollments\".\"totalPointsEarned\", \"public\".\"lms_enrollments\".\"moduleTestPointsEarned\", \"public\".\"lms_enrollments\".\"finalTestPointsEarned\", \"public\".\"lms_enrollments\".\"finalTestAttempted\", \"public\".\"lms_enrollments\".\"finalTestPassed\", \"public\".\"lms_enrollments\".\"finalTestScore\", \"public\".\"lms_enrollments\".\"finalTestMarks\", \"public\".\"lms_enrollments\".\"enrolledAt\", \"public\".\"lms_enrollments\".\"startedAt\", \"public\".\"lms_enrollments\".\"completedAt\", \"public\".\"lms_enrollments\".\"lastAccessedAt\", \"public\".\"lms_enrollments\".\"certificateUrl\", \"public\".\"lms_enrollments\".\"certificateIssuedAt\", \"public\".\"lms_enrollments\".\"createdAt\", \"public\".\"lms_enrollments\".\"updatedAt\" FROM \"public\".\"lms_enrollments\" WHERE \"public\".\"lms_enrollments\".\"userId\" = $1 ORDER BY \"public\".\"lms_enrollments\".\"lastAccessedAt\" DESC OFFSET $2","service":"preplyte-api","timestamp":"2026-02-14 02:10:02"}
{"level":"debug","message":"Params: [\"cmlksg3yz0005chz5d93pvzi8\",0]","service":"preplyte-api","timestamp":"2026-02-14 02:10:02"}
{"level":"debug","message":"Duration: 6ms","service":"preplyte-api","timestamp":"2026-02-14 02:10:02"}
{"level":"debug","message":"Query: SELECT \"public\".\"lms_courses\".\"id\", \"public\".\"lms_courses\".\"totalHours\", \"public\".\"lms_courses\".\"totalPoints\" FROM \"public\".\"lms_courses\" WHERE \"public\".\"lms_courses\".\"id\" IN ($1,$2) OFFSET $3","service":"preplyte-api","timestamp":"2026-02-14 02:10:02"}
{"level":"debug","message":"Params: [\"cmlkt4pth0007yv6bvydorxj0\",\"cmlku48wi000e6pa9yrdyr6yi\",0]","service":"preplyte-api","timestamp":"2026-02-14 02:10:02"}
{"level":"debug","message":"Duration: 6ms","service":"preplyte-api","timestamp":"2026-02-14 02:10:02"}
{"level":"debug","message":"Query: SELECT \"public\".\"lms_module_progress\".\"id\", \"public\".\"lms_module_progress\".\"userId\", \"public\".\"lms_module_progress\".\"moduleId\", \"public\".\"lms_module_progress\".\"status\"::text, \"public\".\"lms_module_progress\".\"completedTopics\", \"public\".\"lms_module_progress\".\"totalTopics\", \"public\".\"lms_module_progress\".\"progressPercent\", \"public\".\"lms_module_progress\".\"testAttempted\", \"public\".\"lms_module_progress\".\"testPassed\", \"public\".\"lms_module_progress\".\"testScore\", \"public\".\"lms_module_progress\".\"testAttempts\", \"public\".\"lms_module_progress\".\"pointsEarned\", \"public\".\"lms_module_progress\".\"timeSpentMinutes\", \"public\".\"lms_module_progress\".\"startedAt\", \"public\".\"lms_module_progress\".\"completedAt\", \"public\".\"lms_module_progress\".\"createdAt\", \"public\".\"lms_module_progress\".\"updatedAt\" FROM \"public\".\"lms_module_progress\" WHERE (\"public\".\"lms_module_progress\".\"userId\" = $1 AND \"public\".\"lms_module_progress\".\"status\" = CAST($2::text AS \"public\".\"LmsModuleStatus\") AND \"public\".\"lms_module_progress\".\"completedAt\" >= $3) ORDER BY \"public\".\"lms_module_progress\".\"completedAt\" DESC LIMIT $4 OFFSET $5","service":"preplyte-api","timestamp":"2026-02-14 02:10:02"}
{"level":"debug","message":"Params: [\"cmlksg3yz0005chz5d93pvzi8\",\"COMPLETED\",\"2026-01-14 18:30:00 UTC\",5,0]","service":"preplyte-api","timestamp":"2026-02-14 02:10:02"}
{"level":"debug","message":"Duration: 3ms","service":"preplyte-api","timestamp":"2026-02-14 02:10:02"}
{"level":"debug","message":"Query: SELECT \"public\".\"lms_courses\".\"id\", \"public\".\"lms_courses\".\"categoryId\", \"public\".\"lms_courses\".\"title\", \"public\".\"lms_courses\".\"slug\", \"public\".\"lms_courses\".\"shortDescription\", \"public\".\"lms_courses\".\"description\", \"public\".\"lms_courses\".\"thumbnailUrl\", \"public\".\"lms_courses\".\"previewVideoUrl\", \"public\".\"lms_courses\".\"totalModules\", \"public\".\"lms_courses\".\"totalTopics\", \"public\".\"lms_courses\".\"totalPoints\", \"public\".\"lms_courses\".\"totalHours\", \"public\".\"lms_courses\".\"price\", \"public\".\"lms_courses\".\"discountPrice\", \"public\".\"lms_courses\".\"currency\", \"public\".\"lms_courses\".\"status\"::text, \"public\".\"lms_courses\".\"isActive\", \"public\".\"lms_courses\".\"certificateEnabled\", \"public\".\"lms_courses\".\"passingPercentage\", \"public\".\"lms_courses\".\"tags\", \"public\".\"lms_courses\".\"difficulty\"::text, \"public\".\"lms_courses\".\"instructor\", \"public\".\"lms_courses\".\"language\", \"public\".\"lms_courses\".\"averageRating\", \"public\".\"lms_courses\".\"ratingsCount\", \"public\".\"lms_courses\".\"createdAt\", \"public\".\"lms_courses\".\"updatedAt\", \"public\".\"lms_courses\".\"publishedAt\" FROM \"public\".\"lms_courses\" WHERE \"public\".\"lms_courses\".\"id\" IN ($1,$2) OFFSET $3","service":"preplyte-api","timestamp":"2026-02-14 02:10:02"}
{"level":"debug","message":"Params: [\"cmlku48wi000e6pa9yrdyr6yi\",\"cmlkt4pth0007yv6bvydorxj0\",0]","service":"preplyte-api","timestamp":"2026-02-14 02:10:02"}
{"level":"debug","message":"Duration: 4ms","service":"preplyte-api","timestamp":"2026-02-14 02:10:02"}
{"level":"debug","message":"Query: SELECT COUNT(*) FROM (SELECT \"public\".\"lms_module_progress\".\"id\" FROM \"public\".\"lms_module_progress\" WHERE (\"public\".\"lms_module_progress\".\"userId\" = $1 AND \"public\".\"lms_module_progress\".\"testPassed\" = $2) OFFSET $3) AS \"sub\"","service":"preplyte-api","timestamp":"2026-02-14 02:10:02"}
{"level":"debug","message":"Params: [\"cmlksg3yz0005chz5d93pvzi8\",true,0]","service":"preplyte-api","timestamp":"2026-02-14 02:10:02"}
{"level":"debug","message":"Duration: 2ms","service":"preplyte-api","timestamp":"2026-02-14 02:10:02"}
{"level":"debug","message":"Query: SELECT \"public\".\"lms_categories\".\"id\", \"public\".\"lms_categories\".\"name\" FROM \"public\".\"lms_categories\" WHERE \"public\".\"lms_categories\".\"id\" IN ($1) OFFSET $2","service":"preplyte-api","timestamp":"2026-02-14 02:10:02"}
{"level":"debug","message":"Params: [\"cmlks63sv000212ejg0bsnw2z\",0]","service":"preplyte-api","timestamp":"2026-02-14 02:10:02"}
{"level":"debug","message":"Duration: 2ms","service":"preplyte-api","timestamp":"2026-02-14 02:10:02"}
{"level":"debug","message":"Query: SELECT \"public\".\"lms_test_attempts\".\"id\", \"public\".\"lms_test_attempts\".\"userId\", \"public\".\"lms_test_attempts\".\"moduleTestId\", \"public\".\"lms_test_attempts\".\"finalTestId\", \"public\".\"lms_test_attempts\".\"testType\"::text, \"public\".\"lms_test_attempts\".\"status\"::text, \"public\".\"lms_test_attempts\".\"attemptNumber\", \"public\".\"lms_test_attempts\".\"totalQuestions\", \"public\".\"lms_test_attempts\".\"correctAnswers\", \"public\".\"lms_test_attempts\".\"wrongAnswers\", \"public\".\"lms_test_attempts\".\"unanswered\", \"public\".\"lms_test_attempts\".\"score\", \"public\".\"lms_test_attempts\".\"pointsEarned\", \"public\".\"lms_test_attempts\".\"marksObtained\", \"public\".\"lms_test_attempts\".\"totalMarks\", \"public\".\"lms_test_attempts\".\"isPassed\", \"public\".\"lms_test_attempts\".\"timeLimitMinutes\", \"public\".\"lms_test_attempts\".\"timeSpentSeconds\", \"public\".\"lms_test_attempts\".\"startedAt\", \"public\".\"lms_test_attempts\".\"completedAt\", \"public\".\"lms_test_attempts\".\"expiresAt\", \"public\".\"lms_test_attempts\".\"createdAt\", \"public\".\"lms_test_attempts\".\"updatedAt\" FROM \"public\".\"lms_test_attempts\" WHERE (\"public\".\"lms_test_attempts\".\"userId\" = $1 AND \"public\".\"lms_test_attempts\".\"status\" = CAST($2::text AS \"public\".\"LmsTestAttemptStatus\") AND \"public\".\"lms_test_attempts\".\"isPassed\" = $3 AND \"public\".\"lms_test_attempts\".\"completedAt\" >= $4) ORDER BY \"public\".\"lms_test_attempts\".\"completedAt\" DESC LIMIT $5 OFFSET $6","service":"preplyte-api","timestamp":"2026-02-14 02:10:02"}
{"level":"debug","message":"Params: [\"cmlksg3yz0005chz5d93pvzi8\",\"COMPLETED\",true,\"2026-01-14 18:30:00 UTC\",5,0]","service":"preplyte-api","timestamp":"2026-02-14 02:10:02"}
{"level":"debug","message":"Duration: 6ms","service":"preplyte-api","timestamp":"2026-02-14 02:10:02"}
{"level":"debug","message":"Query: SELECT \"public\".\"lms_final_tests\".\"id\", \"public\".\"lms_final_tests\".\"courseId\", \"public\".\"lms_final_tests\".\"title\", \"public\".\"lms_final_tests\".\"instructions\", \"public\".\"lms_final_tests\".\"totalQuestions\", \"public\".\"lms_final_tests\".\"passingScore\", \"public\".\"lms_final_tests\".\"timeLimitMinutes\", \"public\".\"lms_final_tests\".\"pointsPerQuestion\", \"public\".\"lms_final_tests\".\"totalPoints\", \"public\".\"lms_final_tests\".\"maxAttempts\", \"public\".\"lms_final_tests\".\"isActive\", \"public\".\"lms_final_tests\".\"createdAt\", \"public\".\"lms_final_tests\".\"updatedAt\" FROM \"public\".\"lms_final_tests\" WHERE \"public\".\"lms_final_tests\".\"id\" IN ($1,$2) OFFSET $3","service":"preplyte-api","timestamp":"2026-02-14 02:10:02"}
{"level":"debug","message":"Params: [\"cmlkt4pth0008yv6bdiyn7nwj\",\"cmlku48wi000f6pa9f95urrie\",0]","service":"preplyte-api","timestamp":"2026-02-14 02:10:02"}
{"level":"debug","message":"Duration: 2ms","service":"preplyte-api","timestamp":"2026-02-14 02:10:02"}
{"level":"debug","message":"Query: SELECT \"public\".\"lms_courses\".\"id\", \"public\".\"lms_courses\".\"title\", \"public\".\"lms_courses\".\"slug\" FROM \"public\".\"lms_courses\" WHERE \"public\".\"lms_courses\".\"id\" IN ($1,$2) OFFSET $3","service":"preplyte-api","timestamp":"2026-02-14 02:10:02"}
{"level":"debug","message":"Params: [\"cmlkt4pth0007yv6bvydorxj0\",\"cmlku48wi000e6pa9yrdyr6yi\",0]","service":"preplyte-api","timestamp":"2026-02-14 02:10:02"}
{"level":"debug","message":"Duration: 0ms","service":"preplyte-api","timestamp":"2026-02-14 02:10:02"}
{"level":"debug","message":"Query: SELECT \"public\".\"lms_enrollments\".\"id\", \"public\".\"lms_enrollments\".\"userId\", \"public\".\"lms_enrollments\".\"courseId\", \"public\".\"lms_enrollments\".\"status\"::text, \"public\".\"lms_enrollments\".\"completedModules\", \"public\".\"lms_enrollments\".\"completedTopics\", \"public\".\"lms_enrollments\".\"progressPercent\", \"public\".\"lms_enrollments\".\"totalPointsEarned\", \"public\".\"lms_enrollments\".\"moduleTestPointsEarned\", \"public\".\"lms_enrollments\".\"finalTestPointsEarned\", \"public\".\"lms_enrollments\".\"finalTestAttempted\", \"public\".\"lms_enrollments\".\"finalTestPassed\", \"public\".\"lms_enrollments\".\"finalTestScore\", \"public\".\"lms_enrollments\".\"finalTestMarks\", \"public\".\"lms_enrollments\".\"enrolledAt\", \"public\".\"lms_enrollments\".\"startedAt\", \"public\".\"lms_enrollments\".\"completedAt\", \"public\".\"lms_enrollments\".\"lastAccessedAt\", \"public\".\"lms_enrollments\".\"certificateUrl\", \"public\".\"lms_enrollments\".\"certificateIssuedAt\", \"public\".\"lms_enrollments\".\"createdAt\", \"public\".\"lms_enrollments\".\"updatedAt\" FROM \"public\".\"lms_enrollments\" WHERE (\"public\".\"lms_enrollments\".\"userId\" = $1 AND \"public\".\"lms_enrollments\".\"status\" = CAST($2::text AS \"public\".\"LmsEnrollmentStatus\") AND \"public\".\"lms_enrollments\".\"completedAt\" >= $3) ORDER BY \"public\".\"lms_enrollments\".\"completedAt\" DESC LIMIT $4 OFFSET $5","service":"preplyte-api","timestamp":"2026-02-14 02:10:02"}
{"level":"debug","message":"Params: [\"cmlksg3yz0005chz5d93pvzi8\",\"COMPLETED\",\"2026-01-14 18:30:00 UTC\",5,0]","service":"preplyte-api","timestamp":"2026-02-14 02:10:02"}
{"level":"debug","message":"Duration: 0ms","service":"preplyte-api","timestamp":"2026-02-14 02:10:02"}
{"level":"debug","message":"Query: SELECT \"public\".\"lms_courses\".\"id\", \"public\".\"lms_courses\".\"title\", \"public\".\"lms_courses\".\"slug\" FROM \"public\".\"lms_courses\" WHERE \"public\".\"lms_courses\".\"id\" IN ($1,$2) OFFSET $3","service":"preplyte-api","timestamp":"2026-02-14 02:10:02"}
{"level":"debug","message":"Params: [\"cmlkt4pth0007yv6bvydorxj0\",\"cmlku48wi000e6pa9yrdyr6yi\",0]","service":"preplyte-api","timestamp":"2026-02-14 02:10:02"}
{"level":"debug","message":"Duration: 0ms","service":"preplyte-api","timestamp":"2026-02-14 02:10:02"}
{"level":"info","message":"\u001b[0mGET /api/dashboard/student \u001b[36m304\u001b[0m 155.202 ms - -\u001b[0m","service":"preplyte-api","timestamp":"2026-02-14 02:10:02"}
{"level":"debug","message":"Query: SELECT \"public\".\"users\".\"id\", \"public\".\"users\".\"email\", \"public\".\"users\".\"role\"::text, \"public\".\"users\".\"instituteId\", \"public\".\"users\".\"isActive\", \"public\".\"users\".\"tokenVersion\" FROM \"public\".\"users\" WHERE (\"public\".\"users\".\"id\" = $1 AND 1=1) LIMIT $2 OFFSET $3","service":"preplyte-api","timestamp":"2026-02-14 02:16:18"}
{"level":"debug","message":"Params: [\"cmlksg3yz0005chz5d93pvzi8\",1,0]","service":"preplyte-api","timestamp":"2026-02-14 02:16:18"}
{"level":"debug","message":"Duration: 7ms","service":"preplyte-api","timestamp":"2026-02-14 02:16:18"}
{"level":"debug","message":"[DashboardService] Fetching student dashboard","service":"preplyte-api","timestamp":"2026-02-14 02:16:18","userId":"cmlksg3yz0005chz5d93pvzi8"}
{"level":"debug","message":"Query: SELECT \"public\".\"aptitude_practice_sessions\".\"id\", \"public\".\"aptitude_practice_sessions\".\"completedAt\", \"public\".\"aptitude_practice_sessions\".\"totalScore\", \"public\".\"aptitude_practice_sessions\".\"numberOfQuestions\" FROM \"public\".\"aptitude_practice_sessions\" WHERE \"public\".\"aptitude_practice_sessions\".\"userId\" = $1 OFFSET $2","service":"preplyte-api","timestamp":"2026-02-14 02:16:18"}
{"level":"debug","message":"Params: [\"cmlksg3yz0005chz5d93pvzi8\",0]","service":"preplyte-api","timestamp":"2026-02-14 02:16:18"}
{"level":"debug","message":"Duration: 6ms","service":"preplyte-api","timestamp":"2026-02-14 02:16:18"}
{"level":"debug","message":"Query: SELECT \"public\".\"ai_interview_sessions\".\"id\", \"public\".\"ai_interview_sessions\".\"status\"::text FROM \"public\".\"ai_interview_sessions\" WHERE \"public\".\"ai_interview_sessions\".\"userId\" = $1 OFFSET $2","service":"preplyte-api","timestamp":"2026-02-14 02:16:18"}
{"level":"debug","message":"Params: [\"cmlksg3yz0005chz5d93pvzi8\",0]","service":"preplyte-api","timestamp":"2026-02-14 02:16:18"}
{"level":"debug","message":"Duration: 6ms","service":"preplyte-api","timestamp":"2026-02-14 02:16:18"}
{"level":"debug","message":"Query: SELECT \"public\".\"machine_practice_sessions\".\"id\", \"public\".\"machine_practice_sessions\".\"completedAt\", \"public\".\"machine_practice_sessions\".\"totalSolved\", \"public\".\"machine_practice_sessions\".\"numberOfQuestions\" FROM \"public\".\"machine_practice_sessions\" WHERE \"public\".\"machine_practice_sessions\".\"userId\" = $1 OFFSET $2","service":"preplyte-api","timestamp":"2026-02-14 02:16:18"}
{"level":"debug","message":"Params: [\"cmlksg3yz0005chz5d93pvzi8\",0]","service":"preplyte-api","timestamp":"2026-02-14 02:16:18"}
{"level":"debug","message":"Duration: 6ms","service":"preplyte-api","timestamp":"2026-02-14 02:16:18"}
{"level":"debug","message":"Query: SELECT \"public\".\"ai_interview_sessions\".\"id\", \"public\".\"ai_interview_sessions\".\"difficulty\"::text, \"public\".\"ai_interview_sessions\".\"jobTitle\", \"public\".\"ai_interview_sessions\".\"completedAt\" FROM \"public\".\"ai_interview_sessions\" WHERE (\"public\".\"ai_interview_sessions\".\"userId\" = $1 AND \"public\".\"ai_interview_sessions\".\"status\" = CAST($2::text AS \"public\".\"AiInterviewSessionStatus\")) ORDER BY \"public\".\"ai_interview_sessions\".\"completedAt\" DESC LIMIT $3 OFFSET $4","service":"preplyte-api","timestamp":"2026-02-14 02:16:18"}
{"level":"debug","message":"Params: [\"cmlksg3yz0005chz5d93pvzi8\",\"COMPLETED\",5,0]","service":"preplyte-api","timestamp":"2026-02-14 02:16:18"}
{"level":"debug","message":"Duration: 7ms","service":"preplyte-api","timestamp":"2026-02-14 02:16:18"}
{"level":"debug","message":"Query: SELECT \"public\".\"machine_practice_sessions\".\"id\", \"public\".\"machine_practice_sessions\".\"difficulty\"::text, \"public\".\"machine_practice_sessions\".\"totalSolved\", \"public\".\"machine_practice_sessions\".\"numberOfQuestions\", \"public\".\"machine_practice_sessions\".\"completedAt\" FROM \"public\".\"machine_practice_sessions\" WHERE (\"public\".\"machine_practice_sessions\".\"userId\" = $1 AND \"public\".\"machine_practice_sessions\".\"completedAt\" IS NOT NULL) ORDER BY \"public\".\"machine_practice_sessions\".\"completedAt\" DESC LIMIT $2 OFFSET $3","service":"preplyte-api","timestamp":"2026-02-14 02:16:18"}
{"level":"debug","message":"Params: [\"cmlksg3yz0005chz5d93pvzi8\",5,0]","service":"preplyte-api","timestamp":"2026-02-14 02:16:18"}
{"level":"debug","message":"Duration: 4ms","service":"preplyte-api","timestamp":"2026-02-14 02:16:18"}
{"level":"debug","message":"Query: SELECT \"public\".\"lms_enrollments\".\"id\", \"public\".\"lms_enrollments\".\"userId\", \"public\".\"lms_enrollments\".\"courseId\", \"public\".\"lms_enrollments\".\"status\"::text, \"public\".\"lms_enrollments\".\"completedModules\", \"public\".\"lms_enrollments\".\"completedTopics\", \"public\".\"lms_enrollments\".\"progressPercent\", \"public\".\"lms_enrollments\".\"totalPointsEarned\", \"public\".\"lms_enrollments\".\"moduleTestPointsEarned\", \"public\".\"lms_enrollments\".\"finalTestPointsEarned\", \"public\".\"lms_enrollments\".\"finalTestAttempted\", \"public\".\"lms_enrollments\".\"finalTestPassed\", \"public\".\"lms_enrollments\".\"finalTestScore\", \"public\".\"lms_enrollments\".\"finalTestMarks\", \"public\".\"lms_enrollments\".\"enrolledAt\", \"public\".\"lms_enrollments\".\"startedAt\", \"public\".\"lms_enrollments\".\"completedAt\", \"public\".\"lms_enrollments\".\"lastAccessedAt\", \"public\".\"lms_enrollments\".\"certificateUrl\", \"public\".\"lms_enrollments\".\"certificateIssuedAt\", \"public\".\"lms_enrollments\".\"createdAt\", \"public\".\"lms_enrollments\".\"updatedAt\" FROM \"public\".\"lms_enrollments\" WHERE (\"public\".\"lms_enrollments\".\"userId\" = $1 AND \"public\".\"lms_enrollments\".\"enrolledAt\" >= $2) ORDER BY \"public\".\"lms_enrollments\".\"enrolledAt\" DESC LIMIT $3 OFFSET $4","service":"preplyte-api","timestamp":"2026-02-14 02:16:18"}
{"level":"debug","message":"Params: [\"cmlksg3yz0005chz5d93pvzi8\",\"2026-01-14 18:30:00 UTC\",5,0]","service":"preplyte-api","timestamp":"2026-02-14 02:16:18"}
{"level":"debug","message":"Duration: 7ms","service":"preplyte-api","timestamp":"2026-02-14 02:16:18"}
{"level":"debug","message":"Query: SELECT \"public\".\"lms_enrollments\".\"id\", \"public\".\"lms_enrollments\".\"userId\", \"public\".\"lms_enrollments\".\"courseId\", \"public\".\"lms_enrollments\".\"status\"::text, \"public\".\"lms_enrollments\".\"completedModules\", \"public\".\"lms_enrollments\".\"completedTopics\", \"public\".\"lms_enrollments\".\"progressPercent\", \"public\".\"lms_enrollments\".\"totalPointsEarned\", \"public\".\"lms_enrollments\".\"moduleTestPointsEarned\", \"public\".\"lms_enrollments\".\"finalTestPointsEarned\", \"public\".\"lms_enrollments\".\"finalTestAttempted\", \"public\".\"lms_enrollments\".\"finalTestPassed\", \"public\".\"lms_enrollments\".\"finalTestScore\", \"public\".\"lms_enrollments\".\"finalTestMarks\", \"public\".\"lms_enrollments\".\"enrolledAt\", \"public\".\"lms_enrollments\".\"startedAt\", \"public\".\"lms_enrollments\".\"completedAt\", \"public\".\"lms_enrollments\".\"lastAccessedAt\", \"public\".\"lms_enrollments\".\"certificateUrl\", \"public\".\"lms_enrollments\".\"certificateIssuedAt\", \"public\".\"lms_enrollments\".\"createdAt\", \"public\".\"lms_enrollments\".\"updatedAt\" FROM \"public\".\"lms_enrollments\" WHERE \"public\".\"lms_enrollments\".\"userId\" = $1 OFFSET $2","service":"preplyte-api","timestamp":"2026-02-14 02:16:18"}
{"level":"debug","message":"Params: [\"cmlksg3yz0005chz5d93pvzi8\",0]","service":"preplyte-api","timestamp":"2026-02-14 02:16:18"}
{"level":"debug","message":"Duration: 11ms","service":"preplyte-api","timestamp":"2026-02-14 02:16:18"}
{"level":"debug","message":"Query: SELECT \"public\".\"lms_courses\".\"id\", \"public\".\"lms_courses\".\"title\", \"public\".\"lms_courses\".\"slug\" FROM \"public\".\"lms_courses\" WHERE \"public\".\"lms_courses\".\"id\" IN ($1,$2) OFFSET $3","service":"preplyte-api","timestamp":"2026-02-14 02:16:18"}
{"level":"debug","message":"Params: [\"cmlku48wi000e6pa9yrdyr6yi\",\"cmlkt4pth0007yv6bvydorxj0\",0]","service":"preplyte-api","timestamp":"2026-02-14 02:16:18"}
{"level":"debug","message":"Duration: 7ms","service":"preplyte-api","timestamp":"2026-02-14 02:16:18"}
{"level":"debug","message":"Query: SELECT \"public\".\"lms_courses\".\"id\", \"public\".\"lms_courses\".\"totalHours\", \"public\".\"lms_courses\".\"totalPoints\" FROM \"public\".\"lms_courses\" WHERE \"public\".\"lms_courses\".\"id\" IN ($1,$2) OFFSET $3","service":"preplyte-api","timestamp":"2026-02-14 02:16:18"}
{"level":"debug","message":"Params: [\"cmlkt4pth0007yv6bvydorxj0\",\"cmlku48wi000e6pa9yrdyr6yi\",0]","service":"preplyte-api","timestamp":"2026-02-14 02:16:18"}
{"level":"debug","message":"Duration: 6ms","service":"preplyte-api","timestamp":"2026-02-14 02:16:18"}
{"level":"debug","message":"Query: SELECT \"public\".\"aptitude_practice_sessions\".\"id\", \"public\".\"aptitude_practice_sessions\".\"difficulty\"::text, \"public\".\"aptitude_practice_sessions\".\"totalScore\", \"public\".\"aptitude_practice_sessions\".\"numberOfQuestions\", \"public\".\"aptitude_practice_sessions\".\"completedAt\", \"public\".\"aptitude_practice_sessions\".\"questionTypes\"::text[] FROM \"public\".\"aptitude_practice_sessions\" WHERE (\"public\".\"aptitude_practice_sessions\".\"userId\" = $1 AND \"public\".\"aptitude_practice_sessions\".\"completedAt\" IS NOT NULL) ORDER BY \"public\".\"aptitude_practice_sessions\".\"completedAt\" DESC LIMIT $2 OFFSET $3","service":"preplyte-api","timestamp":"2026-02-14 02:16:18"}
{"level":"debug","message":"Params: [\"cmlksg3yz0005chz5d93pvzi8\",5,0]","service":"preplyte-api","timestamp":"2026-02-14 02:16:18"}
{"level":"debug","message":"Duration: 4ms","service":"preplyte-api","timestamp":"2026-02-14 02:16:18"}
{"level":"debug","message":"Query: SELECT \"public\".\"lms_module_progress\".\"id\", \"public\".\"lms_module_progress\".\"userId\", \"public\".\"lms_module_progress\".\"moduleId\", \"public\".\"lms_module_progress\".\"status\"::text, \"public\".\"lms_module_progress\".\"completedTopics\", \"public\".\"lms_module_progress\".\"totalTopics\", \"public\".\"lms_module_progress\".\"progressPercent\", \"public\".\"lms_module_progress\".\"testAttempted\", \"public\".\"lms_module_progress\".\"testPassed\", \"public\".\"lms_module_progress\".\"testScore\", \"public\".\"lms_module_progress\".\"testAttempts\", \"public\".\"lms_module_progress\".\"pointsEarned\", \"public\".\"lms_module_progress\".\"timeSpentMinutes\", \"public\".\"lms_module_progress\".\"startedAt\", \"public\".\"lms_module_progress\".\"completedAt\", \"public\".\"lms_module_progress\".\"createdAt\", \"public\".\"lms_module_progress\".\"updatedAt\" FROM \"public\".\"lms_module_progress\" WHERE (\"public\".\"lms_module_progress\".\"userId\" = $1 AND \"public\".\"lms_module_progress\".\"status\" = CAST($2::text AS \"public\".\"LmsModuleStatus\") AND \"public\".\"lms_module_progress\".\"completedAt\" >= $3) ORDER BY \"public\".\"lms_module_progress\".\"completedAt\" DESC LIMIT $4 OFFSET $5","service":"preplyte-api","timestamp":"2026-02-14 02:16:18"}
{"level":"debug","message":"Params: [\"cmlksg3yz0005chz5d93pvzi8\",\"COMPLETED\",\"2026-01-14 18:30:00 UTC\",5,0]","service":"preplyte-api","timestamp":"2026-02-14 02:16:18"}
{"level":"debug","message":"Duration: 5ms","service":"preplyte-api","timestamp":"2026-02-14 02:16:18"}
{"level":"debug","message":"Query: SELECT \"public\".\"lms_enrollments\".\"id\", \"public\".\"lms_enrollments\".\"courseId\" FROM \"public\".\"lms_enrollments\" WHERE \"public\".\"lms_enrollments\".\"userId\" = $1 OFFSET $2","service":"preplyte-api","timestamp":"2026-02-14 02:16:18"}
{"level":"debug","message":"Params: [\"cmlksg3yz0005chz5d93pvzi8\",0]","service":"preplyte-api","timestamp":"2026-02-14 02:16:18"}
{"level":"debug","message":"Duration: 6ms","service":"preplyte-api","timestamp":"2026-02-14 02:16:18"}
{"level":"debug","message":"Query: SELECT COUNT(*) FROM (SELECT \"public\".\"lms_module_progress\".\"id\" FROM \"public\".\"lms_module_progress\" WHERE (\"public\".\"lms_module_progress\".\"userId\" = $1 AND \"public\".\"lms_module_progress\".\"testPassed\" = $2) OFFSET $3) AS \"sub\"","service":"preplyte-api","timestamp":"2026-02-14 02:16:18"}
{"level":"debug","message":"Params: [\"cmlksg3yz0005chz5d93pvzi8\",true,0]","service":"preplyte-api","timestamp":"2026-02-14 02:16:18"}
{"level":"debug","message":"Duration: 6ms","service":"preplyte-api","timestamp":"2026-02-14 02:16:18"}
{"level":"debug","message":"Query: SELECT \"public\".\"lms_test_attempts\".\"id\", \"public\".\"lms_test_attempts\".\"userId\", \"public\".\"lms_test_attempts\".\"moduleTestId\", \"public\".\"lms_test_attempts\".\"finalTestId\", \"public\".\"lms_test_attempts\".\"testType\"::text, \"public\".\"lms_test_attempts\".\"status\"::text, \"public\".\"lms_test_attempts\".\"attemptNumber\", \"public\".\"lms_test_attempts\".\"totalQuestions\", \"public\".\"lms_test_attempts\".\"correctAnswers\", \"public\".\"lms_test_attempts\".\"wrongAnswers\", \"public\".\"lms_test_attempts\".\"unanswered\", \"public\".\"lms_test_attempts\".\"score\", \"public\".\"lms_test_attempts\".\"pointsEarned\", \"public\".\"lms_test_attempts\".\"marksObtained\", \"public\".\"lms_test_attempts\".\"totalMarks\", \"public\".\"lms_test_attempts\".\"isPassed\", \"public\".\"lms_test_attempts\".\"timeLimitMinutes\", \"public\".\"lms_test_attempts\".\"timeSpentSeconds\", \"public\".\"lms_test_attempts\".\"startedAt\", \"public\".\"lms_test_attempts\".\"completedAt\", \"public\".\"lms_test_attempts\".\"expiresAt\", \"public\".\"lms_test_attempts\".\"createdAt\", \"public\".\"lms_test_attempts\".\"updatedAt\" FROM \"public\".\"lms_test_attempts\" WHERE (\"public\".\"lms_test_attempts\".\"userId\" = $1 AND \"public\".\"lms_test_attempts\".\"status\" = CAST($2::text AS \"public\".\"LmsTestAttemptStatus\") AND \"public\".\"lms_test_attempts\".\"isPassed\" = $3 AND \"public\".\"lms_test_attempts\".\"completedAt\" >= $4) ORDER BY \"public\".\"lms_test_attempts\".\"completedAt\" DESC LIMIT $5 OFFSET $6","service":"preplyte-api","timestamp":"2026-02-14 02:16:19"}
{"level":"debug","message":"Params: [\"cmlksg3yz0005chz5d93pvzi8\",\"COMPLETED\",true,\"2026-01-14 18:30:00 UTC\",5,0]","service":"preplyte-api","timestamp":"2026-02-14 02:16:19"}
{"level":"debug","message":"Duration: 5ms","service":"preplyte-api","timestamp":"2026-02-14 02:16:19"}
{"level":"debug","message":"Query: SELECT \"public\".\"lms_enrollments\".\"id\", \"public\".\"lms_enrollments\".\"userId\", \"public\".\"lms_enrollments\".\"courseId\", \"public\".\"lms_enrollments\".\"status\"::text, \"public\".\"lms_enrollments\".\"completedModules\", \"public\".\"lms_enrollments\".\"completedTopics\", \"public\".\"lms_enrollments\".\"progressPercent\", \"public\".\"lms_enrollments\".\"totalPointsEarned\", \"public\".\"lms_enrollments\".\"moduleTestPointsEarned\", \"public\".\"lms_enrollments\".\"finalTestPointsEarned\", \"public\".\"lms_enrollments\".\"finalTestAttempted\", \"public\".\"lms_enrollments\".\"finalTestPassed\", \"public\".\"lms_enrollments\".\"finalTestScore\", \"public\".\"lms_enrollments\".\"finalTestMarks\", \"public\".\"lms_enrollments\".\"enrolledAt\", \"public\".\"lms_enrollments\".\"startedAt\", \"public\".\"lms_enrollments\".\"completedAt\", \"public\".\"lms_enrollments\".\"lastAccessedAt\", \"public\".\"lms_enrollments\".\"certificateUrl\", \"public\".\"lms_enrollments\".\"certificateIssuedAt\", \"public\".\"lms_enrollments\".\"createdAt\", \"public\".\"lms_enrollments\".\"updatedAt\" FROM \"public\".\"lms_enrollments\" WHERE \"public\".\"lms_enrollments\".\"userId\" = $1 ORDER BY \"public\".\"lms_enrollments\".\"lastAccessedAt\" DESC OFFSET $2","service":"preplyte-api","timestamp":"2026-02-14 02:16:19"}
{"level":"debug","message":"Params: [\"cmlksg3yz0005chz5d93pvzi8\",0]","service":"preplyte-api","timestamp":"2026-02-14 02:16:19"}
{"level":"debug","message":"Duration: 6ms","service":"preplyte-api","timestamp":"2026-02-14 02:16:19"}
{"level":"debug","message":"Query: SELECT \"public\".\"lms_final_tests\".\"id\", \"public\".\"lms_final_tests\".\"courseId\", \"public\".\"lms_final_tests\".\"title\", \"public\".\"lms_final_tests\".\"instructions\", \"public\".\"lms_final_tests\".\"totalQuestions\", \"public\".\"lms_final_tests\".\"passingScore\", \"public\".\"lms_final_tests\".\"timeLimitMinutes\", \"public\".\"lms_final_tests\".\"pointsPerQuestion\", \"public\".\"lms_final_tests\".\"totalPoints\", \"public\".\"lms_final_tests\".\"maxAttempts\", \"public\".\"lms_final_tests\".\"isActive\", \"public\".\"lms_final_tests\".\"createdAt\", \"public\".\"lms_final_tests\".\"updatedAt\" FROM \"public\".\"lms_final_tests\" WHERE \"public\".\"lms_final_tests\".\"id\" IN ($1,$2) OFFSET $3","service":"preplyte-api","timestamp":"2026-02-14 02:16:19"}
{"level":"debug","message":"Params: [\"cmlkt4pth0008yv6bdiyn7nwj\",\"cmlku48wi000f6pa9f95urrie\",0]","service":"preplyte-api","timestamp":"2026-02-14 02:16:19"}
{"level":"debug","message":"Duration: 3ms","service":"preplyte-api","timestamp":"2026-02-14 02:16:19"}
{"level":"debug","message":"Query: SELECT \"public\".\"lms_courses\".\"id\", \"public\".\"lms_courses\".\"title\", \"public\".\"lms_courses\".\"slug\" FROM \"public\".\"lms_courses\" WHERE \"public\".\"lms_courses\".\"id\" IN ($1,$2) OFFSET $3","service":"preplyte-api","timestamp":"2026-02-14 02:16:19"}
{"level":"debug","message":"Params: [\"cmlkt4pth0007yv6bvydorxj0\",\"cmlku48wi000e6pa9yrdyr6yi\",0]","service":"preplyte-api","timestamp":"2026-02-14 02:16:19"}
{"level":"debug","message":"Duration: 0ms","service":"preplyte-api","timestamp":"2026-02-14 02:16:19"}
{"level":"debug","message":"Query: SELECT \"public\".\"mock_drive_registrations\".\"id\", \"public\".\"mock_drive_registrations\".\"mockDriveId\", \"public\".\"mock_drive_registrations\".\"userId\", \"public\".\"mock_drive_registrations\".\"status\"::text, \"public\".\"mock_drive_registrations\".\"eligibilityCheckResult\", \"public\".\"mock_drive_registrations\".\"adminNotes\", \"public\".\"mock_drive_registrations\".\"batchId\", \"public\".\"mock_drive_registrations\".\"registeredAt\", \"public\".\"mock_drive_registrations\".\"reviewedAt\", \"public\".\"mock_drive_registrations\".\"reviewedBy\", \"public\".\"mock_drive_registrations\".\"createdAt\", \"public\".\"mock_drive_registrations\".\"updatedAt\" FROM \"public\".\"mock_drive_registrations\" LEFT JOIN \"public\".\"mock_drives\" AS \"orderby_1\" ON (\"orderby_1\".\"id\") = (\"public\".\"mock_drive_registrations\".\"mockDriveId\") LEFT JOIN \"public\".\"mock_drives\" AS \"j1\" ON (\"j1\".\"id\") = (\"public\".\"mock_drive_registrations\".\"mockDriveId\") WHERE (\"public\".\"mock_drive_registrations\".\"userId\" = $1 AND \"public\".\"mock_drive_registrations\".\"status\" = CAST($2::text AS \"public\".\"MockDriveRegistrationStatus\") AND (\"j1\".\"status\" IN (CAST($3::text AS \"public\".\"MockDriveStatus\"),CAST($4::text AS \"public\".\"MockDriveStatus\"),CAST($5::text AS \"public\".\"MockDriveStatus\")) AND \"j1\".\"driveStartDate\" > $6 AND (\"j1\".\"id\" IS NOT NULL))) ORDER BY \"orderby_1\".\"driveStartDate\" ASC LIMIT $7 OFFSET $8","service":"preplyte-api","timestamp":"2026-02-14 02:16:19"}
{"level":"debug","message":"Params: [\"cmlksg3yz0005chz5d93pvzi8\",\"APPROVED\",\"PUBLISHED\",\"REGISTRATION_OPEN\",\"REGISTRATION_CLOSED\",\"2026-02-13 20:46:18.882 UTC\",5,0]","service":"preplyte-api","timestamp":"2026-02-14 02:16:19"}
{"level":"debug","message":"Duration: 13ms","service":"preplyte-api","timestamp":"2026-02-14 02:16:19"}
{"level":"debug","message":"Query: SELECT \"public\".\"lms_courses\".\"id\", \"public\".\"lms_courses\".\"categoryId\", \"public\".\"lms_courses\".\"title\", \"public\".\"lms_courses\".\"slug\", \"public\".\"lms_courses\".\"shortDescription\", \"public\".\"lms_courses\".\"description\", \"public\".\"lms_courses\".\"thumbnailUrl\", \"public\".\"lms_courses\".\"previewVideoUrl\", \"public\".\"lms_courses\".\"totalModules\", \"public\".\"lms_courses\".\"totalTopics\", \"public\".\"lms_courses\".\"totalPoints\", \"public\".\"lms_courses\".\"totalHours\", \"public\".\"lms_courses\".\"price\", \"public\".\"lms_courses\".\"discountPrice\", \"public\".\"lms_courses\".\"currency\", \"public\".\"lms_courses\".\"status\"::text, \"public\".\"lms_courses\".\"isActive\", \"public\".\"lms_courses\".\"certificateEnabled\", \"public\".\"lms_courses\".\"passingPercentage\", \"public\".\"lms_courses\".\"tags\", \"public\".\"lms_courses\".\"difficulty\"::text, \"public\".\"lms_courses\".\"instructor\", \"public\".\"lms_courses\".\"language\", \"public\".\"lms_courses\".\"averageRating\", \"public\".\"lms_courses\".\"ratingsCount\", \"public\".\"lms_courses\".\"createdAt\", \"public\".\"lms_courses\".\"updatedAt\", \"public\".\"lms_courses\".\"publishedAt\" FROM \"public\".\"lms_courses\" WHERE \"public\".\"lms_courses\".\"id\" IN ($1,$2) OFFSET $3","service":"preplyte-api","timestamp":"2026-02-14 02:16:19"}
{"level":"debug","message":"Params: [\"cmlku48wi000e6pa9yrdyr6yi\",\"cmlkt4pth0007yv6bvydorxj0\",0]","service":"preplyte-api","timestamp":"2026-02-14 02:16:19"}
{"level":"debug","message":"Duration: 5ms","service":"preplyte-api","timestamp":"2026-02-14 02:16:19"}
{"level":"debug","message":"Query: SELECT \"public\".\"lms_categories\".\"id\", \"public\".\"lms_categories\".\"name\" FROM \"public\".\"lms_categories\" WHERE \"public\".\"lms_categories\".\"id\" IN ($1) OFFSET $2","service":"preplyte-api","timestamp":"2026-02-14 02:16:19"}
{"level":"debug","message":"Params: [\"cmlks63sv000212ejg0bsnw2z\",0]","service":"preplyte-api","timestamp":"2026-02-14 02:16:19"}
{"level":"debug","message":"Duration: 4ms","service":"preplyte-api","timestamp":"2026-02-14 02:16:19"}
{"level":"debug","message":"Query: SELECT \"public\".\"lms_enrollments\".\"id\", \"public\".\"lms_enrollments\".\"userId\", \"public\".\"lms_enrollments\".\"courseId\", \"public\".\"lms_enrollments\".\"status\"::text, \"public\".\"lms_enrollments\".\"completedModules\", \"public\".\"lms_enrollments\".\"completedTopics\", \"public\".\"lms_enrollments\".\"progressPercent\", \"public\".\"lms_enrollments\".\"totalPointsEarned\", \"public\".\"lms_enrollments\".\"moduleTestPointsEarned\", \"public\".\"lms_enrollments\".\"finalTestPointsEarned\", \"public\".\"lms_enrollments\".\"finalTestAttempted\", \"public\".\"lms_enrollments\".\"finalTestPassed\", \"public\".\"lms_enrollments\".\"finalTestScore\", \"public\".\"lms_enrollments\".\"finalTestMarks\", \"public\".\"lms_enrollments\".\"enrolledAt\", \"public\".\"lms_enrollments\".\"startedAt\", \"public\".\"lms_enrollments\".\"completedAt\", \"public\".\"lms_enrollments\".\"lastAccessedAt\", \"public\".\"lms_enrollments\".\"certificateUrl\", \"public\".\"lms_enrollments\".\"certificateIssuedAt\", \"public\".\"lms_enrollments\".\"createdAt\", \"public\".\"lms_enrollments\".\"updatedAt\" FROM \"public\".\"lms_enrollments\" WHERE (\"public\".\"lms_enrollments\".\"userId\" = $1 AND \"public\".\"lms_enrollments\".\"status\" = CAST($2::text AS \"public\".\"LmsEnrollmentStatus\") AND \"public\".\"lms_enrollments\".\"completedAt\" >= $3) ORDER BY \"public\".\"lms_enrollments\".\"completedAt\" DESC LIMIT $4 OFFSET $5","service":"preplyte-api","timestamp":"2026-02-14 02:16:19"}
{"level":"debug","message":"Params: [\"cmlksg3yz0005chz5d93pvzi8\",\"COMPLETED\",\"2026-01-14 18:30:00 UTC\",5,0]","service":"preplyte-api","timestamp":"2026-02-14 02:16:19"}
{"level":"debug","message":"Duration: 1ms","service":"preplyte-api","timestamp":"2026-02-14 02:16:19"}
{"level":"debug","message":"Query: SELECT \"public\".\"lms_courses\".\"id\", \"public\".\"lms_courses\".\"title\", \"public\".\"lms_courses\".\"slug\" FROM \"public\".\"lms_courses\" WHERE \"public\".\"lms_courses\".\"id\" IN ($1,$2) OFFSET $3","service":"preplyte-api","timestamp":"2026-02-14 02:16:19"}
{"level":"debug","message":"Params: [\"cmlkt4pth0007yv6bvydorxj0\",\"cmlku48wi000e6pa9yrdyr6yi\",0]","service":"preplyte-api","timestamp":"2026-02-14 02:16:19"}
{"level":"debug","message":"Duration: 0ms","service":"preplyte-api","timestamp":"2026-02-14 02:16:19"}
{"level":"debug","message":"Query: SELECT \"public\".\"lms_courses\".\"id\", \"public\".\"lms_courses\".\"categoryId\", \"public\".\"lms_courses\".\"title\", \"public\".\"lms_courses\".\"slug\", \"public\".\"lms_courses\".\"shortDescription\", \"public\".\"lms_courses\".\"description\", \"public\".\"lms_courses\".\"thumbnailUrl\", \"public\".\"lms_courses\".\"previewVideoUrl\", \"public\".\"lms_courses\".\"totalModules\", \"public\".\"lms_courses\".\"totalTopics\", \"public\".\"lms_courses\".\"totalPoints\", \"public\".\"lms_courses\".\"totalHours\", \"public\".\"lms_courses\".\"price\", \"public\".\"lms_courses\".\"discountPrice\", \"public\".\"lms_courses\".\"currency\", \"public\".\"lms_courses\".\"status\"::text, \"public\".\"lms_courses\".\"isActive\", \"public\".\"lms_courses\".\"certificateEnabled\", \"public\".\"lms_courses\".\"passingPercentage\", \"public\".\"lms_courses\".\"tags\", \"public\".\"lms_courses\".\"difficulty\"::text, \"public\".\"lms_courses\".\"instructor\", \"public\".\"lms_courses\".\"language\", \"public\".\"lms_courses\".\"averageRating\", \"public\".\"lms_courses\".\"ratingsCount\", \"public\".\"lms_courses\".\"createdAt\", \"public\".\"lms_courses\".\"updatedAt\", \"public\".\"lms_courses\".\"publishedAt\", COALESCE(\"aggr_selection_0_LmsEnrollment\".\"_aggr_count_enrollments\", 0) AS \"_aggr_count_enrollments\" FROM \"public\".\"lms_courses\" LEFT JOIN (SELECT \"public\".\"lms_enrollments\".\"courseId\", COUNT(*) AS \"orderby_aggregator\" FROM \"public\".\"lms_enrollments\" WHERE 1=1 GROUP BY \"public\".\"lms_enrollments\".\"courseId\") AS \"orderby_1_LmsEnrollment\" ON (\"public\".\"lms_courses\".\"id\" = \"orderby_1_LmsEnrollment\".\"courseId\") LEFT JOIN (SELECT \"public\".\"lms_enrollments\".\"courseId\", COUNT(*) AS \"_aggr_count_enrollments\" FROM \"public\".\"lms_enrollments\" WHERE 1=1 GROUP BY \"public\".\"lms_enrollments\".\"courseId\") AS \"aggr_selection_0_LmsEnrollment\" ON (\"public\".\"lms_courses\".\"id\" = \"aggr_selection_0_LmsEnrollment\".\"courseId\") WHERE (\"public\".\"lms_courses\".\"id\" NOT IN ($1,$2) AND \"public\".\"lms_courses\".\"status\" = CAST($3::text AS \"public\".\"LmsCourseStatus\") AND \"public\".\"lms_courses\".\"isActive\" = $4) ORDER BY COALESCE(\"orderby_1_LmsEnrollment\".\"orderby_aggregator\", $5) DESC, \"public\".\"lms_courses\".\"averageRating\" DESC LIMIT $6 OFFSET $7","service":"preplyte-api","timestamp":"2026-02-14 02:16:19"}
{"level":"debug","message":"Params: [\"cmlkt4pth0007yv6bvydorxj0\",\"cmlku48wi000e6pa9yrdyr6yi\",\"PUBLISHED\",true,0,5,0]","service":"preplyte-api","timestamp":"2026-02-14 02:16:19"}
{"level":"debug","message":"Duration: 14ms","service":"preplyte-api","timestamp":"2026-02-14 02:16:19"}
{"level":"debug","message":"Query: SELECT \"public\".\"lms_categories\".\"id\", \"public\".\"lms_categories\".\"name\" FROM \"public\".\"lms_categories\" WHERE \"public\".\"lms_categories\".\"id\" IN ($1) OFFSET $2","service":"preplyte-api","timestamp":"2026-02-14 02:16:19"}
{"level":"debug","message":"Params: [\"cmlks63sv000212ejg0bsnw2z\",0]","service":"preplyte-api","timestamp":"2026-02-14 02:16:19"}
{"level":"debug","message":"Duration: 4ms","service":"preplyte-api","timestamp":"2026-02-14 02:16:19"}
{"level":"info","message":"\u001b[0mGET /api/dashboard/student \u001b[36m304\u001b[0m 275.680 ms - -\u001b[0m","service":"preplyte-api","timestamp":"2026-02-14 02:16:19"}
